fpr,tpr
0.0,0.0
0.0,9.03750564844103e-05
0.0,0.00307275192046995
0.0001792435920415845,0.0031631269769543608
0.0001792435920415845,0.0035246272028920016
0.000358487184083169,0.0036150022593764122
0.000358487184083169,0.004699502937189336
0.000716974368166338,0.0048802530501581565
0.000716974368166338,0.005241753276095797
0.0008962179602079225,0.0053321283325802075
0.0008962179602079225,0.005693628558517849
0.0012547051442910915,0.00587437867148667
0.0012547051442910915,0.00605512878445549
0.0016131923283742606,0.0062358788974243105
0.0016131923283742606,0.006597379123361952
0.001792435920415845,0.006687754179846362
0.001792435920415845,0.006778129236330773
0.00197167951245743,0.006868504292815183
0.00197167951245743,0.006958879349299593
0.0021509231044990144,0.007049254405784003
0.0021509231044990144,0.007139629462268414
0.0023301666965405985,0.0072300045187528245
0.0023301666965405985,0.007320379575237235
0.002509410288582183,0.007410754631721645
0.002509410288582183,0.0076818798011748755
0.0026886538806237675,0.007772254857659286
0.0026886538806237675,0.0087663804789878
0.002867897472665352,0.008856755535472209
0.002867897472665352,0.00894713059195662
0.0030471410647069366,0.00903750564844103
0.0030471410647069366,0.009218255761409852
0.00358487184083169,0.009489380930863081
0.00358487184083169,0.009579755987347493
0.0037641154328732747,0.009670131043831902
0.0037641154328732747,0.009941256213285133
0.0037641154328732747,0.010122006326253954
0.0037641154328732747,0.010483506552191595
0.004301846208998029,0.010754631721644826
0.004301846208998029,0.010845006778129237
0.004839576985122782,0.011116131947582467
0.004839576985122782,0.011387257117035698
0.005018820577164366,0.011477632173520108
0.005018820577164366,0.011568007230004519
0.00555655135328912,0.01183913239945775
0.00555655135328912,0.012200632625395391
0.005735794945330704,0.0122910076818798
0.005735794945330704,0.012833258020786264
0.005915038537372289,0.012923633077270673
0.005915038537372289,0.013104383190239493
0.006094282129413873,0.013194758246723904
0.006094282129413873,0.013285133303208314
0.006273525721455458,0.013375508359692725
0.006273525721455458,0.013827383642114777
0.006452769313497042,0.013917758698599186
0.006452769313497042,0.014369633981021238
0.006632012905538627,0.014460009037505649
0.006632012905538627,0.014550384093990058
0.00716974368166338,0.01482150926344329
0.00716974368166338,0.015363759602349751
0.0075282308657465494,0.015544509715318571
0.0075282308657465494,0.015815634884771803
0.007707474457788134,0.015906009941256214
0.007707474457788134,0.016086760054225033
0.00788671804982972,0.016177135110709444
0.00788671804982972,0.016357885223678266
0.008065961641871303,0.016448260280162674
0.008065961641871303,0.016719385449615907
0.008245205233912888,0.016719385449615907
0.008245205233912888,0.016809760506100318
0.008424448825954473,0.016809760506100318
0.008424448825954473,0.016900135562584725
0.008603692417996057,0.016990510619069137
0.008603692417996057,0.017080885675553548
0.008962179602079226,0.017261635788522366
0.008962179602079226,0.017713511070944418
0.009320666786162394,0.01789426118391324
0.009320666786162394,0.018617261635788522
0.009499910378203979,0.018707636692272933
0.009499910378203979,0.018798011748757344
0.010037641154328732,0.019069136918210574
0.010037641154328732,0.019159511974694985
0.010216884746370317,0.019249887031179396
0.010216884746370317,0.019521012200632626
0.010396128338411902,0.019611387257117037
0.010396128338411902,0.019792137370085856
0.010575371930453487,0.019882512426570267
0.010575371930453487,0.02006326253953909
0.01075461552249507,0.020153637596023496
0.010933859114536655,0.020153637596023496
0.010933859114536655,0.02033438770899232
0.01111310270657824,0.02042476276547673
0.01111310270657824,0.0210573881608676
0.011650833482702993,0.02132851333032083
0.011650833482702993,0.02141888838680524
0.011830077074744578,0.021509263443289652
0.011830077074744578,0.021870763669227293
0.012547051442910916,0.022232263895164934
0.012547051442910916,0.023407139629462267
0.012726295034952501,0.02349751468594668
0.012726295034952501,0.02385901491188432
0.012905538626994085,0.02394938996836873
0.012905538626994085,0.02413014008133755
0.01308478221903567,0.02422051513782196
0.01308478221903567,0.02431089019430637
0.013264025811077254,0.024401265250790782
0.013264025811077254,0.0245820153637596
0.014160243771285176,0.025033890646181653
0.014160243771285176,0.025214640759150475
0.01433948736332676,0.025305015815634886
0.01433948736332676,0.025395390872119294
0.01469797454740993,0.025576140985088116
0.01469797454740993,0.025666516041572527
0.014877218139451514,0.025756891098056935
0.014877218139451514,0.025847266154541346
0.015235705323534684,0.026028016267510168
0.015235705323534684,0.026208766380478987
0.015414948915576269,0.026208766380478987
0.015594192507617852,0.026299141436963398
0.015594192507617852,0.02647989154993222
0.01577343609965944,0.026570266606416627
0.01577343609965944,0.02666064166290104
0.01595267969170102,0.02675101671938545
0.01595267969170102,0.02693176683235427
0.016490410467825775,0.0272028920018075
0.016490410467825775,0.027293267058291912
0.016848897651908945,0.02747401717126073
0.016848897651908945,0.027925892453682783
0.01702814124395053,0.028016267510167194
0.01702814124395053,0.028648892905558065
0.017207384835992115,0.028739267962042476
0.017207384835992115,0.028920018075011298
0.017386628428033696,0.028920018075011298
0.017386628428033696,0.02964301852688658
0.01792435920415845,0.02991414369633981
0.01792435920415845,0.030185268865793043
0.018103602796200036,0.03027564392227745
0.018103602796200036,0.03036601897876186
0.01828284638824162,0.030456394035246272
0.01828284638824162,0.03063714414821509
0.018462089980283206,0.030727519204699502
0.018462089980283206,0.030998644374152735
0.018820577164366373,0.031179394487121554
0.018820577164366373,0.031450519656574784
0.018999820756407958,0.031540894713059195
0.018999820756407958,0.031631269769543606
0.019179064348449543,0.03172164482602802
0.019179064348449543,0.03190239493899684
0.019358307940491128,0.03199276999548125
0.019358307940491128,0.032173520108450065
0.019537551532532713,0.03226389516493448
0.019537551532532713,0.03307727067329417
0.019716795124574298,0.03316764572977858
0.019716795124574298,0.03325802078626299
0.019896038716615883,0.0333483958427474
0.019896038716615883,0.033619521012200636
0.02061301308478222,0.03398102123813827
0.02061301308478222,0.034071396294622684
0.020792256676823804,0.034161771351107095
0.020792256676823804,0.034252146407591506
0.021150743860906974,0.03443289652056033
0.021150743860906974,0.03452327157704473
0.02132998745294856,0.034613646633529144
0.02132998745294856,0.034704021690013555
0.021688474637031725,0.03488477180298238
0.021688474637031725,0.03497514685946679
0.02222620541315648,0.03524627202892002
0.02222620541315648,0.035336647085404425
0.022405449005198065,0.035427022141888836
0.02258469259723965,0.035427022141888836
0.02258469259723965,0.03551739719837325
0.02276393618928123,0.03560777225485766
0.02276393618928123,0.03578852236782648
0.02383939774153074,0.03633077270673294
0.02383939774153074,0.036601897876186174
0.024197884925613908,0.036782647989154996
0.024197884925613908,0.03687302304563941
0.024735615701738663,0.03714414821509263
0.024735615701738663,0.037324898328061455
0.024914859293780248,0.037415273384545866
0.024914859293780248,0.03750564844103028
0.025094102885821833,0.03759602349751469
0.025094102885821833,0.03804789877993674
0.025273346477863418,0.03813827383642115
0.025273346477863418,0.03822864889290556
0.025452590069905003,0.03831902394938997
0.025452590069905003,0.03886127428829643
0.02581107725398817,0.03904202440126525
0.02581107725398817,0.03913239945774966
0.025990320846029754,0.039222774514234074
0.025990320846029754,0.03940352462720289
0.02616956443807134,0.0394938996836873
0.02616956443807134,0.03976502485314053
0.026348808030112924,0.039855399909624944
0.026348808030112924,0.039945774966109356
0.02652805162215451,0.04003615002259377
0.02652805162215451,0.04012652507907818
0.026886538806237675,0.04030727519204699
0.026886538806237675,0.040578400361500226
0.02706578239827926,0.04066877541798464
0.02706578239827926,0.04084952553095346
0.027245025990320845,0.04084952553095346
0.027603513174404015,0.041030275643922275
0.027603513174404015,0.04130140081337551
0.0277827567664456,0.04139177586985992
0.0277827567664456,0.04148215092634433
0.027962000358487185,0.04157252598282874
0.027962000358487185,0.04193402620876638
0.02814124395052877,0.04202440126525079
0.02814124395052877,0.04229552643470402
0.02832048754257035,0.04229552643470402
0.02832048754257035,0.042385901491188434
0.028499731134611937,0.042476276547672845
0.028499731134611937,0.04265702666064166
0.02867897472665352,0.04274740171712607
0.02867897472665352,0.04292815183009489
0.029216705502778276,0.04319927699954813
0.02939594909481986,0.04319927699954813
0.02939594909481986,0.04338002711251695
0.029933679870944613,0.043651152281970175
0.029933679870944613,0.04401265250790782
0.030112923462986198,0.04410302756439223
0.030112923462986198,0.04419340262087664
0.030292167055027783,0.044283777677361046
0.030292167055027783,0.04437415273384546
0.030650654239110953,0.04455490284681428
0.030650654239110953,0.04482602801626751
0.030829897831152538,0.04482602801626751
0.030829897831152538,0.04491640307275192
0.03100914142319412,0.04491640307275192
0.031188385015235704,0.045006778129236334
0.031188385015235704,0.04518752824220515
0.03136762860727729,0.04527790329868956
0.03136762860727729,0.04536827835517397
0.03154687219931888,0.04545865341165838
0.03154687219931888,0.045729778581111616
0.031726115791360456,0.045729778581111616
0.03190535938340204,0.04582015363759603
0.03190535938340204,0.046181653863533664
0.032084602975443625,0.046272028920018075
0.032084602975443625,0.046362403976502486
0.03226384656748521,0.0464527790329869
0.03226384656748521,0.04654315408947131
0.032443090159526795,0.04663352914595572
0.032443090159526795,0.046723904202440124
0.033160064527693135,0.04708540442837777
0.03333930811973472,0.04708540442837777
0.03333930811973472,0.04717577948486218
0.033518551711776305,0.04726615454134659
0.033518551711776305,0.047356529597831
0.03369779530381789,0.047446904654315405
0.03369779530381789,0.04771802982376864
0.033877038895859475,0.04780840488025305
0.033877038895859475,0.04798915499322187
0.03405628248790106,0.04807953004970628
0.03405628248790106,0.048169905106190694
0.034235526079942645,0.0482602801626751
0.034235526079942645,0.04835065521915951
0.03441476967198423,0.04835065521915951
0.03459401326402581,0.04844103027564392
0.03459401326402581,0.04862178038861274
0.03495250044810898,0.048802530501581565
0.03495250044810898,0.04898328061455039
0.03513174404015056,0.04907365567103479
0.03513174404015056,0.0491640307275192
0.03531098763219215,0.04925440578400361
0.03531098763219215,0.049435155896972435
0.03566947481627532,0.04961590600994126
0.03566947481627532,0.049977406235878895
0.03620720559240007,0.05024853140533213
0.03620720559240007,0.05061003163126977
0.03656569277648324,0.05079078174423859
0.03656569277648324,0.05097153185720741
0.03692417996056641,0.05115228197017623
0.03692417996056641,0.05124265702666064
0.037103423552608,0.051333032083145054
0.037282667144649576,0.051333032083145054
0.037282667144649576,0.05151378219611387
0.03746191073669116,0.05160415725259828
0.03746191073669116,0.05169453230908269
0.037641154328732745,0.05169453230908269
0.03782039792077433,0.0517849073655671
0.03782039792077433,0.051965657478535925
0.037999641512815915,0.052056032535020336
0.037999641512815915,0.05214640759150475
0.038358128696899085,0.05214640759150475
0.038358128696899085,0.05223678264798916
0.03853737228894067,0.05223678264798916
0.03853737228894067,0.052688657930411206
0.038716615880982255,0.05277903298689562
0.038716615880982255,0.05295978309986444
0.03889585947302384,0.05295978309986444
0.03889585947302384,0.05305015815634885
0.039075103065065425,0.053140533212833255
0.039075103065065425,0.0535020334387709
0.03925434665710701,0.05359240849525531
0.03925434665710701,0.05377315860822413
0.03961283384119018,0.05395390872119295
0.03961283384119018,0.05404428377767736
0.039792077433231765,0.05413465883416177
0.039792077433231765,0.05422503389064618
0.04032980820935651,0.054496159060099414
0.04032980820935651,0.054586534116583825
0.04068829539343968,0.05476728422955264
0.04068829539343968,0.05485765928603705
0.04104678257752285,0.05503840939900587
0.04104678257752285,0.055219159511974696
0.04122602616956444,0.05530953456845911
0.04122602616956444,0.05539990962494352
0.04140526976160602,0.05539990962494352
0.04140526976160602,0.055761409850881155
0.04212224412977236,0.0561229100768188
0.04212224412977236,0.056394035246272026
0.04230148772181395,0.05648441030275644
0.04230148772181395,0.05657478535924085
0.042839218497938696,0.05684591052869408
0.042839218497938696,0.0570266606416629
0.043197705682021866,0.05720741075463172
0.043197705682021866,0.05729778581111613
0.043556192866105035,0.05747853592408495
0.043556192866105035,0.05756891098056936
0.04373543645814662,0.057659286037053774
0.04373543645814662,0.057749661093538185
0.04409392364222979,0.05793041120650701
0.04409392364222979,0.05802078626299141
0.044273167234271375,0.05802078626299141
0.044273167234271375,0.05820153637596023
0.04445241082631296,0.058291911432444644
0.04445241082631296,0.058382286488929055
0.044631654418354545,0.05847266154541347
0.044631654418354545,0.05856303660189788
0.044990141602437715,0.0587437867148667
0.044990141602437715,0.05910528694080434
0.0451693851944793,0.05919566199728875
0.0451693851944793,0.05937641211025757
0.045348628786520885,0.05946678716674198
0.045348628786520885,0.05955716222322639
0.04606560315468722,0.05991866244916403
0.04606560315468722,0.06009941256213285
0.0462448467467288,0.06018978761861726
0.0462448467467288,0.060280162675101674
0.04660333393081197,0.06046091278807049
0.04660333393081197,0.06064166290103931
0.04696182111489514,0.060822413014008134
0.04696182111489514,0.060912788070492545
0.0474995518910199,0.06118391323994578
0.0474995518910199,0.06127428829643018
0.04803728266714465,0.061545413465883415
0.04803728266714465,0.06199728874830547
0.048395769851227816,0.062178038861274286
0.048395769851227816,0.06235878897424311
0.0485750134432694,0.06244916403072752
0.0485750134432694,0.06262991414369634
0.049471231403477325,0.06308178942611839
0.049471231403477325,0.06317216448260281
0.049829718587560495,0.06335291459557162
0.049829718587560495,0.06344328965205603
0.05036744936368525,0.06371441482150926
0.05036744936368525,0.06380478987799368
0.050546692955726835,0.06389516493447808
0.050546692955726835,0.06425666516041573
0.05072593654776842,0.06434704021690013
0.05072593654776842,0.06452779032986895
0.050905180139810005,0.06461816538635337
0.050905180139810005,0.0648892905558066
0.05108442373185158,0.064979665612291
0.05108442373185158,0.06543154089471306
0.05144291091593475,0.06561229100768189
0.05144291091593475,0.0657930411206507
0.05162215450797634,0.06588341617713511
0.05162215450797634,0.06606416629010393
0.05180139810001792,0.06615454134658834
0.05180139810001792,0.06624491640307276
0.05198064169205951,0.06633529145955716
0.05198064169205951,0.06651604157252598
0.05215988528410109,0.06660641662901039
0.05215988528410109,0.06687754179846363
0.05233912887614268,0.06696791685494803
0.05233912887614268,0.06705829191143245
0.05269761606022585,0.06723904202440127
0.05269761606022585,0.06732941708088568
0.05287685965226743,0.06741979213737008
0.05305610324430902,0.06741979213737008
0.05305610324430902,0.06769091730682332
0.0532353468363506,0.06769091730682332
0.05341459042839219,0.06778129236330772
0.05341459042839219,0.06787166741979214
0.05359383402043377,0.06796204247627655
0.05359383402043377,0.06805241753276096
0.05377307761247535,0.06805241753276096
0.05377307761247535,0.06814279258924537
0.053952321204516936,0.06823316764572977
0.05413156479655852,0.06823316764572977
0.05413156479655852,0.0684139177586986
0.054669295572683275,0.06868504292815183
0.054669295572683275,0.06877541798463624
0.055027782756766445,0.06895616809760506
0.055027782756766445,0.06922729326705829
0.05520702634880803,0.06922729326705829
0.05520702634880803,0.0693176683235427
0.055386269940849615,0.06940804338002711
0.055386269940849615,0.06958879349299593
0.0555655135328912,0.06967916854948035
0.0555655135328912,0.06976954360596475
0.055744757124932785,0.06985991866244916
0.055744757124932785,0.0701310438319024
0.056103244309015955,0.07031179394487122
0.056103244309015955,0.07040216900135562
0.05628248790105754,0.07040216900135562
0.056461731493099125,0.07049254405784004
0.05682021867718229,0.07067329417080885
0.05682021867718229,0.07094441934026209
0.05717870586126546,0.07112516945323091
0.05717870586126546,0.07130591956619974
0.05735794945330704,0.07139629462268414
0.05735794945330704,0.07148666967916854
0.05753719304534863,0.07157704473565296
0.05753719304534863,0.07166741979213737
0.05771643663739021,0.07166741979213737
0.05771643663739021,0.07175779484862178
0.05807492382147338,0.0719385449615906
0.05807492382147338,0.07202892001807501
0.05825416741351497,0.07211929507455943
0.05825416741351497,0.07230004518752824
0.05843341100555655,0.07230004518752824
0.05843341100555655,0.07248079530049706
0.05861265459759814,0.07257117035698148
0.05861265459759814,0.07266154541346588
0.05968811614984764,0.07320379575237235
0.05968811614984764,0.07347492092182557
0.059867359741889226,0.07356529597830999
0.059867359741889226,0.0736556710347944
0.06040509051801398,0.07392679620424762
0.06040509051801398,0.07419792137370086
0.060584334110055565,0.07428829643018527
0.060584334110055565,0.07437867148666968
0.06076357770209715,0.07446904654315409
0.06076357770209715,0.07464979665612291
0.06112206488618032,0.07483054676909173
0.06112206488618032,0.0753727971079982
0.061301308478221905,0.0754631721644826
0.061301308478221905,0.07555354722096701
0.06148055207026349,0.07564392227745143
0.06148055207026349,0.07573429733393583
0.061659795662305075,0.07582467239042025
0.061659795662305075,0.07609579755987347
0.06183903925434666,0.07618617261635789
0.06183903925434666,0.0762765476728423
0.06201828284638824,0.0763669227293267
0.06201828284638824,0.07654767284229552
0.06219752643842982,0.07663804789877994
0.06219752643842982,0.07672842295526434
0.06237677003047141,0.07681879801174876
0.06237677003047141,0.07690917306823317
0.062556013622513,0.07690917306823317
0.062556013622513,0.07708992318120199
0.06309374439863775,0.07736104835065521
0.06309374439863775,0.07763217352010846
0.06327298799067933,0.07772254857659286
0.06327298799067933,0.07790329868956168
0.0636314751747625,0.0780840488025305
0.0636314751747625,0.07853592408495255
0.06381071876680408,0.07862629914143697
0.06381071876680408,0.07871667419792137
0.06416920595088725,0.0788974243108902
0.06416920595088725,0.0789877993673746
0.06434844954292884,0.07907817442385902
0.06434844954292884,0.07916854948034342
0.06452769313497042,0.07925892453682784
0.06452769313497042,0.07953004970628107
0.06470693672701201,0.07962042476276547
0.06470693672701201,0.0798011748757343
0.06506542391109518,0.07998192498870312
0.06506542391109518,0.08025305015815636
0.06524466750313676,0.08025305015815636
0.06524466750313676,0.08061455038409399
0.06542391109517835,0.0807049254405784
0.06542391109517835,0.08097605061003163
0.06560315468721993,0.08106642566651605
0.06560315468721993,0.08115680072300045
0.06578239827926152,0.08115680072300045
0.0659616418713031,0.08124717577948486
0.0659616418713031,0.08215092634432897
0.06614088546334468,0.08224130140081337
0.06614088546334468,0.0824220515137822
0.06632012905538627,0.0824220515137822
0.06632012905538627,0.08251242657026661
0.06649937264742785,0.08260280162675102
0.06649937264742785,0.08278355173971984
0.06685785983151102,0.08296430185268866
0.06685785983151102,0.08305467690917306
0.06703710342355261,0.08314505196565748
0.06703710342355261,0.0833258020786263
0.06721634701559419,0.08341617713511071
0.06721634701559419,0.08386805241753276
0.06739559060763578,0.08386805241753276
0.06739559060763578,0.08404880253050158
0.06757483419967736,0.08404880253050158
0.06757483419967736,0.084139177586986
0.06775407779171895,0.084139177586986
0.06775407779171895,0.0842295526434704
0.06793332138376053,0.08431992769995482
0.06793332138376053,0.08450067781292363
0.06811256497580212,0.08459105286940805
0.06811256497580212,0.08486217803886127
0.0682918085678437,0.08495255309534569
0.0682918085678437,0.0850429281518301
0.06847105215988529,0.08513330320831451
0.06847105215988529,0.08522367826479892
0.06865029575192687,0.08522367826479892
0.06918802652805162,0.08549480343425214
0.06918802652805162,0.08567555354722096
0.06936727012009321,0.08567555354722096
0.06936727012009321,0.08576592860370538
0.07008424448825955,0.08612742882964301
0.07008424448825955,0.08630817894261184
0.07026348808030113,0.08639855399909625
0.07026348808030113,0.08648892905558066
0.07044273167234272,0.08657930411206508
0.07044273167234272,0.08666967916854948
0.0706219752643843,0.0867600542250339
0.0706219752643843,0.0868504292815183
0.07098046244846747,0.08703117939448712
0.07098046244846747,0.08721192950745595
0.07133894963255064,0.08739267962042477
0.07133894963255064,0.08748305467690917
0.07151819322459223,0.08748305467690917
0.07151819322459223,0.0877541798463624
0.0716974368166338,0.0877541798463624
0.07187668040867538,0.08784455490284682
0.07187668040867538,0.08793492995933122
0.07223516759275855,0.08811568007230004
0.07223516759275855,0.08820605512878446
0.07241441118480015,0.08829643018526886
0.07241441118480015,0.08856755535472209
0.07259365477684172,0.08865793041120651
0.07277289836888332,0.08865793041120651
0.07277289836888332,0.08874830546769091
0.07348987273704966,0.08910980569362856
0.07348987273704966,0.08929055580659738
0.0740276035131744,0.0895616809760506
0.0740276035131744,0.08983280614550385
0.074206847105216,0.08992318120198825
0.074206847105216,0.09055580659737912
0.07456533428929915,0.09073655671034794
0.07456533428929915,0.09082693176683236
0.07474457788134074,0.09091730682331677
0.07474457788134074,0.09100768187980117
0.07492382147338232,0.09109805693628559
0.07492382147338232,0.09127880704925441
0.07510306506542391,0.09136918210573881
0.07510306506542391,0.09145955716222323
0.07528230865746549,0.09145955716222323
0.07528230865746549,0.09164030727519205
0.07546155224950708,0.09164030727519205
0.07546155224950708,0.09173068233167646
0.07582003943359025,0.09191143244464528
0.07582003943359025,0.0921825576140985
0.07599928302563183,0.09227293267058292
0.07599928302563183,0.09254405784003615
0.076357770209715,0.09272480795300497
0.076357770209715,0.09308630817894262
0.07653701380175659,0.09308630817894262
0.07653701380175659,0.09317668323542702
0.07671625739379817,0.09317668323542702
0.07671625739379817,0.09326705829191144
0.07761247535400609,0.09371893357433349
0.07761247535400609,0.09380930863081789
0.07797096253808926,0.09399005874378671
0.07797096253808926,0.09417080885675554
0.07832944972217243,0.09435155896972436
0.07832944972217243,0.09444193402620876
0.07850869331421402,0.09453230908269318
0.07850869331421402,0.094713059195662
0.0786879369062556,0.094713059195662
0.0786879369062556,0.0948034342521464
0.07922566768238036,0.09507455942159963
0.07922566768238036,0.09525530953456846
0.07940491127442194,0.09534568459105287
0.07940491127442194,0.09579755987347492
0.07958415486646353,0.09588793492995933
0.07958415486646353,0.09606868504292815
0.07994264205054669,0.09624943515589697
0.07994264205054669,0.0965205603253502
0.08012188564258828,0.09661093538183461
0.08012188564258828,0.09688206055128784
0.08030112923462986,0.09697243560777226
0.08030112923462986,0.09706281066425666
0.08048037282667145,0.09715318572074108
0.08048037282667145,0.09724356077722549
0.0810181036027962,0.09751468594667871
0.0810181036027962,0.09769543605964753
0.08119734719483779,0.09778581111613195
0.08119734719483779,0.09787618617261636
0.08173507797096254,0.09814731134206958
0.08173507797096254,0.098237686398554
0.0822728087470873,0.09850881156800723
0.0822728087470873,0.09859918662449164
0.08281053952321205,0.09887031179394487
0.08281053952321205,0.09896068685042927
0.08316902670729522,0.0991414369633981
0.08316902670729522,0.09941256213285134
0.08352751389137839,0.09941256213285134
0.08352751389137839,0.09950293718933574
0.08370675748341996,0.09959331224582016
0.08388600107546156,0.09959331224582016
0.08388600107546156,0.09986443741527339
0.08406524466750313,0.09995481247175779
0.08406524466750313,0.10004518752824221
0.08424448825954473,0.10013556258472661
0.08424448825954473,0.10058743786714866
0.0846029754436279,0.10076818798011748
0.0846029754436279,0.1008585630366019
0.08478221903566947,0.1009489380930863
0.08478221903566947,0.10103931314957072
0.08514070621975264,0.10122006326253954
0.08514070621975264,0.10131043831902395
0.08621616777200215,0.10185268865793042
0.08621616777200215,0.10194306371441482
0.08639541136404373,0.10203343877089924
0.08639541136404373,0.10221418888386805
0.0867538985481269,0.10239493899683687
0.0867538985481269,0.10284681427925893
0.08693314214016849,0.10293718933574333
0.08693314214016849,0.10302756439222774
0.08711238573221007,0.10302756439222774
0.08711238573221007,0.10320831450519656
0.08729162932425166,0.10329868956168098
0.08729162932425166,0.10338906461816538
0.08747087291629324,0.1034794396746498
0.08747087291629324,0.10366018978761862
0.08765011650833483,0.10375056484410303
0.08765011650833483,0.10420244012652508
0.088008603692418,0.1043831902394939
0.088008603692418,0.10465431540894712
0.08854633446854275,0.10492544057840036
0.08854633446854275,0.10519656574785359
0.0890840652446675,0.10546769091730682
0.0890840652446675,0.10582919114324446
0.08944255242875067,0.10600994125621328
0.08944255242875067,0.1061906913691821
0.08962179602079226,0.10628106642566651
0.08962179602079226,0.10646181653863533
0.09015952679691701,0.10673294170808857
0.09015952679691701,0.1070040668775418
0.0903387703889586,0.1070040668775418
0.09051801398100018,0.1070944419340262
0.09051801398100018,0.10781744238590149
0.09087650116508335,0.10799819249887031
0.09087650116508335,0.10808856755535472
0.09105574475712493,0.10817894261183914
0.09105574475712493,0.10835969272480796
0.09123498834916652,0.10845006778129236
0.09123498834916652,0.10854044283777678
0.0914142319412081,0.10863081789426118
0.0914142319412081,0.10872119295074559
0.09159347553324969,0.10881156800723
0.09159347553324969,0.10899231812019883
0.09177271912529127,0.10908269317668323
0.09177271912529127,0.10917306823316765
0.09195196271733286,0.10926344328965205
0.09195196271733286,0.10935381834613647
0.09231044990141603,0.10953456845910528
0.09231044990141603,0.1096249435155897
0.0924896934934576,0.1097153185720741
0.0924896934934576,0.11016719385449616
0.09284818067754078,0.11034794396746497
0.09284818067754078,0.11070944419340262
0.09320666786162395,0.11089019430637144
0.09320666786162395,0.11125169453230908
0.09338591145366554,0.11125169453230908
0.09338591145366554,0.1114324446452779
0.09356515504570712,0.11152281970176231
0.09356515504570712,0.11188431992769995
0.09392364222979029,0.11206507004066878
0.09392364222979029,0.11215544509715318
0.09464061659795663,0.11251694532309083
0.09464061659795663,0.11269769543605965
0.0948198601899982,0.11269769543605965
0.09535759096612297,0.11296882060551287
0.09553683455816454,0.11296882060551287
0.09553683455816454,0.11305919566199729
0.0960745653342893,0.11333032083145052
0.0960745653342893,0.11342069588793494
0.09643305251837246,0.11360144600090374
0.09643305251837246,0.11369182105738816
0.09697078329449722,0.11396294622684139
0.09697078329449722,0.11414369633981021
0.09786700125470514,0.11459557162223226
0.09786700125470514,0.11477632173520108
0.09804624484674673,0.11477632173520108
0.09822548843878831,0.1148666967916855
0.09822548843878831,0.1149570718481699
0.0984047320308299,0.11504744690465432
0.09858397562287148,0.11504744690465432
0.09858397562287148,0.11513782196113873
0.09876321921491307,0.11522819701762313
0.09876321921491307,0.11531857207410755
0.09894246280695465,0.11540894713059195
0.09894246280695465,0.11549932218707637
0.09912170639899624,0.11558969724356077
0.09912170639899624,0.11568007230004519
0.09930094999103782,0.1157704473565296
0.09930094999103782,0.11586082241301401
0.0994801935830794,0.11595119746949842
0.0994801935830794,0.11604157252598282
0.09983868076716257,0.11622232263895164
0.09983868076716257,0.11658382286488929
0.10001792435920416,0.1166741979213737
0.10001792435920416,0.11703569814731134
0.10037641154328733,0.11703569814731134
0.10037641154328733,0.11712607320379576
0.10109338591145367,0.1174875734297334
0.10109338591145367,0.11766832354270221
0.10127262950349525,0.11766832354270221
0.10127262950349525,0.11775869859918663
0.10145187309553684,0.11775869859918663
0.10163111668757842,0.11784907365567103
0.10163111668757842,0.11793944871215545
0.10198960387166159,0.11812019882512427
0.10198960387166159,0.11857207410754632
0.10234809105574476,0.11875282422051514
0.10252733464778634,0.11893357433348396
0.1028858218318695,0.11911432444645279
0.1028858218318695,0.11938544961590601
0.1030650654239111,0.11947582467239042
0.1030650654239111,0.11956619972887483
0.10324430901595268,0.11965657478535924
0.10342355260799427,0.11965657478535924
0.10342355260799427,0.11983732489832806
0.10360279620003585,0.11992769995481248
0.10360279620003585,0.12010845006778129
0.10378203979207744,0.1201988251242657
0.10378203979207744,0.12037957523723453
0.10396128338411902,0.12037957523723453
0.10396128338411902,0.12046995029371893
0.10414052697616061,0.12056032535020335
0.10414052697616061,0.12092182557614098
0.10431977056820219,0.12092182557614098
0.10431977056820219,0.1210122006326254
0.10449901416024378,0.1211025756891098
0.10449901416024378,0.12119295074559422
0.10467825775228536,0.12128332580207862
0.10467825775228536,0.12173520108450067
0.10593296289657644,0.12236782647989156
0.10611220648861804,0.12236782647989156
0.10611220648861804,0.12245820153637596
0.1064706936727012,0.12263895164934478
0.1064706936727012,0.1228197017623136
0.10664993726474278,0.1228197017623136
0.10664993726474278,0.12291007681879801
0.10682918085678438,0.12300045187528243
0.10682918085678438,0.12336195210122006
0.10700842444882595,0.12345232715770448
0.10700842444882595,0.12354270221418888
0.10718766804086755,0.12354270221418888
0.10718766804086755,0.12381382738364212
0.10736691163290912,0.12390420244012652
0.10736691163290912,0.12408495255309535
0.1075461552249507,0.12417532760957975
0.1077253988169923,0.12417532760957975
0.1077253988169923,0.12444645277903299
0.10790464240903387,0.12444645277903299
0.10790464240903387,0.12480795300497063
0.10844237318515863,0.12507907817442385
0.10844237318515863,0.12516945323090828
0.10862161677720021,0.12516945323090828
0.10862161677720021,0.12525982828739268
0.1088008603692418,0.1253502033438771
0.1088008603692418,0.1254405784003615
0.10898010396128338,0.12553095345684592
0.10898010396128338,0.12571170356981473
0.10933859114536655,0.12589245368278354
0.10933859114536655,0.12598282873926797
0.10951783473740814,0.12598282873926797
0.10987632192149131,0.12616357885223678
0.10987632192149131,0.12652507907817442
0.11005556551353289,0.12661545413465883
0.11005556551353289,0.12670582919114323
0.11023480910557447,0.12679620424762766
0.11023480910557447,0.1271577044735653
0.11041405269761606,0.1272480795300497
0.11041405269761606,0.12751920469950292
0.11077253988169923,0.12769995481247176
0.11077253988169923,0.12779032986895617
0.1111310270657824,0.127971079981925
0.1111310270657824,0.1280614550384094
0.11148951424986557,0.1282422051513782
0.11148951424986557,0.12842295526434705
0.11256497580211508,0.1289652056032535
0.11256497580211508,0.1290555806597379
0.11274421939415666,0.1291459557162223
0.11274421939415666,0.12923633077270674
0.11292346298619825,0.12932670582919115
0.11292346298619825,0.12941708088567555
0.11310270657823983,0.12941708088567555
0.113461193762323,0.1295978309986444
0.113461193762323,0.1296882060551288
0.11417816813048934,0.13004970628106644
0.11417816813048934,0.13014008133755084
0.11435741172253092,0.13014008133755084
0.11435741172253092,0.13023045639403524
0.11453665531457251,0.13023045639403524
0.11453665531457251,0.1307727067329417
0.11471589890661409,0.13086308178942613
0.11471589890661409,0.13095345684591053
0.11489514249865568,0.13104383190239494
0.11489514249865568,0.13113420695887934
0.11507438609069726,0.13113420695887934
0.11507438609069726,0.13131495707184818
0.11525362968273885,0.13131495707184818
0.11525362968273885,0.13140533212833258
0.11561211686682202,0.1315860822413014
0.11561211686682202,0.13176683235427022
0.1157913604588636,0.13185720741075463
0.1157913604588636,0.13194758246723903
0.11597060405090517,0.13203795752372346
0.11597060405090517,0.13212833258020787
0.11614984764294677,0.13221870763669227
0.11614984764294677,0.13230908269317668
0.11650833482702994,0.1324898328061455
0.11650833482702994,0.13276095797559873
0.11668757841907151,0.13285133303208316
0.11668757841907151,0.13294170808856756
0.1168668220111131,0.13294170808856756
0.11722530919519628,0.13312245820153637
0.11722530919519628,0.13321283325802077
0.11740455278723785,0.1333032083145052
0.11740455278723785,0.1333935833709896
0.11758379637927945,0.13348395842747401
0.11758379637927945,0.13366470854044285
0.11794228356336262,0.13384545865341166
0.11794228356336262,0.13402620876638047
0.11848001433948736,0.1342973339358337
0.11848001433948736,0.13456845910528695
0.11865925793152894,0.13456845910528695
0.11865925793152894,0.13474920921825576
0.11901774511561211,0.1349299593312246
0.11901774511561211,0.135020334387709
0.1191969887076537,0.1351107094441934
0.1191969887076537,0.13529145955716224
0.11991396307582004,0.13565295978309985
0.11991396307582004,0.13574333483958428
0.12009320666786162,0.1358337098960687
0.12009320666786162,0.1359240849525531
0.12027245025990321,0.1360144600090375
0.12027245025990321,0.13619521012200633
0.12045169385194479,0.13628558517849074
0.12063093744398638,0.13628558517849074
0.12063093744398638,0.13637596023497514
0.12081018103602796,0.13646633529145955
0.12098942462806955,0.13646633529145955
0.12098942462806955,0.13673746046091279
0.12116866822011113,0.1368278355173972
0.12116866822011113,0.13691821057388162
0.12134791181215271,0.13700858563036603
0.12134791181215271,0.13709896068685043
0.12170639899623588,0.13709896068685043
0.12170639899623588,0.13727971079981924
0.12206488618031905,0.13746046091278807
0.12206488618031905,0.13755083596927248
0.12224412977236064,0.13755083596927248
0.12224412977236064,0.13764121102575688
0.12260261695644381,0.13782196113872572
0.12260261695644381,0.13791233619521012
0.12278186054848539,0.13800271125169453
0.12278186054848539,0.13818346136466336
0.12314034773256856,0.13818346136466336
0.12314034773256856,0.13836421147763217
0.12331959132461015,0.13845458653411657
0.12331959132461015,0.138544961590601
0.12349883491665173,0.138544961590601
0.12349883491665173,0.13890646181653862
0.1238573221007349,0.13908721192950746
0.12403656569277648,0.13908721192950746
0.12403656569277648,0.1394487121554451
0.12421580928481807,0.1394487121554451
0.12421580928481807,0.1396294622684139
0.12439505287685965,0.13971983732489832
0.12439505287685965,0.13990058743786715
0.12457429646890124,0.13990058743786715
0.12457429646890124,0.13999096249435156
0.12475354006094282,0.14008133755083596
0.12475354006094282,0.1401717126073204
0.12493278365298441,0.1401717126073204
0.12493278365298441,0.1404428377767736
0.12529127083706756,0.14062358788974244
0.12529127083706756,0.14071396294622684
0.12547051442910917,0.14080433800271125
0.12547051442910917,0.14089471305919565
0.12564975802115075,0.14089471305919565
0.12564975802115075,0.1411658382286489
0.12582900161319233,0.1412562132851333
0.12582900161319233,0.14143696339810213
0.1260082452052339,0.14143696339810213
0.1260082452052339,0.14152733845458654
0.1261874887972755,0.14161771351107094
0.1261874887972755,0.14170808856755535
0.12690446316544182,0.142069588793493
0.12690446316544182,0.1421599638499774
0.12708370675748343,0.14225033890646183
0.12708370675748343,0.14288296430185268
0.12744219394156658,0.14306371441482152
0.12744219394156658,0.14315408947130592
0.12762143753360816,0.14324446452779033
0.12762143753360816,0.14342521464075916
0.12780068112564977,0.14351558969724357
0.12780068112564977,0.14369633981021238
0.12797992471769135,0.14378671486669678
0.12797992471769135,0.1438770899231812
0.1283384119017745,0.14405784003615002
0.1283384119017745,0.14441934026208766
0.1285176554938161,0.14450971531857207
0.1285176554938161,0.14460009037505647
0.12869689908585769,0.1446904654315409
0.12869689908585769,0.1447808404880253
0.12941387345402403,0.14514234071396295
0.1295931170460656,0.14514234071396295
0.1295931170460656,0.14532309082693176
0.12977236063810718,0.14532309082693176
0.12995160423014876,0.14541346588341617
0.12995160423014876,0.14595571622232265
0.13031009141423194,0.14613646633529145
0.13031009141423194,0.14622684139177586
0.13048933500627352,0.1463172164482603
0.13048933500627352,0.1464075915047447
0.13102706578239828,0.14667871667419793
0.13102706578239828,0.14676909173068234
0.13120630937443986,0.14685946678716674
0.13120630937443986,0.14704021690013555
0.13156479655852305,0.14704021690013555
0.13156479655852305,0.14713059195661998
0.13174404015056462,0.1472209670131044
0.13174404015056462,0.1474017171260732
0.1319232837426062,0.1474017171260732
0.1319232837426062,0.14749209218255763
0.13228177092668936,0.14767284229552644
0.13228177092668936,0.14776321735201084
0.13246101451873096,0.14785359240849524
0.13246101451873096,0.14812471757794848
0.13264025811077254,0.1482150926344329
0.13264025811077254,0.14839584274740172
0.1329987452948557,0.14857659286037053
0.1331779888868973,0.14857659286037053
0.1331779888868973,0.14875734297333937
0.13335723247893888,0.14875734297333937
0.13335723247893888,0.14884771802982377
0.13371571966302204,0.14902846814279258
0.13371571966302204,0.14920921825576142
0.13407420684710522,0.14920921825576142
0.13407420684710522,0.14966109353818347
0.1342534504391468,0.14966109353818347
0.1342534504391468,0.14975146859466787
0.13461193762322998,0.1499322187076367
0.13461193762322998,0.15020334387708992
0.13479118121527156,0.15029371893357432
0.13479118121527156,0.15047446904654316
0.13497042480731314,0.15056484410302756
0.13497042480731314,0.1509263443289652
0.13514966839935472,0.1510167193854496
0.13514966839935472,0.1516493447808405
0.1353289119913963,0.1517397198373249
0.1353289119913963,0.15201084500677814
0.13568739917547948,0.15219159511974695
0.13568739917547948,0.15228197017623135
0.13586664276752106,0.15237234523271578
0.13586664276752106,0.152643470402169
0.13640437354364582,0.15291459557162224
0.13640437354364582,0.15336647085404428
0.1365836171356874,0.15336647085404428
0.13676286072772897,0.1534568459105287
0.13676286072772897,0.15363759602349752
0.13694210431977058,0.15372797107998193
0.13712134791181216,0.15372797107998193
0.13712134791181216,0.15399909624943517
0.13730059150385374,0.15408947130591957
0.13730059150385374,0.15417984636240398
0.13747983509589531,0.15427022141888838
0.13747983509589531,0.15436059647537279
0.13765907868793692,0.15445097153185722
0.13765907868793692,0.15472209670131043
0.1378383222799785,0.15481247175779486
0.1378383222799785,0.15490284681427927
0.13819680946406165,0.15508359692724807
0.13819680946406165,0.15544509715318572
0.13837605305610323,0.15544509715318572
0.13837605305610323,0.15580659737912336
0.13855529664814484,0.15589697243560777
0.13855529664814484,0.15598734749209217
0.13873454024018642,0.15598734749209217
0.13873454024018642,0.1560777225485766
0.138913783832228,0.156168097605061
0.138913783832228,0.15634884771802982
0.13909302742426957,0.15634884771802982
0.13927227101631118,0.15643922277451425
0.13927227101631118,0.15671034794396746
0.13963075820039433,0.1568910980569363
0.13963075820039433,0.15725259828287394
0.1398100017924359,0.15725259828287394
0.1398100017924359,0.15734297333935834
0.13998924538447752,0.15734297333935834
0.13998924538447752,0.15743334839584275
0.1401684889765191,0.15752372345232715
0.1401684889765191,0.1579755987347492
0.14034773256856067,0.15806597379123363
0.14034773256856067,0.15824672390420244
0.14052697616060225,0.15833709896068685
0.14052697616060225,0.15842747401717125
0.1412439505287686,0.1587889742431089
0.1412439505287686,0.15887934929959333
0.14142319412081017,0.15896972435607773
0.14142319412081017,0.15924084952553094
0.14160243771285178,0.15933122458201537
0.14160243771285178,0.15942159963849978
0.14178168130489335,0.15951197469498418
0.14178168130489335,0.1596023497514686
0.14196092489693493,0.1596023497514686
0.14196092489693493,0.15969272480795302
0.14231941208101812,0.15987347492092183
0.14231941208101812,0.15996384997740623
0.1424986556730597,0.16005422503389063
0.1424986556730597,0.16041572525982828
0.14267789926510127,0.16041572525982828
0.14267789926510127,0.16068685042928152
0.14285714285714285,0.16068685042928152
0.14285714285714285,0.16077722548576592
0.1433948736332676,0.16104835065521916
0.1433948736332676,0.16113872571170357
0.1435741172253092,0.16122910076818797
0.1435741172253092,0.16168097605061002
0.14375336081735077,0.16168097605061002
0.14375336081735077,0.16177135110709445
0.14393260440939237,0.16186172616357886
0.14393260440939237,0.1623136014460009
0.1446495787775587,0.16267510167193855
0.1446495787775587,0.16276547672842295
0.1448288223696003,0.16285585178490736
0.1448288223696003,0.1630366018978762
0.14500806596164187,0.1631269769543606
0.14500806596164187,0.16339810212381384
0.14518730955368345,0.16339810212381384
0.14518730955368345,0.16348847718029824
0.1457250403298082,0.16375960234975148
0.1457250403298082,0.16384997740623589
0.1459042839218498,0.1639403524627203
0.1459042839218498,0.1641211025756891
0.14608352751389136,0.1641211025756891
0.14608352751389136,0.16439222774514234
0.14626277110593297,0.16448260280162674
0.14626277110593297,0.1648441030275644
0.14662125829001613,0.16502485314053322
0.14662125829001613,0.16511522819701763
0.1471589890661409,0.16538635336647087
0.1471589890661409,0.16592860370537732
0.14733823265818247,0.16601897876186172
0.14733823265818247,0.16638047898779937
0.1480552070263488,0.166741979213737
0.1480552070263488,0.16683235427022142
0.1491306685785983,0.16737460460912787
0.1491306685785983,0.1675553547220967
0.1493099121706399,0.1675553547220967
0.1493099121706399,0.16782647989154995
0.14948915576268149,0.16791685494803435
0.14948915576268149,0.16800723000451875
0.14966839935472306,0.16809760506100316
0.14966839935472306,0.16818798011748756
0.14984764294676464,0.168278355173972
0.14984764294676464,0.1684591052869408
0.15020613013084783,0.16863985539990964
0.1503853737228894,0.16863985539990964
0.1503853737228894,0.16891098056936285
0.15056461731493098,0.16900135562584725
0.15056461731493098,0.1692724807953005
0.1507438609069726,0.1693628558517849
0.1507438609069726,0.16990510619069138
0.15092310449901417,0.16999548124717578
0.15092310449901417,0.17053773158608224
0.15110234809105574,0.17062810664256664
0.15110234809105574,0.17071848169905107
0.15146083527513893,0.17089923181201988
0.15146083527513893,0.17107998192498872
0.1516400788671805,0.17107998192498872
0.15199856605126366,0.17126073203795752
0.15199856605126366,0.17180298237686398
0.15217780964330524,0.17180298237686398
0.15217780964330524,0.1719837324898328
0.15235705323534685,0.17207410754631722
0.15235705323534685,0.17216448260280162
0.15253629682738842,0.17216448260280162
0.15253629682738842,0.17225485765928603
0.15271554041943,0.17234523271577046
0.15271554041943,0.17243560777225486
0.15289478401147158,0.17252598282873927
0.15289478401147158,0.17261635788522367
0.15325327119555476,0.17261635788522367
0.15325327119555476,0.17306823316764572
0.15343251478759634,0.17315860822413015
0.15343251478759634,0.17324898328061455
0.15361175837963792,0.17333935833709896
0.15361175837963792,0.1735201084500678
0.15379100197167953,0.1736104835065522
0.15379100197167953,0.173791233619521
0.1539702455637211,0.1738816086760054
0.1539702455637211,0.17397198373248984
0.15432873274780426,0.17415273384545865
0.15432873274780426,0.1745142340713963
0.15450797633984584,0.1745142340713963
0.15450797633984584,0.1746046091278807
0.15468721993188744,0.1746046091278807
0.15486646352392902,0.1746949841843651
0.15486646352392902,0.17523723452327158
0.1550457071159706,0.175327609579756
0.15522495070801218,0.175327609579756
0.15522495070801218,0.1754179846362404
0.15540419430005378,0.1755083596927248
0.15540419430005378,0.17568910980569363
0.15558343789209536,0.17577948486217804
0.15576268148413694,0.17577948486217804
0.15576268148413694,0.17586985991866244
0.15594192507617852,0.17596023497514687
0.15594192507617852,0.17623136014460009
0.15647965585230328,0.17650248531405333
0.15647965585230328,0.17659286037053773
0.15665889944434486,0.17668323542702213
0.15665889944434486,0.17686398553999097
0.15683814303638646,0.17686398553999097
0.15683814303638646,0.17695436059647537
0.15701738662842804,0.17704473565295978
0.15701738662842804,0.17713511070944418
0.15719663022046962,0.17713511070944418
0.15719663022046962,0.17740623587889742
0.1573758738125112,0.17749661093538183
0.1573758738125112,0.17758698599186626
0.15755511740455277,0.17767736104835066
0.15755511740455277,0.17785811116131947
0.15773436099659438,0.17785811116131947
0.15809284818067754,0.1780388612742883
0.15809284818067754,0.1781292363307727
0.15827209177271911,0.17821961138725712
0.15827209177271911,0.17858111161319476
0.15845133536476072,0.17867148666967916
0.15845133536476072,0.17876186172616357
0.1586305789568023,0.178852236782648
0.1586305789568023,0.1791233619521012
0.15880982254884388,0.17921373700858564
0.15880982254884388,0.17948486217803886
0.15898906614088545,0.17948486217803886
0.15898906614088545,0.1797559873474921
0.15916830973292706,0.1797559873474921
0.15916830973292706,0.18002711251694534
0.15934755332496864,0.18002711251694534
0.15934755332496864,0.18011748757342974
0.15952679691701022,0.18011748757342974
0.15952679691701022,0.18029823768639855
0.1597060405090518,0.18029823768639855
0.16006452769313498,0.18047898779936739
0.16006452769313498,0.1807501129688206
0.16024377128517656,0.18084048802530503
0.16024377128517656,0.18093086308178943
0.16042301487721813,0.18102123813827384
0.16042301487721813,0.18111161319475824
0.1606022584692597,0.18111161319475824
0.1606022584692597,0.18120198825124265
0.16078150206130132,0.18120198825124265
0.16078150206130132,0.1814731134206959
0.1609607456533429,0.1815634884771803
0.1609607456533429,0.18165386353366472
0.16131923283742605,0.18183461364663353
0.16131923283742605,0.18192498870311793
0.16149847642946766,0.18201536375960234
0.16149847642946766,0.18219611387257117
0.16167772002150924,0.18219611387257117
0.16167772002150924,0.18255761409850882
0.1618569636135508,0.18264798915499322
0.1618569636135508,0.18273836421147763
0.1620362072055924,0.18273836421147763
0.1620362072055924,0.18291911432444646
0.16239469438967558,0.18309986443741527
0.16257393798171715,0.18309986443741527
0.16257393798171715,0.18319023949389968
0.16275318157375873,0.1832806145503841
0.16275318157375873,0.18346136466335292
0.1629324251658003,0.18355173971983732
0.1629324251658003,0.18373248983280616
0.16311166875784192,0.18382286488929056
0.1632909123498835,0.18382286488929056
0.1632909123498835,0.18391323994577496
0.16400788671804983,0.1842747401717126
0.16400788671804983,0.184365115228197
0.1641871303100914,0.18445549028468142
0.1641871303100914,0.18463624039765025
0.16472486108621617,0.1849073655671035
0.16490410467825775,0.1849073655671035
0.16490410467825775,0.1850881156800723
0.16526259186234094,0.1852688657930411
0.16526259186234094,0.18553999096249435
0.1654418354543825,0.18553999096249435
0.1654418354543825,0.18572074107546319
0.1656210790464241,0.18572074107546319
0.1656210790464241,0.1858111161319476
0.16580032263846567,0.185901491188432
0.16580032263846567,0.1859918662449164
0.16597956623050725,0.1860822413014008
0.16597956623050725,0.18626299141436964
0.16633805341459043,0.18644374152733845
0.16633805341459043,0.1868052417532761
0.166517297006632,0.1868956168097605
0.166517297006632,0.18698599186624493
0.1668757841907152,0.18716674197921374
0.1668757841907152,0.18734749209218257
0.16759275855888153,0.1877089923181202
0.16759275855888153,0.18798011748757343
0.1677720021509231,0.18798011748757343
0.1677720021509231,0.18807049254405783
0.16813048933500627,0.18825124265702667
0.16813048933500627,0.18834161771351107
0.16830973292704784,0.18834161771351107
0.16830973292704784,0.18879349299593312
0.16848897651908945,0.18888386805241753
0.16848897651908945,0.18897424310890193
0.1688474637031726,0.18915499322187077
0.1688474637031726,0.18933574333483957
0.16902670729521418,0.18933574333483957
0.16902670729521418,0.189426118391324
0.1692059508872558,0.1895164934478084
0.1692059508872558,0.1896068685042928
0.16938519447929737,0.18969724356077722
0.16938519447929737,0.18987799367374605
0.16956443807133895,0.18987799367374605
0.16956443807133895,0.18996836873023046
0.16974368166338052,0.18996836873023046
0.1701021688474637,0.19014911884319927
0.1701021688474637,0.1905106190691369
0.1702814124395053,0.1905106190691369
0.17081914321563005,0.19078174423859015
0.17081914321563005,0.1911432444645278
0.17099838680767163,0.1912336195210122
0.17099838680767163,0.19168549480343425
0.1711776303997132,0.19177586985991865
0.1711776303997132,0.19186624491640308
0.17135687399175478,0.19186624491640308
0.17135687399175478,0.1919566199728875
0.1715361175837964,0.1919566199728875
0.1715361175837964,0.19231812019882513
0.17171536117583797,0.19231812019882513
0.17171536117583797,0.19240849525530954
0.17189460476787954,0.19249887031179394
0.17189460476787954,0.19267962042476278
0.17207384835992112,0.19267962042476278
0.17207384835992112,0.19286037053773158
0.1724323355440043,0.1930411206507004
0.1724323355440043,0.19340262087663804
0.17261157913604588,0.19340262087663804
0.17279082272808746,0.19349299593312247
0.17279082272808746,0.19358337098960687
0.17297006632012907,0.19367374604609128
0.17314930991217065,0.19367374604609128
0.17314930991217065,0.19376412110257568
0.17332855350421222,0.19376412110257568
0.17332855350421222,0.19403524627202892
0.1735077970962538,0.19403524627202892
0.1735077970962538,0.19448712155445097
0.17368704068829538,0.19448712155445097
0.17368704068829538,0.19457749661093537
0.17386628428033699,0.19466787166741978
0.17386628428033699,0.1947582467239042
0.17440401505646172,0.19502937189335742
0.17440401505646172,0.19530049706281066
0.17458325864850333,0.19530049706281066
0.1747625022405449,0.19539087211929507
0.1747625022405449,0.1955716222322639
0.17494174583258648,0.1956619972887483
0.17494174583258648,0.1957523723452327
0.17512098942462806,0.1957523723452327
0.17512098942462806,0.19584274740171712
0.17530023301666967,0.19584274740171712
0.17530023301666967,0.19602349751468595
0.17547947660871124,0.19602349751468595
0.17547947660871124,0.1965657478535924
0.17565872020075282,0.1966561229100768
0.17565872020075282,0.19683687302304564
0.1758379637927944,0.19683687302304564
0.1758379637927944,0.19692724807953005
0.17637569456891916,0.1971983732489833
0.17655493816096074,0.1971983732489833
0.17655493816096074,0.1973791233619521
0.17673418175300232,0.1974694984184365
0.17673418175300232,0.19765024853140534
0.17691342534504392,0.19774062358788974
0.17691342534504392,0.19783099864437415
0.1770926689370855,0.19783099864437415
0.17727191252912708,0.19792137370085855
0.17727191252912708,0.19810212381382739
0.17780964330525184,0.19837324898328063
0.17780964330525184,0.19900587437867148
0.17798888689729342,0.19900587437867148
0.17798888689729342,0.19972887483054677
0.178168130489335,0.19981924988703118
0.1783473740813766,0.19981924988703118
0.1783473740813766,0.2
0.17852661767341818,0.20009037505648442
0.17852661767341818,0.20018075011296882
0.17870586126545976,0.20027112516945322
0.17870586126545976,0.20054225033890646
0.17888510485750134,0.20063262539539087
0.17888510485750134,0.20072300045187527
0.17906434844954291,0.20072300045187527
0.17960207922566768,0.2009941256213285
0.17960207922566768,0.20108450067781292
0.17996056640975086,0.20126525079078175
0.17996056640975086,0.20144600090375056
0.18031905359383402,0.2016267510167194
0.18031905359383402,0.20207862629914145
0.1804982971858756,0.20207862629914145
0.1804982971858756,0.20216900135562585
0.1806775407779172,0.20216900135562585
0.1806775407779172,0.2025305015815635
0.18103602796200036,0.2027112516945323
0.18103602796200036,0.2028016267510167
0.18121527155404193,0.20289200180750114
0.18121527155404193,0.20316312697695435
0.18139451514608354,0.20316312697695435
0.18157375873812512,0.20325350203343878
0.18157375873812512,0.2033438770899232
0.1817530023301667,0.2033438770899232
0.1817530023301667,0.20379575237234523
0.18193224592220827,0.20388612742882964
0.18193224592220827,0.20406687754179847
0.18211148951424985,0.20415725259828288
0.18211148951424985,0.20424762765476728
0.18229073310629146,0.20424762765476728
0.18229073310629146,0.2043380027112517
0.18246997669833304,0.2043380027112517
0.18264922029037461,0.2044283777677361
0.18264922029037461,0.20451875282422052
0.1828284638824162,0.20460912788070493
0.1828284638824162,0.20478987799367374
0.1830077074744578,0.20488025305015817
0.1830077074744578,0.20506100316312698
0.18336619465854095,0.20524175327609578
0.18336619465854095,0.20533212833258022
0.18354543825058253,0.20542250338906462
0.18354543825058253,0.20569362855851786
0.18372468184262414,0.20569362855851786
0.18372468184262414,0.20578400361500226
0.18390392543466572,0.20587437867148667
0.18390392543466572,0.20596475372797107
0.18426241261874887,0.2061455038409399
0.18426241261874887,0.2062358788974243
0.18444165621079048,0.2062358788974243
0.18444165621079048,0.20659737912336196
0.18462089980283206,0.20668775417984636
0.18462089980283206,0.2069588793492996
0.1849793869869152,0.2069588793492996
0.1849793869869152,0.20759150474469046
0.1851586305789568,0.20759150474469046
0.1851586305789568,0.2079530049706281
0.1853378741709984,0.2079530049706281
0.1853378741709984,0.20831450519656575
0.18551711776303997,0.20840488025305015
0.18551711776303997,0.2088567555354722
0.18587560494712313,0.20903750564844104
0.18587560494712313,0.2096701310438319
0.18605484853916474,0.20976050610031632
0.18605484853916474,0.20985088115680073
0.1862340921312063,0.20994125621328513
0.1864133357232479,0.20994125621328513
0.1864133357232479,0.21003163126976954
0.18659257931528947,0.21012200632625394
0.18659257931528947,0.21048350655219158
0.18713031009141423,0.21075463172164483
0.18713031009141423,0.21120650700406687
0.1873095536834558,0.21129688206055128
0.1873095536834558,0.21156800723000452
0.1874887972754974,0.21156800723000452
0.1874887972754974,0.21165838228648892
0.187668040867539,0.21174875734297333
0.187668040867539,0.21183913239945776
0.18784728445958057,0.21183913239945776
0.18820577164366373,0.21201988251242657
0.18820577164366373,0.21292363307727066
0.18838501523570533,0.2130140081337551
0.18838501523570533,0.2131947582467239
0.18928123319591325,0.21364663352914595
0.18946047678795483,0.21364663352914595
0.18946047678795483,0.2139177586985992
0.1896397203799964,0.2140081337550836
0.1896397203799964,0.2141888838680524
0.189818963972038,0.2141888838680524
0.1899982075640796,0.21427925892453684
0.1899982075640796,0.21446000903750564
0.1910736691163291,0.2150022593764121
0.1910736691163291,0.21527338454586534
0.19125291270837066,0.21527338454586534
0.19125291270837066,0.21554450971531858
0.19143215630041227,0.21554450971531858
0.19143215630041227,0.2158156348847718
0.19161139989245385,0.21590600994125622
0.19161139989245385,0.21608676005422503
0.19179064348449543,0.21608676005422503
0.191969887076537,0.21617713511070943
0.191969887076537,0.21626751016719387
0.1923283742606202,0.21644826028016267
0.1923283742606202,0.21653863533664708
0.19268686144470334,0.21671938544961591
0.19268686144470334,0.21680976050610032
0.19286610503674492,0.21680976050610032
0.19286610503674492,0.21699051061906913
0.19304534862878653,0.21699051061906913
0.19304534862878653,0.21708088567555356
0.1932245922208281,0.21717126073203796
0.1932245922208281,0.21726163578852237
0.19340383581286968,0.21735201084500677
0.19340383581286968,0.21744238590149118
0.19358307940491126,0.21744238590149118
0.19358307940491126,0.21780388612742882
0.19394156658899445,0.21798463624039766
0.19394156658899445,0.21807501129688206
0.19412081018103602,0.21816538635336646
0.1943000537730776,0.21816538635336646
0.1943000537730776,0.2185268865793041
0.19465854095716079,0.21870763669227294
0.19465854095716079,0.21888838680524175
0.19501702814124394,0.21906913691821056
0.19501702814124394,0.2193402620876638
0.19519627173328555,0.2194306371441482
0.19519627173328555,0.21961138725711704
0.19537551532532713,0.21961138725711704
0.19537551532532713,0.21970176231360145
0.19591324610145186,0.21997288748305469
0.19591324610145186,0.22042476276547673
0.19609248969349347,0.22051513782196114
0.19609248969349347,0.22060551287844554
0.19645097687757662,0.22078626299141438
0.19645097687757662,0.2209670131043832
0.1966302204696182,0.2209670131043832
0.1966302204696182,0.22114776321735202
0.19698870765370138,0.22132851333032083
0.19698870765370138,0.22159963849977407
0.19716795124574296,0.22169001355625848
0.19716795124574296,0.22178038861274288
0.19734719483778454,0.22178038861274288
0.19734719483778454,0.22187076366922728
0.19770568202186772,0.22205151378219612
0.19770568202186772,0.22268413917758698
0.1978849256139093,0.2227745142340714
0.1978849256139093,0.22295526434704022
0.19806416920595088,0.22304563940352462
0.19806416920595088,0.22313601446000902
0.19824341279799249,0.22322638951649346
0.19824341279799249,0.22340713962946226
0.19842265639003406,0.22349751468594667
0.19842265639003406,0.2235878897424311
0.19860189998207564,0.2235878897424311
0.19860189998207564,0.2236782647989155
0.1991396307582004,0.22394938996836872
0.1991396307582004,0.22403976502485315
0.19931887435024198,0.22413014008133755
0.19949811794228356,0.22413014008133755
0.19949811794228356,0.22431089019430636
0.20039433590249148,0.2247627654767284
0.20039433590249148,0.22485314053321284
0.20057357949453308,0.22485314053321284
0.20057357949453308,0.22503389064618165
0.20111131027065782,0.2253050158156349
0.20111131027065782,0.2255761409850881
0.2012905538626994,0.22566651604157253
0.2012905538626994,0.22584726615454134
0.201469797454741,0.22593764121102575
0.201469797454741,0.2263895164934478
0.20164904104678258,0.22647989154993223
0.20164904104678258,0.22675101671938544
0.20182828463882416,0.22675101671938544
0.20182828463882416,0.2272028920018075
0.20200752823086573,0.22729326705829192
0.20200752823086573,0.22738364211477632
0.20218677182290734,0.22738364211477632
0.20218677182290734,0.22747401717126073
0.20236601541494892,0.22756439222774513
0.20236601541494892,0.22765476728422956
0.2025452590069905,0.22774514234071397
0.2025452590069905,0.22783551739719837
0.20326223337515684,0.22819701762313602
0.20326223337515684,0.22828739267962042
0.20344147696719841,0.22828739267962042
0.20344147696719841,0.22846814279258926
0.20362072055924002,0.22855851784907366
0.20362072055924002,0.22873926796204247
0.2037999641512816,0.22873926796204247
0.2037999641512816,0.2289200180750113
0.20397920774332318,0.2289200180750113
0.20397920774332318,0.2290103931314957
0.20415845133536475,0.2290103931314957
0.20415845133536475,0.22910076818798011
0.20433769492740633,0.22919114324446452
0.20433769492740633,0.22928151830094895
0.20451693851944794,0.22928151830094895
0.20451693851944794,0.22937189335743335
0.20505466929557267,0.22964301852688657
0.20505466929557267,0.229733393583371
0.20541315647965586,0.2299141436963398
0.20541315647965586,0.2300045187528242
0.20559240007169743,0.2300045187528242
0.205771643663739,0.23009489380930864
0.205771643663739,0.23018526886579305
0.20595088725578062,0.23027564392227745
0.2061301308478222,0.23027564392227745
0.2061301308478222,0.23036601897876186
0.20630937443986377,0.23045639403524626
0.20630937443986377,0.2305467690917307
0.20648861803190535,0.2306371441482151
0.20648861803190535,0.23090826931766834
0.20666786162394693,0.23090826931766834
0.20666786162394693,0.23136014460009038
0.20702634880803011,0.2315408947130592
0.20702634880803011,0.23172164482602803
0.2072055924000717,0.23181201988251243
0.2072055924000717,0.23199276999548124
0.20738483599211327,0.23199276999548124
0.20738483599211327,0.23271577044735653
0.20756407958415488,0.23271577044735653
0.20792256676823803,0.23289652056032534
0.20792256676823803,0.23298689561680977
0.2081018103602796,0.23307727067329417
0.2081018103602796,0.23361952101220063
0.20828105395232122,0.23370989606868503
0.2084602975443628,0.23370989606868503
0.2084602975443628,0.23380027112516946
0.20863954113640437,0.23389064618165387
0.20881878472844595,0.23389064618165387
0.20881878472844595,0.2341617713511071
0.20899802832048756,0.2341617713511071
0.20917727191252913,0.2342521464075915
0.20917727191252913,0.23443289652056032
0.2095357590966123,0.23461364663352915
0.20971500268865387,0.23461364663352915
0.20971500268865387,0.23470402169001356
0.20989424628069547,0.23470402169001356
0.20989424628069547,0.23488477180298237
0.21007348987273705,0.23488477180298237
0.21025273346477863,0.2349751468594668
0.21025273346477863,0.2350655219159512
0.2104319770568202,0.2351558969724356
0.2104319770568202,0.23524627202892
0.2106112206488618,0.23533664708540442
0.2106112206488618,0.23551739719837325
0.2107904642409034,0.23560777225485766
0.2107904642409034,0.23569814731134206
0.21096970783294497,0.23569814731134206
0.21114895142498655,0.2357885223678265
0.21114895142498655,0.2358788974243109
0.21132819501702815,0.2359692724807953
0.21132819501702815,0.23624039765024854
0.21150743860906973,0.23624039765024854
0.21150743860906973,0.23633077270673294
0.2116866822011113,0.23642114776321735
0.2116866822011113,0.23651152281970175
0.2120451693851945,0.2366922729326706
0.2120451693851945,0.236782647989155
0.21222441297723607,0.2368730230456394
0.21222441297723607,0.2369633981021238
0.21240365656927765,0.2369633981021238
0.21240365656927765,0.23714414821509264
0.213120630937444,0.23750564844103028
0.213120630937444,0.23759602349751469
0.21329987452948557,0.23759602349751469
0.21329987452948557,0.2376863985539991
0.21365836171356875,0.23786714866696793
0.21365836171356875,0.23804789877993673
0.21383760530561033,0.23813827383642114
0.21383760530561033,0.23822864889290557
0.2140168488976519,0.23831902394938997
0.2140168488976519,0.2385901491188432
0.21419609248969348,0.23868052417532762
0.21419609248969348,0.23877089923181202
0.2143753360817351,0.23886127428829643
0.2143753360817351,0.23913239945774967
0.21455457967377667,0.23913239945774967
0.21455457967377667,0.23958427474017172
0.21473382326581825,0.23958427474017172
0.21473382326581825,0.23967464979665612
0.21563004122602616,0.24012652507907817
0.21563004122602616,0.24021690013556257
0.21580928481806774,0.240307275192047
0.21580928481806774,0.2403976502485314
0.21598852841010935,0.2404880253050158
0.21598852841010935,0.24057840036150022
0.21616777200215093,0.24057840036150022
0.21616777200215093,0.24084952553095346
0.21652625918623408,0.24103027564392226
0.2167055027782757,0.24103027564392226
0.2167055027782757,0.2411206507004067
0.21688474637031727,0.2412110257568911
0.21688474637031727,0.2413917758698599
0.21706398996235884,0.2413917758698599
0.21706398996235884,0.24148215092634434
0.21724323355440042,0.24157252598282875
0.21724323355440042,0.24166290103931315
0.21742247714644203,0.24175327609579755
0.21742247714644203,0.24184365115228196
0.2176017207384836,0.2419340262087664
0.2176017207384836,0.2420244012652508
0.21778096433052518,0.2420244012652508
0.21813945151460834,0.2422051513782196
0.21813945151460834,0.24247627654767284
0.21831869510664995,0.24247627654767284
0.21849793869869152,0.24256665160415725
0.21849793869869152,0.24274740171712608
0.2186771822907331,0.2428377767736105
0.2186771822907331,0.2429281518300949
0.21903566947481629,0.24310890194306373
0.21903566947481629,0.24328965205603253
0.21921491306685786,0.24328965205603253
0.21921491306685786,0.24374152733845458
0.21939415665889944,0.243831902394939
0.21939415665889944,0.24401265250790782
0.21957340025094102,0.24410302756439223
0.21957340025094102,0.24437415273384547
0.21975264384298263,0.24446452779032987
0.21975264384298263,0.24455490284681428
0.2199318874350242,0.24455490284681428
0.22011113102706578,0.24464527790329868
0.22011113102706578,0.24491640307275192
0.22029037461910736,0.24500677812923632
0.22029037461910736,0.24509715318572073
0.22046961821114894,0.24509715318572073
0.22046961821114894,0.24536827835517397
0.22064886180319054,0.24536827835517397
0.22064886180319054,0.2455490284681428
0.22082810539523212,0.2455490284681428
0.22082810539523212,0.2457297785811116
0.2210073489872737,0.2457297785811116
0.22136583617135688,0.24591052869408042
0.22154507976339846,0.24591052869408042
0.22154507976339846,0.24609127880704926
0.22172432335544004,0.24609127880704926
0.22172432335544004,0.24618165386353366
0.22190356694748162,0.24627202892001807
0.22190356694748162,0.2464527790329869
0.22208281053952322,0.2465431540894713
0.22208281053952322,0.2466335291459557
0.2222620541315648,0.24672390420244011
0.22244129772360638,0.24672390420244011
0.22244129772360638,0.24681427925892455
0.22262054131564796,0.24681427925892455
0.22262054131564796,0.24699502937189335
0.22279978490768956,0.24699502937189335
0.22279978490768956,0.2471757794848622
0.22297902849973114,0.2471757794848622
0.22297902849973114,0.2474469046543154
0.22315827209177272,0.2475372797107998
0.22315827209177272,0.24762765476728424
0.2233375156838143,0.24762765476728424
0.2233375156838143,0.24780840488025305
0.22351675927585588,0.24789877993673745
0.22351675927585588,0.2480795300497063
0.22369600286789748,0.2480795300497063
0.22369600286789748,0.2481699051061907
0.22387524645993906,0.2482602801626751
0.22387524645993906,0.2483506552191595
0.22405449005198064,0.24844103027564393
0.22405449005198064,0.24862178038861274
0.22423373364402222,0.24871215544509714
0.22423373364402222,0.24889290555806598
0.22441297723606382,0.24889290555806598
0.22441297723606382,0.2491640307275192
0.22477146442014698,0.24934478084048803
0.22495070801218855,0.24934478084048803
0.22495070801218855,0.24943515589697243
0.22530919519627174,0.24961590600994127
0.22530919519627174,0.24970628106642567
0.22548843878831332,0.24970628106642567
0.2256676823803549,0.24979665612291008
0.2256676823803549,0.24988703117939448
0.2258469259723965,0.24988703117939448
0.2258469259723965,0.2500677812923633
0.22602616956443808,0.2500677812923633
0.22602616956443808,0.2501581563488477
0.22620541315647966,0.25024853140533215
0.22620541315647966,0.25061003163126977
0.22638465674852123,0.2507004066877542
0.22638465674852123,0.25106190691369185
0.2265639003405628,0.25106190691369185
0.2265639003405628,0.25115228197017625
0.226922387524646,0.25133303208314506
0.226922387524646,0.25142340713962946
0.22710163111668757,0.25151378219611387
0.22710163111668757,0.2516945323090827
0.22728087470872915,0.2516945323090827
0.22728087470872915,0.2517849073655671
0.22746011830077076,0.25187528242205154
0.22746011830077076,0.25196565747853594
0.22781860548485391,0.25214640759150475
0.22781860548485391,0.25223678264798916
0.2279978490768955,0.25223678264798916
0.2279978490768955,0.25232715770447356
0.2281770926689371,0.25241753276095796
0.2281770926689371,0.25268865793041123
0.22835633626097868,0.25277903298689564
0.22835633626097868,0.25286940804338004
0.22853557985302025,0.25295978309986444
0.22871482344506183,0.25295978309986444
0.22871482344506183,0.25314053321283325
0.22943179781322817,0.2535020334387709
0.22961104140526975,0.2535020334387709
0.22961104140526975,0.25359240849525533
0.22979028499731136,0.25368278355173973
0.22979028499731136,0.25377315860822414
0.22996952858935293,0.25386353366470854
0.22996952858935293,0.25404428377767735
0.2301487721813945,0.25413465883416175
0.2301487721813945,0.254405784003615
0.2303280157734361,0.2544961590600994
0.2303280157734361,0.25458653411658383
0.2305072593654777,0.25458653411658383
0.2305072593654777,0.25467690917306823
0.23086574654956085,0.25485765928603704
0.23086574654956085,0.25494803434252145
0.23122423373364404,0.2551287844554903
0.2314034773256856,0.2551287844554903
0.2314034773256856,0.2552191595119747
0.23176196450976877,0.2553999096249435
0.23176196450976877,0.25558065973791233
0.23194120810181035,0.25558065973791233
0.23194120810181035,0.25585178490736554
0.23212045169385195,0.25594215996385
0.23229969528589353,0.25594215996385
0.23229969528589353,0.2561229100768188
0.2324789388779351,0.2561229100768188
0.2324789388779351,0.25657478535924083
0.2326581824699767,0.25657478535924083
0.2326581824699767,0.2567555354722097
0.23301666965405987,0.2567555354722097
0.23301666965405987,0.2572977858111161
0.23337515683814303,0.2572977858111161
0.23337515683814303,0.2575689109805694
0.23355440043018463,0.2575689109805694
0.23355440043018463,0.2577496610935382
0.2337336440222262,0.2578400361500226
0.2337336440222262,0.2581111613194758
0.23409213120630937,0.2582919114324446
0.23409213120630937,0.2588341617713511
0.23427137479835095,0.2588341617713511
0.23427137479835095,0.2592860370537732
0.23445061839039255,0.2593764121102576
0.23445061839039255,0.259466787166742
0.23462986198243413,0.259466787166742
0.23462986198243413,0.2595571622232264
0.2348091055744757,0.2595571622232264
0.2348091055744757,0.2596475372797108
0.23498834916651729,0.2597379123361952
0.23498834916651729,0.2602801626751017
0.2351675927585589,0.2602801626751017
0.2351675927585589,0.2607320379575237
0.23534683635060047,0.2607320379575237
0.23552607994264205,0.26082241301400816
0.23552607994264205,0.26091278807049256
0.23570532353468363,0.26091278807049256
0.23570532353468363,0.26100316312697697
0.2360638107187668,0.2611839132399458
0.2360638107187668,0.26199728874830547
0.2362430543108084,0.26208766380478987
0.2362430543108084,0.2621780388612743
0.23642229790284996,0.2622684139177587
0.23642229790284996,0.26253953908721195
0.23678078508693315,0.26272028920018076
0.23678078508693315,0.26362403976502485
0.23696002867897473,0.26362403976502485
0.2371392722710163,0.26371441482150926
0.2371392722710163,0.26389516493447807
0.23731851586305788,0.26398553999096247
0.23731851586305788,0.26434704021690014
0.23785624663918264,0.26461816538635335
0.23785624663918264,0.26479891549932216
0.23857322100734898,0.26516041572525983
0.23857322100734898,0.26552191595119745
0.23875246459939056,0.26561229100768186
0.23875246459939056,0.2657026660641663
0.23893170819143217,0.2657930411206507
0.23893170819143217,0.2658834161771351
0.23911095178347375,0.2658834161771351
0.23911095178347375,0.2659737912336195
0.23929019537551532,0.26606416629010393
0.23929019537551532,0.26624491640307274
0.2396486825595985,0.26642566651604155
0.2398279261516401,0.26642566651604155
0.2398279261516401,0.2666064166290104
0.24000716974368166,0.2666967916854948
0.24000716974368166,0.2668775417984636
0.24018641333572324,0.2668775417984636
0.24018641333572324,0.26696791685494803
0.24036565692776482,0.26705829191143243
0.24036565692776482,0.26714866696791684
0.24054490051980643,0.26714866696791684
0.24054490051980643,0.2674197921373701
0.240724144111848,0.2674197921373701
0.240724144111848,0.2676005422503389
0.24090338770388958,0.2676909173068233
0.24090338770388958,0.2677812923633077
0.24108263129593116,0.2677812923633077
0.24108263129593116,0.26805241753276093
0.24126187488797277,0.26805241753276093
0.24126187488797277,0.2681427925892454
0.24144111848001434,0.2681427925892454
0.24144111848001434,0.2684139177586986
0.2419788492561391,0.2686850429281518
0.2419788492561391,0.2690465431540895
0.24215809284818068,0.2690465431540895
0.24215809284818068,0.2692272932670583
0.24251658003226384,0.2694080433800271
0.24251658003226384,0.2695887934929959
0.24269582362430542,0.2695887934929959
0.24269582362430542,0.2696791685494803
0.24341279799247176,0.270040668775418
0.24341279799247176,0.2704021690013556
0.24359204158451336,0.27049254405784
0.24359204158451336,0.27058291911432447
0.24377128517655494,0.27058291911432447
0.24377128517655494,0.2706732941708089
0.24395052876859652,0.2706732941708089
0.24395052876859652,0.2708540442837777
0.2443090159526797,0.2710347943967465
0.2443090159526797,0.2711251694532309
0.24448825954472128,0.2712155445097153
0.24448825954472128,0.27139629462268416
0.24466750313676286,0.27139629462268416
0.24466750313676286,0.27148666967916857
0.24484674672880444,0.271577044735653
0.24484674672880444,0.2716674197921374
0.24502599032084604,0.2716674197921374
0.24502599032084604,0.2718481699051062
0.24520523391288762,0.2718481699051062
0.24520523391288762,0.27239042024401267
0.2453844775049292,0.27248079530049707
0.2453844775049292,0.2727519204699503
0.24556372109697078,0.2727519204699503
0.24574296468901236,0.2728422955264347
0.24592220828105396,0.2728422955264347
0.24592220828105396,0.2729326705829191
0.24610145187309554,0.27302304563940355
0.24628069546513712,0.27302304563940355
0.24628069546513712,0.27329417080885676
0.2464599390571787,0.27329417080885676
0.2466391826492203,0.27338454586534117
0.2466391826492203,0.27347492092182557
0.24681842624126188,0.27347492092182557
0.24699766983330346,0.27356529597831
0.24699766983330346,0.2736556710347944
0.24717691342534504,0.2737460460912788
0.24717691342534504,0.27383642114776324
0.24735615701738664,0.27392679620424765
0.24735615701738664,0.27410754631721646
0.24753540060942822,0.27410754631721646
0.24753540060942822,0.27419792137370086
0.2477146442014698,0.27428829643018526
0.2477146442014698,0.27437867148666967
0.24789388779351137,0.27437867148666967
0.24789388779351137,0.27446904654315407
0.24825237497759456,0.27464979665612294
0.24825237497759456,0.27474017171260734
0.24843161856963614,0.27483054676909174
0.24861086216167771,0.27483054676909174
0.24861086216167771,0.27501129688206055
0.2487901057537193,0.27501129688206055
0.2487901057537193,0.27519204699502936
0.2489693493457609,0.27519204699502936
0.2489693493457609,0.27528242205151376
0.24914859293780248,0.27528242205151376
0.24950708012188563,0.27546317216448263
0.24950708012188563,0.27582467239042024
0.250224054490052,0.27618617261635786
0.250224054490052,0.2763669227293267
0.25040329808209355,0.2763669227293267
0.2507617852661767,0.27654767284229553
0.2507617852661767,0.27663804789877994
0.25094102885821834,0.27672842295526434
0.25094102885821834,0.27681879801174875
0.2511202724502599,0.27690917306823315
0.2512995160423015,0.27690917306823315
0.2512995160423015,0.2771802982376864
0.2514787596343431,0.2771802982376864
0.2514787596343431,0.2772706732941708
0.25165800322638465,0.2772706732941708
0.25165800322638465,0.2779936737460461
0.25183724681842623,0.2779936737460461
0.2520164904104678,0.2780840488025305
0.2520164904104678,0.2781744238590149
0.2521957340025094,0.2781744238590149
0.2521957340025094,0.2782647989154993
0.252374977594551,0.2782647989154993
0.252374977594551,0.27844554902846813
0.2525542211865926,0.27844554902846813
0.2525542211865926,0.27853592408495254
0.2527334647786342,0.27862629914143694
0.2527334647786342,0.2791685494803434
0.25291270837067575,0.2792589245368278
0.25291270837067575,0.27934929959331223
0.25309195196271733,0.27943967464979663
0.25309195196271733,0.2795300497062811
0.2532711955547589,0.2796204247627655
0.2534504391468005,0.2796204247627655
0.2534504391468005,0.2797107998192499
0.25362968273884207,0.2798011748757343
0.25380892633088364,0.2798011748757343
0.25380892633088364,0.2798915499322187
0.2539881699229253,0.2799819249887031
0.2539881699229253,0.2801626751016719
0.25416741351496686,0.2801626751016719
0.25416741351496686,0.2802530501581563
0.25434665710700843,0.2803434252146408
0.25452590069905,0.2803434252146408
0.25452590069905,0.2804338002711252
0.2547051442910916,0.2805241753276096
0.2547051442910916,0.280614550384094
0.25542211865925796,0.2809760506100316
0.25542211865925796,0.2812471757794849
0.2557806058433411,0.2814279258924537
0.2557806058433411,0.2816990510619069
0.2559598494353827,0.2817894261183913
0.2559598494353827,0.2820605512878446
0.25613909302742427,0.2820605512878446
0.25631833661946585,0.282150926344329
0.25631833661946585,0.2822413014008134
0.2564975802115074,0.2822413014008134
0.256676823803549,0.2823316764572978
0.2568560673955906,0.2823316764572978
0.2568560673955906,0.2825124265702666
0.2570353109876322,0.2825124265702666
0.2570353109876322,0.28296430185268867
0.2572145545796738,0.2830546769091731
0.2572145545796738,0.2831450519656575
0.25739379817171537,0.2832354270221419
0.25739379817171537,0.28395842747401717
0.25757304176375695,0.28395842747401717
0.25757304176375695,0.284139177586986
0.2577522853557985,0.2842295526434704
0.2577522853557985,0.2843199276999548
0.2579315289478401,0.2843199276999548
0.2579315289478401,0.28459105286940806
0.2581107725398817,0.28468142792589246
0.2581107725398817,0.28477180298237686
0.25829001613192326,0.28477180298237686
0.25829001613192326,0.2849525530953457
0.2584692597239649,0.2849525530953457
0.2584692597239649,0.2850429281518301
0.25882774690804805,0.28522367826479894
0.25882774690804805,0.28549480343425215
0.25900699050008963,0.28549480343425215
0.25900699050008963,0.28558517849073656
0.25954472127621436,0.28585630366018977
0.25954472127621436,0.28603705377315863
0.25972396486825594,0.28603705377315863
0.25972396486825594,0.28639855399909625
0.2599032084602975,0.28639855399909625
0.2599032084602975,0.28657930411206506
0.26008245205233915,0.28657930411206506
0.2604409392364223,0.28676005422503387
0.2604409392364223,0.28694080433800273
0.2606201828284639,0.28703117939448713
0.2606201828284639,0.28712155445097154
0.26079942642050546,0.28721192950745594
0.26079942642050546,0.28748305467690916
0.26097867001254704,0.28757342973339356
0.26097867001254704,0.2877541798463624
0.2611579136045886,0.2877541798463624
0.2613371571966302,0.2878445549028468
0.2613371571966302,0.28802530501581564
0.26151640078867183,0.28802530501581564
0.2616956443807134,0.28811568007230004
0.2616956443807134,0.28820605512878444
0.261874887972755,0.28829643018526885
0.261874887972755,0.2884771802982377
0.26205413156479657,0.2885675553547221
0.26205413156479657,0.2886579304112065
0.2625918623409213,0.28892905558065973
0.2625918623409213,0.28901943063714414
0.2627711059329629,0.28901943063714414
0.2636673238931708,0.2894713059195662
0.2636673238931708,0.28992318120198823
0.2638465674852124,0.29001355625847264
0.2638465674852124,0.2901039313149571
0.264025811077254,0.2901039313149571
0.264025811077254,0.2903750564844103
0.26420505466929556,0.2904654315408947
0.26438429826133714,0.2904654315408947
0.26438429826133714,0.29082693176683233
0.2645635418533787,0.2909173068233168
0.2645635418533787,0.2910980569362856
0.26474278544542035,0.2910980569362856
0.2651012726295035,0.2912788070492544
0.2651012726295035,0.2913691821057388
0.26545975981358666,0.2915499322187076
0.26545975981358666,0.2918210573881609
0.26563900340562824,0.2919114324446453
0.26563900340562824,0.2920921825576141
0.2659974905897114,0.2922729326705829
0.2659974905897114,0.2925440578400362
0.266176734181753,0.2925440578400362
0.266176734181753,0.292724807953005
0.2663559777737946,0.292724807953005
0.2665352213658362,0.2928151830094894
0.26671446495787776,0.2928151830094894
0.26671446495787776,0.29335743334839587
0.26689370854991934,0.29335743334839587
0.26689370854991934,0.2938093086308179
0.2670729521419609,0.2938093086308179
0.2670729521419609,0.2940804338002711
0.2672521957340025,0.2940804338002711
0.2672521957340025,0.29426118391323997
0.2674314393260441,0.29435155896972437
0.2674314393260441,0.2944419340262088
0.26761068291808565,0.2945323090826932
0.26761068291808565,0.2946226841391776
0.2677899265101273,0.294713059195662
0.2677899265101273,0.29498418436511525
0.26796917010216886,0.29507455942159966
0.26796917010216886,0.29534568459105287
0.268327657286252,0.2955264347040217
0.268327657286252,0.29579755987347495
0.2685069008782936,0.29579755987347495
0.2685069008782936,0.29597830998644375
0.2686861444703352,0.29597830998644375
0.26886538806237675,0.29606868504292816
0.26886538806237675,0.29615906009941256
0.26904463165441833,0.29615906009941256
0.26922387524645996,0.29624943515589697
0.26922387524645996,0.29633981021238137
0.2699408496146263,0.29670131043831904
0.2699408496146263,0.29688206055128785
0.27012009320666786,0.29688206055128785
0.27012009320666786,0.29697243560777226
0.27029933679870943,0.29706281066425666
0.270478580390751,0.29706281066425666
0.270478580390751,0.29724356077722547
0.2706578239827926,0.2973339358337099
0.2706578239827926,0.29742431089019433
0.2708370675748342,0.29751468594667874
0.2708370675748342,0.29769543605964754
0.2711955547589174,0.29787618617261635
0.2711955547589174,0.29805693628558516
0.27137479835095896,0.29814731134206957
0.27137479835095896,0.29850881156800724
0.27155404194300053,0.29859918662449164
0.27155404194300053,0.29868956168097605
0.2717332855350421,0.29877993673746045
0.2717332855350421,0.29887031179394485
0.2719125291270837,0.29887031179394485
0.2719125291270837,0.2991414369633981
0.27209177271912527,0.2992318120198825
0.27209177271912527,0.29932218707636693
0.2722710163111669,0.29932218707636693
0.2724502599032085,0.29941256213285133
0.2724502599032085,0.29959331224582014
0.27262950349525006,0.29968368730230455
0.27262950349525006,0.29977406235878895
0.27280874708729164,0.29977406235878895
0.27280874708729164,0.2998644374152734
0.27334647786341637,0.3001355625847266
0.27334647786341637,0.300225937641211
0.2737049650474995,0.30040668775417984
0.2737049650474995,0.30049706281066424
0.27388420863954116,0.30058743786714864
0.27388420863954116,0.3006778129236331
0.27406345223158274,0.3006778129236331
0.27406345223158274,0.3008585630366019
0.2742426958236243,0.3008585630366019
0.2742426958236243,0.3009489380930863
0.2744219394156659,0.3010393131495707
0.2744219394156659,0.3011296882060551
0.27460118300770747,0.30122006326253953
0.27478042659974905,0.30122006326253953
0.27478042659974905,0.30140081337550834
0.2751389137838322,0.3015815634884772
0.2751389137838322,0.3016719385449616
0.27531815737587384,0.301762313601446
0.27531815737587384,0.3018526886579304
0.275676644559957,0.3020334387708992
0.275676644559957,0.30221418888386803
0.2758558881519986,0.30221418888386803
0.2758558881519986,0.3023949389968369
0.27603513174404015,0.3023949389968369
0.27621437533608173,0.3024853140533213
0.27621437533608173,0.3025756891098057
0.2765728625201649,0.3025756891098057
0.2765728625201649,0.3026660641662901
0.27675210611220646,0.3027564392227745
0.27675210611220646,0.3028468142792589
0.2769313497042481,0.3029371893357433
0.2769313497042481,0.3030275643922277
0.2771105932962897,0.3031179394487122
0.2771105932962897,0.3035698147311342
0.27746908048037283,0.303750564844103
0.27746908048037283,0.3038409399005874
0.2776483240724144,0.3038409399005874
0.2776483240724144,0.3042024401265251
0.277827567664456,0.3042928151830095
0.277827567664456,0.3044735652959783
0.2783652984405807,0.30474469046543157
0.2783652984405807,0.3050158156348848
0.27854454203262236,0.3050158156348848
0.27854454203262236,0.3051061906913692
0.27872378562466393,0.3051061906913692
0.27872378562466393,0.3051965657478536
0.2789030292167055,0.305286940804338
0.2789030292167055,0.3053773158608224
0.2790822728087471,0.3054676909173068
0.2790822728087471,0.30555806597379126
0.27926151640078867,0.30555806597379126
0.27926151640078867,0.30564844103027566
0.2796200035848718,0.30582919114324447
0.2796200035848718,0.3060099412562133
0.27997849076895504,0.3061906913691821
0.2801577343609966,0.3061906913691821
0.2801577343609966,0.30646181653863536
0.2808747087291629,0.306823316764573
0.2808747087291629,0.3070040668775418
0.2810539523212045,0.3070944419340262
0.2810539523212045,0.30754631721644826
0.2812331959132461,0.30754631721644826
0.2812331959132461,0.3079078174423859
0.28141243950528766,0.3079078174423859
0.28141243950528766,0.30808856755535474
0.2815916830973293,0.30817894261183915
0.2815916830973293,0.30826931766832355
0.28177092668937087,0.30826931766832355
0.28177092668937087,0.30845006778129236
0.28195017028141245,0.30845006778129236
0.28195017028141245,0.30854044283777676
0.282129413873454,0.30863081789426117
0.282129413873454,0.30890194306371443
0.2823086574654956,0.30890194306371443
0.2823086574654956,0.30899231812019884
0.28266714464957876,0.30917306823316765
0.28266714464957876,0.30935381834613646
0.28284638824162034,0.30935381834613646
0.28284638824162034,0.30944419340262086
0.28392184979386986,0.30998644374152734
0.28392184979386986,0.3104383190239494
0.284280336977953,0.3104383190239494
0.284280336977953,0.31089019430637144
0.2844595805699946,0.31089019430637144
0.2844595805699946,0.31107094441934025
0.28463882416203623,0.31116131947582465
0.28463882416203623,0.3112516945323091
0.2848180677540778,0.3112516945323091
0.2848180677540778,0.3113420695887935
0.2849973113461194,0.3113420695887935
0.2849973113461194,0.3116131947582467
0.28535579853020254,0.3116131947582467
0.28535579853020254,0.31179394487121553
0.2855350421222441,0.31179394487121553
0.2855350421222441,0.31188431992769994
0.2857142857142857,0.31188431992769994
0.2860727728983689,0.3120650700406688
0.2860727728983689,0.3121554450971532
0.2862520164904105,0.3121554450971532
0.2862520164904105,0.312336195210122
0.28643126008245207,0.3124265702666064
0.28643126008245207,0.3125169453230908
0.28661050367449364,0.3126073203795752
0.28661050367449364,0.31269769543605963
0.2867897472665352,0.31269769543605963
0.28750672163470153,0.3130591956619973
0.28768596522674317,0.3130591956619973
0.28768596522674317,0.3133303208314505
0.2882236960028679,0.3136014460009037
0.2884029395949095,0.3136014460009037
0.2884029395949095,0.3139629462268414
0.28858218318695106,0.3139629462268414
0.28858218318695106,0.3140533212833258
0.2889406703710342,0.3142340713962946
0.2889406703710342,0.314324446452779
0.28911991396307585,0.314324446452779
0.28911991396307585,0.3145051965657479
0.2892991575551174,0.3145051965657479
0.2896576447392006,0.3146859466787167
0.28983688833124216,0.3146859466787167
0.28983688833124216,0.3152281970176231
0.29001613192328374,0.3152281970176231
0.29001613192328374,0.3153185720741076
0.2903746191073669,0.3153185720741076
0.2903746191073669,0.3155896972435608
0.29055386269940847,0.3155896972435608
0.29055386269940847,0.3156800723000452
0.2907331062914501,0.3156800723000452
0.2907331062914501,0.3157704473565296
0.2909123498834917,0.315860822413014
0.2909123498834917,0.3159511974694984
0.29109159347553326,0.3159511974694984
0.29109159347553326,0.3160415725259828
0.29127083706757484,0.3160415725259828
0.29127083706757484,0.31622232263895167
0.2914500806596164,0.3163126976954361
0.2914500806596164,0.3164030727519205
0.291629324251658,0.3164030727519205
0.291629324251658,0.3164934478084049
0.2918085678436996,0.3164934478084049
0.2918085678436996,0.3165838228648893
0.29216705502778273,0.3167645729778581
0.29216705502778273,0.3168549480343425
0.29234629861982436,0.3168549480343425
0.29234629861982436,0.31703569814731136
0.29252554221186594,0.31712607320379577
0.29252554221186594,0.31721644826028017
0.2927047858039075,0.3173068233167646
0.2927047858039075,0.317397198373249
0.2930632729879907,0.3175779484862178
0.2930632729879907,0.3176683235427022
0.29324251658003225,0.3176683235427022
0.29324251658003225,0.31775869859918665
0.29342176017207383,0.31775869859918665
0.29342176017207383,0.31784907365567105
0.2936010037641154,0.31784907365567105
0.2936010037641154,0.31793944871215546
0.2939594909481986,0.31812019882512427
0.2939594909481986,0.31821057388160867
0.2941387345402402,0.3183009489380931
0.2941387345402402,0.3183913239945775
0.2943179781322818,0.3183913239945775
0.2943179781322818,0.31866244916403075
0.29449722172432335,0.31866244916403075
0.29449722172432335,0.31884319927699956
0.29467646531636493,0.31893357433348396
0.2948557089084065,0.31893357433348396
0.2948557089084065,0.3192046995029372
0.2950349525004481,0.3192046995029372
0.2950349525004481,0.3192950745594216
0.29521419609248967,0.31938544961590604
0.29521419609248967,0.31956619972887484
0.2953934396845313,0.31956619972887484
0.2955726832765729,0.31965657478535925
0.2955726832765729,0.31974694984184365
0.29575192686861446,0.31974694984184365
0.29575192686861446,0.31992769995481246
0.29593117046065603,0.31992769995481246
0.29593117046065603,0.32001807501129687
0.2961104140526976,0.32010845006778127
0.2961104140526976,0.32028920018075013
0.2962896576447392,0.32028920018075013
0.2962896576447392,0.32065070040668775
0.29646890123678077,0.32065070040668775
0.29646890123678077,0.32074107546317215
0.29664814482882235,0.32074107546317215
0.296827388420864,0.32083145051965656
0.296827388420864,0.3210122006326254
0.29700663201290556,0.3211025756891098
0.29700663201290556,0.32119295074559423
0.29718587560494714,0.32119295074559423
0.29718587560494714,0.32128332580207863
0.2973651191969887,0.32137370085856304
0.2973651191969887,0.32146407591504744
0.2975443627890303,0.32155445097153185
0.2975443627890303,0.32164482602801625
0.29772360638107187,0.32173520108450065
0.29772360638107187,0.3218255761409851
0.29790284997311345,0.3219159511974695
0.29790284997311345,0.32227745142340714
0.298082093565155,0.32227745142340714
0.298082093565155,0.32245820153637594
0.2982613371571966,0.32245820153637594
0.2982613371571966,0.32254857659286035
0.29897831152536297,0.322910076818798
0.29897831152536297,0.3230004518752824
0.29915755511740455,0.32309082693176683
0.29915755511740455,0.3237234523271577
0.29933679870944613,0.3237234523271577
0.29933679870944613,0.3238138273836421
0.2995160423014877,0.3239042024401265
0.2995160423014877,0.3239945774966109
0.2996952858935293,0.32408495255309533
0.2996952858935293,0.3242657026660642
0.3002330166696541,0.3245368278355174
0.3002330166696541,0.3248079530049706
0.30041226026169565,0.3248079530049706
0.30059150385373723,0.324898328061455
0.30059150385373723,0.3252598282873927
0.3007707474457788,0.3253502033438771
0.3007707474457788,0.3254405784003615
0.3009499910378204,0.3255309534568459
0.3009499910378204,0.3256213285133303
0.30112923462986196,0.3256213285133303
0.30112923462986196,0.3257117035698147
0.30130847822190354,0.3258020786262991
0.30130847822190354,0.3258924536827836
0.3014877218139452,0.325982828739268
0.3014877218139452,0.3260732037957524
0.30166696540598675,0.3261635788522368
0.30166696540598675,0.3262539539087212
0.30184620899802833,0.3262539539087212
0.30184620899802833,0.3263443289652056
0.3020254525900699,0.3263443289652056
0.3022046961821115,0.32643470402169
0.3022046961821115,0.3265250790781744
0.30238393977415307,0.3266154541346588
0.30238393977415307,0.3267962042476277
0.30256318336619464,0.3268865793041121
0.30256318336619464,0.32760957975598737
0.3027424269582362,0.32760957975598737
0.3027424269582362,0.32769995481247177
0.30292167055027786,0.3277903298689562
0.30292167055027786,0.3278807049254406
0.30310091414231943,0.3278807049254406
0.30310091414231943,0.3280614550384094
0.303280157734361,0.3280614550384094
0.303280157734361,0.32833258020786266
0.3034594013264026,0.32842295526434706
0.3034594013264026,0.32851333032083146
0.30363864491844417,0.32851333032083146
0.30363864491844417,0.32860370537731587
0.30381788851048575,0.32860370537731587
0.3039971321025273,0.3286940804338003
0.3039971321025273,0.3289652056032535
0.3041763756945689,0.3290555806597379
0.3041763756945689,0.32914595571622235
0.3045348628786521,0.32914595571622235
0.3045348628786521,0.32923633077270675
0.3052518372468184,0.32959783099864437
0.3052518372468184,0.33014008133755085
0.30543108083886,0.33023045639403525
0.30543108083886,0.33041120650700406
0.3056103244309016,0.33041120650700406
0.3056103244309016,0.33050158156348847
0.30596881161498474,0.3306823316764573
0.30596881161498474,0.33077270673294173
0.30614805520702637,0.33086308178942614
0.30614805520702637,0.33095345684591054
0.30632729879906795,0.33095345684591054
0.3065065423911095,0.33104383190239495
0.3065065423911095,0.33113420695887935
0.3068650295751927,0.33131495707184816
0.3068650295751927,0.33149570718481697
0.3074027603513174,0.33176683235427024
0.3074027603513174,0.33194758246723904
0.30758200394335905,0.33203795752372345
0.30758200394335905,0.33212833258020785
0.30776124753540063,0.33212833258020785
0.30829897831152536,0.3323994577496611
0.30829897831152536,0.3324898328061455
0.30847822190356694,0.33258020786262993
0.30847822190356694,0.33303208314505195
0.3086574654956085,0.33303208314505195
0.3086574654956085,0.3333032083145052
0.3088367090876501,0.3333935833709896
0.3088367090876501,0.33357433348395843
0.3090159526796917,0.33357433348395843
0.3091951962717333,0.33366470854044283
0.3091951962717333,0.3340262087663805
0.3093744398637749,0.3340262087663805
0.3093744398637749,0.3342069588793493
0.30955368345581646,0.3342973339358337
0.30955368345581646,0.33465883416177133
0.30973292704785804,0.33465883416177133
0.30973292704785804,0.33474920921825574
0.3099121706398996,0.33474920921825574
0.3099121706398996,0.335020334387709
0.3100914142319412,0.3351107094441934
0.3100914142319412,0.3352010845006778
0.3102706578239828,0.3352914595571622
0.3102706578239828,0.3353818346136466
0.31044990141602435,0.3353818346136466
0.31044990141602435,0.33556258472661543
0.310629145008066,0.3356529597830999
0.310629145008066,0.3358337098960687
0.31098763219214914,0.3360144600090375
0.3111668757841907,0.3360144600090375
0.3111668757841907,0.337008585630366
0.3113461193762323,0.337008585630366
0.3113461193762323,0.3371893357433348
0.3115253629682739,0.3371893357433348
0.3115253629682739,0.3372797107998193
0.31188385015235703,0.3373700858563037
0.31188385015235703,0.3377315860822413
0.31224233733644025,0.3379123361952101
0.31224233733644025,0.3380027112516945
0.3124215809284818,0.33809308630817897
0.3124215809284818,0.3383642114776322
0.3126008245205234,0.3383642114776322
0.3126008245205234,0.3384545865341166
0.31313855529664814,0.3387257117035698
0.31313855529664814,0.3388160867600542
0.3133177988886897,0.3388160867600542
0.3136762860727729,0.33899683687302307
0.3138555296648145,0.33899683687302307
0.3138555296648145,0.3392679620424763
0.3140347732568561,0.3393583370989607
0.3140347732568561,0.33999096249435157
0.31439326044093924,0.33999096249435157
0.31439326044093924,0.3401717126073204
0.3147517476250224,0.3403524627202892
0.3147517476250224,0.3404428377767736
0.31493099121706397,0.34053321283325805
0.31493099121706397,0.34062358788974245
0.31511023480910555,0.34062358788974245
0.31511023480910555,0.34071396294622686
0.3152894784011472,0.34071396294622686
0.3152894784011472,0.34080433800271126
0.31546872199318876,0.34089471305919566
0.31546872199318876,0.34098508811568007
0.31564796558523034,0.34098508811568007
0.31564796558523034,0.3410754631721645
0.3158272091772719,0.3411658382286489
0.3158272091772719,0.34134658834161774
0.31636493995339665,0.34161771351107095
0.31636493995339665,0.34188883868052417
0.31672342713747986,0.342069588793493
0.31672342713747986,0.34225033890646184
0.31690267072952144,0.34234071396294624
0.317081914321563,0.34234071396294624
0.317081914321563,0.34252146407591505
0.3172611579136046,0.34261183913239945
0.3172611579136046,0.34270221418888386
0.3174404015056462,0.34279258924536826
0.3174404015056462,0.34288296430185267
0.31761964509768775,0.3429733393583371
0.31761964509768775,0.34306371441482153
0.31779888868972933,0.34315408947130593
0.31779888868972933,0.34333483958427474
0.3179781322817709,0.34333483958427474
0.3179781322817709,0.34351558969724355
0.3183366194658541,0.34351558969724355
0.3183366194658541,0.3437867148666968
0.3185158630578957,0.3438770899231812
0.3185158630578957,0.3439674649796656
0.3186951066499373,0.34405784003615003
0.3186951066499373,0.34414821509263444
0.31887435024197885,0.34414821509263444
0.31887435024197885,0.34423859014911884
0.31905359383402043,0.34432896520560324
0.31905359383402043,0.34441934026208765
0.319232837426062,0.34441934026208765
0.319232837426062,0.3446000903750565
0.3194120810181036,0.3446000903750565
0.3194120810181036,0.3447808404880253
0.31959132461014517,0.3447808404880253
0.31959132461014517,0.3448712155445097
0.32012905538626996,0.34514234071396294
0.32012905538626996,0.3454134658834162
0.3204875425703531,0.345594215996385
0.3204875425703531,0.34595571622232263
0.32156300412260264,0.3464979665612291
0.32156300412260264,0.3466787166741979
0.3217422477146442,0.3467690917306823
0.3217422477146442,0.3468594667871667
0.3219214913066858,0.3468594667871667
0.32210073489872737,0.34694984184365113
0.32210073489872737,0.3470402169001356
0.3224592220828105,0.3472209670131044
0.3224592220828105,0.3473113420695888
0.3226384656748521,0.3474017171260732
0.3226384656748521,0.3474920921825576
0.3228177092668937,0.347582467239042
0.3228177092668937,0.3478535924084953
0.3229969528589353,0.3478535924084953
0.3229969528589353,0.3479439674649797
0.3231761964509769,0.3480343425214641
0.3231761964509769,0.3481247175779485
0.32335544004301847,0.3481247175779485
0.32335544004301847,0.3484862178038861
0.32353468363506005,0.3485765928603705
0.32353468363506005,0.348666967916855
0.3238931708191432,0.3488477180298238
0.3238931708191432,0.3489380930863082
0.32425165800322636,0.349118843199277
0.32425165800322636,0.3492092182557614
0.324430901595268,0.3492995933122458
0.324430901595268,0.3499322187076367
0.3246101451873096,0.3500225937641211
0.3246101451873096,0.3501129688206055
0.32478938877935115,0.3501129688206055
0.32478938877935115,0.3502033438770899
0.32496863237139273,0.35029371893357436
0.32496863237139273,0.35038409399005876
0.3251478759634343,0.35038409399005876
0.3253271195554759,0.35047446904654317
0.3253271195554759,0.3509263443289652
0.32550636314751746,0.3510167193854496
0.32550636314751746,0.35119746949841846
0.32568560673955904,0.35119746949841846
0.32568560673955904,0.35128784455490286
0.3258648503316006,0.35128784455490286
0.3264025811077254,0.3515589697243561
0.326581824699767,0.3515589697243561
0.326581824699767,0.3518300948938093
0.32676106829180857,0.3518300948938093
0.32676106829180857,0.35192046995029375
0.32694031188385014,0.35192046995029375
0.32694031188385014,0.35201084500677815
0.3271195554758917,0.35210122006326255
0.3271195554758917,0.35237234523271577
0.3272987990679333,0.35246272028920017
0.3272987990679333,0.3525530953456846
0.32747804265997493,0.3525530953456846
0.32747804265997493,0.35291459557162225
0.3278365298440581,0.35309534568459106
0.3278365298440581,0.35318572074107546
0.32801577343609967,0.35318572074107546
0.32801577343609967,0.35372797107998194
0.32819501702814124,0.35381834613646634
0.32819501702814124,0.35390872119295075
0.3283742606201828,0.35390872119295075
0.3283742606201828,0.35399909624943515
0.3285535042122244,0.35408947130591956
0.3285535042122244,0.35427022141888836
0.328732747804266,0.35427022141888836
0.328732747804266,0.35454134658834163
0.32891199139630756,0.35463172164482604
0.32891199139630756,0.35472209670131044
0.3290912349883492,0.35472209670131044
0.3290912349883492,0.35481247175779485
0.32927047858039077,0.35490284681427925
0.32944972217243235,0.35490284681427925
0.32944972217243235,0.35499322187076365
0.3296289657644739,0.35508359692724806
0.3296289657644739,0.3552643470402169
0.3298082093565155,0.3552643470402169
0.3298082093565155,0.35544509715318573
0.3299874529485571,0.35544509715318573
0.3299874529485571,0.35553547220967013
0.33016669654059866,0.35553547220967013
0.33016669654059866,0.35562584726615454
0.33034594013264024,0.35571622232263894
0.33052518372468187,0.35571622232263894
0.33052518372468187,0.35580659737912335
0.33070442731672345,0.35589697243560775
0.33070442731672345,0.3559873474920922
0.330883670908765,0.3559873474920922
0.3310629145008066,0.3560777225485766
0.3310629145008066,0.356168097605061
0.3312421580928482,0.3562584726615454
0.3312421580928482,0.35643922277451423
0.33142140168488976,0.35643922277451423
0.33160064527693134,0.35652959783099863
0.33160064527693134,0.35661997288748304
0.3317798888689729,0.35661997288748304
0.3317798888689729,0.3568007230004519
0.3319591324610145,0.3568007230004519
0.3319591324610145,0.3569814731134207
0.3324968632371393,0.3572525982828739
0.3324968632371393,0.35743334839584273
0.33267610682918086,0.35752372345232714
0.33267610682918086,0.357704473565296
0.33285535042122244,0.357704473565296
0.33285535042122244,0.3578852236782648
0.3333930811973472,0.358156348847718
0.3333930811973472,0.3584274740171713
0.33357232478938875,0.3584274740171713
0.33357232478938875,0.3586985991866245
0.3337515683814304,0.3587889742431089
0.3337515683814304,0.3588793492995933
0.3342892991575551,0.3591504744690465
0.3342892991575551,0.3595119746949842
0.3344685427495967,0.3596023497514686
0.3344685427495967,0.3599638499774062
0.3346477863416383,0.3600542250338907
0.3346477863416383,0.3601446000903751
0.33482702993367985,0.3601446000903751
0.33482702993367985,0.3602349751468595
0.33500627352572143,0.3603253502033439
0.33500627352572143,0.3604157252598283
0.33518551711776307,0.3605061003163127
0.33518551711776307,0.3607772254857659
0.33536476070980464,0.3607772254857659
0.33536476070980464,0.36095797559873477
0.3357232478938878,0.3611387257117036
0.3357232478938878,0.3614098508811568
0.3359024914859294,0.3615002259376412
0.3359024914859294,0.36195210122006327
0.33608173507797096,0.3620424762765477
0.33626097867001253,0.3620424762765477
0.33626097867001253,0.3621328513330321
0.3366194658540957,0.3623136014460009
0.3366194658540957,0.36249435155896975
0.3367987094461373,0.36249435155896975
0.3367987094461373,0.36276547672842296
0.3369779530381789,0.36285585178490737
0.3369779530381789,0.3629462268413918
0.3371571966302205,0.3629462268413918
0.3371571966302205,0.36330772706732944
0.33751568381430364,0.36348847718029825
0.3376949274063452,0.36348847718029825
0.3376949274063452,0.36357885223678266
0.3378741709983868,0.36366922729326706
0.3378741709983868,0.36384997740623587
0.33805341459042837,0.3639403524627203
0.33805341459042837,0.36457297785811116
0.33823265818247,0.36466335291459556
0.33823265818247,0.36484410302756437
0.3384119017745116,0.36484410302756437
0.3384119017745116,0.36493447808404883
0.33859114536655316,0.36502485314053323
0.33859114536655316,0.36511522819701764
0.33877038895859474,0.36511522819701764
0.33877038895859474,0.36538635336647085
0.3389496325506363,0.36547672842295525
0.3391288761426779,0.36547672842295525
0.3391288761426779,0.36565747853592406
0.33930811973471947,0.3657478535924085
0.33930811973471947,0.36592860370537733
0.33948736332676105,0.36592860370537733
0.3396666069188026,0.36601897876186174
0.33984585051084426,0.36601897876186174
0.33984585051084426,0.36610935381834614
0.34002509410288584,0.36619972887483054
0.34002509410288584,0.36647085404428376
0.3402043376949274,0.36647085404428376
0.340383581286969,0.3665612291007682
0.340383581286969,0.3666516041572526
0.3405628248790106,0.3666516041572526
0.3405628248790106,0.3673746046091279
0.34074206847105215,0.3674649796656123
0.34092131206309373,0.3674649796656123
0.34092131206309373,0.3675553547220967
0.34127979924717694,0.3677361048350655
0.34127979924717694,0.3681879801174876
0.3414590428392185,0.368278355173972
0.3414590428392185,0.3684591052869408
0.3418175300233017,0.3686398553999096
0.3418175300233017,0.36891098056936283
0.34199677361534325,0.3690013556258473
0.34199677361534325,0.3690917306823317
0.34217601720738483,0.3690917306823317
0.34217601720738483,0.3697243560777225
0.3423552607994264,0.3697243560777225
0.3423552607994264,0.3699954812471758
0.342534504391468,0.3699954812471758
0.342534504391468,0.3701762313601446
0.34271374798350956,0.370266606416629
0.3428929915755512,0.370266606416629
0.3428929915755512,0.3703569814731134
0.34343072235167593,0.3706281066425667
0.34343072235167593,0.3707184816990511
0.3436099659437175,0.3708088567555355
0.3436099659437175,0.3708992318120199
0.3437892095357591,0.3709896068685043
0.34396845312780067,0.3709896068685043
0.34396845312780067,0.3711703569814731
0.3443269403118839,0.3711703569814731
0.3443269403118839,0.3713511070944419
0.34468542749596703,0.3713511070944419
0.34468542749596703,0.3715318572074108
0.3448646710880086,0.3716222322638952
0.3448646710880086,0.3717126073203796
0.34540240186413335,0.3719837324898328
0.34540240186413335,0.3724356077722549
0.3455816454561749,0.3724356077722549
0.3455816454561749,0.3727067329417081
0.3457608890482165,0.3727971079981925
0.3457608890482165,0.3728874830546769
0.34594013264025814,0.3728874830546769
0.3462986198243413,0.37306823316764576
0.3462986198243413,0.37315860822413016
0.34647786341638287,0.37315860822413016
0.34647786341638287,0.3734297333935834
0.346836350600466,0.3734297333935834
0.346836350600466,0.373791233619521
0.3470155941925076,0.373791233619521
0.3470155941925076,0.37388160867600545
0.3471948377845492,0.37397198373248985
0.3471948377845492,0.37433348395842747
0.34737408137659076,0.3744238590149119
0.34737408137659076,0.3746046091278807
0.3475533249686324,0.37469498418436514
0.3475533249686324,0.37496610935381836
0.34791181215271555,0.37514685946678716
0.34791181215271555,0.37523723452327157
0.3480910557447571,0.37523723452327157
0.3482702993367987,0.37532760957975597
0.3482702993367987,0.37559873474920924
0.34862878652088186,0.37577948486217805
0.34862878652088186,0.37586985991866245
0.34880803011292344,0.37586985991866245
0.34880803011292344,0.37614098508811566
0.34916651729700665,0.3763217352010845
0.34916651729700665,0.37668323542702215
0.34934576088904823,0.37677361048350655
0.34934576088904823,0.37686398553999095
0.3495250044810898,0.37686398553999095
0.3495250044810898,0.37704473565295976
0.34988349166517296,0.3772254857659286
0.35006273525721454,0.3772254857659286
0.35006273525721454,0.37731586082241303
0.3504212224412977,0.37749661093538184
0.3504212224412977,0.37758698599186624
0.35060046603333933,0.37767736104835065
0.35060046603333933,0.37830998644374153
0.3507797096253809,0.37840036150022593
0.3507797096253809,0.37849073655671034
0.3509589532174225,0.37858111161319474
0.3509589532174225,0.37930411206507003
0.35113819680946406,0.37930411206507003
0.35113819680946406,0.37957523723452324
0.35131744040150564,0.37957523723452324
0.35131744040150564,0.3801174875734297
0.3514966839935472,0.38020786262991413
0.3516759275855888,0.38020786262991413
0.3516759275855888,0.38029823768639853
0.3518551711776304,0.38038861274288294
0.3518551711776304,0.3810212381382738
0.352034414769672,0.3811116131947582
0.352034414769672,0.38120198825124263
0.3522136583617136,0.3812923633077271
0.3522136583617136,0.3817442385901491
0.3529306327298799,0.3821057388160868
0.3529306327298799,0.3821961138725712
0.3531098763219215,0.3821961138725712
0.3531098763219215,0.38237686398554
0.35328911991396306,0.3824672390420244
0.35328911991396306,0.3825576140985088
0.35346836350600463,0.3826479891549932
0.35346836350600463,0.3830998644374153
0.35364760709804627,0.3831902394938997
0.35364760709804627,0.3832806145503841
0.35382685069008785,0.3833709896068685
0.35382685069008785,0.3834613646633529
0.354185337874171,0.3836421147763217
0.354185337874171,0.38373248983280617
0.3543645814662126,0.38373248983280617
0.3543645814662126,0.383913239945775
0.35454382505825416,0.3840036150022594
0.35454382505825416,0.3840939900587438
0.35472306865029574,0.3841843651152282
0.35472306865029574,0.3842747401717126
0.3549023122423373,0.3842747401717126
0.3549023122423373,0.3844554902846814
0.35508155583437895,0.3844554902846814
0.3554400430184621,0.38463624039765026
0.3554400430184621,0.3849073655671035
0.3556192866105037,0.3849073655671035
0.3556192866105037,0.3849977406235879
0.35579853020254526,0.3850881156800723
0.35579853020254526,0.3852688657930411
0.35633626097867,0.38553999096249436
0.35633626097867,0.3859918662449164
0.35651550457071157,0.3860822413014008
0.35651550457071157,0.38644374152733846
0.35723247893887794,0.3868052417532761
0.35723247893887794,0.3868956168097605
0.3575909661229611,0.3868956168097605
0.3575909661229611,0.38698599186624494
0.35794945330704425,0.38716674197921375
0.35812869689908583,0.38716674197921375
0.35812869689908583,0.38725711703569815
0.35848718408316904,0.38743786714866696
0.35848718408316904,0.38816086760054225
0.3586664276752106,0.38825124265702665
0.3586664276752106,0.38843199276999546
0.3588456712672522,0.38843199276999546
0.3588456712672522,0.38852236782647986
0.3590249148592938,0.38852236782647986
0.3590249148592938,0.3886127428829643
0.35920415845133535,0.38870311793944873
0.35920415845133535,0.38879349299593313
0.3595626456354185,0.38897424310890194
0.3595626456354185,0.38906461816538634
0.35974188922746014,0.38906461816538634
0.35974188922746014,0.38933574333483956
0.3599211328195017,0.38933574333483956
0.3601003764115433,0.389426118391324
0.3602796200035849,0.389426118391324
0.3602796200035849,0.3896068685042928
0.36045886359562646,0.38969724356077723
0.36045886359562646,0.38978761861726163
0.36063810718766803,0.38987799367374604
0.36063810718766803,0.39014911884319925
0.3609965943717512,0.39014911884319925
0.3609965943717512,0.3902394938996837
0.36117583796379277,0.3903298689561681
0.36117583796379277,0.3905106190691369
0.3613550815558344,0.3905106190691369
0.3613550815558344,0.3906009941256213
0.361534325147876,0.39069136918210573
0.361534325147876,0.3911432444645278
0.36171356873991756,0.3911432444645278
0.36171356873991756,0.3915951197469498
0.36189281233195914,0.39168549480343423
0.36189281233195914,0.3918662449164031
0.3620720559240007,0.3919566199728875
0.3620720559240007,0.3921373700858563
0.3622512995160423,0.3921373700858563
0.3622512995160423,0.3926796204247628
0.36243054310808387,0.3927699954812472
0.36243054310808387,0.3928603705377316
0.36260978670012545,0.3928603705377316
0.36260978670012545,0.392950745594216
0.3627890302921671,0.392950745594216
0.3627890302921671,0.3936737460460913
0.36296827388420866,0.3937641211025757
0.36296827388420866,0.3938544961590601
0.36314751747625024,0.3939448712155445
0.36314751747625024,0.3941256213285133
0.3633267610682918,0.3941256213285133
0.3633267610682918,0.3942159963849977
0.36368524825237497,0.3943967464979666
0.36368524825237497,0.394487121554451
0.36386449184441655,0.3945774966109354
0.36386449184441655,0.3946678716674198
0.3640437354364581,0.3946678716674198
0.3640437354364581,0.3948486217803886
0.3649399533966661,0.3953004970628107
0.3649399533966661,0.3953908721192951
0.36511919698870765,0.3954812471757795
0.36511919698870765,0.3956619972887483
0.36529844058074923,0.3956619972887483
0.36529844058074923,0.39620424762765477
0.3654776841727908,0.39620424762765477
0.3654776841727908,0.396475372797108
0.3661946585409572,0.39683687302304566
0.3661946585409572,0.39692724807953006
0.36637390213299875,0.39692724807953006
0.36637390213299875,0.39701762313601446
0.36655314572504033,0.39710799819249887
0.3667323893170819,0.39710799819249887
0.3667323893170819,0.39719837324898327
0.3669116329091235,0.39719837324898327
0.3669116329091235,0.3974694984184365
0.36709087650116506,0.39755987347492094
0.36709087650116506,0.39765024853140535
0.36727012009320664,0.39765024853140535
0.36727012009320664,0.39774062358788975
0.3674493636852483,0.39774062358788975
0.3674493636852483,0.39792137370085856
0.36762860727728985,0.39792137370085856
0.36762860727728985,0.39801174875734296
0.367987094461373,0.3981924988703118
0.367987094461373,0.39846362403976504
0.3681663380534146,0.39846362403976504
0.3681663380534146,0.39891549932218706
0.36834558164545617,0.39891549932218706
0.36834558164545617,0.39900587437867147
0.36852482523749774,0.39909624943515587
0.36852482523749774,0.39954812471757795
0.3687040688295393,0.39954812471757795
0.3687040688295393,0.39963849977406235
0.36906255601362253,0.39981924988703116
0.36906255601362253,0.4
0.3692417996056641,0.4000903750564844
0.3692417996056641,0.40027112516945323
0.36960028678974727,0.40045187528242204
0.36960028678974727,0.4008133755083597
0.36977953038178885,0.4009037505648441
0.36977953038178885,0.4010845006778129
0.3699587739738304,0.40117487573429733
0.3699587739738304,0.4018075011296882
0.370138017565872,0.4018978761861726
0.3703172611579136,0.4018978761861726
0.3703172611579136,0.401988251242657
0.3704965047499552,0.40207862629914143
0.3704965047499552,0.40216900135562583
0.3706757483419968,0.40225937641211024
0.3706757483419968,0.4025305015815635
0.37103423552607995,0.4027112516945323
0.37103423552607995,0.4028016267510167
0.3712134791181215,0.4028016267510167
0.3712134791181215,0.4029823768639855
0.3713927227101631,0.40307275192046993
0.3715719663022047,0.40307275192046993
0.3715719663022047,0.4032535020334388
0.37175120989424626,0.4032535020334388
0.37210969707832947,0.4034342521464076
0.37210969707832947,0.4036150022593764
0.37228894067037105,0.4037053773158608
0.37228894067037105,0.4041572525982829
0.3724681842624126,0.4041572525982829
0.3724681842624126,0.4043380027112517
0.3728266714464958,0.4045187528242205
0.3728266714464958,0.4046995029371893
0.37300591503853736,0.4046995029371893
0.37300591503853736,0.4048802530501582
0.37318515863057894,0.4048802530501582
0.37318515863057894,0.4051513782196114
0.37372288940670373,0.4054225033890646
0.37372288940670373,0.405512878445549
0.3739021329987453,0.4056032535020334
0.3739021329987453,0.40569362855851787
0.3740813765907869,0.40569362855851787
0.3740813765907869,0.4057840036150023
0.37426062018282846,0.4057840036150023
0.37426062018282846,0.4059647537279711
0.37443986377487004,0.4060551287844555
0.37443986377487004,0.4061455038409399
0.3746191073669116,0.4061455038409399
0.3746191073669116,0.40650700406687756
0.3747983509589532,0.40659737912336197
0.3747983509589532,0.4067781292363308
0.3749775945509948,0.4067781292363308
0.3749775945509948,0.4068685042928152
0.3751568381430364,0.4069588793492996
0.3751568381430364,0.4071396294622684
0.375336081735078,0.4072300045187528
0.37551532532711956,0.4072300045187528
0.37551532532711956,0.40732037957523726
0.37569456891916114,0.40732037957523726
0.37569456891916114,0.40750112968820607
0.3758738125112027,0.40759150474469047
0.3760530561032443,0.40759150474469047
0.3760530561032443,0.4077722548576593
0.37641154328732745,0.4077722548576593
0.37641154328732745,0.40849525530953457
0.37677003047141067,0.4086760054225034
0.37677003047141067,0.40894713059195664
0.37694927406345224,0.40903750564844105
0.37694927406345224,0.40930863081789426
0.3771285176554938,0.40930863081789426
0.3771285176554938,0.40957975598734747
0.3773077612475354,0.40957975598734747
0.3773077612475354,0.40976050610031634
0.377487004839577,0.40985088115680074
0.377487004839577,0.40994125621328514
0.37784549202366013,0.40994125621328514
0.37784549202366013,0.41003163126976955
0.3780247356157017,0.41012200632625395
0.3780247356157017,0.41021238138273836
0.37820397920774335,0.41030275643922276
0.37820397920774335,0.41039313149570716
0.3783832227997849,0.41048350655219157
0.3785624663918265,0.41048350655219157
0.3785624663918265,0.41057388160867603
0.3787417099838681,0.41066425666516043
0.3787417099838681,0.41075463172164484
0.37892095357590966,0.41075463172164484
0.37892095357590966,0.41120650700406686
0.37910019716795124,0.41129688206055126
0.37910019716795124,0.4113872571170357
0.3792794407599928,0.4114776321735201
0.3792794407599928,0.41183913239945774
0.3794586843520344,0.41183913239945774
0.3794586843520344,0.41201988251242655
0.3798171715361176,0.4122006326253954
0.3798171715361176,0.4122910076818798
0.3799964151281592,0.4122910076818798
0.38017565872020076,0.4123813827383642
0.38017565872020076,0.4124717577948486
0.38035490231224234,0.41256213285133303
0.38035490231224234,0.41265250790781743
0.3805341459042839,0.41265250790781743
0.3805341459042839,0.41274288296430184
0.3807133894963255,0.41283325802078624
0.3807133894963255,0.41292363307727065
0.38107187668040865,0.4131043831902395
0.38107187668040865,0.4131947582467239
0.38143036386449186,0.4133755083596927
0.38143036386449186,0.41355625847266153
0.38160960745653344,0.41364663352914594
0.38160960745653344,0.4139177586985992
0.3819680946406166,0.414098508811568
0.3819680946406166,0.4143696339810212
0.3821473382326582,0.4143696339810212
0.3821473382326582,0.41446000903750563
0.38232658182469975,0.41455038409399003
0.38232658182469975,0.4147311342069589
0.38250582541674133,0.4147311342069589
0.38250582541674133,0.4148215092634433
0.38268506900878296,0.4148215092634433
0.38268506900878296,0.4150022593764121
0.38286431260082454,0.4150926344328965
0.38286431260082454,0.4151830094893809
0.3832227997849077,0.4153637596023497
0.3832227997849077,0.415634884771803
0.38358128696899085,0.4158156348847718
0.38358128696899085,0.4159963849977406
0.38376053056103243,0.416086760054225
0.38376053056103243,0.4162675101671939
0.3841190177451156,0.4164482602801627
0.3841190177451156,0.4165386353366471
0.3842982613371572,0.4165386353366471
0.3842982613371572,0.4166290103931315
0.3844775049291988,0.4167193854496159
0.3844775049291988,0.4168097605061003
0.38483599211328195,0.4169905106190691
0.38483599211328195,0.41708088567555357
0.38501523570532353,0.41708088567555357
0.38501523570532353,0.417171260732038
0.3851944792973651,0.417171260732038
0.3851944792973651,0.4174423859014912
0.3853737228894067,0.4174423859014912
0.3853737228894067,0.4178038861274288
0.38555296648144827,0.4178038861274288
0.38555296648144827,0.41798463624039767
0.38573221007348985,0.41798463624039767
0.38573221007348985,0.4182557614098509
0.3859114536655315,0.4183461364663353
0.3859114536655315,0.4184365115228197
0.38609069725757306,0.4184365115228197
0.3864491844416562,0.4186172616357885
0.3866284280336978,0.4186172616357885
0.3866284280336978,0.41870763669227296
0.38680767162573937,0.41870763669227296
0.38680767162573937,0.41879801174875736
0.3871661588098225,0.41897876186172617
0.3871661588098225,0.419159511974695
0.38734540240186416,0.419159511974695
0.38734540240186416,0.4192498870311794
0.3884208639541136,0.41979213737008586
0.3884208639541136,0.42033438770899234
0.3886001075461552,0.42033438770899234
0.3886001075461552,0.42042476276547674
0.3887793511381968,0.42042476276547674
0.3887793511381968,0.42060551287844555
0.3889585947302384,0.42069588793492996
0.3889585947302384,0.4210573881608676
0.38913783832228,0.42114776321735203
0.38913783832228,0.42150926344328965
0.38931708191432157,0.42159963849977405
0.38949632550636315,0.42159963849977405
0.38949632550636315,0.4219611387257117
0.3900340562824879,0.42223226389516494
0.3900340562824879,0.42232263895164934
0.3905717870586127,0.42259376412110256
0.39075103065065425,0.42259376412110256
0.39075103065065425,0.42268413917758696
0.3911095178347374,0.4228648892905558
0.3911095178347374,0.42313601446000904
0.391288761426779,0.42313601446000904
0.3918264922029037,0.42340713962946225
0.3918264922029037,0.42349751468594665
0.39200573579494535,0.42349751468594665
0.39200573579494535,0.4236782647989155
0.39218497938698693,0.4237686398553999
0.39218497938698693,0.42394938996836873
0.3923642229790285,0.42403976502485313
0.3923642229790285,0.4245820153637596
0.3925434665710701,0.424672390420244
0.3925434665710701,0.4248531405332128
0.39272271016311167,0.4248531405332128
0.39272271016311167,0.42494351558969723
0.39290195375515324,0.42503389064618163
0.3930811973471948,0.42503389064618163
0.3930811973471948,0.42512426570266604
0.3932604409392364,0.42512426570266604
0.3932604409392364,0.4253953908721193
0.3936189281233196,0.4255761409850881
0.3936189281233196,0.4256665160415725
0.3937981717153612,0.4256665160415725
0.39415665889944435,0.4258472661545413
0.39415665889944435,0.42593764121102573
0.3943359024914859,0.42593764121102573
0.39487363326761066,0.426208766380479
0.39487363326761066,0.4263895164934478
0.39523212045169387,0.4265702666064166
0.39523212045169387,0.426660641662901
0.39541136404373545,0.4267510167193854
0.39541136404373545,0.4268413917758699
0.395590607635777,0.4268413917758699
0.3957698512278186,0.4269317668323543
0.3959490948198602,0.4269317668323543
0.3959490948198602,0.4270221418888387
0.39630758200394334,0.4272028920018075
0.39630758200394334,0.4274740171712607
0.39648682559598497,0.4275643922277451
0.39648682559598497,0.4276547672842296
0.39666606918802655,0.427745142340714
0.39666606918802655,0.4278355173971984
0.3968453127800681,0.4279258924536828
0.3968453127800681,0.4281066425666516
0.3970245563721097,0.4281066425666516
0.3970245563721097,0.4282873926796204
0.3972037999641513,0.4282873926796204
0.3972037999641513,0.4288296430185269
0.39756228714823444,0.4290103931314957
0.397741530740276,0.4290103931314957
0.397741530740276,0.4291007681879801
0.3979207743323176,0.4291007681879801
0.3979207743323176,0.4291911432444645
0.39810001792435923,0.4291911432444645
0.39810001792435923,0.42928151830094896
0.3982792615164008,0.42937189335743337
0.3982792615164008,0.42946226841391777
0.3991754794766087,0.4299141436963398
0.3993547230686503,0.4299141436963398
0.3993547230686503,0.4300045187528242
0.39953396666069185,0.4300045187528242
0.39953396666069185,0.43027564392227746
0.39989245384477506,0.43027564392227746
0.39989245384477506,0.4306371441482151
0.40007169743681664,0.4307275192046995
0.40007169743681664,0.4308178942611839
0.4006094282129414,0.43108901943063715
0.4006094282129414,0.43136014460009037
0.40078867180498295,0.43145051965657477
0.40096791539702453,0.43145051965657477
0.40096791539702453,0.4315408947130592
0.40114715898906617,0.4316312697695436
0.40114715898906617,0.43172164482602804
0.40132640258110774,0.43172164482602804
0.40132640258110774,0.43217352010845006
0.4015056461731493,0.43217352010845006
0.4015056461731493,0.43235427022141887
0.4018641333572325,0.43253502033438773
0.4018641333572325,0.43262539539087214
0.40204337694927406,0.43262539539087214
0.40204337694927406,0.43280614550384094
0.40222262054131563,0.43289652056032535
0.40222262054131563,0.43307727067329416
0.4024018641333572,0.43307727067329416
0.4025811077253988,0.43316764572977856
0.4025811077253988,0.43325802078626297
0.4027603513174404,0.43325802078626297
0.4027603513174404,0.43352914595571623
0.402939594909482,0.43361952101220064
0.402939594909482,0.43380027112516945
0.4031188385015236,0.43389064618165385
0.4031188385015236,0.43398102123813825
0.40329808209356516,0.43407139629462266
0.40329808209356516,0.4341617713511071
0.40347732568560674,0.4341617713511071
0.40347732568560674,0.43443289652056033
0.4036565692776483,0.43452327157704473
0.4036565692776483,0.43488477180298235
0.4038358128696899,0.4349751468594668
0.4038358128696899,0.4350655219159512
0.40401505646173147,0.4351558969724356
0.40401505646173147,0.43560777225485764
0.4043735436458147,0.4357885223678265
0.4043735436458147,0.4358788974243109
0.40455278723785626,0.4359692724807953
0.40455278723785626,0.4360596475372797
0.40473203082989784,0.4361500225937641
0.40473203082989784,0.43633077270673293
0.4049112744219394,0.43642114776321733
0.4049112744219394,0.43651152281970174
0.4056282487901057,0.4368730230456394
0.4056282487901057,0.4370537731586082
0.40580749238214736,0.4371441482150926
0.40580749238214736,0.4375056484410303
0.40598673597418894,0.4375960234975147
0.40598673597418894,0.4376863985539991
0.4061659795662305,0.4376863985539991
0.4061659795662305,0.4379575237234523
0.4063452231582721,0.4380478987799367
0.4063452231582721,0.4382286488929056
0.4065244667503137,0.4382286488929056
0.4065244667503137,0.43831902394939
0.40670371034235525,0.43831902394939
0.40670371034235525,0.4384997740623588
0.40688295393439683,0.4385901491188432
0.40688295393439683,0.4388612742882964
0.40724144111848004,0.4390420244012653
0.40724144111848004,0.4391323994577497
0.4074206847105216,0.4391323994577497
0.4074206847105216,0.4392227745142341
0.4075999283025632,0.4392227745142341
0.4075999283025632,0.4394938996836873
0.4077791718946048,0.4394938996836873
0.4077791718946048,0.4395842747401717
0.40795841548664635,0.4395842747401717
0.40795841548664635,0.43985539990962497
0.40813765907868793,0.43985539990962497
0.40813765907868793,0.4401265250790782
0.4083169026707295,0.4401265250790782
0.4083169026707295,0.440307275192047
0.4084961462627711,0.440307275192047
0.4084961462627711,0.4403976502485314
0.40867538985481267,0.4404880253050158
0.40867538985481267,0.4405784003615002
0.4088546334468543,0.44066877541798466
0.4088546334468543,0.44084952553095347
0.40921312063093745,0.44084952553095347
0.40921312063093745,0.44093990058743787
0.40939236422297903,0.4410302756439223
0.40939236422297903,0.4411206507004067
0.4095716078150206,0.4411206507004067
0.4097508514070622,0.4412110257568911
0.4097508514070622,0.4413014008133755
0.41010933859114534,0.44148215092634435
0.41010933859114534,0.44157252598282876
0.410288582183187,0.44166290103931316
0.410288582183187,0.44184365115228197
0.41046782577522856,0.4419340262087664
0.41064706936727013,0.4419340262087664
0.41064706936727013,0.4420244012652508
0.4108263129593117,0.4421147763217352
0.4108263129593117,0.44256665160415726
0.4110055565513533,0.44256665160415726
0.4110055565513533,0.44265702666064166
0.41118480014339487,0.44274740171712607
0.41136404373543645,0.44274740171712607
0.41136404373543645,0.44319927699954814
0.411543287327478,0.44319927699954814
0.411543287327478,0.44374152733845457
0.4117225309195196,0.44374152733845457
0.4120810181036028,0.44392227745142343
0.4120810181036028,0.44410302756439224
0.4122602616956444,0.44419340262087664
0.4122602616956444,0.44437415273384545
0.4127979924717691,0.44464527790329866
0.4127979924717691,0.4448260280162675
0.4129772360638107,0.4448260280162675
0.4129772360638107,0.44491640307275193
0.41333572324789386,0.44491640307275193
0.41333572324789386,0.44509715318572074
0.4135149668399355,0.44509715318572074
0.4135149668399355,0.44518752824220514
0.41369421043197707,0.44518752824220514
0.41369421043197707,0.44527790329868955
0.41387345402401865,0.44536827835517395
0.41387345402401865,0.44545865341165836
0.4142319412081018,0.44545865341165836
0.4142319412081018,0.4456394035246272
0.4144111848001434,0.4457297785811116
0.4144111848001434,0.44582015363759603
0.41459042839218496,0.44582015363759603
0.41459042839218496,0.44609127880704924
0.4149489155762682,0.44627202892001805
0.4149489155762682,0.4465431540894713
0.41530740276035133,0.4465431540894713
0.41530740276035133,0.4466335291459557
0.4154866463523929,0.4466335291459557
0.4154866463523929,0.44699502937189334
0.4156658899444345,0.44708540442837774
0.4156658899444345,0.4472661545413466
0.41584513353647606,0.4472661545413466
0.41584513353647606,0.447356529597831
0.41602437712851764,0.4474469046543154
0.41602437712851764,0.4475372797107998
0.4163828643126008,0.4477180298237686
0.4163828643126008,0.4483506552191595
0.41656210790464243,0.4484410302756439
0.41656210790464243,0.4487121554450971
0.4169205950887256,0.448892905558066
0.4169205950887256,0.4489832806145504
0.41709983868076717,0.4489832806145504
0.41709983868076717,0.4492544057840036
0.4174583258648503,0.4492544057840036
0.4174583258648503,0.4494351558969724
0.4176375694568919,0.4494351558969724
0.4176375694568919,0.4496159060099413
0.4178168130489335,0.4497062810664257
0.4178168130489335,0.4497966561229101
0.4179960566409751,0.4497966561229101
0.4181753002330167,0.4498870311793945
0.4181753002330167,0.4499774062358789
0.41835454382505827,0.4499774062358789
0.41835454382505827,0.4500677812923633
0.41853378741709985,0.4500677812923633
0.41853378741709985,0.4501581563488477
0.418892274601183,0.4503389064618165
0.418892274601183,0.4506100316312698
0.4190715181932246,0.4507004066877542
0.4190715181932246,0.4507907817442386
0.41943000537730774,0.4509715318572074
0.41943000537730774,0.4510619069136918
0.41960924896934937,0.4510619069136918
0.41960924896934937,0.45124265702666067
0.41978849256139095,0.45124265702666067
0.41978849256139095,0.45133303208314507
0.4199677361534325,0.4514234071396295
0.4201469797454741,0.4514234071396295
0.4201469797454741,0.4515137821961139
0.4203262233375157,0.4516041572525983
0.4203262233375157,0.4517849073655671
0.42050546692955726,0.4517849073655671
0.42068471052159884,0.4518752824220515
0.42068471052159884,0.4519656574785359
0.42104319770568205,0.45214640759150476
0.42104319770568205,0.45223678264798917
0.4212224412977236,0.45232715770447357
0.4214016848897652,0.45232715770447357
0.4214016848897652,0.452417532760958
0.42193941566588994,0.4526886579304112
0.42193941566588994,0.4527790329868956
0.4221186592579315,0.45286940804338005
0.4221186592579315,0.45295978309986445
0.4222979028499731,0.45305015815634886
0.4222979028499731,0.45323090826931767
0.4224771464420147,0.45332128332580207
0.4224771464420147,0.4535020334387709
0.4226563900340563,0.4535020334387709
0.4226563900340563,0.4535924084952553
0.4228356336260979,0.45368278355173974
0.4228356336260979,0.45377315860822415
0.42301487721813946,0.45386353366470855
0.42319412081018104,0.45386353366470855
0.42319412081018104,0.45413465883416176
0.4233733644022226,0.45422503389064617
0.4233733644022226,0.4543154089471306
0.4235526079942642,0.4543154089471306
0.4235526079942642,0.454405784003615
0.4237318515863058,0.45449615906009944
0.42391109517834735,0.45449615906009944
0.42391109517834735,0.45467690917306824
0.424090338770389,0.45467690917306824
0.424090338770389,0.45476728422955265
0.42426958236243056,0.45476728422955265
0.42426958236243056,0.45485765928603705
0.42444882595447214,0.45494803434252146
0.4246280695465137,0.45494803434252146
0.4246280695465137,0.45503840939900586
0.4248073131385553,0.45503840939900586
0.4248073131385553,0.45512878445549027
0.42534504391468003,0.45539990962494353
0.42534504391468003,0.45558065973791234
0.4255242875067216,0.45567103479439675
0.4255242875067216,0.45576140985088115
0.42570353109876324,0.45585178490736555
0.42570353109876324,0.45630366018978763
0.4258827746908048,0.45639403524627203
0.4260620182828464,0.45639403524627203
0.4260620182828464,0.45648441030275644
0.426241261874888,0.45657478535924084
0.426241261874888,0.45675553547220965
0.42642050546692956,0.45675553547220965
0.42642050546692956,0.45684591052869405
0.42659974905897113,0.4569362855851785
0.42659974905897113,0.4570266606416629
0.4267789926510127,0.4570266606416629
0.4267789926510127,0.4571170356981473
0.4269582362430543,0.4572074107546317
0.4269582362430543,0.45738816086760054
0.42713747983509587,0.45738816086760054
0.42713747983509587,0.45747853592408494
0.4273167234271375,0.45747853592408494
0.4273167234271375,0.45756891098056934
0.4274959670191791,0.45765928603705375
0.4274959670191791,0.4578400361500226
0.42785445420326224,0.4580207862629914
0.4280336977953038,0.4580207862629914
0.4280336977953038,0.45829191143244463
0.4282129413873454,0.45838228648892904
0.4282129413873454,0.4587437867148667
0.42839218497938697,0.4588341617713511
0.42839218497938697,0.4589245368278355
0.42857142857142855,0.4590149118843199
0.42857142857142855,0.4591052869408043
0.4287506721634702,0.4591052869408043
0.4287506721634702,0.45919566199728873
0.42892991575551176,0.45928603705377313
0.42892991575551176,0.4600090375056484
0.42910915934755334,0.4600090375056484
0.42910915934755334,0.4600994125621328
0.4292884029395949,0.4601897876186173
0.4292884029395949,0.4602801626751017
0.4294676465316365,0.4603705377315861
0.4294676465316365,0.4604609127880705
0.42964689012367807,0.4604609127880705
0.42964689012367807,0.4609127880704925
0.4300053773077612,0.4610935381834614
0.4300053773077612,0.4612742882964302
0.4301846208998028,0.4612742882964302
0.43036386449184444,0.4613646633529146
0.430543108083886,0.4613646633529146
0.430543108083886,0.4617261635788522
0.4307223516759276,0.46181653863533667
0.4307223516759276,0.4619972887483055
0.43126008245205233,0.4622684139177587
0.4314393260440939,0.4622684139177587
0.4314393260440939,0.4623587889742431
0.4316185696361355,0.4623587889742431
0.4316185696361355,0.4624491640307275
0.43233554400430185,0.46281066425666517
0.43233554400430185,0.462991414369634
0.43251478759634343,0.4630817894261184
0.43251478759634343,0.4631721644826028
0.432694031188385,0.4631721644826028
0.432694031188385,0.46353366470854046
0.4328732747804266,0.46362403976502486
0.4328732747804266,0.4638951649344781
0.43305251837246816,0.4639855399909625
0.43305251837246816,0.46425666516041575
0.43323176196450974,0.46425666516041575
0.43323176196450974,0.46434704021690015
0.4334110055565514,0.46443741527338456
0.4334110055565514,0.46461816538635337
0.43359024914859295,0.46461816538635337
0.43359024914859295,0.4647989154993222
0.43376949274063453,0.4648892905558066
0.4339487363326761,0.4648892905558066
0.4339487363326761,0.46507004066877544
0.43430722351675927,0.46525079078174425
0.43430722351675927,0.46543154089471306
0.4346657107008424,0.46543154089471306
0.4346657107008424,0.4657930411206507
0.43484495429288406,0.46588341617713513
0.43484495429288406,0.46615454134658835
0.43502419788492563,0.46615454134658835
0.43502419788492563,0.46642566651604156
0.4352034414769672,0.46642566651604156
0.43556192866105037,0.46660641662901037
0.43556192866105037,0.46687754179846364
0.43574117225309195,0.46687754179846364
0.43574117225309195,0.46741979213737006
0.4359204158451335,0.46741979213737006
0.4359204158451335,0.46769091730682333
0.4360996594371751,0.46769091730682333
0.4360996594371751,0.46778129236330773
0.4362789030292167,0.46787166741979214
0.4362789030292167,0.46814279258924535
0.4364581466212583,0.46814279258924535
0.4364581466212583,0.4683235427022142
0.43681663380534147,0.468504292815183
0.43681663380534147,0.46868504292815183
0.43699587739738305,0.46877541798463623
0.43699587739738305,0.46886579304112064
0.4371751209894246,0.46886579304112064
0.4371751209894246,0.46895616809760504
0.4373543645814662,0.46895616809760504
0.43771285176554936,0.4691369182105739
0.43771285176554936,0.4695887934929959
0.437892095357591,0.4695887934929959
0.437892095357591,0.46976954360596473
0.43807133894963257,0.46985991866244914
0.43807133894963257,0.4699502937189336
0.43825058254167415,0.470040668775418
0.4384298261337157,0.470040668775418
0.4384298261337157,0.4701310438319024
0.4387883133177989,0.4703117939448712
0.4387883133177989,0.47049254405784
0.43896755690984046,0.4705829191143244
0.43896755690984046,0.4709444193402621
0.43914680050188204,0.4709444193402621
0.4393260440939236,0.4710347943967465
0.4393260440939236,0.4713962946226841
0.43950528768596525,0.4714866696791685
0.43950528768596525,0.4716674197921374
0.4398637748700484,0.4718481699051062
0.4398637748700484,0.4719385449615906
0.44004301846209,0.4719385449615906
0.44004301846209,0.472028920018075
0.44022226205413156,0.472028920018075
0.44022226205413156,0.4722096701310438
0.44040150564617314,0.4722096701310438
0.44040150564617314,0.4723904202440127
0.4405807492382147,0.4724807953004971
0.4405807492382147,0.4725711703569815
0.4407599928302563,0.4726615454134659
0.4407599928302563,0.4727519204699503
0.4409392364222979,0.4727519204699503
0.4409392364222979,0.4731134206958879
0.4411184800143395,0.47320379575237237
0.4411184800143395,0.4739267962042476
0.4412977236063811,0.47401717126073206
0.44147696719842267,0.47401717126073206
0.44147696719842267,0.4742882964301853
0.44165621079046424,0.4743786714866697
0.44165621079046424,0.4744690465431541
0.4418354543825058,0.4745594215996385
0.4418354543825058,0.4746497966561229
0.4425524287506722,0.47501129688206056
0.4425524287506722,0.4752824220515138
0.44273167234271377,0.4752824220515138
0.44273167234271377,0.4754631721644826
0.44291091593475534,0.475553547220967
0.44291091593475534,0.47573429733393585
0.4432694031188385,0.47591504744690466
0.4432694031188385,0.47600542250338906
0.4434486467108801,0.47600542250338906
0.4434486467108801,0.47609579755987347
0.44362789030292166,0.4761861726163579
0.44362789030292166,0.4763669227293267
0.44380713389496323,0.47645729778581114
0.44380713389496323,0.47663804789877995
0.4439863774870048,0.47663804789877995
0.4439863774870048,0.47681879801174876
0.44416562107904645,0.47690917306823316
0.44416562107904645,0.47754179846362405
0.4445241082631296,0.47772254857659285
0.4445241082631296,0.47790329868956166
0.4447033518551712,0.47790329868956166
0.4447033518551712,0.4780840488025305
0.44488259544721276,0.4780840488025305
0.44488259544721276,0.47826479891549933
0.44506183903925434,0.47835517397198374
0.44506183903925434,0.47853592408495255
0.4452410826312959,0.47853592408495255
0.4452410826312959,0.47925892453682784
0.4455995698153791,0.47943967464979664
0.4455995698153791,0.47953004970628105
0.4457788134074207,0.47962042476276545
0.4459580569994623,0.47962042476276545
0.4459580569994623,0.4797107998192499
0.44613730059150386,0.4797107998192499
0.44613730059150386,0.4798915499322187
0.44631654418354544,0.4798915499322187
0.44631654418354544,0.4800723000451875
0.446495787775587,0.48016267510167193
0.4466750313676286,0.48016267510167193
0.4466750313676286,0.480614550384094
0.4468542749596702,0.4807049254405784
0.4468542749596702,0.4807953004970628
0.44703351855171175,0.4808856755535472
0.44703351855171175,0.48115680072300043
0.4472127621437534,0.48124717577948484
0.4472127621437534,0.4815183009489381
0.44739200573579496,0.4815183009489381
0.44739200573579496,0.4816086760054225
0.44757124932783654,0.4816086760054225
0.44757124932783654,0.4818798011748757
0.4477504929198781,0.4819701762313601
0.4477504929198781,0.482150926344329
0.4479297365119197,0.482150926344329
0.4479297365119197,0.4822413014008134
0.4481089801039613,0.4822413014008134
0.4481089801039613,0.4823316764572978
0.44828822369600285,0.4824220515137822
0.44828822369600285,0.4825124265702666
0.44864671088008606,0.4826931766832354
0.44864671088008606,0.4829643018526887
0.44882595447212764,0.4829643018526887
0.44882595447212764,0.4830546769091731
0.4490051980641692,0.4831450519656575
0.4490051980641692,0.4833258020786263
0.4491844416562108,0.4834161771351107
0.4491844416562108,0.4836873023045639
0.4493636852482524,0.4836873023045639
0.4493636852482524,0.4838680524175328
0.44972217243233553,0.4840488025305016
0.44972217243233553,0.484139177586986
0.4499014160243771,0.484139177586986
0.4499014160243771,0.4842295526434704
0.4502599032084603,0.4844103027564392
0.4502599032084603,0.48459105286940807
0.4504391468005019,0.48468142792589247
0.4504391468005019,0.4847718029823769
0.45079763398458506,0.4849525530953457
0.45097687757662663,0.4849525530953457
0.45097687757662663,0.4851333032083145
0.4511561211686682,0.4852236782647989
0.4511561211686682,0.4853140533212833
0.4513353647607098,0.48540442837776776
0.4513353647607098,0.48549480343425216
0.45151460835275137,0.48558517849073657
0.45151460835275137,0.4858563036601898
0.451693851944793,0.4858563036601898
0.451693851944793,0.48630817894261186
0.45205233912887616,0.48648892905558067
0.45205233912887616,0.48657930411206507
0.45223158272091774,0.48657930411206507
0.45223158272091774,0.4866696791685495
0.4524108263129593,0.4867600542250339
0.4524108263129593,0.4868504292815183
0.45276931349704247,0.48703117939448715
0.45276931349704247,0.48721192950745595
0.45294855708908405,0.48721192950745595
0.45294855708908405,0.48757342973339357
0.4531278006811256,0.487663804789878
0.4531278006811256,0.4877541798463624
0.45348628786520884,0.48793492995933124
0.4536655314572504,0.48793492995933124
0.4536655314572504,0.48802530501581565
0.453844775049292,0.48811568007230005
0.453844775049292,0.48820605512878446
0.45402401864133357,0.48820605512878446
0.45402401864133357,0.48874830546769094
0.45420326223337515,0.48883868052417534
0.45420326223337515,0.48892905558065974
0.4543825058254167,0.48892905558065974
0.4543825058254167,0.48901943063714415
0.4545617494174583,0.48910980569362855
0.4545617494174583,0.48920018075011296
0.4549202366015415,0.48920018075011296
0.4549202366015415,0.48929055580659736
0.4550994801935831,0.48938093086308176
0.4552787237856247,0.48938093086308176
0.4552787237856247,0.49019430637144146
0.45545796737766625,0.49019430637144146
0.45545796737766625,0.4902846814279259
0.45563721096970783,0.4902846814279259
0.45563721096970783,0.4903750564844103
0.4558164545617494,0.4904654315408947
0.4558164545617494,0.49073655671034794
0.455995698153791,0.49073655671034794
0.45617494174583256,0.49082693176683234
0.45617494174583256,0.4912788070492544
0.4563541853378742,0.4912788070492544
0.4563541853378742,0.49173068233167644
0.45689191611399893,0.4920018075011297
0.45689191611399893,0.4920921825576141
0.4570711597060405,0.4920921825576141
0.4570711597060405,0.4923633077270673
0.4572504032980821,0.4923633077270673
0.4572504032980821,0.4929959331224582
0.45742964689012366,0.4930863081789426
0.45742964689012366,0.493176683235427
0.45796737766624845,0.49344780840488023
0.45814662125829003,0.49344780840488023
0.45814662125829003,0.4935381834613647
0.4583258648503316,0.4936285585178491
0.4585051084423732,0.4936285585178491
0.4585051084423732,0.4938996836873023
0.45868435203441477,0.4938996836873023
0.45868435203441477,0.4948938093086308
0.45886359562645634,0.4949841843651152
0.45886359562645634,0.4950745594215996
0.4592220828105395,0.4952553095345685
0.4592220828105395,0.4953456845910529
0.45940132640258113,0.4953456845910529
0.45940132640258113,0.4954360596475373
0.4595805699946227,0.4955264347040217
0.4595805699946227,0.4956168097605061
0.4597598135866643,0.4957071848169905
0.4597598135866643,0.4958879349299593
0.460297544362789,0.4961590600994126
0.460297544362789,0.4964301852688658
0.4604767879548306,0.4965205603253502
0.4604767879548306,0.4966109353818346
0.46083527513891376,0.49679168549480346
0.46083527513891376,0.49697243560777227
0.4610145187309554,0.49697243560777227
0.46119376232299697,0.49706281066425667
0.46119376232299697,0.4971531857207411
0.46137300591503855,0.4972435607772255
0.46137300591503855,0.4974243108901943
0.4615522495070801,0.4975146859466787
0.4615522495070801,0.49760506100316315
0.4617314930991217,0.49760506100316315
0.4617314930991217,0.49787618617261636
0.4619107366911633,0.49787618617261636
0.4619107366911633,0.49796656122910077
0.46208998028320486,0.4980569362855852
0.46208998028320486,0.498237686398554
0.46226922387524644,0.4983280614550384
0.46226922387524644,0.49896068685042927
0.46244846746728807,0.4990510619069137
0.46244846746728807,0.4991414369633981
0.46262771105932965,0.49923181201988254
0.46262771105932965,0.49932218707636694
0.4628069546513712,0.49932218707636694
0.4628069546513712,0.49950293718933575
0.4631654418354544,0.49968368730230456
0.4631654418354544,0.49995481247175777
0.46334468542749596,0.5000451875282422
0.46334468542749596,0.5001355625847266
0.46352392901953754,0.5001355625847266
0.46352392901953754,0.5003163126976954
0.4637031726115791,0.5004066877541798
0.4638824162036207,0.5004066877541798
0.4638824162036207,0.5004970628106643
0.46406165979566233,0.5005874378671487
0.46406165979566233,0.5006778129236331
0.4642409033877039,0.5007681879801175
0.4642409033877039,0.5011296882060551
0.4644201469797455,0.5012200632625395
0.4644201469797455,0.5014911884319928
0.46459939057178706,0.5014911884319928
0.46477863416382864,0.5015815634884772
0.46477863416382864,0.5018526886579304
0.4649578777558702,0.5019430637144148
0.4649578777558702,0.5021238138273837
0.4653163649399534,0.5023045639403525
0.4653163649399534,0.5024853140533213
0.465495608531995,0.5024853140533213
0.465495608531995,0.5026660641662901
0.4656748521240366,0.5026660641662901
0.4656748521240366,0.5030275643922277
0.4663918264922029,0.5033890646181653
0.4663918264922029,0.5036601897876186
0.4665710700842445,0.5037505648441031
0.4665710700842445,0.5038409399005874
0.46675031367628605,0.5039313149570719
0.46675031367628605,0.5040216900135562
0.46692955726832763,0.5041120650700407
0.46692955726832763,0.5042928151830095
0.46710880086036927,0.5043831902394939
0.46710880086036927,0.5044735652959783
0.4678257752285356,0.5048350655219159
0.4678257752285356,0.5049254405784004
0.46800501882057716,0.5049254405784004
0.46800501882057716,0.5051965657478535
0.4685427495967019,0.5054676909173068
0.4685427495967019,0.5055580659737913
0.4687219931887435,0.5056484410302756
0.4687219931887435,0.5057388160867601
0.4689012367807851,0.5058291911432444
0.4689012367807851,0.5060099412562132
0.4690804803728267,0.5061003163126977
0.4690804803728267,0.5064618165386353
0.46925972396486826,0.5064618165386353
0.46925972396486826,0.5069136918210574
0.46943896755690984,0.5069136918210574
0.46943896755690984,0.5075463172164483
0.4696182111489514,0.5075463172164483
0.4696182111489514,0.5077270673294171
0.469797454740993,0.5077270673294171
0.469797454740993,0.5078174423859015
0.4701559419250762,0.5079981924988703
0.4703351855171178,0.5079981924988703
0.4703351855171178,0.5081789426118392
0.47051442910915936,0.5081789426118392
0.47051442910915936,0.5082693176683235
0.4710521598852841,0.5085404428377768
0.4710521598852841,0.5086308178942612
0.47141064706936725,0.50881156800723
0.47141064706936725,0.5089019430637144
0.47176913425345046,0.5090826931766832
0.47176913425345046,0.509263443289652
0.4723068650295752,0.5095345684591053
0.4724861086216168,0.5095345684591053
0.4724861086216168,0.5097153185720741
0.47266535221365835,0.5098056936285585
0.47266535221365835,0.5098960686850429
0.47320308298978314,0.5101671938544962
0.47320308298978314,0.510347943967465
0.4733823265818247,0.5104383190239494
0.4733823265818247,0.5110709444193403
0.4735615701738663,0.5111613194758247
0.4735615701738663,0.5112516945323091
0.4737408137659079,0.5112516945323091
0.4737408137659079,0.5117939448712155
0.47463703172611577,0.5122458201536376
0.47463703172611577,0.512336195210122
0.474995518910199,0.5125169453230908
0.474995518910199,0.5126073203795752
0.47517476250224056,0.5126073203795752
0.47535400609428213,0.5126976954360597
0.4755332496863237,0.5126976954360597
0.4755332496863237,0.5129688206055129
0.47589173687040687,0.5130591956619973
0.47589173687040687,0.5131495707184817
0.47607098046244845,0.5131495707184817
0.47607098046244845,0.5132399457749661
0.4762502240544901,0.5133303208314505
0.47642946764653166,0.5133303208314505
0.47642946764653166,0.5137821961138725
0.4767879548306148,0.5139629462268414
0.4767879548306148,0.5141436963398102
0.4769671984226564,0.5141436963398102
0.4769671984226564,0.5144148215092634
0.47714644201469797,0.5145051965657479
0.47714644201469797,0.5145955716222322
0.47732568560673955,0.5145955716222322
0.47732568560673955,0.5146859466787167
0.4775049291987811,0.514776321735201
0.4775049291987811,0.5150474469046543
0.4776841727908227,0.5151378219611388
0.4776841727908227,0.5153185720741076
0.47786341638286434,0.5154089471305919
0.4780426599749059,0.5154089471305919
0.4780426599749059,0.5157704473565295
0.4782219035669475,0.515860822413014
0.4782219035669475,0.5159511974694985
0.47858039075103065,0.5161319475824673
0.47858039075103065,0.5162223226389516
0.4787596343430722,0.5163126976954361
0.4787596343430722,0.5164030727519204
0.4789388779351138,0.5164934478084049
0.4791181215271554,0.5164934478084049
0.4791181215271554,0.5168549480343425
0.4794766087112386,0.5170356981473113
0.4794766087112386,0.5172164482602801
0.48001433948736333,0.5174875734297334
0.48001433948736333,0.5180298237686398
0.4803728266714465,0.5182105738816086
0.4803728266714465,0.5183913239945775
0.48055207026348806,0.5184816990510619
0.48055207026348806,0.5186624491640307
0.4809105574475713,0.5188431992769995
0.4809105574475713,0.5190239493899683
0.48126904463165443,0.5192046995029372
0.48126904463165443,0.5196565747853592
0.481448288223696,0.5197469498418437
0.481448288223696,0.5201084500677813
0.48180677540777916,0.5202892001807501
0.48180677540777916,0.5208314505196566
0.48198601899982074,0.520921825576141
0.4821652625918623,0.520921825576141
0.4821652625918623,0.521373700858563
0.4823445061839039,0.521373700858563
0.4823445061839039,0.5216448260280163
0.48252374977594553,0.5216448260280163
0.48252374977594553,0.5218255761409851
0.4827029933679871,0.5219159511974695
0.4828822369600287,0.5219159511974695
0.4828822369600287,0.5221870763669227
0.48306148055207027,0.5222774514234071
0.48306148055207027,0.5223678264798916
0.48324072414411184,0.522458201536376
0.48324072414411184,0.5225485765928604
0.4834199677361534,0.5225485765928604
0.483599211328195,0.5226389516493448
0.483599211328195,0.5232715770447357
0.4837784549202366,0.52336195210122
0.4837784549202366,0.5234523271577045
0.4839576985122782,0.5234523271577045
0.4839576985122782,0.5236330772706733
0.4841369421043198,0.5236330772706733
0.4841369421043198,0.5237234523271577
0.48431618569636137,0.5237234523271577
0.48431618569636137,0.5238138273836421
0.48449542928840295,0.5239042024401265
0.48449542928840295,0.5241753276095797
0.4848539164724861,0.5241753276095797
0.4848539164724861,0.5242657026660642
0.4850331600645277,0.5243560777225486
0.4850331600645277,0.524446452779033
0.48557089084065247,0.5247175779484862
0.48557089084065247,0.5248079530049706
0.4859293780247356,0.5249887031179394
0.4859293780247356,0.5251694532309082
0.4862878652088188,0.525350203343877
0.4862878652088188,0.5256213285133303
0.48664635239290194,0.5258020786262991
0.48664635239290194,0.5260732037957524
0.48700483957698515,0.5262539539087212
0.48700483957698515,0.5263443289652056
0.4871840831690267,0.5263443289652056
0.4871840831690267,0.5266154541346588
0.4873633267610683,0.5267058291911433
0.4873633267610683,0.5267962042476276
0.4875425703531099,0.5268865793041121
0.4875425703531099,0.5270673294170809
0.48772181394515146,0.5271577044735652
0.48772181394515146,0.5272480795300497
0.48790105753719304,0.5273384545865342
0.48790105753719304,0.5276095797559873
0.4880803011292346,0.5276095797559873
0.4880803011292346,0.5277903298689561
0.4882595447212762,0.5277903298689561
0.4884387883133178,0.5278807049254406
0.4884387883133178,0.5280614550384094
0.488797275497401,0.5282422051513782
0.488797275497401,0.5286037053773158
0.48915576268148414,0.5287844554902846
0.48915576268148414,0.5289652056032536
0.4893350062735257,0.5290555806597379
0.4893350062735257,0.5295978309986443
0.4895142498655673,0.5296882060551288
0.4895142498655673,0.5297785811116132
0.4896934934576089,0.5297785811116132
0.48987273704965045,0.5298689561680976
0.48987273704965045,0.529959331224582
0.4900519806416921,0.529959331224582
0.4900519806416921,0.5300497062810664
0.49023122423373366,0.5301400813375509
0.49023122423373366,0.5305919566199729
0.4905897114178168,0.5307727067329417
0.4905897114178168,0.5312245820153637
0.4907689550098584,0.5312245820153637
0.4907689550098584,0.5313149570718482
0.4909481986019,0.5313149570718482
0.4909481986019,0.531495707184817
0.49112744219394155,0.531495707184817
0.49112744219394155,0.5315860822413014
0.49130668578598313,0.5315860822413014
0.49130668578598313,0.5316764572977858
0.49166517297006634,0.5318572074107546
0.4918444165621079,0.5318572074107546
0.4918444165621079,0.5322187076366923
0.4920236601541495,0.5322187076366923
0.4920236601541495,0.5324898328061455
0.4922029037461911,0.5324898328061455
0.4922029037461911,0.5325802078626299
0.49256139093027423,0.5327609579755987
0.49256139093027423,0.5333032083145052
0.4927406345223158,0.5333935833709896
0.4927406345223158,0.533483958427474
0.4929198781143574,0.533483958427474
0.4929198781143574,0.5335743334839584
0.4932783652984406,0.5337550835969272
0.4932783652984406,0.5338454586534117
0.4941745832586485,0.5342973339358337
0.4941745832586485,0.5343877089923181
0.49435382685069007,0.5343877089923181
0.49435382685069007,0.5344780840488025
0.4947123140347733,0.5346588341617714
0.49489155762681486,0.5346588341617714
0.49489155762681486,0.5347492092182557
0.49507080121885644,0.5347492092182557
0.49507080121885644,0.5348395842747402
0.495250044810898,0.5349299593312246
0.495250044810898,0.535020334387709
0.49560853199498117,0.5352010845006778
0.49578777558702275,0.5352010845006778
0.49578777558702275,0.5355625847266154
0.49596701917906433,0.5356529597830999
0.49596701917906433,0.5358337098960687
0.4961462627711059,0.5359240849525531
0.4961462627711059,0.5361048350655219
0.49632550636314754,0.5361048350655219
0.49632550636314754,0.5362855851784908
0.4966839935472307,0.5364663352914596
0.4966839935472307,0.5367374604609128
0.4968632371392723,0.5367374604609128
0.4968632371392723,0.5369182105738816
0.49722172432335543,0.5370989606868505
0.497400967915397,0.5370989606868505
0.497400967915397,0.5373700858563036
0.4975802115074386,0.5374604609127881
0.4975802115074386,0.5375508359692724
0.4977594550994802,0.5375508359692724
0.4977594550994802,0.5377315860822413
0.4986556730596881,0.5381834613646633
0.4988349166517297,0.5381834613646633
0.4988349166517297,0.538544961590601
0.49901416024377127,0.538544961590601
0.49919340383581284,0.5386353366470854
0.49919340383581284,0.5388160867600542
0.4993726474278545,0.5388160867600542
0.4993726474278545,0.5390872119295075
0.49955189101989605,0.5390872119295075
0.49955189101989605,0.5391775869859918
0.49973113461193763,0.5392679620424763
0.49973113461193763,0.5393583370989606
0.4999103782039792,0.5393583370989606
0.4999103782039792,0.5398102123813827
0.5000896217960208,0.5399005874378672
0.5002688653880624,0.5399005874378672
0.5002688653880624,0.540081337550836
0.500448108980104,0.5401717126073203
0.500448108980104,0.5402620876638048
0.5006273525721455,0.5403524627202893
0.5006273525721455,0.54098508811568
0.5008065961641871,0.5410754631721645
0.5008065961641871,0.5411658382286489
0.5009858397562287,0.5411658382286489
0.5009858397562287,0.5414369633981021
0.5011650833482703,0.5415273384545866
0.5011650833482703,0.5417080885675554
0.5013443269403118,0.5417984636240397
0.5013443269403118,0.5418888386805242
0.5015235705323534,0.5418888386805242
0.5015235705323534,0.5419792137370086
0.5017028141243951,0.5419792137370086
0.5017028141243951,0.542069588793493
0.5018820577164367,0.542069588793493
0.5018820577164367,0.5421599638499774
0.5020613013084783,0.5422503389064618
0.5020613013084783,0.5423407139629463
0.5022405449005198,0.5423407139629463
0.5022405449005198,0.5425214640759151
0.5024197884925614,0.5425214640759151
0.5024197884925614,0.5428829643018527
0.502599032084603,0.5428829643018527
0.502599032084603,0.5429733393583371
0.5027782756766446,0.5430637144148215
0.5029575192686861,0.5430637144148215
0.5029575192686861,0.5432444645277903
0.5031367628607277,0.5432444645277903
0.5031367628607277,0.5434252146407591
0.5033160064527693,0.5434252146407591
0.5034952500448109,0.5435155896972436
0.5034952500448109,0.5436963398102124
0.5036744936368525,0.5436963398102124
0.503853737228894,0.5437867148666968
0.5040329808209356,0.5437867148666968
0.5040329808209356,0.5439674649796656
0.5043914680050188,0.5441482150926344
0.5043914680050188,0.5442385901491188
0.504749955189102,0.5444193402620877
0.504749955189102,0.5447808404880253
0.5051084423731852,0.5449615906009941
0.5051084423731852,0.5453230908269318
0.5052876859652268,0.5454134658834162
0.5052876859652268,0.5457749661093538
0.5054669295572684,0.5457749661093538
0.5054669295572684,0.5460460912788071
0.5056461731493099,0.5461364663352914
0.5056461731493099,0.5462268413917759
0.5058254167413515,0.5463172164482603
0.5058254167413515,0.5467690917306823
0.5060046603333931,0.5467690917306823
0.5060046603333931,0.5469498418436511
0.5065423911095178,0.5472209670131044
0.5065423911095178,0.5474017171260732
0.506900878293601,0.547582467239042
0.506900878293601,0.5477632173520108
0.5070801218856426,0.5478535924084953
0.5072593654776841,0.5478535924084953
0.5072593654776841,0.5480343425214641
0.5074386090697257,0.5480343425214641
0.5076178526617673,0.5481247175779485
0.5076178526617673,0.5482150926344329
0.507797096253809,0.5482150926344329
0.507797096253809,0.5483054676909173
0.5081555834378921,0.5484862178038862
0.5081555834378921,0.548666967916855
0.5083348270299337,0.548666967916855
0.5083348270299337,0.5487573429733393
0.5085140706219753,0.5487573429733393
0.5085140706219753,0.5490284681427926
0.5086933142140169,0.549118843199277
0.5086933142140169,0.5492092182557614
0.5088725578060584,0.5492092182557614
0.5094102885821832,0.5494803434252147
0.5094102885821832,0.5497514685946678
0.5095895321742248,0.5498418436511523
0.5095895321742248,0.5502937189335744
0.5101272629503495,0.5505648441030275
0.5101272629503495,0.550655219159512
0.5103065065423911,0.550655219159512
0.5104857501344326,0.5507455942159963
0.5104857501344326,0.5508359692724808
0.5106649937264742,0.5508359692724808
0.5110234809105575,0.5510167193854496
0.5110234809105575,0.5511070944419341
0.5112027245025991,0.5511070944419341
0.5113819680946406,0.5511974694984184
0.5113819680946406,0.5513782196113872
0.5117404552787238,0.551558969724356
0.5117404552787238,0.5516493447808405
0.5119196988707654,0.551739719837325
0.5119196988707654,0.5518300948938093
0.512098942462807,0.5519204699502938
0.512098942462807,0.5521012200632626
0.5122781860548485,0.5521915951197469
0.5122781860548485,0.5522819701762314
0.5124574296468901,0.5522819701762314
0.5124574296468901,0.5523723452327157
0.5128159168309733,0.5525530953456846
0.5128159168309733,0.552643470402169
0.5129951604230149,0.552643470402169
0.5129951604230149,0.5527338454586534
0.5131744040150564,0.5528242205151378
0.5131744040150564,0.5530049706281066
0.5135328911991396,0.5530049706281066
0.5135328911991396,0.5531857207410754
0.5137121347911812,0.5531857207410754
0.5137121347911812,0.5535472209670131
0.5138913783832229,0.5535472209670131
0.5138913783832229,0.553727971079982
0.514249865567306,0.5539087211929508
0.514249865567306,0.5545413465883416
0.5144291091593476,0.5545413465883416
0.5144291091593476,0.554631721644826
0.5146083527513892,0.5547220967013105
0.5146083527513892,0.5549932218707637
0.5147875963434307,0.5549932218707637
0.5147875963434307,0.5553547220967013
0.5149668399354723,0.5554450971531857
0.5149668399354723,0.5556258472661545
0.5151460835275139,0.555716222322639
0.5151460835275139,0.5558065973791234
0.5153253271195555,0.5558065973791234
0.5153253271195555,0.5560777225485766
0.515504570711597,0.556168097605061
0.515504570711597,0.5562584726615454
0.5160423014877218,0.5565295978309986
0.5162215450797634,0.5565295978309986
0.5162215450797634,0.5566199728874831
0.5164007886718049,0.5567103479439675
0.5164007886718049,0.5568007230004519
0.5165800322638465,0.5568910980569363
0.5165800322638465,0.5570718481699051
0.5167592758558881,0.5571622232263895
0.5167592758558881,0.5572525982828739
0.5169385194479298,0.5572525982828739
0.5171177630399714,0.5573429733393583
0.5171177630399714,0.5579755987347492
0.517297006632013,0.5579755987347492
0.5174762502240545,0.5580659737912336
0.5174762502240545,0.5583370989606868
0.5176554938160961,0.5583370989606868
0.5180139810001793,0.5585178490736556
0.5180139810001793,0.5586985991866245
0.5183724681842624,0.5588793492995933
0.5183724681842624,0.5593312245820153
0.518551711776304,0.5594215996384998
0.518551711776304,0.5595119746949841
0.5187309553683456,0.5595119746949841
0.5190894425524287,0.559692724807953
0.5190894425524287,0.5602349751468595
0.5192686861444703,0.5602349751468595
0.5192686861444703,0.5604157252598283
0.5194479297365119,0.5605061003163126
0.5194479297365119,0.5606868504292816
0.519806416920595,0.5606868504292816
0.519806416920595,0.5607772254857659
0.5199856605126367,0.5608676005422504
0.5199856605126367,0.5609579755987347
0.5201649041046783,0.5610483506552192
0.5201649041046783,0.5613194758246723
0.520702634880803,0.5615906009941256
0.520702634880803,0.5619521012200632
0.5208818784728446,0.5620424762765477
0.5210611220648862,0.5620424762765477
0.5210611220648862,0.562132851333032
0.5214196092489694,0.562313601446001
0.5214196092489694,0.5624039765024853
0.5215988528410109,0.5624943515589698
0.5215988528410109,0.5628558517849074
0.5217780964330525,0.5628558517849074
0.5217780964330525,0.5629462268413917
0.5219573400250941,0.5630366018978762
0.5219573400250941,0.5631269769543606
0.5223158272091772,0.5633077270673295
0.5223158272091772,0.5633981021238138
0.5224950708012188,0.5634884771802983
0.5224950708012188,0.5635788522367826
0.5226743143932604,0.5635788522367826
0.5226743143932604,0.5638499774062359
0.522853557985302,0.5639403524627203
0.522853557985302,0.5644826028016268
0.5230328015773437,0.5644826028016268
0.5230328015773437,0.5645729778581111
0.5232120451693852,0.5646633529145956
0.5232120451693852,0.56475372797108
0.5233912887614268,0.56475372797108
0.5233912887614268,0.5648441030275644
0.5235705323534684,0.5649344780840488
0.5235705323534684,0.5653863533664708
0.52374977594551,0.5653863533664708
0.52374977594551,0.5654767284229553
0.5241082631295931,0.5656574785359241
0.5241082631295931,0.5659286037053773
0.5242875067216347,0.5659286037053773
0.5244667503136763,0.5660189787618617
0.5244667503136763,0.566290103931315
0.5246459939057179,0.5663804789877994
0.5248252374977594,0.5663804789877994
0.5248252374977594,0.5664708540442838
0.525004481089801,0.5664708540442838
0.525004481089801,0.5666516041572526
0.5251837246818426,0.5666516041572526
0.5251837246818426,0.566741979213737
0.5255422118659258,0.5669227293267058
0.5255422118659258,0.5670131043831902
0.5257214554579673,0.5671034794396747
0.5257214554579673,0.5671938544961591
0.5260799426420506,0.5673746046091279
0.5262591862340922,0.5673746046091279
0.5262591862340922,0.5675553547220967
0.5264384298261338,0.5676457297785811
0.5264384298261338,0.5680072300045188
0.5267969170102169,0.5681879801174876
0.5267969170102169,0.5684591052869408
0.5269761606022585,0.5685494803434252
0.5269761606022585,0.5686398553999096
0.5271554041943001,0.568730230456394
0.5271554041943001,0.5691821057388161
0.5275138913783832,0.5691821057388161
0.5275138913783832,0.5694532309082693
0.5276931349704248,0.5694532309082693
0.5276931349704248,0.5695436059647537
0.5278723785624664,0.5696339810212382
0.5278723785624664,0.569814731134207
0.5282308657465495,0.569814731134207
0.5282308657465495,0.5703569814731134
0.5284101093385911,0.5704473565295979
0.5284101093385911,0.5705377315860822
0.5285893529306327,0.5705377315860822
0.5285893529306327,0.5706281066425667
0.5287685965226743,0.570718481699051
0.5287685965226743,0.5708088567555355
0.5289478401147159,0.5708992318120198
0.5291270837067574,0.5708992318120198
0.5291270837067574,0.5711703569814731
0.5293063272987991,0.5711703569814731
0.5298440580749239,0.5714414821509264
0.5298440580749239,0.5717126073203795
0.530202545259007,0.5718933574333483
0.530202545259007,0.5719837324898328
0.5309195196271733,0.5723452327157704
0.5309195196271733,0.5724356077722549
0.5310987632192149,0.5725259828287392
0.5310987632192149,0.572887483054677
0.5312780068112565,0.5729778581111613
0.5312780068112565,0.5731586082241301
0.5316364939953396,0.5733393583370989
0.5316364939953396,0.5734297333935834
0.5319949811794228,0.5736104835065522
0.5321742247714644,0.5736104835065522
0.5321742247714644,0.5737008585630367
0.532353468363506,0.5737008585630367
0.532353468363506,0.573791233619521
0.5327119555475892,0.5739719837324898
0.5327119555475892,0.5742431089019431
0.5330704427316724,0.5744238590149119
0.5330704427316724,0.5746046091278807
0.533249686323714,0.5746949841843652
0.5334289299157555,0.5746949841843652
0.5334289299157555,0.5747853592408495
0.5336081735077971,0.574875734297334
0.5336081735077971,0.5749661093538183
0.5339666606918803,0.5751468594667871
0.5339666606918803,0.575327609579756
0.5341459042839218,0.575327609579756
0.5341459042839218,0.5754179846362404
0.5343251478759634,0.5755083596927248
0.5343251478759634,0.5755987347492092
0.534504391468005,0.5756891098056937
0.534504391468005,0.5758698599186625
0.5346836350600466,0.5759602349751468
0.5346836350600466,0.5760506100316313
0.5348628786520881,0.5761409850881157
0.5348628786520881,0.5762313601446001
0.5350421222441297,0.5762313601446001
0.5350421222441297,0.5763217352010845
0.535400609428213,0.5765024853140533
0.535400609428213,0.5765928603705377
0.5357590966122961,0.5767736104835065
0.5357590966122961,0.5770447356529598
0.5361175837963793,0.5772254857659286
0.5361175837963793,0.5775869859918662
0.5364760709804625,0.5777677361048351
0.5364760709804625,0.5778581111613195
0.536655314572504,0.5779484862178039
0.536655314572504,0.5780388612742883
0.5368345581645456,0.5781292363307727
0.5368345581645456,0.5782196113872571
0.5370138017565872,0.5782196113872571
0.5370138017565872,0.5784907365567103
0.5371930453486288,0.5784907365567103
0.5373722889406704,0.5785811116131948
0.5373722889406704,0.5789426118391324
0.5375515325327119,0.5789426118391324
0.5377307761247535,0.5790329868956168
0.5377307761247535,0.5796656122910077
0.5379100197167951,0.5796656122910077
0.5379100197167951,0.5798463624039765
0.5380892633088367,0.5798463624039765
0.5380892633088367,0.5799367374604609
0.5382685069008782,0.5799367374604609
0.5382685069008782,0.5802078626299142
0.5384477504929199,0.5802078626299142
0.5384477504929199,0.580388612742883
0.5388062376770031,0.580388612742883
0.5388062376770031,0.5806597379123362
0.5389854812690447,0.5807501129688206
0.5391647248610862,0.5807501129688206
0.5391647248610862,0.5809308630817894
0.5393439684531278,0.5810212381382739
0.5393439684531278,0.581292363307727
0.5395232120451694,0.581292363307727
0.5395232120451694,0.5813827383642115
0.539702455637211,0.5814731134206959
0.539702455637211,0.5815634884771803
0.5400609428212941,0.5817442385901491
0.5400609428212941,0.5819249887031179
0.5402401864133357,0.5820153637596024
0.5402401864133357,0.5821057388160867
0.5404194300053773,0.5821961138725712
0.5404194300053773,0.5822864889290555
0.5405986735974189,0.5822864889290555
0.5405986735974189,0.5824672390420244
0.5407779171894604,0.5824672390420244
0.5411364043735436,0.5826479891549933
0.5411364043735436,0.5827383642114776
0.5414948915576269,0.5829191143244464
0.5414948915576269,0.5830094893809309
0.5416741351496684,0.5830998644374152
0.5416741351496684,0.5831902394938997
0.54185337874171,0.5831902394938997
0.54185337874171,0.583280614550384
0.5420326223337516,0.583280614550384
0.5420326223337516,0.5833709896068685
0.5422118659257932,0.5833709896068685
0.5422118659257932,0.5835517397198373
0.5423911095178348,0.5835517397198373
0.5423911095178348,0.5836421147763218
0.5425703531098763,0.5837324898328061
0.5425703531098763,0.5839132399457749
0.5427495967019179,0.5839132399457749
0.5427495967019179,0.584365115228197
0.5429288402939595,0.584365115228197
0.5429288402939595,0.5844554902846815
0.5431080838860011,0.5844554902846815
0.5432873274780426,0.5845458653411658
0.5432873274780426,0.5846362403976503
0.5434665710700842,0.5846362403976503
0.5434665710700842,0.5848169905106191
0.5436458146621258,0.5848169905106191
0.5438250582541674,0.5849073655671034
0.5438250582541674,0.5852688657930412
0.5441835454382505,0.58544961590601
0.5441835454382505,0.5856303660189788
0.5443627890302921,0.5857207410754631
0.5443627890302921,0.5858111161319476
0.5445420326223338,0.585901491188432
0.5445420326223338,0.5859918662449164
0.5447212762143754,0.5860822413014009
0.5447212762143754,0.5861726163578852
0.544900519806417,0.5862629914143697
0.544900519806417,0.586353366470854
0.5450797633984585,0.586353366470854
0.5450797633984585,0.5864437415273385
0.5452590069905001,0.5864437415273385
0.5452590069905001,0.5865341165838228
0.5454382505825417,0.5866244916403073
0.5454382505825417,0.5869859918662449
0.5456174941745833,0.5870763669227294
0.5456174941745833,0.5872571170356982
0.5457967377666249,0.5873474920921825
0.5457967377666249,0.5876186172616358
0.5459759813586664,0.5877089923181202
0.5459759813586664,0.5879801174875734
0.5463344685427496,0.5879801174875734
0.5463344685427496,0.5882512426570267
0.5465137121347912,0.5883416177135111
0.5465137121347912,0.5884319927699955
0.5466929557268327,0.5885223678264799
0.5468721993188743,0.5885223678264799
0.5468721993188743,0.5886127428829643
0.5470514429109159,0.5886127428829643
0.5470514429109159,0.5888838680524175
0.5472306865029575,0.5888838680524175
0.5472306865029575,0.5890646181653864
0.5475891736870407,0.5892453682783552
0.5475891736870407,0.589426118391324
0.5479476608711239,0.5896068685042928
0.5479476608711239,0.5896972435607772
0.5481269044631655,0.5896972435607772
0.5481269044631655,0.5897876186172616
0.548306148055207,0.5897876186172616
0.5484853916472486,0.589877993673746
0.5484853916472486,0.5901491188431993
0.5486646352392902,0.5901491188431993
0.5486646352392902,0.5902394938996837
0.5488438788313318,0.5902394938996837
0.5488438788313318,0.5903298689561681
0.5490231224233734,0.5904202440126525
0.5490231224233734,0.5905106190691369
0.5497400967915397,0.5908721192950745
0.5497400967915397,0.590962494351559
0.5499193403835813,0.5910528694080434
0.5499193403835813,0.5912336195210122
0.5500985839756228,0.5912336195210122
0.5500985839756228,0.5913239945774966
0.5502778275676644,0.5913239945774966
0.5502778275676644,0.5915047446904654
0.550457071159706,0.5915951197469499
0.550457071159706,0.5919566199728875
0.5508155583437893,0.5921373700858563
0.5508155583437893,0.5922277451423407
0.5509948019358308,0.5923181201988251
0.5509948019358308,0.5924084952553096
0.5511740455278724,0.5924084952553096
0.5511740455278724,0.5925892453682784
0.551353289119914,0.5926796204247627
0.551353289119914,0.5928603705377316
0.5515325327119556,0.5928603705377316
0.5515325327119556,0.5931314957071848
0.5518910198960387,0.5933122458201536
0.5520702634880803,0.5934929959331224
0.5520702634880803,0.5935833709896069
0.5522495070801219,0.5936737460460912
0.5522495070801219,0.5937641211025757
0.5524287506721635,0.5937641211025757
0.5524287506721635,0.5939448712155445
0.552607994264205,0.594035246272029
0.552607994264205,0.5941256213285133
0.5527872378562466,0.5941256213285133
0.5527872378562466,0.5943063714414821
0.5529664814482882,0.5943063714414821
0.5529664814482882,0.5944871215544509
0.5531457250403298,0.5944871215544509
0.5531457250403298,0.5946678716674197
0.5533249686323714,0.5946678716674197
0.5533249686323714,0.5947582467239042
0.5535042122244129,0.5948486217803887
0.5535042122244129,0.594938996836873
0.5536834558164546,0.594938996836873
0.5536834558164546,0.5951197469498418
0.5540419430005378,0.5953004970628106
0.5540419430005378,0.5953908721192951
0.5544004301846209,0.5955716222322639
0.5544004301846209,0.5956619972887484
0.5545796737766625,0.5956619972887484
0.5545796737766625,0.5957523723452327
0.5549381609607457,0.5959331224582015
0.5549381609607457,0.596023497514686
0.5551174045527872,0.5961138725711703
0.5551174045527872,0.5962042476276548
0.5554758917368704,0.5963849977406236
0.5554758917368704,0.5965657478535924
0.5558343789209536,0.5967464979665612
0.5558343789209536,0.5968368730230457
0.5560136225129951,0.5968368730230457
0.5560136225129951,0.59692724807953
0.5561928661050367,0.59692724807953
0.5561928661050367,0.5975598734749209
0.5563721096970783,0.5975598734749209
0.5565513532891199,0.5976502485314054
0.5565513532891199,0.5978309986443742
0.5567305968811614,0.5978309986443742
0.5567305968811614,0.5981021238138274
0.5569098404732031,0.5981021238138274
0.5572683276572863,0.5982828739267962
0.5574475712493279,0.5982828739267962
0.5574475712493279,0.598463624039765
0.5581645456174942,0.5988251242657027
0.5581645456174942,0.5990058743786715
0.5585230328015773,0.5991866244916403
0.5585230328015773,0.5992769995481247
0.5587022763936189,0.5992769995481247
0.5587022763936189,0.5993673746046091
0.5590607635777021,0.5995481247175779
0.5590607635777021,0.5998192498870312
0.5592400071697436,0.5998192498870312
0.5592400071697436,0.5999096249435156
0.5594192507617852,0.6
0.5594192507617852,0.6000903750564844
0.5595984943538268,0.6000903750564844
0.5595984943538268,0.600451875282422
0.5597777379458684,0.6005422503389065
0.5599569815379101,0.6005422503389065
0.5599569815379101,0.6006326253953909
0.5601362251299516,0.6007230004518753
0.5601362251299516,0.6008133755083597
0.5603154687219932,0.6008133755083597
0.5603154687219932,0.6009037505648441
0.5604947123140348,0.6009037505648441
0.5604947123140348,0.6010845006778129
0.5606739559060764,0.6010845006778129
0.5606739559060764,0.6011748757342973
0.5613909302742427,0.601536375960235
0.5613909302742427,0.6016267510167194
0.5615701738662843,0.6016267510167194
0.5617494174583259,0.6017171260732038
0.5617494174583259,0.6018075011296882
0.562107904642409,0.601988251242657
0.562107904642409,0.6023497514685947
0.5622871482344506,0.6023497514685947
0.5622871482344506,0.6024401265250791
0.5624663918264922,0.6025305015815635
0.5624663918264922,0.6027112516945323
0.5626456354185337,0.6027112516945323
0.5626456354185337,0.6028016267510167
0.5628248790105753,0.6028016267510167
0.5628248790105753,0.6028920018075011
0.563004122602617,0.6029823768639856
0.563004122602617,0.6030727519204699
0.5631833661946586,0.6030727519204699
0.5631833661946586,0.6032535020334387
0.5633626097867002,0.6032535020334387
0.5635418533787417,0.6033438770899232
0.5635418533787417,0.6037957523723453
0.5637210969707833,0.6038861274288296
0.5637210969707833,0.6039765024853141
0.564258827746908,0.6042476276547672
0.5644380713389496,0.6042476276547672
0.5644380713389496,0.6045187528242205
0.5646173149309912,0.604609127880705
0.5646173149309912,0.6046995029371893
0.5647965585230328,0.6047898779936738
0.5649758021150744,0.6047898779936738
0.5649758021150744,0.6048802530501581
0.5651550457071159,0.6049706281066426
0.5651550457071159,0.6053321283325802
0.5653342892991575,0.6053321283325802
0.5653342892991575,0.6054225033890647
0.5658720200752823,0.6056936285585178
0.5658720200752823,0.6057840036150023
0.5667682380354903,0.6062358788974244
0.5667682380354903,0.6063262539539087
0.5669474816275318,0.6063262539539087
0.5674852124036566,0.606597379123362
0.5676644559956981,0.606597379123362
0.5676644559956981,0.6068685042928151
0.5678436995877397,0.6069588793492996
0.5678436995877397,0.6070492544057841
0.5680229431797813,0.6071396294622684
0.5682021867718229,0.6071396294622684
0.5682021867718229,0.6075915047446905
0.5683814303638645,0.6076818798011748
0.5683814303638645,0.6077722548576593
0.568560673955906,0.6077722548576593
0.5690984047320309,0.6080433800271126
0.5690984047320309,0.6081337550835969
0.569456891916114,0.6083145051965657
0.569456891916114,0.6084952553095345
0.5696361355081556,0.6084952553095345
0.5696361355081556,0.6086760054225034
0.5698153791001972,0.6087663804789878
0.5698153791001972,0.6089471305919566
0.5699946226922388,0.6089471305919566
0.5701738662842804,0.6090375056484411
0.5701738662842804,0.6093086308178942
0.5703531098763219,0.6093990058743787
0.5705323534683635,0.6093990058743787
0.5705323534683635,0.6094893809308631
0.5707115970604051,0.6094893809308631
0.5707115970604051,0.6095797559873475
0.5708908406524467,0.6095797559873475
0.5708908406524467,0.6096701310438319
0.5710700842444882,0.6097605061003163
0.5710700842444882,0.6099412562132851
0.5712493278365298,0.6099412562132851
0.5712493278365298,0.6100316312697696
0.571607815020613,0.6102123813827384
0.571607815020613,0.6103931314957072
0.5717870586126546,0.6104835065521916
0.5717870586126546,0.6108450067781293
0.5719663022046961,0.6108450067781293
0.5719663022046961,0.6109353818346136
0.5721455457967378,0.6109353818346136
0.5721455457967378,0.6110257568910981
0.5723247893887794,0.6111161319475825
0.5723247893887794,0.6115680072300045
0.5726832765728626,0.6117487573429733
0.5726832765728626,0.6118391323994578
0.5728625201649041,0.6118391323994578
0.5728625201649041,0.612110257568911
0.5730417637569457,0.6122006326253954
0.5730417637569457,0.6124717577948486
0.5732210073489873,0.6124717577948486
0.5732210073489873,0.6127428829643019
0.5734002509410289,0.6127428829643019
0.5734002509410289,0.6128332580207863
0.5735794945330704,0.6129236330772707
0.5735794945330704,0.6130140081337551
0.573758738125112,0.6131043831902395
0.573758738125112,0.6131947582467239
0.5741172253091952,0.6131947582467239
0.5741172253091952,0.6132851333032083
0.5746549560853199,0.6135562584726616
0.5746549560853199,0.6137370085856304
0.5748341996773615,0.6137370085856304
0.5748341996773615,0.6138273836421148
0.5750134432694031,0.6139177586985992
0.5751926868614448,0.6139177586985992
0.5751926868614448,0.6144600090375056
0.5753719304534863,0.6145503840939901
0.5753719304534863,0.6146407591504744
0.5755511740455279,0.6146407591504744
0.5755511740455279,0.6147311342069589
0.5757304176375695,0.6147311342069589
0.5759096612296111,0.6148215092634433
0.5759096612296111,0.6150926344328965
0.5760889048216526,0.615183009489381
0.5760889048216526,0.6153637596023498
0.5762681484136942,0.6153637596023498
0.5762681484136942,0.6155445097153186
0.5766266355977774,0.6157252598282874
0.5766266355977774,0.6158156348847718
0.576805879189819,0.6158156348847718
0.576805879189819,0.6159060099412562
0.5771643663739021,0.6159060099412562
0.5771643663739021,0.6161771351107095
0.5773436099659437,0.6162675101671938
0.5773436099659437,0.6163578852236783
0.5775228535579853,0.6164482602801626
0.5775228535579853,0.6166290103931314
0.5777020971500268,0.6167193854496159
0.5778813407420684,0.6167193854496159
0.5778813407420684,0.6168097605061004
0.5782398279261517,0.6169905106190692
0.5782398279261517,0.617171260732038
0.5784190715181933,0.617171260732038
0.5784190715181933,0.6173520108450068
0.5785983151102349,0.6174423859014911
0.5785983151102349,0.6176231360144601
0.5787775587022764,0.6177135110709444
0.5787775587022764,0.6178038861274289
0.5793152894784012,0.618075011296882
0.5793152894784012,0.6181653863533665
0.5794945330704427,0.6182557614098508
0.5794945330704427,0.6183461364663353
0.5796737766624843,0.6183461364663353
0.5796737766624843,0.6184365115228198
0.5798530202545259,0.6185268865793041
0.5798530202545259,0.6187980117487574
0.580211507438609,0.6189787618617262
0.580211507438609,0.6190691369182105
0.5803907510306506,0.619159511974695
0.5803907510306506,0.6196113872571171
0.5805699946226922,0.6197017623136014
0.5805699946226922,0.6197921373700859
0.5807492382147338,0.6197921373700859
0.5809284818067754,0.6198825124265702
0.5809284818067754,0.6200632625395391
0.5812869689908585,0.6200632625395391
0.5812869689908585,0.6203343877089923
0.5814662125829002,0.6204247627654768
0.5814662125829002,0.6205151378219611
0.5816454561749418,0.6206055128784456
0.5816454561749418,0.6207862629914144
0.5818246997669834,0.6207862629914144
0.5818246997669834,0.6212381382738364
0.5821831869510665,0.6212381382738364
0.5821831869510665,0.6215996384997741
0.5825416741351497,0.6217803886127429
0.5825416741351497,0.6218707636692273
0.5827209177271913,0.6218707636692273
0.5827209177271913,0.6220515137821961
0.5829001613192328,0.6221418888386805
0.5829001613192328,0.6223226389516493
0.583258648503316,0.6223226389516493
0.583258648503316,0.6225937641211026
0.5836171356873991,0.6227745142340714
0.5836171356873991,0.6228648892905558
0.5837963792794407,0.6229552643470402
0.5837963792794407,0.6230456394035246
0.5839756228714823,0.623136014460009
0.5839756228714823,0.6232263895164935
0.5841548664635239,0.6232263895164935
0.5841548664635239,0.6233167645729779
0.5843341100555655,0.6234071396294623
0.5843341100555655,0.6235878897424311
0.5845133536476071,0.6235878897424311
0.5846925972396487,0.6236782647989155
0.5846925972396487,0.6237686398553999
0.5848718408316903,0.6238590149118843
0.5848718408316903,0.6240397650248531
0.5852303280157735,0.624220515137822
0.5852303280157735,0.6244012652507908
0.585409571607815,0.6244012652507908
0.5855888151998566,0.6244916403072752
0.5855888151998566,0.6247627654767284
0.5859473023839398,0.6249435155896973
0.5859473023839398,0.6250338906461816
0.5861265459759814,0.6250338906461816
0.5861265459759814,0.6251242657026661
0.5864850331600645,0.6253050158156349
0.5864850331600645,0.6253953908721193
0.5868435203441477,0.6255761409850881
0.5868435203441477,0.6260280162675101
0.5870227639361892,0.6260280162675101
0.5870227639361892,0.626208766380479
0.5875604947123141,0.6264798915499322
0.5875604947123141,0.6265702666064167
0.5877397383043557,0.626660641662901
0.5877397383043557,0.6269317668323543
0.5879189818963972,0.6270221418888386
0.5879189818963972,0.6271125169453231
0.5880982254884388,0.6272028920018075
0.5880982254884388,0.6274740171712607
0.5882774690804804,0.6275643922277452
0.5882774690804804,0.627745142340714
0.588456712672522,0.627745142340714
0.588456712672522,0.6278355173971983
0.5888151998566051,0.6280162675101671
0.5888151998566051,0.6281970176231361
0.5889944434486467,0.6282873926796204
0.5889944434486467,0.6283777677361049
0.5895321742247714,0.628648892905558
0.589711417816813,0.628648892905558
0.589711417816813,0.6288296430185268
0.5898906614088546,0.6289200180750113
0.5898906614088546,0.6291911432444646
0.5902491485929378,0.6293718933574334
0.5902491485929378,0.6294622684139177
0.590607635777021,0.6296430185268865
0.590607635777021,0.6298237686398555
0.5907868793690626,0.6299141436963398
0.5907868793690626,0.6300045187528243
0.5909661229611042,0.6300045187528243
0.5913246101451873,0.6301852688657931
0.5913246101451873,0.6304563940352462
0.5915038537372289,0.6304563940352462
0.5915038537372289,0.6305467690917307
0.5916830973292705,0.6306371441482151
0.5916830973292705,0.6307275192046995
0.5918623409213121,0.6307275192046995
0.5924000716974368,0.6309986443741528
0.5924000716974368,0.6310890194306371
0.59275855888152,0.6310890194306371
0.59275855888152,0.6313601446000904
0.5929378024735615,0.6313601446000904
0.5929378024735615,0.6314505196565748
0.5931170460656031,0.6315408947130592
0.5931170460656031,0.6316312697695436
0.5932962896576447,0.6316312697695436
0.5932962896576447,0.6319023949389968
0.593654776841728,0.6320831450519656
0.5938340204337695,0.6320831450519656
0.5938340204337695,0.6321735201084501
0.5940132640258111,0.6322638951649345
0.5941925076178527,0.6322638951649345
0.5941925076178527,0.6324446452779033
0.5947302383939774,0.6327157704473565
0.594909481986019,0.6327157704473565
0.594909481986019,0.6330772706732942
0.5950887255780606,0.6330772706732942
0.5950887255780606,0.6331676457297786
0.5952679691701022,0.633258020786263
0.5952679691701022,0.6334387708992318
0.5954472127621437,0.6335291459557162
0.5954472127621437,0.6336195210122006
0.5958056999462269,0.6336195210122006
0.5958056999462269,0.633709896068685
0.5959849435382685,0.6338002711251695
0.59616418713031,0.6338002711251695
0.59616418713031,0.6338906461816539
0.5967019179064349,0.6341617713511071
0.5967019179064349,0.6344328965205603
0.5968811614984765,0.6344328965205603
0.5968811614984765,0.6346136466335291
0.597060405090518,0.6346136466335291
0.5975981358666428,0.6348847718029824
0.5975981358666428,0.6350655219159512
0.5977773794586844,0.6350655219159512
0.5979566230507259,0.6351558969724356
0.5979566230507259,0.6355173971983733
0.5981358666427675,0.6355173971983733
0.5981358666427675,0.6356077722548577
0.5983151102348091,0.6356981473113421
0.5983151102348091,0.6357885223678265
0.5986735974188923,0.6359692724807953
0.5988528410109338,0.6359692724807953
0.5988528410109338,0.6361500225937641
0.5990320846029754,0.6362403976502485
0.5990320846029754,0.6364211477632173
0.599211328195017,0.6364211477632173
0.5997490589711418,0.6366922729326706
0.5997490589711418,0.636782647989155
0.5999283025631834,0.6368730230456394
0.5999283025631834,0.6369633981021238
0.6002867897472666,0.6371441482150927
0.6002867897472666,0.6375960234975147
0.6006452769313497,0.6377767736104835
0.6006452769313497,0.6378671486669679
0.6008245205233913,0.6378671486669679
0.6010037641154329,0.6379575237234524
0.6010037641154329,0.6380478987799367
0.6011830077074745,0.6381382738364212
0.6011830077074745,0.63831902394939
0.601362251299516,0.63831902394939
0.6017207384835992,0.6384997740623588
0.6017207384835992,0.6385901491188432
0.6018999820756408,0.6385901491188432
0.6018999820756408,0.6387708992318121
0.6020792256676823,0.6387708992318121
0.6020792256676823,0.6388612742882964
0.6022584692597239,0.6389516493447809
0.6024377128517655,0.6389516493447809
0.6024377128517655,0.6390420244012652
0.6026169564438071,0.6391323994577497
0.6026169564438071,0.639222774514234
0.6027962000358488,0.639222774514234
0.6029754436278904,0.6393131495707185
0.6029754436278904,0.6394035246272028
0.6031546872199319,0.6394035246272028
0.6031546872199319,0.6394938996836873
0.6033339308119735,0.6395842747401718
0.6033339308119735,0.6396746497966561
0.6035131744040151,0.6396746497966561
0.6035131744040151,0.6398553999096249
0.6038716615880982,0.6400361500225937
0.6038716615880982,0.6401265250790782
0.6040509051801398,0.6401265250790782
0.6040509051801398,0.6402169001355625
0.604409392364223,0.6403976502485315
0.604409392364223,0.6404880253050158
0.6045886359562646,0.6404880253050158
0.6045886359562646,0.6405784003615003
0.6047678795483061,0.6405784003615003
0.6047678795483061,0.6406687754179846
0.6049471231403477,0.6406687754179846
0.6049471231403477,0.6407591504744691
0.6051263667323893,0.6408495255309534
0.6051263667323893,0.6415725259828288
0.6053056103244309,0.6415725259828288
0.6053056103244309,0.6418436511522819
0.6054848539164724,0.6418436511522819
0.6054848539164724,0.6420244012652508
0.605664097508514,0.6420244012652508
0.605664097508514,0.6422051513782197
0.6058433411005557,0.6422051513782197
0.6058433411005557,0.6423859014911885
0.6062018282846389,0.6425666516041573
0.6062018282846389,0.6427474017171261
0.6063810718766804,0.6427474017171261
0.6067395590607636,0.6429281518300949
0.6067395590607636,0.6432896520560325
0.6069188026528052,0.6432896520560325
0.6069188026528052,0.643380027112517
0.6070980462448468,0.643380027112517
0.6070980462448468,0.6434704021690013
0.6074565334289299,0.6436511522819702
0.6074565334289299,0.643831902394939
0.6076357770209715,0.6439222774514234
0.6076357770209715,0.6440126525079078
0.6079942642050546,0.6441934026208767
0.6079942642050546,0.644283777677361
0.608711238573221,0.6446452779032987
0.608711238573221,0.6448260280162675
0.6090697257573042,0.6450067781292363
0.6090697257573042,0.6450971531857207
0.6092489693493458,0.6450971531857207
0.6092489693493458,0.6451875282422052
0.6094282129413874,0.6451875282422052
0.6097867001254705,0.645368278355174
0.6097867001254705,0.6455490284681428
0.6099659437175121,0.6455490284681428
0.6099659437175121,0.6456394035246272
0.6101451873095537,0.6457297785811116
0.6101451873095537,0.6460009037505648
0.6103244309015953,0.6460009037505648
0.6103244309015953,0.6460912788070493
0.6106829180856784,0.6462720289200181
0.6106829180856784,0.6463624039765025
0.61086216167772,0.6463624039765025
0.61086216167772,0.6464527790329869
0.6110414052697616,0.6464527790329869
0.6110414052697616,0.6466335291459557
0.6113998924538447,0.6468142792589245
0.6113998924538447,0.646904654315409
0.6115791360458863,0.646904654315409
0.6115791360458863,0.6469950293718933
0.6117583796379279,0.6469950293718933
0.6117583796379279,0.6471757794848622
0.6119376232299695,0.6472661545413466
0.6119376232299695,0.6474469046543154
0.6121168668220112,0.6475372797107998
0.6122961104140527,0.6475372797107998
0.6122961104140527,0.6477180298237687
0.6124753540060943,0.647808404880253
0.6124753540060943,0.6479891549932218
0.6126545975981359,0.6480795300497063
0.6126545975981359,0.6481699051061907
0.613013084782219,0.6483506552191595
0.613013084782219,0.6484410302756439
0.6133715719663022,0.6486217803886127
0.6133715719663022,0.648892905558066
0.6137300591503854,0.648892905558066
0.6137300591503854,0.6492544057840036
0.6140885463344685,0.6492544057840036
0.6140885463344685,0.6495255309534569
0.6144470335185517,0.6495255309534569
0.6144470335185517,0.6497062810664257
0.6146262771105933,0.6497062810664257
0.6146262771105933,0.6498870311793945
0.6153432514787597,0.6502485314053321
0.6153432514787597,0.6503389064618166
0.6158809822548844,0.6506100316312697
0.6158809822548844,0.6507004066877542
0.616060225846926,0.6507907817442385
0.616060225846926,0.6510619069136918
0.6162394694389676,0.6511522819701763
0.6162394694389676,0.6513330320831451
0.6165979566230507,0.6513330320831451
0.6165979566230507,0.6514234071396294
0.6167772002150923,0.6515137821961139
0.6167772002150923,0.6517849073655672
0.6169564438071339,0.6517849073655672
0.6169564438071339,0.6518752824220515
0.6171356873991755,0.6518752824220515
0.6171356873991755,0.651965657478536
0.6174941745832586,0.6521464075915048
0.6174941745832586,0.6523271577044736
0.6176734181753002,0.6524175327609579
0.6176734181753002,0.6525079078174424
0.6180319053593833,0.6525079078174424
0.6180319053593833,0.6526886579304112
0.618211148951425,0.6526886579304112
0.618211148951425,0.6529597830998645
0.6183903925434666,0.6529597830998645
0.6183903925434666,0.6531405332128333
0.6185696361355082,0.6532309082693176
0.6185696361355082,0.6533212833258021
0.6189281233195914,0.6535020334387709
0.6189281233195914,0.6535924084952554
0.6191073669116329,0.6535924084952554
0.6192866105036745,0.6536827835517397
0.6194658540957161,0.6536827835517397
0.6194658540957161,0.6540442837776773
0.6196450976877577,0.6540442837776773
0.6196450976877577,0.6543154089471306
0.6198243412797992,0.6543154089471306
0.6198243412797992,0.654405784003615
0.6201828284638824,0.6545865341165839
0.6201828284638824,0.6546769091730682
0.620362072055924,0.6547672842295527
0.620362072055924,0.654857659286037
0.6205413156479656,0.654857659286037
0.6205413156479656,0.6549480343425215
0.6207205592400071,0.6549480343425215
0.6207205592400071,0.6551287844554903
0.6208998028320487,0.6551287844554903
0.6208998028320487,0.6552191595119747
0.621258290016132,0.6552191595119747
0.621258290016132,0.6553999096249435
0.6214375336081736,0.6553999096249435
0.6214375336081736,0.6557614098508812
0.6216167772002151,0.6557614098508812
0.6216167772002151,0.65594215996385
0.6223337515683814,0.6563036601897876
0.6223337515683814,0.656394035246272
0.622512995160423,0.6564844103027564
0.622512995160423,0.6565747853592409
0.6226922387524646,0.6565747853592409
0.6228714823445062,0.6566651604157253
0.6228714823445062,0.6568459105286941
0.6230507259365478,0.6568459105286941
0.6230507259365478,0.6570266606416629
0.6232299695285893,0.6571170356981473
0.6232299695285893,0.6572074107546317
0.6234092131206309,0.6572977858111161
0.6234092131206309,0.6573881608676005
0.6235884567126725,0.6573881608676005
0.6235884567126725,0.657478535924085
0.6237677003047141,0.657478535924085
0.6237677003047141,0.6575689109805694
0.6239469438967556,0.6576592860370538
0.6239469438967556,0.6582919114324447
0.6243054310808389,0.6582919114324447
0.6243054310808389,0.658382286488929
0.6246639182649221,0.6585630366018979
0.6246639182649221,0.6586534116583823
0.6248431618569636,0.6587437867148667
0.6250224054490052,0.6587437867148667
0.6250224054490052,0.6588341617713511
0.6252016490410468,0.6589245368278355
0.6252016490410468,0.6591956619972887
0.6253808926330884,0.6591956619972887
0.6253808926330884,0.6592860370537732
0.6257393798171715,0.659466787166742
0.6257393798171715,0.6595571622232264
0.6259186234092131,0.6595571622232264
0.6260978670012547,0.6596475372797108
0.6260978670012547,0.6599186624491641
0.6264563541853378,0.6600994125621329
0.6264563541853378,0.6602801626751017
0.626814841369421,0.6604609127880705
0.626814841369421,0.6605512878445549
0.6271733285535042,0.6607320379575238
0.6273525721455459,0.6607320379575238
0.6273525721455459,0.6609127880704926
0.6275318157375874,0.6609127880704926
0.6275318157375874,0.6611839132399457
0.627711059329629,0.6611839132399457
0.627711059329629,0.661455038409399
0.6278903029216706,0.661455038409399
0.6278903029216706,0.6616357885223678
0.6280695465137122,0.6616357885223678
0.6280695465137122,0.6617261635788523
0.6282487901057537,0.6617261635788523
0.6284280336977953,0.6618165386353366
0.6284280336977953,0.6619069136918211
0.6286072772898369,0.6619069136918211
0.6286072772898369,0.662539539087212
0.6287865208818785,0.662539539087212
0.6287865208818785,0.6626299141436963
0.62896576447392,0.6627202892001808
0.62896576447392,0.6628106642566651
0.6291450080659616,0.6628106642566651
0.6291450080659616,0.6629010393131496
0.6293242516580032,0.6629914143696339
0.6293242516580032,0.6632625395390872
0.6295034952500448,0.6632625395390872
0.6296827388420864,0.6633529145955717
0.6298619824341279,0.6633529145955717
0.6298619824341279,0.663443289652056
0.6303997132102528,0.6637144148215093
0.6303997132102528,0.6640759150474469
0.6305789568022944,0.6641662901039314
0.6307582003943359,0.6641662901039314
0.6307582003943359,0.6642566651604157
0.6309374439863775,0.6643470402169002
0.6309374439863775,0.6646181653863533
0.6312959311704607,0.6646181653863533
0.6312959311704607,0.6647989154993222
0.6314751747625023,0.6648892905558066
0.6316544183545438,0.6648892905558066
0.6316544183545438,0.6650700406687754
0.6318336619465854,0.6650700406687754
0.6318336619465854,0.6651604157252599
0.632012905538627,0.6652507907817442
0.632012905538627,0.665431540894713
0.6325506363147517,0.6657026660641663
0.6325506363147517,0.6657930411206507
0.6327298799067933,0.6658834161771351
0.6327298799067933,0.6659737912336195
0.6330883670908765,0.6661545413465884
0.6330883670908765,0.6662449164030727
0.633267610682918,0.6662449164030727
0.633267610682918,0.6663352914595572
0.6334468542749597,0.6663352914595572
0.6334468542749597,0.6666967916854948
0.6338053414590429,0.6668775417984636
0.6338053414590429,0.666967916854948
0.634163828643126,0.666967916854948
0.634163828643126,0.6670582919114324
0.6345223158272092,0.6672390420244013
0.6345223158272092,0.6674197921373701
0.6348808030112923,0.6676005422503389
0.6348808030112923,0.6676909173068233
0.6350600466033339,0.6676909173068233
0.6352392901953755,0.6677812923633077
0.6352392901953755,0.668052417532761
0.6355977773794587,0.6682331676457298
0.6355977773794587,0.6683235427022142
0.6364939953396666,0.6687754179846362
0.6364939953396666,0.668956168097605
0.6366732389317082,0.6690465431540895
0.6366732389317082,0.6691369182105739
0.6370317261157914,0.6693176683235427
0.6370317261157914,0.6694080433800271
0.6373902132998746,0.6694080433800271
0.6373902132998746,0.6695887934929959
0.6375694568919161,0.6695887934929959
0.6375694568919161,0.6696791685494804
0.6377487004839577,0.6696791685494804
0.6382864312600824,0.6699502937189336
0.6382864312600824,0.670040668775418
0.638465674852124,0.670040668775418
0.638465674852124,0.6702214188883868
0.6386449184441656,0.6702214188883868
0.6386449184441656,0.6703117939448712
0.6390034056282488,0.6703117939448712
0.6390034056282488,0.6704925440578401
0.6391826492202903,0.6704925440578401
0.6391826492202903,0.6706732941708089
0.6393618928123319,0.6706732941708089
0.6393618928123319,0.670944419340262
0.6395411364043735,0.6710347943967465
0.6395411364043735,0.6713962946226841
0.6397203799964152,0.6713962946226841
0.6397203799964152,0.6714866696791686
0.6398996235884568,0.6715770447356529
0.6398996235884568,0.6716674197921374
0.6400788671804983,0.6716674197921374
0.6400788671804983,0.6718481699051062
0.6402581107725399,0.6718481699051062
0.6407958415486646,0.6721192950745595
0.6407958415486646,0.6723000451875283
0.6411543287327478,0.6723000451875283
0.6411543287327478,0.6723904202440126
0.6413335723247894,0.6724807953004971
0.6413335723247894,0.6725711703569814
0.641512815916831,0.6725711703569814
0.641512815916831,0.6729326705829192
0.6416920595088725,0.6729326705829192
0.6418713031009141,0.6730230456394035
0.6418713031009141,0.6735652959783099
0.6422297902849973,0.6737460460912789
0.6424090338770388,0.6737460460912789
0.6424090338770388,0.6738364211477632
0.6425882774690804,0.6738364211477632
0.6425882774690804,0.674017171260732
0.6427675210611221,0.674017171260732
0.6427675210611221,0.6741979213737008
0.6429467646531637,0.6741979213737008
0.64366373902133,0.6745594215996386
0.64366373902133,0.6750112968820605
0.6440222262054132,0.6751920469950293
0.6440222262054132,0.675553547220967
0.6443807133894963,0.675553547220967
0.6443807133894963,0.6759150474469047
0.6445599569815379,0.6759150474469047
0.6445599569815379,0.6761861726163579
0.6452769313497042,0.6765476728422956
0.6452769313497042,0.6768187980117487
0.6454561749417458,0.6768187980117487
0.6454561749417458,0.6769091730682332
0.6456354185337874,0.6769995481247176
0.6456354185337874,0.677089923181202
0.645814662125829,0.677089923181202
0.645814662125829,0.6772706732941708
0.6459939057178706,0.6772706732941708
0.6459939057178706,0.6774514234071396
0.6465316364939954,0.6777225485765929
0.6467108800860369,0.6777225485765929
0.6467108800860369,0.6780840488025305
0.6468901236780785,0.6780840488025305
0.6470693672701201,0.6781744238590149
0.6470693672701201,0.6783551739719837
0.6472486108621617,0.6783551739719837
0.6472486108621617,0.6784455490284681
0.6481448288223696,0.6788974243108902
0.6483240724144111,0.6788974243108902
0.6483240724144111,0.6793492995933123
0.6485033160064527,0.6793492995933123
0.6485033160064527,0.6795300497062811
0.6486825595984943,0.6796204247627655
0.6486825595984943,0.6797107998192499
0.6490410467825776,0.6798915499322187
0.6492202903746191,0.6798915499322187
0.6492202903746191,0.6800723000451875
0.6493995339666607,0.6800723000451875
0.6493995339666607,0.6801626751016719
0.6495787775587023,0.6801626751016719
0.6499372647427855,0.6803434252146408
0.650116508334827,0.6803434252146408
0.650116508334827,0.6804338002711252
0.6502957519268686,0.6805241753276096
0.6502957519268686,0.680614550384094
0.6504749955189102,0.6807049254405784
0.6504749955189102,0.6807953004970628
0.6506542391109518,0.6807953004970628
0.6506542391109518,0.6808856755535472
0.6508334827029933,0.6808856755535472
0.6510127262950349,0.6809760506100316
0.6511919698870765,0.6809760506100316
0.6511919698870765,0.6812471757794849
0.6513712134791181,0.6812471757794849
0.6513712134791181,0.6813375508359693
0.6515504570711597,0.6813375508359693
0.6517297006632012,0.6814279258924537
0.6517297006632012,0.6818798011748758
0.6519089442552429,0.6819701762313601
0.6519089442552429,0.6820605512878446
0.6520881878472845,0.682150926344329
0.6520881878472845,0.6822413014008134
0.6524466750313677,0.6824220515137822
0.6524466750313677,0.6825124265702666
0.6526259186234092,0.6825124265702666
0.6526259186234092,0.682602801626751
0.6528051622154508,0.6826931766832355
0.6528051622154508,0.6828739267962043
0.6529844058074924,0.6828739267962043
0.6529844058074924,0.6829643018526886
0.653163649399534,0.6830546769091731
0.653163649399534,0.6831450519656574
0.6533428929915756,0.6831450519656574
0.6533428929915756,0.6835969272480795
0.6537013801756587,0.6837776773610483
0.6537013801756587,0.6840488025305016
0.6538806237677003,0.684139177586986
0.6538806237677003,0.6843199276999549
0.6542391109517834,0.6843199276999549
0.6542391109517834,0.6845006778129237
0.6545975981358666,0.6845006778129237
0.6545975981358666,0.6846814279258925
0.6547768417279082,0.6846814279258925
0.6547768417279082,0.6847718029823768
0.6549560853199499,0.6847718029823768
0.6554938160960746,0.6850429281518301
0.6554938160960746,0.6852236782647989
0.6556730596881162,0.6853140533212834
0.6558523032801578,0.6853140533212834
0.6558523032801578,0.6855851784907365
0.6560315468721993,0.6855851784907365
0.6560315468721993,0.6859466787166743
0.6562107904642409,0.6859466787166743
0.6562107904642409,0.6861274288296431
0.6563900340562825,0.6861274288296431
0.6563900340562825,0.6862178038861274
0.6565692776483241,0.6863081789426119
0.6565692776483241,0.6864889290555807
0.6567485212403656,0.6864889290555807
0.6580032263846568,0.6871215544509716
0.6580032263846568,0.6872119295074559
0.65836171356874,0.6873926796204247
0.65836171356874,0.6874830546769092
0.6585409571607815,0.6875734297333936
0.6585409571607815,0.6877541798463624
0.6588994443448647,0.6879349299593313
0.6588994443448647,0.6882060551287844
0.6590786879369063,0.6882964301852689
0.6590786879369063,0.6883868052417533
0.6592579315289478,0.6883868052417533
0.6592579315289478,0.6886579304112065
0.659616418713031,0.6888386805241753
0.659616418713031,0.6889290555806598
0.6603333930811973,0.6892905558065974
0.6603333930811973,0.6897424310890194
0.6606918802652805,0.6897424310890194
0.6606918802652805,0.6899231812019883
0.6610503674493637,0.6901039313149571
0.6610503674493637,0.6902846814279259
0.6614088546334469,0.6904654315408947
0.6614088546334469,0.6905558065973791
0.66176734181753,0.6905558065973791
0.66176734181753,0.690736556710348
0.6619465854095716,0.690736556710348
0.6619465854095716,0.6909173068233168
0.6621258290016132,0.6910076818798012
0.6621258290016132,0.69118843199277
0.6624843161856964,0.6913691821057388
0.6624843161856964,0.6916403072751921
0.6626635597777379,0.6917306823316764
0.6628428033697795,0.6917306823316764
0.6628428033697795,0.6918210573881609
0.6630220469618211,0.6918210573881609
0.6630220469618211,0.6919114324446453
0.6632012905538627,0.6920018075011297
0.6633805341459043,0.6920018075011297
0.6633805341459043,0.6921825576140985
0.6637390213299874,0.6923633077270673
0.6637390213299874,0.6925440578400361
0.663918264922029,0.6925440578400361
0.6642767521061123,0.692724807953005
0.6642767521061123,0.6929055580659738
0.6644559956981538,0.6929055580659738
0.6644559956981538,0.6930863081789426
0.6646352392901954,0.6930863081789426
0.6649937264742786,0.6932670582919115
0.6649937264742786,0.6933574333483958
0.6651729700663201,0.6934478084048803
0.6653522136583617,0.6934478084048803
0.6653522136583617,0.6936285585178491
0.6655314572504033,0.6937189335743335
0.6655314572504033,0.6938093086308179
0.6657107008424449,0.6938093086308179
0.6657107008424449,0.6938996836873023
0.6658899444344865,0.6939900587437867
0.666069188026528,0.6939900587437867
0.666069188026528,0.69426118391324
0.6662484316185696,0.69426118391324
0.6662484316185696,0.6945323090826931
0.6664276752106112,0.6945323090826931
0.6664276752106112,0.694713059195662
0.6666069188026528,0.694713059195662
0.6666069188026528,0.6948034342521464
0.6667861623946943,0.6948938093086309
0.6669654059867359,0.6948938093086309
0.6669654059867359,0.695164934478084
0.6671446495787775,0.695164934478084
0.6673238931708192,0.6952553095345685
0.6673238931708192,0.6955264347040216
0.6675031367628608,0.6955264347040216
0.6675031367628608,0.6956168097605061
0.6678616239469439,0.6957975598734749
0.6678616239469439,0.6958879349299594
0.6680408675389855,0.6959783099864437
0.6680408675389855,0.6963398102123813
0.6682201111310271,0.6964301852688658
0.6682201111310271,0.6965205603253503
0.6683993547230687,0.6966109353818346
0.6683993547230687,0.6967916854948034
0.6685785983151102,0.6967916854948034
0.6685785983151102,0.6968820605512879
0.669116329091235,0.697153185720741
0.669116329091235,0.6974243108901943
0.6692955726832766,0.6974243108901943
0.6692955726832766,0.6975146859466788
0.6694748162753181,0.6975146859466788
0.6694748162753181,0.6977858111161319
0.6696540598673597,0.6977858111161319
0.6696540598673597,0.6978761861726164
0.6698333034594013,0.6979665612291007
0.6698333034594013,0.6981473113420696
0.6700125470514429,0.698237686398554
0.6701917906434844,0.698237686398554
0.6701917906434844,0.6985088115680073
0.6703710342355261,0.6985088115680073
0.6703710342355261,0.6985991866244916
0.6709087650116509,0.6988703117939449
0.6709087650116509,0.6989606868504293
0.671267252195734,0.6991414369633981
0.671267252195734,0.6992318120198825
0.6714464957877756,0.699322187076367
0.6714464957877756,0.6994125621328513
0.6718049829718588,0.6994125621328513
0.6718049829718588,0.6996836873023046
0.6719842265639003,0.699774062358789
0.6719842265639003,0.6998644374152734
0.6721634701559419,0.6998644374152734
0.6721634701559419,0.6999548124717578
0.6723427137479835,0.6999548124717578
0.6725219573400251,0.7000451875282422
0.6725219573400251,0.7001355625847266
0.6727012009320666,0.7001355625847266
0.6727012009320666,0.700225937641211
0.6728804445241082,0.700225937641211
0.6728804445241082,0.7004066877541798
0.6732389317081914,0.7005874378671487
0.6732389317081914,0.7007681879801175
0.6734181753002331,0.7007681879801175
0.6734181753002331,0.7010393131495707
0.6735974188922746,0.7010393131495707
0.6735974188922746,0.7011296882060551
0.6737766624843162,0.7012200632625395
0.6737766624843162,0.701310438319024
0.6741351496683994,0.701310438319024
0.6741351496683994,0.7014008133755084
0.674314393260441,0.7014008133755084
0.674314393260441,0.7015815634884772
0.6744936368524825,0.7016719385449616
0.6744936368524825,0.701762313601446
0.6746728804445241,0.701762313601446
0.6746728804445241,0.7018526886579304
0.675569098404732,0.7023045639403525
0.675569098404732,0.7024853140533213
0.6757483419967736,0.7024853140533213
0.6757483419967736,0.7026660641662901
0.6759275855888152,0.7026660641662901
0.6759275855888152,0.7027564392227745
0.6761068291808567,0.7028468142792589
0.6761068291808567,0.7034794396746498
0.6762860727728983,0.7035698147311342
0.6762860727728983,0.7039313149570718
0.6766445599569816,0.7039313149570718
0.6766445599569816,0.7040216900135563
0.6768238035490232,0.7041120650700406
0.6768238035490232,0.7042024401265251
0.6770030471410647,0.7042928151830095
0.6770030471410647,0.7043831902394939
0.6771822907331063,0.7044735652959783
0.6771822907331063,0.7045639403524627
0.6773615343251479,0.7045639403524627
0.6773615343251479,0.704835065521916
0.6775407779171895,0.704835065521916
0.6775407779171895,0.7049254405784003
0.677720021509231,0.7050158156348848
0.677720021509231,0.7051061906913692
0.6782577522853558,0.7053773158608224
0.6782577522853558,0.7055580659737912
0.6784369958773974,0.7055580659737912
0.6784369958773974,0.7058291911432445
0.6787954830614805,0.7060099412562133
0.6787954830614805,0.7061906913691821
0.6789747266535221,0.7061906913691821
0.6793332138376053,0.7063714414821509
0.6793332138376053,0.7064618165386354
0.6795124574296469,0.7065521915951197
0.6795124574296469,0.7066425666516042
0.6796917010216885,0.7066425666516042
0.6798709446137301,0.7067329417080885
0.6800501882057717,0.7067329417080885
0.6800501882057717,0.7069136918210573
0.6802294317978133,0.7069136918210573
0.6802294317978133,0.7070944419340263
0.6804086753898548,0.7070944419340263
0.6804086753898548,0.7071848169905106
0.680767162573938,0.7073655671034794
0.6809464061659796,0.7073655671034794
0.6809464061659796,0.7075463172164482
0.6811256497580211,0.7076366922729327
0.6811256497580211,0.707727067329417
0.6816633805341459,0.7079981924988703
0.6816633805341459,0.7082693176683236
0.6818426241261875,0.7082693176683236
0.6818426241261875,0.7083596927248079
0.6825595984943539,0.7087211929507456
0.6825595984943539,0.7089923181201988
0.682918085678437,0.7089923181201988
0.682918085678437,0.7097153185720741
0.6832765728625202,0.709896068685043
0.6832765728625202,0.7102575689109806
0.6834558164545618,0.7102575689109806
0.6838143036386449,0.7104383190239494
0.6838143036386449,0.7105286940804338
0.6839935472306865,0.7105286940804338
0.6839935472306865,0.710799819249887
0.6841727908227281,0.7108901943063715
0.6841727908227281,0.7109805693628558
0.6843520344147697,0.7109805693628558
0.6843520344147697,0.7110709444193403
0.6845312780068112,0.7110709444193403
0.6845312780068112,0.7114324446452779
0.6848897651908944,0.7116131947582467
0.6848897651908944,0.7117939448712155
0.685069008782936,0.7117939448712155
0.685069008782936,0.7118843199277
0.6852482523749776,0.7119746949841844
0.6852482523749776,0.7121554450971532
0.6854274959670191,0.7121554450971532
0.6856067395590608,0.7122458201536376
0.6856067395590608,0.712336195210122
0.685965226743144,0.712336195210122
0.685965226743144,0.7125169453230908
0.6863237139272271,0.7126976954360597
0.6863237139272271,0.7127880704925441
0.6865029575192687,0.7128784455490285
0.6866822011113103,0.7128784455490285
0.6866822011113103,0.7130591956619973
0.6868614447033519,0.7131495707184817
0.6868614447033519,0.7133303208314505
0.687219931887435,0.7135110709444193
0.687219931887435,0.7136014460009038
0.6873991754794766,0.7136918210573882
0.6873991754794766,0.7137821961138726
0.6877576626635598,0.7139629462268414
0.6877576626635598,0.7142340713962946
0.6879369062556013,0.7142340713962946
0.6879369062556013,0.714324446452779
0.6882953934396845,0.714324446452779
0.6882953934396845,0.7144148215092635
0.6884746370317261,0.7145051965657478
0.6884746370317261,0.7145955716222323
0.6886538806237678,0.7146859466787167
0.6886538806237678,0.7150474469046543
0.6888331242158093,0.7150474469046543
0.6888331242158093,0.7151378219611387
0.6890123678078509,0.7151378219611387
0.6890123678078509,0.7153185720741075
0.6891916113998925,0.7153185720741075
0.6891916113998925,0.7154993221870763
0.6897293421760172,0.7157704473565296
0.6899085857680588,0.7157704473565296
0.6899085857680588,0.7162223226389517
0.6900878293601004,0.7162223226389517
0.6900878293601004,0.716312697695436
0.6904463165441835,0.7164934478084048
0.6904463165441835,0.7165838228648893
0.6906255601362251,0.7165838228648893
0.6908048037282667,0.7166741979213737
0.6908048037282667,0.7167645729778581
0.6909840473203083,0.7167645729778581
0.6909840473203083,0.7168549480343426
0.691521778096433,0.7171260732037957
0.691521778096433,0.7172164482602802
0.6918802652805163,0.7172164482602802
0.6918802652805163,0.7173068233167645
0.6920595088725578,0.717397198373249
0.6920595088725578,0.7175779484862178
0.6922387524645994,0.7175779484862178
0.692417996056641,0.7176683235427023
0.6925972396486826,0.7176683235427023
0.6925972396486826,0.7177586985991866
0.6929557268327657,0.7179394487121554
0.6929557268327657,0.7181201988251242
0.6933142140168489,0.718300948938093
0.6933142140168489,0.7183913239945775
0.693672701200932,0.7185720741075463
0.693672701200932,0.7186624491640308
0.6938519447929736,0.7186624491640308
0.6938519447929736,0.7187528242205151
0.6940311883850152,0.7187528242205151
0.6942104319770568,0.7188431992769996
0.6943896755690984,0.7188431992769996
0.6943896755690984,0.7190239493899684
0.6945689191611399,0.7190239493899684
0.6945689191611399,0.7191143244464527
0.6947481627531815,0.7192046995029372
0.6947481627531815,0.7194758246723905
0.6949274063452232,0.7194758246723905
0.6958236243054311,0.7199276999548124
0.6960028678974727,0.7199276999548124
0.6960028678974727,0.7200180750112969
0.6963613550815558,0.7201988251242657
0.6963613550815558,0.7202892001807502
0.6965405986735974,0.7203795752372345
0.6965405986735974,0.720469950293719
0.696719842265639,0.7205603253502033
0.696719842265639,0.7207410754631721
0.6968990858576806,0.7208314505196566
0.6968990858576806,0.7210122006326254
0.6970783294497221,0.7210122006326254
0.6972575730417637,0.7211025756891098
0.6972575730417637,0.7211929507455942
0.6974368166338053,0.7211929507455942
0.6974368166338053,0.7212833258020787
0.6981537910019717,0.7216448260280163
0.6981537910019717,0.7218255761409851
0.6983330345940133,0.7219159511974695
0.6983330345940133,0.7220063262539539
0.6986915217780965,0.7220063262539539
0.6986915217780965,0.7220967013104383
0.698870765370138,0.7221870763669227
0.698870765370138,0.7222774514234072
0.6994084961462628,0.7225485765928604
0.6994084961462628,0.7226389516493448
0.6995877397383043,0.7226389516493448
0.6995877397383043,0.7228197017623136
0.6997669833303459,0.7228197017623136
0.6997669833303459,0.7230004518752824
0.6999462269223875,0.7230908269317669
0.6999462269223875,0.7232715770447357
0.7001254705144291,0.7232715770447357
0.7001254705144291,0.7233619521012201
0.7006632012905538,0.7236330772706733
0.7006632012905538,0.7238138273836421
0.7010216884746371,0.7239945774966109
0.7010216884746371,0.7240849525530954
0.7012009320666787,0.7241753276095798
0.7012009320666787,0.7243560777225486
0.7013801756587202,0.724446452779033
0.7013801756587202,0.7245368278355174
0.7015594192507618,0.7245368278355174
0.7015594192507618,0.7247175779484862
0.7017386628428034,0.7247175779484862
0.7017386628428034,0.7248079530049706
0.7020971500268866,0.7249887031179395
0.7020971500268866,0.7250790781744239
0.7026348808030113,0.7253502033438771
0.7028141243950529,0.7253502033438771
0.7028141243950529,0.7254405784003615
0.7037103423552608,0.7258924536827835
0.7037103423552608,0.7261635788522368
0.7038895859473023,0.7261635788522368
0.7038895859473023,0.7262539539087212
0.7042480731313856,0.7262539539087212
0.7042480731313856,0.7263443289652056
0.7044273167234272,0.7263443289652056
0.7044273167234272,0.72643470402169
0.7046065603154688,0.7265250790781744
0.7046065603154688,0.7267058291911432
0.7047858039075103,0.7267058291911432
0.7047858039075103,0.726886579304112
0.7049650474995519,0.7269769543605965
0.7051442910915935,0.7269769543605965
0.7051442910915935,0.7271577044735653
0.7056820218677182,0.7274288296430186
0.7056820218677182,0.7276095797559874
0.7058612654597598,0.7276095797559874
0.7058612654597598,0.7278807049254405
0.706219752643843,0.7280614550384094
0.7063989962358845,0.7280614550384094
0.7063989962358845,0.7286037053773159
0.7067574834199677,0.7286037053773159
0.7067574834199677,0.7286940804338002
0.7069367270120093,0.7287844554902847
0.7069367270120093,0.7289652056032535
0.707115970604051,0.729055580659738
0.707115970604051,0.7293267058291911
0.7072952141960925,0.7293267058291911
0.7072952141960925,0.7295074559421599
0.7074744577881341,0.7295978309986444
0.7074744577881341,0.7296882060551287
0.7076537013801757,0.7296882060551287
0.7076537013801757,0.729959331224582
0.7078329449722173,0.7300497062810665
0.7078329449722173,0.7303208314505196
0.7080121885642588,0.7303208314505196
0.7081914321563004,0.7304112065070041
0.7081914321563004,0.7305015815634884
0.708370675748342,0.7305015815634884
0.708370675748342,0.7305919566199729
0.7087291629324252,0.7307727067329417
0.7087291629324252,0.7308630817894262
0.7089084065244667,0.7308630817894262
0.7089084065244667,0.7311342069588793
0.7092668937085499,0.7313149570718481
0.7092668937085499,0.7314053321283326
0.709625380892633,0.7315860822413014
0.709625380892633,0.7316764572977859
0.7098046244846746,0.7316764572977859
0.7099838680767162,0.7317668323542702
0.7099838680767162,0.731947582467239
0.7101631116687579,0.731947582467239
0.7101631116687579,0.7321283325802078
0.7103423552607995,0.7322187076366923
0.710521598852841,0.7322187076366923
0.710521598852841,0.7323090826931767
0.7108800860369242,0.7324898328061455
0.7110593296289658,0.7324898328061455
0.7110593296289658,0.7325802078626299
0.7112385732210074,0.7326705829191144
0.7112385732210074,0.7327609579755987
0.7114178168130489,0.7327609579755987
0.7115970604050905,0.7328513330320832
0.7115970604050905,0.7329417080885675
0.7119555475891737,0.7331224582015364
0.7119555475891737,0.7332128332580208
0.7121347911812153,0.7333032083145052
0.7123140347732568,0.7333032083145052
0.7123140347732568,0.7333935833709896
0.7124932783652984,0.7333935833709896
0.7124932783652984,0.733483958427474
0.71267252195734,0.7335743334839584
0.71267252195734,0.7336647085404429
0.7128517655493816,0.7336647085404429
0.7128517655493816,0.7337550835969272
0.7132102527334648,0.7337550835969272
0.7132102527334648,0.7341165838228649
0.7133894963255064,0.7342069588793493
0.7133894963255064,0.7343877089923181
0.713568739917548,0.7343877089923181
0.713568739917548,0.7344780840488025
0.7137479835095896,0.7344780840488025
0.7137479835095896,0.7345684591052869
0.7139272271016311,0.7345684591052869
0.7142857142857143,0.7347492092182558
0.7142857142857143,0.7348395842747402
0.7144649578777559,0.7349299593312246
0.7144649578777559,0.735020334387709
0.714823445061839,0.735020334387709
0.714823445061839,0.7352010845006778
0.7150026886538806,0.7352010845006778
0.7150026886538806,0.7353818346136466
0.7153611758379638,0.7353818346136466
0.7153611758379638,0.735472209670131
0.7155404194300053,0.7355625847266155
0.7155404194300053,0.7358337098960687
0.7158989066140885,0.7360144600090375
0.7158989066140885,0.7361048350655219
0.7160781502061301,0.7361952101220063
0.7160781502061301,0.7362855851784907
0.7162573937981717,0.7363759602349752
0.7162573937981717,0.7364663352914596
0.7166158809822549,0.7366470854044284
0.7166158809822549,0.7368278355173972
0.7169743681663381,0.737008585630366
0.7169743681663381,0.7372797107998192
0.7171536117583797,0.7372797107998192
0.717870586126546,0.7376412110257569
0.717870586126546,0.7377315860822413
0.7180498297185876,0.7377315860822413
0.7180498297185876,0.7378219611387257
0.7184083169026707,0.7380027112516946
0.7184083169026707,0.7381834613646634
0.7185875604947123,0.7381834613646634
0.7185875604947123,0.7383642114776322
0.7187668040867539,0.7384545865341166
0.7187668040867539,0.7386353366470854
0.7189460476787954,0.7386353366470854
0.7189460476787954,0.7388160867600543
0.719125291270837,0.7388160867600543
0.7194837784549203,0.7389968368730231
0.7194837784549203,0.7390872119295074
0.7196630220469619,0.7390872119295074
0.7198422656390034,0.7391775869859919
0.7198422656390034,0.7393583370989607
0.720021509231045,0.739448712155445
0.720021509231045,0.7395390872119295
0.7202007528230866,0.739629462268414
0.7202007528230866,0.7398102123813828
0.7203799964151282,0.7398102123813828
0.7205592400071698,0.7399005874378671
0.7205592400071698,0.7401717126073204
0.7207384835992113,0.7402620876638047
0.7207384835992113,0.740533212833258
0.7209177271912529,0.7406235878897425
0.7209177271912529,0.7408947130591956
0.7210969707832945,0.7408947130591956
0.7210969707832945,0.7409850881156801
0.7214554579673776,0.7411658382286489
0.7214554579673776,0.7413465883416177
0.7216347015594192,0.7413465883416177
0.7218139451514608,0.7414369633981022
0.7218139451514608,0.741617713511071
0.7219931887435024,0.7417080885675553
0.7219931887435024,0.7419792137370086
0.722172432335544,0.7419792137370086
0.7225309195196272,0.7421599638499774
0.7225309195196272,0.7422503389064619
0.7228894067037104,0.7424310890194307
0.7228894067037104,0.742521464075915
0.723068650295752,0.7426118391323995
0.723068650295752,0.7427022141888838
0.7232478938877935,0.7427925892453683
0.7232478938877935,0.7429733393583371
0.7234271374798351,0.7429733393583371
0.7234271374798351,0.7432444645277904
0.7237856246639183,0.7434252146407592
0.7237856246639183,0.7435155896972435
0.7239648682559598,0.743605964753728
0.7239648682559598,0.7437867148666968
0.7241441118480014,0.7437867148666968
0.724323355440043,0.7438770899231812
0.724323355440043,0.74405784003615
0.7253988169922925,0.7446000903750565
0.7253988169922925,0.7446904654315409
0.7255780605843342,0.7447808404880253
0.7255780605843342,0.7448712155445097
0.7257573041763757,0.7448712155445097
0.7257573041763757,0.7451423407139629
0.7259365477684173,0.7452327157704474
0.7259365477684173,0.7453230908269318
0.7261157913604589,0.7453230908269318
0.7261157913604589,0.745594215996385
0.7262950349525005,0.745594215996385
0.726474278544542,0.7456845910528694
0.726474278544542,0.7459557162223226
0.7268327657286252,0.7459557162223226
0.7268327657286252,0.746046091278807
0.7270120093206668,0.746046091278807
0.7270120093206668,0.7461364663352915
0.7271912529127084,0.7462268413917759
0.7271912529127084,0.7468594667871667
0.7273704965047499,0.7468594667871667
0.7273704965047499,0.7469498418436512
0.7275497400967915,0.7469498418436512
0.7275497400967915,0.7474017171260732
0.7277289836888331,0.7474920921825576
0.7277289836888331,0.7478535924084952
0.7279082272808747,0.7478535924084952
0.7280874708729163,0.7479439674649797
0.7280874708729163,0.7480343425214641
0.7282667144649578,0.7481247175779485
0.7282667144649578,0.7484862178038861
0.7284459580569994,0.7485765928603706
0.7284459580569994,0.7486669679168549
0.7286252016490411,0.7486669679168549
0.7288044452410827,0.7487573429733394
0.7288044452410827,0.7488477180298238
0.7289836888331243,0.7488477180298238
0.7289836888331243,0.7489380930863082
0.7291629324251658,0.7489380930863082
0.7291629324251658,0.7492092182557614
0.7293421760172074,0.7492092182557614
0.7293421760172074,0.7492995933122458
0.729521419609249,0.7492995933122458
0.729521419609249,0.7493899683687303
0.7297006632012906,0.7493899683687303
0.7297006632012906,0.7495707184816991
0.7298799067933321,0.7496610935381834
0.7298799067933321,0.7500225937641211
0.7300591503853737,0.7500225937641211
0.7300591503853737,0.7502033438770899
0.7302383939774153,0.7502937189335743
0.7302383939774153,0.7504744690465431
0.7304176375694569,0.7504744690465431
0.7304176375694569,0.7505648441030276
0.7305968811614985,0.7505648441030276
0.7305968811614985,0.7507455942159964
0.73077612475354,0.7507455942159964
0.73077612475354,0.7509263443289652
0.7311346119376232,0.751107094441934
0.7311346119376232,0.7512878445549028
0.7314930991217063,0.7514685946678716
0.7314930991217063,0.7517397198373249
0.731672342713748,0.7518300948938093
0.731672342713748,0.7519204699502937
0.7320308298978312,0.7521012200632625
0.7322100734898728,0.7521012200632625
0.7322100734898728,0.7522819701762313
0.7323893170819143,0.7523723452327158
0.7323893170819143,0.7524627202892001
0.7325685606739559,0.7524627202892001
0.7325685606739559,0.7527338454586534
0.7329270478580391,0.7529145955716222
0.7329270478580391,0.7530049706281067
0.7331062914500807,0.753095345684591
0.7331062914500807,0.7532760957975598
0.7332855350421222,0.7533664708540443
0.7332855350421222,0.7536375960234976
0.7336440222262054,0.7536375960234976
0.7336440222262054,0.7539990962494352
0.7341817530023301,0.7542702214188883
0.7343609965943717,0.7542702214188883
0.7343609965943717,0.7543605964753728
0.7345402401864133,0.7544509715318573
0.7345402401864133,0.7545413465883416
0.734719483778455,0.7545413465883416
0.7348987273704966,0.7546317216448261
0.7348987273704966,0.7547220967013104
0.7350779709625381,0.7548124717577949
0.7350779709625381,0.755083596927248
0.7352572145545797,0.755083596927248
0.7352572145545797,0.7552643470402169
0.7354364581466213,0.7553547220967013
0.7354364581466213,0.7556258472661546
0.7356157017386629,0.7556258472661546
0.7356157017386629,0.7562584726615454
0.7357949453307044,0.7563488477180298
0.7357949453307044,0.7565295978309986
0.735974188922746,0.7565295978309986
0.735974188922746,0.7567103479439674
0.7361534325147876,0.7568007230004519
0.7363326761068292,0.7568007230004519
0.7363326761068292,0.7568910980569363
0.7368704068829539,0.7571622232263895
0.7368704068829539,0.7574333483958428
0.7370496504749955,0.7574333483958428
0.7370496504749955,0.7575237234523271
0.7372288940670371,0.7576140985088116
0.7372288940670371,0.757704473565296
0.7374081376590786,0.757704473565296
0.7374081376590786,0.7579755987347492
0.7375873812511202,0.7579755987347492
0.7375873812511202,0.7580659737912336
0.7377666248431619,0.758156348847718
0.7377666248431619,0.7582467239042024
0.7379458684352035,0.7583370989606868
0.7381251120272451,0.7583370989606868
0.7381251120272451,0.7584274740171713
0.7383043556192866,0.7584274740171713
0.7383043556192866,0.7586082241301401
0.7384835992113282,0.7586985991866245
0.7386628428033698,0.7586985991866245
0.7386628428033698,0.7587889742431089
0.739021329987453,0.7589697243560777
0.739021329987453,0.7591504744690465
0.7393798171715361,0.7593312245820154
0.7393798171715361,0.7594215996384998
0.7395590607635777,0.7595119746949842
0.7395590607635777,0.7597830998644374
0.7397383043556193,0.7598734749209218
0.7399175479476608,0.7598734749209218
0.7399175479476608,0.7599638499774062
0.7400967915397024,0.7600542250338906
0.7400967915397024,0.7602349751468594
0.740276035131744,0.7602349751468594
0.740276035131744,0.7603253502033439
0.7404552787237856,0.7604157252598283
0.7404552787237856,0.7607772254857659
0.7408137659078688,0.7607772254857659
0.7408137659078688,0.7608676005422503
0.7409930094999104,0.7609579755987348
0.7409930094999104,0.7610483506552191
0.741172253091952,0.7611387257117036
0.741172253091952,0.761229100768188
0.7413514966839936,0.761229100768188
0.7413514966839936,0.7613194758246724
0.7418892274601183,0.7615906009941256
0.7418892274601183,0.7617713511070945
0.7420684710521599,0.7618617261635788
0.7420684710521599,0.7622232263895165
0.7422477146442015,0.7623136014460009
0.7422477146442015,0.7624039765024853
0.742426958236243,0.7624039765024853
0.742426958236243,0.7624943515589697
0.7427854454203262,0.7626751016719385
0.7427854454203262,0.762765476728423
0.7431439326044094,0.7629462268413918
0.7431439326044094,0.7630366018978761
0.7433231761964509,0.7630366018978761
0.7433231761964509,0.763217352010845
0.7435024197884925,0.7633077270673294
0.7435024197884925,0.7637596023497515
0.7436816633805341,0.7637596023497515
0.7438609069725757,0.7638499774062358
0.7438609069725757,0.7639403524627203
0.7440401505646174,0.7639403524627203
0.7440401505646174,0.7641211025756891
0.7442193941566589,0.7641211025756891
0.7445778813407421,0.7643018526886579
0.7445778813407421,0.7643922277451424
0.74547409930095,0.7648441030275643
0.74547409930095,0.7649344780840488
0.7456533428929916,0.7649344780840488
0.7456533428929916,0.7651152281970176
0.7458325864850331,0.7651152281970176
0.7458325864850331,0.7652056032535021
0.7460118300770747,0.7652056032535021
0.7460118300770747,0.7652959783099864
0.7463703172611579,0.7654767284229552
0.7463703172611579,0.7655671034794397
0.7465495608531995,0.765657478535924
0.7465495608531995,0.7657478535924085
0.746728804445241,0.765838228648893
0.746728804445241,0.7659286037053773
0.7469080480372826,0.7659286037053773
0.7469080480372826,0.7661093538183461
0.7470872916293243,0.7661093538183461
0.7470872916293243,0.7663804789877994
0.7472665352213659,0.7664708540442837
0.7472665352213659,0.7665612291007682
0.7474457788134075,0.7665612291007682
0.747625022405449,0.7666516041572526
0.747625022405449,0.766741979213737
0.7478042659974906,0.766741979213737
0.7483419967736153,0.7670131043831903
0.7485212403656569,0.7670131043831903
0.7485212403656569,0.7671034794396746
0.7487004839576985,0.7671938544961591
0.7487004839576985,0.7672842295526434
0.7488797275497401,0.7672842295526434
0.7488797275497401,0.7673746046091279
0.7490589711417817,0.7673746046091279
0.7490589711417817,0.7677361048350655
0.7492382147338232,0.76782647989155
0.7492382147338232,0.7679168549480343
0.7494174583258648,0.7680072300045188
0.7494174583258648,0.7680976050610031
0.7495967019179064,0.7680976050610031
0.7495967019179064,0.7683687302304564
0.749775945509948,0.7683687302304564
0.7499551891019895,0.7684591052869408
0.7499551891019895,0.7685494803434252
0.7501344326940312,0.7685494803434252
0.7501344326940312,0.7686398553999096
0.7503136762860728,0.768730230456394
0.7503136762860728,0.7688206055128785
0.7504929198781144,0.7689109805693628
0.7504929198781144,0.7690917306823317
0.750672163470156,0.7691821057388161
0.750672163470156,0.7693628558517849
0.7508514070621976,0.7694532309082693
0.7510306506542391,0.7694532309082693
0.7510306506542391,0.7695436059647537
0.7512098942462807,0.7695436059647537
0.7512098942462807,0.7696339810212381
0.7515683814303639,0.769814731134207
0.7515683814303639,0.7699051061906914
0.7517476250224054,0.7699051061906914
0.7517476250224054,0.7699954812471758
0.751926868614447,0.7699954812471758
0.7521061122064886,0.7700858563036602
0.7521061122064886,0.7704473565295978
0.7522853557985302,0.7704473565295978
0.7526438429826133,0.7706281066425666
0.7526438429826133,0.7707184816990511
0.7528230865746549,0.7708088567555355
0.7528230865746549,0.7708992318120199
0.7530023301666965,0.7709896068685043
0.7531815737587382,0.7709896068685043
0.7531815737587382,0.7711703569814731
0.7533608173507798,0.7712607320379575
0.7533608173507798,0.7713511070944419
0.7535400609428213,0.7714414821509263
0.7535400609428213,0.7715318572074108
0.7537193045348629,0.7715318572074108
0.7537193045348629,0.772254857659286
0.7538985481269045,0.772254857659286
0.7538985481269045,0.7723452327157705
0.7542570353109876,0.7725259828287393
0.7542570353109876,0.7726163578852236
0.7544362789030292,0.7727067329417081
0.7544362789030292,0.7728874830546769
0.7546155224950708,0.7728874830546769
0.7546155224950708,0.7729778581111613
0.7547947660871124,0.7729778581111613
0.7547947660871124,0.773339358337099
0.754974009679154,0.7734297333935833
0.7551532532711955,0.7734297333935833
0.7551532532711955,0.7735201084500678
0.7553324968632371,0.7735201084500678
0.7553324968632371,0.773791233619521
0.7560494712314034,0.7741527338454587
0.7562287148234451,0.7741527338454587
0.7562287148234451,0.7746046091278807
0.7564079584154867,0.7746046091278807
0.7564079584154867,0.7748757342973339
0.7565872020075283,0.7748757342973339
0.7565872020075283,0.7750564844103027
0.7567664455995698,0.7750564844103027
0.7567664455995698,0.7751468594667872
0.7569456891916114,0.7751468594667872
0.7569456891916114,0.775327609579756
0.757124932783653,0.775327609579756
0.757124932783653,0.7754179846362403
0.7574834199677362,0.7754179846362403
0.7574834199677362,0.7756891098056936
0.7576626635597777,0.7756891098056936
0.7578419071518193,0.7757794848621781
0.7580211507438609,0.7757794848621781
0.7580211507438609,0.7759602349751469
0.7582003943359025,0.7759602349751469
0.7582003943359025,0.7760506100316312
0.758379637927944,0.7760506100316312
0.758379637927944,0.7761409850881157
0.7587381251120272,0.7763217352010845
0.7589173687040688,0.7763217352010845
0.7589173687040688,0.7765024853140533
0.7590966122961104,0.7765024853140533
0.759275855888152,0.7765928603705378
0.7594550994801936,0.7765928603705378
0.7594550994801936,0.7766832354270221
0.7596343430722352,0.7767736104835066
0.7596343430722352,0.7769543605964754
0.7599928302563184,0.7771351107094442
0.7601720738483599,0.7771351107094442
0.7601720738483599,0.7772254857659286
0.7603513174404015,0.7772254857659286
0.7603513174404015,0.777315860822413
0.7605305610324431,0.7774062358788975
0.7605305610324431,0.7778581111613194
0.7607098046244847,0.7778581111613194
0.7608890482165263,0.7779484862178039
0.7608890482165263,0.7780388612742883
0.7616060225846926,0.778400361500226
0.7616060225846926,0.7785811116131948
0.7619645097687757,0.7787618617261636
0.7619645097687757,0.778852236782648
0.7621437533608173,0.778852236782648
0.7621437533608173,0.77930411206507
0.762322996952859,0.77930411206507
0.7625022405449006,0.7793944871215545
0.7625022405449006,0.7795752372345233
0.7626814841369421,0.7796656122910077
0.7626814841369421,0.7797559873474921
0.7628607277289837,0.7797559873474921
0.7628607277289837,0.7800271125169453
0.7630399713210253,0.7801174875734297
0.7630399713210253,0.7802982376863985
0.7632192149130669,0.7802982376863985
0.7632192149130669,0.780388612742883
0.7633984585051085,0.7804789877993674
0.7633984585051085,0.7805693628558518
0.76357770209715,0.7806597379123362
0.76357770209715,0.780840488025305
0.7637569456891916,0.780840488025305
0.7637569456891916,0.7809308630817894
0.7639361892812332,0.7809308630817894
0.7639361892812332,0.7810212381382738
0.7641154328732748,0.7811116131947582
0.7641154328732748,0.7812923633077271
0.7642946764653163,0.7813827383642115
0.7642946764653163,0.7814731134206959
0.7644739200573579,0.7815634884771803
0.7644739200573579,0.7816538635336647
0.7646531636493995,0.7817442385901491
0.7646531636493995,0.7818346136466335
0.7650116508334827,0.7818346136466335
0.7650116508334827,0.7820153637596023
0.7651908944255242,0.7821057388160868
0.7651908944255242,0.7822864889290556
0.7657286252016491,0.7825576140985088
0.7657286252016491,0.7827383642114776
0.7659078687936907,0.7827383642114776
0.7659078687936907,0.782828739267962
0.7660871123857322,0.7829191143244465
0.7660871123857322,0.7830998644374153
0.7664455995698154,0.7832806145503841
0.7664455995698154,0.7834613646633529
0.766624843161857,0.7835517397198373
0.766624843161857,0.7837324898328062
0.7668040867538986,0.7837324898328062
0.7669833303459401,0.7838228648892905
0.7671625739379817,0.7838228648892905
0.7671625739379817,0.783913239945775
0.7673418175300233,0.7840036150022593
0.7673418175300233,0.7842747401717126
0.7675210611220649,0.784365115228197
0.7675210611220649,0.7844554902846814
0.7677003047141064,0.7844554902846814
0.7677003047141064,0.7845458653411659
0.7680587918981896,0.7845458653411659
0.7680587918981896,0.7846362403976502
0.7682380354902312,0.7846362403976502
0.7682380354902312,0.7847266154541347
0.7685965226743144,0.7849073655671035
0.768775766266356,0.7849073655671035
0.768775766266356,0.7850881156800723
0.7689550098583976,0.7850881156800723
0.7689550098583976,0.7851784907365567
0.7691342534504392,0.7851784907365567
0.7691342534504392,0.7854496159060099
0.7693134970424808,0.7855399909624944
0.7694927406345223,0.7855399909624944
0.7694927406345223,0.7858111161319475
0.7696719842265639,0.7858111161319475
0.7696719842265639,0.785901491188432
0.7698512278186055,0.7859918662449163
0.7700304714106471,0.7859918662449163
0.7700304714106471,0.7860822413014008
0.7702097150026886,0.7860822413014008
0.7702097150026886,0.7862629914143696
0.7703889585947302,0.7862629914143696
0.7707474457788134,0.7864437415273384
0.7707474457788134,0.7865341165838229
0.7712851765549381,0.786805241753276
0.7712851765549381,0.7868956168097605
0.7714644201469797,0.786985991866245
0.7714644201469797,0.7870763669227293
0.7716436637390214,0.7870763669227293
0.7720021509231045,0.7872571170356981
0.7720021509231045,0.7874378671486669
0.7723606381071877,0.7874378671486669
0.7723606381071877,0.7875282422051514
0.7725398816992293,0.7875282422051514
0.7725398816992293,0.787889742431089
0.7728983688833124,0.7880704925440578
0.773077612475354,0.7880704925440578
0.773077612475354,0.7882512426570266
0.7732568560673956,0.7882512426570266
0.7732568560673956,0.7884319927699954
0.7734360996594372,0.7884319927699954
0.7734360996594372,0.7887031179394487
0.7736153432514787,0.7887031179394487
0.7736153432514787,0.7887934929959332
0.7737945868435203,0.7887934929959332
0.7737945868435203,0.7888838680524175
0.774332317619645,0.7891549932218708
0.7745115612116866,0.7891549932218708
0.7745115612116866,0.7896068685042928
0.7746908048037283,0.7896068685042928
0.7748700483957699,0.7896972435607772
0.7748700483957699,0.7900587437867148
0.7750492919878115,0.7900587437867148
0.7750492919878115,0.7901491188431993
0.775228535579853,0.7901491188431993
0.775228535579853,0.7903298689561681
0.7754077791718946,0.7904202440126525
0.7754077791718946,0.7905106190691369
0.7757662663559778,0.7906913691821057
0.7757662663559778,0.7908721192950745
0.7759455099480194,0.7908721192950745
0.7763039971321025,0.7910528694080434
0.7763039971321025,0.7911432444645278
0.7764832407241441,0.7911432444645278
0.7764832407241441,0.7913239945774966
0.7766624843161857,0.7913239945774966
0.7768417279082273,0.791414369633981
0.7768417279082273,0.7916854948034342
0.7770209715002688,0.7917758698599187
0.7770209715002688,0.7919566199728875
0.7775587022763936,0.7922277451423407
0.7775587022763936,0.7923181201988251
0.7777379458684353,0.7923181201988251
0.7777379458684353,0.7925892453682784
0.7779171894604768,0.7926796204247628
0.7779171894604768,0.792950745594216
0.7780964330525184,0.792950745594216
0.7780964330525184,0.7931314957071848
0.7784549202366016,0.7933122458201536
0.7784549202366016,0.7934929959331225
0.7786341638286431,0.7935833709896069
0.7786341638286431,0.7937641211025757
0.7788134074206847,0.7938544961590601
0.7789926510127263,0.7938544961590601
0.7789926510127263,0.7939448712155445
0.7793511381968095,0.7941256213285133
0.7793511381968095,0.7942159963849977
0.779530381788851,0.7942159963849977
0.779530381788851,0.7943967464979665
0.7802473561570173,0.7947582467239042
0.7802473561570173,0.7948486217803886
0.7804265997490589,0.794938996836873
0.7804265997490589,0.7950293718933574
0.7807850869331422,0.7952101220063262
0.7807850869331422,0.7953004970628107
0.7809643305251838,0.7953004970628107
0.7809643305251838,0.7955716222322639
0.7811435741172253,0.7955716222322639
0.7811435741172253,0.7960234975146859
0.7813228177092669,0.7961138725711704
0.7813228177092669,0.7962042476276547
0.7820397920774332,0.7965657478535924
0.7822190356694748,0.7965657478535924
0.7822190356694748,0.7969272480795301
0.7823982792615164,0.7969272480795301
0.7823982792615164,0.7971983732489832
0.782577522853558,0.7972887483054677
0.782577522853558,0.7977406235878898
0.7827567664455995,0.7977406235878898
0.7827567664455995,0.7978309986443741
0.7829360100376411,0.7979213737008586
0.7829360100376411,0.7980117487573429
0.7831152536296827,0.7981021238138274
0.7831152536296827,0.7981924988703117
0.7834737408137659,0.7983732489832807
0.7836529844058074,0.7983732489832807
0.7836529844058074,0.798463624039765
0.7838322279978491,0.798463624039765
0.7838322279978491,0.7987347492092183
0.7840114715898907,0.7987347492092183
0.7840114715898907,0.7988251242657026
0.7841907151819323,0.7988251242657026
0.7841907151819323,0.7990962494351559
0.7843699587739739,0.7991866244916404
0.7843699587739739,0.799548124717578
0.7845492023660154,0.799548124717578
0.7845492023660154,0.7996384997740623
0.784728445958057,0.7996384997740623
0.7849076895500986,0.7997288748305468
0.7850869331421402,0.7997288748305468
0.7850869331421402,0.8001807501129689
0.7852661767341818,0.8002711251694532
0.7852661767341818,0.8003615002259377
0.7854454203262233,0.800451875282422
0.7854454203262233,0.8006326253953908
0.7856246639182649,0.8007230004518753
0.7856246639182649,0.8009037505648441
0.7859831511023481,0.8010845006778129
0.7859831511023481,0.8011748757342974
0.7861623946943896,0.8011748757342974
0.7861623946943896,0.8012652507907817
0.7863416382864312,0.8012652507907817
0.7863416382864312,0.8014460009037505
0.7865208818784728,0.8014460009037505
0.7865208818784728,0.801536375960235
0.7868793690625561,0.8017171260732038
0.7868793690625561,0.8018075011296882
0.7870586126545976,0.8018075011296882
0.7870586126545976,0.801988251242657
0.7872378562466392,0.8020786262991414
0.7872378562466392,0.8022593764121102
0.7875963434307224,0.8022593764121102
0.7875963434307224,0.8024401265250791
0.787775587022764,0.8025305015815635
0.787775587022764,0.8027112516945323
0.7879548306148055,0.8027112516945323
0.7879548306148055,0.8028016267510167
0.7881340742068471,0.8028920018075011
0.7883133177988887,0.8028920018075011
0.7883133177988887,0.8029823768639855
0.7884925613909303,0.8029823768639855
0.7884925613909303,0.8030727519204699
0.789030292167055,0.8033438770899232
0.789030292167055,0.8034342521464076
0.7892095357590966,0.8034342521464076
0.7892095357590966,0.8036150022593764
0.7893887793511382,0.8036150022593764
0.7895680229431797,0.8037053773158608
0.7895680229431797,0.8040668775417985
0.789926510127263,0.8042476276547673
0.789926510127263,0.8043380027112517
0.7901057537193046,0.8043380027112517
0.7901057537193046,0.8045187528242205
0.7902849973113462,0.8045187528242205
0.7902849973113462,0.8046995029371893
0.7906434844954293,0.8048802530501582
0.7906434844954293,0.8049706281066425
0.7908227280874709,0.805061003163127
0.7908227280874709,0.8051513782196114
0.7910019716795125,0.8051513782196114
0.7910019716795125,0.8052417532760958
0.791181215271554,0.8053321283325802
0.791181215271554,0.8054225033890646
0.7913604588635956,0.8054225033890646
0.7913604588635956,0.8057840036150022
0.7915397024556372,0.8058743786714867
0.7915397024556372,0.805964753727971
0.7917189460476788,0.805964753727971
0.7917189460476788,0.8062358788974243
0.7918981896397204,0.8062358788974243
0.7918981896397204,0.8064166290103931
0.7920774332317619,0.8065070040668776
0.7920774332317619,0.8065973791233619
0.7922566768238035,0.8065973791233619
0.7922566768238035,0.8066877541798464
0.7924359204158451,0.8067781292363307
0.7924359204158451,0.8068685042928152
0.7926151640078867,0.8068685042928152
0.7929736511919699,0.807049254405784
0.7929736511919699,0.8071396294622684
0.7931528947840115,0.8071396294622684
0.7931528947840115,0.8072300045187528
0.7935113819680947,0.8074107546317216
0.7936906255601363,0.8074107546317216
0.7936906255601363,0.8075915047446904
0.7938698691521778,0.8075915047446904
0.7938698691521778,0.8076818798011749
0.7940491127442194,0.8077722548576592
0.7940491127442194,0.8078626299141437
0.7945868435203441,0.808133755083597
0.7945868435203441,0.8082241301400813
0.7947660871123857,0.8083145051965658
0.7949453307044273,0.8083145051965658
0.7949453307044273,0.8084048802530501
0.7951245742964689,0.8084952553095346
0.7953038178885105,0.8084952553095346
0.7953038178885105,0.8085856303660189
0.7956623050725936,0.8087663804789877
0.7956623050725936,0.8088567555354722
0.7958415486646352,0.8088567555354722
0.7960207922566769,0.8089471305919567
0.7960207922566769,0.809037505648441
0.7962000358487185,0.809037505648441
0.7962000358487185,0.8092182557614098
0.7965585230328016,0.8093990058743786
0.7965585230328016,0.8094893809308631
0.7967377666248432,0.8094893809308631
0.7967377666248432,0.8095797559873474
0.7969170102168848,0.8096701310438319
0.7969170102168848,0.8097605061003164
0.7970962538089263,0.8097605061003164
0.7970962538089263,0.8099412562132852
0.7972754974009679,0.8099412562132852
0.7972754974009679,0.8103931314957071
0.7974547409930095,0.8104835065521916
0.7974547409930095,0.810573881608676
0.7976339845850511,0.810573881608676
0.7976339845850511,0.8109353818346137
0.7978132281770927,0.811025756891098
0.7978132281770927,0.8111161319475825
0.7981717153611758,0.8111161319475825
0.7981717153611758,0.8112065070040668
0.798530202545259,0.8113872571170357
0.7987094461373005,0.8113872571170357
0.7987094461373005,0.8115680072300046
0.7988886897293421,0.8116583822864889
0.7988886897293421,0.8117487573429734
0.7990679333213837,0.8117487573429734
0.7990679333213837,0.8118391323994577
0.799426420505467,0.8120198825124265
0.799426420505467,0.812110257568911
0.7996056640975086,0.812110257568911
0.7996056640975086,0.8122006326253954
0.7997849076895501,0.8122910076818798
0.7997849076895501,0.8124717577948486
0.7999641512815917,0.8124717577948486
0.7999641512815917,0.812562132851333
0.8003226384656749,0.812562132851333
0.8003226384656749,0.8127428829643019
0.8005018820577164,0.8128332580207862
0.8005018820577164,0.8129236330772707
0.800681125649758,0.8130140081337551
0.800681125649758,0.8131947582467239
0.8008603692417996,0.8131947582467239
0.8008603692417996,0.8134658834161771
0.8010396128338412,0.8134658834161771
0.8010396128338412,0.8135562584726616
0.8012188564258828,0.8135562584726616
0.8012188564258828,0.8136466335291459
0.8013981000179243,0.8136466335291459
0.8013981000179243,0.8137370085856304
0.8015773436099659,0.8138273836421148
0.8015773436099659,0.8140081337550836
0.8017565872020075,0.814098508811568
0.8017565872020075,0.8143696339810212
0.8019358307940491,0.8143696339810212
0.8019358307940491,0.81455038409399
0.8021150743860906,0.8146407591504745
0.8022943179781323,0.8146407591504745
0.8022943179781323,0.8147311342069589
0.8026528051622155,0.8149118843199277
0.8026528051622155,0.8150926344328965
0.8030112923462986,0.8150926344328965
0.8030112923462986,0.8154541346588342
0.8031905359383402,0.8154541346588342
0.8031905359383402,0.815634884771803
0.8033697795303818,0.8157252598282874
0.8033697795303818,0.8158156348847718
0.803728266714465,0.8159963849977406
0.803728266714465,0.816086760054225
0.8039075103065065,0.8161771351107094
0.8039075103065065,0.8164482602801627
0.8040867538985481,0.8165386353366471
0.8040867538985481,0.8167193854496159
0.8042659974905897,0.8168097605061003
0.8044452410826313,0.8168097605061003
0.8044452410826313,0.8169001355625847
0.8046244846746728,0.8169905106190691
0.8046244846746728,0.8170808856755536
0.8048037282667144,0.8171712607320379
0.8048037282667144,0.8173520108450067
0.804982971858756,0.8173520108450067
0.8053414590428393,0.8175327609579756
0.8053414590428393,0.81762313601446
0.8055207026348808,0.81762313601446
0.8055207026348808,0.8177135110709444
0.8056999462269224,0.8178038861274288
0.8056999462269224,0.8178942611839133
0.805879189818964,0.8178942611839133
0.8062376770030472,0.8180750112968821
0.8062376770030472,0.8181653863533664
0.8064169205950887,0.8182557614098509
0.8064169205950887,0.8183461364663352
0.8067754077791719,0.8183461364663352
0.8067754077791719,0.8187980117487573
0.8069546513712135,0.8188883868052418
0.8069546513712135,0.8192498870311794
0.807133894963255,0.8192498870311794
0.807133894963255,0.8193402620876638
0.8073131385552966,0.8193402620876638
0.8073131385552966,0.8194306371441482
0.8074923821473382,0.8195210122006327
0.8076716257393798,0.8195210122006327
0.8076716257393798,0.8197017623136015
0.8078508693314214,0.8197921373700858
0.8078508693314214,0.8198825124265703
0.8080301129234629,0.8198825124265703
0.8085678436995878,0.8201536375960234
0.8087470872916294,0.8201536375960234
0.8087470872916294,0.8203343877089924
0.8089263308836709,0.8204247627654767
0.8089263308836709,0.8205151378219612
0.8091055744757125,0.8205151378219612
0.8094640616597957,0.82069588793493
0.8096433052518373,0.82069588793493
0.8096433052518373,0.8207862629914143
0.8098225488438788,0.8208766380478988
0.8100017924359204,0.8208766380478988
0.8100017924359204,0.8211477632173521
0.810181036027962,0.8211477632173521
0.810181036027962,0.8212381382738364
0.8103602796200036,0.8212381382738364
0.8103602796200036,0.8214188883868052
0.8105395232120451,0.8214188883868052
0.8107187668040867,0.8215092634432897
0.8108980103961283,0.8215092634432897
0.8108980103961283,0.821599638499774
0.8110772539881699,0.8216900135562585
0.8110772539881699,0.8217803886127428
0.8112564975802115,0.8217803886127428
0.8114357411722531,0.8218707636692273
0.8114357411722531,0.8222322638951649
0.8117942283563363,0.8222322638951649
0.8117942283563363,0.8223226389516494
0.8119734719483779,0.8224130140081337
0.8119734719483779,0.8225033890646182
0.8121527155404195,0.8225033890646182
0.812331959132461,0.8225937641211025
0.812331959132461,0.8227745142340714
0.8125112027245026,0.8228648892905558
0.8125112027245026,0.8231360144600091
0.8126904463165442,0.8231360144600091
0.8128696899085858,0.8232263895164934
0.8130489335006273,0.8232263895164934
0.8130489335006273,0.8233167645729779
0.8132281770926689,0.8233167645729779
0.8132281770926689,0.8235878897424311
0.8134074206847105,0.8235878897424311
0.8134074206847105,0.8236782647989155
0.8135866642767521,0.8238590149118843
0.8137659078687937,0.8238590149118843
0.8137659078687937,0.8240397650248531
0.8143036386449184,0.8243108901943064
0.8143036386449184,0.824672390420244
0.8144828822369601,0.8247627654767284
0.8144828822369601,0.8248531405332128
0.8148413694210432,0.8250338906461816
0.8148413694210432,0.8251242657026661
0.8155583437892095,0.8254857659286037
0.8157375873812511,0.8254857659286037
0.8157375873812511,0.8257568910980569
0.8159168309732927,0.8258472661545413
0.8159168309732927,0.8259376412110258
0.8162753181573759,0.8261183913239946
0.8162753181573759,0.8262991414369634
0.8169922925255422,0.826660641662901
0.8169922925255422,0.8267510167193854
0.8171715361175838,0.8267510167193854
0.8171715361175838,0.8268413917758699
0.8173507797096253,0.8268413917758699
0.8173507797096253,0.8270221418888387
0.817530023301667,0.8271125169453231
0.8177092668937086,0.8271125169453231
0.8177092668937086,0.8272932670582919
0.8178885104857502,0.8272932670582919
0.8182469976698333,0.8274740171712607
0.8184262412618749,0.8274740171712607
0.8184262412618749,0.8275643922277451
0.8186054848539165,0.8276547672842296
0.8186054848539165,0.8278355173971984
0.819680946406166,0.8283777677361048
0.819680946406166,0.8284681427925893
0.8200394335902491,0.8286488929055581
0.8200394335902491,0.8287392679620424
0.8202186771822907,0.8287392679620424
0.8202186771822907,0.8288296430185269
0.8207564079584155,0.8291007681879801
0.8207564079584155,0.8291911432444645
0.8209356515504571,0.829281518300949
0.8209356515504571,0.8293718933574333
0.8212941387345403,0.8295526434704021
0.8214733823265818,0.8295526434704021
0.8214733823265818,0.8299141436963398
0.8216526259186234,0.8299141436963398
0.8216526259186234,0.8300045187528242
0.821831869510665,0.8300045187528242
0.821831869510665,0.8300948938093087
0.8220111131027066,0.830185268865793
0.8220111131027066,0.8302756439222775
0.8221903566947482,0.8302756439222775
0.8221903566947482,0.8304563940352463
0.8223696002867897,0.8304563940352463
0.8223696002867897,0.8305467690917306
0.8225488438788313,0.8305467690917306
0.8225488438788313,0.8306371441482151
0.8227280874708729,0.8306371441482151
0.8227280874708729,0.8307275192046994
0.8229073310629145,0.8307275192046994
0.8229073310629145,0.8309082693176684
0.823086574654956,0.8309986443741527
0.823086574654956,0.8310890194306372
0.8232658182469976,0.8310890194306372
0.8232658182469976,0.8311793944871215
0.8234450618390392,0.831269769543606
0.8236243054310809,0.831269769543606
0.8236243054310809,0.8315408947130591
0.8238035490231225,0.8315408947130591
0.8238035490231225,0.8316312697695436
0.823982792615164,0.8316312697695436
0.823982792615164,0.83217352010845
0.8241620362072056,0.83217352010845
0.8241620362072056,0.8322638951649345
0.8243412797992472,0.8322638951649345
0.8243412797992472,0.8324446452779033
0.8245205233912888,0.8324446452779033
0.8245205233912888,0.8327157704473566
0.8250582541674135,0.8329868956168097
0.8250582541674135,0.833258020786263
0.8252374977594551,0.8333483958427474
0.8252374977594551,0.8335291459557163
0.8255959849435383,0.8335291459557163
0.8255959849435383,0.8337098960686851
0.8257752285355798,0.8337098960686851
0.8259544721276214,0.8338002711251694
0.8259544721276214,0.8338906461816539
0.826133715719663,0.8339810212381382
0.826133715719663,0.8340713962946227
0.8263129593117046,0.8340713962946227
0.8263129593117046,0.8342521464075915
0.8264922029037461,0.834342521464076
0.8264922029037461,0.8344328965205603
0.8266714464957877,0.8345232715770448
0.8268506900878294,0.8345232715770448
0.8268506900878294,0.8347943967464979
0.827029933679871,0.8348847718029824
0.827029933679871,0.8349751468594668
0.8272091772719126,0.8349751468594668
0.8272091772719126,0.8350655219159512
0.8273884208639541,0.8350655219159512
0.8273884208639541,0.83524627202892
0.8275676644559957,0.83524627202892
0.8275676644559957,0.8353366470854044
0.8277469080480373,0.8353366470854044
0.8279261516400789,0.8354270221418888
0.8279261516400789,0.8356981473113421
0.8281053952321205,0.8356981473113421
0.8281053952321205,0.8357885223678265
0.828284638824162,0.8357885223678265
0.8284638824162036,0.8358788974243109
0.8284638824162036,0.8361500225937641
0.8286431260082452,0.8362403976502485
0.8286431260082452,0.8364211477632173
0.8288223696002868,0.8364211477632173
0.8288223696002868,0.8366018978761862
0.8290016131923283,0.8366018978761862
0.8290016131923283,0.8366922729326706
0.8293601003764115,0.8368730230456394
0.8293601003764115,0.8374152733845459
0.8295393439684531,0.8374152733845459
0.8295393439684531,0.8375960234975147
0.8297185875604947,0.8375960234975147
0.8298978311525363,0.8376863985539991
0.8298978311525363,0.8377767736104835
0.8300770747445779,0.8377767736104835
0.8300770747445779,0.8380478987799367
0.8302563183366195,0.8381382738364211
0.8302563183366195,0.8382286488929056
0.8304355619286611,0.8382286488929056
0.8304355619286611,0.8384093990058744
0.8307940491127442,0.8384093990058744
0.8307940491127442,0.8384997740623588
0.8315110234809105,0.8388612742882964
0.8315110234809105,0.8389516493447808
0.8316902670729521,0.8389516493447808
0.8316902670729521,0.8391323994577496
0.8318695106649937,0.8391323994577496
0.8318695106649937,0.8392227745142341
0.8320487542570353,0.8392227745142341
0.8320487542570353,0.8394035246272029
0.8322279978490769,0.8394035246272029
0.8322279978490769,0.8394938996836873
0.83258648503316,0.8396746497966561
0.8327657286252016,0.8396746497966561
0.8327657286252016,0.8397650248531405
0.8329449722172433,0.839855399909625
0.8331242158092849,0.839855399909625
0.8331242158092849,0.8400361500225938
0.8333034594013264,0.8400361500225938
0.8333034594013264,0.8403976502485314
0.833482702993368,0.8403976502485314
0.833482702993368,0.8404880253050158
0.8336619465854096,0.8404880253050158
0.8338411901774512,0.8405784003615002
0.8340204337694928,0.8405784003615002
0.8340204337694928,0.840759150474469
0.8341996773615343,0.8408495255309535
0.8341996773615343,0.8410302756439223
0.8343789209535759,0.8410302756439223
0.8345581645456175,0.8411206507004066
0.8345581645456175,0.8413014008133755
0.8347374081376591,0.8413014008133755
0.8347374081376591,0.8413917758698599
0.8349166517297006,0.8413917758698599
0.8350958953217422,0.8414821509263444
0.8350958953217422,0.8415725259828287
0.8352751389137838,0.8416629010393132
0.8352751389137838,0.8419340262087663
0.8354543825058254,0.8419340262087663
0.835633626097867,0.8420244012652508
0.835633626097867,0.8421147763217351
0.8358128696899085,0.8421147763217351
0.8359921132819502,0.8422051513782196
0.8359921132819502,0.8425666516041572
0.8361713568739918,0.8425666516041572
0.8361713568739918,0.8426570266606417
0.836529844058075,0.8426570266606417
0.836529844058075,0.8431089019430638
0.8367090876501165,0.8431089019430638
0.8367090876501165,0.8431992769995481
0.8370675748341997,0.8433800271125169
0.8370675748341997,0.8434704021690014
0.8372468184262413,0.8434704021690014
0.8372468184262413,0.8435607772254857
0.8376053056103244,0.8437415273384545
0.8376053056103244,0.843831902394939
0.837784549202366,0.843831902394939
0.837784549202366,0.8441030275643923
0.8379637927944076,0.8441030275643923
0.8379637927944076,0.8442837776773611
0.8381430363864492,0.8442837776773611
0.8381430363864492,0.8443741527338454
0.8383222799784907,0.8443741527338454
0.8383222799784907,0.8444645277903299
0.8385015235705323,0.8445549028468142
0.8385015235705323,0.8447356529597831
0.8386807671625739,0.8447356529597831
0.8386807671625739,0.844916403072752
0.8388600107546155,0.844916403072752
0.8388600107546155,0.8450067781292363
0.8392184979386987,0.8451875282422051
0.8392184979386987,0.8453682783551739
0.8395769851227819,0.8453682783551739
0.8395769851227819,0.8455490284681428
0.8397562287148235,0.8455490284681428
0.8401147158989066,0.8457297785811116
0.8401147158989066,0.845820153637596
0.8402939594909482,0.8459105286940805
0.8404732030829898,0.8459105286940805
0.8404732030829898,0.8460009037505648
0.8408316902670729,0.8461816538635336
0.8408316902670729,0.8463624039765025
0.8410109338591145,0.8463624039765025
0.8410109338591145,0.8466335291459557
0.8411901774511561,0.8466335291459557
0.8411901774511561,0.8467239042024401
0.8413694210431977,0.8468142792589245
0.8415486646352393,0.8468142792589245
0.8415486646352393,0.8469950293718933
0.8419071518193224,0.8471757794848622
0.8419071518193224,0.8472661545413466
0.8422656390034057,0.8474469046543154
0.8422656390034057,0.8476276547672842
0.8424448825954473,0.8476276547672842
0.8424448825954473,0.8478987799367375
0.8426241261874888,0.8478987799367375
0.842982613371572,0.8480795300497063
0.842982613371572,0.8483506552191595
0.8431618569636136,0.8484410302756439
0.8431618569636136,0.8486217803886127
0.8436995877397383,0.848892905558066
0.8436995877397383,0.8491640307275192
0.8438788313317799,0.8492544057840036
0.8438788313317799,0.8494351558969724
0.8440580749238215,0.8495255309534568
0.8440580749238215,0.8496159060099413
0.844237318515863,0.8497062810664257
0.8444165621079046,0.8497062810664257
0.8444165621079046,0.8498870311793945
0.8445958056999462,0.8498870311793945
0.8445958056999462,0.8500677812923633
0.8447750492919878,0.8501581563488477
0.8447750492919878,0.8502485314053321
0.8449542928840293,0.8502485314053321
0.8449542928840293,0.8503389064618165
0.845133536476071,0.850429281518301
0.8453127800681126,0.850429281518301
0.8453127800681126,0.8505196565747853
0.8458505108442373,0.8507907817442386
0.8458505108442373,0.8509715318572074
0.8460297544362789,0.8509715318572074
0.8460297544362789,0.8511522819701762
0.8462089980283205,0.8511522819701762
0.8462089980283205,0.8512426570266607
0.8463882416203621,0.851333032083145
0.8463882416203621,0.8515137821961138
0.8469259723964868,0.8517849073655671
0.8469259723964868,0.8519656574785359
0.8471052159885284,0.8519656574785359
0.8471052159885284,0.8520560325350204
0.84728445958057,0.8521464075915047
0.8474637031726115,0.8521464075915047
0.8474637031726115,0.8522367826479892
0.8478221903566947,0.852417532760958
0.8480014339487363,0.852417532760958
0.8480014339487363,0.8528694080433801
0.848180677540778,0.8529597830998644
0.848180677540778,0.8532309082693177
0.8483599211328195,0.8532309082693177
0.8485391647248611,0.853321283325802
0.8485391647248611,0.8534116583822865
0.8487184083169027,0.8535020334387708
0.8487184083169027,0.8536827835517398
0.8490768955009859,0.8538635336647086
0.8490768955009859,0.8539539087211929
0.8496146262771106,0.8542250338906462
0.8496146262771106,0.854405784003615
0.8497938698691522,0.854405784003615
0.8497938698691522,0.8544961590600995
0.8499731134611938,0.8544961590600995
0.8499731134611938,0.8546769091730683
0.8501523570532353,0.8546769091730683
0.8505108442373185,0.8548576592860371
0.8505108442373185,0.8549480343425214
0.8506900878293601,0.8549480343425214
0.8506900878293601,0.8551287844554902
0.8510485750134432,0.8553095345684592
0.8510485750134432,0.8555806597379123
0.8512278186054849,0.8555806597379123
0.8512278186054849,0.8556710347943968
0.8515863057895681,0.8556710347943968
0.8515863057895681,0.8557614098508811
0.8517655493816096,0.8558517849073656
0.8517655493816096,0.8560325350203344
0.8519447929736512,0.8561229100768188
0.8519447929736512,0.8562132851333032
0.8521240365656928,0.8563036601897877
0.8521240365656928,0.8565747853592408
0.8523032801577344,0.8565747853592408
0.8523032801577344,0.8566651604157253
0.852482523749776,0.8566651604157253
0.852482523749776,0.8567555354722096
0.8526617673418175,0.8568459105286941
0.8526617673418175,0.8571170356981473
0.8528410109338591,0.8571170356981473
0.8528410109338591,0.8572074107546317
0.8531994981179423,0.8572074107546317
0.8531994981179423,0.8572977858111162
0.8533787417099838,0.8573881608676005
0.8533787417099838,0.8577496610935382
0.8535579853020254,0.8578400361500226
0.8535579853020254,0.8581111613194758
0.853737228894067,0.8581111613194758
0.853737228894067,0.8582015363759602
0.8539164724861086,0.8582015363759602
0.8539164724861086,0.8586534116583823
0.8540957160781502,0.8586534116583823
0.8540957160781502,0.8588341617713511
0.8542749596701917,0.8588341617713511
0.8544542032622334,0.8589245368278355
0.854633446854275,0.8589245368278355
0.854633446854275,0.8590149118843199
0.8548126904463166,0.8591052869408043
0.8548126904463166,0.8591956619972887
0.8549919340383582,0.8592860370537732
0.8549919340383582,0.859466787166742
0.8551711776303997,0.859466787166742
0.8551711776303997,0.8596475372797108
0.8553504212224413,0.8597379123361952
0.8553504212224413,0.8598282873926796
0.8555296648144829,0.8598282873926796
0.8555296648144829,0.859918662449164
0.8557089084065245,0.8600090375056484
0.8557089084065245,0.8600994125621328
0.855888151998566,0.8600994125621328
0.855888151998566,0.8601897876186173
0.8560673955906076,0.8601897876186173
0.8560673955906076,0.8604609127880705
0.8562466391826492,0.8605512878445549
0.8562466391826492,0.8608224130140081
0.8564258827746908,0.8608224130140081
0.8564258827746908,0.8610935381834613
0.8566051263667324,0.8611839132399458
0.8566051263667324,0.8613646633529146
0.8567843699587739,0.8613646633529146
0.8575013443269404,0.8617261635788522
0.8575013443269404,0.8618165386353367
0.8576805879189819,0.8618165386353367
0.8578598315110235,0.861906913691821
0.8578598315110235,0.8619972887483055
0.8583975622871483,0.8622684139177587
0.8583975622871483,0.8624491640307275
0.8587560494712314,0.8626299141436964
0.8587560494712314,0.8627202892001807
0.858935293063273,0.8627202892001807
0.8591145366553146,0.8628106642566652
0.8591145366553146,0.8629010393131495
0.8592937802473561,0.862991414369634
0.8592937802473561,0.8630817894261184
0.8594730238393977,0.8630817894261184
0.8594730238393977,0.8631721644826028
0.8596522674314393,0.8631721644826028
0.8596522674314393,0.8634432896520561
0.8598315110234809,0.8635336647085404
0.8598315110234809,0.8639855399909625
0.8600107546155225,0.8640759150474469
0.8600107546155225,0.8641662901039313
0.860189998207564,0.8642566651604158
0.860189998207564,0.8644374152733846
0.8605484853916473,0.8646181653863534
0.8605484853916473,0.8647085404428377
0.8607277289836889,0.8647085404428377
0.8607277289836889,0.864979665612291
0.861086216167772,0.8651604157252598
0.861086216167772,0.8652507907817443
0.8612654597598136,0.8652507907817443
0.8612654597598136,0.8653411658382286
0.8614447033518552,0.8653411658382286
0.8614447033518552,0.8655219159511974
0.8616239469438968,0.8655219159511974
0.8616239469438968,0.8657930411206507
0.8619824341279799,0.8657930411206507
0.8619824341279799,0.866064166290104
0.8621616777200215,0.866064166290104
0.8621616777200215,0.8662449164030728
0.8623409213120631,0.8663352914595571
0.8623409213120631,0.8665160415725259
0.8628786520881878,0.8667871667419792
0.8628786520881878,0.8670582919114325
0.8630578956802294,0.8670582919114325
0.8630578956802294,0.8672390420244013
0.8634163828643125,0.8674197921373701
0.8635956264563542,0.8674197921373701
0.8635956264563542,0.8675101671938545
0.8637748700483958,0.8676005422503389
0.8637748700483958,0.8676909173068234
0.8639541136404374,0.8676909173068234
0.8639541136404374,0.8677812923633077
0.864133357232479,0.8678716674197922
0.864133357232479,0.868052417532761
0.8643126008245205,0.868052417532761
0.8643126008245205,0.8682331676457298
0.8644918444165621,0.8682331676457298
0.8646710880086037,0.8683235427022142
0.8648503316006453,0.8683235427022142
0.8648503316006453,0.8684139177586986
0.8650295751926869,0.868504292815183
0.8650295751926869,0.8685946678716674
0.8652088187847284,0.8685946678716674
0.8652088187847284,0.8687754179846362
0.86538806237677,0.8687754179846362
0.8657465495608532,0.868956168097605
0.8657465495608532,0.8690465431540895
0.8659257931528948,0.8691369182105739
0.8659257931528948,0.8692272932670583
0.8661050367449363,0.8693176683235427
0.8662842803369779,0.8693176683235427
0.8662842803369779,0.8694080433800271
0.8664635239290195,0.8694080433800271
0.8664635239290195,0.8695887934929959
0.8666427675210612,0.8696791685494804
0.8666427675210612,0.8697695436059647
0.8668220111131028,0.8697695436059647
0.8668220111131028,0.8699502937189336
0.8670012547051443,0.870040668775418
0.8670012547051443,0.8701310438319024
0.8671804982971859,0.8701310438319024
0.8671804982971859,0.8702214188883868
0.8675389854812691,0.8704021690013556
0.8675389854812691,0.87049254405784
0.8677182290733106,0.87049254405784
0.8677182290733106,0.8707636692272933
0.8678974726653522,0.8707636692272933
0.8678974726653522,0.8708540442837777
0.8680767162573938,0.8709444193402621
0.8680767162573938,0.8710347943967465
0.8682559598494354,0.8710347943967465
0.8682559598494354,0.8711251694532309
0.868435203441477,0.8711251694532309
0.868435203441477,0.8713962946226841
0.8686144470335185,0.8714866696791685
0.8686144470335185,0.871577044735653
0.8687936906255601,0.8716674197921374
0.8689729342176017,0.8716674197921374
0.8689729342176017,0.8719385449615906
0.8691521778096433,0.8719385449615906
0.8691521778096433,0.872028920018075
0.8693314214016848,0.872028920018075
0.8693314214016848,0.8721192950745594
0.8696899085857681,0.8721192950745594
0.8696899085857681,0.8723000451875282
0.8702276393618928,0.8725711703569815
0.8704068829539344,0.8725711703569815
0.8704068829539344,0.8727519204699503
0.870586126545976,0.8727519204699503
0.870586126545976,0.8728422955264347
0.8707653701380176,0.8729326705829191
0.8707653701380176,0.8730230456394035
0.8709446137300592,0.8731134206958879
0.8709446137300592,0.8732037957523724
0.8711238573221007,0.8732037957523724
0.8711238573221007,0.8733845458653412
0.8713031009141423,0.8733845458653412
0.8714823445061839,0.8734749209218255
0.8714823445061839,0.87356529597831
0.8716615880982255,0.8736556710347944
0.8716615880982255,0.8738364211477632
0.8720200752823086,0.8738364211477632
0.8720200752823086,0.8740171712607321
0.8721993188743502,0.8740171712607321
0.8721993188743502,0.8741075463172164
0.8723785624663918,0.8741075463172164
0.8723785624663918,0.8743786714866697
0.8725578060584334,0.8743786714866697
0.8725578060584334,0.874469046543154
0.872737049650475,0.874469046543154
0.872737049650475,0.8749209218255761
0.8729162932425166,0.8750112968820606
0.8730955368345582,0.8750112968820606
0.8730955368345582,0.8751016719385449
0.8738125112027245,0.8754631721644826
0.8738125112027245,0.8758246723904203
0.8739917547947661,0.8758246723904203
0.8739917547947661,0.8759150474469046
0.8741709983868077,0.8759150474469046
0.8741709983868077,0.8760054225033891
0.8743502419788493,0.8760957975598734
0.8743502419788493,0.8761861726163579
0.8747087291629324,0.8763669227293267
0.8747087291629324,0.8769091730682331
0.874887972754974,0.8769995481247176
0.874887972754974,0.8773610483506552
0.8750672163470156,0.8773610483506552
0.8752464599390571,0.8774514234071397
0.8752464599390571,0.877541798463624
0.8754257035310987,0.8776321735201085
0.8754257035310987,0.8778129236330773
0.8756049471231403,0.8778129236330773
0.8756049471231403,0.8779936737460461
0.875784190715182,0.8779936737460461
0.875784190715182,0.8780840488025305
0.8761426778992651,0.8782647989154994
0.8761426778992651,0.8783551739719837
0.8763219214913067,0.8784455490284682
0.8763219214913067,0.8785359240849525
0.8765011650833483,0.8785359240849525
0.8765011650833483,0.8787166741979213
0.8766804086753899,0.8788070492544058
0.8766804086753899,0.879078174423859
0.8768596522674315,0.879078174423859
0.8768596522674315,0.8791685494803434
0.877038895859473,0.8792589245368279
0.877038895859473,0.8793492995933122
0.8772181394515146,0.8794396746497967
0.8773973830435562,0.8794396746497967
0.8773973830435562,0.8796204247627655
0.8775766266355978,0.8796204247627655
0.8775766266355978,0.8800723000451875
0.8777558702276393,0.8801626751016719
0.8777558702276393,0.8803434252146407
0.8781143574117225,0.8805241753276096
0.8781143574117225,0.880614550384094
0.8782936010037641,0.880614550384094
0.8784728445958057,0.8807049254405784
0.8786520881878472,0.8807049254405784
0.8786520881878472,0.8809760506100316
0.8788313317798888,0.8809760506100316
0.8788313317798888,0.8811568007230004
0.8790105753719305,0.8812471757794849
0.8790105753719305,0.8813375508359693
0.8791898189639721,0.8813375508359693
0.8791898189639721,0.8814279258924537
0.8793690625560137,0.8814279258924537
0.8795483061480552,0.8815183009489381
0.8797275497400968,0.8815183009489381
0.8797275497400968,0.8817894261183913
0.8799067933321384,0.8818798011748757
0.8799067933321384,0.882150926344329
0.88008603692418,0.882150926344329
0.88008603692418,0.8822413014008134
0.8802652805162215,0.8823316764572978
0.8802652805162215,0.8825124265702666
0.8804445241082631,0.882602801626751
0.8804445241082631,0.8827835517397198
0.8806237677003047,0.8827835517397198
0.8808030112923463,0.8828739267962042
0.8808030112923463,0.8832354270221419
0.8809822548843879,0.8832354270221419
0.8809822548843879,0.8834161771351107
0.8811614984764294,0.8835065521915951
0.8811614984764294,0.8835969272480795
0.881340742068471,0.8836873023045639
0.881340742068471,0.8837776773610484
0.8815199856605126,0.8838680524175327
0.8815199856605126,0.8839584274740172
0.8816992292525542,0.8839584274740172
0.8816992292525542,0.8840488025305016
0.8818784728445958,0.8840488025305016
0.8818784728445958,0.884139177586986
0.8820577164366374,0.884139177586986
0.8820577164366374,0.8842295526434704
0.882236960028679,0.8842295526434704
0.882236960028679,0.8843199276999548
0.8825954472127622,0.8845006778129236
0.8825954472127622,0.88504292815183
0.8827746908048038,0.8851333032083145
0.8827746908048038,0.8852236782647989
0.8831331779888869,0.8852236782647989
0.8831331779888869,0.8853140533212833
0.8838501523570532,0.8856755535472209
0.8840293959490948,0.8856755535472209
0.8840293959490948,0.8858563036601897
0.8842086395411364,0.8859466787166742
0.8842086395411364,0.8860370537731586
0.884387883133178,0.8860370537731586
0.8845671267252195,0.886127428829643
0.8845671267252195,0.8862178038861275
0.8847463703172611,0.8862178038861275
0.8847463703172611,0.8863985539990963
0.8851048575013444,0.8865793041120651
0.8851048575013444,0.8867600542250339
0.885284101093386,0.8868504292815182
0.8854633446854275,0.8868504292815182
0.8854633446854275,0.8869408043380027
0.8856425882774691,0.8870311793944872
0.8856425882774691,0.8871215544509715
0.8860010754615523,0.8871215544509715
0.8860010754615523,0.887211929507456
0.8861803190535938,0.8873023045639403
0.8861803190535938,0.8875734297333936
0.8863595626456354,0.8875734297333936
0.8863595626456354,0.8877541798463624
0.886538806237677,0.8877541798463624
0.886538806237677,0.8878445549028469
0.8867180498297186,0.8879349299593312
0.8867180498297186,0.8881156800723
0.8868972934217602,0.8881156800723
0.8868972934217602,0.8883868052417533
0.8870765370138017,0.8883868052417533
0.8870765370138017,0.8885675553547221
0.887793511381968,0.8889290555806597
0.887793511381968,0.8890194306371442
0.8879727549740096,0.8890194306371442
0.8879727549740096,0.8892905558065973
0.8881519985660513,0.8892905558065973
0.8881519985660513,0.8893809308630818
0.8883312421580929,0.8894713059195662
0.8883312421580929,0.8897424310890194
0.8885104857501345,0.8897424310890194
0.8885104857501345,0.8898328061455039
0.888689729342176,0.8898328061455039
0.888689729342176,0.8899231812019882
0.8888689729342176,0.8900135562584727
0.8888689729342176,0.890103931314957
0.8890482165262592,0.890103931314957
0.8890482165262592,0.8903750564844103
0.8892274601183008,0.8903750564844103
0.8892274601183008,0.8907365567103479
0.8894067037103424,0.8908269317668324
0.8894067037103424,0.8910076818798012
0.8895859473023839,0.8910076818798012
0.8895859473023839,0.8912788070492544
0.8897651908944255,0.8913691821057388
0.8897651908944255,0.8915499322187076
0.8899444344864671,0.8915499322187076
0.8899444344864671,0.8917306823316764
0.8901236780785087,0.8917306823316764
0.8901236780785087,0.8918210573881609
0.8903029216705503,0.8919114324446453
0.8903029216705503,0.8920921825576141
0.8904821652625918,0.8920921825576141
0.8904821652625918,0.8925440578400361
0.8906614088546334,0.8926344328965206
0.8906614088546334,0.892724807953005
0.890840652446675,0.892724807953005
0.890840652446675,0.8929055580659738
0.8911991396307583,0.8930863081789426
0.8913783832227998,0.8930863081789426
0.8913783832227998,0.8934478084048803
0.8915576268148414,0.8934478084048803
0.891736870406883,0.8935381834613647
0.8919161139989246,0.8935381834613647
0.8919161139989246,0.8936285585178491
0.8920953575909661,0.8937189335743335
0.8920953575909661,0.8938093086308179
0.8924538447750493,0.8939900587437867
0.8924538447750493,0.8941708088567555
0.8926330883670909,0.8941708088567555
0.8926330883670909,0.8944419340262088
0.8928123319591325,0.8945323090826932
0.8928123319591325,0.894713059195662
0.8933500627352572,0.8949841843651152
0.8935293063272988,0.8949841843651152
0.8935293063272988,0.8952553095345684
0.8937085499193403,0.8952553095345684
0.8937085499193403,0.8953456845910529
0.8938877935113819,0.8953456845910529
0.8938877935113819,0.8955264347040217
0.8940670371034235,0.8956168097605061
0.8940670371034235,0.8957975598734749
0.8942462806954652,0.8957975598734749
0.8942462806954652,0.8958879349299593
0.8944255242875068,0.8959783099864438
0.8944255242875068,0.8960686850429281
0.8947840114715899,0.8960686850429281
0.8947840114715899,0.8961590600994126
0.8949632550636315,0.896249435155897
0.8949632550636315,0.8964301852688658
0.8953217422477147,0.8966109353818346
0.8953217422477147,0.896701310438319
0.8955009858397562,0.8967916854948035
0.8955009858397562,0.8968820605512878
0.8956802294317978,0.8968820605512878
0.8956802294317978,0.8971531857207411
0.8958594730238394,0.8971531857207411
0.8958594730238394,0.8975146859466787
0.896038716615881,0.8975146859466787
0.896038716615881,0.8976050610031632
0.8962179602079225,0.8976954360596475
0.8962179602079225,0.897785811116132
0.8963972037999641,0.8978761861726163
0.8963972037999641,0.8980569362855851
0.8969349345760889,0.8983280614550384
0.8969349345760889,0.8985991866244917
0.8972934217601721,0.8987799367374605
0.8972934217601721,0.8989606868504293
0.8976519089442553,0.8991414369633981
0.8976519089442553,0.8993221870763669
0.8978311525362969,0.8993221870763669
0.8978311525362969,0.8994125621328514
0.8980103961283384,0.8995029371893357
0.8980103961283384,0.8995933122458202
0.89818963972038,0.8995933122458202
0.89818963972038,0.9000451875282423
0.8983688833124216,0.9000451875282423
0.8987273704965048,0.9002259376412111
0.8987273704965048,0.9003163126976954
0.8990858576805879,0.9004970628106642
0.8990858576805879,0.900677812923633
0.8992651012726295,0.9007681879801175
0.8992651012726295,0.900858563036602
0.8994443448646711,0.900858563036602
0.8994443448646711,0.9009489380930863
0.8996235884567126,0.9010393131495708
0.8996235884567126,0.9011296882060551
0.8998028320487542,0.9011296882060551
0.8999820756407958,0.9012200632625396
0.9001613192328374,0.9012200632625396
0.9001613192328374,0.9013104383190239
0.9003405628248791,0.9013104383190239
0.9003405628248791,0.9014008133755084
0.9005198064169206,0.9014911884319927
0.9005198064169206,0.9015815634884772
0.9006990500089622,0.9015815634884772
0.9006990500089622,0.901762313601446
0.9010575371930454,0.9019430637144148
0.9010575371930454,0.9020334387708993
0.901236780785087,0.9021238138273836
0.901236780785087,0.9022141888838681
0.9015952679691701,0.9023949389968369
0.9015952679691701,0.9024853140533213
0.9017745115612117,0.9025756891098057
0.9017745115612117,0.9027564392227745
0.9021329987452948,0.9027564392227745
0.9021329987452948,0.9029371893357433
0.9023122423373364,0.9029371893357433
0.9028499731134612,0.9032083145051966
0.9028499731134612,0.9035698147311342
0.9030292167055027,0.9035698147311342
0.9030292167055027,0.9036601897876186
0.9032084602975443,0.903750564844103
0.903387703889586,0.903750564844103
0.903387703889586,0.9041120650700407
0.9035669474816276,0.9041120650700407
0.9035669474816276,0.9042024401265251
0.9037461910736692,0.9042928151830095
0.9037461910736692,0.9043831902394939
0.9041046782577523,0.9045639403524627
0.9042839218497939,0.9045639403524627
0.9042839218497939,0.9047446904654315
0.904642409033877,0.9047446904654315
0.904642409033877,0.904835065521916
0.9048216526259186,0.904835065521916
0.9048216526259186,0.9049254405784004
0.9050008962179602,0.9050158156348848
0.9050008962179602,0.9051061906913692
0.9051801398100018,0.9051061906913692
0.9051801398100018,0.9051965657478536
0.9053593834020434,0.905286940804338
0.9053593834020434,0.9053773158608224
0.9057178705861265,0.9055580659737912
0.9057178705861265,0.9056484410302756
0.9058971141781681,0.9056484410302756
0.9058971141781681,0.9058291911432444
0.9060763577702097,0.9058291911432444
0.9060763577702097,0.9061003163126977
0.9062556013622513,0.9061003163126977
0.9062556013622513,0.9062810664256665
0.9064348449542928,0.9062810664256665
0.9064348449542928,0.9065521915951198
0.9066140885463345,0.9065521915951198
0.9067933321383761,0.9066425666516041
0.9067933321383761,0.9067329417080886
0.9069725757304177,0.9067329417080886
0.9069725757304177,0.9069136918210574
0.9073310629145008,0.9070944419340262
0.9073310629145008,0.9071848169905106
0.9075103065065424,0.9071848169905106
0.9075103065065424,0.907275192046995
0.907689550098584,0.907275192046995
0.907689550098584,0.9073655671034795
0.9078687936906256,0.9074559421599638
0.9078687936906256,0.9077270673294171
0.9080480372826671,0.9078174423859015
0.9080480372826671,0.9079078174423859
0.9082272808747087,0.9079078174423859
0.9082272808747087,0.9081789426118392
0.9084065244667503,0.9082693176683235
0.9084065244667503,0.9090826931766832
0.9085857680587919,0.9090826931766832
0.9087650116508335,0.9091730682331677
0.9087650116508335,0.909263443289652
0.908944255242875,0.909263443289652
0.9091234988349166,0.9093538183461365
0.9093027424269582,0.9093538183461365
0.9093027424269582,0.9095345684591053
0.9094819860189998,0.9095345684591053
0.9094819860189998,0.9096249435155896
0.9096612296110415,0.9097153185720741
0.9096612296110415,0.9098056936285586
0.909840473203083,0.9098056936285586
0.909840473203083,0.9098960686850429
0.9100197167951246,0.9098960686850429
0.9100197167951246,0.9100768187980117
0.9101989603871662,0.9101671938544962
0.9101989603871662,0.910347943967465
0.9103782039792078,0.910347943967465
0.9105574475712493,0.9104383190239493
0.9105574475712493,0.9105286940804338
0.9109159347553325,0.9107094441934026
0.9110951783473741,0.9107094441934026
0.9110951783473741,0.9107998192498871
0.9118121527155404,0.9111613194758247
0.9118121527155404,0.911251694532309
0.911991396307582,0.911251694532309
0.911991396307582,0.911432444645278
0.9123498834916651,0.911432444645278
0.9123498834916651,0.9115228197017623
0.9125291270837067,0.9116131947582468
0.9125291270837067,0.9117035698147311
0.9127083706757484,0.9117035698147311
0.9130668578598315,0.9118843199276999
0.9130668578598315,0.9119746949841844
0.9134253450439147,0.9119746949841844
0.9134253450439147,0.9121554450971532
0.9136045886359563,0.9121554450971532
0.9137838322279979,0.9122458201536376
0.9137838322279979,0.9124265702666065
0.9139630758200394,0.9124265702666065
0.914142319412081,0.9125169453230908
0.914142319412081,0.9126976954360596
0.9146800501882058,0.9129688206055129
0.9146800501882058,0.9131495707184817
0.9148592937802473,0.9131495707184817
0.9148592937802473,0.9133303208314505
0.9150385373722889,0.9133303208314505
0.9150385373722889,0.913872571170357
0.9152177809643305,0.913872571170357
0.9153970245563721,0.9139629462268414
0.9153970245563721,0.9141436963398102
0.9155762681484136,0.9141436963398102
0.9155762681484136,0.914324446452779
0.9162932425165801,0.9146859466787167
0.9162932425165801,0.9147763217352011
0.9166517297006632,0.9149570718481699
0.9166517297006632,0.9151378219611387
0.9168309732927048,0.9151378219611387
0.9168309732927048,0.9152281970176231
0.9170102168847464,0.9153185720741075
0.917189460476788,0.9153185720741075
0.917189460476788,0.915408947130592
0.9173687040688295,0.9154993221870764
0.9173687040688295,0.9155896972435608
0.9179064348449543,0.915860822413014
0.9179064348449543,0.9159511974694984
0.9180856784369958,0.9159511974694984
0.9180856784369958,0.9163126976954361
0.9182649220290374,0.9163126976954361
0.9182649220290374,0.9164030727519205
0.9188026528051623,0.9166741979213737
0.9188026528051623,0.9168549480343425
0.9189818963972038,0.9168549480343425
0.9189818963972038,0.9169453230908269
0.919340383581287,0.9171260732037958
0.919340383581287,0.9172164482602801
0.9195196271733286,0.9173068233167646
0.9195196271733286,0.917397198373249
0.9196988707653702,0.9174875734297334
0.9196988707653702,0.9175779484862178
0.9198781143574117,0.9175779484862178
0.9198781143574117,0.9177586985991866
0.9200573579494533,0.9177586985991866
0.9200573579494533,0.917849073655671
0.9204158451335365,0.9180298237686398
0.9204158451335365,0.9181201988251243
0.920595088725578,0.9181201988251243
0.9209535759096612,0.9183009489380931
0.9209535759096612,0.9183913239945775
0.9211328195017028,0.9184816990510619
0.9211328195017028,0.9185720741075463
0.9213120630937444,0.9186624491640307
0.9213120630937444,0.9187528242205152
0.9214913066857859,0.9188431992769995
0.9214913066857859,0.918933574333484
0.9218497938698692,0.9191143244464528
0.9218497938698692,0.9192046995029372
0.9220290374619108,0.9192950745594216
0.9220290374619108,0.919385449615906
0.9222082810539524,0.9194758246723904
0.9222082810539524,0.9195661997288749
0.9225667682380355,0.9197469498418437
0.9225667682380355,0.9200180750112968
0.9227460118300771,0.9201084500677813
0.9227460118300771,0.9201988251242657
0.9229252554221187,0.9202892001807501
0.9229252554221187,0.9204699502937189
0.923642229790285,0.9208314505196565
0.9238214733823266,0.9208314505196565
0.9238214733823266,0.920921825576141
0.9240007169743681,0.9210122006326253
0.9240007169743681,0.9211929507455943
0.9241799605664097,0.9211929507455943
0.9241799605664097,0.9212833258020786
0.9243592041584513,0.9213737008585631
0.9243592041584513,0.9214640759150474
0.9245384477504929,0.9215544509715319
0.9245384477504929,0.9216448260280162
0.9247176913425345,0.9216448260280162
0.9247176913425345,0.9217352010845007
0.9250761785266177,0.9219159511974695
0.9250761785266177,0.922006326253954
0.9252554221186593,0.9220967013104383
0.9252554221186593,0.9221870763669228
0.9254346657107009,0.9222774514234071
0.9254346657107009,0.9223678264798916
0.9256139093027425,0.9224582015363759
0.925793152894784,0.9224582015363759
0.925793152894784,0.9225485765928604
0.9259723964868256,0.9226389516493447
0.9259723964868256,0.9227293267058292
0.9261516400788672,0.9228197017623136
0.9261516400788672,0.9231812019882513
0.9263308836709088,0.9231812019882513
0.9263308836709088,0.9233619521012201
0.9265101272629503,0.9233619521012201
0.9266893708549919,0.9234523271577044
0.9268686144470335,0.9234523271577044
0.9268686144470335,0.9236330772706733
0.9270478580390751,0.9237234523271577
0.9270478580390751,0.9238138273836421
0.9274063452231582,0.923994577496611
0.9274063452231582,0.9240849525530953
0.9275855888151998,0.9240849525530953
0.9275855888151998,0.9242657026660641
0.9279440759992831,0.924446452779033
0.9281233195913247,0.924446452779033
0.9281233195913247,0.9247175779484862
0.9283025631833662,0.9247175779484862
0.9283025631833662,0.9248079530049707
0.9284818067754078,0.9248079530049707
0.9284818067754078,0.924898328061455
0.9286610503674494,0.9249887031179395
0.9286610503674494,0.9250790781744238
0.928840293959491,0.9251694532309083
0.928840293959491,0.9252598282873927
0.9290195375515325,0.9253502033438771
0.9291987811435741,0.9253502033438771
0.9291987811435741,0.9255309534568459
0.9293780247356157,0.9255309534568459
0.9295572683276573,0.9256213285133303
0.9295572683276573,0.9257117035698147
0.9297365119196989,0.9258020786262992
0.9299157555117404,0.9258020786262992
0.9299157555117404,0.9260732037957524
0.930094999103782,0.9261635788522368
0.930094999103782,0.9263443289652056
0.9302742426958236,0.92643470402169
0.9302742426958236,0.9265250790781744
0.9304534862878652,0.9265250790781744
0.9315289478401148,0.9270673294170809
0.9315289478401148,0.9271577044735653
0.9317081914321563,0.9272480795300497
0.9317081914321563,0.9273384545865341
0.9318874350241979,0.9274288296430185
0.9318874350241979,0.9276095797559873
0.9320666786162395,0.9276999548124718
0.9320666786162395,0.9277903298689562
0.9322459222082811,0.9277903298689562
0.9326044093923642,0.927971079981925
0.9326044093923642,0.9281518300948938
0.933142140168489,0.928422955264347
0.933142140168489,0.9286940804338003
0.9333213837605305,0.9287844554902847
0.9333213837605305,0.9288748305467691
0.9338591145366553,0.9291459557162223
0.9338591145366553,0.92950745594216
0.9340383581286968,0.9295978309986443
0.9340383581286968,0.9296882060551288
0.9342176017207385,0.9296882060551288
0.9342176017207385,0.9298689561680976
0.9343968453127801,0.9298689561680976
0.9343968453127801,0.929959331224582
0.9347553324968633,0.9301400813375509
0.9347553324968633,0.9302304563940352
0.9349345760889048,0.9302304563940352
0.9349345760889048,0.9303208314505197
0.935293063272988,0.9305015815634885
0.935293063272988,0.9307727067329417
0.9354723068650296,0.9307727067329417
0.9354723068650296,0.9308630817894261
0.9356515504570712,0.9309534568459106
0.9356515504570712,0.9310438319023949
0.9360100376411543,0.9312245820153637
0.9361892812331959,0.9312245820153637
0.9361892812331959,0.9317668323542703
0.9363685248252375,0.9318572074107546
0.9363685248252375,0.9319475824672391
0.9367270120093206,0.9321283325802079
0.9367270120093206,0.9323090826931767
0.937443986377487,0.9326705829191143
0.937443986377487,0.9329417080885676
0.9378024735615702,0.9331224582015364
0.9378024735615702,0.9333935833709897
0.9379817171536118,0.933483958427474
0.9379817171536118,0.9335743334839585
0.9381609607456534,0.9336647085404428
0.9381609607456534,0.9338454586534116
0.9383402043376949,0.9339358337098961
0.9383402043376949,0.9340262087663804
0.9385194479297365,0.9340262087663804
0.9385194479297365,0.9341165838228649
0.9386986915217781,0.9341165838228649
0.9386986915217781,0.9342973339358337
0.9388779351138197,0.9342973339358337
0.9388779351138197,0.9346588341617713
0.9397741530740276,0.9351107094441934
0.9397741530740276,0.9353818346136467
0.9399533966660691,0.935472209670131
0.9399533966660691,0.9355625847266155
0.9401326402581107,0.9355625847266155
0.9401326402581107,0.9356529597830998
0.9403118838501524,0.9356529597830998
0.9403118838501524,0.9359240849525531
0.940491127442194,0.9360144600090375
0.9406703710342356,0.9360144600090375
0.9406703710342356,0.9364663352914595
0.9408496146262771,0.9364663352914595
0.9408496146262771,0.9366470854044284
0.9410288582183187,0.9366470854044284
0.9413873454024019,0.9368278355173972
0.9413873454024019,0.9369182105738816
0.9415665889944435,0.937008585630366
0.9415665889944435,0.9370989606868504
0.941745832586485,0.9370989606868504
0.941745832586485,0.9371893357433349
0.9419250761785266,0.9372797107998192
0.9421043197705682,0.9372797107998192
0.9421043197705682,0.9374604609127881
0.9422835633626098,0.9374604609127881
0.9422835633626098,0.9377315860822413
0.9428212941387345,0.9380027112516945
0.9430005377307761,0.9380027112516945
0.9430005377307761,0.9380930863081789
0.9438967556909841,0.938544961590601
0.9438967556909841,0.9387257117035698
0.9442552428750672,0.9389064618165386
0.9442552428750672,0.938996836873023
0.9444344864671088,0.9390872119295075
0.9444344864671088,0.9391775869859919
0.9446137300591504,0.9391775869859919
0.9446137300591504,0.9392679620424763
0.944792973651192,0.9392679620424763
0.9449722172432335,0.9393583370989607
0.9449722172432335,0.9395390872119295
0.9451514608352751,0.9396294622684139
0.9451514608352751,0.9397198373248983
0.9453307044273167,0.9397198373248983
0.9456891916113999,0.9399005874378672
0.9456891916113999,0.9399909624943515
0.9458684352034414,0.9399909624943515
0.946047678795483,0.940081337550836
0.946047678795483,0.9401717126073204
0.9462269223875246,0.9402620876638048
0.9462269223875246,0.9403524627202892
0.9464061659795663,0.9403524627202892
0.9465854095716079,0.9404428377767736
0.9465854095716079,0.940533212833258
0.9467646531636494,0.940533212833258
0.946943896755691,0.9406235878897424
0.946943896755691,0.9408947130591957
0.9474816275318158,0.9411658382286489
0.9474816275318158,0.9413465883416177
0.9478401147158989,0.9415273384545866
0.9478401147158989,0.9416177135110709
0.9480193583079405,0.9417080885675554
0.9480193583079405,0.9417984636240397
0.9481986018999821,0.9418888386805242
0.9481986018999821,0.9419792137370085
0.9483778454920236,0.9419792137370085
0.9485570890840652,0.942069588793493
0.9485570890840652,0.9422503389064618
0.9487363326761068,0.9422503389064618
0.9487363326761068,0.9428829643018527
0.9489155762681484,0.9428829643018527
0.9489155762681484,0.9430637144148215
0.94909481986019,0.943154089471306
0.94909481986019,0.9434252146407591
0.9492740634522315,0.9434252146407591
0.9494533070442732,0.9435155896972436
0.9496325506363148,0.9435155896972436
0.9496325506363148,0.9436059647537279
0.9498117942283564,0.9436059647537279
0.9498117942283564,0.9438770899231812
0.949991037820398,0.9438770899231812
0.949991037820398,0.9439674649796657
0.9501702814124395,0.94405784003615
0.9501702814124395,0.9442385901491188
0.9503495250044811,0.9443289652056033
0.9503495250044811,0.9445097153185721
0.9505287685965227,0.9446000903750564
0.9505287685965227,0.9446904654315409
0.9507080121885643,0.9446904654315409
0.9507080121885643,0.9448712155445097
0.9508872557806058,0.9449615906009942
0.9508872557806058,0.9450519656574785
0.951245742964689,0.9452327157704473
0.951245742964689,0.9453230908269318
0.9514249865567306,0.9453230908269318
0.9514249865567306,0.9454134658834161
0.9516042301487722,0.9455038409399006
0.9516042301487722,0.945594215996385
0.9517834737408137,0.945594215996385
0.9517834737408137,0.9457749661093539
0.9519627173328553,0.9457749661093539
0.9525004481089802,0.946046091278807
0.9525004481089802,0.9461364663352915
0.9526796917010217,0.9462268413917758
0.9526796917010217,0.9464979665612291
0.9528589352930633,0.9465883416177135
0.9528589352930633,0.9466787166741979
0.9530381788851049,0.9466787166741979
0.9532174224771465,0.9467690917306824
0.9532174224771465,0.9469498418436512
0.953396666069188,0.9469498418436512
0.9537551532532712,0.94713059195662
0.9537551532532712,0.9472209670131044
0.9539343968453128,0.9472209670131044
0.9539343968453128,0.947582467239042
0.9541136404373544,0.9476728422955264
0.9541136404373544,0.9477632173520109
0.9544721276214375,0.9479439674649797
0.9544721276214375,0.9481247175779485
0.9546513712134791,0.9481247175779485
0.9548306148055207,0.9482150926344329
0.9550098583975623,0.9482150926344329
0.9550098583975623,0.9484862178038861
0.9557268327657287,0.9488477180298238
0.9557268327657287,0.9490284681427926
0.9566230507259366,0.9494803434252146
0.9566230507259366,0.949570718481699
0.9569815379100197,0.9497514685946679
0.9569815379100197,0.9500225937641211
0.9571607815020613,0.9501129688206055
0.9571607815020613,0.9503840939900587
0.9573400250941029,0.9503840939900587
0.9575192686861445,0.9504744690465432
0.9575192686861445,0.9507455942159964
0.957698512278186,0.9507455942159964
0.9578777558702276,0.9508359692724808
0.9580569994622692,0.9508359692724808
0.9580569994622692,0.9509263443289652
0.9582362430543108,0.9509263443289652
0.9582362430543108,0.951107094441934
0.9584154866463523,0.9511974694984184
0.9584154866463523,0.9512878445549029
0.958594730238394,0.9513782196113872
0.958594730238394,0.9514685946678717
0.9589532174224772,0.9514685946678717
0.9589532174224772,0.9516493447808405
0.9591324610145188,0.9517397198373249
0.9591324610145188,0.9518300948938093
0.9593117046065603,0.9519204699502937
0.9593117046065603,0.9520108450067781
0.9594909481986019,0.9521012200632626
0.9594909481986019,0.9524627202892002
0.9598494353826851,0.952643470402169
0.9598494353826851,0.9527338454586534
0.9600286789747267,0.9527338454586534
0.9603871661588098,0.9529145955716223
0.9605664097508514,0.9529145955716223
0.9605664097508514,0.9530953456845911
0.960745653342893,0.9531857207410754
0.9609248969349345,0.9531857207410754
0.9609248969349345,0.9532760957975599
0.9611041405269761,0.9533664708540442
0.9611041405269761,0.9534568459105287
0.9612833841190177,0.953547220967013
0.9612833841190177,0.9536375960234975
0.9614626277110593,0.9536375960234975
0.9614626277110593,0.953727971079982
0.9616418713031009,0.9538183461364663
0.9616418713031009,0.9539087211929508
0.9618211148951425,0.9539990962494351
0.9618211148951425,0.9540894713059196
0.9620003584871841,0.9540894713059196
0.9620003584871841,0.9541798463624039
0.9623588456712673,0.9543605964753727
0.9625380892633089,0.9543605964753727
0.9625380892633089,0.9545413465883417
0.9630758200394336,0.9548124717577948
0.9630758200394336,0.9549932218707636
0.9632550636314752,0.9550835969272481
0.9634343072235168,0.9550835969272481
0.9634343072235168,0.9552643470402169
0.9636135508155583,0.9552643470402169
0.9636135508155583,0.9555354722096702
0.9637927944075999,0.9555354722096702
0.9637927944075999,0.9558065973791233
0.9639720379996415,0.9558065973791233
0.9639720379996415,0.9563488477180299
0.9641512815916831,0.9563488477180299
0.9641512815916831,0.9564392227745142
0.9643305251837246,0.9564392227745142
0.9643305251837246,0.9568007230004518
0.9650474995518911,0.9571622232263896
0.9650474995518911,0.9573429733393584
0.9652267431439326,0.9573429733393584
0.9654059867359742,0.9574333483958427
0.9654059867359742,0.9577948486217804
0.9655852303280158,0.9578852236782648
0.9655852303280158,0.9580659737912336
0.9657644739200574,0.958156348847718
0.965943717512099,0.958156348847718
0.965943717512099,0.9583370989606869
0.9661229611041405,0.9583370989606869
0.9663022046961821,0.9584274740171712
0.9663022046961821,0.9585178490736557
0.9666606918802653,0.9585178490736557
0.9666606918802653,0.9586985991866245
0.9668399354723068,0.9586985991866245
0.9675569098404732,0.9590600994125621
0.9675569098404732,0.9591504744690466
0.9677361534325147,0.9592408495255309
0.9679153970245564,0.9592408495255309
0.9679153970245564,0.9593312245820154
0.968094640616598,0.9594215996384998
0.968094640616598,0.9596023497514686
0.9682738842086396,0.9596023497514686
0.9682738842086396,0.9597830998644374
0.9684531278006812,0.9598734749209218
0.9684531278006812,0.9599638499774062
0.9686323713927227,0.9599638499774062
0.9686323713927227,0.9600542250338906
0.9688116149847643,0.960144600090375
0.9688116149847643,0.9603253502033439
0.9689908585768059,0.9604157252598283
0.9689908585768059,0.9605061003163127
0.9691701021688475,0.9605964753727971
0.9691701021688475,0.9606868504292815
0.969349345760889,0.9606868504292815
0.969349345760889,0.9610483506552192
0.9695285893529306,0.9610483506552192
0.9695285893529306,0.961229100768188
0.9697078329449722,0.9613194758246724
0.9698870765370138,0.9613194758246724
0.9698870765370138,0.9614098508811568
0.9702455637210969,0.9615906009941256
0.9702455637210969,0.96168097605061
0.9704248073131385,0.96168097605061
0.9704248073131385,0.9617713511070944
0.9706040509051801,0.9618617261635789
0.9706040509051801,0.9619521012200632
0.9707832944972217,0.9620424762765477
0.9707832944972217,0.9621328513330321
0.9709625380892634,0.9622232263895165
0.9711417816813049,0.9622232263895165
0.9711417816813049,0.9625847266154541
0.9713210252733465,0.9625847266154541
0.9713210252733465,0.9629462268413918
0.9715002688653881,0.9630366018978762
0.9715002688653881,0.9633981021238138
0.9716795124574297,0.9633981021238138
0.9722172432335544,0.9636692272932671
0.9722172432335544,0.9637596023497514
0.972396486825596,0.9637596023497514
0.972396486825596,0.9638499774062359
0.9725757304176376,0.9638499774062359
0.9727549740096791,0.9639403524627203
0.9727549740096791,0.9640307275192047
0.9729342176017207,0.9640307275192047
0.9729342176017207,0.9647537279710799
0.9732927047858039,0.9649344780840488
0.9732927047858039,0.9650248531405332
0.9734719483778455,0.9650248531405332
0.9734719483778455,0.9652959783099865
0.973651191969887,0.9653863533664708
0.973651191969887,0.9654767284229553
0.9738304355619286,0.9655671034794396
0.9740096791539703,0.9655671034794396
0.9740096791539703,0.9656574785359241
0.9741889227460119,0.9656574785359241
0.9741889227460119,0.9657478535924084
0.9743681663380535,0.9658382286488929
0.9743681663380535,0.9659286037053774
0.9747266535221366,0.9659286037053774
0.9747266535221366,0.9660189787618617
0.9749058971141782,0.9660189787618617
0.9749058971141782,0.9661997288748305
0.9750851407062198,0.9661997288748305
0.9750851407062198,0.966290103931315
0.9754436278903029,0.9664708540442838
0.9756228714823445,0.9664708540442838
0.9756228714823445,0.9665612291007681
0.9763398458505108,0.9669227293267059
0.9765190894425524,0.9669227293267059
0.9765190894425524,0.9672842295526435
0.976698333034594,0.9672842295526435
0.976698333034594,0.9673746046091278
0.9768775766266355,0.9673746046091278
0.9768775766266355,0.9674649796656123
0.9770568202186772,0.9675553547220967
0.9772360638107188,0.9675553547220967
0.9772360638107188,0.9678264798915499
0.9774153074027604,0.9679168549480344
0.9774153074027604,0.9680072300045187
0.977594550994802,0.9680976050610032
0.977594550994802,0.9681879801174875
0.9777737945868435,0.9681879801174875
0.9777737945868435,0.968278355173972
0.9779530381788851,0.968278355173972
0.9779530381788851,0.9684591052869408
0.9781322817709267,0.9684591052869408
0.9781322817709267,0.9687302304563941
0.9783115253629683,0.9687302304563941
0.9783115253629683,0.9688206055128784
0.9784907689550099,0.9689109805693629
0.9784907689550099,0.9692724807953005
0.9786700125470514,0.9692724807953005
0.9790284997311346,0.9694532309082693
0.9792077433231762,0.9694532309082693
0.9792077433231762,0.9699051061906914
0.9793869869152177,0.9699051061906914
0.9793869869152177,0.9701762313601446
0.9795662305072593,0.970266606416629
0.9795662305072593,0.9703569814731134
0.9797454740993009,0.9703569814731134
0.9802832048754258,0.9706281066425666
0.9804624484674673,0.9706281066425666
0.9804624484674673,0.9714414821509263
0.9808209356515505,0.9716222322638952
0.9808209356515505,0.971802982376864
0.9811794228356336,0.971802982376864
0.9811794228356336,0.9719837324898328
0.9813586664276752,0.9719837324898328
0.9813586664276752,0.972254857659286
0.9815379100197168,0.9723452327157704
0.9815379100197168,0.9726163578852237
0.9820756407958415,0.9728874830546769
0.9822548843878831,0.9728874830546769
0.9822548843878831,0.9732489832806146
0.9824341279799247,0.9732489832806146
0.9829718587560494,0.9735201084500678
0.9829718587560494,0.9736104835065522
0.9831511023480911,0.9736104835065522
0.9831511023480911,0.9739719837324898
0.9833303459401327,0.9740623587889743
0.9833303459401327,0.9743334839584274
0.9835095895321743,0.9744238590149119
0.9835095895321743,0.9745142340713963
0.9836888331242158,0.9746046091278807
0.9836888331242158,0.9746949841843651
0.9838680767162574,0.9746949841843651
0.9838680767162574,0.974875734297334
0.984047320308299,0.974875734297334
0.984047320308299,0.9752372345232716
0.9842265639003406,0.9752372345232716
0.9842265639003406,0.975327609579756
0.9844058074923822,0.9754179846362404
0.9845850510844237,0.9754179846362404
0.9845850510844237,0.9755987347492092
0.9847642946764653,0.9755987347492092
0.9847642946764653,0.975779484862178
0.9849435382685069,0.975779484862178
0.9851227818605485,0.9758698599186625
0.9851227818605485,0.9762313601446001
0.98530202545259,0.9762313601446001
0.98530202545259,0.9763217352010845
0.9854812690446316,0.9764121102575689
0.9856605126366732,0.9764121102575689
0.9856605126366732,0.9765928603705377
0.9858397562287148,0.9765928603705377
0.9858397562287148,0.9772254857659286
0.9860189998207564,0.9772254857659286
0.9860189998207564,0.9775869859918662
0.986198243412798,0.9775869859918662
0.986198243412798,0.9776773610483507
0.9863774870048396,0.9776773610483507
0.9863774870048396,0.977767736104835
0.9865567305968812,0.977767736104835
0.9865567305968812,0.9778581111613195
0.9867359741889228,0.9778581111613195
0.9867359741889228,0.9779484862178038
0.9869152177809644,0.9780388612742883
0.9869152177809644,0.9781292363307728
0.9870944613730059,0.9781292363307728
0.9870944613730059,0.9782196113872571
0.9874529485570891,0.9784003615002259
0.9874529485570891,0.9784907365567104
0.9876321921491307,0.9784907365567104
0.9878114357411723,0.9785811116131947
0.9878114357411723,0.9789426118391324
0.9879906793332138,0.9789426118391324
0.9879906793332138,0.9790329868956168
0.9881699229252554,0.9790329868956168
0.9881699229252554,0.9791233619521013
0.988349166517297,0.9791233619521013
0.988349166517297,0.9792137370085856
0.9885284101093386,0.9792137370085856
0.9885284101093386,0.9793041120650701
0.9887076537013801,0.9793041120650701
0.9887076537013801,0.9795752372345232
0.9888868972934217,0.9796656122910077
0.9888868972934217,0.9798463624039765
0.9892453844775049,0.9800271125169453
0.9892453844775049,0.9803886127428829
0.9894246280695466,0.9803886127428829
0.9894246280695466,0.9807501129688206
0.9897831152536297,0.9807501129688206
0.9897831152536297,0.9810212381382738
0.9899623588456713,0.9811116131947583
0.9899623588456713,0.9812923633077271
0.9901416024377129,0.9812923633077271
0.9903208460297545,0.9813827383642115
0.9903208460297545,0.9814731134206959
0.990500089621796,0.9814731134206959
0.990500089621796,0.9817442385901491
0.9906793332138376,0.9817442385901491
0.9908585768058792,0.9818346136466335
0.9908585768058792,0.9822864889290556
0.9910378203979208,0.9822864889290556
0.9910378203979208,0.9826479891549932
0.9912170639899623,0.9826479891549932
0.9912170639899623,0.9827383642114776
0.9913963075820039,0.982828739267962
0.9913963075820039,0.9829191143244465
0.9915755511740455,0.9829191143244465
0.9915755511740455,0.9831902394938997
0.9917547947660871,0.9831902394938997
0.9917547947660871,0.9833709896068685
0.9919340383581287,0.9833709896068685
0.9919340383581287,0.9836421147763217
0.9921132819501702,0.9837324898328061
0.9922925255422118,0.9837324898328061
0.9922925255422118,0.9841843651152282
0.9924717691342535,0.9842747401717126
0.9926510127262951,0.9842747401717126
0.9926510127262951,0.9849073655671035
0.9928302563183367,0.9849073655671035
0.9928302563183367,0.9855399909624943
0.9930094999103782,0.9855399909624943
0.9931887435024198,0.9856303660189788
0.9931887435024198,0.9861726163578852
0.9933679870944614,0.9861726163578852
0.9933679870944614,0.9877089923181201
0.9937264742785445,0.9877089923181201
0.9937264742785445,0.9887031179394488
0.9939057178705861,0.9887934929959331
0.9939057178705861,0.9890646181653864
0.9940849614626277,0.9890646181653864
0.9940849614626277,0.9891549932218707
0.9942642050546693,0.9891549932218707
0.9942642050546693,0.9899683687302304
0.9944434486467109,0.9899683687302304
0.9944434486467109,0.990510619069137
0.9946226922387524,0.9906009941256213
0.9946226922387524,0.9910528694080434
0.994801935830794,0.9910528694080434
0.994801935830794,0.9915951197469498
0.9949811794228356,0.9915951197469498
0.9951604230148772,0.9916854948034343
0.9951604230148772,0.9917758698599186
0.9953396666069187,0.9917758698599186
0.9955189101989604,0.9918662449164031
0.9955189101989604,0.9926796204247628
0.995698153791002,0.9926796204247628
0.995698153791002,0.9927699954812472
0.9958773973830436,0.9927699954812472
0.9958773973830436,0.9928603705377316
0.9960566409750852,0.9928603705377316
0.9960566409750852,0.9935833709896069
0.9962358845671268,0.9936737460460913
0.9962358845671268,0.9938544961590601
0.9964151281591683,0.9939448712155445
0.9964151281591683,0.9941256213285133
0.9965943717512099,0.9941256213285133
0.9965943717512099,0.9942159963849977
0.9967736153432515,0.9942159963849977
0.9967736153432515,0.9945774966109354
0.9969528589352931,0.9945774966109354
0.9969528589352931,0.9952101220063263
0.9971321025273346,0.9952101220063263
0.9971321025273346,0.9956619972887483
0.9973113461193762,0.9956619972887483
0.9973113461193762,0.9957523723452327
0.9974905897114178,0.9957523723452327
0.9974905897114178,0.9962042476276548
0.9976698333034594,0.9962042476276548
0.9976698333034594,0.9963849977406236
0.997849076895501,0.9963849977406236
0.997849076895501,0.996475372797108
0.9980283204875425,0.996475372797108
0.9980283204875425,0.9974694984184365
0.9982075640795841,0.9974694984184365
0.9982075640795841,0.9976502485314054
0.9983868076716257,0.9976502485314054
0.9983868076716257,0.9981021238138273
0.9985660512636674,0.9981021238138273
0.9985660512636674,0.9985539990962494
0.998745294855709,0.9985539990962494
0.998745294855709,0.9987347492092182
0.9989245384477505,0.9987347492092182
0.9989245384477505,0.9988251242657027
0.9991037820397921,0.9988251242657027
0.9991037820397921,0.9990962494351558
0.9992830256318337,0.9990962494351558
0.9992830256318337,0.9993673746046091
0.9994622692238753,0.9994577496610936
0.9994622692238753,0.9997288748305467
0.9996415128159168,0.9997288748305467
0.9998207564079584,0.9998192498870312
0.9998207564079584,1.0
1.0,1.0
