precision,recall
0.6648041336217255,1.0
0.6648440785916001,1.0
0.6648239394303569,0.9999096249435155
0.6648037978486869,0.9998192498870312
0.664823607187932,0.9997288748305467
0.6648635653323717,0.9997288748305467
0.664843421289896,0.9996384997740624
0.6648232748256793,0.9995481247175779
0.6648031259392846,0.9994577496610936
0.6648229423435339,0.9993673746046091
0.6648027898027898,0.9992769995481248
0.6647826348385545,0.9991866244916403
0.6647624774503909,0.9990962494351558
0.6648024535450118,0.9990962494351558
0.6647822949242242,0.9990058743786715
0.6647621338786311,0.998915499322187
0.664741970407795,0.9988251242657027
0.664781954887218,0.9988251242657027
0.6647617901828682,0.9987347492092182
0.6648017806653432,0.9987347492092182
0.6647816147274697,0.9986443741527339
0.6647614463630347,0.9985539990962494
0.6648014440433213,0.9985539990962494
0.6647812744449124,0.9984636240397651
0.6647611024190637,0.9983732489832806
0.6647409279653367,0.9982828739267962
0.6647207510832932,0.9981924988703118
0.6647005717724948,0.9981021238138273
0.664740580233538,0.9981021238138273
0.6647203996869921,0.998011748757343
0.6647002167108115,0.9979213737008585
0.6646800313045572,0.9978309986443742
0.6646598434677905,0.9977406235878897
0.6646396532000722,0.9976502485314054
0.6646796724470135,0.9976502485314054
0.6646594809417715,0.9975598734749209
0.6646392870046971,0.9974694984184365
0.6646793134598012,0.9974694984184365
0.6646591182847507,0.9973791233619521
0.664638920676986,0.9972887483054677
0.664618720636068,0.9971983732489833
0.6645985181615566,0.9971079981924988
0.6645783132530121,0.9970176231360145
0.6645581059099945,0.99692724807953
0.6645378961320642,0.9968368730230457
0.6645176839187805,0.9967464979665612
0.6644974692697035,0.9966561229100768
0.6644772521843929,0.9965657478535924
0.6644570326624081,0.996475372797108
0.6644970770806967,0.996475372797108
0.664476856316297,0.9963849977406236
0.6645169067566753,0.9963849977406236
0.6644966847498494,0.9962946226841392
0.6644764603050214,0.9962042476276548
0.6645165179647938,0.9962042476276548
0.6644962922770845,0.9961138725711703
0.6644760641504883,0.996023497514686
0.6644558335845644,0.9959331224582015
0.6644356005788712,0.9958427474017171
0.6644153651329675,0.9957523723452327
0.6644554336027018,0.9957523723452327
0.6644351969121284,0.9956619972887483
0.664475271411339,0.9956619972887483
0.6644550334760843,0.9955716222322639
0.6644347930992882,0.9954812471757795
0.6644145502805091,0.9953908721192951
0.664394305019305,0.9953004970628107
0.6643740573152338,0.9952101220063263
0.6644141426330397,0.9952101220063263
0.6643938936824956,0.9951197469498418
0.664373642288197,0.9950293718933574
0.6643533884497013,0.994938996836873
0.6643331321665661,0.9948486217803886
0.6643128734383488,0.9947582467239042
0.6642926122646065,0.9946678716674198
0.6642723486448965,0.9945774966109354
0.664312447180973,0.9945774966109354
0.6642921823121039,0.994487121554451
0.6642719149963777,0.9943967464979666
0.6642516452333515,0.9943063714414822
0.6642313730225818,0.9942159963849977
0.6642714811907493,0.9942159963849977
0.6642512077294686,0.9941256213285133
0.6642913219397306,0.9941256213285133
0.6642710472279261,0.9940352462720289
0.6642507700670411,0.9939448712155445
0.6642706131078224,0.9938544961590601
0.6642503322459828,0.9937641211025757
0.6642300489337281,0.9936737460460913
0.6642498942662075,0.9935833709896069
0.6642296072507553,0.9934929959331225
0.6642093177835519,0.993402620876638
0.6641890258641527,0.9933122458201536
0.6641687314921134,0.9932218707636692
0.664148434666989,0.9931314957071848
0.6641281353883348,0.9930411206507004
0.664107833655706,0.992950745594216
0.6640875294686575,0.9928603705377316
0.6641276750090678,0.9928603705377316
0.6641073695665316,0.9927699954812472
0.6641475211608222,0.9927699954812472
0.6641272144627849,0.9926796204247628
0.6641673721127102,0.9926796204247628
0.6641470641591583,0.9925892453682783
0.6641267537493952,0.992498870311794
0.6641064408829755,0.9924084952553095
0.6640861255594532,0.9923181201988251
0.6640658077783826,0.9922277451423407
0.6640454875393177,0.9921373700858563
0.6640251648418124,0.9920469950293719
0.6640048396854205,0.9919566199728875
0.6639845120696957,0.9918662449164031
0.6640043565075331,0.9917758698599186
0.6640445358828513,0.9917758698599186
0.6640242057488653,0.9916854948034343
0.6640440597954367,0.9915951197469498
0.6640842513012952,0.9915951197469498
0.6640639186489922,0.9915047446904655
0.664043583535109,0.991414369633981
0.6640232459591985,0.9913239945774966
0.6640029059208137,0.9912336195210122
0.6639825634195071,0.9911432444645278
0.6639622184548317,0.9910528694080434
0.6640024220405691,0.9910528694080434
0.6639820758144604,0.9909624943515589
0.6639617271240841,0.9908721192950746
0.6639413759689923,0.9907817442385901
0.6639210223487372,0.9906913691821058
0.663900666262871,0.9906009941256213
0.6639205233826023,0.990510619069137
0.6639001635669716,0.9904202440126525
0.6638798012843814,0.9903298689561681
0.6638594365343835,0.9902394938996837
0.6638390693165294,0.9901491188431992
0.6638186996303702,0.9900587437867149
0.6637983274754575,0.9899683687302304
0.6638385552390764,0.9899683687302304
0.6638181818181819,0.9898779936737461
0.6637978059276319,0.9897876186172616
0.6637774275669778,0.9896972435607773
0.6637570467357702,0.9896068685042928
0.6637366634335596,0.9895164934478085
0.6637162776598969,0.989426118391324
0.6636958894143324,0.9893357433348395
0.6636754986964166,0.9892453682783552
0.6636551055056997,0.9891549932218707
0.6636953489782306,0.9891549932218707
0.6636749545178896,0.9890646181653864
0.6637152040754443,0.9890646181653864
0.6636948083454633,0.9889742431089019
0.6636744101413234,0.9888838680524176
0.6636540094625744,0.9887934929959331
0.66367386556661,0.9887031179394488
0.6636534611417825,0.9886127428829643
0.6636330542409902,0.9885223678264798
0.6636126448637826,0.9884319927699955
0.6635922330097087,0.988341617713511
0.6635718186783178,0.9882512426570267
0.6635514018691588,0.9881608676005422
0.6635309825817807,0.9880704925440579
0.663510560815732,0.9879801174875734
0.6634901365705614,0.9878897424310891
0.6634697098458177,0.9877993673746046
0.663449280641049,0.9877089923181201
0.6634895580378825,0.9877089923181201
0.6635298403254204,0.9877089923181201
0.6635094110503946,0.9876186172616358
0.663488979294432,0.9875282422051513
0.6634685450570804,0.987437867148667
0.6634481083378879,0.9873474920921825
0.6634276691364023,0.9872571170356982
0.6634072274521713,0.9871667419792137
0.6633867832847424,0.9870763669227294
0.6633663366336634,0.9869859918662449
0.6633458874984813,0.9868956168097605
0.6633254358787437,0.9868052417532761
0.6633049817739975,0.9867148666967916
0.66328452518379,0.9866244916403073
0.663264066107668,0.9865341165838228
0.6632436045451784,0.9864437415273385
0.6632231404958677,0.986353366470854
0.6632026739592829,0.9862629914143697
0.6631822049349703,0.9861726163578852
0.6632225126116817,0.9861726163578852
0.663202042304887,0.9860822413014008
0.6631815695094523,0.9859918662449164
0.663161094224924,0.985901491188432
0.6631406164508481,0.9858111161319476
0.6631201361867705,0.9857207410754631
0.6630996534322369,0.9856303660189788
0.6631194892064457,0.9855399909624943
0.6631598151301387,0.9855399909624943
0.6631393298059964,0.98544961590601
0.6631188419900256,0.9853592408495255
0.6630983516817712,0.9852688657930411
0.6630778588807786,0.9851784907365567
0.6630573635865928,0.9850881156800723
0.663036865798759,0.9849977406235879
0.6630163655168219,0.9849073655671035
0.6630567047943539,0.9849073655671035
0.663036203224825,0.9848169905106191
0.6630156991602775,0.9847266154541346
0.6629951926002556,0.9846362403976503
0.6629746835443038,0.9845458653411658
0.6629541719919664,0.9844554902846814
0.6629336579427876,0.984365115228197
0.6629131413963114,0.9842747401717126
0.6629534940345752,0.9842747401717126
0.6629733349567758,0.9841843651152282
0.6629528158295281,0.9840939900587438
0.6629322942036044,0.9840036150022594
0.6629117700785484,0.983913239945775
0.6628912434539033,0.9838228648892906
0.6628707143292126,0.9837324898328061
0.662911084043849,0.9837324898328061
0.6629309294676574,0.9836421147763217
0.6629103977584212,0.9835517397198373
0.6628898635477583,0.9834613646633529
0.6628693268352117,0.9833709896068685
0.6629097112221275,0.9833709896068685
0.6628891732163529,0.9832806145503841
0.6628686327077749,0.9831902394938997
0.6629090244348304,0.9831902394938997
0.6628884826325412,0.9830998644374153
0.6628679383265281,0.9830094893809309
0.6628473915163335,0.9829191143244465
0.6628877917961845,0.9829191143244465
0.6628672436913324,0.982828739267962
0.6628871007071446,0.9827383642114776
0.6628665488020484,0.9826479891549932
0.6629069625655408,0.9826479891549932
0.6628864093652826,0.9825576140985088
0.6628658536585366,0.9824672390420244
0.6628452954448442,0.98237686398554
0.6628247347237468,0.9822864889290556
0.6628651582606574,0.9822864889290556
0.6628445962429861,0.9821961138725712
0.6628240317169869,0.9821057388160868
0.6628034646822009,0.9820153637596023
0.6627828951381687,0.981924988703118
0.6627623230844314,0.9818346136466335
0.6627821842586943,0.9817442385901491
0.6628226249313564,0.9817442385901491
0.6628020502806932,0.9816538635336647
0.6627814731189358,0.9815634884771803
0.6627608934456243,0.9814731134206959
0.6628013426914862,0.9814731134206959
0.66278076171875,0.9813827383642115
0.6628006348431205,0.9812923633077271
0.6628410963921616,0.9812923633077271
0.6628205128205128,0.9812019882512426
0.662799926735454,0.9811116131947583
0.6628198082676925,0.9810212381382738
0.6627992183683439,0.9809308630817895
0.6627786259541985,0.980840488025305
0.6627580310247954,0.9807501129688206
0.6627985097416479,0.9807501129688206
0.6628389934033716,0.9807501129688206
0.6628183983873923,0.9806597379123362
0.662797800855223,0.9805693628558518
0.6627772008064023,0.9804789877993674
0.6627565982404692,0.9803886127428829
0.6627970917089265,0.9803886127428829
0.6627764878406452,0.9802982376863986
0.6627558814543233,0.9802078626299141
0.6627352725494989,0.9801174875734298
0.6627146611257104,0.9800271125169453
0.6627345516777703,0.979936737460461
0.6627544470933431,0.9798463624039765
0.662733830541631,0.9797559873474921
0.6627132114690958,0.9796656122910077
0.6627331091409355,0.9795752372345232
0.662712486241898,0.9794848621780389
0.6626918608206446,0.9793944871215544
0.6626712328767124,0.9793041120650701
0.6627117607485781,0.9793041120650701
0.6626911314984709,0.9792137370085856
0.6627316655452933,0.9792137370085856
0.6627110349889895,0.9791233619521013
0.6627515752125772,0.9791233619521013
0.6627309433500551,0.9790329868956168
0.6627714897522178,0.9790329868956168
0.6627508565834557,0.9789426118391324
0.6627914091660038,0.9789426118391324
0.6627707746909803,0.978852236782648
0.6627501376904719,0.9787618617261635
0.6627294981640147,0.9786714866696792
0.6627088561111452,0.9785811116131947
0.6627287751729204,0.9784907365567104
0.6627693437806073,0.9784907365567104
0.6627486991123355,0.9784003615002259
0.6627686279311823,0.9783099864437416
0.6627885616312534,0.9782196113872571
0.6627679118187385,0.9781292363307728
0.6628085002143426,0.9781292363307728
0.6627878490935816,0.9780388612742883
0.6628077912532158,0.9779484862178038
0.6627871362940275,0.9778581111613195
0.6628277382994364,0.9778581111613195
0.6628070820314893,0.977767736104835
0.66284769023404,0.977767736104835
0.6628270326573127,0.9776773610483507
0.6628676470588235,0.9776773610483507
0.6628469881732949,0.9775869859918662
0.6628876087755853,0.9775869859918662
0.6628669485812343,0.9774966109353819
0.6628462858543761,0.9774062358788974
0.6628256205945449,0.9773158608224131
0.6628049528012749,0.9772254857659286
0.6628455832771409,0.9772254857659286
0.6628249141736146,0.9771351107094441
0.6628042425357121,0.9770447356529598
0.6627835683629675,0.9769543605964753
0.6627628916549144,0.976863985539991
0.6627422124110866,0.9767736104835065
0.6627215306310174,0.9766832354270222
0.6627008463142402,0.9765928603705377
0.6627414903403864,0.9765928603705377
0.6627208047105005,0.9765024853140534
0.6627001165429676,0.9764121102575689
0.6627407680039259,0.9764121102575689
0.662760736196319,0.9763217352010845
0.6627400454015584,0.9762313601446001
0.6627807092894834,0.9762313601446001
0.6627600171810762,0.9761409850881156
0.6627393225331369,0.9760506100316313
0.6627186253451979,0.9759602349751468
0.6626979256167914,0.9758698599186625
0.6627178983550208,0.975779484862178
0.6627585783561476,0.975779484862178
0.6627378759975445,0.9756891098056937
0.6627171710970594,0.9755987347492092
0.662757858546169,0.9755987347492092
0.6627371523300792,0.9755083596927248
0.6627164435711654,0.9754179846362404
0.6627571384709856,0.9754179846362404
0.662777129521587,0.975327609579756
0.6627564181304508,0.9752372345232716
0.6627971254836926,0.9752372345232716
0.6627764127764127,0.9751468594667871
0.662755697524418,0.9750564844103028
0.6627349797272393,0.9749661093538183
0.6627142593844074,0.974875734297334
0.6627549766527402,0.974875734297334
0.6627342549923195,0.9747853592408495
0.6627135307853017,0.9746949841843651
0.6627542555152707,0.9746949841843651
0.6627335299901671,0.9746046091278807
0.6627535341118623,0.9745142340713963
0.6627328047206343,0.9744238590149119
0.662752812442368,0.9743334839584274
0.6627320791835731,0.9742431089019431
0.6627113433753459,0.9741527338454586
0.6626906050172159,0.9740623587889743
0.6627106137006519,0.9739719837324898
0.6626898714716192,0.9738816086760054
0.6626691266912669,0.973791233619521
0.6626483793591241,0.9737008585630366
0.6626276294747201,0.9736104835065522
0.6626683890016608,0.9736104835065522
0.6626476377952756,0.9735201084500678
0.662667651039744,0.9734297333935834
0.6626876692099434,0.973339358337099
0.6627076923076923,0.9732489832806146
0.6627484768293433,0.9732489832806146
0.6627277203348104,0.9731586082241301
0.6627069612851604,0.9730682331676457
0.6626861996799213,0.9729778581111613
0.6626654355186211,0.9728874830546769
0.6627062299926126,0.9728874830546769
0.6627262652382712,0.9727971079981925
0.6627463054187193,0.9727067329417081
0.6627663505357803,0.9726163578852237
0.6627455810802488,0.9725259828287393
0.6627248090662725,0.9724356077722549
0.6627040344933786,0.9723452327157704
0.6627240805766033,0.972254857659286
0.6627033021192705,0.9721644826028016
0.6626825211015958,0.9720741075463172
0.6626617375231053,0.9719837324898328
0.6627025694743977,0.9719837324898328
0.6626817845698793,0.9718933574333484
0.6626609971035928,0.971802982376864
0.6627018365586096,0.971802982376864
0.6627426810477658,0.971802982376864
0.6627218934911243,0.9717126073203796
0.6627011033717561,0.9716222322638952
0.6627211639233093,0.9715318572074108
0.6627412294222825,0.9714414821509263
0.6627204340855839,0.971351107094442
0.6626996361842511,0.9712607320379575
0.6626788357178096,0.9711703569814731
0.6626580326857847,0.9710799819249887
0.662637227087702,0.9709896068685043
0.6626164189230864,0.9708992318120199
0.6625956081914631,0.9708088567555355
0.662574794892357,0.9707184816990511
0.662553979025293,0.9706281066425666
0.6625948547103461,0.9706281066425666
0.6626149194792373,0.9705377315860823
0.6626349892008639,0.9704473565295978
0.6626550638770599,0.9703569814731134
0.6626959634613011,0.9703569814731134
0.66267514350966,0.970266606416629
0.6626952281005001,0.9701762313601446
0.662674404247438,0.9700858563036602
0.6626535778230537,0.9699954812471758
0.6626327488268708,0.9699051061906914
0.6626736647113307,0.9699051061906914
0.6626528343831048,0.9698147311342069
0.6626320014821219,0.9697243560777226
0.6626111660079052,0.9696339810212381
0.6625903279599777,0.9695436059647538
0.6625694873378629,0.9694532309082693
0.6626104144789672,0.9694532309082693
0.6626305059615741,0.9693628558517849
0.6626506024096386,0.9692724807953005
0.6626915472071181,0.9692724807953005
0.6626707038250016,0.9691821057388161
0.6626498578667656,0.9690917306823317
0.6626290093319325,0.9690013556258472
0.6626081582200247,0.9689109805693629
0.6626282606008159,0.9688206055128784
0.6626074055758175,0.9687302304563941
0.6626483679525222,0.9687302304563941
0.6626275115919629,0.9686398553999096
0.6626066526524051,0.9685494803434253
0.6625857911333705,0.9684591052869408
0.6626267623052189,0.9684591052869408
0.6626058994496321,0.9683687302304564
0.6625850340136055,0.968278355173972
0.6626260127404292,0.968278355173972
0.6626051459673429,0.9681879801174875
0.662646131007608,0.9681879801174875
0.6626252628974391,0.9680976050610032
0.6626453848057412,0.9680072300045187
0.6626245127760936,0.9679168549480344
0.6626446383268362,0.9678264798915499
0.6626237623762377,0.9677361048350656
0.6626028838418219,0.9676457297785811
0.6625820027231093,0.9675553547220967
0.6626230116977162,0.9675553547220967
0.662643144537295,0.9674649796656123
0.6626222607403739,0.9673746046091278
0.6626632823624095,0.9673746046091278
0.6626423972263497,0.9672842295526435
0.6626834251749117,0.9672842295526435
0.6626625386996904,0.967193854496159
0.6626416496377485,0.9671034794396747
0.6626207579886054,0.9670131043831902
0.6625998637517805,0.9669227293267059
0.6626409017713365,0.9669227293267059
0.6626610505450942,0.9668323542702214
0.6626812043117334,0.9667419792137371
0.6627013630731103,0.9666516041572526
0.6627215268310819,0.9665612291007681
0.6627006258908099,0.9664708540442838
0.6627416955875062,0.9664708540442838
0.662761869344242,0.9663804789877993
0.662782048103149,0.966290103931315
0.6627611431405368,0.9661997288748305
0.662802231866088,0.9661997288748305
0.6627813255626511,0.9661093538183462
0.6627604166666666,0.9660189787618617
0.6628015129906368,0.9660189787618617
0.6627806027533176,0.9659286037053774
0.6628217054263565,0.9659286037053774
0.6628628131977177,0.9659286037053774
0.662841902871674,0.9658382286488929
0.6628621053284536,0.9657478535924084
0.6628411910669976,0.9656574785359241
0.6628823127985607,0.9656574785359241
0.6628613971956818,0.9655671034794396
0.6629025252838617,0.9655671034794396
0.662922742786224,0.9654767284229553
0.6629018245004344,0.9653863533664708
0.6629220456802384,0.9652959783099865
0.6629011234560238,0.965205603253502
0.6628801986343886,0.9651152281970177
0.6628592712148489,0.9650248531405332
0.6629004221504843,0.9650248531405332
0.6628794933879679,0.9649344780840488
0.6628997205836696,0.9648441030275644
0.6629199528038254,0.9647537279710799
0.6628990187554341,0.9646633529145956
0.6628780821067014,0.9645729778581111
0.6628571428571428,0.9644826028016268
0.6628362010062737,0.9643922277451423
0.6628152565536092,0.964301852688658
0.6627943094986644,0.9642114776321735
0.6627733598409543,0.9641211025756891
0.6627524075799938,0.9640307275192047
0.6627935876724245,0.9640307275192047
0.6627726340645,0.9639403524627203
0.6627928655770307,0.9638499774062359
0.6628340584213798,0.9638499774062359
0.6628131021194605,0.9637596023497514
0.6628543013426156,0.9637596023497514
0.6628333436936656,0.9636692272932671
0.6628535903015231,0.9635788522367826
0.6628738419449107,0.9634884771802983
0.6628940986257074,0.9633981021238138
0.6629353233830846,0.9633981021238138
0.6629143603457927,0.9633077270673294
0.6628933947008334,0.963217352010845
0.6628724264477204,0.9631269769543606
0.6628514555859667,0.9630366018978762
0.6628717183028493,0.9629462268413918
0.6628507434828594,0.9628558517849074
0.6628297660527626,0.9627654767284229
0.6628087860120714,0.9626751016719386
0.6627878033602987,0.9625847266154541
0.6628290497230692,0.9625847266154541
0.6628080657206871,0.9624943515589697
0.6627870791062426,0.9624039765024853
0.6627660898792481,0.9623136014460009
0.6627450980392157,0.9622232263895165
0.6627863545816733,0.9622232263895165
0.6628066243307185,0.9621328513330321
0.6627856297864392,0.9620424762765477
0.6628059032318326,0.9619521012200632
0.6627849047203886,0.9618617261635789
0.6628051818634778,0.9617713511070944
0.6627841793833696,0.96168097605061
0.6628254640588015,0.96168097605061
0.662804460225503,0.9615906009941256
0.6628247461217369,0.9615002259376412
0.662845037073961,0.9614098508811568
0.6628240279162513,0.9613194758246724
0.6628653330840656,0.9613194758246724
0.6628856341539421,0.961229100768188
0.662864622288706,0.9611387257117036
0.6628436078040266,0.9610483506552192
0.6628849270664505,0.9610483506552192
0.6628639112274796,0.9609579755987347
0.6628428927680798,0.9608676005422503
0.6628218716877611,0.9607772254857659
0.6628008479860332,0.9606868504292815
0.662842177464613,0.9606868504292815
0.6628211524070841,0.9605964753727971
0.6628414618934764,0.9605061003163127
0.6628204328572319,0.9604157252598283
0.6628407460545194,0.9603253502033439
0.6628197130380536,0.9602349751468595
0.6627986773972175,0.960144600090375
0.662818992949398,0.9600542250338906
0.6627979533258455,0.9599638499774062
0.6628393135725429,0.9599638499774062
0.6628182725911134,0.9598734749209218
0.6628385969292223,0.9597830998644374
0.6628175519630485,0.959692724807953
0.6627965043695381,0.9596023497514686
0.6628378800174792,0.9596023497514686
0.6628168310650518,0.9595119746949842
0.6627957794842979,0.9594215996384998
0.6628161098969716,0.9593312245820154
0.6627950543274634,0.9592408495255309
0.6628364453881221,0.9592408495255309
0.6628567859596527,0.9591504744690466
0.6628357276702062,0.9590600994125621
0.662856071964018,0.9589697243560777
0.6628764213419968,0.9588793492995933
0.6628967758060484,0.9587889742431089
0.6629171353580803,0.9586985991866245
0.6629585650896819,0.9586985991866245
0.6629375,0.9586082241301401
0.6629164322770174,0.9585178490736557
0.6629578697337167,0.9585178490736557
0.6629993123710696,0.9585178490736557
0.6629782445611403,0.9584274740171712
0.6629986244841816,0.9583370989606869
0.6630400800350154,0.9583370989606869
0.6630190095047523,0.9582467239042024
0.6629979363391908,0.958156348847718
0.6630393996247654,0.958156348847718
0.6630597948461346,0.9580659737912336
0.6630387189591543,0.9579755987347492
0.6630176404353809,0.9578852236782648
0.6630380380380381,0.9577948486217804
0.663016955515235,0.957704473565296
0.6629958703541484,0.9576140985088115
0.6629747825542832,0.9575237234523272
0.6629536921151439,0.9574333483958427
0.6629740893728877,0.9573429733393584
0.6630155849032985,0.9573429733393584
0.6629944917376064,0.9572525982828739
0.6629733959311425,0.9571622232263896
0.662993802040944,0.9570718481699051
0.6630142132615365,0.9569814731134207
0.66303462959484,0.9568910980569363
0.6630550510427757,0.9568007230004518
0.6630339471376675,0.9567103479439675
0.663012840588788,0.956619972887483
0.6629917313956402,0.9565295978309987
0.6629706195577273,0.9564392227745142
0.6630121538654304,0.9564392227745142
0.6629910406616126,0.9563488477180299
0.6630325814536341,0.9563488477180299
0.66301146688389,0.9562584726615454
0.6629903496678782,0.956168097605061
0.6629692298051012,0.9560777225485766
0.6629481072950614,0.9559873474920921
0.6629269821372611,0.9558969724356078
0.6629058543312022,0.9558065973791233
0.6629474080110324,0.9558065973791233
0.6629262788365096,0.955716222322639
0.6629051470127265,0.9556258472661545
0.6628840125391849,0.9555354722096702
0.6629255752711769,0.9555354722096702
0.6629044394281415,0.9554450971531857
0.662883300934345,0.9553547220967014
0.6628621597892889,0.9552643470402169
0.662903731577297,0.9552643470402169
0.662882589061716,0.9551739719837324
0.6628614438938719,0.9550835969272481
0.6629030234600427,0.9550835969272481
0.6629234629861982,0.9549932218707636
0.6629023150762281,0.9549028468142793
0.6628811645124859,0.9548124717577948
0.6629016064257028,0.9547220967013105
0.6629220534705661,0.954631721644826
0.6629425056490083,0.9545413465883417
0.6629213483146067,0.9544509715318572
0.6629001883239172,0.9543605964753727
0.6629418042563877,0.9543605964753727
0.6629622653355937,0.9542702214188884
0.6629827315541601,0.9541798463624039
0.6629615674453655,0.9540894713059196
0.6630032029140237,0.9540894713059196
0.6629820374324834,0.9539990962494351
0.6630025125628141,0.9539087211929508
0.6629813430491865,0.9538183461364663
0.6630018219513727,0.953727971079982
0.6629806484041216,0.9536375960234975
0.6630223060006284,0.9536375960234975
0.6630011310795526,0.953547220967013
0.6630216189039718,0.9534568459105287
0.6630004399472064,0.9533664708540442
0.6630209315481803,0.9532760957975599
0.6629997485541865,0.9531857207410754
0.6630414283020054,0.9531857207410754
0.6630619302106255,0.9530953456845911
0.6630407444668008,0.9530049706281066
0.6630195560586053,0.9529145955716223
0.663061250157213,0.9529145955716223
0.6630817610062893,0.9528242205151378
0.6631022770159769,0.9527338454586534
0.6631439894319683,0.9527338454586534
0.6631227981882235,0.952643470402169
0.6631433245249779,0.9525530953456846
0.6631638560281903,0.9524627202892002
0.6631426593669373,0.9523723452327157
0.6631214600377596,0.9522819701762314
0.6631002580401536,0.9521915951197469
0.6630790533736153,0.9521012200632626
0.6630995845398464,0.9520108450067781
0.6630783758262512,0.9519204699502937
0.6630989107851162,0.9518300948938093
0.663077698022919,0.9517397198373249
0.6630982367758187,0.9516493447808405
0.6630770199634738,0.951558969724356
0.6630558004786498,0.9514685946678717
0.6630975625118095,0.9514685946678717
0.6631393298059964,0.9514685946678717
0.6631181102362205,0.9513782196113872
0.6631386631386631,0.9512878445549029
0.663117439516129,0.9511974694984184
0.6631379962192817,0.951107094441934
0.6631167685424413,0.9510167193854496
0.6630955381900681,0.9509263443289652
0.6631373290477091,0.9509263443289652
0.6631160973150132,0.9508359692724808
0.6631578947368421,0.9508359692724808
0.663178465611801,0.9507455942159964
0.6632202748707603,0.9507455942159964
0.6631990416745477,0.950655219159512
0.6631778058007566,0.9505648441030276
0.6631565672488807,0.9504744690465432
0.6631771457400517,0.9503840939900587
0.6632189707366297,0.9503840939900587
0.663197729422895,0.9502937189335743
0.6631764854295445,0.9502033438770899
0.6631552387560714,0.9501129688206055
0.6631758248690934,0.9500225937641211
0.6631545741324921,0.9499322187076367
0.6631333207142407,0.9498418436511523
0.6631120646138314,0.9497514685946679
0.6631326517733181,0.9496610935381835
0.6631532441302701,0.949570718481699
0.663131982579057,0.9494803434252146
0.6631525787513415,0.9493899683687302
0.6631731801250079,0.9492995933122458
0.6631937867020269,0.9492092182557614
0.66321439848437,0.949118843199277
0.66323501547401,0.9490284681427926
0.6632137443153108,0.9489380930863082
0.6631924704693323,0.9488477180298238
0.663213089898288,0.9487573429733394
0.6632337145384469,0.9486669679168549
0.6632543443917851,0.9485765928603705
0.6632749794602794,0.9484862178038861
0.6632536973833902,0.9483958427474017
0.6632324126161431,0.9483054676909173
0.6632111251580278,0.9482150926344329
0.663253050129591,0.9482150926344329
0.6632736928621104,0.9481247175779485
0.6633156297420334,0.9481247175779485
0.6632943408156813,0.9480343425214641
0.6632730491969141,0.9479439674649797
0.6632937009865925,0.9478535924084952
0.663314358001265,0.9477632173520109
0.6632930609146689,0.9476728422955264
0.6633137217688366,0.947582467239042
0.6632924205997722,0.9474920921825576
0.6632711167352103,0.9474017171260732
0.6632498101746394,0.9473113420695888
0.6632285009175473,0.9472209670131044
0.6632704720921402,0.9472209670131044
0.6632491614454782,0.94713059195662
0.6632698272042534,0.9470402169001355
0.66329049819586,0.9469498418436512
0.6633324892377818,0.9469498418436512
0.6633111744222855,0.9468594667871667
0.6632898569076865,0.9467690917306824
0.6633105369807497,0.9466787166741979
0.6633525425875498,0.9466787166741979
0.6633312222925902,0.9465883416177135
0.6633519128451989,0.9464979665612291
0.6633305884588585,0.9464075915047447
0.6633092613708349,0.9463172164482603
0.6632879315806145,0.9462268413917758
0.6633086232021795,0.9461364663352915
0.6632872893169434,0.946046091278807
0.6633079847908745,0.9459557162223227
0.6633286855114716,0.9458653411658382
0.6633493914807302,0.9457749661093539
0.663391442155309,0.9457749661093539
0.6633701027006467,0.9456845910528694
0.6633487605401636,0.945594215996385
0.6633908191732184,0.945594215996385
0.6633694756198085,0.9455038409399006
0.6633901959540871,0.9454134658834161
0.6633688483003551,0.9453230908269318
0.663410921544999,0.9453230908269318
0.6633895724977801,0.9452327157704473
0.6634103019538188,0.945142340713963
0.6634310366704733,0.9450519656574785
0.6634096821267687,0.9449615906009942
0.6634304207119741,0.9448712155445097
0.6634090620637136,0.9447808404880254
0.6633877007044489,0.9446904654315409
0.6634298045189134,0.9446904654315409
0.6634084417645192,0.9446000903750564
0.6634291880911573,0.9445097153185721
0.6634078212290503,0.9444193402620876
0.6633864516538632,0.9443289652056033
0.6634072004571718,0.9442385901491188
0.6633858267716536,0.9441482150926345
0.6633644503714994,0.94405784003615
0.6633852016513179,0.9439674649796657
0.6633638211382114,0.9438770899231812
0.6634059582036461,0.9438770899231812
0.6633845762927201,0.9437867148666967
0.6633631916650785,0.9436963398102124
0.6633418043202033,0.9436059647537279
0.663383950695724,0.9436059647537279
0.6633625619519634,0.9435155896972436
0.6634047150028595,0.9435155896972436
0.6634254845884969,0.9434252146407591
0.6634676496758611,0.9434252146407591
0.6634462594546494,0.9433348395842748
0.6634248665141114,0.9432444645277903
0.6634034708537283,0.943154089471306
0.6634242482039545,0.9430637144148215
0.6634028484231943,0.942973339358337
0.6633814459210275,0.9428829643018527
0.6634236296578914,0.9428829643018527
0.6634022257551669,0.9427925892453682
0.6633808191299924,0.9427022141888839
0.6633594097818483,0.9426118391323994
0.663337997710215,0.9425214640759151
0.6633165829145728,0.9424310890194306
0.663295165394402,0.9423407139629463
0.6632737451491825,0.9422503389064618
0.6633159435042626,0.9422503389064618
0.6632945218553159,0.9421599638499774
0.6632730974802749,0.942069588793493
0.6632938780705103,0.9419792137370085
0.6633360911347292,0.9419792137370085
0.6633146639511202,0.9418888386805242
0.6633354551241247,0.9417984636240397
0.6633140238080082,0.9417080885675554
0.6633348188705672,0.9416177135110709
0.663313383420349,0.9415273384545866
0.6633341823739175,0.9414369633981021
0.6633549866259075,0.9413465883416177
0.663333545634036,0.9412562132851333
0.663312101910828,0.9411658382286489
0.6633329086507835,0.9410754631721645
0.6633537206931702,0.94098508811568
0.6633745380400153,0.9408947130591957
0.6633530873637927,0.9408043380027112
0.663331633953607,0.9407139629462269
0.6633101778089351,0.9406235878897424
0.6633309962394034,0.940533212833258
0.6633732789393166,0.940533212833258
0.663351819978326,0.9404428377767736
0.6633726490277335,0.9403524627202892
0.6634149451670492,0.9403524627202892
0.6633934833896576,0.9402620876638048
0.663414323066131,0.9401717126073204
0.6633928571428571,0.940081337550836
0.6634137007271336,0.9399909624943515
0.6634560183708618,0.9399909624943515
0.6634345496300077,0.9399005874378672
0.6634554038535154,0.9398102123813827
0.6634762633996937,0.9397198373248983
0.6635186012379555,0.9397198373248983
0.6634971282705807,0.9396294622684139
0.6635179984682155,0.9395390872119295
0.6634965213506095,0.9394487121554451
0.6634750414911272,0.9393583370989607
0.6634959141981613,0.9392679620424763
0.6635382749154057,0.9392679620424763
0.6635167922359851,0.9391775869859919
0.6635591596960603,0.9391775869859919
0.6635376756066411,0.9390872119295075
0.6635585643121726,0.938996836873023
0.6635370760682123,0.9389064618165386
0.6635579687000959,0.9388160867600542
0.6635788666709257,0.9387257117035698
0.6635573728596984,0.9386353366470854
0.6635358763018337,0.938544961590601
0.6635567767908492,0.9384545865341166
0.663577682622867,0.9383642114776322
0.6635985937999361,0.9382738364211478
0.6636195103241066,0.9381834613646634
0.6636404321974299,0.9380930863081789
0.6636189258312021,0.9380027112516945
0.6636613594219579,0.9380027112516945
0.6636822919997442,0.9379123361952101
0.663703229932843,0.9378219611387257
0.6637241732233097,0.9377315860822413
0.6637026612077789,0.9376412110257569
0.6636811464397672,0.9375508359692725
0.663659628918746,0.9374604609127881
0.6637020922643804,0.9374604609127881
0.6636805733299207,0.9373700858563037
0.6636590516413899,0.9372797107998192
0.6637015231025214,0.9372797107998192
0.6637224782386073,0.9371893357433349
0.6637009537220764,0.9370989606868504
0.6637434387402381,0.9370989606868504
0.6637219128096793,0.937008585630366
0.6637428772648697,0.9369182105738816
0.6637213471635293,0.9368278355173972
0.6637423155737705,0.9367374604609128
0.6637632893557064,0.9366470854044284
0.6638058028565939,0.9366470854044284
0.6637842685114015,0.936556710347944
0.663762731407341,0.9364663352914595
0.6638052530429212,0.9364663352914595
0.6637837145236722,0.9363759602349752
0.66376217324449,0.9362855851784907
0.663740629204844,0.9361952101220063
0.6637190824042035,0.9361048350655219
0.6636975328420378,0.9360144600090375
0.6637400666495771,0.9360144600090375
0.6637610562748366,0.9359240849525531
0.6637395038779565,0.9358337098960687
0.6637179487179488,0.9357433348395843
0.6636963907942817,0.9356529597830998
0.6637389408898576,0.9356529597830998
0.6637173815477335,0.9355625847266155
0.6637599384457553,0.9355625847266155
0.6637383776851555,0.935472209670131
0.6637593792086193,0.9353818346136467
0.663737814263725,0.9352914595571622
0.6637162465524983,0.9352010845006778
0.6636946760744067,0.9351107094441934
0.663715678727226,0.935020334387709
0.6637366867701784,0.9349299593312246
0.6637577002053389,0.9348395842747401
0.6637787190347837,0.9347492092182558
0.6637997432605905,0.9346588341617713
0.6637781629116117,0.934568459105287
0.6637565797920144,0.9344780840488025
0.6637349939012647,0.9343877089923182
0.6637134052388289,0.9342973339358337
0.6637560192616372,0.9342973339358337
0.6637344291768332,0.9342069588793493
0.6637128363192706,0.9341165838228649
0.6637554585152838,0.9341165838228649
0.6637338642347954,0.9340262087663804
0.6637764932562621,0.9340262087663804
0.6637548975528293,0.9339358337098961
0.6637759362754545,0.9338454586534116
0.6637543363741488,0.9337550835969273
0.663732733697398,0.9336647085404428
0.6637537749791171,0.9335743334839585
0.6637321681017864,0.933483958427474
0.6637532133676093,0.9333935833709897
0.6637316022880648,0.9333032083145052
0.6637099884303895,0.9332128332580207
0.6636883717940477,0.9331224582015364
0.6637094181935069,0.9330320831450519
0.6637304700057867,0.9329417080885676
0.6637088477366255,0.9328513330320831
0.6636872226866439,0.9327609579755988
0.6636655948553055,0.9326705829191143
0.6636866478003601,0.93258020786263
0.6637077061623569,0.9324898328061455
0.6637287699433865,0.932399457749661
0.6637498391455411,0.9323090826931767
0.6637282028183514,0.9322187076366922
0.6637065637065637,0.9321283325802079
0.663727635474321,0.9320379575237234
0.6637487126673532,0.9319475824672391
0.6637270679111683,0.9318572074107546
0.663748149101912,0.9317668323542703
0.6637265001287664,0.9316764572977858
0.6637048483677805,0.9315860822413013
0.663683193818416,0.931495707184817
0.6636615364801339,0.9314053321283325
0.6636398763523956,0.9313149570718482
0.6636182134346622,0.9312245820153637
0.6636609558160504,0.9312245820153637
0.6636820407111569,0.9311342069588794
0.6637031310398145,0.9310438319023949
0.6636814638232073,0.9309534568459106
0.6637025581545203,0.9308630817894261
0.6636808867122052,0.9307727067329417
0.6637236579235677,0.9307727067329417
0.6637019850476927,0.9306823316764573
0.6636803093780212,0.9305919566199728
0.6636586309140131,0.9305015815634885
0.6636797318205261,0.930411206507004
0.6637008381689232,0.9303208314505197
0.6636791540395899,0.9302304563940352
0.6637219499613103,0.9302304563940352
0.663700264396724,0.9301400813375509
0.6637213801999355,0.9300497062810664
0.663742501451332,0.929959331224582
0.6637208102180364,0.9298689561680976
0.6637636281530224,0.9298689561680976
0.663741935483871,0.9297785811116132
0.6637202400154849,0.9296882060551288
0.6637630662020906,0.9296882060551288
0.6637413692972833,0.9295978309986443
0.6637625040335592,0.92950745594216
0.6637408028914419,0.9294170808856755
0.6637190989479119,0.9293267058291912
0.6636973922024271,0.9292363307727067
0.6636756826544445,0.9291459557162223
0.6636968170960036,0.9290555806597379
0.6637179569961904,0.9289652056032535
0.6637391023571197,0.9288748305467691
0.6637173856884526,0.9287844554902847
0.663738535072988,0.9286940804338003
0.6637168141592921,0.9286037053773158
0.6636950904392764,0.9285133303208315
0.6636733639123974,0.928422955264347
0.6636945144407831,0.9283325802078626
0.6637156704361874,0.9282422051513782
0.6637368319007303,0.9281518300948938
0.6637150982419855,0.9280614550384094
0.663693361773641,0.927971079981925
0.6637145258258452,0.9278807049254406
0.6637356953513933,0.9277903298689562
0.6637786111470322,0.9277903298689562
0.6637568703524087,0.9276999548124718
0.6637780508310159,0.9276095797559873
0.6637563057819169,0.9275192046995029
0.6637345579199275,0.9274288296430185
0.6637557409923022,0.9273384545865341
0.6637339888730754,0.9272480795300497
0.6637551759834368,0.9271577044735653
0.6637334196053057,0.9270673294170809
0.6637546107551932,0.9269769543605965
0.6637758073911074,0.9268865793041121
0.663797009515179,0.9267962042476277
0.6638182171295397,0.9267058291911432
0.6638394302363224,0.9266154541346588
0.663860648837661,0.9265250790781744
0.6639036394249449,0.9265250790781744
0.6638818729356907,0.92643470402169
0.6639031025325475,0.9263443289652056
0.6638813317787278,0.9262539539087212
0.6638595582043143,0.9261635788522368
0.6638807904114027,0.9260732037957524
0.6638590125696514,0.925982828739268
0.6638372319056567,0.9258924536827835
0.6638154484188699,0.9258020786262992
0.6638584667228307,0.9258020786262992
0.6638797070451746,0.9257117035698147
0.6638579206637283,0.9256213285133303
0.6638791650460262,0.9255309534568459
0.6639222042139384,0.9255309534568459
0.6639004149377593,0.9254405784003615
0.6638786228360242,0.9253502033438771
0.6639216703410712,0.9253502033438771
0.6639429312581063,0.9252598282873927
0.6639211362604579,0.9251694532309083
0.6639424012453785,0.9250790781744238
0.6639206019719772,0.9249887031179395
0.6639418710263397,0.924898328061455
0.6639200674755077,0.9248079530049707
0.6639631456008305,0.9248079530049707
0.6639413406008695,0.9247175779484862
0.663984425697599,0.9247175779484862
0.6639626192484911,0.9246272028920018
0.6639408099688473,0.9245368278355174
0.6639189978581165,0.924446452779033
0.6639620926911592,0.924446452779033
0.6639833809400156,0.9243560777225486
0.6640046747175692,0.9242657026660641
0.6639828582559574,0.9241753276095798
0.663961038961039,0.9240849525530953
0.6640041561140334,0.9240849525530953
0.6639823353682296,0.923994577496611
0.6640036373083917,0.9239042024401265
0.6640249447836819,0.9238138273836421
0.6640031183005262,0.9237234523271577
0.6640244298616075,0.9236330772706733
0.6640025990903183,0.9235427022141889
0.6639807654818377,0.9234523271577044
0.6640239147387574,0.9234523271577044
0.6640452359287664,0.9233619521012201
0.6640883977900552,0.9233619521012201
0.6640665626625065,0.9232715770447356
0.6640447246960931,0.9231812019882513
0.6640878949421402,0.9231812019882513
0.6640660555230479,0.9230908269317668
0.6640442132639792,0.9230004518752825
0.66402236816438,0.922910076818798
0.6640005202236962,0.9228197017623136
0.6640218522372529,0.9227293267058292
0.664,0.9226389516493447
0.6640213361087621,0.9225485765928604
0.6639994795732501,0.9224582015363759
0.6640426777698263,0.9224582015363759
0.6640640249853601,0.9223678264798916
0.6640421655387819,0.9222774514234071
0.664063516855395,0.9221870763669228
0.6640416531077123,0.9220967013104383
0.6640630085269804,0.922006326253954
0.6640411404765004,0.9219159511974695
0.6640625,0.921825576140985
0.6640838650865998,0.9217352010845007
0.6640619912743374,0.9216448260280162
0.6641052357384736,0.9216448260280162
0.6640833604689026,0.9215544509715319
0.6641047352308995,0.9214640759150474
0.6640828556539865,0.9213737008585631
0.6641042345276873,0.9212833258020786
0.6640823506417356,0.9211929507455943
0.6641256189731561,0.9211929507455943
0.6641037336287222,0.9211025756891098
0.6640818454320344,0.9210122006326253
0.6641032325338895,0.920921825576141
0.664081340024767,0.9208314505196565
0.6641246252118368,0.9208314505196565
0.6641460234680574,0.9207410754631722
0.6641674273047333,0.9206507004066877
0.6641888367240479,0.9205603253502034
0.6642102517281857,0.9204699502937189
0.6641883519206939,0.9203795752372346
0.6641664492564571,0.9202892001807501
0.6641878669275929,0.9201988251242657
0.6641659599452019,0.9201084500677813
0.6641873817446337,0.9200180750112968
0.6641654704423855,0.9199276999548125
0.6641435562805873,0.919837324898328
0.6641216392586792,0.9197469498418437
0.6641430622634121,0.9196565747853592
0.6641644908616188,0.9195661997288749
0.664142568052745,0.9194758246723904
0.6641640007834433,0.919385449615906
0.6641420736484722,0.9192950745594216
0.6641635105132558,0.9192046995029372
0.66414157905048,0.9191143244464528
0.6641630200509437,0.9190239493899683
0.6641844666536024,0.918933574333484
0.6641625293963941,0.9188431992769995
0.6641839801385078,0.9187528242205152
0.6641620385494936,0.9186624491640307
0.6641834934326603,0.9185720741075463
0.6641615475101293,0.9184816990510619
0.6641830065359478,0.9183913239945775
0.6641610562781881,0.9183009489380931
0.6641825194482578,0.9182105738816086
0.6642039882314482,0.9181201988251243
0.6642474172878253,0.9181201988251243
0.6642254626299614,0.9180298237686398
0.6642469426460009,0.9179394487121555
0.6642684282817712,0.917849073655671
0.6642464678178964,0.9177586985991866
0.664289919539478,0.9177586985991866
0.664267957608269,0.9176683235427022
0.664245992803402,0.9175779484862178
0.6642894530227689,0.9175779484862178
0.6642674867499836,0.9174875734297334
0.6642889863228846,0.917397198373249
0.6642670157068062,0.9173068233167646
0.6642885194397172,0.9172164482602801
0.664266544478628,0.9171260732037958
0.6642880523731588,0.9170356981473113
0.664309565900609,0.9169453230908269
0.6642875851231012,0.9168549480343425
0.6643310850631917,0.9168549480343425
0.664309102815979,0.9167645729778581
0.6642871176894362,0.9166741979213737
0.6643086395493548,0.9165838228648893
0.6643301670488044,0.9164934478084049
0.664351700190002,0.9164030727519205
0.6643297077709344,0.9163126976954361
0.6643732389751654,0.9163126976954361
0.6643512450851901,0.9162223226389516
0.6643292483124713,0.9161319475824672
0.6643072486564425,0.9160415725259828
0.6642852461165367,0.9159511974694984
0.6643287886733089,0.9159511974694984
0.664306784660767,0.915860822413014
0.6643283288533404,0.9157704473565296
0.6643498786964789,0.9156800723000452
0.6643714341924061,0.9155896972435608
0.6643494228751312,0.9154993221870764
0.6643709825528007,0.915408947130592
0.664348966874385,0.9153185720741075
0.6643925478876935,0.9153185720741075
0.6644141188820365,0.9152281970176231
0.6643921002558887,0.9151378219611387
0.6644356955380577,0.9151378219611387
0.6644136754380209,0.9150474469046543
0.6643916524478278,0.9149570718481699
0.6644132318193752,0.9148666967916855
0.6644348168570303,0.9147763217352011
0.6644127880259962,0.9146859466787167
0.6644343772569102,0.9145955716222323
0.664455972158382,0.9145051965657478
0.664477572732646,0.9144148215092635
0.6644991789819376,0.914324446452779
0.6644771413557541,0.9142340713962946
0.664455100834264,0.9141436963398102
0.6644987518065957,0.9141436963398102
0.6644767098088168,0.9140533212833258
0.664454664914586,0.9139629462268414
0.6644762780917335,0.913872571170357
0.6645199447985806,0.913872571170357
0.6644978969505784,0.9137821961138726
0.6644758462044036,0.9136918210573881
0.6644537925594847,0.9136014460009038
0.6644317360152501,0.9135110709444193
0.664409676571128,0.913420695887935
0.6643876142265466,0.9133303208314505
0.664431295200526,0.9133303208314505
0.6644092313761588,0.9132399457749661
0.6643871646501841,0.9131495707184817
0.6644308542118761,0.9131495707184817
0.6644087860055241,0.9130591956619973
0.6643867148964157,0.9129688206055129
0.6644083404591199,0.9128784455490284
0.6644299717123874,0.9127880704925441
0.6644516086584644,0.9126976954360596
0.6644295302013423,0.9126073203795753
0.6644074488385866,0.9125169453230908
0.6644290885159592,0.9124265702666065
0.6644728182177175,0.9124265702666065
0.6644507338906075,0.912336195210122
0.6644286466561348,0.9122458201536376
0.6644502962475313,0.9121554450971532
0.6644940417407335,0.9121554450971532
0.66447195154069,0.9120650700406687
0.6644498584315534,0.9119746949841844
0.6644936125378639,0.9119746949841844
0.6645373724069805,0.9119746949841844
0.6645152792413066,0.9118843199276999
0.6645369516532736,0.9117939448712156
0.6645586297760211,0.9117035698147311
0.6646024112260359,0.9117035698147311
0.6645803136118066,0.9116131947582468
0.6646020031628888,0.9115228197017623
0.6645799011532125,0.911432444645278
0.6646236984315276,0.911432444645278
0.6646675014828972,0.911432444645278
0.6646453994199841,0.9113420695887935
0.6646232944433459,0.911251694532309
0.6646671061305207,0.911251694532309
0.6646449996703804,0.9111613194758247
0.6646667106217445,0.9110709444193402
0.6646884272997032,0.9109805693628559
0.6647101497065224,0.9108901943063714
0.6647318778444694,0.9107998192498871
0.6647097625329815,0.9107094441934026
0.6647536117158124,0.9107094441934026
0.6647753513228212,0.9106190691369183
0.6647970966677664,0.9105286940804338
0.6647749769037877,0.9104383190239493
0.6647967265047519,0.910347943967465
0.6648406045805557,0.910347943967465
0.6648184818481848,0.9102575689109805
0.6647963561951284,0.9101671938544962
0.6648181157985079,0.9100768187980117
0.6647959857388089,0.9099864437415274
0.6647738527566853,0.9098960686850429
0.6648177496038035,0.9098960686850429
0.6647956151357063,0.9098056936285586
0.6648395192180689,0.9098056936285586
0.6648173832639852,0.9097153185720741
0.6648391571438008,0.9096249435155896
0.6648170167789669,0.9095345684591053
0.6648609367774327,0.9095345684591053
0.6648387949260042,0.9094441934026208
0.6648166501486621,0.9093538183461365
0.6648605788291265,0.9093538183461365
0.6648823684906159,0.909263443289652
0.6649263102240434,0.909263443289652
0.6649041639127561,0.9091730682331677
0.6649259650978319,0.9090826931766832
0.6649699213327164,0.9090826931766832
0.664947772048129,0.9089923181201989
0.6649256198347108,0.9089019430637144
0.6649034646918804,0.90881156800723
0.6648813066190571,0.9087211929507456
0.6648591456156593,0.9086308178942611
0.6648369816811057,0.9085404428377768
0.6648148148148149,0.9084500677812923
0.6647926450162048,0.908359692724808
0.6647704722846938,0.9082693176683235
0.6647922730881185,0.9081789426118392
0.6647700959311942,0.9080885675553547
0.6647479158396189,0.9079981924988703
0.6647257328128101,0.9079078174423859
0.6647697194282689,0.9079078174423859
0.6647475349083449,0.9078174423859015
0.664769342775829,0.9077270673294171
0.6647471538257876,0.9076366922729326
0.6647249619381743,0.9075463172164483
0.6647027671124056,0.9074559421599638
0.6647245762711864,0.9073655671034795
0.6647023770111898,0.907275192046995
0.6647463912064627,0.907275192046995
0.6647241904509635,0.9071848169905106
0.6647682119205298,0.9071848169905106
0.6647460096695146,0.9070944419340262
0.6647678346691396,0.9070040668775418
0.6647896654521365,0.9069136918210574
0.6647674572677885,0.906823316764573
0.6647452461405949,0.9067329417080886
0.6647892923403127,0.9067329417080886
0.6647670797163873,0.9066425666516041
0.6647889190801246,0.9065521915951198
0.6648329798515377,0.9065521915951198
0.6648107642341088,0.9064618165386353
0.6647885456714835,0.9063714414821509
0.6647663241630759,0.9062810664256665
0.6648103951206576,0.9062810664256665
0.6647881721143009,0.9061906913691821
0.6647659461609866,0.9061003163126977
0.6648100258603541,0.9061003163126977
0.6647877984084881,0.9060099412562133
0.6647655680084886,0.9059195661997289
0.6647433346597692,0.9058291911432444
0.6647874245539563,0.9058291911432444
0.6647651897054921,0.9057388160867601
0.6647429519071311,0.9056484410302756
0.6647870505506169,0.9056484410302756
0.6647648112519073,0.9055580659737912
0.664786676398381,0.9054676909173068
0.6648085473488619,0.9053773158608224
0.6647863020971595,0.905286940804338
0.6648081773529803,0.9051965657478536
0.6647859276468636,0.9051061906913692
0.664830058417419,0.9051061906913692
0.6648078072097192,0.9050158156348848
0.6648296925834938,0.9049254405784004
0.6648074369189907,0.904835065521916
0.6648515837705027,0.904835065521916
0.6648293266037987,0.9047446904654315
0.6648734807730624,0.9047446904654315
0.6649176408076515,0.9047446904654315
0.6648953835934905,0.9046543154089471
0.6648731234223462,0.9045639403524627
0.6649172922341061,0.9045639403524627
0.6649392066972294,0.9044735652959783
0.6649611269851817,0.9043831902394939
0.6649388623072834,0.9042928151830095
0.6649607869201116,0.9042024401265251
0.6649385177799934,0.9041120650700407
0.6649827173624037,0.9041120650700407
0.6649604467194044,0.9040216900135563
0.6649381731152773,0.9039313149570718
0.6649158965494315,0.9038409399005874
0.6648936170212766,0.903750564844103
0.6649378283130527,0.903750564844103
0.6649597659107535,0.9036601897876186
0.6649374833732375,0.9035698147311342
0.664981709344862,0.9035698147311342
0.6649594253026473,0.9034794396746498
0.6649371382957493,0.9033890646181654
0.6649148483235764,0.903298689561681
0.6648925553855366,0.9032083145051966
0.6649144986359704,0.9031179394487121
0.664936447727424,0.9030275643922278
0.6649584026622296,0.9029371893357433
0.6650026624068157,0.9029371893357433
0.6649803634427212,0.902846814279259
0.6649580615097856,0.9027564392227745
0.6650023300712337,0.9027564392227745
0.6650466045272969,0.9027564392227745
0.6650243025501033,0.9026660641662901
0.6650019976028766,0.9025756891098057
0.6650239744272776,0.9024853140533213
0.665001665001665,0.9023949389968369
0.6650236461733164,0.9023045639403524
0.6650456332023184,0.9022141888838681
0.6650233177881413,0.9021238138273836
0.6650453091684435,0.9020334387708993
0.6650229892716732,0.9019430637144148
0.6650449850049983,0.9018526886579304
0.6650669866026795,0.901762313601446
0.665044660711905,0.9016719385449616
0.6650223318445437,0.9015815634884772
0.6650666666666667,0.9015815634884772
0.665044336289086,0.9014911884319927
0.6650663466026538,0.9014008133755084
0.6650440117364631,0.9013104383190239
0.6650883627875959,0.9013104383190239
0.6650660264105642,0.9012200632625396
0.6651103848462616,0.9012200632625396
0.6651324127810019,0.9011296882060551
0.6651767845230153,0.9011296882060551
0.665154446594169,0.9010393131495708
0.6651764862881163,0.9009489380930863
0.6651541438676097,0.900858563036602
0.6651985318651985,0.900858563036602
0.6651761879337961,0.9007681879801175
0.6651982378854625,0.900677812923633
0.6651758894599826,0.9005874378671487
0.6651535380507343,0.9004970628106642
0.6651755908666044,0.9004066877541799
0.6651976495726496,0.9003163126976954
0.6651752921535893,0.9002259376412111
0.665197355239431,0.9001355625847266
0.665219424220159,0.9000451875282423
0.6652638610554442,0.9000451875282423
0.6652414990981361,0.8999548124717578
0.6652191341528594,0.8998644374152733
0.6651967662190151,0.899774062358789
0.6651743952960043,0.8996836873023045
0.6651520213832275,0.8995933122458202
0.665196471531676,0.8995933122458202
0.6651740961037225,0.8995029371893357
0.6651961767261547,0.8994125621328514
0.6651737967914438,0.8993221870763669
0.6652182632528912,0.8993221870763669
0.66519588180238,0.8992318120198826
0.665173497359096,0.8991414369633981
0.6651955867602808,0.8990510619069136
0.6652176820704875,0.8989606868504293
0.665195291599786,0.8988703117939448
0.6651728981339041,0.8987799367374605
0.6651949963208241,0.898689561680976
0.6652171004214893,0.8985991866244917
0.665194700923324,0.8985088115680072
0.6651722984275678,0.8984184365115229
0.6651498929336188,0.8983280614550384
0.6651719983937893,0.898237686398554
0.665194109772423,0.8981473113420696
0.6652162270718972,0.8980569362855851
0.6651938140188793,0.8979665612291008
0.6651713979646492,0.8978761861726163
0.6651935181465113,0.897785811116132
0.6651710975691422,0.8976954360596475
0.6651932221552475,0.8976050610031632
0.6651707970529136,0.8975146859466787
0.6652153526693013,0.8975146859466787
0.6651929260450161,0.8974243108901943
0.6651704964158907,0.8973339358337099
0.6651480637813212,0.8972435607772254
0.6651256281407035,0.8971531857207411
0.6651701956580005,0.8971531857207411
0.6651477584936005,0.8970628106642566
0.6651253183219408,0.8969724356077723
0.6651028751424167,0.8968820605512878
0.66514745308311,0.8968820605512878
0.6651250083785777,0.8967916854948035
0.6651471475497754,0.896701310438319
0.665124698310539,0.8966109353818346
0.6651468418935229,0.8965205603253502
0.665168991416309,0.8964301852688658
0.6651465361142781,0.8963398102123814
0.6651240778001342,0.896249435155897
0.6651462302119667,0.8961590600994126
0.6651237673576172,0.8960686850429281
0.6651683885683617,0.8960686850429281
0.6652130157665213,0.8960686850429281
0.6651905528717122,0.8959783099864438
0.6652127231244128,0.8958879349299593
0.6651902556875378,0.8957975598734749
0.665234899328859,0.8957975598734749
0.665212430364454,0.8957071848169905
0.6651899583836757,0.8956168097605061
0.6652121374865736,0.8955264347040217
0.6651896609600537,0.8954360596475373
0.665167181415335,0.8953456845910529
0.6652118444907004,0.8953456845910529
0.6651893634165995,0.8952553095345684
0.6652340339802565,0.8952553095345684
0.6652115513767629,0.8951649344780841
0.6651890657532407,0.8950745594215996
0.6651665771090811,0.8949841843651152
0.66521125814469,0.8949841843651152
0.665233456499832,0.8948938093086308
0.665255660821071,0.8948034342521464
0.6652778711108125,0.894713059195662
0.665255376344086,0.8946226841391776
0.6652328785536662,0.8945323090826932
0.6652550917523694,0.8944419340262088
0.6652325894057542,0.8943515589697244
0.6652100840336135,0.8942611839132399
0.6651875756353368,0.8941708088567555
0.6652323001411955,0.8941708088567555
0.6652097902097902,0.8940804338002711
0.6651872772510254,0.8939900587437867
0.665209496267402,0.8938996836873023
0.6652317212618551,0.8938093086308179
0.6652092022063769,0.8937189335743335
0.6652314316469322,0.8936285585178491
0.6652089080266433,0.8935381834613647
0.6652536670703808,0.8935381834613647
0.6652759084791386,0.8934478084048803
0.6653206810687126,0.8934478084048803
0.6652981558756226,0.8933574333483958
0.6652756276502658,0.8932670582919114
0.6652530963920301,0.893176683235427
0.665230562100303,0.8930863081789426
0.6652753467079574,0.8930863081789426
0.6652976030164288,0.8929959331224582
0.6653198653198653,0.8929055580659738
0.6652973264192875,0.8928151830094894
0.6652747844827587,0.892724807953005
0.6653195931838082,0.892724807953005
0.6652970497103597,0.8926344328965206
0.6653193209377526,0.8925440578400361
0.6652967728895776,0.8924536827835517
0.6652742218029916,0.8923633077270673
0.6652516676773802,0.8922729326705829
0.6652291105121294,0.8921825576140985
0.6652065503066245,0.8920921825576141
0.665251381587815,0.8920921825576141
0.6652288198422862,0.8920018075011297
0.665206255055271,0.8919114324446453
0.665228529054874,0.8918210573881609
0.6652059596844873,0.8917306823316764
0.6652508090614887,0.8917306823316764
0.6652282381498213,0.8916403072751921
0.6652056641942009,0.8915499322187076
0.665250522624587,0.8915499322187076
0.6652279471270569,0.8914595571622232
0.6652053685843394,0.8913691821057388
0.6652276559865092,0.8912788070492544
0.66520507285483,0.89118843199277
0.6651824866761115,0.8910980569362856
0.6651598974497369,0.8910076818798012
0.6652047770056002,0.8910076818798012
0.6651821862348178,0.8909173068233167
0.6651595924151428,0.8908269317668324
0.6651818856718634,0.8907365567103479
0.6651592872570194,0.8906461816538636
0.6651366857914276,0.8905558065973791
0.6651140812744701,0.8904654315408947
0.6650914737055289,0.8903750564844103
0.6651363759114232,0.8903750564844103
0.6651137667949497,0.8902846814279259
0.6650911546252533,0.8901943063714415
0.6650685394017152,0.890103931314957
0.6651134521880064,0.890103931314957
0.6650908354156818,0.8900135562584727
0.6651131374535629,0.8899231812019882
0.665090516076736,0.8898328061455039
0.6651354455178005,0.8898328061455039
0.6651128225915417,0.8897424310890194
0.6651577596108371,0.8897424310890194
0.6651351351351351,0.889652056032535
0.665112507601865,0.8895616809760506
0.6650898770104068,0.8894713059195662
0.6651121924844553,0.8893809308630818
0.6650895572828658,0.8892905558065973
0.665134513992159,0.8892905558065973
0.6651118772392348,0.889200180750113
0.6650892374256355,0.8891098056936285
0.6650665945507404,0.8890194306371442
0.6651115618661257,0.8890194306371442
0.6650889174386369,0.8889290555806597
0.6651112463650504,0.8888386805241754
0.6651335813324315,0.8887483054676909
0.6651559223432321,0.8886579304112066
0.6651782693999053,0.8885675553547221
0.6651556156968876,0.8884771802982376
0.6651329589282089,0.8883868052417533
0.6651779672486128,0.8883868052417533
0.6651553089260337,0.8882964301852688
0.6651326475365458,0.8882060551287845
0.6651099830795262,0.8881156800723
0.6651550020305943,0.8881156800723
0.6651323360184119,0.8880253050158157
0.6651096669374492,0.8879349299593312
0.6651320243737305,0.8878445549028469
0.6651093506669375,0.8877541798463624
0.6651543878656555,0.8877541798463624
0.6651317126024243,0.8876638047898779
0.6651090342679128,0.8875734297333936
0.6651540805960041,0.8875734297333936
0.6651314007044161,0.8874830546769091
0.6651087177402967,0.8873926796204248
0.6650860317030213,0.8873023045639403
0.6651084010840108,0.887211929507456
0.6650857104139847,0.8871215544509715
0.6651307765279848,0.8871215544509715
0.6651758487497459,0.8871215544509715
0.6651531580374085,0.8870311793944872
0.6651755456147486,0.8869408043380027
0.6651528502677422,0.8868504292815182
0.6651979392624728,0.8868504292815182
0.6652203389830509,0.8867600542250339
0.6651976405180012,0.8866696791685494
0.6651749389747762,0.8865793041120651
0.6651973416519734,0.8864889290555806
0.6652197504069451,0.8863985539990963
0.6651970426643152,0.8863081789426118
0.6651743318409985,0.8862178038861275
0.6652194559392172,0.8862178038861275
0.6651967435549525,0.886127428829643
0.6652191613516081,0.8860370537731586
0.6652643007396349,0.8860370537731586
0.6652415852334419,0.8859466787166742
0.665264015202932,0.8858563036601897
0.6652412950519242,0.8857659286037054
0.6652185718164539,0.8856755535472209
0.6652637295499287,0.8856755535472209
0.665286170140539,0.8855851784907366
0.6653086168262375,0.8854948034342521
0.6653310696095076,0.8854044283777678
0.6653535284928344,0.8853140533212833
0.6653307974459992,0.8852236782647989
0.6653759934787039,0.8852236782647989
0.665421195652174,0.8852236782647989
0.6653984645696039,0.8851333032083145
0.6654209417680234,0.88504292815183
0.6653982060342485,0.8849525530953457
0.6653754672103296,0.8848621780388612
0.6653527252956368,0.8847718029823769
0.6653299802895398,0.8846814279258924
0.6653072321914084,0.8845910528694081
0.6652844810006118,0.8845006778129236
0.6653069549255558,0.8844103027564392
0.6653294349629428,0.8843199276999548
0.6653066775465796,0.8842295526434704
0.6653519211152669,0.8842295526434704
0.665329162132753,0.884139177586986
0.6653744133850235,0.884139177586986
0.6653516528363488,0.8840488025305016
0.6653969117747092,0.8840488025305016
0.665374149659864,0.8839584274740172
0.6654194162868222,0.8839584274740172
0.6653966526057967,0.8838680524175327
0.6654191616766467,0.8837776773610484
0.665396393331065,0.8836873023045639
0.6654189069624992,0.8835969272480795
0.6653961339504493,0.8835065521915951
0.6654186521443158,0.8834161771351107
0.6653958744638845,0.8833258020786263
0.6653730936819172,0.8832354270221419
0.6654183972220331,0.8832354270221419
0.665395614871306,0.8831450519656575
0.6653728294177732,0.883054676909173
0.6653500408608009,0.8829643018526887
0.6653272491997548,0.8828739267962042
0.6653497718139091,0.8827835517397198
0.6653950953678475,0.8827835517397198
0.6653723005654336,0.8826931766832354
0.6653495026570377,0.882602801626751
0.6653720359771055,0.8825124265702666
0.6653492333901192,0.8824220515137822
0.6653264276952433,0.8823316764572978
0.6653489640130862,0.8822413014008134
0.6653261536364256,0.882150926344329
0.6653715064758009,0.882150926344329
0.6653486945258709,0.8820605512878446
0.6653258794655031,0.8819701762313601
0.6653030612940615,0.8818798011748757
0.6653256051824071,0.8817894261183913
0.6653027823240589,0.8816990510619069
0.6652799563527245,0.8816086760054225
0.665257127267767,0.8815183009489381
0.6653025032398882,0.8815183009489381
0.6653250562794187,0.8814279258924537
0.6653704461727384,0.8814279258924537
0.665347615473835,0.8813375508359693
0.6653930131004366,0.8813375508359693
0.6653701808256568,0.8812471757794849
0.6653927523374054,0.8811568007230004
0.6653699153699154,0.881066425666516
0.6653470752849635,0.8809760506100316
0.6653924914675768,0.8809760506100316
0.6653696498054474,0.8808856755535472
0.6653468050245768,0.8807953004970628
0.6653239571243258,0.8807049254405784
0.6653693841321863,0.8807049254405784
0.6653919694072657,0.880614550384094
0.6654374103667281,0.880614550384094
0.6654145608523426,0.8805241753276096
0.6654371584699453,0.8804338002711252
0.6654597622626042,0.8803434252146407
0.665436906469905,0.8802530501581564
0.6654140475539765,0.8801626751016719
0.6654366543665436,0.8800723000451875
0.6654137907469418,0.8799819249887031
0.665390924002187,0.8798915499322187
0.6653680541316384,0.8798011748757343
0.6653451811346548,0.8797107998192499
0.6653223050105954,0.8796204247627655
0.6653677878042111,0.8796204247627655
0.6653449100977644,0.879530049706281
0.6653220292629564,0.8794396746497967
0.6653675213675214,0.8794396746497967
0.665390138822403,0.8793492995933122
0.6653672548215018,0.8792589245368279
0.6653898768809849,0.8791685494803434
0.6653669881660852,0.879078174423859
0.6654125051306609,0.879078174423859
0.6653896148320448,0.8789877993673746
0.6653667214012041,0.8788974243108902
0.6653438248374958,0.8788070492544058
0.6653664545267912,0.8787166741979213
0.6653435532439091,0.878626299141437
0.6653206488262268,0.8785359240849525
0.6653661875427789,0.8785359240849525
0.6653432815387774,0.8784455490284682
0.6653659204490997,0.8783551739719837
0.6653430097220321,0.8782647989154994
0.6653656532456861,0.8781744238590149
0.6653883029721956,0.8780840488025305
0.6653653859324704,0.8779936737460461
0.6654109589041096,0.8779936737460461
0.6653880402767313,0.8779032986895616
0.6653651185093848,0.8778129236330773
0.6654107008289375,0.8778129236330773
0.6653877774732804,0.8777225485765928
0.6653648509763618,0.8776321735201085
0.6653875145617761,0.877541798463624
0.6653645833333334,0.8774514234071397
0.6653872515421522,0.8773610483506552
0.6654328603742545,0.8773610483506552
0.6654099259665478,0.8772706732941709
0.6653869884143415,0.8771802982376864
0.6653640477169889,0.8770899231812019
0.665341103873843,0.8769995481247176
0.665363779743537,0.8769091730682331
0.6653408311617062,0.8768187980117488
0.6653178794321377,0.8767284229552643
0.6652949245541838,0.87663804789878
0.6652719665271967,0.8765476728422955
0.6652490053505282,0.8764572977858112
0.6652260410235302,0.8763669227293267
0.6652487135506003,0.8762765476728422
0.6652713923008303,0.8761861726163579
0.6652484216305243,0.8760957975598734
0.6652711050102951,0.8760054225033891
0.6652481295902258,0.8759150474469046
0.6652937946183416,0.8759150474469046
0.6652708176014279,0.8758246723904203
0.6653164904572292,0.8758246723904203
0.6652935118434603,0.8757342973339358
0.6652705300741555,0.8756439222774515
0.6652475451486645,0.875553547220967
0.6652245570663371,0.8754631721644826
0.6652472527472527,0.8753727971079982
0.6652699546641022,0.8752824220515137
0.6652926628194559,0.8751920469950294
0.6653153772158856,0.8751016719385449
0.6652923795780938,0.8750112968820606
0.6653380978559648,0.8750112968820606
0.665360824742268,0.8749209218255761
0.6653378239054231,0.8748305467690918
0.6653148199065163,0.8747401717126073
0.6652918127448959,0.8746497966561229
0.6652688024199093,0.8745594215996385
0.6652457889309041,0.874469046543154
0.6652915291529153,0.874469046543154
0.6652685140617479,0.8743786714866697
0.6653142621372576,0.8743786714866697
0.6652912454439172,0.8742882964301852
0.6652682255845942,0.8741979213737009
0.6652452025586354,0.8741075463172164
0.6652909616178292,0.8741075463172164
0.6652679369883745,0.8740171712607321
0.6653137039075399,0.8740171712607321
0.6652906776745786,0.8739267962042476
0.665267648273015,0.8738364211477632
0.6653134246198308,0.8738364211477632
0.6653592072667217,0.8738364211477632
0.6653361778267153,0.8737460460912788
0.6653131452167929,0.8736556710347944
0.6653359030837004,0.87356529597831
0.6653128656983548,0.8734749209218255
0.6653356282271945,0.8733845458653412
0.6653814376204902,0.8733845458653412
0.665358397025408,0.8732941708088567
0.6653353532571271,0.8732037957523724
0.6653811720955857,0.8732037957523724
0.6653581267217631,0.8731134206958879
0.665380906460945,0.8730230456394035
0.6653578563063994,0.8729326705829191
0.6653806407165002,0.8728422955264347
0.6653575857792476,0.8727519204699503
0.6654034314063254,0.8727519204699503
0.665380374862183,0.8726615454134659
0.6653573151402384,0.8725711703569815
0.6654031702274293,0.8725711703569815
0.6654259718775848,0.872480795300497
0.6654487798152489,0.8723904202440127
0.6654715940430226,0.8723000451875282
0.6654485278907812,0.8722096701310438
0.6654254585574404,0.8721192950745594
0.6654713468036687,0.8721192950745594
0.6655172413793103,0.8721192950745594
0.6654941720118629,0.872028920018075
0.6655400744930335,0.872028920018075
0.6655170035179693,0.8719385449615906
0.6655629139072847,0.8719385449615906
0.6655398413245946,0.8718481699051062
0.665516765558162,0.8717577948486218
0.6654936866073277,0.8716674197921374
0.6655396080596191,0.8716674197921374
0.6655624568668047,0.871577044735653
0.6655393746980468,0.8714866696791685
0.6655622282045972,0.8713962946226841
0.6655391412398177,0.8713059195661997
0.6655160510873317,0.8712155445097153
0.6654929577464789,0.8711251694532309
0.6655389076848719,0.8711251694532309
0.6655158127330479,0.8710347943967465
0.6655617705959533,0.8710347943967465
0.6655386740331491,0.8709444193402621
0.6655615416493991,0.8708540442837777
0.6655384402845893,0.8707636692272933
0.6655844155844156,0.8707636692272933
0.6655613126079447,0.8706732941708089
0.6655382064391322,0.8705829191143244
0.6655150970773164,0.87049254405784
0.6655610834715312,0.87049254405784
0.6655379724967175,0.8704021690013556
0.6655608542400995,0.8703117939448712
0.665583742310085,0.8702214188883868
0.6655606249135905,0.8701310438319024
0.6656066367092983,0.8701310438319024
0.6655835176991151,0.870040668775418
0.6656064168164846,0.8699502937189336
0.6655832929949519,0.8698599186624492
0.6655601659751037,0.8697695436059647
0.6656061968324227,0.8697695436059647
0.6655830681975377,0.8696791685494804
0.6656059767570559,0.8695887934929959
0.6655828433068143,0.8694984184365115
0.665559706655597,0.8694080433800271
0.6656057565903273,0.8694080433800271
0.6655826183227235,0.8693176683235427
0.6656286762161788,0.8693176683235427
0.6656516021870026,0.8692272932670583
0.6656284606866002,0.8691369182105739
0.6656513913886197,0.8690465431540895
0.6656282450674974,0.868956168097605
0.6656511805026657,0.8688657930411207
0.6656741222907001,0.8687754179846362
0.6657202216066482,0.8687754179846362
0.6656970704342406,0.8686850429281519
0.6656739160548553,0.8685946678716674
0.6657200249359285,0.8685946678716674
0.6656968689387642,0.868504292815183
0.6657198281834558,0.8684139177586986
0.6656966673595233,0.8683235427022142
0.6657427937915743,0.8683235427022142
0.6657657657657657,0.8682331676457298
0.6658119065770324,0.8682331676457298
0.6657887441086776,0.8681427925892453
0.6657655784293339,0.868052417532761
0.6658117288229586,0.868052417532761
0.66578856152513,0.8679620424762765
0.665765391014975,0.8678716674197922
0.6657883788656219,0.8677812923633077
0.6657652035226406,0.8676909173068234
0.6658113730929265,0.8676909173068234
0.6657881961301061,0.8676005422503389
0.6658111951168759,0.8675101671938545
0.665788013318535,0.8674197921373701
0.6658342004856053,0.8674197921373701
0.665857212238951,0.8673294170808856
0.6658802303795711,0.8672390420244013
0.6658570437196392,0.8671486669679168
0.6658338538413492,0.8670582919114325
0.6658800666296502,0.8670582919114325
0.665856875130145,0.866967916854948
0.6658336804109399,0.8668775417984637
0.6658104824713641,0.8667871667419792
0.665833506908283,0.8666967916854948
0.6658565377404347,0.8666064166290104
0.6658795749704841,0.8665160415725259
0.6658563689401306,0.8664256665160416
0.6658331596860457,0.8663352914595571
0.6658562000694686,0.8662449164030728
0.6658329859663749,0.8661545413465883
0.6658097686375322,0.866064166290104
0.6658560311284046,0.866064166290104
0.6658328121742756,0.8659737912336195
0.6658095899930507,0.8658834161771352
0.6657863645840573,0.8657930411206507
0.6658326383097025,0.8657930411206507
0.6658789184680615,0.8657930411206507
0.665855693034895,0.8657026660641662
0.6658324643726103,0.8656122910076819
0.6658092324805339,0.8655219159511974
0.6658555238823611,0.8655219159511974
0.6658322903629537,0.8654315408947131
0.6658090536124053,0.8653411658382286
0.6658553546592489,0.8653411658382286
0.6658321162806871,0.8652507907817443
0.6658784253720963,0.8652507907817443
0.6658551853655144,0.8651604157252598
0.6658782608695653,0.8650700406687755
0.6659013427955194,0.864979665612291
0.6658780962983579,0.8648892905558065
0.665854846566001,0.8647989154993222
0.6658315935977731,0.8647085404428377
0.6658779316584313,0.8647085404428377
0.6658546770601337,0.8646181653863534
0.6658777669497424,0.8645277903298689
0.6659008632692843,0.8644374152733846
0.6658776021722481,0.8643470402169001
0.665854337835956,0.8642566651604158
0.6658774373259053,0.8641662901039313
0.6658541681175569,0.8640759150474469
0.6658772724106707,0.8639855399909625
0.6658539983282251,0.863895164934478
0.6658307210031348,0.8638047898779937
0.6658074404347221,0.8637144148215092
0.6657841566223089,0.8636240397650249
0.6657608695652174,0.8635336647085404
0.6657839721254355,0.8634432896520561
0.6657606801867726,0.8633529145955716
0.6657373850013939,0.8632625395390872
0.6657140865686206,0.8631721644826028
0.6657604907291231,0.8631721644826028
0.6657371906587661,0.8630817894261184
0.6657836029001674,0.8630817894261184
0.6657603011922192,0.862991414369634
0.6657834181716756,0.8629010393131495
0.6657601115760111,0.8628106642566652
0.6657832333658809,0.8627202892001807
0.665829671479389,0.8627202892001807
0.6658063616071429,0.8626299141436964
0.6658294963024975,0.8625395390872119
0.665852637454647,0.8624491640307275
0.6658293210522643,0.8623587889742431
0.6658060013956734,0.8622684139177587
0.6658291457286433,0.8621780388612743
0.6658522965238028,0.8620876638047898
0.6658754537838593,0.8619972887483055
0.6658521259512672,0.861906913691821
0.6658752880385448,0.8618165386353367
0.6659217877094972,0.8618165386353367
0.665898456596131,0.8617261635788522
0.6659216316267375,0.8616357885223678
0.6659448131330772,0.8615454134658834
0.6659680011178649,0.861455038409399
0.6659911955838167,0.8613646633529146
0.6660377358490566,0.8613646633529146
0.6660143965336501,0.8612742882964302
0.6659910539558289,0.8611839132399458
0.6660142597511534,0.8610935381834613
0.6659909122684377,0.861003163126977
0.6659675615212528,0.8609127880704925
0.6659442075089143,0.8608224130140081
0.6659907705216054,0.8608224130140081
0.6659674148660932,0.8607320379575237
0.6659440559440559,0.8606416629010393
0.665920693754808,0.8605512878445549
0.6659439043155907,0.8604609127880705
0.6659205372132065,0.8603705377315861
0.665897166841553,0.8602801626751017
0.665873793199944,0.8601897876186173
0.665920380605891,0.8601897876186173
0.6658970053176603,0.8600994125621328
0.665943600867679,0.8600994125621328
0.6659202239328201,0.8600090375056484
0.6659434490481523,0.859918662449164
0.6659200671939526,0.8598282873926796
0.6659666806663866,0.8598282873926796
0.6659432971648582,0.8597379123361952
0.6659665336413919,0.8596475372797108
0.6659431452177567,0.8595571622232264
0.6659197535186612,0.859466787166742
0.6659663865546218,0.859466787166742
0.6659429932068072,0.8593764121102576
0.6659195965821544,0.8592860370537732
0.6659428411319698,0.8591956619972887
0.6659194395796848,0.8591052869408043
0.665942688993204,0.8590149118843199
0.6659192825112108,0.8589245368278355
0.665965944923271,0.8589245368278355
0.665989207372626,0.8588341617713511
0.666035884496776,0.8588341617713511
0.6660124763440106,0.8587437867148667
0.6659890649095752,0.8586534116583823
0.6660357518401683,0.8586534116583823
0.6660123387549075,0.8585630366018979
0.6659889223865947,0.8584726615454135
0.6659655027345394,0.858382286488929
0.6659420797980506,0.8582919114324447
0.6659186535764375,0.8582015363759602
0.6659653552142506,0.8582015363759602
0.6659419273390378,0.8581111613194758
0.665988637160693,0.8581111613194758
0.6659652076318743,0.8580207862629914
0.665941774815854,0.857930411206507
0.6659183387119405,0.8578400361500226
0.6659416222284592,0.8577496610935382
0.665918181180268,0.8576592860370538
0.6658947368421053,0.8575689109805693
0.6658712892132781,0.857478535924085
0.6658478382930938,0.8573881608676005
0.665871121718377,0.8572977858111162
0.6658476658476659,0.8572074107546317
0.6658944116821117,0.8572074107546317
0.665941164080601,0.8572074107546317
0.6659177081870524,0.8571170356981473
0.6659644687873043,0.8571170356981473
0.6659410112359551,0.8570266606416629
0.6659175503897745,0.8569362855851785
0.6658940862480686,0.8568459105286941
0.6659173925259905,0.8567555354722096
0.66589392342817,0.8566651604157253
0.6659407053533792,0.8566651604157253
0.665917234595658,0.8565747853592408
0.6659640247329961,0.8565747853592408
0.6659405523153679,0.8564844103027565
0.6659170765987351,0.856394035246272
0.6658935975824022,0.8563036601897877
0.6659169185351795,0.8562132851333032
0.6658934345564459,0.8561229100768188
0.6659167604049494,0.8560325350203344
0.665893271461717,0.8559421599638499
0.6658697792153002,0.8558517849073656
0.6658931082981716,0.8557614098508811
0.6658696110837612,0.8556710347943968
0.6659164439442959,0.8556710347943968
0.6659632833931209,0.8556710347943968
0.6659397861564434,0.8555806597379123
0.6659866338374956,0.8555806597379123
0.6659631349373857,0.855490284681428
0.6659396327305988,0.8553999096249435
0.6659161272164368,0.8553095345684592
0.6659394792399719,0.8552191595119747
0.6659628378378378,0.8551287844554902
0.6659393256845217,0.8550384093990059
0.6659158102210334,0.8549480343425214
0.6659626891939457,0.8549480343425214
0.6659391720642073,0.8548576592860371
0.6659625404872553,0.8547672842295526
0.6659859154929577,0.8546769091730683
0.6660328192126206,0.8546769091730683
0.6660092970840964,0.8545865341165838
0.6659857716418962,0.8544961590600995
0.6660326852634545,0.8544961590600995
0.6660091581542796,0.854405784003615
0.6660560800338171,0.854405784003615
0.6660325512576623,0.8543154089471305
0.6660090191657272,0.8542250338906462
0.6660324171952079,0.8541346588341617
0.6660558218212574,0.8540442837776774
0.6660792330466657,0.8539539087211929
0.6660556926330631,0.8538635336647086
0.666079108792216,0.8537731586082241
0.6661025315563077,0.8536827835517398
0.6660789844851904,0.8535924084952553
0.6660554340926723,0.8535020334387708
0.6660788601255555,0.8534116583822865
0.6660553047404063,0.853321283325802
0.6660787357132778,0.8532309082693177
0.6661257320256826,0.8532309082693177
0.6661021732994638,0.8531405332128332
0.666078611248324,0.8530501581563489
0.6660550458715596,0.8529597830998644
0.6660784867306606,0.8528694080433801
0.6660549163549093,0.8527790329868956
0.666031342651419,0.8526886579304112
0.6660077656194846,0.8525982828739268
0.6659841852584015,0.8525079078174423
0.6659606015674645,0.852417532760958
0.6660076260415195,0.852417532760958
0.6660310734463277,0.8523271577044735
0.6660545274756321,0.8522367826479892
0.6660309387582115,0.8521464075915047
0.6660779881322407,0.8521464075915047
0.6661014554189628,0.8520560325350204
0.6660778633505264,0.8519656574785359
0.6661249293386093,0.8519656574785359
0.6661013355946577,0.8518752824220515
0.666077738515901,0.8517849073655671
0.6661012157195363,0.8516945323090827
0.6661246995617136,0.8516041572525983
0.6661481900452488,0.8515137821961138
0.6661245846001556,0.8514234071396295
0.6661009758167161,0.851333032083145
0.6661244695898161,0.8512426570266607
0.6661008557889525,0.8511522819701762
0.6661479700099024,0.8511522819701762
0.6661243545306642,0.8510619069136918
0.6661007357102433,0.8509715318572074
0.666147859922179,0.8509715318572074
0.6661242394226687,0.850881156800723
0.6661006155805561,0.8507907817442386
0.6661241242657986,0.8507004066877542
0.6661476396064832,0.8506100316312698
0.6661711616054364,0.8505196565747853
0.6661475293784511,0.850429281518301
0.6661946902654867,0.850429281518301
0.666218225589464,0.8503389064618165
0.6661945900014162,0.8502485314053321
0.6662417675801997,0.8502485314053321
0.6662181303116147,0.8501581563488477
0.666241677291401,0.8500677812923633
0.6662180349932705,0.8499774062358789
0.6661943893454236,0.8498870311793945
0.6662415869642224,0.8498870311793945
0.6662179396344056,0.8497966561229101
0.6661942889534471,0.8497062810664257
0.6662414965986394,0.8497062810664257
0.6662650602409639,0.8496159060099413
0.6662414061946276,0.8495255309534568
0.6662649748351882,0.8494351558969724
0.6662413157521622,0.849344780840488
0.6662176533144275,0.8492544057840036
0.6662412252712189,0.8491640307275192
0.6662175577932208,0.8490736556710348
0.6661938869583718,0.8489832806145504
0.6661702127659574,0.848892905558066
0.6661937863526741,0.8488025305015816
0.6662173666288309,0.8487121554450971
0.6662409535972754,0.8486217803886127
0.6662172709855957,0.8485314053321283
0.6661935850127733,0.8484410302756439
0.6662171753016324,0.8483506552191595
0.6661934842785151,0.8482602801626751
0.6661697898921067,0.8481699051061907
0.666146092141691,0.8480795300497063
0.6661696840610578,0.8479891549932219
0.6661932826812469,0.8478987799367375
0.6662405908251668,0.8478987799367375
0.6662168880051133,0.847808404880253
0.6661931818181818,0.8477180298237686
0.6661694722636551,0.8476276547672842
0.666216792157977,0.8476276547672842
0.6661930809121261,0.8475372797107998
0.6661693662972435,0.8474469046543154
0.6661929799630525,0.847356529597831
0.6662166003411029,0.8472661545413466
0.6661928789709332,0.8471757794848622
0.6662165043713129,0.8470854044283778
0.6662401364896566,0.8469950293718933
0.6662164083605858,0.846904654315409
0.6661926768574475,0.8468142792589245
0.6662400455062572,0.8468142792589245
0.6662636893756222,0.8467239042024401
0.6662399544840338,0.8466335291459557
0.6662873399715505,0.8466335291459557
0.6662636033857315,0.8465431540894713
0.666239863422962,0.8464527790329869
0.6662161200825212,0.8463624039765025
0.6662635173591349,0.8463624039765025
0.6662397723230167,0.8462720289200181
0.6662160239077842,0.8461816538635336
0.6662396811841731,0.8460912788070493
0.6662633451957295,0.8460009037505648
0.6662395900064062,0.8459105286940805
0.6662870159453302,0.8459105286940805
0.6663106934358536,0.845820153637596
0.6662869348522605,0.8457297785811116
0.6663106173894467,0.8456394035246272
0.6663343066733138,0.8455490284681428
0.6663817663817664,0.8455490284681428
0.6663580027067455,0.8454586534116584
0.6663342356461034,0.8453682783551739
0.6663817054926267,0.8453682783551739
0.6664291821031633,0.8453682783551739
0.666405415033844,0.8452779032986896
0.6663816445774547,0.8451875282422051
0.6664053591790193,0.8450971531857208
0.6664290805416964,0.8450067781292363
0.6664053033003066,0.844916403072752
0.6664528086683775,0.844916403072752
0.666429029728381,0.8448260280162675
0.66640524739769,0.8447356529597831
0.6664527629233512,0.8447356529597831
0.6664289788933258,0.8446452779032987
0.6664051914711545,0.8445549028468142
0.6664289280365167,0.8444645277903299
0.6664051355206847,0.8443741527338454
0.6664526713745631,0.8443741527338454
0.6664288771579397,0.8442837776773611
0.6664764214881929,0.8442837776773611
0.6664526255707762,0.8441934026208766
0.6664288262575812,0.8441030275643923
0.666476380762095,0.8441030275643923
0.6664525797473775,0.8440126525079078
0.6664287753354268,0.8439222774514235
0.6664049675255157,0.843831902394939
0.666452533904354,0.843831902394939
0.6664287243914626,0.8437415273384545
0.6664524880416934,0.8436511522819702
0.6664762584791146,0.8435607772254857
0.666452442159383,0.8434704021690014
0.6665000357066343,0.8434704021690014
0.6664762176831881,0.8433800271125169
0.6665,0.8432896520560326
0.6665237891127304,0.8431992769995481
0.6664999642780596,0.8431089019430638
0.6665475850242927,0.8431089019430638
0.6665237584851733,0.8430185268865793
0.6664999285408032,0.8429281518300948
0.6664760951904524,0.8428377767736105
0.6664522584333905,0.842747401717126
0.6664284182688871,0.8426570266606417
0.6664760543245175,0.8426570266606417
0.6665236971906497,0.8426570266606417
0.6664998570203031,0.8425666516041572
0.6665475084006578,0.8425666516041572
0.6665236665236666,0.8424762765476729
0.6664998212370397,0.8423859014911884
0.6664759725400458,0.8422955264347041
0.6664521204319531,0.8422051513782196
0.6664759316214863,0.8421147763217351
0.6665236051502146,0.8421147763217351
0.6664997496244367,0.8420244012652508
0.666523574443729,0.8419340262087663
0.6665712650257585,0.8419340262087663
0.6665474060822898,0.841843651152282
0.666523543724059,0.8417532760957975
0.6664996779503328,0.8416629010393132
0.666523512991196,0.8415725259828287
0.6664996420901933,0.8414821509263444
0.6665234822451317,0.8413917758698599
0.6665712035512279,0.8413917758698599
0.6665473292281254,0.8413014008133755
0.666595059076262,0.8413014008133755
0.6665711830421083,0.8412110257568911
0.6665473035880541,0.8411206507004066
0.6665711625241745,0.8410302756439223
0.6666189111747851,0.8410302756439223
0.666595028297156,0.8409399005874378
0.6665711419974208,0.8408495255309535
0.6665950128976784,0.840759150474469
0.6665711214618416,0.8406687754179847
0.6665472266016913,0.8405784003615002
0.6665949974915789,0.8405784003615002
0.6666188803669988,0.8404880253050158
0.6666666666666666,0.8404880253050158
0.666642770091046,0.8403976502485314
0.6666905649555492,0.8403976502485314
0.6666666666666666,0.840307275192047
0.6666427649505234,0.8402169001355626
0.6666188598063822,0.8401265250790781
0.6665949512335054,0.8400361500225938
0.6666427598077889,0.8400361500225938
0.6666188495194376,0.8399457749661093
0.6665949358008751,0.839855399909625
0.6666427546628407,0.839855399909625
0.6666666666666666,0.8397650248531405
0.6666427495156777,0.8396746497966561
0.6666905855338691,0.8396746497966561
0.6667145112674034,0.8395842747401717
0.6667384438702268,0.8394938996836873
0.666714521570598,0.8394035246272029
0.6667623833452979,0.8394035246272029
0.6667384593294565,0.8393131495707185
0.6667145318782309,0.8392227745142341
0.666762403963524,0.8392227745142341
0.6667384747953469,0.8391323994577496
0.666786355475763,0.8391323994577496
0.6667624245906348,0.8390420244012653
0.666738490267902,0.8389516493447808
0.6667863812670594,0.8389516493447808
0.666762445226636,0.8388612742882964
0.6667864070694733,0.838770899231812
0.6668103757993821,0.8386805241753276
0.6668343514193317,0.8385901491188432
0.6668583339322935,0.8384997740623588
0.6668343875790684,0.8384093990058744
0.6668823233412408,0.8384093990058744
0.6669302659956866,0.8384093990058744
0.666906319649148,0.83831902394939
0.6668823698590739,0.8382286488929056
0.6669303228589919,0.8382286488929056
0.6669063713504962,0.8381382738364211
0.6669303797468354,0.8380478987799367
0.6669064230741567,0.8379575237234523
0.6668824629549706,0.8378671486669679
0.6668584993885331,0.8377767736104835
0.6669064748201439,0.8377767736104835
0.6668825095330599,0.8376863985539991
0.6669065265884724,0.8375960234975147
0.6669545192861255,0.8375960234975147
0.6669305505577546,0.8375056484410303
0.6669065783791565,0.8374152733845459
0.6669545814438926,0.8374152733845459
0.6669306075439102,0.8373248983280615
0.6669066301922107,0.837234523271577
0.666882649388049,0.8371441482150926
0.6668586651306789,0.8370537731586082
0.6668346774193549,0.8369633981021238
0.6668106862533304,0.8368730230456394
0.6668347137198416,0.836782647989155
0.6668587481091983,0.8366922729326706
0.6668347500360179,0.8366018978761862
0.666882789424393,0.8366018978761862
0.6668587896253603,0.8365115228197018
0.666834786367894,0.8364211477632173
0.6668828361435365,0.8364211477632173
0.6668588311594725,0.836330772706733
0.66683482271548,0.8362403976502485
0.6668588727115468,0.8361500225937641
0.6668348590787861,0.8360596475372797
0.6668108419838523,0.8359692724807953
0.6667868214259967,0.8358788974243109
0.66681087317038,0.8357885223678265
0.666858955869628,0.8357885223678265
0.6668349318525997,0.8356981473113421
0.6668830232222703,0.8356981473113421
0.6668589974756581,0.8356077722548576
0.6668349682631275,0.8355173971983733
0.6668109355839285,0.8354270221418888
0.6668350046894164,0.8353366470854044
0.6668831168831169,0.8353366470854044
0.6668590807417563,0.83524627202892
0.6669072016163948,0.83524627202892
0.6668831637439562,0.8351558969724356
0.6668591224018475,0.8350655219159512
0.6669072536990256,0.8350655219159512
0.6668832106250903,0.8349751468594668
0.6669313506099762,0.8349751468594668
0.666907305804216,0.8348847718029824
0.6669314079422383,0.8347943967464979
0.6669073579319806,0.8347040216900136
0.6668833044482958,0.8346136466335291
0.6668592474904311,0.8345232715770448
0.6669074100823342,0.8345232715770448
0.666931522681306,0.8344328965205603
0.6669074622552915,0.834342521464076
0.6669315800881439,0.8342521464075915
0.666907514450867,0.8341617713511071
0.6668834453356456,0.8340713962946227
0.6669316375198728,0.8340713962946227
0.6669075666690757,0.8339810212381382
0.6669316949765088,0.8338906461816539
0.666907618909932,0.8338002711251694
0.6669317524580682,0.8337098960686851
0.6669799725254862,0.8337098960686851
0.6669558929862618,0.8336195210122006
0.6669318099645672,0.8335291459557163
0.6669800404975412,0.8335291459557163
0.6670282780067983,0.8335291459557163
0.6670041949949371,0.8334387708992318
0.6669801084990958,0.8333483958427474
0.6670042682485712,0.833258020786263
0.6669801765301693,0.8331676457297785
0.6669560813255191,0.8330772706732942
0.666931982633864,0.8329868956168097
0.6669561441597915,0.8328965205603254
0.6669803126809496,0.8328061455038409
0.6670044882003764,0.8327157704473566
0.666980380800695,0.8326253953908721
0.6669562699102229,0.8325350203343878
0.6669321555282022,0.8324446452779033
0.6669804489500362,0.8324446452779033
0.6669563328264175,0.8323542702214188
0.6669322132097335,0.8322638951649345
0.6669805171289925,0.8322638951649345
0.6669563957699551,0.83217352010845
0.6670047084389714,0.83217352010845
0.6669805853375833,0.8320831450519657
0.6669564587408534,0.8319927699954812
0.666932328648022,0.8319023949389969
0.6669081950583291,0.8318120198825124
0.6668840579710145,0.8317216448260281
0.6668599173853178,0.8316312697695436
0.6669082475721119,0.8316312697695436
0.6668841052402696,0.8315408947130591
0.6669324441867208,0.8315408947130591
0.666908300108735,0.8314505196565748
0.6668841525300856,0.8313601446000903
0.6668600014500109,0.831269769543606
0.6669083526682135,0.831269769543606
0.6669325598259609,0.8311793944871215
0.666908405250562,0.8310890194306372
0.6669567740063823,0.8310890194306372
0.6669326176833249,0.8309986443741527
0.6669568371418209,0.8309082693176684
0.6669326755658734,0.8308178942611839
0.6669085104839295,0.8307275192046994
0.6669569003047453,0.8307275192046994
0.6669327334736231,0.8306371441482151
0.6669811320754717,0.8306371441482151
0.6669569634951739,0.8305467690917306
0.6670053708811148,0.8305467690917306
0.666981200551644,0.8304563940352463
0.6670296167247387,0.8304563940352463
0.667005444646098,0.8303660189787618
0.6669812690576449,0.8302756439222775
0.6670296957816017,0.8302756439222775
0.6670055184432181,0.830185268865793
0.6670297748729122,0.8300948938093087
0.6670055922724962,0.8300045187528242
0.6670540383497966,0.8300045187528242
0.6670298539986925,0.8299141436963398
0.6670783088769432,0.8299141436963398
0.6670541227751544,0.8298237686398554
0.6670299331589654,0.829733393583371
0.6670057400276103,0.8296430185268866
0.6669815433803227,0.8295526434704021
0.6670300123537534,0.8295526434704021
0.667054291736318,0.8294622684139178
0.6670785781783819,0.8293718933574333
0.6670543762721721,0.829281518300949
0.6670786680238476,0.8291911432444645
0.6670544608449066,0.8291007681879801
0.6670787579085158,0.8290103931314957
0.6671030620408757,0.8289200180750113
0.6671273732450717,0.8288296430185269
0.6671031572821184,0.8287392679620424
0.6671516915241906,0.8287392679620424
0.6671274738067521,0.8286488929055581
0.6671517974094018,0.8285585178490736
0.6671761280931586,0.8284681427925893
0.6671519033408545,0.8283777677361048
0.6671762393535706,0.8282873926796204
0.6672005824535857,0.828197017623136
0.6672249326439962,0.8281066425666516
0.6672492899279003,0.8280162675101672
0.6672736543083982,0.8279258924536828
0.6672980257885919,0.8278355173971984
0.6672737869736267,0.827745142340714
0.6672495446265938,0.8276547672842296
0.6672739196968593,0.8275643922277451
0.6672496720594665,0.8274740171712607
0.6672983018730413,0.8274740171712607
0.6673226911582477,0.8273836421147763
0.6673470875555879,0.8272932670582919
0.6673957421988918,0.8272932670582919
0.6673714910681735,0.8272028920018075
0.6673472364007583,0.8271125169453231
0.6673959016991177,0.8271125169453231
0.6674203194515352,0.8270221418888387
0.6673960612691466,0.8269317668323543
0.6673717995477424,0.8268413917758699
0.6674204843886782,0.8268413917758699
0.6673962209090246,0.8267510167193854
0.6674449146359259,0.8267510167193854
0.6674206493980299,0.826660641662901
0.6674450850178792,0.8265702666064166
0.6674695277716955,0.8264798915499322
0.6674939776626031,0.8263895164934478
0.6675184346937285,0.8262991414369634
0.6674941588785047,0.826208766380479
0.6674698795180722,0.8261183913239946
0.6674943401738115,0.8260280162675102
0.6675188079760427,0.8259376412110258
0.6674945215485756,0.8258472661545413
0.6675189947399182,0.8257568910980569
0.6674947030028494,0.8256665160415725
0.667470407715914,0.8255761409850881
0.6674461088783339,0.8254857659286037
0.6674948845366852,0.8254857659286037
0.6675193685133752,0.8253953908721193
0.6675438596491228,0.8253050158156349
0.6675683579470683,0.8252146407591505
0.667592863410354,0.8251242657026661
0.6675685557586837,0.8250338906461816
0.6675930666276604,0.8249435155896973
0.6676175846682759,0.8248531405332128
0.6675932699341623,0.8247627654767284
0.6676177933860111,0.824672390420244
0.6675934733299188,0.8245820153637596
0.6675691497146202,0.8244916403072752
0.6675448225393341,0.8244012652507908
0.6675204918032787,0.8243108901943064
0.6675450153711023,0.8242205151378219
0.6675695461200586,0.8241301400813376
0.6675940840533021,0.8240397650248531
0.6675697444533939,0.8239493899683688
0.6675454012888108,0.8238590149118843
0.6675942878066642,0.8238590149118843
0.6675944916495752,0.8236782647989155
0.6675701413815838,0.8235878897424311
0.6676190476190477,0.8235878897424311
0.6675946955820939,0.8234975146859467
0.6675703399765534,0.8234071396294622
0.6675459808016414,0.8233167645729779
0.6675948996042796,0.8233167645729779
0.6675705386588494,0.8232263895164934
0.6676194664321313,0.8232263895164934
0.6676440404632752,0.8231360144600091
0.667692984385309,0.8231360144600091
0.6676686217008798,0.8230456394035246
0.6676442554439475,0.8229552643470402
0.6676198856137263,0.8228648892905558
0.6676444705192138,0.8227745142340714
0.6676200953428676,0.822684139177587
0.6675957165908758,0.8225937641211025
0.6676203051643192,0.8225033890646182
0.6676692832514122,0.8225033890646182
0.6676449009537784,0.8224130140081337
0.6676695039624303,0.8223226389516494
0.6676451163132018,0.8222322638951649
0.6676941141934537,0.8222322638951649
0.667743119266055,0.8222322638951649
0.6677187316500294,0.8221418888386806
0.6676943404536446,0.8220515137821961
0.6676699456761122,0.8219611387257117
0.6676455473166434,0.8218707636692273
0.6676701666789044,0.8217803886127428
0.6677191951828463,0.8217803886127428
0.6676947932731145,0.8216900135562585
0.6677194271024606,0.821599638499774
0.6676950198325253,0.8215092634432897
0.6677440681701315,0.8215092634432897
0.6677687164793182,0.8214188883868052
0.6678177810433504,0.8214188883868052
0.6677933720332133,0.8213285133303209
0.6677689594356261,0.8212381382738364
0.6678180348350113,0.8212381382738364
0.6677936204615611,0.8211477632173521
0.6678427048879089,0.8211477632173521
0.6678182887386063,0.8210573881608676
0.6677938689994855,0.8209670131043831
0.6677694456697545,0.8208766380478988
0.6678185427542093,0.8208766380478988
0.6678432237664534,0.8207862629914143
0.6678187968818944,0.82069588793493
0.6678679120394204,0.82069588793493
0.6678926075763149,0.8206055128784455
0.6679173103803429,0.8205151378219612
0.6679664508534432,0.8205151378219612
0.6679420204547126,0.8204247627654767
0.6679667378026345,0.8203343877089924
0.667942302031204,0.8202440126525079
0.6679178626628395,0.8201536375960234
0.6679670248785514,0.8201536375960234
0.6679917550058893,0.8200632625395391
0.6680164924164335,0.8199728874830546
0.668041237113402,0.8198825124265703
0.6680904337580087,0.8198825124265703
0.6680659891000147,0.8197921373700858
0.6680907483794932,0.8197017623136015
0.6680662983425414,0.819611387257117
0.6680418447031089,0.8195210122006327
0.6680910631400575,0.8195210122006327
0.6681158352369022,0.8194306371441482
0.6680913780397937,0.8193402620876638
0.6681406146363034,0.8193402620876638
0.6681161556603774,0.8192498870311794
0.6681654013414904,0.8192498870311794
0.668140940586761,0.8191595119746949
0.6681164762255806,0.8190691369182106
0.6680920082571513,0.8189787618617261
0.6680675366806754,0.8188883868052418
0.6680923235749576,0.8187980117487573
0.6680678466076696,0.818707636692273
0.6680433660299432,0.8186172616357885
0.6680188818409795,0.8185268865793041
0.6679943940399794,0.8184365115228197
0.6679699026261434,0.8183461364663352
0.6680191811139801,0.8183461364663352
0.6680684668732477,0.8183461364663352
0.6680439755035785,0.8182557614098509
0.6680687772120139,0.8181653863533664
0.6680442804428044,0.8180750112968821
0.6680690876882197,0.8179846362403976
0.6680939022589695,0.8178942611839133
0.6681432262827611,0.8178942611839133
0.6681187241582989,0.8178038861274288
0.6681435533894551,0.8177135110709444
0.6681190458607194,0.81762313601446
0.6681683899556868,0.81762313601446
0.6681438806411109,0.8175327609579756
0.6681687227598434,0.8174423859014912
0.66819357222017,0.8173520108450067
0.6682429436973548,0.8173520108450067
0.6682184290253455,0.8172616357885224
0.6681939107301212,0.8171712607320379
0.6682187730968219,0.8170808856755536
0.6681942493901988,0.8169905106190691
0.6682191173209138,0.8169001355625847
0.6681945882005027,0.8168097605061003
0.6682439926062846,0.8168097605061003
0.6682688752495748,0.8167193854496159
0.6682443425528768,0.8166290103931315
0.66821980622735,0.8165386353366471
0.6682446926547821,0.8164482602801627
0.668220150909898,0.8163578852236782
0.6681956055337723,0.8162675101671939
0.6681710565255993,0.8161771351107094
0.6681959449459819,0.816086760054225
0.6681713905128395,0.8159963849977406
0.6681962845089187,0.8159060099412562
0.6682211858760826,0.8158156348847718
0.6681966242226829,0.8157252598282874
0.6682215311713312,0.815634884771803
0.6681969640873751,0.8155445097153186
0.668172393364929,0.8154541346588342
0.6682218766200103,0.8154541346588342
0.6681973041030959,0.8153637596023497
0.6681727279460781,0.8152733845458653
0.6681481481481482,0.8151830094893809
0.6681235647084969,0.8150926344328965
0.668173062675952,0.8150926344328965
0.6682225679780692,0.8150926344328965
0.668197984588026,0.8150022593764121
0.6681733975546499,0.8149118843199277
0.6681983250574371,0.8148215092634433
0.6682232599510785,0.8147311342069589
0.6681986656782802,0.8146407591504745
0.6682482022388613,0.8146407591504745
0.668273151924075,0.81455038409399
0.6682485540560581,0.8144600090375056
0.6682239525398591,0.8143696339810212
0.6682735093444082,0.8143696339810212
0.6682489060298153,0.8142792589245368
0.6682242990654206,0.8141888838680524
0.6681996884504117,0.814098508811568
0.6682246457452333,0.8140081337550836
0.6682000296779937,0.8139177586985992
0.6681754099577057,0.8138273836421148
0.668200371057514,0.8137370085856304
0.668175745880956,0.8136466335291459
0.668225339568025,0.8136466335291459
0.6682007125890737,0.8135562584726616
0.6682503154925395,0.8135562584726616
0.6682256867112101,0.8134658834161771
0.6682752988343604,0.8134658834161771
0.6682506682506683,0.8133755083596927
0.6682260340090592,0.8132851333032083
0.6682013961087182,0.8131947582467239
0.6682510211659859,0.8131947582467239
0.6682263814616756,0.8131043831902395
0.6682017380970066,0.8130140081337551
0.6682267290691628,0.8129236330772707
0.6682020802377414,0.8128332580207862
0.6682270768316243,0.8127428829643019
0.6682024225310248,0.8126525079078174
0.6681777645659929,0.812562132851333
0.6682274247491639,0.812562132851333
0.6682770923145533,0.812562132851333
0.6682524344012488,0.8124717577948486
0.668302111210229,0.8124717577948486
0.6682774514905955,0.8123813827383642
0.6682527881040892,0.8122910076818798
0.6682778108268888,0.8122006326253954
0.6682531419647505,0.812110257568911
0.668302840993604,0.812110257568911
0.6682781703235403,0.8120198825124265
0.6683032061295842,0.8119295074559422
0.6683282493862064,0.8118391323994577
0.6683035714285714,0.8117487573429734
0.6683533000967334,0.8117487573429734
0.6683286203304063,0.8116583822864889
0.668353676689491,0.8115680072300046
0.6683289914402679,0.8114776321735201
0.6683043025160041,0.8113872571170357
0.6683540534504578,0.8113872571170357
0.6683791229245775,0.8112968820605513
0.6684041998659618,0.8112065070040668
0.6683795055108728,0.8111161319475825
0.6684292842779475,0.8111161319475825
0.6684790704603009,0.8111161319475825
0.6684543761638734,0.811025756891098
0.6684794755270804,0.8109353818346137
0.6684547757413202,0.8108450067781292
0.6684300722747932,0.8107546317216449
0.6684053651266766,0.8106642566651604
0.6683806542961472,0.810573881608676
0.668430466537487,0.810573881608676
0.6684057538943132,0.8104835065521916
0.6684308609765188,0.8103931314957071
0.6684061428358431,0.8103027564392228
0.6683814210094684,0.8102123813827383
0.6683566954965703,0.810122006326254
0.668331966296324,0.8100316312697695
0.6683072334079045,0.8099412562132852
0.6683570736072787,0.8099412562132852
0.6683323389021479,0.8098508811568007
0.6683076005071977,0.8097605061003164
0.6683574518872146,0.8097605061003164
0.6683327116747483,0.8096701310438319
0.6683578303364919,0.8095797559873474
0.6683330846142367,0.8094893809308631
0.6683829564957839,0.8094893809308631
0.6683582089552239,0.8093990058743786
0.6683833407971339,0.8093086308178943
0.6684084801433263,0.8092182557614098
0.6683837252706234,0.8091278807049255
0.6683589667015082,0.809037505648441
0.6684088703053834,0.809037505648441
0.668384109916368,0.8089471305919567
0.6684092606422704,0.8088567555354722
0.6684591829113451,0.8088567555354722
0.6684344188825814,0.8087663804789877
0.6684595846406693,0.8086760054225034
0.6684847579199044,0.8085856303660189
0.6684599865501009,0.8084952553095346
0.6685099387236586,0.8084952553095346
0.6685351270553064,0.8084048802530501
0.6685103520442485,0.8083145051965658
0.668560322918224,0.8083145051965658
0.6685855263157895,0.8082241301400813
0.6685607476635514,0.808133755083597
0.6685859567785837,0.8080433800271125
0.668611173435046,0.807953004970628
0.6686363976363229,0.8078626299141437
0.6686116098144823,0.8077722548576592
0.6686368397426306,0.8076818798011749
0.6686120463898242,0.8075915047446904
0.6686620772223885,0.8075915047446904
0.6686372820474444,0.8075011296882061
0.6686124831612034,0.8074107546317216
0.6686625252600853,0.8074107546317216
0.66868777603114,0.8073203795752373
0.6687130343640039,0.8072300045187528
0.6686882300089847,0.8071396294622684
0.6687383002620741,0.8071396294622684
0.6687134940841696,0.807049254405784
0.6687387657279809,0.8069588793492996
0.6687640449438202,0.8068685042928152
0.6688141433815267,0.8068685042928152
0.6687893317350914,0.8067781292363307
0.6688146261052,0.8066877541798464
0.6687898089171974,0.8065973791233619
0.668839928057554,0.8065973791233619
0.6688151090459417,0.8065070040668776
0.6688404167603628,0.8064166290103931
0.6688155922038981,0.8063262539539087
0.6687907639253318,0.8062358788974243
0.6688409056830109,0.8062358788974243
0.6688160755792157,0.8061455038409399
0.6687912417516497,0.8060551287844555
0.6687664041994751,0.805964753727971
0.6688165591720414,0.805964753727971
0.6687917197929948,0.8058743786714867
0.668817042982522,0.8057840036150022
0.6687921980495124,0.8056936285585179
0.6687673493885513,0.8056032535020334
0.6687424969987995,0.805512878445549
0.6687176408794178,0.8054225033890646
0.6687678223022663,0.8054225033890646
0.6687429643527204,0.8053321283325802
0.6687682954289574,0.8052417532760958
0.6687434319171296,0.8051513782196114
0.6687936341115532,0.8051513782196114
0.6687687687687688,0.805061003163127
0.6687941132302148,0.8049706281066425
0.6687692423218442,0.8048802530501582
0.6687945925647766,0.8047898779936737
0.6688199504243972,0.8046995029371893
0.6687950721153846,0.8046091278807049
0.6687701900683645,0.8045187528242205
0.6688204357625845,0.8045187528242205
0.668795551882185,0.8044283777677361
0.668770664262098,0.8043380027112517
0.6688209213196062,0.8043380027112517
0.6687960318653239,0.8042476276547673
0.6688214070956103,0.8041572525982829
0.6688467899563976,0.8040668775417985
0.668821893090745,0.803976502485314
0.6687969924812031,0.8038861274288296
0.6687720881269268,0.8037957523723452
0.6687471800270718,0.8037053773158608
0.6687725631768953,0.8036150022593764
0.6688228657389996,0.8036150022593764
0.6687979539641944,0.803524627202892
0.6687730384412849,0.8034342521464076
0.6688233523924165,0.8034342521464076
0.6687984350312242,0.8033438770899232
0.668823839265558,0.8032535020334388
0.6688492511477384,0.8031631269769544
0.6688746706812194,0.8030727519204699
0.6688497440529961,0.8029823768639855
0.6689000978694573,0.8029823768639855
0.6688751694021985,0.8028920018075011
0.6689255327159099,0.8028920018075011
0.6689509752240379,0.8028016267510167
0.6689260430787769,0.8027112516945323
0.6689764253973036,0.8027112516945323
0.6689514914130762,0.8026208766380479
0.6689265536723163,0.8025305015815635
0.6689520078354554,0.8024401265250791
0.6689270644966847,0.8023497514685947
0.6689021173988395,0.8022593764121102
0.6689525244913338,0.8022593764121102
0.669002939181551,0.8022593764121102
0.6689779921615918,0.8021690013556259
0.6689530413808699,0.8020786262991414
0.6689785148888051,0.801988251242657
0.668953558504222,0.8018978761861726
0.6689285983563297,0.8018075011296882
0.6689790378525109,0.8018075011296882
0.6689540758615489,0.8017171260732038
0.6689795610528697,0.8016267510167194
0.6690050539337709,0.801536375960235
0.6689800844900422,0.8014460009037505
0.669030554507733,0.8014460009037505
0.6690055832201599,0.8013556258472662
0.6689806081641892,0.8012652507907817
0.6690310896468458,0.8012652507907817
0.6690061127462078,0.8011748757342974
0.6690566037735849,0.8011748757342974
0.669031625028304,0.8010845006778129
0.6690571450139654,0.8009941256213285
0.6690826727066818,0.8009037505648441
0.669057686499547,0.8008133755083597
0.6690326965189156,0.8007230004518753
0.6690582282304962,0.8006326253953908
0.6690332326283988,0.8005422503389065
0.6690082332502455,0.800451875282422
0.669033768980887,0.8003615002259377
0.6690087639770324,0.8002711251694532
0.6690343055765453,0.8001807501129689
0.669009294944457,0.8000903750564844
0.6689842805320435,0.8
0.6689592623384476,0.7999096249435156
0.6689342403628118,0.7998192498870311
0.6689092146042784,0.7997288748305468
0.6689597822800121,0.7997288748305468
0.6689853319219718,0.7996384997740623
0.6690359168241966,0.7996384997740623
0.669010889292196,0.799548124717578
0.6690614837782651,0.799548124717578
0.6690364543941915,0.7994577496610935
0.6690114212238106,0.7993673746046092
0.6689863842662632,0.7992769995481247
0.6689613435206899,0.7991866244916404
0.6689869107967013,0.7990962494351559
0.6689618644067796,0.7990058743786714
0.6689368142262581,0.7989154993221871
0.6689117602542758,0.7988251242657026
0.6689623855294029,0.7988251242657026
0.6689373297002725,0.7987347492092183
0.6689879645749754,0.7987347492092183
0.6689629068887206,0.7986443741527338
0.6689378454084336,0.7985539990962495
0.6689127801332526,0.798463624039765
0.6689634284848944,0.798463624039765
0.6689383613509011,0.7983732489832807
0.6689890193108671,0.7983732489832807
0.6690146178898735,0.7982828739267962
0.6690402242254375,0.7981924988703117
0.6690151515151516,0.7981021238138274
0.6690407637520837,0.7980117487573429
0.6690156853830416,0.7979213737008586
0.6690413035240621,0.7978309986443741
0.6690162194937093,0.7977406235878898
0.6690669294322746,0.7977406235878898
0.6690418435415403,0.7976502485314053
0.6690167538473202,0.797559873474921
0.668991660348749,0.7974694984184365
0.6689665630449617,0.797379123361952
0.6689414619350925,0.7972887483054677
0.6689670863036554,0.7971983732489832
0.6689419795221843,0.7971079981924989
0.6689168689320388,0.7970176231360144
0.6688917545323523,0.7969272480795301
0.6689424973448642,0.7969272480795301
0.6689173810788256,0.7968368730230456
0.6688922610015174,0.7967464979665613
0.6688671371120722,0.7966561229100768
0.6688420094096221,0.7965657478535924
0.6688927677012977,0.7965657478535924
0.6689184060721063,0.796475372797108
0.6689440522280422,0.7963849977406235
0.6689697061726521,0.7962946226841392
0.6689953679094844,0.7962042476276547
0.6689702308626975,0.7961138725711704
0.6689958985265076,0.7960234975146859
0.6689707557918724,0.7959331224582016
0.6689456092373138,0.7958427474017171
0.6689204588619616,0.7957523723452327
0.6688953046649445,0.7956619972887483
0.6688701466453917,0.7955716222322639
0.6689209726443769,0.7955716222322639
0.6688958127517288,0.7954812471757795
0.6688706490348078,0.795390872119295
0.6688454814927415,0.7953004970628107
0.6688963210702341,0.7953004970628107
0.6688711516533637,0.7952101220063262
0.6688968296206189,0.7951197469498419
0.6689225153980686,0.7950293718933574
0.6688973384030418,0.794938996836873
0.6689230301186492,0.7948486217803886
0.6688978474176618,0.7947582467239042
0.6689235450741727,0.7946678716674198
0.6689492505516245,0.7945774966109354
0.668974963853588,0.794487121554451
0.6690006849836365,0.7943967464979665
0.6689754909423048,0.7943063714414822
0.6689502930653879,0.7942159963849977
0.6690012180267966,0.7942159963849977
0.6689760182717929,0.7941256213285133
0.6690017513134852,0.7940352462720289
0.6690274921940447,0.7939448712155445
0.669002284843869,0.7938544961590601
0.6690532409170539,0.7938544961590601
0.6690789974860973,0.7937641211025757
0.6690537863781807,0.7936737460460913
0.6690285714285714,0.7935833709896069
0.6690543320886992,0.7934929959331225
0.6690291114159427,0.793402620876638
0.6690038868988644,0.7933122458201536
0.6690296516502782,0.7932218707636692
0.6690554242585958,0.7931314957071848
0.6690301921317475,0.7930411206507004
0.669004956157072,0.792950745594216
0.6690559707183164,0.792950745594216
0.6690307328605201,0.7928603705377316
0.6690054911531421,0.7927699954812472
0.6689802455953017,0.7926796204247628
0.6690060263940804,0.7925892453682784
0.6689807750991761,0.7924988703117939
0.6689555199511711,0.7924084952553095
0.6689302609491836,0.7923181201988251
0.6689813048454788,0.7923181201988251
0.6689560439560439,0.7922277451423407
0.6689818348343765,0.7921373700858563
0.6690076335877863,0.7920469950293719
0.6690334402198809,0.7919566199728875
0.6690081698098801,0.7918662449164031
0.6689828955406231,0.7917758698599187
0.6690087062776844,0.7916854948034342
0.668983426258306,0.7915951197469498
0.6689581423770241,0.7915047446904654
0.6689328546329539,0.791414369633981
0.668958667583467,0.7913239945774966
0.6690097799511002,0.7913239945774966
0.6689844884236265,0.7912336195210122
0.6689591930307198,0.7911432444645278
0.6690103171570501,0.7911432444645278
0.6689850198715989,0.7910528694080434
0.6690108546093869,0.790962494351559
0.6690366972477064,0.7908721192950745
0.6690878507531157,0.7908721192950745
0.669062547790182,0.7907817442385902
0.6690372409574061,0.7906913691821057
0.6690630975143403,0.7906009941256213
0.6690889619827125,0.7905106190691369
0.66906364749082,0.7904202440126525
0.6690895179801071,0.7903298689561681
0.669064197719795,0.7902394938996837
0.6690388735843281,0.7901491188431993
0.6690900742328002,0.7901491188431993
0.6690647482014388,0.7900587437867148
0.6691159586681975,0.7900587437867148
0.6690906307409675,0.7899683687302305
0.6690652989359259,0.789877993673746
0.6690399632521818,0.7897876186172617
0.6690146236888447,0.7896972435607772
0.6690405084615973,0.7896068685042928
0.6690917445244294,0.7896068685042928
0.6690664011641265,0.7895164934478084
0.6690410539215687,0.789426118391324
0.6690157027958636,0.7893357433348396
0.6689903477861192,0.7892453682783551
0.6689649888914426,0.7891549932218708
0.669016242721422,0.7891549932218708
0.6690421455938698,0.7890646181653863
0.6690680564071122,0.788974243108902
0.6690939751648015,0.7888838680524175
0.6690686086623228,0.7887934929959332
0.6691199018705919,0.7887934929959332
0.669094533466227,0.7887031179394487
0.6691458365281399,0.7887031179394487
0.6691204662219155,0.7886127428829643
0.6690950920245399,0.7885223678264799
0.6690697139351177,0.7884319927699954
0.6691210308329498,0.7884319927699954
0.6690956508399172,0.7883416177135111
0.669070266953053,0.7882512426570266
0.6691215957038742,0.7882512426570266
0.6690962099125365,0.7881608676005423
0.6690708202255812,0.7880704925440578
0.669122160834868,0.7880704925440578
0.6691481197237145,0.7879801174875735
0.6691740865827449,0.787889742431089
0.6691486911798572,0.7877993673746047
0.6691232918777829,0.7877089923181202
0.6690978886756238,0.7876186172616357
0.6690724815724816,0.7875282422051514
0.6691238577900638,0.7875282422051514
0.6690984487789894,0.7874378671486669
0.6691498348821135,0.7874378671486669
0.6692012288786482,0.7874378671486669
0.6691758199554497,0.7873474920921826
0.6691504071285912,0.7872571170356981
0.6691763982790412,0.7871667419792138
0.669202397418165,0.7870763669227293
0.6692538230999769,0.7870763669227293
0.6692284045496465,0.786985991866245
0.6692544196771714,0.7868956168097605
0.6692289953109386,0.786805241753276
0.669255016529561,0.7867148666967917
0.6692810457516339,0.7866244916403072
0.6693070829808506,0.7865341165838229
0.6692816489770804,0.7864437415273384
0.6693076923076923,0.7863533664708541
0.6693337436528697,0.7862629914143696
0.6693852427483266,0.7862629914143696
0.6693598030163127,0.7861726163578853
0.6693343593689881,0.7860822413014008
0.6693858704017239,0.7860822413014008
0.6693604248441468,0.7859918662449163
0.6694119458128078,0.7859918662449163
0.6694380292532718,0.785901491188432
0.6694125798752791,0.7858111161319475
0.6694641207268247,0.7858111161319475
0.6694386694386695,0.7857207410754632
0.66941321423071,0.7856303660189787
0.6693877551020408,0.7855399909624944
0.6694393099199014,0.7855399909624944
0.6694654136496687,0.7854496159060099
0.6694399506971728,0.7853592408495256
0.6694144838212635,0.7852688657930411
0.6693890130210339,0.7851784907365567
0.6694405917706888,0.7851784907365567
0.6694151190567927,0.7850881156800723
0.6694667077681874,0.7850881156800723
0.6694412331406551,0.7849977406235878
0.6694157545860953,0.7849073655671035
0.6694673552763432,0.7849073655671035
0.6694934854675815,0.784816990510619
0.669519623718097,0.7847266154541347
0.669494139420111,0.7846362403976502
0.6695457700316187,0.7846362403976502
0.6695202838192195,0.7845458653411659
0.6695719244118782,0.7845458653411659
0.6696235729713051,0.7845458653411659
0.6695980868626089,0.7844554902846814
0.669649745409659,0.7844554902846814
0.6696242573875473,0.784365115228197
0.6696504359904314,0.7842747401717126
0.6696249421206977,0.7841843651152282
0.6695994443158139,0.7840939900587438
0.6695739425748688,0.7840036150022593
0.6696001235139725,0.783913239945775
0.6695746159190921,0.7838228648892905
0.669626312538604,0.7838228648892905
0.6696525096525097,0.7837324898328062
0.669704224264422,0.7837324898328062
0.6696787148594378,0.7836421147763217
0.6696532015138642,0.7835517397198373
0.6696794129007339,0.7834613646633529
0.6696538936959209,0.7833709896068685
0.6696283705477865,0.7832806145503841
0.6696545861989027,0.7831902394938997
0.6696808099544014,0.7830998644374153
0.6696552790230329,0.7830094893809308
0.6696297441447012,0.7829191143244465
0.669655972168535,0.782828739267962
0.6696304314210608,0.7827383642114776
0.6696822083043378,0.7827383642114776
0.6696566656356325,0.7826479891549932
0.6696311190163173,0.7825576140985088
0.6696573594245495,0.7824672390420244
0.6696836079523478,0.78237686398554
0.6697098646034816,0.7822864889290556
0.6696843082636954,0.7821961138725712
0.6696587479687379,0.7821057388160868
0.66968500890024,0.7820153637596023
0.6696594427244582,0.7819249887031179
0.6696338725907578,0.7818346136466335
0.6696857098622078,0.7818346136466335
0.6697375551598669,0.7818346136466335
0.6697119851347166,0.7817442385901491
0.6697382685457642,0.7816538635336647
0.6697126926353287,0.7815634884771803
0.6697389822631864,0.7814731134206959
0.669713400464756,0.7813827383642115
0.6697396963123644,0.7812923633077271
0.6697141086232277,0.7812019882512427
0.6696885169688517,0.7811116131947582
0.6697148171109734,0.7810212381382738
0.6696892195613423,0.7809308630817894
0.6697411254069137,0.7809308630817894
0.6697155259282226,0.780840488025305
0.6697674418604651,0.780840488025305
0.6697418404527483,0.7807501129688206
0.6697162350752055,0.7806597379123362
0.6697425558312655,0.7805693628558518
0.669716944552152,0.7804789877993674
0.6697432715426976,0.780388612742883
0.6697176543592925,0.7802982376863985
0.6697696067023505,0.7802982376863985
0.6697439875872769,0.7802078626299142
0.6697183644968577,0.7801174875734297
0.6697447039652363,0.7800271125169453
0.6697190749650784,0.7799367374604609
0.6696934419868064,0.7798463624039765
0.669667805029494,0.7797559873474921
0.6697197857641853,0.7797559873474921
0.6696941468716038,0.7796656122910077
0.6697204968944099,0.7795752372345233
0.6696948520847892,0.7794848621780388
0.6696692032924367,0.7793944871215545
0.6696955576265922,0.77930411206507
0.669747572815534,0.77930411206507
0.6697219201491378,0.7792137370085856
0.6696962634972423,0.7791233619521012
0.6696706028589186,0.7790329868956168
0.6696449382332376,0.7789426118391324
0.6696192696192697,0.778852236782648
0.6696713031315564,0.778852236782648
0.669645632576935,0.7787618617261636
0.6696720037307633,0.7786714866696791
0.6696983830845771,0.7785811116131948
0.6696727046567674,0.7784907365567103
0.6696470222360441,0.778400361500226
0.6696734059097978,0.7783099864437415
0.6696997977912583,0.7782196113872571
0.6697261978842564,0.7781292363307727
0.6697526061926249,0.7780388612742883
0.6697269120049794,0.7779484862178039
0.6697533265893705,0.7778581111613194
0.6698054474708172,0.7778581111613194
0.6697797493968403,0.7777677361048351
0.6697540473225405,0.7776773610483506
0.6697283412469838,0.7775869859918663
0.6697026311692356,0.7774966109353818
0.6696769170883612,0.7774062358788975
0.6697033403410418,0.777315860822413
0.6696776203083632,0.7772254857659286
0.6697297718246242,0.7772254857659286
0.6697040498442368,0.7771351107094442
0.6697562115429551,0.7771351107094442
0.6697826594998831,0.7770447356529597
0.6698091156992598,0.7769543605964754
0.6697833878759545,0.7768639855399909
0.6697576560430141,0.7767736104835066
0.6697841165926273,0.7766832354270221
0.6697583787996882,0.7765928603705378
0.6698105853924702,0.7765928603705378
0.6698370624464021,0.7765024853140533
0.6698892873849992,0.7765024853140533
0.6698635477582846,0.776412110257569
0.6698378041172801,0.7763217352010845
0.6698900413319816,0.7763217352010845
0.6699165431713595,0.7762313601446
0.669943053280287,0.7761409850881157
0.6699173037915431,0.7760506100316312
0.6699695716626356,0.7760506100316312
0.6699438202247191,0.7759602349751469
0.6699960983222786,0.7759602349751469
0.6699703449352271,0.7758698599186624
0.6699445875282916,0.7757794848621781
0.6699968779269435,0.7757794848621781
0.6700234192037471,0.7756891098056936
0.6700757280037474,0.7756891098056936
0.670049968769519,0.7755987347492093
0.6700242055126103,0.7755083596927248
0.6699984382320787,0.7754179846362403
0.6700507614213198,0.7754179846362403
0.6701030927835051,0.7754179846362403
0.6700773256268062,0.775327609579756
0.6701296672394939,0.775327609579756
0.6701038981329583,0.7752372345232715
0.670078125,0.7751468594667872
0.6701304789436675,0.7751468594667872
0.6701047038599781,0.7750564844103027
0.6701570680628273,0.7750564844103027
0.6701312910284464,0.7749661093538184
0.67010550996483,0.7748757342973339
0.6701578865093012,0.7748757342973339
0.6701321034940984,0.7747853592408496
0.6701063164477798,0.7746949841843651
0.6700805253694003,0.7746046091278807
0.6701329163408913,0.7746046091278807
0.6701071233090937,0.7745142340713963
0.6700813262433531,0.7744238590149118
0.670055525142723,0.7743334839584275
0.6700297200062568,0.774243108901943
0.6700039108330075,0.7741527338454587
0.6700563204005007,0.7741527338454587
0.6700829291190737,0.7740623587889742
0.6701095461658841,0.7739719837324899
0.6701361715448427,0.7738816086760054
0.6701628052598623,0.773791233619521
0.6701369863013699,0.7737008585630366
0.6701111633004541,0.7736104835065521
0.6700853362561654,0.7735201084500678
0.6701378014406514,0.7735201084500678
0.6701119724375538,0.7734297333935833
0.6701644479248238,0.7734297333935833
0.6701911027568922,0.773339358337099
0.6701652698362967,0.7732489832806145
0.6701394328685571,0.7731586082241302
0.6701135918527222,0.7730682331676457
0.6700877467878408,0.7729778581111613
0.6701402491577215,0.7729778581111613
0.6701144021313273,0.7728874830546769
0.6701669148185879,0.7728874830546769
0.670141065830721,0.7727971079981925
0.6701152127909711,0.7727067329417081
0.6701418828878263,0.7726163578852236
0.6701160238319223,0.7725259828287393
0.6701427003293084,0.7724356077722548
0.6701693851944793,0.7723452327157705
0.6701435181554388,0.772254857659286
0.6701960784313725,0.772254857659286
0.6701702094281905,0.7721644826028016
0.6701443363664888,0.7720741075463172
0.6701184592453127,0.7719837324898328
0.6700925780637063,0.7718933574333484
0.670066692820714,0.771802982376864
0.6700408035153798,0.7717126073203796
0.6700149101467472,0.7716222322638951
0.6699890127138597,0.7715318572074108
0.6700415979907386,0.7715318572074108
0.6700156985871272,0.7714414821509263
0.6700423928403203,0.7713511070944419
0.6700164873989165,0.7712607320379575
0.6700431880643894,0.7711703569814731
0.6700172765823779,0.7710799819249887
0.6699913610303935,0.7709896068685043
0.6700439836632108,0.7709896068685043
0.6700706991358995,0.7708992318120199
0.6700447796370492,0.7708088567555355
0.6700715015321757,0.7707184816990511
0.6700455759861701,0.7706281066425666
0.6700723043068217,0.7705377315860822
0.6700990410312844,0.7704473565295978
0.6701517176322617,0.7704473565295978
0.670125786163522,0.7703569814731134
0.6700998506171869,0.770266606416629
0.6700739109922944,0.7701762313601446
0.6700479672878824,0.7700858563036602
0.6700747149036571,0.7699954812471758
0.6701274185936763,0.7699954812471758
0.6701014709352631,0.7699051061906914
0.6701541850220264,0.7699051061906914
0.670128235386673,0.769814731134207
0.6701550082618617,0.7697243560777225
0.6701817895648068,0.7696339810212381
0.6701558318904455,0.7695436059647537
0.6702085792994884,0.7695436059647537
0.6701826196473551,0.7694532309082693
0.670235377469889,0.7694532309082693
0.6702621840799937,0.7693628558517849
0.6702362204724409,0.7692724807953005
0.6702102527758091,0.7691821057388161
0.6702370638733559,0.7690917306823317
0.6702110901071203,0.7690013556258473
0.6701851122489169,0.7689109805693628
0.6702119278342393,0.7688206055128785
0.6701859439016703,0.768730230456394
0.6702127659574468,0.7686398553999096
0.6701867759476712,0.7685494803434252
0.6702395964691047,0.7685494803434252
0.6702136044770237,0.7684591052869408
0.6702404414662988,0.7683687302304564
0.6702932828760644,0.7683687302304564
0.6702672869194986,0.768278355173972
0.6702412868632708,0.7681879801174876
0.6702152827064112,0.7680976050610031
0.6702681388012618,0.7680976050610031
0.6702421326603044,0.7680072300045188
0.6702689910862192,0.7679168549480343
0.6702429788576838,0.76782647989155
0.6702698437746568,0.7677361048350655
0.6702438254556932,0.7676457297785811
0.670217803030303,0.7675553547220967
0.670191776497514,0.7674649796656123
0.6701657458563536,0.7673746046091279
0.6702186439340122,0.7673746046091279
0.6701926113040733,0.7672842295526434
0.6702455198547407,0.7672842295526434
0.670219485236065,0.7671938544961591
0.6702463676563487,0.7671034794396746
0.6702203269367448,0.7670131043831903
0.6702732585689465,0.7670131043831903
0.6703001579778831,0.7669227293267058
0.6703270658871859,0.7668323542702215
0.6703539823008849,0.766741979213737
0.6704069537732121,0.766741979213737
0.6703809072230125,0.7666516041572526
0.6704078406576035,0.7665612291007682
0.6704608331357205,0.7665612291007682
0.6704347826086956,0.7664708540442837
0.6704617330803289,0.7663804789877994
0.6704356764450067,0.7662901039313149
0.6704096156887553,0.7661997288748306
0.6703835508105971,0.7661093538183461
0.6704365707054729,0.7661093538183461
0.6704105038361149,0.7660189787618618
0.6703844328429046,0.7659286037053773
0.6704374653903963,0.7659286037053773
0.6704113924050633,0.765838228648893
0.6704383605000791,0.7657478535924085
0.6704122813959009,0.765657478535924
0.6704392560348239,0.7655671034794397
0.6704131708089283,0.7654767284229552
0.6704401519949335,0.7653863533664709
0.670467141726049,0.7652959783099864
0.6704410483807111,0.7652056032535021
0.6704941400063351,0.7652056032535021
0.6704680446661915,0.7651152281970176
0.6705211468398543,0.7651152281970176
0.6704950495049505,0.7650248531405333
0.670468948035488,0.7649344780840488
0.6705220629010537,0.7649344780840488
0.6704959594359056,0.7648441030275643
0.6705229793977813,0.76475372797108
0.6705500079251863,0.7646633529145955
0.6705770450221941,0.7645729778581112
0.670604090692881,0.7644826028016267
0.6706311449413257,0.7643922277451424
0.6706050273570692,0.7643018526886579
0.6706320881909748,0.7642114776321736
0.6706591576108512,0.7641211025756891
0.6707123591940346,0.7641211025756891
0.6706862356207854,0.7640307275192046
0.6706601079022533,0.7639403524627203
0.6707133222248671,0.7639403524627203
0.6706871925091256,0.7638499774062358
0.6707142857142857,0.7637596023497515
0.6707675212318438,0.7637596023497515
0.6707413875218289,0.763669227293267
0.6707152496626181,0.7635788522367827
0.6706891076532232,0.7634884771802982
0.6706629614926558,0.7633981021238139
0.6706368111799269,0.7633077270673294
0.6706639135959339,0.763217352010845
0.6706377571281074,0.7631269769543606
0.6706115965051628,0.7630366018978761
0.6706648661529907,0.7630366018978761
0.6706387035271687,0.7629462268413918
0.6706658191641507,0.7628558517849073
0.6706929434202161,0.762765476728423
0.6706667726297385,0.7626751016719385
0.6706939035052858,0.7625847266154542
0.6707210430081882,0.7624943515589697
0.6706948640483383,0.7624039765024853
0.6707481911425618,0.7624039765024853
0.6707220101781171,0.7623136014460009
0.6707491649435343,0.7622232263895165
0.670722977809592,0.7621328513330321
0.6706967865097041,0.7620424762765476
0.6706705910428764,0.7619521012200633
0.6706443914081146,0.7618617261635788
0.6706715467854869,0.7617713511070945
0.670645340972388,0.76168097605061
0.6706191309883813,0.7615906009941256
0.6706462909901305,0.7615002259376412
0.6706734596401847,0.7614098508811568
0.6707006369426751,0.7613194758246724
0.6706744167529262,0.761229100768188
0.6707278229017359,0.761229100768188
0.6707016007008043,0.7611387257117036
0.6707287933094385,0.7610483506552191
0.6707025649195476,0.7609579755987348
0.670729764181007,0.7608676005422503
0.6707035295992351,0.7607772254857659
0.6707569721115538,0.7607772254857659
0.6708104231412861,0.7607772254857659
0.6707841887153331,0.7606868504292815
0.6707579501075954,0.7605964753727971
0.6707317073170732,0.7605061003163127
0.670705460342766,0.7604157252598283
0.6707326795822371,0.7603253502033439
0.6707064264072715,0.7602349751468594
0.6707599075033889,0.7602349751468594
0.6707336523125996,0.7601446000903751
0.6707073929340458,0.7600542250338906
0.6707346255084948,0.7599638499774062
0.6707083599234206,0.7598734749209218
0.6707618667730355,0.7598734749209218
0.670789116731828,0.7597830998644374
0.6707628471113948,0.759692724807953
0.6707365732982205,0.7596023497514686
0.6707102952913009,0.7595119746949842
0.6707375478927203,0.7594215996384998
0.6707112636704717,0.7593312245820154
0.6707385229540919,0.759240849525531
0.6707657909446618,0.7591504744690465
0.6707394984826704,0.7590600994125621
0.6707132018209409,0.7589697243560777
0.6707404744787923,0.7588793492995933
0.6707677558520412,0.7587889742431089
0.6707414509427932,0.7586985991866245
0.6707950459448662,0.7586985991866245
0.6708223447614481,0.7586082241301401
0.6707960358056266,0.7585178490736557
0.6707697226440732,0.7584274740171713
0.6708233413269384,0.7584274740171713
0.6707970261411783,0.7583370989606868
0.6708506555804286,0.7583370989606868
0.6708779785702863,0.7582467239042024
0.6708516593362654,0.758156348847718
0.6708789890426298,0.7580659737912336
0.6708526635738282,0.7579755987347492
0.6709063274938005,0.7579755987347492
0.67088,0.7578852236782648
0.6708536682934635,0.7577948486217804
0.6708273323731797,0.757704473565296
0.6708810114427463,0.757704473565296
0.6708546734955185,0.7576140985088116
0.6708820233712182,0.7575237234523271
0.670855679180341,0.7574333483958428
0.6709093820044829,0.7574333483958428
0.6708830357857658,0.7573429733393583
0.6708566853482786,0.757252598282874
0.6708303306910081,0.7571622232263895
0.6708576919996797,0.7570718481699051
0.6708850620744894,0.7569814731134207
0.6709124409196507,0.7568910980569363
0.6708860759493671,0.7568007230004519
0.6709398285393798,0.7568007230004519
0.6709672249378956,0.7567103479439674
0.6709408559063953,0.7566199728874831
0.6709144826480724,0.7565295978309986
0.6709682590573902,0.7565295978309986
0.670941883767535,0.7564392227745143
0.6709155042488376,0.7563488477180298
0.6709429121231558,0.7562584726615454
0.6709165263411114,0.756168097605061
0.6708901363271852,0.7560777225485766
0.6708637420803593,0.7559873474920922
0.670837343599615,0.7558969724356077
0.6708109408839336,0.7558065973791234
0.6707845339322959,0.7557162223226389
0.6707581227436823,0.7556258472661546
0.6708119383825417,0.7556258472661546
0.6707855251544572,0.7555354722096701
0.6707591076873696,0.7554450971531858
0.6707326859802584,0.7553547220967013
0.6707600931053856,0.7552643470402169
0.6707336651147857,0.7551739719837325
0.670707232881111,0.755083596927248
0.6707610789980732,0.755083596927248
0.6707346447209955,0.7549932218707637
0.6707082061988117,0.7549028468142792
0.6706817634304987,0.7548124717577949
0.6707091799855434,0.7547220967013104
0.6706827309236948,0.7546317216448261
0.6707101542416453,0.7545413465883416
0.670764039527597,0.7545413465883416
0.670737586373132,0.7544509715318573
0.6707650273224044,0.7543605964753728
0.6707385678694848,0.7542702214188883
0.6707924770937148,0.7542702214188883
0.6708199356913184,0.754179846362404
0.6708474031194726,0.7540894713059195
0.6708748793824381,0.7539990962494352
0.6708484117410535,0.7539087211929507
0.6708219398423677,0.7538183461364664
0.6707954636853535,0.7537279710799819
0.6707689832689833,0.7536375960234976
0.6708229426433915,0.7536375960234976
0.6708769106999195,0.7536375960234976
0.6708504304449272,0.7535472209670131
0.6708239459285484,0.7534568459105286
0.6707974571497546,0.7533664708540443
0.6708249496981892,0.7532760957975598
0.6707984546039922,0.7531857207410755
0.6707719552443049,0.753095345684591
0.6707994525400531,0.7530049706281067
0.6707729468599034,0.7529145955716222
0.6708004509582863,0.7528242205151379
0.6708279639175257,0.7527338454586534
0.6708014498590414,0.752643470402169
0.670774931528919,0.7525530953456846
0.6707484089261259,0.7524627202892001
0.6708024492426684,0.7524627202892001
0.6707759245830311,0.7523723452327158
0.6708034491095173,0.7522819701762313
0.6707769181173436,0.752191595119747
0.6707503828483921,0.7521012200632625
0.6708044494599388,0.7521012200632625
0.6708319896807482,0.7520108450067782
0.6708595387840671,0.7519204699502937
0.6708329973389243,0.7518300948938093
0.670860553270425,0.7517397198373249
0.6708340054847556,0.7516493447808404
0.6708074534161491,0.7515589697243561
0.6707808970635689,0.7514685946678716
0.6708084557043731,0.7513782196113873
0.6708360232408005,0.7512878445549028
0.6708094584779275,0.7511974694984185
0.6707828894269572,0.751107094441934
0.670810461737165,0.7510167193854496
0.6708380429517197,0.7509263443289652
0.6708114654824384,0.7508359692724808
0.6707848837209303,0.7507455942159964
0.6708390535411451,0.7507455942159964
0.6708124697141011,0.7506552191595119
0.6707858815927631,0.7505648441030276
0.6708400646203554,0.7505648441030276
0.6708134744325067,0.7504744690465431
0.6708676684440136,0.7504744690465431
0.6708410761897067,0.7503840939900588
0.670814479638009,0.7502937189335743
0.6708420882495555,0.7502033438770899
0.6708154853309626,0.7501129688206055
0.6707888781118655,0.7500225937641211
0.6708431008002587,0.7500225937641211
0.670816491511722,0.7499322187076367
0.670789877920608,0.7498418436511523
0.6707632600258733,0.7497514685946679
0.6707366378264736,0.7496610935381834
0.6707642539425799,0.7495707184816991
0.6707376253639599,0.7494803434252146
0.670710992477554,0.7493899683687303
0.6707652483416923,0.7493899683687303
0.6707386133807944,0.7492995933122458
0.6707928802588997,0.7492995933122458
0.6707662432235618,0.7492092182557614
0.6708205211199223,0.7492092182557614
0.6707938820101966,0.749118843199277
0.6707672385885399,0.7490284681427926
0.6707405908539052,0.7489380930863082
0.6707948842480168,0.7489380930863082
0.6707682344369789,0.7488477180298238
0.6708225388601037,0.7488477180298238
0.6707958869727147,0.7487573429733394
0.6708235484654628,0.7486669679168549
0.6708778749595076,0.7486669679168549
0.6708512189195756,0.7485765928603706
0.6708788983394086,0.7484862178038861
0.6708522359040829,0.7483958427474017
0.6708255691485052,0.7483054676909173
0.6707988980716253,0.7482150926344329
0.6707722226723928,0.7481247175779485
0.6707999027473863,0.7480343425214641
0.6707732209434268,0.7479439674649797
0.6708009079118028,0.7478535924084952
0.6708552898256992,0.7478535924084952
0.6708286038592508,0.7477632173520109
0.6708019135652314,0.7476728422955264
0.6707752189425884,0.747582467239042
0.6707485199902684,0.7474920921825576
0.6707762186714251,0.7474017171260732
0.67074951330305,0.7473113420695888
0.6707228036018495,0.7472209670131044
0.6706960895667694,0.74713059195662
0.6706693711967545,0.7470402169001356
0.6706426484907497,0.7469498418436512
0.6706970705185425,0.7469498418436512
0.6706703457230969,0.7468594667871667
0.670724778832887,0.7468594667871667
0.670698051948052,0.7467690917306823
0.6706713207240848,0.7466787166741979
0.6706445851599285,0.7465883416177135
0.6706178452545263,0.7464979665612291
0.6705911010068204,0.7464075915047447
0.6705643524157532,0.7463172164482603
0.6705375994802664,0.7462268413917759
0.6705653021442495,0.7461364663352915
0.6705385427666315,0.746046091278807
0.6705930138099107,0.746046091278807
0.6705662523356893,0.7459557162223226
0.670620734481638,0.7459557162223226
0.6706752254814333,0.7459557162223226
0.6706484641638225,0.7458653411658382
0.6706216984965461,0.7457749661093538
0.6705949284785435,0.7456845910528694
0.670622662981629,0.745594215996385
0.6706771807170149,0.745594215996385
0.670650406504065,0.7455038409399006
0.6706236279372306,0.7454134658834162
0.6705968450154497,0.7453230908269318
0.6706513783849719,0.7453230908269318
0.6706245933636955,0.7452327157704474
0.6706523507401985,0.7451423407139629
0.6706255592613682,0.7450519656574786
0.6705987634233648,0.7449615906009941
0.670571963225124,0.7448712155445097
0.670626525630594,0.7448712155445097
0.6705997233298071,0.7447808404880253
0.670627492471718,0.7446904654315409
0.6706006837050301,0.7446000903750565
0.6706284597850863,0.7445097153185721
0.6706562449112522,0.7444193402620877
0.6706840390879479,0.7443289652056032
0.670711842319596,0.7442385901491189
0.6707396546106223,0.7441482150926344
0.6707674759654554,0.74405784003615
0.6707406502077732,0.7439674649796656
0.6707138200782269,0.7438770899231812
0.6707416462917686,0.7437867148666968
0.6707963159181677,0.7437867148666968
0.6707694815780894,0.7436963398102124
0.6707426428629657,0.743605964753728
0.6707704851202609,0.7435155896972435
0.6707436399217221,0.7434252146407592
0.6707714891534823,0.7433348395842747
0.6707993474714519,0.7432444645277904
0.6707724936781141,0.7431540894713059
0.6707456355033448,0.7430637144148216
0.6707187729460716,0.7429733393583371
0.670773498694517,0.7429733393583371
0.6707466340269278,0.7428829643018527
0.6707197649747021,0.7427925892453683
0.6707476330395038,0.7427022141888838
0.6707207574891846,0.7426118391323995
0.6707486325414319,0.742521464075915
0.6707217504898759,0.7424310890194307
0.6707496325330721,0.7423407139629462
0.6707775236850703,0.7422503389064619
0.670750633014784,0.7421599638499774
0.6707785311657545,0.742069588793493
0.6708064384345126,0.7419792137370086
0.6708612518385357,0.7419792137370086
0.6708343548255291,0.7418888386805241
0.6708074534161491,0.7417984636240398
0.6707805476093175,0.7417080885675553
0.6708084688956102,0.741617713511071
0.6707815565729235,0.7415273384545865
0.6707546398495626,0.7414369633981022
0.6707825660315643,0.7413465883416177
0.6708374223094538,0.7413465883416177
0.6708105013494725,0.7412562132851334
0.6707835759856045,0.7411658382286489
0.6708115183246073,0.7410754631721644
0.6708394698085419,0.7409850881156801
0.6708125357990344,0.7408947130591956
0.6708674304418986,0.7408947130591956
0.6708404943121369,0.7408043380027113
0.6708135537731216,0.7407139629462268
0.6707866088237702,0.7406235878897425
0.670814572247237,0.740533212833258
0.6707876207630588,0.7404428377767737
0.6707606648653075,0.7403524627202892
0.6707337045528988,0.7402620876638047
0.6707616707616708,0.7401717126073204
0.6707347039069539,0.7400813375508359
0.6707077326343381,0.7399909624943516
0.6706807569427378,0.7399005874378671
0.670708725931995,0.7398102123813828
0.6707636840380203,0.7398102123813828
0.6707367040891584,0.7397198373248983
0.670709719718079,0.739629462268414
0.6707377049180328,0.7395390872119295
0.6707107139929502,0.739448712155445
0.6707387062392391,0.7393583370989607
0.6707117087569695,0.7392679620424762
0.6706847068470685,0.7391775869859919
0.6707127040104979,0.7390872119295074
0.6707677165354331,0.7390872119295074
0.6707407103601017,0.7389968368730231
0.670768725900402,0.7389064618165386
0.6707967506359235,0.7388160867600543
0.6708517971442639,0.7388160867600543
0.6708247845711941,0.7387257117035698
0.6707977675640184,0.7386353366470854
0.6708528277107445,0.7386353366470854
0.6708258085700214,0.738544961590601
0.6707987849930219,0.7384545865341166
0.6708268330733229,0.7383642114776322
0.6707998029233043,0.7382738364211477
0.670772768333744,0.7381834613646634
0.6708278580814717,0.7381834613646634
0.6708008213552361,0.7380930863081789
0.6707737801872844,0.7380027112516946
0.6708018402891883,0.7379123361952101
0.6708299096138044,0.7378219611387257
0.6708028597255321,0.7377315860822413
0.6708579881656804,0.7377315860822413
0.6708309361387359,0.7376412110257569
0.670859021783806,0.7375508359692725
0.6708871166652964,0.737460460912788
0.6709152207877641,0.7373700858563037
0.6709433341557693,0.7372797107998192
0.6709985194933378,0.7372797107998192
0.6709714567738752,0.7371893357433349
0.6709443896018427,0.7370989606868504
0.6709173179761415,0.737008585630366
0.6709454455689953,0.7369182105738816
0.6709735824211999,0.7368278355173972
0.6709465020576132,0.7367374604609128
0.6709194172359865,0.7366470854044284
0.6709475590680827,0.736556710347944
0.6709757101687938,0.7364663352914596
0.6709486166007905,0.7363759602349752
0.6709767748311646,0.7362855851784907
0.6709496746561239,0.7361952101220063
0.670977840019771,0.7361048350655219
0.6709507332344703,0.7360144600090375
0.6709789057350033,0.7359240849525531
0.6710070875226636,0.7358337098960687
0.6709799719772521,0.7357433348395843
0.670952851961754,0.7356529597830999
0.6709257274750638,0.7355625847266155
0.6709539121114684,0.735472209670131
0.6709267810026385,0.7353818346136466
0.6709821060443638,0.7353818346136466
0.6710374402111166,0.7353818346136466
0.6710103092783505,0.7352914595571622
0.6709831738700099,0.7352010845006778
0.6710385218180318,0.7352010845006778
0.671011384260023,0.7351107094441934
0.6709842422242389,0.735020334387709
0.6710396039603961,0.735020334387709
0.671094974832907,0.735020334387709
0.6710678329757386,0.7349299593312246
0.6710960713106636,0.7348395842747402
0.6710689228229467,0.7347492092182558
0.6710971683315446,0.7346588341617714
0.6711254231690199,0.7345684591052869
0.6711808422791081,0.7345684591052869
0.671153687339995,0.7344780840488025
0.671209117938553,0.7344780840488025
0.6711819608490955,0.7343877089923181
0.6712374029406906,0.7343877089923181
0.6712102437009501,0.7342973339358337
0.6711830799735624,0.7342069588793493
0.671211370021484,0.7341165838228649
0.6711841996529212,0.7340262087663805
0.6711570247933885,0.7339358337098961
0.671129845441772,0.7338454586534117
0.6711026615969582,0.7337550835969272
0.6711581383814169,0.7337550835969272
0.6712136243386243,0.7337550835969272
0.6711864406779661,0.7336647085404429
0.6712419381511493,0.7336647085404429
0.6712147523360622,0.7335743334839584
0.6712430733603507,0.733483958427474
0.6712158808933002,0.7333935833709896
0.6712714037554802,0.7333935833709896
0.6712442091330245,0.7333032083145052
0.6712997435261024,0.7333032083145052
0.6713280926768721,0.7332128332580208
0.6713008937437934,0.7331224582015364
0.6713292501241517,0.733032083145052
0.6713576158940397,0.7329417080885675
0.6713304081463697,0.7328513330320832
0.6713587811542602,0.7327609579755987
0.6714143756210665,0.7327609579755987
0.6713871635610766,0.7326705829191144
0.6714155553714901,0.7325802078626299
0.671388336646786,0.7324898328061455
0.6714439565901748,0.7324898328061455
0.6714723672218079,0.7323994577496611
0.6715007872710699,0.7323090826931767
0.6714735620752528,0.7322187076366923
0.671529216742644,0.7322187076366923
0.6715576556412169,0.7321283325802078
0.6715304261316531,0.7320379575237235
0.6715031921067904,0.731947582467239
0.671558872305141,0.731947582467239
0.6715316361223982,0.7318572074107547
0.6715043954221264,0.7317668323542702
0.6715328467153284,0.7316764572977859
0.6715885524678556,0.7316764572977859
0.6715613074498092,0.7315860822413014
0.6715897776302688,0.731495707184817
0.6716182572614108,0.7314053321283326
0.671591003402772,0.7313149570718481
0.6716194903295426,0.7312245820153638
0.6716479867164799,0.7311342069588793
0.6716207240119562,0.731043831902395
0.6715934567798721,0.7309534568459105
0.6715661850190998,0.7308630817894262
0.6716219583091105,0.7308630817894262
0.6715946843853821,0.7307727067329417
0.6716231932214654,0.7306823316764574
0.6716517115320705,0.7305919566199729
0.6716244287494807,0.7305015815634884
0.6716802393219212,0.7305015815634884
0.6716529543754675,0.7304112065070041
0.6716814894854958,0.7303208314505196
0.671737323358271,0.7303208314505196
0.6717100340842963,0.7302304563940353
0.671682740272697,0.7301400813375508
0.6716554419223414,0.7300497062810665
0.6716839916839917,0.729959331224582
0.6716566866267465,0.7298689561680977
0.6716293770273642,0.7297785811116132
0.6716020628847114,0.7296882060551287
0.6716579319524166,0.7296882060551287
0.671630615640599,0.7295978309986444
0.671659177899817,0.7295074559421599
0.6716318548722643,0.7294170808856756
0.6716045272969374,0.7293267058291911
0.6716604244694132,0.7293267058291911
0.6716330947228234,0.7292363307727068
0.6716057604262049,0.7291459557162223
0.6715784215784216,0.729055580659738
0.6716069941715237,0.7289652056032535
0.6715796485968857,0.728874830546769
0.6715522984676882,0.7287844554902847
0.6715808762285523,0.7286940804338002
0.6715535193669304,0.7286037053773159
0.6716094635121627,0.7286037053773159
0.6716654169790885,0.7286037053773159
0.6716380603232794,0.7285133303208314
0.6716106991084076,0.7284229552643471
0.6715833333333333,0.7283325802078626
0.6715559629969164,0.7282422051513783
0.6715285880980163,0.7281518300948938
0.6715012086354922,0.7280614550384094
0.6715571857285761,0.7280614550384094
0.6715857928964483,0.727971079981925
0.6716144096064043,0.7278807049254405
0.6715870236010341,0.7277903298689562
0.671559633027523,0.7276999548124717
0.6715322378847277,0.7276095797559874
0.6715882549215882,0.7276095797559874
0.6715608575957287,0.7275192046995029
0.6715334556983147,0.7274288296430186
0.671562082777036,0.7273384545865341
0.671590719412452,0.7272480795300497
0.6716193656093489,0.7271577044735653
0.6715919525836881,0.7270673294170809
0.6715645349807982,0.7269769543605965
0.6716206061618102,0.7269769543605965
0.6716492693110647,0.726886579304112
0.6716218473358945,0.7267962042476277
0.6715944207800886,0.7267058291911432
0.6716505178750418,0.7267058291911432
0.6716230891320691,0.7266154541346589
0.6715956558061821,0.7265250790781744
0.6716243315508021,0.72643470402169
0.6715968914514916,0.7263443289652056
0.6716530168811633,0.7263443289652056
0.6716255745925617,0.7262539539087212
0.6716817118020729,0.7262539539087212
0.6717378583967232,0.7262539539087212
0.6717104163183414,0.7261635788522368
0.6717665747011119,0.7261635788522368
0.6717391304347826,0.7260732037957524
0.6717116815787273,0.725982828739268
0.6716842281317946,0.7258924536827835
0.6717129474740716,0.7258020786262992
0.6717416764263008,0.7257117035698147
0.6717704149933066,0.7256213285133303
0.6717991631799163,0.7255309534568459
0.6718279209909608,0.7254405784003615
0.6718004519963171,0.7253502033438771
0.6718566884312741,0.7253502033438771
0.6718854655056933,0.7252598282873927
0.6719142522190588,0.7251694532309083
0.6719430485762145,0.7250790781744239
0.6719155708183265,0.7249887031179395
0.6719443746334925,0.724898328061455
0.6719731881022204,0.7248079530049706
0.6719457013574661,0.7247175779484862
0.672002011229364,0.7247175779484862
0.6719745222929936,0.7246272028920018
0.671947028748638,0.7245368278355174
0.6720033528918692,0.7245368278355174
0.6719758571548328,0.724446452779033
0.6720046952293116,0.7243560777225486
0.6719771926882442,0.7242657026660642
0.6719496855345912,0.7241753276095798
0.6719785288937348,0.7240849525530954
0.6719510149303808,0.7239945774966109
0.6719798657718121,0.7239042024401265
0.6720087262963584,0.7238138273836421
0.6719812033229839,0.7237234523271577
0.6719536757301108,0.7236330772706733
0.6719825415477589,0.7235427022141889
0.6720114170584285,0.7234523271577045
0.6720403022670025,0.7233619521012201
0.6720127634562096,0.7232715770447357
0.6720691971783674,0.7232715770447357
0.6720416561686403,0.7231812019882512
0.6720141105325046,0.7230908269317669
0.6720430107526881,0.7230004518752824
0.6720154582878266,0.722910076818798
0.6719879011930768,0.7228197017623136
0.6720443660196622,0.7228197017623136
0.672016806722689,0.7227293267058292
0.671989242793512,0.7226389516493448
0.6720457219700791,0.7226389516493448
0.6720181558376062,0.7225485765928604
0.6720470786044557,0.722458201536376
0.6720760110989658,0.7223678264798915
0.6721049533260449,0.7222774514234072
0.6720773759461732,0.7221870763669227
0.6721063257065949,0.7220967013104383
0.6720787414822916,0.7220063262539539
0.6721352852094902,0.7220063262539539
0.6721918384518301,0.7220063262539539
0.6721642544597779,0.7219159511974695
0.67219323346238,0.7218255761409851
0.6721656426226749,0.7217352010845007
0.6721380471380471,0.7216448260280163
0.6721670314867823,0.7215544509715318
0.6721960255978444,0.7214640759150475
0.6722250294761665,0.721373700858563
0.6722540431266847,0.7212833258020787
0.6722264341672984,0.7211929507455942
0.6722830665543387,0.7211929507455942
0.6722554553879855,0.7211025756891098
0.6722844863908317,0.7210122006326254
0.6723411427608292,0.7210122006326254
0.6723135271807839,0.720921825576141
0.672285906945381,0.7208314505196566
0.6723149553195077,0.7207410754631721
0.6722873282185313,0.7206507004066878
0.6722596964586847,0.7205603253502033
0.6722887502108281,0.720469950293719
0.6722611115796576,0.7203795752372345
0.6722901729228173,0.7202892001807502
0.6722625274169057,0.7201988251242657
0.6722915963550455,0.7201084500677813
0.6723206751054852,0.7200180750112969
0.6722930205080597,0.7199276999548124
0.6723497636731938,0.7199276999548124
0.6723788620631437,0.7198373248983281
0.6724079702803107,0.7197469498418436
0.6724370883296741,0.7196565747853593
0.6724662162162162,0.7195661997288748
0.6724953539449231,0.7194758246723905
0.6725521669341894,0.7194758246723905
0.672524501520784,0.719385449615906
0.6724968314321926,0.7192950745594217
0.6724691566672301,0.7192046995029372
0.6724983096686951,0.7191143244464527
0.6724706280111571,0.7190239493899684
0.6725274725274726,0.7190239493899684
0.6724997886550004,0.7189335743334839
0.6724721001014542,0.7188431992769996
0.6725289591612412,0.7188431992769996
0.6725581395348837,0.7187528242205151
0.6726150202976996,0.7187528242205151
0.6725873297809355,0.7186624491640308
0.6726442226357638,0.7186624491640308
0.6726165299044075,0.7185720741075463
0.672645739910314,0.718481699051062
0.6726749598036726,0.7183913239945775
0.6726472579553149,0.718300948938093
0.6726764855256475,0.7182105738816087
0.6727057229935659,0.7181201988251242
0.6726780120226907,0.7180298237686399
0.6726502963590177,0.7179394487121554
0.6726795392953929,0.7178490736556711
0.67270879213959,0.7177586985991866
0.6726810673443456,0.7176683235427023
0.6727380548966452,0.7176683235427023
0.6727673275715981,0.7175779484862178
0.6728243369206,0.7175779484862178
0.6727966101694915,0.7174875734297333
0.6727688787185355,0.717397198373249
0.6727981690260235,0.7173068233167645
0.6727704306544592,0.7172164482602802
0.6728274692666384,0.7172164482602802
0.6728845175512973,0.7172164482602802
0.6728567794454338,0.7171260732037957
0.6728860995674667,0.7170356981473114
0.6729154296377979,0.7169453230908269
0.6729447696614915,0.7168549480343426
0.6729170201934499,0.7167645729778581
0.6729741196436148,0.7167645729778581
0.6729463679565513,0.7166741979213737
0.6729757256832456,0.7165838228648893
0.6730328495034378,0.7165838228648893
0.6730050933786078,0.7164934478084048
0.6730344710477161,0.7164030727519205
0.6730638586956522,0.716312697695436
0.673036093418259,0.7162223226389517
0.6730932563275013,0.7162223226389517
0.6730654888303745,0.7161319475824672
0.6730377166156982,0.7160415725259829
0.67300993968227,0.7159511974694984
0.672982158028887,0.715860822413014
0.6729543716543461,0.7157704473565296
0.6730115567641061,0.7157704473565296
0.6730409654937957,0.7156800723000452
0.6730703842230534,0.7155896972435608
0.6730998129569801,0.7154993221870763
0.6730720176855709,0.715408947130592
0.6730442176870748,0.7153185720741075
0.6731014542052896,0.7153185720741075
0.6730736519816295,0.7152281970176232
0.6730458450284936,0.7151378219611387
0.6731030962912555,0.7151378219611387
0.6730752871118673,0.7150474469046543
0.6731325506210651,0.7150474469046543
0.6731047392155194,0.7149570718481699
0.6730769230769231,0.7148666967916855
0.6730491022040678,0.7147763217352011
0.6730212765957447,0.7146859466787167
0.6730507320394961,0.7145955716222323
0.6730228994636929,0.7145051965657478
0.6730523627075351,0.7144148215092635
0.6730245231607629,0.714324446452779
0.6730818359873968,0.714324446452779
0.6731391585760518,0.714324446452779
0.6731113193084064,0.7142340713962946
0.6731686541737649,0.7142340713962946
0.6731408126756964,0.7141436963398102
0.6731129664338047,0.7140533212833258
0.6730851154468774,0.7139629462268414
0.6731146144013634,0.713872571170357
0.673144123412597,0.7137821961138726
0.6731162632117286,0.7136918210573882
0.6731457800511509,0.7136014460009038
0.6731179128655469,0.7135110709444193
0.6731474375373071,0.7134206958879349
0.6731769722814499,0.7133303208314505
0.6731490958717161,0.7132399457749661
0.6731212147061333,0.7131495707184817
0.6731507550550294,0.7130591956619973
0.673122866894198,0.7129688206055129
0.6730949739738885,0.7128784455490285
0.6731524150878989,0.7128784455490285
0.6731819733697507,0.7127880704925441
0.6731540759709774,0.7126976954360597
0.6731836421070605,0.7126073203795752
0.67321321834173,0.7125169453230908
0.6731853116994022,0.7124265702666064
0.673157400290375,0.712336195210122
0.6732148957977452,0.712336195210122
0.6732724011275305,0.712336195210122
0.6732444900051255,0.7122458201536376
0.6732740943267259,0.7121554450971532
0.6733316243698197,0.7121554450971532
0.673303708767732,0.7120650700406688
0.6732757883941544,0.7119746949841844
0.6733054107188648,0.7118843199277
0.6732774833304839,0.7117939448712155
0.6733350431734633,0.7117939448712155
0.6733071135430917,0.7117035698147312
0.673279179136383,0.7116131947582467
0.6733088172410844,0.7115228197017623
0.6733384654862715,0.7114324446452779
0.6733105218135158,0.7113420695887935
0.6732825733595689,0.7112516945323091
0.6732546201232033,0.7111613194758247
0.6732266621031916,0.7110709444193403
0.6732842717781962,0.7110709444193403
0.6732563115104835,0.7109805693628558
0.673313933584389,0.7109805693628558
0.6732859710690747,0.7108901943063715
0.6733156407841795,0.710799819249887
0.6732876712328767,0.7107094441934027
0.6732596968918572,0.7106190691369182
0.6732317177598904,0.7105286940804338
0.6732893722702749,0.7105286940804338
0.6732613908872902,0.7104383190239494
0.6732910741819428,0.710347943967465
0.6733207676490747,0.7102575689109806
0.6733784594293548,0.7102575689109806
0.673350471293916,0.7101671938544961
0.6733224783614705,0.7100768187980118
0.673294480630785,0.7099864437415273
0.6732664781006257,0.709896068685043
0.6732961851693099,0.7098056936285585
0.6733259024264769,0.7097153185720741
0.6732978905848054,0.7096249435155897
0.6732698739387702,0.7095345684591053
0.6732418524871355,0.7094441934026209
0.6732138262286645,0.7093538183461364
0.6731857951621204,0.7092634432896521
0.6731577592862658,0.7091730682331676
0.6731297185998627,0.7090826931766833
0.6731016731016731,0.7089923181201988
0.6731594302385447,0.7089923181201988
0.6732171972882519,0.7089923181201988
0.6731891520768967,0.7089019430637145
0.6731611020513261,0.70881156800723
0.6731330472103004,0.7087211929507456
0.6731627747252747,0.7086308178942612
0.6731925124506268,0.7085404428377767
0.673222260391618,0.7084500677812924
0.6732520185535131,0.7083596927248079
0.6732239498324886,0.7082693176683236
0.6732817869415808,0.7082693176683236
0.673253715954979,0.7081789426118391
0.6732256401443547,0.7080885675553548
0.6731975595084644,0.7079981924988703
0.67322733132789,0.707907817442386
0.6732571133843377,0.7078174423859015
0.6732869056830882,0.707727067329417
0.6732588134135855,0.7076366922729327
0.6732886136910905,0.7075463172164482
0.673260514320117,0.7074559421599639
0.6732324101152589,0.7073655671034794
0.6732903225806451,0.7073655671034794
0.673320141099544,0.7072751920469951
0.6733499698821099,0.7071848169905106
0.6733218588640275,0.7070944419340263
0.6733798089336431,0.7070944419340263
0.6733516956446893,0.7070040668775418
0.6733235775157097,0.7069136918210573
0.6733815426997245,0.7069136918210573
0.6733534222987516,0.706823316764573
0.6733252970552781,0.7067329417080885
0.6733832773615775,0.7067329417080885
0.6734131427094996,0.7066425666516042
0.6734711455641689,0.7066425666516042
0.6734430183478336,0.7065521915951197
0.6734729042818989,0.7064618165386354
0.6734447699465793,0.7063714414821509
0.6734746639089969,0.7062810664256666
0.6735045681779004,0.7061906913691821
0.6735626239117317,0.7061906913691821
0.6735344827586207,0.7061003163126977
0.6735063367531684,0.7060099412562133
0.6735362593774252,0.7059195661997288
0.6735661923242777,0.7058291911432445
0.6735380369156461,0.70573881608676
0.6735098766497024,0.7056484410302757
0.6734817115251898,0.7055580659737912
0.6735398153739971,0.7055580659737912
0.6735116479723899,0.7054676909173069
0.6734834757097248,0.7053773158608224
0.6735134202123069,0.705286940804338
0.6735433750539491,0.7051965657478536
0.6735733402400069,0.7051061906913692
0.6735451562769815,0.7050158156348848
0.6735751295336787,0.7049254405784003
0.6735469384230072,0.704835065521916
0.673605113145621,0.704835065521916
0.673576919754686,0.7047446904654315
0.6735487214927436,0.7046543154089472
0.6735205183585313,0.7045639403524627
0.6735787109037498,0.7045639403524627
0.6735505054869092,0.7044735652959783
0.6735805029815919,0.7043831902394939
0.673552290406223,0.7042928151830095
0.673582295988935,0.7042024401265251
0.6735540762514048,0.7041120650700406
0.6735840899265024,0.7040216900135563
0.6735558630231754,0.7039313149570718
0.6736141139842602,0.7039313149570718
0.6736723750216226,0.7039313149570718
0.6736441484300666,0.7038409399005875
0.6736159169550173,0.703750564844103
0.6735876805952072,0.7036601897876186
0.6735594393493683,0.7035698147311342
0.6735894773277951,0.7034794396746498
0.6735612289052358,0.7033890646181654
0.6735329755928683,0.703298689561681
0.6735047173894226,0.7032083145051966
0.6734764542936288,0.7031179394487121
0.6734481863042161,0.7030275643922278
0.6734199134199135,0.7029371893357433
0.6733916356394493,0.7028468142792589
0.6734216679657054,0.7027564392227745
0.67339338298978,0.7026660641662901
0.6734517106972715,0.7026660641662901
0.6734234234234234,0.7025756891098057
0.6733951312483757,0.7024853140533213
0.6734534742678912,0.7024853140533213
0.6734251797937787,0.7023949389968369
0.6733968804159446,0.7023045639403525
0.6734269370774831,0.7022141888838681
0.6734570041608876,0.7021238138273836
0.6734870816715797,0.7020334387708992
0.6735171696149844,0.7019430637144148
0.6735472679965308,0.7018526886579304
0.6735189522074768,0.701762313601446
0.6735773768216516,0.701762313601446
0.6735490587316735,0.7016719385449616
0.6735791757049892,0.7015815634884772
0.673550850399167,0.7014911884319928
0.6735225201770372,0.7014008133755084
0.6735809755250824,0.7014008133755084
0.6735526429997396,0.701310438319024
0.6736111111111112,0.701310438319024
0.6736695893740776,0.701310438319024
0.6736412571627018,0.7012200632625395
0.6736714136853074,0.7011296882060551
0.673643074250977,0.7010393131495707
0.6737015806843842,0.7010393131495707
0.673673238947277,0.7009489380930863
0.67364489228631,0.7008585630366019
0.6736165407001998,0.7007681879801175
0.6736750651607298,0.7007681879801175
0.6736467112694413,0.7006778129236331
0.6736183524504692,0.7005874378671487
0.6736485312011125,0.7004970628106643
0.6736787204450626,0.7004066877541798
0.6736503520820656,0.7003163126976955
0.673621978786298,0.700225937641211
0.6736805495174333,0.700225937641211
0.6736521739130434,0.7001355625847266
0.6737107574571702,0.7001355625847266
0.6736823795442686,0.7000451875282422
0.6737125956854558,0.6999548124717578
0.6737712048716833,0.6999548124717578
0.6737428223420915,0.6998644374152734
0.6738014443574349,0.6998644374152734
0.6737730595196658,0.699774062358789
0.6738033072236728,0.6996836873023046
0.6737749151362172,0.6995933122458201
0.6737465181058496,0.6995029371893358
0.6737181161312789,0.6994125621328513
0.6737767717220965,0.6994125621328513
0.6738354375272094,0.6994125621328513
0.6738070358760014,0.699322187076367
0.673837310573071,0.6992318120198825
0.6738089016636182,0.6991414369633981
0.6738391845979615,0.6990510619069137
0.673869478086608,0.6989606868504293
0.6738410596026491,0.6988703117939449
0.6738713613386788,0.6987799367374604
0.6739016736401674,0.6986895616809761
0.6739319965126417,0.6985991866244916
0.6739035661347982,0.6985088115680073
0.6739623299616324,0.6985088115680073
0.6739338972704282,0.6984184365115228
0.6739054596197454,0.6983280614550385
0.6738770170082861,0.698237686398554
0.6739357990230286,0.698237686398554
0.6739661490141337,0.6981473113420696
0.6739377017712241,0.6980569362855852
0.6739092495636998,0.6979665612291007
0.6739396055157968,0.6978761861726164
0.6739111460242646,0.6977858111161319
0.6739699720670391,0.6977858111161319
0.6739415102575295,0.6976954360596476
0.6739130434782609,0.6976050610031631
0.6738845717279316,0.6975146859466788
0.6739434159972058,0.6975146859466788
0.6739149419264693,0.6974243108901943
0.6739737991266376,0.6974243108901943
0.6739453227356101,0.69733393583371
0.6739168413696716,0.6972435607772255
0.6738883550275181,0.697153185720741
0.6739187418086501,0.6970628106642567
0.6739491392117452,0.6969724356077722
0.673979547242374,0.6968820605512879
0.673951048951049,0.6967916854948034
0.6740099659061106,0.6967916854948034
0.6739814652911348,0.6967013104383191
0.673952959692227,0.6966109353818346
0.6739833843463052,0.6965205603253503
0.6739548714360679,0.6964301852688658
0.6739853044086774,0.6963398102123813
0.673956784183361,0.696249435155897
0.6739282589676291,0.6961590600994125
0.6738997287601715,0.6960686850429282
0.673871193559678,0.6959783099864437
0.67390162786627,0.6958879349299594
0.6738730853391685,0.6957975598734749
0.6739035279698853,0.6957071848169906
0.6739339812625864,0.6956168097605061
0.6739054290718038,0.6955264347040216
0.6739644452228741,0.6955264347040216
0.6739358906988965,0.6954360596475373
0.6739073311728124,0.6953456845910528
0.6738787666433076,0.6952553095345685
0.673909234273699,0.695164934478084
0.6739682817839306,0.695164934478084
0.6739397125832457,0.6950745594215997
0.673911138375252,0.6949841843651152
0.6738825591586328,0.6948938093086309
0.6739416250328688,0.6948938093086309
0.6739721223809941,0.6948034342521464
0.6739435384885148,0.694713059195662
0.6740026304252521,0.694713059195662
0.6739740441950193,0.6946226841391776
0.6739454529509779,0.6945323090826931
0.6740045606034029,0.6945323090826931
0.6739759670204368,0.6944419340262088
0.6739473684210526,0.6943515589697243
0.6739187648039302,0.69426118391324
0.6739778908580453,0.69426118391324
0.673949284899535,0.6941708088567555
0.6739206739206739,0.6940804338002712
0.6738920579201404,0.6939900587437867
0.6739512023872214,0.6939900587437867
0.6739817415730337,0.6938996836873023
0.6739531208849091,0.6938093086308179
0.6740122914837576,0.6938093086308179
0.6739836684520151,0.6937189335743335
0.6740142267498024,0.6936285585178491
0.6739855963463903,0.6935381834613646
0.6739569609134827,0.6934478084048803
0.6740161630358398,0.6934478084048803
0.6740467404674046,0.6933574333483958
0.6740181003426764,0.6932670582919115
0.6740486861762897,0.693176683235427
0.6740792827634702,0.6930863081789426
0.6741385372714487,0.6930863081789426
0.6741098901098901,0.6929959331224582
0.6740812379110251,0.6929055580659738
0.6741405082212257,0.6929055580659738
0.6741118536756947,0.6928151830094894
0.6740831940902295,0.692724807953005
0.6741138182777728,0.6926344328965206
0.6741444532418405,0.6925440578400361
0.6742037656167517,0.6925440578400361
0.6741750989881214,0.6924536827835518
0.674146427314326,0.6923633077270673
0.674177081499736,0.6922729326705829
0.6742077464788733,0.6921825576140985
0.6741790650585439,0.6920921825576141
0.6741503785877795,0.6920018075011297
0.6742097384872766,0.6920018075011297
0.6742404227212682,0.6919114324446453
0.674211731548353,0.6918210573881609
0.6742711177662292,0.6918210573881609
0.6742424242424242,0.6917306823316764
0.6743018236278742,0.6917306823316764
0.6743325403119218,0.6916403072751921
0.6743038420867113,0.6915499322187076
0.6742751388032079,0.6914595571622232
0.674246430460074,0.6913691821057388
0.6742771509167842,0.6912788070492544
0.6743078822077235,0.69118843199277
0.674279164094877,0.6910980569362856
0.6742504409171076,0.6910076818798012
0.6742811783383312,0.6909173068233168
0.6742524477374967,0.6908269317668324
0.6742237120677488,0.690736556710348
0.6742831936479929,0.690736556710348
0.6742544556202577,0.6906461816538635
0.6742257125209565,0.6905558065973791
0.6742852100247088,0.6905558065973791
0.6743447180301827,0.6905558065973791
0.6743159752868491,0.6904654315408947
0.6743467514124294,0.6903750564844103
0.6743775384072047,0.6902846814279259
0.6743487858719647,0.6901943063714415
0.6743200282585659,0.6901039313149571
0.674350821409645,0.6900135562584727
0.6743816254416961,0.6899231812019883
0.6743528580263274,0.6898328061455038
0.6743240855274784,0.6897424310890194
0.674383670584077,0.6897424310890194
0.6744432661717922,0.6897424310890194
0.6744144940344675,0.689652056032535
0.6743857168110305,0.6895616809760506
0.6743569345001326,0.6894713059195662
0.6743281471004243,0.6893809308630818
0.6742993546105561,0.6892905558065974
0.6743301795030506,0.689200180750113
0.6743610153002565,0.6891098056936286
0.6743918620079611,0.6890194306371441
0.6744227196319561,0.6889290555806598
0.6743939125818439,0.6888386805241753
0.674424778761062,0.688748305467691
0.6744556558682953,0.6886579304112065
0.674426838983801,0.6885675553547221
0.6743980169971672,0.6884771802982377
0.6743691899070385,0.6883868052417533
0.6744289003010449,0.6883868052417533
0.6744000708403436,0.6882964301852689
0.6744309627136658,0.6882060551287844
0.6744021257750221,0.6881156800723001
0.6743732837275224,0.6880253050158156
0.6743444365698087,0.6879349299593313
0.6743753322700691,0.6878445549028468
0.674406238922368,0.6877541798463624
0.6743773819019764,0.687663804789878
0.674348519765999,0.6875734297333936
0.6743794326241135,0.6874830546769092
0.6743505629931732,0.6873926796204247
0.6743814844373504,0.6873023045639404
0.6744124168514413,0.6872119295074559
0.6743835373425581,0.6871215544509716
0.6744144783534421,0.6870311793944871
0.6744454303460514,0.6869408043380028
0.6744763933262335,0.6868504292815183
0.6745073672998402,0.686760054225034
0.6745383522727273,0.6866696791685495
0.6745693482507548,0.686579304112065
0.6746003552397869,0.6864889290555807
0.6746602717825739,0.6864889290555807
0.674631373245692,0.6863985539990962
0.674602469574487,0.6863081789426119
0.6746334962239005,0.6862178038861274
0.6746045850364315,0.6861274288296431
0.6746645339020706,0.6861274288296431
0.6746356203341628,0.6860370537731586
0.674606701626522,0.6859466787166743
0.6746666666666666,0.6859466787166743
0.6746377455773847,0.6858563036601898
0.6746088193456614,0.6857659286037053
0.6745798879701254,0.685675553547221
0.6745509514494042,0.6855851784907365
0.6746109381947533,0.6855851784907365
0.6745819992885095,0.6854948034342522
0.674553055234368,0.6854044283777677
0.6745241060309554,0.6853140533212834
0.6745841117338315,0.6853140533212834
0.6746151792864133,0.6852236782647989
0.6745862253069941,0.6851333032083146
0.6745572661742458,0.6850429281518301
0.6745883400089008,0.6849525530953456
0.674619424908751,0.6848621780388613
0.674650520879708,0.6847718029823768
0.6747105966162066,0.6847718029823768
0.6746816279276873,0.6846814279258925
0.674741717135732,0.6846814279258925
0.6747127460586088,0.684591052869408
0.6746837698200606,0.6845006778129237
0.6747438752783964,0.6845006778129237
0.6748039914468995,0.6845006778129237
0.6747750155929787,0.6844103027564392
0.6747460345749421,0.6843199276999549
0.674806167008288,0.6843199276999549
0.6748663101604279,0.6843199276999549
0.6748373295302612,0.6842295526434704
0.6748083437332858,0.684139177586986
0.674839514978602,0.6840488025305016
0.6748105216228266,0.6839584274740171
0.6747815230961298,0.6838680524175328
0.6747525193971283,0.6837776773610483
0.6747836945856748,0.683687302304564
0.6748148808992773,0.6835969272480795
0.6747858672376874,0.6835065521915952
0.6747568483983225,0.6834161771351107
0.6747278243797965,0.6833258020786263
0.6746987951807228,0.6832354270221419
0.6746697607997144,0.6831450519656574
0.6747299830402571,0.6831450519656574
0.6747009462595965,0.6830546769091731
0.6747321428571429,0.6829643018526886
0.6747030984909367,0.6828739267962043
0.6747633505983212,0.6828739267962043
0.6747343038313834,0.6827835517397198
0.6747052518756699,0.6826931766832355
0.6747364659639092,0.682602801626751
0.6747074064147235,0.6825124265702666
0.6747676912080057,0.6825124265702666
0.6747386292556519,0.6824220515137822
0.6747698632585575,0.6823316764572978
0.674801108429427,0.6822413014008134
0.6747720364741642,0.682150926344329
0.6748032904148784,0.6820605512878446
0.6747742108557632,0.6819701762313601
0.6748054735712369,0.6818798011748758
0.6747763864042934,0.6817894261183913
0.6747472940334556,0.6816990510619069
0.6747181964573269,0.6816086760054225
0.6746890936745101,0.6815183009489381
0.6746599856836077,0.6814279258924537
0.6746912475389296,0.6813375508359693
0.6747516334019511,0.6813375508359693
0.6747225205871823,0.6812471757794849
0.6747829200608719,0.6812471757794849
0.6747538048343777,0.6811568007230004
0.6747246843943057,0.6810664256665161
0.674695558739255,0.6809760506100316
0.6747559774335095,0.6809760506100316
0.6747872816838334,0.6808856755535472
0.6748477248298101,0.6808856755535472
0.6748185971513034,0.6807953004970628
0.674879053932987,0.6807953004970628
0.6748499238419496,0.6807049254405784
0.6748812617618066,0.680614550384094
0.6748521240365657,0.6805241753276096
0.6748834707780567,0.6804338002711252
0.6748543254146123,0.6803434252146408
0.6749148287609826,0.6803434252146408
0.6749461979913917,0.6802530501581564
0.6749775784753363,0.6801626751016719
0.6750381200107632,0.6801626751016719
0.6750089702188733,0.6800723000451875
0.6750695254328519,0.6800723000451875
0.6750403732280639,0.6799819249887031
0.6750112157918349,0.6798915499322187
0.6750717875089735,0.6798915499322187
0.6751032130676718,0.6798011748757343
0.6751346499102334,0.6797107998192499
0.6751054852320675,0.6796204247627655
0.6751369309508845,0.6795300497062811
0.6751077586206896,0.6794396746497967
0.6750785810507409,0.6793492995933123
0.6751392132207652,0.6793492995933123
0.675110033234528,0.6792589245368278
0.6750808480057492,0.6791685494803434
0.6750516575330159,0.679078174423859
0.6750224618149147,0.6789877993673746
0.6749932608500314,0.6788974243108902
0.6750539180445723,0.6788974243108902
0.6750853855833183,0.6788070492544058
0.6751168644372528,0.6787166741979214
0.6751483546124798,0.678626299141437
0.6751798561151079,0.6785359240849526
0.6752113689512502,0.6784455490284681
0.675182153458667,0.6783551739719837
0.6752428931270241,0.6783551739719837
0.6752136752136753,0.6782647989154993
0.6751844520424689,0.6781744238590149
0.6752159827213823,0.6780840488025305
0.6752767527675276,0.6780840488025305
0.6752475247524753,0.6779936737460461
0.6752182914753804,0.6779032986895617
0.6751890529348218,0.6778129236330773
0.6751598091293779,0.6777225485765929
0.6752206014766793,0.6777225485765929
0.6752521613832853,0.6776321735201084
0.6752837326607818,0.6775417984636241
0.6753153153153153,0.6774514234071396
0.67528606180737,0.6773610483506552
0.6752568030275725,0.6772706732941708
0.6753176534198432,0.6772706732941708
0.6752883922134102,0.6771802982376864
0.6752591257323118,0.677089923181202
0.6753199927888949,0.677089923181202
0.6752907238799243,0.6769995481247176
0.6753223334234966,0.6769091730682332
0.675293056807935,0.6768187980117487
0.6753539543691947,0.6768187980117487
0.6753246753246753,0.6767284229552644
0.6752953909984667,0.6766380478987799
0.6752661013891395,0.6765476728422956
0.6752977264525442,0.6764572977858111
0.6753293629308789,0.6763669227293267
0.675361010830325,0.6762765476728423
0.675392670157068,0.6761861726163579
0.6753633655321838,0.6760957975598735
0.6753340556157458,0.676005422503389
0.6753047404063205,0.6759150474469047
0.6753657215098429,0.6759150474469047
0.6753364038652578,0.6758246723904202
0.6753070809248555,0.6757342973339359
0.6752777526872008,0.6756439222774514
0.6752484191508582,0.675553547220967
0.6753094227120788,0.675553547220967
0.6753704372967112,0.675553547220967
0.6753411041836089,0.6754631721644826
0.6753117657690222,0.6753727971079982
0.6752824220515138,0.6752824220515138
0.6752530730296457,0.6751920469950293
0.6752847586331585,0.675101671938545
0.6753164556962026,0.6750112968820605
0.675287096482503,0.6749209218255762
0.6752577319587629,0.6748305467690917
0.6752283621235416,0.6747401717126074
0.6751989869753979,0.6746497966561229
0.67516960651289,0.6745594215996386
0.6752013028137157,0.6744690465431541
0.6752330105872771,0.6743786714866696
0.6752647298398045,0.6742882964301853
0.6752964605775323,0.6741979213737008
0.6753575955096868,0.6741979213737008
0.6753282028066999,0.6741075463172165
0.6752988047808764,0.674017171260732
0.6753599565335506,0.674017171260732
0.675330556058685,0.6739267962042477
0.6753011502581288,0.6738364211477632
0.6753623188405797,0.6738364211477632
0.6753329105897273,0.6737460460912789
0.675394093132814,0.6737460460912789
0.6754258789416455,0.6736556710347944
0.675457676273337,0.6735652959783099
0.6754282606725279,0.6734749209218256
0.6753988397389412,0.6733845458653411
0.6753694134711268,0.6732941708088568
0.6753399818676338,0.6732037957523723
0.6753105449270106,0.673113420695888
0.6752811026478056,0.6730230456394035
0.6753128967894069,0.6729326705829192
0.675374149659864,0.6729326705829192
0.675344702467344,0.6728422955264347
0.6753152499319605,0.6727519204699502
0.6752857920522591,0.6726615454134659
0.6752563288267852,0.6725711703569814
0.6753176043557169,0.6725711703569814
0.6752881386695707,0.6724807953004971
0.6753199600617228,0.6723904202440126
0.6752904865649964,0.6723000451875283
0.6753517930095324,0.6723000451875283
0.6754131105865262,0.6723000451875283
0.6753836375192954,0.6722096701310438
0.6753541590991645,0.6721192950745595
0.675386012715713,0.672028920018075
0.6754178779069767,0.6719385449615906
0.6754497546792658,0.6718481699051062
0.6755111313039528,0.6718481699051062
0.6754816430388949,0.6717577948486217
0.6754521494137963,0.6716674197921374
0.6755135429921832,0.6716674197921374
0.6754840469048269,0.6715770447356529
0.6755159559959997,0.6714866696791686
0.6754864520821967,0.6713962946226841
0.6755478766936437,0.6713962946226841
0.6755183703164788,0.6713059195661998
0.6754888585720782,0.6712155445097153
0.6754593414589776,0.6711251694532309
0.6754298189757119,0.6710347943967465
0.6754617414248021,0.670944419340262
0.6754322111010009,0.6708540442837777
0.6754026754026754,0.6707636692272932
0.6753731343283582,0.6706732941708089
0.6754346045326295,0.6706732941708089
0.6754050609867104,0.6705829191143244
0.6753755120619026,0.6704925440578401
0.6754369992716679,0.6704925440578401
0.6754074478739871,0.6704021690013556
0.6753778910945183,0.6703117939448712
0.6754393953191877,0.6703117939448712
0.6755009107468124,0.6703117939448712
0.675471354403862,0.6702214188883868
0.6755328839497177,0.6702214188883868
0.6755033251343718,0.6701310438319024
0.6754737609329446,0.670040668775418
0.6755353075170842,0.670040668775418
0.6755057408419901,0.6699502937189336
0.6755377324097703,0.6698599186624492
0.6755697356426618,0.6697695436059647
0.675601750547046,0.6696791685494804
0.675663353697456,0.6696791685494804
0.6756337771293087,0.6695887934929959
0.6756953944368445,0.6695887934929959
0.6756658153958409,0.6694984184365115
0.6756362309586792,0.6694080433800271
0.6756978653530378,0.6694080433800271
0.6757595109935225,0.6694080433800271
0.6757299270072993,0.6693176683235427
0.6757620003650301,0.6692272932670583
0.6757940854326396,0.6691369182105739
0.6757644910999544,0.6690465431540895
0.6757965854103899,0.668956168097605
0.6757669831994156,0.6688657930411207
0.6757373755821386,0.6687754179846362
0.6757694766645356,0.6686850429281518
0.6758015894765689,0.6685946678716674
0.6758337140246689,0.668504292815183
0.67586585031527,0.6684139177586986
0.6758979983548121,0.6683235427022142
0.6758683729433272,0.6682331676457298
0.6759005302614738,0.6681427925892454
0.675932699341624,0.668052417532761
0.6759030635573845,0.6679620424762766
0.6758734223522956,0.6678716674197921
0.6758437757248696,0.6677812923633077
0.6758759491354862,0.6676909173068233
0.6759377859103385,0.6676909173068233
0.6759081343215299,0.6676005422503389
0.6759403312894665,0.6675101671938545
0.6759725400457666,0.6674197921373701
0.6759428780666422,0.6673294170808857
0.6759132106564131,0.6672390420244013
0.675945426243018,0.6671486669679169
0.6759776536312849,0.6670582919114324
0.6759479758197472,0.666967916854948
0.6760098928277,0.666967916854948
0.6760718211799194,0.666967916854948
0.676042143838754,0.6668775417984636
0.6760744066709429,0.6667871667419792
0.6761066813307671,0.6666967916854948
0.676076993583868,0.6666064166290104
0.6760473003941699,0.666516041572526
0.676017601760176,0.6664256665160416
0.6759878976803887,0.6663352914595572
0.6760498807995599,0.6663352914595572
0.6760201742320037,0.6662449164030727
0.6760821716801174,0.6662449164030727
0.6760524626249657,0.6661545413465884
0.6760847628657921,0.6660641662901039
0.6761170749610056,0.6659737912336195
0.6760873554780694,0.6658834161771351
0.6761196769456681,0.6657930411206507
0.6760899495181276,0.6657026660641663
0.6761222803635362,0.6656122910076819
0.6761546230832798,0.6655219159511975
0.6761869776839012,0.665431540894713
0.6761572373254959,0.6653411658382287
0.6761274915036282,0.6652507907817442
0.6761598530087276,0.6651604157252599
0.6761300992282249,0.6650700406687754
0.6761922264081596,0.6650700406687754
0.6761624701341665,0.664979665612291
0.6761327083907729,0.6648892905558066
0.6761948529411764,0.6648892905558066
0.6762272476558191,0.6647989154993222
0.6761974809230487,0.6647085404428378
0.6761677087164398,0.6646181653863533
0.6762298850574713,0.6646181653863533
0.6762920728342836,0.6646181653863533
0.6762623011128484,0.664527790329869
0.6762325239146432,0.6644374152733845
0.6762027412381566,0.6643470402169002
0.6762351642285399,0.6642566651604157
0.6762053735737946,0.6641662901039314
0.6762675991534002,0.6641662901039314
0.6763000460193281,0.6640759150474469
0.6762702503681886,0.6639855399909625
0.6762404492313357,0.6638951649344781
0.6762106426072546,0.6638047898779936
0.6761808304944296,0.6637144148215093
0.6762132793074869,0.6636240397650248
0.6762457400755273,0.6635336647085405
0.6762782128051589,0.663443289652056
0.6762483876911738,0.6633529145955717
0.6763106975029946,0.6633529145955717
0.676343194175652,0.6632625395390872
0.676405529953917,0.6632625395390872
0.6763757028297539,0.6631721644826029
0.6763458702064897,0.6630817894261184
0.6763160320826035,0.6629914143696339
0.6763485477178424,0.6629010393131496
0.6763187015861306,0.6628106642566651
0.6763810753481508,0.6628106642566651
0.676351226710939,0.6627202892001808
0.6763837638376384,0.6626299141436963
0.6763539071870098,0.662539539087212
0.6764163129728732,0.662539539087212
0.6763864538156317,0.6624491640307275
0.6763565891472868,0.6623587889742432
0.6763267189663129,0.6622684139177587
0.6762968432711833,0.6621780388612742
0.6762669620603711,0.6620876638047899
0.6762370753323486,0.6619972887483054
0.6762071830855877,0.6619069136918211
0.676269621421976,0.6619069136918211
0.6762397266598947,0.6618165386353366
0.6762722822573196,0.6617261635788523
0.6763347496767043,0.6617261635788523
0.6763048498845265,0.6616357885223678
0.6763673318551368,0.6616357885223678
0.6763374295481844,0.6615454134658835
0.676307521715025,0.661455038409399
0.6763700212549671,0.661455038409399
0.6763401109057301,0.6613646633529146
0.6763101950272669,0.6612742882964302
0.676280273618044,0.6611839132399457
0.6763427937505778,0.6611839132399457
0.6763128698224852,0.6610935381834614
0.6762829403606103,0.6610031631269769
0.6762530053634178,0.6609127880704926
0.6763155461019144,0.6609127880704926
0.6762856085830559,0.6608224130140081
0.6762556655258533,0.6607320379575238
0.67631822386679,0.6607320379575238
0.6763508512213176,0.6606416629010393
0.6763834906533407,0.6605512878445549
0.6763535400277649,0.6604609127880705
0.6763861890215681,0.660370537731586
0.6764188501064716,0.6602801626751017
0.6763888888888889,0.6601897876186172
0.6763589221224188,0.6600994125621329
0.6763915902565527,0.6600090375056484
0.6764242704955998,0.6599186624491641
0.6763942931258107,0.6598282873926796
0.6763643102010563,0.6597379123361952
0.6763343217197925,0.6596475372797108
0.6763670064874884,0.6595571622232264
0.6764296969135231,0.6595571622232264
0.6763997033741194,0.659466787166742
0.6764324123864268,0.6593764121102575
0.6764651335311572,0.6592860370537732
0.6764351293703051,0.6591956619972887
0.6764978668150622,0.6591956619972887
0.6764678601242927,0.6591052869408044
0.6764378478664193,0.6590149118843199
0.6764078300398924,0.6589245368278355
0.6764405678760322,0.6588341617713511
0.6764105419450631,0.6587437867148667
0.6764733178654292,0.6587437867148667
0.6765060800148519,0.6586534116583823
0.6764760490159674,0.6585630366018979
0.6765088207985144,0.6584726615454135
0.6765416047548292,0.658382286488929
0.6765115631095012,0.6582919114324447
0.6765744008916961,0.6582919114324447
0.6766372503483511,0.6582919114324447
0.6766072092159049,0.6582015363759602
0.6765771625011614,0.6581111613194758
0.6765471102025645,0.6580207862629914
0.6765170523185577,0.657930411206507
0.6764869888475836,0.6578400361500226
0.6764569197880844,0.6577496610935382
0.6764268451385016,0.6576592860370538
0.6764596504276683,0.6575689109805694
0.6764295676429568,0.657478535924085
0.6764924679189139,0.657478535924085
0.6764623825909049,0.6573881608676005
0.6765252976190477,0.6573881608676005
0.6764952097479304,0.6572977858111161
0.6765280491208484,0.6572074107546317
0.6764979531075549,0.6571170356981473
0.6765308021589429,0.6570266606416629
0.6765006979990693,0.6569362855851785
0.6764705882352942,0.6568459105286941
0.6765335567346179,0.6568459105286941
0.6765034444237572,0.6567555354722097
0.676473326505912,0.6566651604157253
0.6765061923829034,0.6565747853592409
0.6765691935183461,0.6565747853592409
0.6765390705038652,0.6564844103027564
0.6765719608756404,0.656394035246272
0.6765418297000186,0.6563036601897876
0.6765747297800969,0.6562132851333032
0.6766076421248836,0.6561229100768188
0.6766405667412378,0.6560325350203344
0.6766735036360246,0.65594215996385
0.6766433566433566,0.6558517849073656
0.6766132040283477,0.6557614098508812
0.6766763032733377,0.6557614098508812
0.6766461481066965,0.6556710347943967
0.6766159873146161,0.6555806597379124
0.6765858208955224,0.6554902846814279
0.6765556488478403,0.6553999096249435
0.6766187721589849,0.6553999096249435
0.676588597555286,0.6553095345684591
0.6765584173198955,0.6552191595119747
0.6766215585627625,0.6552191595119747
0.6766847115923091,0.6552191595119747
0.6766545318771586,0.6551287844554903
0.6767176997759522,0.6551287844554903
0.6766875175053683,0.6550384093990059
0.6766573295985061,0.6549480343425215
0.6767205154542908,0.6549480343425215
0.6766903249906612,0.654857659286037
0.6767535257308303,0.654857659286037
0.6767233327106296,0.6547672842295527
0.6767563527653214,0.6546769091730682
0.6767261515462955,0.6545865341165839
0.6767591813849173,0.6544961590600994
0.6767922235722965,0.654405784003615
0.6767620115909516,0.6543154089471306
0.6768252781153594,0.6543154089471306
0.6767950635751683,0.6542250338906462
0.6767648433847593,0.6541346588341618
0.6767346175425473,0.6540442837776773
0.6767979051716075,0.6540442837776773
0.6767676767676768,0.653953908721193
0.6767374427088205,0.6538635336647085
0.6767072029934518,0.6537731586082242
0.6766769576199831,0.6536827835517397
0.6767402694610778,0.6536827835517397
0.6767733483061951,0.6535924084952554
0.6768366869443144,0.6535924084952554
0.6768064395357544,0.6535020334387709
0.6768395431567122,0.6534116583822865
0.67687265917603,0.6533212833258021
0.6768424009738739,0.6532309082693176
0.6768755268333801,0.6531405332128333
0.6768452603971525,0.6530501581563488
0.6768149882903981,0.6529597830998645
0.6768783961026794,0.6529597830998645
0.6768481214279022,0.65286940804338
0.6768178410794603,0.6527790329868957
0.6767875550557586,0.6526886579304112
0.6768509840674789,0.6526886579304112
0.6768206954728653,0.6525982828739268
0.67679040119985,0.6525079078174424
0.67685384831724,0.6525079078174424
0.6769173073317082,0.6525079078174424
0.6768870135958743,0.6524175327609579
0.6769201913157648,0.6523271577044736
0.6768898893265803,0.6522367826479891
0.6768595816527531,0.6521464075915048
0.6768927666760484,0.6520560325350203
0.6769259641550155,0.651965657478536
0.6768956456456456,0.6518752824220515
0.6769591740966683,0.6518752824220515
0.6769288530129529,0.6517849073655672
0.6769923965080259,0.6517849073655672
0.676962072850169,0.6516945323090827
0.6769317434982631,0.6516041572525982
0.6769014084507042,0.6515137821961139
0.6769346356123216,0.6514234071396294
0.6769042922889077,0.6513330320831451
0.676967875258313,0.6513330320831451
0.6770314701737905,0.6513330320831451
0.6770011273957159,0.6512426570266606
0.6769707789157192,0.6511522819701763
0.6770040409735927,0.6510619069136918
0.6769736842105263,0.6509715318572075
0.6769433217407651,0.650881156800723
0.6769129535626998,0.6507907817442385
0.6769462203836029,0.6507004066877542
0.6769158439116126,0.6506100316312697
0.6769491206620897,0.6505196565747854
0.6769824099332142,0.6504292815183009
0.6770157117320538,0.6503389064618166
0.6769853217914942,0.6502485314053321
0.6770186335403726,0.6501581563488478
0.6770519578313253,0.6500677812923633
0.6770852946714366,0.6499774062358789
0.6771186440677966,0.6498870311793945
0.6770882380638478,0.64979665612291
0.6770578263326427,0.6497062810664257
0.677121597438071,0.6497062810664257
0.6770911831198192,0.6496159060099412
0.6770607630711257,0.6495255309534569
0.6771245524778594,0.6495255309534569
0.6771883539055875,0.6495255309534569
0.6771579344138711,0.6494351558969724
0.6771275091885779,0.6493447808404881
0.6770970782280867,0.6492544057840036
0.6771609011216891,0.6492544057840036
0.6772247360482655,0.6492544057840036
0.6771943056472141,0.6491640307275192
0.6771638695078258,0.6490736556710348
0.6771334276284772,0.6489832806145504
0.6771029800075443,0.648892905558066
0.6771668395737056,0.648892905558066
0.6772307111865685,0.648892905558066
0.6772002641260259,0.6488025305015815
0.6771698113207547,0.6487121554450972
0.6771393527691292,0.6486217803886127
0.6771727847504011,0.6485314053321284
0.6772062293534686,0.6484410302756439
0.677175759864074,0.6483506552191595
0.6772092145015106,0.6482602801626751
0.6772426817752597,0.6481699051061907
0.6772122013410142,0.6480795300497063
0.6772456786625106,0.6479891549932218
0.6772151898734177,0.6478987799367375
0.6771846953235711,0.647808404880253
0.6772181801001607,0.6477180298237687
0.6771876771876771,0.6476276547672842
0.6771571685095926,0.6475372797107998
0.6772211720226843,0.6475372797107998
0.6772546795235395,0.6474469046543154
0.6772241656424317,0.647356529597831
0.6771936459909228,0.6472661545413466
0.6772271609608473,0.6471757794848622
0.6771966329329424,0.6470854044283778
0.6771660991297768,0.6469950293718933
0.6772301579793776,0.6469950293718933
0.6771996215704825,0.646904654315409
0.6772636957138802,0.646904654315409
0.6772331566994702,0.6468142792589245
0.6772667045239448,0.6467239042024401
0.677300265051117,0.6466335291459557
0.6772697150430749,0.6465431540894713
0.677239159250142,0.6464527790329869
0.6773032856737051,0.6464527790329869
0.6772727272727272,0.6463624039765025
0.6773368690216877,0.6463624039765025
0.6773063080128813,0.6462720289200181
0.6773399014778325,0.6461816538635337
0.6773735076748152,0.6460912788070493
0.6773429356581067,0.6460009037505648
0.6774071266110689,0.6460009037505648
0.6773765519855938,0.6459105286940804
0.677345971563981,0.645820153637596
0.6773153853445825,0.6457297785811116
0.6773490091969281,0.6456394035246272
0.6773184145647639,0.6455490284681428
0.6773826458036984,0.6455490284681428
0.6773520485584219,0.6454586534116584
0.6773214455088684,0.645368278355174
0.6773550896499383,0.6452779032986896
0.6773887465603947,0.6451875282422052
0.6774530271398748,0.6451875282422052
0.6774224162475088,0.6450971531857207
0.6774867122247532,0.6450971531857207
0.6774560987185572,0.6450067781292363
0.6774897939808222,0.6449164030727519
0.6775235020415915,0.6448260280162675
0.6774928774928775,0.6447356529597831
0.6774622471269827,0.6446452779032987
0.6774959627624204,0.6445549028468143
0.6775296912114014,0.6444645277903299
0.6775634324812316,0.6443741527338455
0.6775971865792225,0.644283777677361
0.6775665399239543,0.6441934026208767
0.6776003042403499,0.6441030275643922
0.6776340813997718,0.6440126525079078
0.6776034236804565,0.6439222774514234
0.6776372110720061,0.643831902394939
0.6776065449010654,0.6437415273384546
0.6775758728950623,0.6436511522819702
0.6776096679037016,0.6435607772254858
0.6776434757780527,0.6434704021690013
0.6776127926898915,0.643380027112517
0.677677296525464,0.643380027112517
0.6776466108149276,0.6432896520560325
0.6777111301532895,0.6432896520560325
0.6776804418206056,0.6431992769995482
0.6776497476430816,0.6431089019430637
0.6776190476190476,0.6430185268865793
0.677588341746833,0.6429281518300949
0.6776221777650757,0.6428377767736105
0.6776560266793711,0.6427474017171261
0.6777206022489042,0.6427474017171261
0.6776898884970933,0.6426570266606416
0.6776591688905833,0.6425666516041573
0.6776930409914204,0.6424762765476728
0.6777269260106789,0.6423859014911885
0.677696195289406,0.642295526434704
0.6776654587068472,0.6422051513782197
0.6777300906056271,0.6422051513782197
0.6776993513925983,0.6421147763217352
0.6776686063149862,0.6420244012652508
0.6777332570120206,0.6420244012652508
0.6777025093025475,0.6419340262087664
0.6776717557251909,0.6418436511522819
0.6777364252314152,0.6418436511522819
0.6777056690208055,0.6417532760957976
0.6776749069390092,0.6416629010393131
0.6776441389843452,0.6415725259828288
0.6777088305489261,0.6415725259828288
0.6776780599579912,0.6414821509263443
0.6776472834908813,0.64139177586986
0.6776165011459129,0.6413014008133755
0.677585712921402,0.6412110257568912
0.6775549188156638,0.6411206507004067
0.6775241188270131,0.6410302756439222
0.6774933129537638,0.6409399005874379
0.6774625011942295,0.6408495255309534
0.6774964166268514,0.6407591504744691
0.6774655963302753,0.6406687754179846
0.6775303450253274,0.6406687754179846
0.6774995220799083,0.6405784003615003
0.677564286397094,0.6405784003615003
0.6775334608030593,0.6404880253050158
0.6775982407495936,0.6404880253050158
0.6775674125071716,0.6403976502485315
0.6776013771996939,0.640307275192047
0.6776353548880811,0.6402169001355625
0.67760451545011,0.6401265250790782
0.6776693455797933,0.6401265250790782
0.6776385034924888,0.6400361500225937
0.6776725045458896,0.6399457749661094
0.677706518617785,0.6398553999096249
0.6776756653264407,0.6397650248531406
0.6776448061273337,0.6396746497966561
0.6777096897740329,0.6396746497966561
0.6776788279230106,0.6395842747401718
0.6777128627526099,0.6394938996836873
0.6776819923371648,0.6394035246272028
0.6777469106236229,0.6394035246272028
0.6777160375550871,0.6393131495707185
0.6777500958221541,0.639222774514234
0.677815045519885,0.639222774514234
0.6777841671458693,0.6391323994577497
0.6778182515337423,0.6390420244012652
0.6777873645863293,0.6389516493447809
0.6778523489932886,0.6389516493447809
0.6778864595320292,0.6388612742882964
0.6778555672772609,0.6387708992318121
0.6779205831574909,0.6387708992318121
0.6778896882494004,0.6386805241753276
0.6778587874136608,0.6385901491188432
0.6779238223160319,0.6385901491188432
0.6778929188255614,0.6384997740623588
0.6779270633397313,0.6384093990058743
0.6779612209637167,0.63831902394939
0.6780263031582989,0.63831902394939
0.6779953917050692,0.6382286488929055
0.6779644743158906,0.6381382738364212
0.6779986555267454,0.6380478987799367
0.6779677295428352,0.6379575237234524
0.6780019212295869,0.6378671486669679
0.6780670573542127,0.6378671486669679
0.6780361260568794,0.6377767736104835
0.678070344032289,0.6376863985539991
0.6781045751633987,0.6375960234975147
0.6780736326059791,0.6375056484410303
0.6780426840992116,0.6374152733845458
0.6780117296413807,0.6373248983280615
0.6779807692307692,0.637234523271577
0.6779498028656602,0.6371441482150927
0.67798403385592,0.6370537731586082
0.678018278018278,0.6369633981021238
0.6779873003655955,0.6368730230456394
0.6780215550423403,0.636782647989155
0.6779905687614282,0.6366922729326706
0.678024833958995,0.6366018978761862
0.6780591123519785,0.6365115228197018
0.6780934039480019,0.6364211477632173
0.6781587057010786,0.6364211477632173
0.6781277087546952,0.636330772706733
0.6780967058370256,0.6362403976502485
0.678131021194605,0.6361500225937641
0.6781000096348396,0.6360596475372797
0.6780689920986702,0.6359692724807953
0.6781343355497735,0.6359692724807953
0.6781686746987952,0.6358788974243109
0.6782030270895595,0.6357885223678265
0.6781720015426147,0.6356981473113421
0.6782063645130183,0.6356077722548577
0.6781753303115055,0.6355173971983733
0.6782407407407407,0.6355173971983733
0.6782097038680428,0.6354270221418888
0.6781786610071387,0.6353366470854044
0.6781476121562953,0.63524627202892
0.6781165573137785,0.6351558969724356
0.6781509361127196,0.6350655219159512
0.6782163883795,0.6350655219159512
0.6781853281853282,0.6349751468594668
0.678154261994401,0.6348847718029824
0.6781886646712368,0.634794396746498
0.6782230806373732,0.6347040216900136
0.6782575099005119,0.6346136466335291
0.6783230293663061,0.6346136466335291
0.6782919524683605,0.6345232715770447
0.6782608695652174,0.6344328965205603
0.6783264083486327,0.6344328965205603
0.6782953227676846,0.6343425214640759
0.6782642311781193,0.6342521464075915
0.6782331335781945,0.6341617713511071
0.6782675947409126,0.6340713962946227
0.6783020692322568,0.6339810212381383
0.6783365570599613,0.6338906461816539
0.6783054454009092,0.6338002711251695
0.6783710582317662,0.6338002711251695
0.6784055727554179,0.633709896068685
0.6783744557329463,0.6336195210122006
0.6784401006386684,0.6336195210122006
0.6785057582502662,0.6336195210122006
0.6784746418892761,0.6335291459557162
0.6785091965150049,0.6334387708992318
0.6784780714493175,0.6333483958427474
0.6784469403563129,0.633258020786263
0.6784815030021305,0.6331676457297786
0.678450363196126,0.6330772706732942
0.6785160790391321,0.6330772706732942
0.6784849365494526,0.6329868956168098
0.6784537880255764,0.6328965205603253
0.6784226334657495,0.632806145503841
0.6783914728682171,0.6327157704473565
0.6784572148463999,0.6327157704473565
0.6784918096345837,0.6326253953908721
0.6785264178380999,0.6325350203343877
0.6785610394647532,0.6324446452779033
0.6785298681148176,0.6323542702214189
0.67849869071865,0.6322638951649345
0.6785645004849661,0.6322638951649345
0.6785991462941404,0.6321735201084501
0.6785679635199379,0.6320831450519656
0.678633805550165,0.6320831450519656
0.6786684782608695,0.6319927699954813
0.6787031644340905,0.6319023949389968
0.6786719735947966,0.6318120198825125
0.6786407766990291,0.631721644826028
0.6786095737450238,0.6316312697695436
0.678675470965236,0.6316312697695436
0.6786442653199961,0.6315408947130592
0.678678970373968,0.6314505196565748
0.678647755974354,0.6313601446000904
0.6787136889147964,0.6313601446000904
0.678682471822775,0.6312697695436059
0.678651248663881,0.6311793944871216
0.678620019436346,0.6310890194306371
0.6786859753134415,0.6310890194306371
0.6787519440124417,0.6310890194306371
0.6787207154661223,0.6309986443741528
0.6787554691298007,0.6309082693176683
0.6787902363123602,0.630817894261184
0.6788250170216905,0.6307275192046995
0.6788910505836576,0.6307275192046995
0.6788598112656873,0.6306371441482151
0.6788946190522526,0.6305467690917307
0.6788633709614637,0.6304563940352462
0.6789294403892944,0.6304563940352462
0.6788981896048277,0.6303660189787619
0.6788669327362991,0.6302756439222774
0.6788356697819314,0.6301852688657931
0.6788704965920156,0.6300948938093086
0.6789053369692247,0.6300045187528243
0.6789714619655206,0.6300045187528243
0.6789401909214884,0.6299141436963398
0.678975058456742,0.6298237686398555
0.6789437786222352,0.629733393583371
0.6789124926914831,0.6296430185268865
0.6789473684210526,0.6295526434704022
0.6789822577500487,0.6294622684139177
0.6789509603197816,0.6293718933574334
0.6789858605558264,0.6292815183009489
0.6790207744074905,0.6291911432444646
0.6789894654701522,0.6291007681879801
0.6789581504243488,0.6290103931314958
0.6789268292682927,0.6289200180750113
0.6789617486338798,0.6288296430185268
0.6789304186591197,0.6287392679620425
0.6788990825688074,0.628648892905558
0.6789653489507077,0.628648892905558
0.6790002928829445,0.6285585178490737
0.6790352504638218,0.6284681427925892
0.679070221701338,0.6283777677361049
0.6790388747802305,0.6282873926796204
0.679073856975381,0.6281970176231361
0.6790425012212995,0.6281066425666516
0.6790111393394567,0.6280162675101671
0.6790461297888976,0.6279258924536828
0.6790811339198436,0.6278355173971983
0.6790497604848958,0.627745142340714
0.6791161517403207,0.627745142340714
0.6790847755940158,0.6276547672842295
0.6790533933111677,0.6275643922277452
0.6790884194053208,0.6274740171712607
0.6790570282695881,0.6273836421147764
0.6790256309919781,0.6272932670582919
0.6789942275706878,0.6272028920018075
0.6790292592230159,0.6271125169453231
0.6789978469367782,0.6270221418888386
0.6790328895849648,0.6269317668323543
0.6790014684287812,0.6268413917758698
0.6789700411200313,0.6267510167193855
0.6789386076569078,0.626660641662901
0.6789736558613261,0.6265702666064167
0.6789422135161606,0.6264798915499322
0.6789772727272727,0.6263895164934478
0.6790123456790124,0.6262991414369634
0.6790474323794591,0.626208766380479
0.6790159756934235,0.6261183913239946
0.6789845128406194,0.6260280162675101
0.6790510734241741,0.6260280162675101
0.6790196078431373,0.6259376412110258
0.6789881360917737,0.6258472661545413
0.6789566581682683,0.625756891098057
0.6789251740708051,0.6256665160415725
0.6788936837975676,0.6255761409850881
0.6789287816362566,0.6254857659286037
0.6789638932496075,0.6253953908721193
0.6789323913256795,0.6253050158156349
0.6789675139856708,0.6252146407591505
0.6790026504368313,0.6251242657026661
0.6789711368545062,0.6250338906461816
0.6790378006872853,0.6250338906461816
0.6790062843676355,0.6249435155896973
0.6790414456884698,0.6248531405332128
0.6790766208251473,0.6247627654767284
0.6790450928381963,0.624672390420244
0.6790135586559245,0.6245820153637596
0.6789820182765058,0.6244916403072752
0.679017199017199,0.6244012652507908
0.679083939453509,0.6244012652507908
0.6790523935908778,0.6243108901943064
0.679020841525757,0.624220515137822
0.6790560471976401,0.6241301400813376
0.6790912667191188,0.6240397650248531
0.6790597029605586,0.6239493899683687
0.6790281329923273,0.6238590149118843
0.6790633608815427,0.6237686398553999
0.6790317819541474,0.6236782647989155
0.6790670209625037,0.6235878897424311
0.6791338582677166,0.6235878897424311
0.679102273845851,0.6234975146859467
0.6790706832053554,0.6234071396294623
0.6791059472233163,0.6233167645729779
0.6790743476120138,0.6232263895164935
0.6791412251329525,0.6232263895164935
0.6791096227715946,0.623136014460009
0.6791449118313466,0.6230456394035246
0.6791133004926109,0.6229552643470402
0.6791486007094995,0.6228648892905558
0.6791169803882922,0.6227745142340714
0.6791522917693446,0.622684139177587
0.6791876170758159,0.6225937641211026
0.6791559850128179,0.6225033890646182
0.6791243467113697,0.6224130140081338
0.6790927021696253,0.6223226389516493
0.6791596804418581,0.6223226389516493
0.6792266719274018,0.6223226389516493
0.6791950281148269,0.622232263895165
0.6791633780584057,0.6221418888386805
0.6791987369252023,0.6220515137821961
0.6791670778644034,0.6219611387257117
0.6791354125542834,0.6218707636692273
0.6792024479320896,0.6218707636692273
0.6791707798617966,0.6217803886127429
0.6792061611374408,0.6216900135562585
0.6792415563894924,0.6215996384997741
0.6792098765432099,0.6215092634432896
0.6791781904385619,0.6214188883868053
0.6791464980736935,0.6213285133303208
0.6791147994467497,0.6212381382738364
0.6791818990218358,0.6212381382738364
0.6792490118577075,0.6212381382738364
0.6792173139638304,0.621147763217352
0.6791856098043092,0.6210573881608676
0.6791538993772858,0.6209670131043832
0.6791221826809015,0.6208766380478988
0.6790904597132971,0.6207862629914144
0.6791576033221277,0.6207862629914144
0.6791258775833087,0.6206958879349299
0.6790941455696202,0.6206055128784456
0.6791295746785361,0.6205151378219611
0.6790978336136116,0.6204247627654768
0.6791332739685366,0.6203343877089923
0.6791015238472194,0.620244012652508
0.6790697674418604,0.6201536375960235
0.6790380047505938,0.6200632625395391
0.6791052162723943,0.6200632625395391
0.6791724411007721,0.6200632625395391
0.6791406791406791,0.6199728874830547
0.6791089108910892,0.6198825124265702
0.679144385026738,0.6197921373700859
0.6792116470238685,0.6197921373700859
0.6791798732171157,0.6197017623136014
0.6792153754705765,0.6196113872571171
0.679183592588923,0.6195210122006326
0.6791518034086405,0.6194306371441483
0.6791200079278565,0.6193402620876638
0.6790882061446977,0.6192498870311794
0.6790563980572901,0.619159511974695
0.6790919004659463,0.6190691369182105
0.6790600832837597,0.6189787618617262
0.6790955969853233,0.6188883868052417
0.67913112477683,0.6187980117487574
0.6790992957047912,0.6187076366922729
0.6790674603174603,0.6186172616357886
0.6790356186129576,0.6185268865793041
0.6790711521286097,0.6184365115228198
0.6790393013100436,0.6183461364663353
0.679106699751861,0.6183461364663353
0.6790748461385745,0.6182557614098508
0.6791104050833995,0.6181653863533665
0.6790785423493199,0.618075011296882
0.679114112622902,0.6179846362403977
0.6791496970298997,0.6178942611839132
0.6791852955787382,0.6178038861274289
0.6791534181240063,0.6177135110709444
0.6791890280262374,0.6176231360144601
0.6791571414372328,0.6175327609579756
0.6791252485089463,0.6174423859014911
0.679160866971565,0.6173520108450068
0.6791289649000696,0.6172616357885223
0.6790970564836913,0.617171260732038
0.6791645947289906,0.617171260732038
0.6791326835090511,0.6170808856755535
0.6791007659405153,0.6169905106190692
0.6791364043378768,0.6169001355625847
0.6791720569210866,0.6168097605061004
0.679140127388535,0.6167193854496159
0.6792077236986165,0.6167193854496159
0.6792434046789447,0.6166290103931314
0.6792114695340502,0.6165386353366471
0.6791795280294732,0.6164482602801626
0.679215217607808,0.6163578852236783
0.6791832669322709,0.6162675101671938
0.6792189679218968,0.6161771351107095
0.6791870080701404,0.616086760054225
0.6791550418493424,0.6159963849977407
0.6791230692575984,0.6159060099412562
0.6791907514450867,0.6159060099412562
0.6792584471244892,0.6159060099412562
0.6792264752791068,0.6158156348847718
0.6792941880171468,0.6158156348847718
0.6792622133599202,0.6157252598282874
0.679297965696051,0.615634884771803
0.6793337322960303,0.6155445097153186
0.6793017456359102,0.6154541346588341
0.679269752593775,0.6153637596023498
0.6793375236955004,0.6153637596023498
0.6793055278387548,0.6152733845458653
0.6792735255962479,0.615183009489381
0.6793093123066174,0.6150926344328965
0.6792773008584548,0.6150022593764121
0.6792452830188679,0.6149118843199277
0.6792132587859425,0.6148215092634433
0.6792490513281406,0.6147311342069589
0.6793168880455408,0.6147311342069589
0.6792848581701958,0.6146407591504744
0.6793527120167815,0.6146407591504744
0.6793206793206793,0.6145503840939901
0.6793565147881695,0.6144600090375056
0.6793244728689917,0.6143696339810213
0.6792924245452728,0.6142792589245368
0.6792603698150924,0.6141888838680524
0.6792283086765294,0.614098508811568
0.6791962411276617,0.6140081337550836
0.6791641671665667,0.6139177586985992
0.6792320767923208,0.6139177586985992
0.6792679267926792,0.6138273836421148
0.6792358471694339,0.6137370085856304
0.6793037911373412,0.6137370085856304
0.6792717086834734,0.613646633529146
0.679239619809905,0.6135562584726616
0.6792754928449914,0.6134658834161771
0.679311380242218,0.6133755083596927
0.6793472820102112,0.6132851333032083
0.6793151782138567,0.6131947582467239
0.6793831981576048,0.6131947582467239
0.6794512317244141,0.6131947582467239
0.6794191286930396,0.6131043831902395
0.6794550736251628,0.6130140081337551
0.6794229613303947,0.6129236330772707
0.6794589178356714,0.6128332580207863
0.6794267962721715,0.6127428829643019
0.6794948887552615,0.6127428829643019
0.6794627643580234,0.6126525079078174
0.6794306335204491,0.612562132851333
0.6793984962406016,0.6124717577948486
0.6794666131943052,0.6124717577948486
0.6794344730773088,0.6123813827383642
0.6794023265142398,0.6122910076818798
0.6793701735031592,0.6122006326253954
0.6794061590931889,0.612110257568911
0.6793739967897271,0.6120198825124266
0.6793418280325073,0.6119295074559422
0.6793096528195866,0.6118391323994578
0.6793778223783241,0.6118391323994578
0.6793456443195504,0.6117487573429733
0.6793816502710299,0.6116583822864889
0.679417670682731,0.6115680072300045
0.6793854804699268,0.6114776321735201
0.679353283791926,0.6113872571170357
0.6793210806467812,0.6112968820605513
0.6792888710325432,0.6112065070040669
0.6792566549472627,0.6111161319475825
0.6792926755752035,0.6110257568910981
0.6792604501607717,0.6109353818346136
0.6793287106823435,0.6109353818346136
0.6792964824120603,0.6108450067781293
0.6793647602774148,0.6108450067781293
0.6793325291515883,0.6107546317216448
0.6793002915451894,0.6106642566651604
0.6792680474562638,0.610573881608676
0.6792357968828557,0.6104835065521916
0.6792718495423916,0.6103931314957072
0.6792395896197948,0.6103027564392228
0.6792073232069208,0.6102123813827384
0.6792433846463427,0.6101220063262539
0.6792794606017913,0.6100316312697696
0.6792471819645732,0.6099412562132851
0.6793155510820332,0.6099412562132851
0.6792832695792229,0.6098508811568008
0.6792509815765629,0.6097605061003163
0.6792870808579197,0.6096701310438319
0.6792547834843907,0.6095797559873475
0.6793231946822439,0.6095797559873475
0.6792908944399678,0.6094893809308631
0.6793593230583258,0.6094893809308631
0.6793270199476124,0.6093990058743787
0.6793954659949623,0.6093990058743787
0.6794316235009574,0.6093086308178942
0.6793993146543036,0.6092182557614099
0.679366999294426,0.6091278807049254
0.6793346774193548,0.6090375056484411
0.6793708408953418,0.6089471305919566
0.6794393465765857,0.6089471305919566
0.6794070189592578,0.6088567555354722
0.6793746848209783,0.6087663804789878
0.6794108746090992,0.6086760054225034
0.6793785310734464,0.608585630366019
0.6793461810109979,0.6084952553095345
0.6794147325933401,0.6084952553095345
0.6793823796548593,0.6084048802530502
0.6793500201857086,0.6083145051965657
0.6793862305673329,0.6082241301400814
0.6794224555735057,0.6081337550835969
0.6793900838129859,0.6080433800271126
0.6794263205736795,0.6079530049706281
0.6794625719769674,0.6078626299141437
0.6794988380317268,0.6077722548576593
0.6795675020210186,0.6077722548576593
0.6795351187468418,0.6076818798011748
0.6795714141312039,0.6075915047446905
0.6795390214314597,0.607501129688206
0.6795066221817814,0.6074107546317217
0.679474216380182,0.6073203795752372
0.6794418040246739,0.6072300045187529
0.6794093851132686,0.6071396294622684
0.6794781025589157,0.6071396294622684
0.6795144157814871,0.6070492544057841
0.679481991096722,0.6069588793492996
0.679518316130338,0.6068685042928151
0.6794858819957494,0.6067781292363308
0.6794534412955465,0.6066877541798463
0.6794209940277356,0.606597379123362
0.6794897752581495,0.606597379123362
0.6795261239368166,0.6065070040668775
0.6795624873404902,0.6064166290103932
0.67959886547812,0.6063262539539087
0.6796677135042042,0.6063262539539087
0.6796352583586626,0.6062358788974244
0.6796716659910823,0.6061455038409399
0.6797080883843503,0.6060551287844554
0.6797445255474452,0.6059647537279711
0.6797809774893531,0.6058743786714866
0.679817444219067,0.6057840036150023
0.679784968049498,0.6056936285585178
0.6798214466876331,0.6056032535020335
0.6798579401319127,0.605512878445549
0.6798944483913529,0.6054225033890647
0.6798619569630532,0.6053321283325802
0.6799309714749772,0.6053321283325802
0.6798984771573604,0.6052417532760958
0.6798659762412428,0.6051513782196114
0.6798334687246141,0.6050610031631269
0.6798009546054636,0.6049706281066426
0.6798374809547993,0.6048802530501581
0.6798049573344169,0.6047898779936738
0.6798740221477192,0.6047898779936738
0.679910578193273,0.6046995029371893
0.6798780487804879,0.604609127880705
0.6799146167920309,0.6045187528242205
0.6798820778692691,0.6044283777677361
0.6798495323302155,0.6043380027112517
0.6798169801728521,0.6042476276547672
0.6798861094163108,0.6042476276547672
0.6799227013832384,0.6041572525982829
0.6799593082400813,0.6040668775417984
0.67999592999593,0.6039765024853141
0.6799633662358807,0.6038861274288296
0.68,0.6037957523723453
0.6799674267100977,0.6037053773158608
0.6799348467881503,0.6036150022593764
0.679902260232132,0.603524627202892
0.6798696670400163,0.6034342521464076
0.679837067209776,0.6033438770899232
0.67987370136484,0.6032535020334387
0.6799429560965672,0.6032535020334387
0.6799103504482478,0.6031631269769544
0.6798777381558838,0.6030727519204699
0.6799470144691258,0.6030727519204699
0.6799143992662794,0.6029823768639856
0.6799510753236163,0.6028920018075011
0.6799184505606524,0.6028016267510167
0.6799877663370374,0.6028016267510167
0.6799551386623165,0.6027112516945323
0.6800244723156929,0.6027112516945323
0.6799918417295533,0.6026208766380479
0.6799592044875064,0.6025305015815635
0.6799959196164439,0.6024401265250791
0.6799632728014691,0.6023497514685947
0.6800326497296194,0.6023497514685947
0.68,0.6022593764121102
0.6799673436064905,0.6021690013556259
0.6799346805470504,0.6020786262991414
0.6799020108196386,0.601988251242657
0.6799387442572741,0.6018978761861726
0.6799754926988666,0.6018075011296882
0.6799428104575164,0.6017171260732038
0.679979570990807,0.6016267510167194
0.680049034630708,0.6016267510167194
0.680016346546792,0.601536375960235
0.6800531371346822,0.6014460009037506
0.6800899427636958,0.6013556258472662
0.6801267634430587,0.6012652507907817
0.6801635991820041,0.6011748757342973
0.6801308927293179,0.6010845006778129
0.6802004499897729,0.6010845006778129
0.6801677406157308,0.6009941256213285
0.6801350245499181,0.6009037505648441
0.6802046035805627,0.6009037505648441
0.6801718845917741,0.6008133755083597
0.6802414816330707,0.6008133755083597
0.6802087597216537,0.6007230004518753
0.680245649948823,0.6006326253953909
0.6802129184153957,0.6005422503389065
0.6802825552825553,0.6005422503389065
0.6803194757321319,0.600451875282422
0.6802867383512545,0.6003615002259376
0.6802539942646456,0.6002711251694532
0.6802212434702448,0.6001807501129688
0.6801884859659906,0.6000903750564844
0.6802581702694396,0.6000903750564844
0.6802254098360656,0.6
0.6802623488419758,0.5999096249435156
0.6802295787639643,0.5998192498870312
0.6802993029930299,0.5998192498870312
0.6802665299846232,0.5997288748305468
0.6802337502563051,0.5996384997740624
0.6802009638060084,0.5995481247175779
0.6802379243154548,0.5994577496610936
0.6802748999897426,0.5993673746046091
0.6802421009437833,0.5992769995481247
0.6803118908382066,0.5992769995481247
0.680279088856967,0.5991866244916403
0.680316091954023,0.5990962494351559
0.680353110244303,0.5990058743786715
0.68032029565753,0.5989154993221871
0.6802874743326489,0.5988251242657027
0.6803245019511194,0.5987347492092182
0.6803615447822514,0.5986443741527339
0.6803986028354222,0.5985539990962494
0.6804356761200164,0.598463624039765
0.6804028362963724,0.5983732489832806
0.6803699897225077,0.5982828739267962
0.6804399218830302,0.5982828739267962
0.6804770227202632,0.5981924988703118
0.6805141388174807,0.5981021238138274
0.6805841217605924,0.5981021238138274
0.6805512701840996,0.598011748757343
0.6805184118494138,0.5979213737008585
0.6804855467544492,0.5978309986443742
0.6805555555555556,0.5978309986443742
0.6805226875192921,0.5977406235878897
0.6804898127186664,0.5976502485314054
0.6805269658295595,0.5975598734749209
0.6805970149253732,0.5975598734749209
0.6805641342392423,0.5974694984184366
0.6805312467826624,0.5973791233619521
0.680498352553542,0.5972887483054677
0.6804654515497889,0.5971983732489833
0.68043254376931,0.5971079981924988
0.6803996292100113,0.5970176231360145
0.6803667078697981,0.59692724807953
0.6804367981868754,0.59692724807953
0.6804038738924376,0.5968368730230457
0.6804739824832561,0.5968368730230457
0.6804410552349547,0.5967464979665612
0.6804782519068233,0.5966561229100769
0.6805154639175258,0.5965657478535924
0.6804825239715434,0.596475372797108
0.6804495772324191,0.5963849977406236
0.6804867986798679,0.5962946226841391
0.6805240354858676,0.5962042476276548
0.6804910760342515,0.5961138725711703
0.6805283252502322,0.596023497514686
0.6804953560371517,0.5959331224582015
0.680532617671346,0.5958427474017172
0.6805698946933719,0.5957523723452327
0.6805369127516778,0.5956619972887484
0.6806071871127634,0.5956619972887484
0.6805742022100588,0.5955716222322639
0.6806115070757153,0.5954812471757794
0.6806488273581982,0.5953908721192951
0.6806158297168836,0.5953004970628106
0.680653162463828,0.5952101220063263
0.6806905106470953,0.5951197469498418
0.6806575002584514,0.5950293718933575
0.6806244830438379,0.594938996836873
0.6806948609244132,0.594938996836873
0.6806618407445708,0.5948486217803887
0.6806992139015309,0.5947582467239042
0.6806661839246922,0.5946678716674197
0.680736602524312,0.5946678716674197
0.6807035695809622,0.5945774966109354
0.6806705298013245,0.5944871215544509
0.6807409707130291,0.5944871215544509
0.6807079279652246,0.5943967464979666
0.6806748783769796,0.5943063714414821
0.6807453416149069,0.5943063714414821
0.6807122890568382,0.5942159963849978
0.6806792296541727,0.5941256213285133
0.6807497152324739,0.5941256213285133
0.6807166528583264,0.594035246272029
0.6807540915682618,0.5939448712155445
0.6807210193722159,0.59385449615906
0.6806879403232491,0.5937641211025757
0.6807584706248058,0.5937641211025757
0.6807253886010363,0.5936737460460912
0.6807628524046434,0.5935833709896069
0.6807297605473204,0.5934929959331224
0.6807341352136043,0.5933122458201536
0.6807716241443684,0.5932218707636693
0.6808091286307054,0.5931314957071848
0.6807760141093474,0.5930411206507004
0.6807428927163311,0.592950745594216
0.6807097644495175,0.5928603705377316
0.680780406807804,0.5928603705377316
0.680747275557862,0.5927699954812472
0.6807141374299357,0.5926796204247627
0.6807516611295681,0.5925892453682784
0.6807185131346692,0.5924988703117939
0.6806853582554517,0.5924084952553096
0.6807560494340015,0.5924084952553096
0.6807228915662651,0.5923181201988251
0.680760440473717,0.5922277451423407
0.6807272727272727,0.5921373700858563
0.680764834251273,0.5920469950293719
0.6808024113917472,0.5919566199728875
0.6807692307692308,0.591866244916403
0.6807360432477388,0.5917758698599187
0.6807028488251196,0.5916854948034342
0.6806696474992201,0.5915951197469499
0.6807072282891315,0.5915047446904654
0.6806740170584564,0.591414369633981
0.6806407989181317,0.5913239945774966
0.6807116104868914,0.5913239945774966
0.6806783893455416,0.5912336195210122
0.6807492195629553,0.5912336195210122
0.6807159954209595,0.5911432444645278
0.6806827643630308,0.5910528694080434
0.6807203830938996,0.590962494351559
0.6806871421134826,0.5908721192950745
0.6807247735082786,0.5907817442385902
0.6807624205811894,0.5906913691821057
0.6808000833420148,0.5906009941256213
0.6808377618005627,0.5905106190691369
0.6808045018757816,0.5904202440126525
0.680842193037315,0.5903298689561681
0.6808089231731471,0.5902394938996837
0.6808798999165971,0.5902394938996837
0.6808466270461891,0.5901491188431993
0.6809176225234619,0.5901491188431993
0.6808843466471999,0.5900587437867149
0.6808510638297872,0.5899683687302305
0.6808177740690519,0.589877993673746
0.6808555033907147,0.5897876186172616
0.6809265442404007,0.5897876186172616
0.680893248460816,0.5896972435607772
0.6809643080776456,0.5896972435607772
0.6809310092892182,0.5896068685042928
0.6809687858857918,0.5895164934478084
0.6810065782604156,0.589426118391324
0.6809732664995823,0.5893357433348396
0.6809399477806789,0.5892453682783552
0.6809777499216546,0.5891549932218708
0.6810155678612475,0.5890646181653864
0.6809822361546499,0.5889742431089019
0.6809488974814505,0.5888838680524175
0.6810200668896321,0.5888838680524175
0.6809867252012125,0.5887934929959331
0.6809533765419193,0.5887031179394487
0.6809200209095662,0.5886127428829643
0.68099121706399,0.5886127428829643
0.680957858412632,0.5885223678264799
0.6810290734156035,0.5885223678264799
0.6810669456066946,0.5884319927699955
0.6810335809185061,0.5883416177135111
0.6810714659411949,0.5882512426570267
0.6810380912515697,0.5881608676005422
0.6810047095761381,0.5880704925440579
0.6809713209127067,0.5879801174875734
0.6810426044174605,0.5879801174875734
0.6811139028475712,0.5879801174875734
0.6810805151293058,0.587889742431089
0.6810471204188482,0.5877993673746046
0.6810137187140015,0.5877089923181202
0.6810516392584057,0.5876186172616358
0.6810182275298554,0.5875282422051514
0.6809848088004191,0.587437867148667
0.680951383067896,0.5873474920921825
0.6809893104171033,0.5872571170356982
0.6809558746462635,0.5871667419792137
0.6809224318658281,0.5870763669227294
0.6809603690501154,0.5869859918662449
0.6809269162210339,0.5868956168097605
0.680893456375839,0.5868052417532761
0.6808599895123231,0.5867148666967917
0.6808265156282778,0.5866244916403073
0.6808644565673521,0.5865341165838228
0.6808309726156752,0.5864437415273385
0.6809024134312697,0.5864437415273385
0.6808689264350929,0.586353366470854
0.6809403862300588,0.586353366470854
0.6809068961897764,0.5862629914143697
0.6809448818897638,0.5861726163578852
0.6809113817723645,0.5860822413014009
0.6809493803822726,0.5859918662449164
0.6809158701817036,0.585901491188432
0.6809538817102637,0.5858111161319476
0.6809203614204665,0.5857207410754631
0.6809583858764187,0.5856303660189788
0.6809248554913295,0.5855399909624943
0.6808913180575993,0.58544961590601
0.6809293523969723,0.5853592408495255
0.6809674027339643,0.5852688657930412
0.6809338521400778,0.5851784907365567
0.6809002944888515,0.5850881156800724
0.6808667297780583,0.5849977406235879
0.6808331580054703,0.5849073655671034
0.6808712121212122,0.5848169905106191
0.6809428601494265,0.5848169905106191
0.680909282256367,0.5847266154541346
0.6808756972950216,0.5846362403976503
0.6809473684210526,0.5846362403976503
0.6809137803979366,0.5845458653411658
0.6809518795409076,0.5844554902846815
0.6810235888795282,0.5844554902846815
0.6809899947340705,0.584365115228197
0.6810617231935959,0.584365115228197
0.6810281259875698,0.5842747401717127
0.6809945217024863,0.5841843651152282
0.6809609103361078,0.5840939900587437
0.680927291886196,0.5840036150022594
0.6808936663505111,0.5839132399457749
0.6809654300168634,0.5839132399457749
0.6809318014124591,0.5838228648892906
0.6808981657179001,0.5837324898328061
0.6809363137916491,0.5836421147763218
0.680902667932089,0.5835517397198373
0.6809744779582366,0.5835517397198373
0.680940829026474,0.583461364663353
0.6809071729957806,0.5833709896068685
0.6809790062242853,0.5833709896068685
0.6809453471196455,0.583280614550384
0.681017199535718,0.583280614550384
0.6809835373575348,0.5831902394938997
0.6810554089709763,0.5831902394938997
0.6810217437196537,0.5830998644374152
0.6810599662162162,0.5830094893809309
0.6810262907823883,0.5829191143244464
0.6810645263491393,0.5828287392679621
0.6811027780711947,0.5827383642114776
0.681069089372491,0.5826479891549933
0.6811073541842773,0.5825576140985088
0.681145635172268,0.5824672390420244
0.6812176302716415,0.5824672390420244
0.681183932346723,0.58237686398554
0.6811502272967545,0.5822864889290555
0.6812222457179108,0.5822864889290555
0.6811885375912022,0.5821961138725712
0.6812268640930724,0.5821057388160867
0.6811931457584092,0.5820153637596024
0.6812314853999154,0.5819249887031179
0.6811977568511268,0.5818346136466336
0.6811640211640212,0.5817442385901491
0.6812023708721423,0.5816538635336647
0.6812407368198179,0.5815634884771803
0.6812069878242456,0.5814731134206959
0.6812453669384729,0.5813827383642115
0.6812116077102309,0.581292363307727
0.6812837623133142,0.581292363307727
0.68125,0.5812019882512427
0.6812162305328955,0.5811116131947582
0.6811824539097266,0.5810212381382739
0.6812208562950403,0.5809308630817894
0.6811870694223635,0.580840488025305
0.6811532753868984,0.5807501129688206
0.68122548499947,0.5807501129688206
0.6812639168698972,0.5806597379123362
0.6812301166489926,0.5805693628558518
0.68119630925867,0.5804789877993674
0.6811624946966482,0.580388612742883
0.6812347512464199,0.580388612742883
0.6813070231275197,0.580388612742883
0.6812732095490717,0.5802982376863985
0.681239388794567,0.5802078626299142
0.6813116841770137,0.5802078626299142
0.6812778603268945,0.5801174875734297
0.681244029296253,0.5800271125169453
0.6812101910828026,0.5799367374604609
0.6812825140673108,0.5799367374604609
0.6812486727543002,0.5798463624039765
0.6813210151853032,0.5798463624039765
0.681287170773152,0.5797559873474921
0.6812533191715348,0.5796656122910077
0.681325685149777,0.5796656122910077
0.6812918304472538,0.5795752372345233
0.6812579685507862,0.5794848621780389
0.6812240994580809,0.5793944871215545
0.6811902231668437,0.57930411206507
0.6811563396747795,0.5792137370085856
0.6811224489795918,0.5791233619521012
0.6810885510789837,0.5790329868956168
0.6811270600744285,0.5789426118391324
0.6811994895789026,0.5789426118391324
0.6811655854514517,0.578852236782648
0.6811316741118911,0.5787618617261636
0.6810977555579194,0.5786714866696792
0.681063829787234,0.5785811116131948
0.6811023622047244,0.5784907365567103
0.6811748430350112,0.5784907365567103
0.6811409110259685,0.5784003615002259
0.6811069717935072,0.5783099864437415
0.6810730253353204,0.5782196113872571
0.6811455339082295,0.5782196113872571
0.6811115843270868,0.5781292363307727
0.681150159744409,0.5780388612742883
0.6811161998082863,0.5779484862178039
0.6811547885373389,0.5778581111613195
0.6811208182399318,0.5777677361048351
0.6811594202898551,0.5776773610483507
0.6811980387976977,0.5775869859918662
0.6811640550047969,0.5774966109353818
0.6811300639658848,0.5774062358788974
0.6810960656786438,0.577315860822413
0.681062060140755,0.5772254857659286
0.6811006825938567,0.5771351107094442
0.6811393215276296,0.5770447356529598
0.6811053024645257,0.5769543605964754
0.6810712761416987,0.576863985539991
0.6810372425568243,0.5767736104835065
0.681075888568684,0.5766832354270222
0.6811145510835913,0.5765928603705377
0.6810805039504592,0.5765024853140533
0.6811191798376762,0.5764121102575689
0.6811578722495193,0.5763217352010845
0.6811238115585941,0.5762313601446001
0.6811965811965812,0.5762313601446001
0.6811625173629662,0.5761409850881157
0.6812012397135834,0.5760506100316313
0.6811671654553227,0.5759602349751468
0.6812059012187299,0.5758698599186625
0.6811718165294558,0.575779484862178
0.6811377245508982,0.5756891098056937
0.6811764705882353,0.5755987347492092
0.6811423681677184,0.5755083596927248
0.6811811276345352,0.5754179846362404
0.6811470147656752,0.575327609579756
0.6812199036918138,0.575327609579756
0.6811857876712328,0.5752372345232716
0.68115166434764,0.5751468594667871
0.6811904507012098,0.5750564844103028
0.6812292536674162,0.5749661093538183
0.6811951167273506,0.574875734297334
0.6812339331619537,0.5747853592408495
0.6811997857525441,0.5746949841843652
0.6812727662309835,0.5746949841843652
0.681311615945135,0.5746046091278807
0.6812774622226986,0.5745142340713963
0.6812433011789925,0.5744238590149119
0.6812821612349914,0.5743334839584274
0.6813210379583959,0.5742431089019431
0.6812868632707775,0.5741527338454586
0.6812526812526812,0.5740623587889743
0.6812184919017483,0.5739719837324898
0.6812573758180452,0.5738816086760055
0.6812962764245091,0.573791233619521
0.6812620734063104,0.5737008585630367
0.681335193731888,0.5737008585630367
0.681300987548304,0.5736104835065522
0.6813741277509393,0.5736104835065522
0.6814130784924299,0.5735201084500677
0.6814520459671356,0.5734297333935834
0.6814178302900108,0.5733393583370989
0.6814568113450795,0.5732489832806146
0.6814958091553837,0.5731586082241301
0.6814615797958087,0.5730682331676458
0.6814273430782459,0.5729778581111613
0.6814663513222963,0.572887483054677
0.6814321040748307,0.5727971079981925
0.6813978494623656,0.572706732941708
0.681363587482525,0.5726163578852237
0.6813293181329318,0.5725259828287392
0.681368330464716,0.5724356077722549
0.6813340505648198,0.5723452327157704
0.6813730765092004,0.5722548576592861
0.6814121192551932,0.5721644826028016
0.6814511788136506,0.5720741075463173
0.6814902551954345,0.5719837324898328
0.6814559552013785,0.5718933574333483
0.6814950452391211,0.571802982376864
0.6815341521223874,0.5717126073203795
0.681499838379485,0.5716222322638952
0.6814655172413793,0.5715318572074107
0.6814311887056795,0.5714414821509264
0.6814703028996443,0.5713511070944419
0.6815094339622642,0.5712607320379576
0.6815485819044538,0.5711703569814731
0.6816220880069025,0.5711703569814731
0.6815877467371373,0.5710799819249887
0.6815533980582524,0.5709896068685043
0.6815190419678498,0.5708992318120198
0.6815925766076824,0.5708992318120198
0.6816317720699331,0.5708088567555355
0.6815974096060442,0.570718481699051
0.6816366188060023,0.5706281066425667
0.6816022457352624,0.5705377315860822
0.6816758449411511,0.5705377315860822
0.6816414686825054,0.5704473565295979
0.6816807085763664,0.5703569814731134
0.6816463217024954,0.570266606416629
0.6816119273984442,0.5701762313601446
0.6815775256618044,0.5700858563036602
0.6815431164901664,0.5699954812471758
0.6815086998811196,0.5699051061906913
0.6814742758322525,0.569814731134207
0.6815479407631607,0.569814731134207
0.6816216216216217,0.569814731134207
0.6815871986160666,0.5697243560777225
0.68155276816609,0.5696339810212382
0.681592039800995,0.5695436059647537
0.681557598702001,0.5694532309082693
0.6816313284292514,0.5694532309082693
0.6815968841285297,0.5693628558517849
0.681562432373945,0.5692724807953005
0.6815279731630776,0.5691821057388161
0.6816017316017317,0.5691821057388161
0.6816755060071437,0.5691821057388161
0.6816410478458541,0.5690917306823317
0.6816065822236657,0.5690013556258473
0.681572109138155,0.5689109805693628
0.6815376285868977,0.5688206055128785
0.6815031405674681,0.568730230456394
0.6815424610051993,0.5686398553999096
0.6815079623009425,0.5685494803434252
0.681547296565175,0.5684591052869408
0.6815127871694842,0.5683687302304564
0.6814782702937032,0.568278355173972
0.6814437459353999,0.5681879801174876
0.6814830875975716,0.5680976050610032
0.6815224463240078,0.5680072300045188
0.6814879080360048,0.5679168549480343
0.6814533622559653,0.5678264798915499
0.6814188089814514,0.5677361048350655
0.6813842482100239,0.5676457297785811
0.6814236111111112,0.5675553547220967
0.6813890396093326,0.5674649796656123
0.6813544606034295,0.5673746046091279
0.6814284163681754,0.5673746046091279
0.6814678102269026,0.5672842295526435
0.6815072211966554,0.5671938544961591
0.6814726324934839,0.5671034794396747
0.6815120573538996,0.5670131043831902
0.6814774579033134,0.5669227293267058
0.6815168966641313,0.5668323542702214
0.6815563525703728,0.566741979213737
0.6815217391304348,0.5666516041572526
0.681595825633221,0.5666516041572526
0.6815612089584693,0.5665612291007682
0.6815265847558987,0.5664708540442838
0.6816006959547629,0.5664708540442838
0.6815660685154975,0.5663804789877994
0.68164020013052,0.5663804789877994
0.6816797214969539,0.566290103931315
0.6816450875856817,0.5661997288748305
0.6816104461371055,0.5661093538183462
0.6815757971487648,0.5660189787618617
0.6816153260041363,0.5659286037053773
0.6816895275419116,0.5659286037053773
0.6816548720740337,0.5658382286488929
0.6816202090592335,0.5657478535924085
0.6815855384950452,0.5656574785359241
0.6816250953055223,0.5655671034794397
0.6816646693539601,0.5654767284229553
0.681629984746132,0.5653863533664708
0.681704260651629,0.5653863533664708
0.6816695727986051,0.5652959783099865
0.6816348773841961,0.565205603253502
0.6816001744059298,0.5651152281970176
0.6815654638613322,0.5650248531405332
0.6815307457479285,0.5649344780840488
0.6815703380588877,0.5648441030275644
0.6815356091176792,0.56475372797108
0.6816099476439791,0.56475372797108
0.6815752154467111,0.5646633529145956
0.6816148390616475,0.5645729778581111
0.6815800960279353,0.5644826028016268
0.6816544799738077,0.5644826028016268
0.6816197336826021,0.5643922277451423
0.6815849798056981,0.564301852688658
0.6815502183406114,0.5642114776321735
0.6815154492848564,0.5641211025756891
0.6814806726359467,0.5640307275192047
0.6814458883913945,0.5639403524627203
0.6814855270344075,0.5638499774062359
0.6814507319204719,0.5637596023497514
0.6814159292035398,0.5636692272932671
0.6813811188811189,0.5635788522367826
0.6814555786252868,0.5635788522367826
0.6814207650273224,0.5634884771802983
0.6814604285089637,0.5633981021238138
0.681425604023177,0.5633077270673295
0.6814652815746309,0.563217352010845
0.6815049764847424,0.5631269769543606
0.6814701378254211,0.5630366018978762
0.6815098468271334,0.5629462268413917
0.6814749972644709,0.5628558517849074
0.6815495732107683,0.5628558517849074
0.6815147203677355,0.5627654767284229
0.6814798598949212,0.5626751016719386
0.6814449917898193,0.5625847266154541
0.6814101160499234,0.5624943515589698
0.6814498466929478,0.5624039765024853
0.6814149600262841,0.562313601446001
0.6814547047869427,0.5622232263895165
0.6814944669661444,0.562132851333032
0.6814595660749507,0.5620424762765477
0.6815342465753425,0.5620424762765477
0.6815740436260003,0.5619521012200632
0.6815391361543521,0.5618617261635789
0.681504221028396,0.5617713511070944
0.6814692982456141,0.5616809760506101
0.6814343678034872,0.5615906009941256
0.6814741691345837,0.5615002259376413
0.6815139879319803,0.5614098508811568
0.6815538242071766,0.5613194758246723
0.6815188762071993,0.561229100768188
0.6814839205356162,0.5611387257117035
0.6814489571899012,0.5610483506552192
0.6814888010540184,0.5609579755987347
0.6814538267266937,0.5608676005422504
0.6814936847885777,0.5607772254857659
0.6814586994727593,0.5606868504292816
0.6815335603647149,0.5606868504292816
0.6816084377059987,0.5606868504292816
0.681573453466652,0.5605964753727971
0.6815384615384615,0.5605061003163126
0.6815783688722796,0.5604157252598283
0.681543365944817,0.5603253502033438
0.6815083553210203,0.5602349751468595
0.6815832875206157,0.5602349751468595
0.6815482735869804,0.560144600090375
0.681513251952051,0.5600542250338907
0.6814782226132864,0.5599638499774062
0.6814431855681443,0.5598734749209219
0.6814081408140814,0.5597830998644374
0.6813730883485531,0.559692724807953
0.6814130075932651,0.5596023497514686
0.681452944413869,0.5595119746949841
0.6815279612505504,0.5595119746949841
0.6814928988219752,0.5594215996384998
0.6815328708292039,0.5593312245820153
0.6814977973568281,0.559240849525531
0.6814627161581672,0.5591504744690465
0.6814276272306675,0.5590600994125622
0.6813925305717748,0.5589697243560777
0.6813574261789335,0.5588793492995933
0.6813973991624421,0.5587889742431089
0.6814373897707231,0.5586985991866245
0.6814022709734319,0.5586082241301401
0.681367144432194,0.5585178490736556
0.6814071460079401,0.5584274740171713
0.6814471652327377,0.5583370989606868
0.6815223386651958,0.5583370989606868
0.6814872021182701,0.5582467239042025
0.6814520578174997,0.558156348847718
0.6814169057603178,0.5580659737912336
0.6814569536423841,0.5579755987347492
0.6815321779445855,0.5579755987347492
0.6814970192095385,0.5578852236782648
0.6814618527106105,0.5577948486217804
0.6814266784452296,0.557704473565296
0.6813914964108228,0.5576140985088116
0.6813563066048155,0.5575237234523271
0.6813211090246327,0.5574333483958428
0.6812859036676977,0.5573429733393583
0.6813259668508287,0.5572525982828739
0.6814012598077136,0.5572525982828739
0.6813660477453581,0.5571622232263895
0.6814061463630334,0.5570718481699051
0.6813709231619679,0.5569814731134207
0.6813356921716055,0.5568910980569363
0.681375801813758,0.5568007230004519
0.6813405596726025,0.5567103479439675
0.6813806837039496,0.5566199728874831
0.6813454304049569,0.5565295978309986
0.6814208254951865,0.5565295978309986
0.6814609850581074,0.5564392227745142
0.6815011624045167,0.5563488477180298
0.6815413575462297,0.5562584726615454
0.6815060908084164,0.556168097605061
0.6815463003987594,0.5560777225485766
0.6815110224880913,0.5559873474920922
0.6814757367604698,0.5558969724356078
0.6814404432132964,0.5558065973791234
0.6815159574468085,0.5558065973791234
0.6814806605341904,0.555716222322639
0.6815208956878395,0.5556258472661545
0.6814855875831486,0.5555354722096701
0.6814502716487415,0.5554450971531857
0.6814905179106133,0.5553547220967013
0.6814551907719609,0.5552643470402169
0.6814198557958957,0.5551739719837325
0.6813845129798092,0.5550835969272481
0.6813491623210918,0.5549932218707637
0.6814247669773635,0.5549932218707637
0.6813894129397403,0.5549028468142793
0.6813540510543841,0.5548124717577948
0.6813186813186813,0.5547220967013105
0.6813589430442989,0.554631721644826
0.6813235620697313,0.5545413465883416
0.681399222654081,0.5545413465883416
0.6813638382940915,0.5544509715318572
0.681328446073531,0.5543605964753728
0.68129304598978,0.5542702214188884
0.6812576380402178,0.554179846362404
0.6812222222222222,0.5540894713059196
0.6811867985331703,0.5539990962494351
0.6811513669704379,0.5539087211929508
0.681191640729213,0.5538183461364663
0.6812319323993774,0.553727971079982
0.681196486155899,0.5536375960234975
0.6811610320284698,0.5535472209670131
0.6812367923479035,0.5535472209670131
0.6812013348164627,0.5534568459105287
0.6811658693959284,0.5533664708540443
0.6811303960836671,0.5532760957975599
0.6810949148770447,0.5531857207410754
0.681170709993323,0.5531857207410754
0.6811352253756261,0.5530953456845911
0.681099732858415,0.5530049706281066
0.6811755538238896,0.5530049706281066
0.6812513916722334,0.5530049706281066
0.6812159002338269,0.5529145955716223
0.6811804008908686,0.5528242205151378
0.6812207618623302,0.5527338454586534
0.6811852511975047,0.552643470402169
0.6812611408199644,0.552643470402169
0.6812256267409471,0.5525530953456846
0.6812660202830715,0.5524627202892002
0.6813064318359158,0.5523723452327157
0.6812709030100335,0.5522819701762314
0.6813468614115286,0.5522819701762314
0.6813113291703836,0.5521915951197469
0.6813517733660496,0.5521012200632626
0.6813162297824874,0.5520108450067781
0.68128067826863,0.5519204699502938
0.6813211336755188,0.5518300948938093
0.6812855708068296,0.551739719837325
0.6813260408527737,0.5516493447808405
0.6812904666220139,0.551558969724356
0.6813309513175525,0.5514685946678717
0.6813714540987268,0.5513782196113872
0.6813358650731598,0.5512878445549029
0.6813002680965148,0.5511974694984184
0.681340782122905,0.5511070944419341
0.6814169180914068,0.5511070944419341
0.6813813142601699,0.5510167193854496
0.681421864520456,0.5509263443289653
0.6814624329159212,0.5508359692724808
0.6815386335681539,0.5508359692724808
0.681503019458734,0.5507455942159963
0.6815436241610738,0.550655219159512
0.6816198679941828,0.550655219159512
0.6815842470351309,0.5505648441030275
0.6816248880931065,0.5504744690465432
0.6816655473472129,0.5503840939900587
0.6817062248096731,0.5502937189335744
0.6816705856007166,0.5502033438770899
0.6816349384098545,0.5501129688206056
0.6815992832344048,0.5500225937641211
0.6815636200716846,0.5499322187076366
0.6815279489190097,0.5498418436511523
0.6815686274509803,0.5497514685946678
0.6815329448677723,0.5496610935381835
0.6814972542866748,0.549570718481699
0.6814615557049989,0.5494803434252147
0.6815022421524664,0.5493899683687302
0.6815429468490694,0.5492995933122459
0.6815836698070884,0.5492092182557614
0.6816601233875491,0.5492092182557614
0.6816244110388153,0.549118843199277
0.681665170556553,0.5490284681427926
0.6816294467512064,0.5489380930863081
0.6815937149270482,0.5488477180298238
0.6815579750813784,0.5487573429733393
0.6816344858554109,0.5487573429733393
0.6815987425620299,0.548666967916855
0.6816752750954412,0.548666967916855
0.6816395283548569,0.5485765928603705
0.6816037735849056,0.5484862178038862
0.6816445742529769,0.5483958427474017
0.6816853932584269,0.5483054676909173
0.6816496235532082,0.5482150926344329
0.681726230613621,0.5482150926344329
0.68169045745757,0.5481247175779485
0.6817313097245644,0.5480343425214641
0.6818079604227569,0.5480343425214641
0.6817721803665805,0.5479439674649796
0.6817363922627081,0.5478535924084953
0.6818130693960185,0.5478535924084953
0.6818539768252897,0.5477632173520108
0.6818181818181818,0.5476728422955265
0.6817823787554855,0.547582467239042
0.6818232976927405,0.5474920921825576
0.6818642350557245,0.5474017171260732
0.681828417023193,0.5473113420695888
0.6817925909244454,0.5472209670131044
0.681833539813042,0.54713059195662
0.6818745071533175,0.5470402169001356
0.6819154929577464,0.5469498418436511
0.6818796484110886,0.5468594667871668
0.6818437957849657,0.5467690917306823
0.6819206492335438,0.5467690917306823
0.6818847931462068,0.5466787166741979
0.6818489289740699,0.5465883416177135
0.6818130567143985,0.5464979665612291
0.6817771763644564,0.5464075915047447
0.6817412879215067,0.5463172164482603
0.6817822899041173,0.5462268413917759
0.6817463898916968,0.5461364663352914
0.6817874069058903,0.5460460912788071
0.6817514953165557,0.5459557162223226
0.6817155756207675,0.5458653411658382
0.6816796478157806,0.5457749661093538
0.6817566041995936,0.5457749661093538
0.6817206729140792,0.5456845910528694
0.6816847335140018,0.545594215996385
0.681648785996612,0.5455038409399006
0.6816128303591596,0.5454134658834162
0.6816538635336648,0.5453230908269318
0.6816178962829059,0.5452327157704474
0.6815819209039548,0.545142340713963
0.6815459373940558,0.5450519656574785
0.6815099457504521,0.5449615906009941
0.6815509834953651,0.5448712155445097
0.681592039800995,0.5447808404880253
0.6815560330204682,0.5446904654315409
0.6815200180954535,0.5446000903750565
0.6814839950231875,0.5445097153185721
0.681447963800905,0.5444193402620877
0.6814890246662141,0.5443289652056033
0.6815301041195111,0.5442385901491188
0.6814940577249575,0.5441482150926344
0.681535152269897,0.54405784003615
0.6815762654286038,0.5439674649796656
0.6815402038505096,0.5438770899231812
0.6815041341035225,0.5437867148666968
0.6815813321250567,0.5437867148666968
0.6816224790392024,0.5436963398102124
0.681699716713881,0.5436963398102124
0.681663644605621,0.543605964753728
0.6816275643205258,0.5435155896972436
0.6816687450402449,0.5434252146407591
0.6817460317460318,0.5434252146407591
0.6817099444381449,0.5433348395842748
0.6816738489453391,0.5432444645277903
0.6817511625269366,0.5432444645277903
0.6817150635208712,0.543154089471306
0.681678956324447,0.5430637144148215
0.6817562968005446,0.5430637144148215
0.6817975487970949,0.5429733393583371
0.6817614345704234,0.5428829643018527
0.681838819523269,0.5428829643018527
0.6818027017822681,0.5427925892453683
0.6817665758401453,0.5427022141888839
0.681730441694107,0.5426118391323994
0.6816942993413582,0.5425214640759151
0.681771720613288,0.5425214640759151
0.6817355747387551,0.5424310890194306
0.6816994206520505,0.5423407139629463
0.6817768688934334,0.5423407139629463
0.6817407112828088,0.5422503389064618
0.6817820206841687,0.5421599638499774
0.6817458513298477,0.542069588793493
0.6818233488689326,0.542069588793493
0.681787175989086,0.5419792137370086
0.6818646958499147,0.5419792137370086
0.6818285194450762,0.5418888386805242
0.6819060616399408,0.5418888386805242
0.681869881710646,0.5417984636240397
0.6819112627986348,0.5417080885675554
0.6818750711116168,0.5416177135110709
0.6818388711879836,0.5415273384545866
0.6818802640564534,0.5414369633981021
0.6818440523619806,0.5413465883416178
0.6818078324225865,0.5412562132851333
0.6817716042354549,0.5411658382286489
0.6818492370758369,0.5411658382286489
0.6818130053524656,0.5410754631721645
0.6818544253331814,0.54098508811568
0.6818181818181818,0.5408947130591957
0.6817819300444343,0.5408043380027112
0.6817456700091158,0.5407139629462269
0.6817094017094018,0.5406235878897424
0.6816731251424664,0.5405332128332581
0.6816368403054828,0.5404428377767736
0.6816005471956225,0.5403524627202893
0.6816419612314709,0.5402620876638048
0.6816056562892006,0.5401717126073203
0.6816470856621422,0.540081337550836
0.6816107688797627,0.5399909624943515
0.6815744438106104,0.5399005874378672
0.6816522136010954,0.5399005874378672
0.6816936772426386,0.5398102123813827
0.6816573450519348,0.5397198373248984
0.68162100456621,0.5396294622684139
0.6815846557826236,0.5395390872119296
0.681548298698333,0.5394487121554451
0.6815119333104944,0.5393583370989606
0.6815897670169027,0.5393583370989606
0.6815533980582524,0.5392679620424763
0.681594881754827,0.5391775869859918
0.6815585009140768,0.5390872119295075
0.68163638441321,0.5390872119295075
0.6816,0.538996836873023
0.6815636072694022,0.5389064618165387
0.6815272062185642,0.5388160867600542
0.6816051217560306,0.5388160867600542
0.6815687171278298,0.5387257117035699
0.6815323041738136,0.5386353366470854
0.6815738304929658,0.538544961590601
0.6816517959277053,0.538544961590601
0.6816153758151241,0.5384545865341166
0.6815789473684211,0.5383642114776321
0.6815425105847351,0.5382738364211478
0.681506065461204,0.5381834613646633
0.6815840677578116,0.5381834613646633
0.6816256439610762,0.538093086308179
0.6816672392076033,0.5380027112516945
0.6817088535104799,0.5379123361952102
0.6817504868828045,0.5378219611387257
0.6817921393376877,0.5377315860822413
0.6817556727022691,0.5376412110257569
0.6817191977077364,0.5375508359692724
0.6817973406694177,0.5375508359692724
0.681760862088731,0.5374604609127881
0.6818025455796354,0.5373700858563036
0.6817660550458715,0.5372797107998193
0.6817295561417593,0.5371893357433348
0.6816930488644184,0.5370989606868505
0.6817712515773775,0.5370989606868505
0.6818129661503155,0.537008585630366
0.6818546998737519,0.5369182105738816
0.6818181818181818,0.5368278355173972
0.6817816553782574,0.5367374604609128
0.6818599311136625,0.5367374604609128
0.6818234010793432,0.5366470854044284
0.6817868626550299,0.5365567103479439
0.6817503158378316,0.5364663352914596
0.6817920735209649,0.5363759602349751
0.681833850396415,0.5362855851784908
0.6817972879797748,0.5361952101220063
0.6817607171589473,0.5361048350655219
0.6818390804597702,0.5361048350655219
0.6818025060351764,0.5360144600090375
0.6817659232007358,0.5359240849525531
0.6818077276908924,0.5358337098960687
0.6817711328349626,0.5357433348395843
0.6817345295606165,0.5356529597830999
0.6817763460653474,0.5355625847266154
0.6817397307559544,0.5354722096701311
0.6817031070195627,0.5353818346136466
0.6816664748532627,0.5352914595571622
0.6816298342541437,0.5352010845006778
0.6817082997582594,0.5352010845006778
0.6817501439263097,0.5351107094441934
0.6817920073707244,0.535020334387709
0.6817553559087768,0.5349299593312246
0.6817972350230415,0.5348395842747402
0.6817605714944118,0.5347492092182557
0.681839133440885,0.5347492092182557
0.6818024662901925,0.5346588341617714
0.681881051175657,0.5346588341617714
0.6819229882407194,0.5345684591052869
0.6819649446494465,0.5344780840488025
0.6819282666359128,0.5343877089923181
0.6820069204152249,0.5343877089923181
0.6819702387818665,0.5342973339358337
0.6820122302988346,0.5342069588793493
0.6820542412002308,0.5341165838228649
0.6820962714994806,0.5340262087663805
0.6821383212100219,0.5339358337098961
0.6821803903453054,0.5338454586534117
0.6821436821436822,0.5337550835969272
0.6821857670979667,0.5336647085404428
0.6822278715045066,0.5335743334839584
0.6821911475788743,0.533483958427474
0.6822699953767914,0.533483958427474
0.6822332678303087,0.5333935833709896
0.6822754075615678,0.5333032083145052
0.6822386679000925,0.5332128332580208
0.6822019197409506,0.5331224582015364
0.6821651630811936,0.533032083145052
0.6821283979178716,0.5329417080885676
0.6820916242480333,0.5328513330320831
0.6820548420687261,0.5327609579755987
0.6820969795162597,0.5326705829191143
0.6821391364741289,0.5325802078626299
0.6821023385042834,0.5324898328061455
0.6821813129558875,0.5324898328061455
0.6821445113478463,0.5323994577496611
0.6821077012159815,0.5323090826931767
0.6820708825573315,0.5322187076366923
0.6821498899571412,0.5322187076366923
0.6821130676552364,0.5321283325802079
0.6820762368207623,0.5320379575237234
0.6820393974507531,0.531947582467239
0.6820025495422413,0.5318572074107546
0.6820815948076031,0.5318572074107546
0.6821238117319731,0.5317668323542702
0.6821660482374768,0.5316764572977858
0.6821291893772469,0.5315860822413014
0.6822083043377407,0.5315860822413014
0.6821714418280942,0.531495707184817
0.6822505800464037,0.531495707184817
0.6822137138879221,0.5314053321283326
0.6821768391738222,0.5313149570718482
0.6822560055703841,0.5313149570718482
0.6822191272051996,0.5312245820153637
0.6822983168891469,0.5312245820153637
0.6822614348734618,0.5311342069588794
0.6822245442935098,0.5310438319023949
0.6821876451463075,0.5309534568459106
0.68215073742887,0.5308630817894261
0.6821138211382114,0.5307727067329417
0.6821561338289963,0.5306823316764573
0.6821984661863816,0.5305919566199729
0.6821615339918652,0.5305015815634885
0.6821245932124593,0.530411206507004
0.6820876438451703,0.5303208314505197
0.682050685887003,0.5302304563940352
0.682013719334961,0.5301400813375509
0.6820560530294221,0.5300497062810664
0.6820190742033031,0.529959331224582
0.6820984064208445,0.529959331224582
0.6820614239181014,0.5298689561680976
0.6821037933441936,0.5297785811116132
0.6821831723495869,0.5297785811116132
0.6821461824953445,0.5296882060551288
0.6821885913853318,0.5295978309986443
0.6821515892420538,0.52950745594216
0.6821145784816023,0.5294170808856755
0.6820775591009666,0.5293267058291912
0.6820405310971349,0.5292363307727067
0.6820034944670937,0.5291459557162224
0.6819664492078286,0.5290555806597379
0.6820088557445817,0.5289652056032536
0.6819717981587228,0.5288748305467691
0.681934731934732,0.5287844554902846
0.6819771508510142,0.5286940804338003
0.6820195895522388,0.5286037053773158
0.6819825072886297,0.5285133303208315
0.6819454163750874,0.528422955264347
0.6819083168085851,0.5283325802078627
0.6818712085860943,0.5282422051513782
0.6819136522753793,0.5281518300948939
0.6819561157796452,0.5280614550384094
0.6819189914789308,0.5279710799819249
0.68188185851039,0.5278807049254406
0.6819243344231667,0.5277903298689561
0.6820039705710615,0.5277903298689561
0.6819668301798645,0.5276999548124718
0.6819296811120196,0.5276095797559873
0.6820093457943925,0.5276095797559873
0.6819721930132024,0.527519204699503
0.6819350315494275,0.5274288296430185
0.6818978614000234,0.5273384545865342
0.6819403857393337,0.5272480795300497
0.6819032031797989,0.5271577044735652
0.6819457436856876,0.5270673294170809
0.6819085487077535,0.5269769543605964
0.6818713450292397,0.5268865793041121
0.6819138979878334,0.5267962042476276
0.6818766818766818,0.5267058291911433
0.6819192510239906,0.5266154541346588
0.6818820224719101,0.5265250790781745
0.6818447852042608,0.52643470402169
0.6818075392179818,0.5263443289652056
0.6818873668188736,0.5263443289652056
0.6818501170960187,0.5262539539087212
0.6818927149215273,0.5261635788522367
0.6819353327085286,0.5260732037957524
0.6818980667838312,0.5259828287392679
0.6818607921256152,0.5258924536827836
0.6818235087308098,0.5258020786262991
0.6818661352713633,0.5257117035698148
0.6819087818032594,0.5256213285133303
0.6818714821763602,0.5255309534568459
0.6818341738008679,0.5254405784003615
0.6817968566737039,0.525350203343877
0.6818395119662131,0.5252598282873927
0.6818821872799812,0.5251694532309082
0.6818448538903884,0.5250790781744239
0.6818075117370892,0.5249887031179394
0.6818501995773656,0.5248983280614551
0.681892907468295,0.5248079530049706
0.6818555490311216,0.5247175779484862
0.681898273229179,0.5246272028920018
0.681941017506756,0.5245368278355174
0.6819837818780116,0.524446452779033
0.6819464033850494,0.5243560777225486
0.6819891841053374,0.5242657026660642
0.6819517930629042,0.5241753276095797
0.6820319849482597,0.5241753276095797
0.6821121956956369,0.5241753276095797
0.682074805928017,0.5240849525530954
0.6820374073638396,0.5239945774966109
0.682,0.5239042024401265
0.6820428336079077,0.5238138273836421
0.6820054136754149,0.5237234523271577
0.6820856873822976,0.5237234523271577
0.6820482636845203,0.5236330772706733
0.6821285613374146,0.5236330772706733
0.6820911338749558,0.5235427022141889
0.682053697597739,0.5234523271577045
0.6821340242609822,0.5234523271577045
0.6820965842167256,0.52336195210122
0.6821394910461829,0.5232715770447357
0.6821020384116885,0.5231812019882512
0.682064576950271,0.5230908269317668
0.6820271066588096,0.5230004518752824
0.681989627534182,0.522910076818798
0.6819521395732642,0.5228197017623136
0.6819146427729309,0.5227293267058292
0.6818771371300554,0.5226389516493448
0.6819200377402995,0.5225485765928604
0.682000471809389,0.5225485765928604
0.6819629585938422,0.522458201536376
0.6820058997050148,0.5223678264798916
0.6819683738494218,0.5222774514234071
0.6820113314447592,0.5221870763669227
0.681973792940621,0.5220967013104383
0.6819362455726092,0.5220063262539539
0.6818986893375841,0.5219159511974695
0.6819792158715163,0.5219159511974695
0.6820222064729506,0.5218255761409851
0.6819846426461902,0.5217352010845007
0.6819470699432892,0.5216448260280163
0.6820276497695853,0.5216448260280163
0.6819900732687308,0.5215544509715319
0.6819524878855927,0.5214640759150474
0.6819148936170213,0.521373700858563
0.681995507743232,0.521373700858563
0.6819579096713171,0.5212833258020786
0.681920302707816,0.5211929507455942
0.6818826868495743,0.5211025756891098
0.6818450620934359,0.5210122006326254
0.6818074284362432,0.520921825576141
0.6818880870696794,0.520921825576141
0.6819311324103656,0.5208314505196566
0.6818934911242603,0.5207410754631722
0.6818558409279205,0.5206507004066877
0.6818181818181818,0.5205603253502034
0.6817805137918788,0.5204699502937189
0.6817428368458441,0.5203795752372345
0.6817051509769094,0.5202892001807501
0.681748193769987,0.5201988251242657
0.6817912569600758,0.5201084500677813
0.6817535545023696,0.5200180750112969
0.6817158431093732,0.5199276999548125
0.6816781227779095,0.519837324898328
0.6816403935048003,0.5197469498418437
0.6816834617664493,0.5196565747853592
0.6816457197059521,0.5195661997288749
0.6816079686944148,0.5194758246723904
0.6815702087286527,0.519385449615906
0.6815324398054797,0.5192950745594216
0.6814946619217082,0.5192046995029372
0.6815377313716184,0.5191143244464528
0.6815808212675053,0.5190239493899683
0.6815430267062315,0.518933574333484
0.6815052231718899,0.5188431992769995
0.681548325813346,0.5187528242205152
0.6815914489311163,0.5186624491640307
0.6815536286969949,0.5185720741075464
0.6815157994773106,0.5184816990510619
0.6815589353612167,0.5183913239945775
0.6815210932857991,0.5183009489380931
0.6814832422153554,0.5182105738816086
0.6815263908701854,0.5181201988251243
0.6815695600475624,0.5180298237686398
0.6815316922345106,0.5179394487121555
0.6814938154138915,0.517849073655671
0.6814559295824908,0.5177586985991867
0.6814180347370925,0.5176683235427022
0.6813801308744795,0.5175779484862179
0.6813422179914327,0.5174875734297334
0.681385384432278,0.5173971983732489
0.6814285714285714,0.5173068233167646
0.6814717789949988,0.5172164482602801
0.6814338454209837,0.5171260732037958
0.6813959028108623,0.5170356981473113
0.6814391231832261,0.516945323090827
0.6814823641563393,0.5168549480343425
0.6814444047193422,0.5167645729778582
0.6814064362336114,0.5166741979213737
0.6813684586959113,0.5165838228648892
0.6813304721030042,0.5164934478084049
0.6814117085966377,0.5164934478084049
0.6814549791293978,0.5164030727519204
0.6814169847328244,0.5163126976954361
0.6814602720114531,0.5162223226389516
0.6814222646462236,0.5161319475824673
0.6814655686836137,0.5160415725259828
0.6815088933985913,0.5159511974694985
0.6814708691499523,0.515860822413014
0.6815142106520181,0.5157704473565295
0.6814761734145468,0.5156800723000452
0.681438127090301,0.5155896972435607
0.6814000716760243,0.5154993221870764
0.6813620071684587,0.5154089471305919
0.6814434221531843,0.5154089471305919
0.6814867933548464,0.5153185720741076
0.6814487210136266,0.5152281970176231
0.6814106395696354,0.5151378219611388
0.6814540236757145,0.5150474469046543
0.6814159292035398,0.5149570718481699
0.6813778256189451,0.5148666967916855
0.6813397129186602,0.514776321735201
0.6813831060062215,0.5146859466787167
0.6813449802560727,0.5145955716222322
0.6814265198659646,0.5145955716222322
0.6813883901855177,0.5145051965657479
0.6814318209026697,0.5144148215092634
0.6813936781609196,0.5143244464527791
0.6813555262842773,0.5142340713962946
0.6813173652694611,0.5141436963398102
0.6813989699365194,0.5141436963398102
0.6813608049832295,0.5140533212833258
0.6813226308853481,0.5139629462268414
0.6813660874775315,0.513872571170357
0.6814095649047105,0.5137821961138725
0.6813713737712779,0.5136918210573882
0.681333173480398,0.5136014460009037
0.681294964028777,0.5135110709444194
0.6812567454131191,0.5134206958879349
0.6812185176301271,0.5133303208314505
0.6813002278997241,0.5133303208314505
0.6813437312537493,0.5132399457749661
0.6813054955603551,0.5131495707184817
0.6813872554902196,0.5131495707184817
0.6813490158425348,0.5130591956619973
0.6814743666706687,0.5129688206055129
0.6814361191162344,0.5128784455490285
0.6813978623754053,0.512788070492544
0.6813595964448715,0.5126976954360597
0.6814414414414415,0.5126976954360597
0.6814850414513998,0.5126073203795752
0.6815669310261956,0.5126073203795752
0.6815286624203821,0.5125169453230908
0.6815723043635052,0.5124265702666064
0.6816159672959,0.512336195210122
0.6815776815776816,0.5122458201536376
0.6816213615588165,0.5121554450971532
0.681665062560154,0.5120650700406688
0.6817087845968712,0.5119746949841844
0.6817525276841598,0.5118843199277
0.6817962918372261,0.5117939448712155
0.6817579771222155,0.5117035698147311
0.6817196531791907,0.5116131947582467
0.6816813200048175,0.5115228197017623
0.6816429775957601,0.5114324446452779
0.6816046259486809,0.5113420695887935
0.681566265060241,0.5112516945323091
0.6816483913724545,0.5112516945323091
0.6816100265124126,0.5111613194758247
0.6816538090646095,0.5110709444193403
0.6816154309825196,0.5109805693628559
0.6815770436460091,0.5108901943063714
0.6815386470517304,0.510799819249887
0.6815002411963338,0.5107094441934026
0.6814618260764684,0.5106190691369182
0.6814234016887817,0.5105286940804338
0.6813849680299192,0.5104383190239494
0.6814287438156148,0.510347943967465
0.6813902968863143,0.5102575689109806
0.6813518406759204,0.5101671938544962
0.6813956296028009,0.5100768187980117
0.6814394396811979,0.5099864437415274
0.6814832709264403,0.5098960686850429
0.6814447934283644,0.5098056936285585
0.681488641855969,0.5097153185720741
0.6814501510574018,0.5096249435155897
0.6814116509547982,0.5095345684591053
0.6814940166807688,0.5095345684591053
0.681537903518317,0.5094441934026209
0.6815818115854396,0.5093538183461365
0.6816257408975445,0.509263443289652
0.6815872247761916,0.5091730682331677
0.6815486993345432,0.5090826931766832
0.6815926418976159,0.5089923181201989
0.6816366057378042,0.5089019430637144
0.6815980629539952,0.50881156800723
0.6816420440784694,0.5087211929507456
0.6816860465116279,0.5086308178942612
0.6816474863718959,0.5085404428377768
0.681691506118987,0.5084500677812923
0.6817355472063992,0.508359692724808
0.6817796096496545,0.5082693176683235
0.6817410281280311,0.5081789426118392
0.6818236934642901,0.5081789426118392
0.6817851079311181,0.5080885675553547
0.681746513038205,0.5079981924988703
0.6818292091217856,0.5079981924988703
0.681873331715603,0.5079078174423859
0.6819174757281553,0.5078174423859015
0.6818788687947567,0.5077270673294171
0.6819616411750424,0.5077270673294171
0.6819230302294524,0.5076366922729326
0.6818844099077221,0.5075463172164483
0.6819672131147541,0.5075463172164483
0.6819285887782366,0.5074559421599638
0.6818899550589093,0.5073655671034795
0.6818513119533528,0.507275192046995
0.6818126594581461,0.5071848169905107
0.6817739975698663,0.5070944419340262
0.6817353262850894,0.5070040668775418
0.6816966456003889,0.5069136918210574
0.681779506502978,0.5069136918210574
0.6817408217845855,0.5068233167645729
0.6817021276595745,0.5067329417080886
0.6816634241245136,0.5066425666516041
0.6816247111759698,0.5065521915951198
0.6815859888105084,0.5064618165386353
0.681668896727892,0.5064618165386353
0.6816301703163017,0.506371441482151
0.6815914344810804,0.5062810664256665
0.681552689218788,0.5061906913691822
0.6815139345259827,0.5061003163126977
0.6815581253804017,0.5060099412562132
0.6815193571950329,0.5059195661997289
0.681480579568976,0.5058291911432444
0.6815247838265741,0.5057388160867601
0.6814859926918392,0.5056484410302756
0.6815302144249513,0.5055580659737913
0.6814914097721457,0.5054676909173068
0.6815356489945156,0.5053773158608225
0.6815799097891015,0.505286940804338
0.6816241921716863,0.5051965657478535
0.6815853658536586,0.5051061906913692
0.681546530064642,0.5050158156348847
0.681507684801171,0.5049254405784004
0.681590825911919,0.5049254405784004
0.6815519765739385,0.5048350655219159
0.6815962899682695,0.5047446904654316
0.681640625,0.5046543154089471
0.6816849816849817,0.5045639403524628
0.6817293600390816,0.5044735652959783
0.6816904849151093,0.5043831902394939
0.681734880879658,0.5042928151830095
0.6816959921798631,0.504202440126525
0.6816570939753147,0.5041120650700407
0.6817015034836817,0.5040216900135562
0.6816625916870416,0.5039313149570719
0.68170701883101,0.5038409399005874
0.6816680934327993,0.5037505648441031
0.6817125382262997,0.5036601897876186
0.6816735992170296,0.5035698147311342
0.6816346506790653,0.5034794396746498
0.6815956926089085,0.5033890646181653
0.681640146878825,0.503298689561681
0.6816846229187071,0.5032083145051965
0.6817291207445506,0.5031179394487122
0.6817736403723665,0.5030275643922277
0.6817346563763322,0.5029371893357434
0.6816956628277383,0.5028468142792589
0.6816566597230731,0.5027564392227745
0.6816176470588236,0.5026660641662901
0.6817011888711852,0.5026660641662901
0.6816621721010051,0.5025756891098057
0.6816231457643741,0.5024853140533213
0.6817067189798921,0.5024853140533213
0.6816676885346413,0.5023949389968368
0.6816286485160657,0.5023045639403525
0.6816732090284593,0.502214188883868
0.6817177914110429,0.5021238138273837
0.6816787335869432,0.5020334387708992
0.6816396661757487,0.5019430637144148
0.6816842622145839,0.5018526886579304
0.6816451810926949,0.501762313601446
0.6816060903732809,0.5016719385449616
0.6815669900528061,0.5015815634884772
0.6816115956270729,0.5014911884319928
0.6816953316953317,0.5014911884319928
0.6816562231232338,0.5014008133755083
0.6816171049397887,0.501310438319024
0.6815779771414526,0.5012200632625395
0.6816226183159189,0.5011296882060551
0.6815834767641996,0.5010393131495707
0.6815443255871142,0.5009489380930863
0.6815051647811117,0.5008585630366019
0.6814659943426393,0.5007681879801175
0.6815106409152417,0.5006778129236331
0.6814714566929134,0.5005874378671487
0.6815161210927886,0.5004970628106643
0.6814769230769231,0.5004066877541798
0.681560807483998,0.5004066877541798
0.6816055158827875,0.5003163126976954
0.6815663095677872,0.500225937641211
0.6815270935960591,0.5001355625847266
0.6816110358418525,0.5001355625847266
0.6815718157181572,0.5000451875282422
0.6816165598817151,0.49995481247175777
0.681577325939618,0.49986443741527337
0.6815380823268425,0.49977406235878896
0.6814988290398126,0.49968368730230456
0.6815435827888053,0.49959331224582015
0.6815883586138858,0.49950293718933575
0.6815490873211643,0.49941256213285135
0.6815098063401999,0.49932218707636694
0.6815938810757464,0.49932218707636694
0.6815545959284393,0.49923181201988254
0.6815994076268049,0.4991414369633981
0.6815601086151567,0.4990510619069137
0.681604938271605,0.49896068685042927
0.6815656253858501,0.49887031179394487
0.6815263027908125,0.49877993673746046
0.6814869704828949,0.49868956168097606
0.681447628458498,0.49859918662449165
0.681408276714021,0.49850881156800725
0.6813689152458612,0.49841843651152284
0.6813295440504139,0.4983280614550384
0.6813743665801508,0.498237686398554
0.6813349814585908,0.4981473113420696
0.6812955865990852,0.4980569362855852
0.6813404229009521,0.49796656122910077
0.6813010140984418,0.49787618617261636
0.6813852813852814,0.49787618617261636
0.6813458683819891,0.49778581111613196
0.6813064456266238,0.49769543605964756
0.6812670131155655,0.49760506100316315
0.6813513179061997,0.49760506100316315
0.6813118811881188,0.4975146859466787
0.6813567714780886,0.4974243108901943
0.681317320787421,0.4973339358337099
0.6812778603268945,0.4972435607772255
0.6813227644290315,0.4971531857207411
0.6812832899789422,0.49706281066425667
0.6813282121174575,0.49697243560777227
0.6814126394052045,0.49697243560777227
0.6813731565249721,0.49688206055128786
0.6813336638572137,0.49679168549480346
0.6813786263327548,0.496701310438319
0.6814236111111112,0.4966109353818346
0.6813841002108396,0.4965205603253502
0.6814291030889468,0.4964301852688658
0.6813895781637717,0.4963398102123814
0.681350043429706,0.496249435155897
0.6813104988830976,0.4961590600994126
0.6813555114200596,0.49606868504292817
0.6814005463123913,0.49597830998644377
0.6814456035767511,0.4958879349299593
0.6814060365172029,0.4957975598734749
0.6813664596273292,0.4957071848169905
0.6814115308151093,0.4956168097605061
0.6813719398533615,0.4955264347040217
0.6814170292106899,0.4954360596475373
0.681377424167081,0.4953456845910529
0.6814621409921671,0.4953456845910529
0.6814225317085302,0.4952553095345685
0.6814676616915423,0.4951649344780841
0.6815128141328689,0.4950745594215996
0.6814731865123802,0.4949841843651152
0.6815183571873056,0.4948938093086308
0.681478715459298,0.4948034342521464
0.681439063861571,0.494713059195662
0.6813994023904383,0.4946226841391776
0.6813597310422115,0.4945323090826932
0.6813200498132005,0.4944419340262088
0.6812803586997135,0.4943515589697244
0.6812406576980568,0.4942611839132399
0.6812009468045347,0.4941708088567555
0.6811612260154498,0.4940804338002711
0.6811214953271028,0.4939900587437867
0.6810817547357926,0.4938996836873023
0.6811666458930574,0.4938996836873023
0.681126901022189,0.4938093086308179
0.6810871462411171,0.4937189335743335
0.6810473815461346,0.4936285585178491
0.6811323107619404,0.4936285585178491
0.6811774978171385,0.4935381834613647
0.6811377245508982,0.49344780840488023
0.6812227074235808,0.49344780840488023
0.681267939598153,0.4933574333483958
0.6813131943577581,0.4932670582919114
0.6813584717193157,0.493176683235427
0.6813186813186813,0.4930863081789426
0.681363977017237,0.4929959331224582
0.6813241723922548,0.4929055580659738
0.6812843578210894,0.4928151830094894
0.6812445333000124,0.492724807953005
0.6812046988252937,0.49263443289652054
0.6811648543932008,0.49254405784003613
0.681125,0.4924536827835517
0.6810851356419553,0.4923633077270673
0.6811702925731433,0.4923633077270673
0.6811304239089658,0.4922729326705829
0.6810905452726363,0.4921825576140985
0.6810506566604128,0.4920921825576141
0.6811358518889167,0.4920921825576141
0.6810959589640936,0.4920018075011297
0.6811412839444375,0.4919114324446453
0.6811866316184754,0.49182105738816084
0.6812320020032553,0.49173068233167644
0.6811920861507639,0.49164030727519203
0.6811521603005636,0.49154993221870763
0.6811122244488977,0.4914595571622232
0.681072278592008,0.4913691821057388
0.6810323227261338,0.4912788070492544
0.6811176544292695,0.4912788070492544
0.681077694235589,0.49118843199277
0.6810377240255671,0.4910980569362856
0.6809977437954374,0.49100768187980115
0.6809577535414316,0.49091730682331675
0.6809177532597793,0.49082693176683234
0.6809631301730624,0.49073655671034794
0.6810485388185125,0.49073655671034794
0.6810085298544907,0.49064618165386353
0.680968510851838,0.49055580659737913
0.6809284818067755,0.4904654315408947
0.6809738955823293,0.4903750564844103
0.6809338521400778,0.4902846814279259
0.6810193321616872,0.4902846814279259
0.6809792843691149,0.49019430637144146
0.6810647915620291,0.49019430637144146
0.6810247394198167,0.49010393131495705
0.6809846772167797,0.49001355625847265
0.680944604949127,0.48992318120198824
0.6809045226130653,0.48983280614550384
0.6808644302047996,0.48974243108901944
0.6808243277205328,0.48965205603253503
0.680784215156466,0.48956168097605063
0.6807440925087984,0.4894713059195662
0.6807039597737272,0.48938093086308176
0.6807895398541615,0.48938093086308176
0.6808350100603622,0.48929055580659736
0.6807948685699912,0.48920018075011296
0.6808805031446541,0.48920018075011296
0.6809661592653163,0.48920018075011296
0.6809260191243081,0.48910980569362855
0.6809715580166121,0.48901943063714415
0.6809314033983638,0.48892905558065974
0.6810171198388721,0.48892905558065974
0.680976960846028,0.48883868052417534
0.6810225412416572,0.48874830546769094
0.6809823677581864,0.48865793041120653
0.6809421841541756,0.48856755535472207
0.6809019904257999,0.48847718029823767
0.6808617865692327,0.48838680524175326
0.6808215725806451,0.48829643018526886
0.6807813484562066,0.48820605512878446
0.6808671540206706,0.48820605512878446
0.6808269255010715,0.48811568007230005
0.6808725255327197,0.48802530501581565
0.6808322824716267,0.48793492995933124
0.6809181485685458,0.48793492995933124
0.6809637946259619,0.48784455490284684
0.6810094637223975,0.4877541798463624
0.6809692074709742,0.487663804789878
0.6810148952284777,0.48757342973339357
0.6809746244161091,0.48748305467690917
0.6809343434343434,0.48739267962042476
0.6808940522793282,0.48730230456394036
0.6808537509472089,0.48721192950745595
0.6809397499052672,0.48721192950745595
0.6808994441637191,0.48712155445097155
0.6808591282375237,0.48703117939448715
0.6809048401364842,0.4869408043380027
0.6809505751485274,0.4868504292815183
0.6809102402022756,0.4867600542250339
0.6809559939301972,0.4866696791685495
0.6809156443657519,0.48657930411206507
0.681001770806982,0.48657930411206507
0.6809614168247944,0.48648892905558067
0.681007212450968,0.48639855399909626
0.6810530312618656,0.48630817894261186
0.6810126582278481,0.48621780388612745
0.6809722749715154,0.486127428829643
0.6809318814889845,0.4860370537731586
0.6808914777763708,0.4859466787166742
0.6808510638297872,0.4858563036601898
0.6809373020899303,0.4858563036601898
0.6808968837091461,0.4857659286037054
0.6808564550867857,0.485675553547221
0.6808160162189559,0.48558517849073657
0.6808618504435995,0.48549480343425216
0.680821396881734,0.48540442837776776
0.6808672499049068,0.4853140533212833
0.6808267816383464,0.4852236782647989
0.6808726534753932,0.4851333032083145
0.680832170493467,0.4850429281518301
0.6807916772392794,0.4849525530953457
0.6808780611597512,0.4849525530953457
0.6809239751237467,0.4848621780388613
0.6809699124031992,0.4847718029823769
0.680929405789741,0.48468142792589247
0.680975361950724,0.48459105286940807
0.6809348405944367,0.4845006778129236
0.6808943089430894,0.4844103027564392
0.6809402795425668,0.4843199276999548
0.6809862735129639,0.4842295526434704
0.6809457226388712,0.484139177586986
0.6810322908721078,0.484139177586986
0.6809917355371901,0.4840488025305016
0.6810377718428081,0.4839584274740172
0.6810838315735911,0.4838680524175328
0.6810432569974555,0.4837776773610484
0.6810026720956864,0.4836873023045639
0.6810893357088318,0.4836873023045639
0.6810487463408426,0.4835969272480795
0.6810081466395111,0.4835065521915951
0.6809675366008912,0.4834161771351107
0.6810136253661021,0.4833258020786263
0.6809730005094243,0.4832354270221419
0.680932365303783,0.4831450519656575
0.6809784685947254,0.4830546769091731
0.6809378185524975,0.4829643018526887
0.6810245953867721,0.4829643018526887
0.6809839408615855,0.4828739267962042
0.6809432759719567,0.4827835517397198
0.6809026007139215,0.4826931766832354
0.6809487375669472,0.482602801626751
0.6809948979591837,0.4825124265702666
0.6809542033422631,0.4824220515137822
0.6810003827995407,0.4823316764572978
0.6809596733027055,0.4822413014008134
0.6810465858328015,0.4822413014008134
0.6810058718406944,0.482150926344329
0.6810928124601047,0.482150926344329
0.6810520939734422,0.48206055128784453
0.6810113650874728,0.4819701762313601
0.6810576063354196,0.4818798011748757
0.6810168625447113,0.4817894261183913
0.6809761083429156,0.4816990510619069
0.6809353437260414,0.4816086760054225
0.6810223642172524,0.4816086760054225
0.6809815950920245,0.4815183009489381
0.6810686437428096,0.4815183009489381
0.6810278701099463,0.4814279258924537
0.6809870860503772,0.4813375508359693
0.6809462915601023,0.48124717577948484
0.6809925812228191,0.48115680072300043
0.680951771779455,0.48106642566651603
0.6809109518935517,0.4809760506100316
0.6808701215611005,0.4808856755535472
0.6809164213490336,0.4807953004970628
0.6808755760368663,0.4807049254405784
0.6809218950064021,0.480614550384094
0.6808810347035472,0.4805241753276096
0.6808401639344263,0.48043380027112514
0.6807992826950173,0.48034342521464074
0.6807583909812964,0.48025305015815634
0.6807174887892377,0.48016267510167193
0.6808047155304972,0.48016267510167193
0.6808510638297872,0.4800723000451875
0.6808101525445456,0.4799819249887031
0.6807692307692308,0.4798915499322187
0.6808565200666752,0.4798915499322187
0.6808155937419851,0.4798011748757343
0.6807746569193279,0.4797107998192499
0.680861980502822,0.4797107998192499
0.6808210391276459,0.47962042476276545
0.6809083910700539,0.47962042476276545
0.6809548254620124,0.47953004970628105
0.6809138749839558,0.47943967464979664
0.6809603286686352,0.47934929959331224
0.6810068062154874,0.47925892453682784
0.6809658361161058,0.47916854948034343
0.6809248554913295,0.479078174423859
0.6808838643371018,0.4789877993673746
0.680842862649364,0.4788974243108902
0.6808018504240555,0.47880704925440576
0.6807608276571134,0.47871667419792135
0.680719794344473,0.47862629914143695
0.680678750482067,0.47853592408495255
0.6807662638210337,0.47853592408495255
0.6807252153786807,0.47844554902846814
0.6806841563786008,0.47835517397198374
0.6807306405968613,0.47826479891549933
0.6806895664479609,0.47817442385901493
0.6806484817292846,0.4780840488025305
0.6807360700038605,0.4780840488025305
0.6806949806949807,0.47799367374604607
0.6806538808083409,0.47790329868956166
0.6807415036045315,0.47790329868956166
0.6807003991245011,0.47781292363307726
0.6806592840587175,0.47772254857659285
0.6807058217413704,0.47763217352010845
0.6807523834063386,0.47754179846362405
0.6807112485504445,0.47745142340713964
0.6806701030927835,0.47736104835065524
0.6806289470292564,0.47727067329417083
0.6805877803557618,0.4771802982376864
0.6805466030681965,0.47708992318120197
0.6805054151624549,0.47699954812471757
0.6804642166344294,0.47690917306823316
0.6805107700245067,0.47681879801174876
0.6804695562435501,0.47672842295526435
0.6804283318281512,0.47663804789877995
0.6805161290322581,0.47663804789877995
0.6804748999870951,0.47654767284229554
0.6804336602994321,0.47645729778581114
0.6804802478698683,0.4763669227293267
0.6804389928986443,0.4762765476728423
0.6803977272727273,0.4761861726163579
0.6804443296305864,0.47609579755987347
0.6804030487017181,0.47600542250338906
0.6804909560723514,0.47600542250338906
0.6804496705000647,0.47591504744690466
0.680496316401706,0.47582467239042026
0.6805429864253394,0.47573429733393585
0.6805016808895785,0.47564392227745145
0.680460364670891,0.475553547220967
0.6805070495408098,0.4754631721644826
0.6804657179818887,0.4753727971079982
0.6804243757277785,0.4752824220515138
0.6805124223602484,0.4752824220515138
0.6804710754497217,0.47519204699502937
0.6804297178358788,0.47510167193854497
0.6803883495145631,0.47501129688206056
0.6804350640942639,0.47492092182557616
0.6804818028752753,0.47483054676909175
0.6805285658764089,0.4747401717126073
0.6805753531164961,0.4746497966561229
0.6805339554173147,0.4745594215996385
0.6805807622504537,0.4744690465431541
0.6805393491507844,0.4743786714866697
0.6805861755933083,0.4742882964301853
0.6805447470817121,0.47419792137370087
0.6805033078220262,0.47410754631721647
0.6804618578100675,0.47401717126073206
0.6805501492149993,0.47401717126073206
0.6805970149253732,0.4739267962042476
0.6805555555555556,0.4738364211477632
0.6805140854212645,0.4737460460912788
0.6804726045183069,0.4736556710347944
0.680431112842488,0.47356529597831
0.6803896103896104,0.4734749209218256
0.6803480971554747,0.4733845458653412
0.6803065731358795,0.4732941708088568
0.6802650383266208,0.47320379575237237
0.6803118908382066,0.4731134206958879
0.6802703405250845,0.4730230456394035
0.6802287794098532,0.4729326705829191
0.6801872074882995,0.4728422955264347
0.6801456247562085,0.4727519204699503
0.6802340702210663,0.4727519204699503
0.68019248276759,0.4726615454134659
0.6802393651619617,0.4725711703569815
0.6801977621649753,0.4724807953004971
0.6802446642373764,0.4723904202440127
0.6802030456852792,0.4723000451875282
0.6801614162978391,0.4722096701310438
0.6802499674521547,0.4722096701310438
0.6802083333333333,0.4721192950745594
0.6801666883708817,0.472028920018075
0.6802552748111488,0.472028920018075
0.6802136251139768,0.4719385449615906
0.6803022407503908,0.4719385449615906
0.6802605863192183,0.4718481699051062
0.6803075720057344,0.4717577948486218
0.6803545821926738,0.4716674197921374
0.6803129074315515,0.471577044735653
0.6802712218020602,0.4714866696791685
0.6803182470327377,0.4713962946226841
0.6802765457865901,0.4713059195661997
0.6802348336594912,0.4712155445097153
0.6801931106471816,0.4711251694532309
0.6801513767453999,0.4710347943967465
0.6801984075186007,0.4709444193402621
0.6802872062663186,0.4709444193402621
0.6802454628541585,0.4708540442837777
0.6802037085400888,0.4707636692272933
0.680161943319838,0.47067329417080883
0.6801201671891327,0.4705829191143244
0.6801672328194408,0.47049254405784
0.680125441003528,0.4704021690013556
0.680083638264506,0.4703117939448712
0.6801307189542484,0.4702214188883868
0.6801778242677824,0.4701310438319024
0.6801360010461619,0.470040668775418
0.6802249542244311,0.470040668775418
0.6802721088435374,0.4699502937189336
0.6802302760696062,0.46985991866244914
0.6802774505954718,0.46976954360596473
0.6802356020942408,0.46967916854948033
0.6801937426364707,0.4695887934929959
0.6802827965435978,0.4695887934929959
0.6802409323032604,0.4694984184365115
0.680199057097957,0.4694080433800271
0.6801571709233791,0.4693176683235427
0.6801152737752162,0.4692272932670583
0.680073365649155,0.4691369182105739
0.680120560870135,0.46904654315408945
0.6801677808362826,0.46895616809760504
0.6802569480859989,0.46895616809760504
0.6802150255670644,0.46886579304112064
0.6803042223970627,0.46886579304112064
0.6802622950819672,0.46877541798463623
0.6803095894004985,0.46868504292815183
0.6802676462870637,0.4685946678716674
0.6802256921663824,0.468504292815183
0.6802730017062607,0.4684139177586986
0.6803203360903243,0.4683235427022142
0.6802783613445378,0.46823316764572975
0.680236375574524,0.46814279258924535
0.6803257157867086,0.46814279258924535
0.680283725206883,0.46805241753276094
0.6802417235943248,0.46796204247627654
0.6801997109446853,0.46787166741979214
0.6802470758312524,0.46778129236330773
0.680205047318612,0.46769091730682333
0.6802944656237676,0.46769091730682333
0.6802524322902971,0.4676005422503389
0.6802103879026956,0.4675101671938545
0.6801683324566018,0.46741979213737006
0.6802577929764566,0.46741979213737006
0.6802157327019206,0.46732941708088566
0.6801736613603473,0.46723904202440125
0.6801315789473684,0.46714866696791685
0.680089485458613,0.46705829191143244
0.6800473808897078,0.46696791685494804
0.6800052652362775,0.46687754179846364
0.6800947867298578,0.46687754179846364
0.6800526662277815,0.46678716674197923
0.6800105346326046,0.4666967916854948
0.6799683919399447,0.46660641662901037
0.6800158081939138,0.46651604157252596
0.6800632494399789,0.46642566651604156
0.680152872957301,0.46642566651604156
0.6801107156979043,0.46633529145955716
0.6800685473240179,0.46624491640307275
0.6800263678312459,0.46615454134658835
0.6801160337552743,0.46615454134658835
0.6800738493999736,0.46606416629010394
0.6800316539171722,0.46597379123361954
0.6799894473024667,0.46588341617713513
0.6800369441878876,0.4657930411206507
0.6799947215624175,0.46570266606416627
0.6799524877920021,0.46561229100768187
0.6799102428722281,0.46552191595119746
0.6798679867986799,0.46543154089471306
0.6799577501980459,0.46543154089471306
0.6800475373035785,0.46543154089471306
0.6800052826201796,0.46534116583822865
0.6799630167745344,0.46525079078174425
0.6800105694279297,0.46516041572525985
0.6800581472181843,0.46507004066877544
0.6800158604282316,0.464979665612291
0.6799735624586913,0.4648892905558066
0.6800634584875727,0.4648892905558066
0.6801110817244115,0.4647989154993222
0.6800687739716968,0.46470854044283777
0.680026455026455,0.46461816538635337
0.6801164175155444,0.46461816538635337
0.6800740936755756,0.46452779032986896
0.6800317586343787,0.46443741527338456
0.6800794176042356,0.46434704021690015
0.6800370664548584,0.46425666516041575
0.6801271018138488,0.46425666516041575
0.6800847457627118,0.4641662901039313
0.6800423784929148,0.4640759150474469
0.68,0.4639855399909625
0.6800476947535771,0.4638951649344781
0.6800053001192526,0.4638047898779937
0.6799628942486086,0.46371441482150927
0.679920477137177,0.46362403976502486
0.6799681824207875,0.46353366470854046
0.6799257491381596,0.46344328965205606
0.6798833046015117,0.4633529145955716
0.6798408488063661,0.4632625395390872
0.6797983817482425,0.4631721644826028
0.6798885646059963,0.4631721644826028
0.6798460926097917,0.4630817894261184
0.6798938287989383,0.462991414369634
0.6798513405893284,0.4629010393131496
0.6798088410991637,0.46281066425666517
0.6798565927499668,0.46272028920018077
0.6799043697702218,0.46262991414369636
0.6799521721801515,0.4625395390872119
0.68,0.4624491640307275
0.6799574694311536,0.4623587889742431
0.6800478532500333,0.4623587889742431
0.680005317734645,0.4622684139177587
0.6800957319505385,0.4622684139177587
0.6801436361218247,0.4621780388612743
0.6801915657842225,0.4620876638047899
0.6802395209580838,0.4619972887483055
0.6801969656640937,0.4619069136918211
0.6801543990416611,0.46181653863533667
0.6802023698575422,0.4617261635788522
0.6801597869507323,0.4616357885223678
0.6801171927020908,0.4615454134658834
0.6800745871070858,0.461455038409399
0.6800319701611829,0.4613646633529146
0.6801225686117772,0.4613646633529146
0.6801705756929638,0.4612742882964302
0.6802612288417966,0.4612742882964302
0.680218608371101,0.4611839132399458
0.6801759765364618,0.4610935381834614
0.6802240298706494,0.461003163126977
0.6802721088435374,0.4609127880704925
0.6802294557097118,0.4608224130140081
0.6801867911941294,0.4607320379575237
0.6801441152922338,0.4606416629010393
0.6801014279994662,0.4605512878445549
0.6800587293112653,0.4604609127880705
0.6801495127486317,0.4604609127880705
0.6801068090787717,0.4603705377315861
0.6801549145299145,0.4602801626751017
0.6801121944704154,0.4601897876186173
0.6801603206412825,0.4600994125621328
0.6801175841795831,0.4600090375056484
0.6802084725377522,0.4600090375056484
0.6801657310879444,0.459918662449164
0.680122978211469,0.4598282873926796
0.6800802139037433,0.4597379123361952
0.6800374381601818,0.4596475372797108
0.6799946509761968,0.4595571622232264
0.6799518523471981,0.459466787166742
0.6799090422685928,0.4593764121102576
0.679866220735786,0.45928603705377313
0.679914358356751,0.45919566199728873
0.6798715203426124,0.4591052869408043
0.6799625217507697,0.4591052869408043
0.6799196787148595,0.4590149118843199
0.6799678628816282,0.4589245368278355
0.6799250033480648,0.4588341617713511
0.6799732083054253,0.4587437867148667
0.679930332261522,0.4586534116583823
0.6798874447273214,0.4585630366018979
0.6798445456982042,0.45847266154541344
0.6798016351695483,0.45838228648892904
0.679849845823837,0.45829191143244463
0.6798069187449718,0.45820153637596023
0.6797639801528765,0.4581111613194758
0.6797210300429185,0.4580207862629914
0.67981220657277,0.4580207862629914
0.6798604588756205,0.457930411206507
0.6799087370822708,0.4578400361500226
0.6798657718120805,0.4577496610935382
0.679822795006041,0.45765928603705375
0.6798710890291393,0.45756891098056934
0.6798280956218103,0.45747853592408494
0.6799194089993285,0.45747853592408494
0.679876410531972,0.45738816086760054
0.6799677549375251,0.45738816086760054
0.679924751410911,0.45729778581111613
0.6798817363257627,0.4572074107546317
0.6799300981314693,0.4571170356981473
0.6798870664157032,0.4570266606416629
0.6799784859486352,0.4570266606416629
0.6799354491662184,0.4569362855851785
0.6799838579499596,0.45684591052869405
0.6799408045203821,0.45675553547220965
0.680032292787944,0.45675553547220965
0.6799892342887902,0.45666516041572525
0.6799461641991925,0.45657478535924084
0.6799946149703824,0.45648441030275644
0.6799515282078902,0.45639403524627203
0.6800430918394829,0.45639403524627203
0.6800915948275862,0.45630366018978763
0.6800484979118955,0.4562132851333032
0.6800053893829157,0.4561229100768188
0.679962269235952,0.45603253502033436
0.6799191374663073,0.45594215996384996
0.6798759940692816,0.45585178490736555
0.6799244977753809,0.45576140985088115
0.6798813376483279,0.45567103479439675
0.679929862422444,0.45558065973791234
0.6798866855524079,0.45549028468142794
0.6798434970318402,0.45539990962494353
0.6798920377867747,0.45530953456845913
0.6799406047516199,0.45521915951197467
0.67998919794761,0.45512878445549027
0.6799459824442944,0.45503840939900586
0.6800378173960021,0.45503840939900586
0.6799945967850871,0.45494803434252146
0.6800864631180762,0.45494803434252146
0.6801351351351351,0.45485765928603705
0.6800919043113934,0.45476728422955265
0.680183833468505,0.45476728422955265
0.680140597539543,0.45467690917306824
0.6802325581395349,0.45467690917306824
0.6801893171061528,0.45458653411658384
0.6801460643765215,0.45449615906009944
0.6802380630325984,0.45449615906009944
0.6802868353402787,0.454405784003615
0.6802435723951286,0.4543154089471306
0.6803356340506158,0.4543154089471306
0.6802923659989172,0.45422503389064617
0.6803411860276198,0.45413465883416176
0.6802979011509818,0.45404428377767736
0.6802546045503792,0.45395390872119296
0.6802112962210484,0.45386353366470855
0.6803034408019507,0.45386353366470855
0.6803523035230352,0.45377315860822415
0.6803089849573113,0.45368278355173974
0.6803578690524603,0.4535924084952553
0.6803145336225597,0.4535020334387709
0.6804067796610169,0.4535020334387709
0.6803634391103879,0.4534116583822865
0.6803200868032009,0.45332128332580207
0.680369013702347,0.45323090826931767
0.680325644504749,0.45314053321283326
0.6802822635364364,0.45305015815634886
0.6803312067327271,0.45295978309986445
0.6802878088514798,0.45286940804338005
0.6803367734926671,0.4527790329868956
0.6802933586853185,0.4526886579304112
0.68034234479011,0.4525982828739268
0.6803913575214023,0.4525079078174424
0.6804403969009107,0.452417532760958
0.6803969548667754,0.45232715770447357
0.6804894629503739,0.45232715770447357
0.6805385556915544,0.45223678264798917
0.6804951033732318,0.45214640759150476
0.6805442176870748,0.45205603253502036
0.6805933587370713,0.4519656574785359
0.6805498843065196,0.4518752824220515
0.6805990469707284,0.4517849073655671
0.6806917211328976,0.4517849073655671
0.680648236415634,0.4516945323090827
0.6806047398529012,0.4516041572525983
0.6806539509536784,0.4515137821961139
0.6806104373892901,0.4514234071396295
0.6807031888798037,0.4514234071396295
0.680752453653217,0.45133303208314507
0.6807089297886844,0.45124265702666067
0.6808017452958822,0.45124265702666067
0.6807582162825583,0.4511522819701762
0.6807146753955264,0.4510619069136918
0.6808075296685309,0.4510619069136918
0.6807639836289222,0.4509715318572074
0.6808133187772926,0.450881156800723
0.6808626808626809,0.4507907817442386
0.6808191126279863,0.4507004066877542
0.6808684965178206,0.4506100316312698
0.6808249112264408,0.4505196565747854
0.6807813140281382,0.450429281518301
0.6807377049180328,0.4503389064618165
0.6807871003006286,0.4502485314053321
0.6808365226899945,0.4501581563488477
0.6807928913192071,0.4500677812923633
0.6808859721082855,0.4500677812923633
0.6808423355667989,0.4499774062358789
0.6809354485776805,0.4499774062358789
0.6808918068663657,0.4498870311793945
0.680941305240115,0.4497966561229101
0.6810344827586207,0.4497966561229101
0.6809908307102778,0.4497062810664257
0.6810403832991102,0.4496159060099413
0.6809967141292442,0.4495255309534568
0.6809530330001369,0.4494351558969724
0.6810462886880306,0.4494351558969724
0.6810026023832352,0.449344780840488
0.680958904109589,0.4492544057840036
0.6810521989313605,0.4492544057840036
0.6811455193203617,0.4492544057840036
0.6811018226668494,0.4491640307275192
0.6810581140350878,0.4490736556710348
0.6810143934201508,0.4489832806145504
0.6811077598025774,0.4489832806145504
0.6810640340052104,0.448892905558066
0.6811137018241668,0.4488025305015816
0.6811633968994375,0.4487121554450971
0.681119648737651,0.4486217803886127
0.681075888568684,0.4485314053321283
0.6810321163875926,0.4484410302756439
0.6810818231740802,0.4483506552191595
0.6810380337772896,0.4482602801626751
0.680994232353749,0.4481699051061907
0.6809504188985029,0.4480795300497063
0.6809065934065934,0.4479891549932219
0.6808627558730594,0.44789877993673743
0.6808189062929376,0.44780840488025303
0.6807750446612615,0.4477180298237686
0.6808247422680412,0.4476276547672842
0.6808744672074797,0.4475372797107998
0.6808305830583058,0.4474469046543154
0.6808803301237965,0.447356529597831
0.6808364286696932,0.4472661545413466
0.6809301045679692,0.4472661545413466
0.6808861978808312,0.4471757794848622
0.6808422791081751,0.44708540442837774
0.6808920704845814,0.44699502937189334
0.6808481343797329,0.44690465431540893
0.6808041861746076,0.44681427925892453
0.680760225864206,0.4467239042024401
0.6807162534435262,0.4466335291459557
0.6808100289296046,0.4466335291459557
0.680766051253789,0.4465431540894713
0.6808598594460521,0.4465431540894713
0.6809536934950385,0.4465431540894713
0.6809097174362508,0.4464527790329869
0.6808657292528261,0.4463624039765025
0.680821728939749,0.44627202892001805
0.6808716039167011,0.44618165386353364
0.6809215064146779,0.44609127880704924
0.6808774834437086,0.44600090375056484
0.6808334483234442,0.44591052869408043
0.6807894010488545,0.44582015363759603
0.6808833678398896,0.44582015363759603
0.6808393152954169,0.4457297785811116
0.6808892571112952,0.4456394035246272
0.6808451871288496,0.4455490284681428
0.6808011049723757,0.44545865341165836
0.6808951512639867,0.44545865341165836
0.680989223542415,0.44545865341165836
0.6809451430150615,0.44536827835517395
0.6809951624049758,0.44527790329868955
0.680951064418026,0.44518752824220514
0.681045209456657,0.44518752824220514
0.6810011061946902,0.44509715318572074
0.6810952841930576,0.44509715318572074
0.6810511756569848,0.44500677812923634
0.6810070549176926,0.44491640307275193
0.6811012728278916,0.44491640307275193
0.6811955168119551,0.44491640307275193
0.6811513977304179,0.4448260280162675
0.6812456747404845,0.4448260280162675
0.6812015503875969,0.4447356529597831
0.6811574138169736,0.44464527790329866
0.6812075889765961,0.44455490284681426
0.6812577919379416,0.44446452779032986
0.6813080227241236,0.44437415273384545
0.6812638580931264,0.44428377767736105
0.6812196812196812,0.44419340262087664
0.6812699292943297,0.44410302756439224
0.6812257348863006,0.44401265250790783
0.6811815282207738,0.44392227745142343
0.6812317935913441,0.44383190239493897
0.6812820868599972,0.44374152733845457
0.6813766305856231,0.44374152733845457
0.6813324080499653,0.44365115228197016
0.6812881732370905,0.44356077722548576
0.6812439261418853,0.44347040216900135
0.6811996667592335,0.44338002711251695
0.6811553950840161,0.44328965205603255
0.6811111111111111,0.44319927699954814
0.6812057230170857,0.44319927699954814
0.6811614337315921,0.44310890194306374
0.681117132138391,0.4430185268865793
0.6810728182323513,0.4429281518300949
0.6810284920083391,0.44283777677361047
0.6809841534612177,0.44274740171712607
0.6810788266370082,0.44274740171712607
0.6811291892643582,0.44265702666064166
0.6810848400556329,0.44256665160415726
0.6811795799137571,0.44256665160415726
0.6811352253756261,0.44247627654767285
0.681090858494504,0.44238590149118845
0.681046479265238,0.44229552643470404
0.6810020876826722,0.4422051513782196
0.6809576837416481,0.4421147763217352
0.6810080757449178,0.4420244012652508
0.6809636540871745,0.4419340262087664
0.6810584958217271,0.4419340262087664
0.6811089439955419,0.44184365115228197
0.6810645116343876,0.44175327609579756
0.6810200668896321,0.44166290103931316
0.6810705324783942,0.44157252598282876
0.6810260699846648,0.44148215092634435
0.6810765583600613,0.4413917758698599
0.6811270749058446,0.4413014008133755
0.6810825892857143,0.4412110257568911
0.6811331286631315,0.4411206507004067
0.6812281926029309,0.4411206507004067
0.6811836962590732,0.4410302756439223
0.6812342920971796,0.44093990058743787
0.6811897779639715,0.44084952553095347
0.6812849162011173,0.44084952553095347
0.6813800810169018,0.44084952553095347
0.6813355685945794,0.44075915047446906
0.6812910437334079,0.44066877541798466
0.6813417190775681,0.4405784003615002
0.6812971764048085,0.4404880253050158
0.681347874720358,0.4403976502485314
0.6813033142217871,0.440307275192047
0.6813986013986014,0.440307275192047
0.6813540355294446,0.4402169001355626
0.6813094571908226,0.4401265250790782
0.6814047852245697,0.4401265250790782
0.681360201511335,0.4400361500225938
0.6813156053184045,0.43994577496610937
0.6812709966405375,0.43985539990962497
0.6813663726725465,0.43985539990962497
0.6813217586110333,0.4397650248531405
0.6812771320543342,0.4396746497966561
0.6812324929971989,0.4395842747401717
0.6813279170752207,0.4395842747401717
0.6812832726253852,0.4394938996836873
0.6813787305590584,0.4394938996836873
0.6813340807174888,0.4394035246272029
0.6812894183601962,0.4393131495707185
0.6812447434819175,0.4392227745142341
0.6813402495443712,0.4392227745142341
0.6812955692652832,0.4391323994577497
0.6813911092413406,0.4391323994577497
0.6813464235624124,0.4390420244012653
0.6813973063973064,0.4389516493447808
0.6814482177939938,0.4388612742882964
0.6814035087719298,0.438770899231812
0.6813587871982033,0.4386805241753276
0.6813140530675277,0.4385901491188432
0.681364976829097,0.4384997740623588
0.6813202247191011,0.4384093990058744
0.681275460036522,0.43831902394939
0.6813711716774374,0.43831902394939
0.6813264015736967,0.4382286488929056
0.6814221472737493,0.4382286488929056
0.6813773717498243,0.4381382738364211
0.6813325836378971,0.4380478987799367
0.6813835770528683,0.4379575237234523
0.6813387709182956,0.4378671486669679
0.6812939521800281,0.4377767736104835
0.6812491208327472,0.4376863985539991
0.6813449634214969,0.4376863985539991
0.6813001266357113,0.4375960234975147
0.6813511611541169,0.4375056484410303
0.6813063063063063,0.4374152733845459
0.681261438828664,0.43732489832806143
0.6812165587158547,0.437234523271577
0.6811716659625405,0.4371441482150926
0.6812227074235808,0.4370537731586082
0.681177796562412,0.4369633981021238
0.6811328730449485,0.4368730230456394
0.681183932346723,0.436782647989155
0.68123502044269,0.4366922729326706
0.6812861373572133,0.4366018978761862
0.6813372831146848,0.43651152281970174
0.6812923250564334,0.43642114776321733
0.681343494213943,0.43633077270673293
0.6812985179957657,0.4362403976502485
0.681253529079616,0.4361500225937641
0.6813047161818695,0.4360596475372797
0.6812597090806384,0.4359692724807953
0.6813109196214154,0.4358788974243109
0.6812658943204295,0.4357885223678265
0.6813171283210854,0.43569814731134204
0.6813683912920554,0.43560777225485764
0.6813233422875724,0.43551739719837324
0.6812782805429864,0.43542702214188883
0.6812332060528921,0.4353366470854044
0.6811881188118812,0.43524627202892
0.6811430188145424,0.4351558969724356
0.6811942832885242,0.4350655219159512
0.6811491650155675,0.4349751468594668
0.6812004530011325,0.43488477180298235
0.6811553164377743,0.43479439674649795
0.6811101670914755,0.43470402169001354
0.681065004956805,0.43461364663352914
0.6810198300283287,0.43452327157704473
0.6810711249645792,0.43443289652056033
0.6810259316990223,0.4343425214640759
0.6809807256235828,0.4342521464075915
0.6809355067328136,0.4341617713511071
0.6810320385596824,0.4341617713511071
0.6809868141216504,0.43407139629462266
0.6810381506169337,0.43398102123813825
0.6809929078014184,0.43389064618165385
0.681044267877412,0.43380027112516945
0.6809990066695047,0.43370989606868504
0.6809537326142492,0.43361952101220064
0.6810051107325383,0.43352914595571623
0.6809598182592645,0.43343877089923183
0.6809145129224652,0.4333483958427474
0.6808691947166595,0.43325802078626297
0.680965909090909,0.43325802078626297
0.6809205853104134,0.43316764572977856
0.6809720051158163,0.43307727067329416
0.6810687890847072,0.43307727067329416
0.6810234541577825,0.43298689561680975
0.6809781063406313,0.43289652056032535
0.6810295790671217,0.43280614550384094
0.6809842127720097,0.43271577044735654
0.6809388335704125,0.43262539539087214
0.6810357092047233,0.43262539539087214
0.6809903244166192,0.43253502033438773
0.6810418445772843,0.4324446452779033
0.6810933940774487,0.43235427022141887
0.6810479851915135,0.43226389516493446
0.6810025633722586,0.43217352010845006
0.6810995584674547,0.43217352010845006
0.681054131054131,0.43208314505196566
0.6810086906966805,0.43199276999548125
0.6809632373895697,0.43190239493899685
0.6809177711272624,0.43181201988251244
0.6808722919042189,0.43172164482602804
0.6809693513898788,0.43172164482602804
0.6809238665526091,0.4316312697695436
0.6809754706217912,0.4315408947130592
0.6809299671944088,0.43145051965657477
0.6810271041369472,0.43145051965657477
0.6810787671232876,0.43136014460009037
0.6810332524618239,0.43126976954360596
0.6809877248073081,0.43117939448712156
0.6809421841541756,0.43108901943063715
0.6809938597743824,0.43099864437415275
0.6810455649192972,0.43090826931766835
0.6810972996142306,0.4308178942611839
0.6810517290654473,0.4307275192046995
0.6811034877072613,0.4306371441482151
0.6810578984989278,0.4305467690917307
0.6810122962539319,0.43045639403524627
0.680966680966681,0.43036601897876187
0.680921052631579,0.43027564392227746
0.6810184522958089,0.43027564392227746
0.6811158798283262,0.43027564392227746
0.6810702532551152,0.43018526886579306
0.6810246136233543,0.43009489380930865
0.6809789609274367,0.4300045187528242
0.6810764385914686,0.4300045187528242
0.6810307802433787,0.4299141436963398
0.6811282932416953,0.4299141436963398
0.6811801775995416,0.4298237686398554
0.6812320916905444,0.429733393583371
0.6812840355402694,0.4296430185268866
0.6813360091743119,0.4295526434704022
0.6813880126182965,0.42946226841391777
0.6813423203786032,0.42937189335743337
0.6813943480131975,0.42928151830094896
0.681348637015782,0.4291911432444645
0.6814464055101163,0.4291911432444645
0.6814006888633755,0.4291007681879801
0.6814984928950768,0.4291007681879801
0.6814527706000574,0.4290103931314957
0.6815506101938262,0.4290103931314957
0.6816027574321413,0.4289200180750113
0.6816549346358282,0.4288296430185269
0.6816091954022988,0.4287392679620425
0.6815634430234229,0.4286488929055581
0.6815176774935326,0.4285585178490737
0.681471898806957,0.42846814279258927
0.6814261069580219,0.4283777677361048
0.6813803019410496,0.4282873926796204
0.681478285878631,0.4282873926796204
0.6814324751905653,0.428197017623136
0.6813866513233602,0.4281066425666516
0.6814846784635304,0.4281066425666516
0.6814388489208633,0.4280162675101672
0.6813930061879407,0.4279258924536828
0.6814452281560386,0.4278355173971984
0.6813993665418946,0.427745142340714
0.6814516129032258,0.4276547672842296
0.6814057323923376,0.4275643922277451
0.6814580031695721,0.4274740171712607
0.6814121037463977,0.4273836421147763
0.6813661910938176,0.4272932670582919
0.6813202652061112,0.4272028920018075
0.6813725490196079,0.4271125169453231
0.6814248629939429,0.4270221418888387
0.6813789124477139,0.4269317668323543
0.6814772071552222,0.4269317668323543
0.6815295815295815,0.4268413917758699
0.6816279405397604,0.4268413917758699
0.6815819861431871,0.4267510167193854
0.681634421022235,0.426660641662901
0.6815884476534296,0.4265702666064166
0.6816409071211902,0.4264798915499322
0.6816933969079613,0.4263895164934478
0.6816473988439307,0.4262991414369634
0.6816013874837404,0.426208766380479
0.6816538961977736,0.4261183913239946
0.681706435285611,0.4260280162675102
0.681759004773615,0.42593764121102573
0.6818576388888888,0.42593764121102573
0.6818116046881783,0.4258472661545413
0.6818642350557245,0.4257568910980569
0.6819168959027074,0.4256665160415725
0.682015638575152,0.4256665160415725
0.6819695872556119,0.4255761409850881
0.6820223091409532,0.4254857659286037
0.6820750615852775,0.4253953908721193
0.6820289855072463,0.4253050158156349
0.6819828960718944,0.4252146407591505
0.6819367932734126,0.42512426570266604
0.6820356676816007,0.42512426570266604
0.6819895591647331,0.42503389064618163
0.6820884699057288,0.42503389064618163
0.682141302770927,0.42494351558969723
0.6820951828206616,0.4248531405332128
0.6821941663038746,0.4248531405332128
0.6821480406386067,0.4247627654767284
0.6821019015822325,0.424672390420244
0.6821547843763612,0.4245820153637596
0.6821086261980831,0.4244916403072752
0.6820624546114742,0.4244012652507908
0.6820162696106915,0.42431089019430634
0.6819700711898882,0.42422051513782194
0.6819238593432142,0.42413014008133754
0.6818776340648162,0.42403976502485313
0.681930513155982,0.42394938996836873
0.6818842686827566,0.4238590149118843
0.681838010760506,0.4237686398553999
0.6818909090909091,0.4236782647989155
0.6818446319464649,0.4235878897424311
0.6817983413356613,0.42349751468594665
0.6818975552968568,0.42349751468594665
0.6818512589142774,0.42340713962946225
0.6819042073081962,0.42331676457297784
0.6819571865443425,0.42322638951649344
0.6820101966496722,0.42313601446000904
0.6821095571095571,0.42313601446000904
0.6820632376511729,0.42304563940352463
0.6820169046925094,0.4229552643470402
0.6819705582276636,0.4228648892905558
0.682023618603295,0.4227745142340714
0.6820767099314569,0.42268413917758696
0.6820303383897316,0.42259376412110256
0.6821298322392414,0.42259376412110256
0.6821829855537721,0.42250338906461815
0.682236169902204,0.42241301400813375
0.6822893853117243,0.42232263895164934
0.6822429906542056,0.42223226389516494
0.6822962313759859,0.42214188883868053
0.6823495032144945,0.42205151378219613
0.6824028061970184,0.4219611387257117
0.6823563806461044,0.42187076366922727
0.6823099415204679,0.42178038861274286
0.6822634888141541,0.42169001355625846
0.6822170225212051,0.42159963849977405
0.6823168056164984,0.42159963849977405
0.682370153621068,0.42150926344328965
0.6823236757389523,0.42141888838680525
0.6822771842528904,0.42132851333032084
0.6822306791569087,0.42123813827383644
0.68218416044503,0.42114776321735203
0.6822375164738614,0.4210573881608676
0.682190978324546,0.42096701310438317
0.6821444265416727,0.42087663804789877
0.68209786111925,0.42078626299141436
0.6820512820512821,0.42069588793492996
0.6821046460501246,0.42060551287844555
0.6820580474934037,0.42051513782196115
0.6820114352734203,0.42042476276547674
0.6821114369501466,0.42042476276547674
0.6820648188884001,0.42033438770899234
0.6821648577295395,0.42033438770899234
0.6821182338271967,0.4202440126525079
0.6820715962441315,0.4201536375960235
0.6820249449743213,0.4200632625395391
0.6819782800117405,0.41997288748305467
0.6819316013503596,0.41988251242657026
0.6818849089841457,0.41979213737008586
0.6819383259911894,0.41970176231360146
0.6819917743830788,0.41961138725711705
0.6820452541874816,0.41952101220063265
0.6820987654320988,0.4194306371441482
0.6821523081446633,0.4193402620876638
0.6822058823529412,0.4192498870311794
0.6821591410501544,0.419159511974695
0.6822594880847308,0.419159511974695
0.6822127409151096,0.41906913691821057
0.6821659799882284,0.41897876186172617
0.682219605534295,0.41888838680524176
0.6822732626619552,0.41879801174875736
0.6822264762185245,0.41870763669227296
0.6823269513991164,0.41870763669227296
0.6822801590808661,0.4186172616357885
0.6823806717737183,0.4186172616357885
0.6824344238137342,0.4185268865793041
0.6824882075471698,0.4184365115228197
0.6825888250036857,0.4184365115228197
0.6825420230020642,0.4183461364663353
0.6825958702064897,0.4182557614098509
0.6825490485322319,0.4181653863533665
0.6825022130421954,0.41807501129688207
0.6824553637302642,0.41798463624039767
0.682556080283353,0.41798463624039767
0.6825092250922509,0.41789426118391326
0.6824623560673162,0.4178038861274288
0.6825631182636941,0.4178038861274288
0.6825162433549912,0.4177135110709444
0.6824693546005022,0.41762313601446
0.6824224519940916,0.4175327609579756
0.6823755355296204,0.4174423859014912
0.6824763593380615,0.4174423859014912
0.6824294369735481,0.4173520108450068
0.6823825007389891,0.4172616357885224
0.6823355506282336,0.417171260732038
0.6824364281490243,0.417171260732038
0.6823894721277539,0.41708088567555357
0.6824903874593315,0.41708088567555357
0.6824434255287679,0.4169905106190691
0.6824974108595946,0.4169001355625847
0.6825514281485866,0.4168097605061003
0.6825044404973357,0.4167193854496159
0.6825584838614155,0.4166290103931315
0.6825114763808677,0.4165386353366471
0.6826125592417062,0.4165386353366471
0.68256554584506,0.4164482602801627
0.6826196473551638,0.4163578852236783
0.6826737809396769,0.4162675101671939
0.6826267417729025,0.4161771351107094
0.6825796886582653,0.416086760054225
0.6826338425033368,0.4159963849977406
0.6825867695045981,0.4159060099412562
0.6825396825396826,0.4158156348847718
0.6825938566552902,0.4157252598282874
0.682648062936025,0.415634884771803
0.6826009501187649,0.4155445097153186
0.6825538233110616,0.4154541346588342
0.6825066825066826,0.4153637596023497
0.6825609031491384,0.4152733845458653
0.6826151560178306,0.4151830094893809
0.6825679893000446,0.4150926344328965
0.6826222684703434,0.4150022593764121
0.6825750817722271,0.4149118843199277
0.6825278810408922,0.4148215092634433
0.6826293872694824,0.4148215092634433
0.6825821805741484,0.4147311342069589
0.6826837250818208,0.4147311342069589
0.6826365124237465,0.4146407591504745
0.6825892857142857,0.41455038409399003
0.6826436439416493,0.41446000903750563
0.6825963972011314,0.4143696339810212
0.6826980345443716,0.4143696339810212
0.68265078183172,0.4142792589245368
0.6826035150431933,0.4141888838680524
0.6825562341725011,0.414098508811568
0.6826106392489942,0.4140081337550836
0.6826650767625577,0.4139177586985992
0.6826177698270721,0.4138273836421148
0.6825704487848516,0.41373700858563034
0.6825231136295854,0.41364663352914594
0.6825775656324582,0.41355625847266153
0.682530210353573,0.4134658834161771
0.682482840943002,0.4133755083596927
0.6825373134328359,0.4132851333032083
0.6825918184532697,0.4131947582467239
0.6825444228759145,0.4131043831902395
0.6825989544436146,0.4130140081337551
0.682653518601524,0.41292363307727065
0.6826060968320382,0.41283325802078624
0.682660687593423,0.41274288296430184
0.6826132456271491,0.41265250790781743
0.6827153110047847,0.41265250790781743
0.6826678630177957,0.41256213285133303
0.6827225130890052,0.4124717577948486
0.6826750448833034,0.4123813827383642
0.6827297216402275,0.4122910076818798
0.6828319113905104,0.4122910076818798
0.6827844311377246,0.4122006326253954
0.6828391734052112,0.41211025756891095
0.682893948472139,0.41201988251242655
0.6828464419475655,0.41192950745594215
0.6827989211866946,0.41183913239945774
0.6829012438183726,0.41183913239945774
0.6828537170263789,0.41174875734297334
0.6828061759856093,0.41165838228648893
0.6827586206896552,0.41156800723000453
0.6827110511321037,0.4114776321735201
0.6827658617069147,0.4113872571170357
0.6827182718271827,0.41129688206055126
0.6827731092436975,0.41120650700406686
0.6827254990244634,0.41111613194758245
0.6826778745121586,0.41102575689109805
0.6826302357003453,0.41093538183461364
0.6825825825825825,0.41084500677812924
0.6825349151524253,0.41075463172164484
0.6826374286572544,0.41075463172164484
0.6825897551449602,0.41066425666516043
0.6826446280991736,0.41057388160867603
0.6825969341749324,0.41048350655219157
0.6826995340447918,0.41048350655219157
0.6827544730115772,0.41039313149570716
0.6827067669172933,0.41030275643922276
0.6827617328519856,0.41021238138273836
0.68271400631864,0.41012200632625395
0.6827689992475545,0.41003163126976955
0.6827212522576761,0.40994125621328514
0.6828240252897787,0.40994125621328514
0.6829268292682927,0.40994125621328514
0.6828790844752296,0.40985088115680074
0.6829341768338605,0.40976050610031634
0.6828864115697499,0.4096701310438319
0.6828386319120084,0.40957975598734747
0.6829415310427969,0.40957975598734747
0.6828937452901281,0.40948938093086307
0.6828459451311426,0.40939900587437866
0.6827981305593246,0.40930863081789426
0.6829010856453559,0.40930863081789426
0.6828532649675766,0.40921825576140985
0.6828054298642534,0.40912788070492545
0.682757580328858,0.40903750564844105
0.6828127357778784,0.40894713059195664
0.682764865680652,0.4088567555354722
0.6827169811320755,0.4087663804789878
0.6826690821256038,0.4086760054225034
0.6827242524916943,0.40858563036601897
0.6827794561933535,0.40849525530953457
0.6827315304426651,0.40840488025305016
0.6826835902085222,0.40831450519656576
0.6826356354843585,0.40822413014008135
0.6825876662636033,0.40813375508359695
0.6825396825396826,0.4080433800271125
0.6824916843060176,0.4079530049706281
0.682443671556026,0.4078626299141437
0.6823956442831216,0.4077722548576593
0.6824988655271517,0.4077722548576593
0.6826021180030257,0.4077722548576593
0.6825540929036162,0.4076818798011749
0.6825060532687651,0.40759150474469047
0.682609353715756,0.40759150474469047
0.682664647993944,0.40750112968820607
0.6826165960024227,0.40741075463172166
0.6825685294563077,0.40732037957523726
0.6826719176007271,0.40732037957523726
0.6826238448719891,0.4072300045187528
0.6827272727272727,0.4072300045187528
0.6827826614125493,0.4071396294622684
0.6827345763225708,0.407049254405784
0.6826864766525167,0.4069588793492996
0.6827418865635426,0.4068685042928152
0.6826937661155771,0.4067781292363308
0.6827973300970874,0.4067781292363308
0.6827492034592626,0.4066877541798464
0.682701062215478,0.40659737912336197
0.6827565270188221,0.40650700406687756
0.6827083649612874,0.4064166290103931
0.6826601882781658,0.4063262539539087
0.6826119969627942,0.4062358788974243
0.6825637910085055,0.4061455038409399
0.6826674768342701,0.4061455038409399
0.6826192646611972,0.4060551287844555
0.6826747720364742,0.4059647537279711
0.6826265389876881,0.4058743786714867
0.6825782912739434,0.4057840036150023
0.6826820738938726,0.4057840036150023
0.6826338199513382,0.40569362855851787
0.6827376425855514,0.40569362855851787
0.6826893824155765,0.4056032535020334
0.6827449786975046,0.405512878445549
0.6826966976107137,0.4054225033890646
0.6827523215101233,0.4053321283325802
0.6828079792903914,0.4052417532760958
0.6828636709824829,0.4051513782196114
0.6828153564899452,0.405061003163127
0.6827670272741124,0.4049706281066426
0.6827186833282536,0.4048802530501582
0.6828227404359092,0.4048802530501582
0.6827743902439024,0.4047898779936737
0.682726025308736,0.4046995029371893
0.682830131137542,0.4046995029371893
0.6827817599511972,0.4046091278807049
0.6827333740085418,0.4045187528242205
0.6827891364052487,0.4044283777677361
0.6828449328449329,0.4043380027112517
0.682796519615326,0.4042476276547673
0.6827480916030534,0.4041572525982829
0.682852343869293,0.4041572525982829
0.6828039095907147,0.4040668775417985
0.682755460516267,0.403976502485314
0.682706996639169,0.4038861274288296
0.6826585179526355,0.4037957523723452
0.6826100244498777,0.4037053773158608
0.6826658514215836,0.4036150022593764
0.6826173367986547,0.403524627202892
0.6825688073394496,0.4034342521464076
0.6826246558580605,0.4033438770899232
0.6826805385556916,0.4032535020334388
0.6827850038255547,0.4032535020334388
0.6827364554637282,0.40316312697695433
0.6826878922394,0.40307275192046993
0.6827924066135946,0.40307275192046993
0.6828483920367534,0.4029823768639855
0.6827998162046255,0.4028920018075011
0.6827512254901961,0.4028016267510167
0.6828558296307645,0.4028016267510167
0.6828072326080294,0.4027112516945323
0.6828632740649908,0.4026208766380479
0.682919349892671,0.4025305015815635
0.6828707253488728,0.4024401265250791
0.6828220858895706,0.40234975146859464
0.6827734315078999,0.40225937641211024
0.6828295227865583,0.40216900135562583
0.682780847145488,0.40207862629914143
0.6828369665336199,0.401988251242657
0.6827882696146169,0.4018978761861726
0.6828931203931204,0.4018978761861726
0.6829493087557603,0.4018075011296882
0.6829005991703795,0.4017171260732038
0.6828518746158574,0.4016267510167194
0.6828031350852928,0.40153637596023495
0.68275438057178,0.40144600090375054
0.6827056110684089,0.40135562584726614
0.6826568265682657,0.40126525079078174
0.6826080270644318,0.40117487573429733
0.6826642055068451,0.4010845006778129
0.6826153846153846,0.4009941256213285
0.6825665486997999,0.4009037505648441
0.6826227489610589,0.4008133755083597
0.6825738916256158,0.40072300045187526
0.6825250192455735,0.40063262539539085
0.6824761318139821,0.40054225033890645
0.6824272293238872,0.40045187528242204
0.6824834386073024,0.40036150022593764
0.6825396825396826,0.40027112516945323
0.6824907521578298,0.40018075011296883
0.6824418066903036,0.4000903750564844
0.6824980724749422,0.4
0.682449105490438,0.39990962494351556
0.6824001233996606,0.39981924988703116
0.6824564110476778,0.39972887483054675
0.6825127334465195,0.39963849977406235
0.6824637233714109,0.39954812471757795
0.6825690906283773,0.39954812471757795
0.6825200741198271,0.39945774966109354
0.6824710424710425,0.39936737460460914
0.6824219956750077,0.39927699954812473
0.6823729337247026,0.39918662449164033
0.6823238566131026,0.39909624943515587
0.6823802163833076,0.39900587437867147
0.6823311176379657,0.39891549932218706
0.6824366110080395,0.39891549932218706
0.6823875057986701,0.39882512426570266
0.6823383854005568,0.39873474920921825
0.6822892498066512,0.39864437415273385
0.682240099009901,0.39855399909624944
0.6821909330032493,0.39846362403976504
0.6822965026307645,0.39846362403976504
0.6822473301346541,0.39837324898328064
0.6821981424148607,0.3982828739267962
0.6821489394643133,0.3981924988703118
0.6822053585256311,0.39810212381382737
0.6822618125484121,0.39801174875734296
0.6822125813449024,0.39792137370085856
0.6823183015651635,0.39792137370085856
0.6822690638561686,0.39783099864437416
0.6822198108820338,0.39774062358788975
0.6823255813953488,0.39774062358788975
0.6822763219103737,0.39765024853140535
0.6823821339950372,0.39765024853140535
0.6823328680006204,0.39755987347492094
0.682389449185415,0.3974694984184365
0.6823401613904407,0.3973791233619521
0.6822908582958249,0.3972887483054677
0.6822415398944427,0.39719837324898327
0.6823474615742897,0.39719837324898327
0.6822981366459627,0.39710799819249887
0.6824041000155303,0.39710799819249887
0.6824607736523225,0.39701762313601446
0.6824114356743319,0.39692724807953006
0.6825174825174826,0.39692724807953006
0.6824681380167859,0.39683687302304566
0.6825248756218906,0.39674649796656125
0.6825816485225505,0.3966561229100768
0.6826384567517113,0.3965657478535924
0.6826953003423591,0.396475372797108
0.6826459143968872,0.3963849977406236
0.6825965130759651,0.3962946226841392
0.6825470963724116,0.39620424762765477
0.6826533790096543,0.39620424762765477
0.6826039557701292,0.39611387257117037
0.6825545171339564,0.39602349751468596
0.6825050630939399,0.39593312245820156
0.6824555936428794,0.3958427474017171
0.6824061087735702,0.3957523723452327
0.682356608478803,0.3956619972887483
0.6824629773967265,0.3956619972887483
0.6824134705332086,0.3955716222322639
0.6823639482301574,0.3954812471757795
0.6824208391826548,0.3953908721192951
0.682371294851794,0.3953004970628107
0.6824282147315855,0.39521012200632627
0.6824851701529816,0.39511974694984187
0.6825421611492817,0.3950293718933574
0.6825991877538269,0.394938996836873
0.68265625,0.3948486217803886
0.6826066572902016,0.3947582467239042
0.6825570490778369,0.3946678716674198
0.6826637486321714,0.3946678716674198
0.682614133833646,0.3945774966109354
0.6826712543009071,0.394487121554451
0.6826216173940247,0.3943967464979666
0.6826787670161164,0.3943063714414822
0.6827359524182188,0.3942159963849977
0.682686286787727,0.3941256213285133
0.682793173633944,0.3941256213285133
0.6827435014093329,0.3940352462720289
0.6826938136256852,0.3939448712155445
0.682751057496475,0.3938544961590601
0.6827013475399561,0.3937641211025757
0.6827586206896552,0.3936737460460913
0.6827088885405236,0.3935833709896069
0.6826591407964879,0.3934929959331225
0.6826093774502117,0.393402620876638
0.6825595984943539,0.3933122458201536
0.6825098039215687,0.3932218707636692
0.6824599937245058,0.3931314957071848
0.6824101678958104,0.3930411206507004
0.682360326428123,0.392950745594216
0.6824674305446554,0.392950745594216
0.6824175824175824,0.3928603705377316
0.6825247291568535,0.3928603705377316
0.6824748743718593,0.3927699954812472
0.6825322023248508,0.3926796204247628
0.6824823252160251,0.39258924536827833
0.6824324324324325,0.3924988703117939
0.6823825239666824,0.3924084952553095
0.6823325998113801,0.3923181201988251
0.682282659959126,0.3922277451423407
0.6822327044025157,0.3921373700858563
0.6823399905645542,0.3921373700858563
0.6822900283107896,0.3920469950293719
0.6822400503382099,0.3919566199728875
0.6822974036191974,0.3918662449164031
0.682247403210576,0.39177586985991864
0.6821973870612309,0.39168549480343423
0.6822547630294442,0.3915951197469498
0.6822047244094488,0.3915047446904654
0.6821546700267759,0.391414369633981
0.6821045998739761,0.3913239945774966
0.6820545139435954,0.3912336195210122
0.6820044122281752,0.3911432444645278
0.6821118991331757,0.3911432444645278
0.682061790668348,0.3910528694080434
0.6820116664039099,0.39096249435155894
0.6819615263323873,0.39087211929507454
0.6819113704463018,0.39078174423859013
0.6818611987381703,0.39069136918210573
0.681918586304828,0.3906009941256213
0.6818683919835884,0.3905106190691369
0.68197601010101,0.3905106190691369
0.6819258089976322,0.3904202440126525
0.6818755920429429,0.3903298689561681
0.6819330385344283,0.3902394938996837
0.6818827989259201,0.39014911884319925
0.6819905213270142,0.39014911884319925
0.6820982777689999,0.39014911884319925
0.6820480404551201,0.39005874378671485
0.6819977872609452,0.38996836873023044
0.6819475181789441,0.38987799367374604
0.6820050600885516,0.38978761861726163
0.6819547683061837,0.38969724356077723
0.6820123398196488,0.3896068685042928
0.6819620253164557,0.3895164934478084
0.6819116948884317,0.389426118391324
0.6820196264640709,0.389426118391324
0.682077264091197,0.38933574333483956
0.6821852731591449,0.38933574333483956
0.6821349382324992,0.38924536827835515
0.6820845873594171,0.38915499322187075
0.6820342205323194,0.38906461816538634
0.6821422912375218,0.38906461816538634
0.6820919175911252,0.38897424310890194
0.682149651236525,0.38888386805241754
0.6822074215033301,0.38879349299593313
0.6821570182394925,0.38870311793944873
0.6822148183404728,0.3886127428829643
0.6821643922564266,0.38852236782647986
0.6822726551341057,0.38852236782647986
0.6822222222222222,0.38843199276999546
0.6823305286553422,0.38843199276999546
0.6822800889171166,0.38834161771351106
0.6822296331586469,0.38825124265702665
0.6822875297855441,0.38816086760054225
0.6822370511598348,0.38807049254405784
0.6821865564913396,0.38798011748757344
0.6821360457724094,0.38788974243108904
0.6820855189953903,0.38779936737460463
0.6820349761526232,0.38770899231812017
0.6819844172364445,0.38761861726163577
0.6819338422391857,0.38752824220515136
0.6818832511531732,0.38743786714866696
0.6819411296738266,0.38734749209218255
0.6819990450421773,0.38725711703569815
0.6819484240687679,0.38716674197921375
0.6820569972934246,0.38716674197921375
0.6821149864628125,0.38707636692272934
0.6821730125856301,0.38698599186624494
0.6821223709369025,0.3868956168097605
0.6822310756972112,0.3868956168097605
0.6823398151099777,0.3868956168097605
0.6822891758329348,0.3868052417532761
0.6823473130282252,0.38671486669679167
0.6824054873185516,0.38662449164030727
0.6824636987394288,0.38653411658382286
0.6825219473264166,0.38644374152733846
0.6824712643678161,0.38635336647085405
0.6824205652243334,0.38626299141436965
0.6823698498882146,0.38617261635788525
0.682319118351701,0.3860822413014008
0.6823773765777281,0.3859918662449164
0.6823266219239373,0.385901491188432
0.6822758510468275,0.3858111161319476
0.6822250639386189,0.38572074107546317
0.6821742605915267,0.38563036601897877
0.6821234409977615,0.38553999096249436
0.6821817018554063,0.38544961590600996
0.68224,0.38535924084952555
0.6822983354673495,0.3852688657930411
0.6822474787898191,0.3851784907365567
0.6821966058277298,0.3850881156800723
0.6822549647661755,0.3849977406235879
0.6822040685567836,0.3849073655671035
0.6823133611022109,0.3849073655671035
0.6822624579394327,0.3848169905106191
0.6822115384615385,0.38472661545413467
0.6821606026606828,0.38463624039765026
0.6822190155523489,0.38454586534116586
0.6822774659182037,0.3844554902846814
0.6823869104908566,0.3844554902846814
0.6823359537943205,0.384365115228197
0.6822849807445442,0.3842747401717126
0.6823944792168192,0.3842747401717126
0.6823434991974318,0.3841843651152282
0.6824020552344252,0.3840939900587438
0.6823510518708849,0.3840036150022594
0.6824096385542169,0.383913239945775
0.6823586118251928,0.38382286488929057
0.68230756869677,0.38373248983280617
0.6824172291867566,0.38373248983280617
0.6823661790708889,0.3836421147763217
0.6824248271426274,0.3835517397198373
0.6824835129483674,0.3834613646633529
0.6824324324324325,0.3833709896068685
0.6824911490183456,0.3832806145503841
0.6824400450667955,0.3831902394938997
0.6824987924649815,0.3830998644374153
0.6824476650563607,0.3830094893809309
0.6823965211789338,0.3829191143244465
0.6823453608247423,0.382828739267962
0.6822941839858224,0.3827383642114776
0.6822429906542056,0.3826479891549932
0.6823017408123792,0.3825576140985088
0.682250523940029,0.3824672390420244
0.6823093049508144,0.38237686398554
0.682258064516129,0.3822864889290556
0.6822068075496047,0.3821961138725712
0.6823168764117458,0.3821961138725712
0.6822656123930935,0.3821057388160868
0.6823244552058111,0.3820153637596023
0.6823833360245438,0.3819249887031179
0.682442254886125,0.3818346136466335
0.6825012118274357,0.3817442385901491
0.6824499030381384,0.3816538635336647
0.6823985776628414,0.3815634884771803
0.6823472356935014,0.3814731134206959
0.6822958771220695,0.3813827383642115
0.6822445019404916,0.3812923633077271
0.6823034616628922,0.38120198825124263
0.6822520627730141,0.3811116131947582
0.6823110535685386,0.3810212381382738
0.682259630948527,0.3809308630817894
0.6822081916788085,0.380840488025305
0.6821567357512953,0.3807501129688206
0.6821052631578948,0.3806597379123362
0.6820537738905086,0.3805693628558518
0.6820022679410336,0.3804789877993674
0.681950745301361,0.38038861274288294
0.6820097244732577,0.38029823768639853
0.6819581779867078,0.38020786262991413
0.6820687418936446,0.38020786262991413
0.6821277975997405,0.3801174875734297
0.6820762368207623,0.3800271125169453
0.682024659312135,0.3799367374604609
0.6819730650657148,0.3798463624039765
0.6819214540733528,0.3797559873474921
0.681869826326895,0.3796656122910077
0.6818181818181818,0.37957523723452324
0.6819288845591817,0.37957523723452324
0.6818772328678142,0.37948486217803884
0.6818255643982459,0.37939448712155444
0.6817738791423001,0.37930411206507003
0.6818846466287571,0.37930411206507003
0.6818329541761456,0.3792137370085856
0.6817812449211766,0.3791233619521012
0.6817295188556567,0.3790329868956168
0.6816777759713868,0.3789426118391324
0.6816260162601626,0.378852236782648
0.6815742397137746,0.37876186172616355
0.6815224463240078,0.37867148666967915
0.6814706360826419,0.37858111161319474
0.6815296989422295,0.37849073655671034
0.6814778645833334,0.37840036150022593
0.6815369586453924,0.37830998644374153
0.6814851001465559,0.3782196113872571
0.6814332247557003,0.3781292363307727
0.6813813324645708,0.3780388612742883
0.6813294232649071,0.37794848621780386
0.6812774971484439,0.37785811116131945
0.68122555410691,0.37776773610483505
0.6811735941320294,0.37767736104835065
0.6812326756888961,0.37758698599186624
0.6811806914546641,0.37749661093538184
0.6812398042414356,0.37740623587889743
0.681298955613577,0.37731586082241303
0.6812469397747675,0.3772254857659286
0.6813581456088802,0.3772254857659286
0.6814173742651861,0.37713511070944417
0.6814766416203855,0.37704473565295976
0.6814246038229047,0.37695436059647536
0.6813725490196079,0.37686398553999095
0.6814839025984638,0.37686398553999095
0.6814318404707421,0.37677361048350655
0.6814911706998038,0.37668323542702215
0.6814390842191332,0.37659286037053774
0.6813869807000327,0.37650248531405334
0.6813348601341404,0.37641211025756893
0.681282722513089,0.3763217352010845
0.681342062193126,0.37623136014460007
0.6814014407334643,0.37614098508811566
0.6813492713279843,0.37605061003163126
0.681297084834589,0.37596023497514686
0.6812448812448813,0.37586985991866245
0.6813564875491481,0.37586985991866245
0.6813042765852859,0.37577948486217805
0.6813637108670709,0.37568910980569364
0.6814231841285456,0.37559873474920924
0.681370941292227,0.3755083596927248
0.6813186813186813,0.3754179846362404
0.681266404199475,0.37532760957975597
0.6813258943222842,0.37523723452327157
0.6814377154111275,0.37523723452327157
0.6813854235062377,0.37514685946678716
0.6814449917898193,0.37505648441030276
0.6815045992115637,0.37496610935381836
0.6814522753408904,0.37487573429733395
0.6813999342753861,0.37478535924084955
0.6813475760065736,0.37469498418436514
0.6814072003945422,0.3746046091278807
0.6813548174942453,0.3745142340713963
0.6813024173655648,0.3744238590149119
0.6813620661292976,0.37433348395842747
0.6813096413293847,0.37424310890194307
0.6812571992759585,0.37415273384545866
0.6812047399605003,0.37406235878897426
0.6811522633744856,0.37397198373248985
0.6812119216202865,0.37388160867600545
0.6811594202898551,0.373791233619521
0.6812716191731181,0.373791233619521
0.6812191103789127,0.3737008585630366
0.6811665842807711,0.3736104835065522
0.6811140408701384,0.3735201084500678
0.6810614801384539,0.3734297333935834
0.6811737553577316,0.3734297333935834
0.6812860676009893,0.3734297333935834
0.6812335092348285,0.37333935833709897
0.6811809335312552,0.37324898328061457
0.6811283404816892,0.37315860822413016
0.681240719353242,0.37315860822413016
0.6811881188118812,0.37306823316764576
0.6812479366127435,0.3729778581111613
0.6813077939233818,0.3728874830546769
0.681420313790256,0.3728874830546769
0.6813676907829535,0.3727971079981925
0.6814276272306675,0.3727067329417081
0.6813749793422574,0.3726163578852237
0.6813223140495868,0.3725259828287393
0.6812696313440239,0.3724356077722549
0.6813822751322751,0.3724356077722549
0.6813295849181412,0.37234523271577047
0.6812768772742309,0.37225485765928606
0.6812241521918941,0.3721644826028016
0.6811714096624751,0.3720741075463172
0.6811186496773126,0.3719837324898328
0.6811786128124483,0.3718933574333484
0.6812386156648452,0.371802982376864
0.6812986582739772,0.3717126073203796
0.681245858184228,0.3716222322638952
0.6813059330460722,0.3715318572074108
0.6812531079065142,0.37144148215092637
0.6812002652519894,0.3713511070944419
0.6813132150555463,0.3713511070944419
0.6814262023217247,0.3713511070944419
0.6813733620832643,0.3712607320379575
0.681320504313205,0.3711703569814731
0.6814335490293678,0.3711703569814731
0.6815466312645204,0.3711703569814731
0.6814937759336099,0.3710799819249887
0.6814409030544488,0.3709896068685043
0.6815540428357961,0.3709896068685043
0.6816143497757847,0.3708992318120199
0.6815614617940199,0.3708088567555355
0.6816218012628781,0.3707184816990511
0.681568888150241,0.3706281066425667
0.6816292601828762,0.3705377315860822
0.6816896723765176,0.3704473565295978
0.6817501247712527,0.3703569814731134
0.6816971713810316,0.370266606416629
0.6818106174072225,0.370266606416629
0.6818711503246213,0.3701762313601446
0.6818181818181818,0.3700858563036602
0.6817651956702748,0.3699954812471758
0.6818787475016655,0.3699954812471758
0.6818257537897717,0.3699051061906914
0.6817727424191936,0.369814731134207
0.6817197133811032,0.3697243560777225
0.6818333333333333,0.3697243560777225
0.6817802967161194,0.3696339810212381
0.6817272424141381,0.3695436059647537
0.6816741704185426,0.3694532309082693
0.6816210807204803,0.3693628558517849
0.6815679733110925,0.3692724807953005
0.6815148481815149,0.3691821057388161
0.6814617053228766,0.3690917306823317
0.6815754339118825,0.3690917306823317
0.6815222834251377,0.3690013556258473
0.6815829019869761,0.36891098056936283
0.6815297261189045,0.36882060551287843
0.6814765324870553,0.368730230456394
0.6814233210825259,0.3686398553999096
0.6814839572192514,0.3685494803434252
0.6815446339017052,0.3684591052869408
0.681491389399766,0.3683687302304564
0.681438127090301,0.368278355173972
0.6814988290398126,0.3681879801174876
0.6814455412414254,0.36809760506100314
0.6813922356091031,0.36800723000451874
0.6813389121338912,0.36791685494803433
0.6812855708068296,0.36782647989154993
0.681232211618952,0.3677361048350655
0.6812929157595042,0.3676457297785811
0.6813536605796616,0.3675553547220967
0.6813002680965148,0.3674649796656123
0.6814144461203284,0.3674649796656123
0.6814752724224644,0.3673746046091279
0.681421864520456,0.36728422955264345
0.6813684387053497,0.36719385449615904
0.6813149949681315,0.36710347943967464
0.6812615332997819,0.36701310438319024
0.6812080536912751,0.36692272932670583
0.6811545561335794,0.36683235427022143
0.681101040617657,0.366741979213737
0.6810475071344636,0.3666516041572526
0.6811618535930154,0.3666516041572526
0.6811083123425693,0.3665612291007682
0.6811691584075256,0.36647085404428376
0.6812836021505376,0.36647085404428376
0.681230045370526,0.36638047898779935
0.6811764705882353,0.36629010393131495
0.6811228777945874,0.36619972887483054
0.6811837901462923,0.36610935381834614
0.6811301715438951,0.36601897876186174
0.6812447434819175,0.36601897876186174
0.6813057378428403,0.36592860370537733
0.6814203971726691,0.36592860370537733
0.6813667732704932,0.3658382286488929
0.6813131313131313,0.3657478535924085
0.6813742000673627,0.36565747853592406
0.6813205322553478,0.36556710347943966
0.681266846361186,0.36547672842295525
0.6813816343723673,0.36547672842295525
0.6814427776841395,0.36538635336647085
0.6813890761968981,0.36529597830998645
0.6813353566009105,0.36520560325350204
0.6812816188870152,0.36511522819701764
0.6813965255523697,0.36511522819701764
0.6813427800269906,0.36502485314053323
0.6814039824502194,0.36493447808404883
0.6813502109704641,0.36484410302756437
0.6814652261985145,0.36484410302756437
0.6814114469019078,0.36475372797107997
0.6813576494427558,0.36466335291459556
0.6814189189189189,0.36457297785811116
0.6813650954553134,0.36448260280162675
0.6813112538019601,0.36439222774514235
0.6812573939496367,0.36430185268865795
0.6812035158891143,0.36421147763217354
0.681149619611158,0.36412110257568914
0.6810957051065268,0.3640307275192047
0.6810417723659733,0.3639403524627203
0.6811030282524108,0.36384997740623587
0.6810490693739425,0.36375960234975147
0.6809950922321882,0.36366922729326706
0.681056373793804,0.36357885223678266
0.6810023704707078,0.36348847718029825
0.6811176968670618,0.36348847718029825
0.6811790614941555,0.36339810212381385
0.681240467717336,0.36330772706732944
0.6811864406779661,0.363217352010845
0.6811323953212409,0.3631269769543606
0.6810783316378434,0.3630366018978762
0.6810242496184501,0.3629462268413918
0.6811397557666214,0.3629462268413918
0.6810856658184903,0.36285585178490737
0.681147123706092,0.36276547672842296
0.6810930074677529,0.36267510167193856
0.6810388728569003,0.36258472661545416
0.6809847198641765,0.36249435155896975
0.6811003565970454,0.36249435155896975
0.681046195652174,0.3624039765024853
0.6809920163071174,0.3623136014460009
0.681053525913339,0.3622232263895165
0.6811150773414925,0.3621328513330321
0.6810608636518191,0.3620424762765477
0.6811766706342459,0.3620424762765477
0.6812383058343255,0.36195210122006327
0.6811840762164001,0.36186172616357887
0.6811298281436107,0.36177135110709446
0.681075561606535,0.36168097605061006
0.6810212765957446,0.3615906009941256
0.6809669731018045,0.3615002259376412
0.6810286103542235,0.3614098508811568
0.6809742803610969,0.3613194758246724
0.6809199318568995,0.361229100768188
0.680865564832169,0.3611387257117036
0.6809272200443157,0.3610483506552192
0.6809889173060528,0.36095797559873477
0.6809345156889495,0.36086760054225037
0.6808800955142419,0.3607772254857659
0.6809962470146708,0.3607772254857659
0.6809418188022521,0.3606868504292815
0.6808873720136519,0.3605964753727971
0.6808329066393582,0.3605061003163127
0.6808946559672188,0.3604157252598283
0.6808401639344263,0.3603253502033439
0.6809019473864024,0.3602349751468595
0.6808474286690586,0.3601446000903751
0.6809637730690362,0.3601446000903751
0.6809092462826867,0.3600542250338907
0.6809711061719952,0.3599638499774062
0.6809165526675787,0.3598734749209218
0.680861980502822,0.3597830998644374
0.6808073896681491,0.359692724807953
0.6807527801539778,0.3596023497514686
0.6808146500085572,0.3595119746949842
0.6807600136939405,0.3594215996384998
0.6807053586714603,0.3593312245820154
0.6806506849315068,0.359240849525531
0.6805959924644631,0.3591504744690465
0.6806578721946205,0.3590600994125621
0.680719794344473,0.3589697243560777
0.6807817589576547,0.3588793492995933
0.6807270233196159,0.3587889742431089
0.6807890222984563,0.3586985991866245
0.6807342597358037,0.3586082241301401
0.6806794783802333,0.3585178490736557
0.6806246782220696,0.3584274740171713
0.6807415036045315,0.3584274740171713
0.68068669527897,0.35833709896068683
0.6806318681318682,0.3582467239042024
0.6805770221535291,0.358156348847718
0.6806390654526714,0.3580659737912336
0.6807011514005843,0.3579755987347492
0.6807632800412584,0.3578852236782648
0.6807083906464925,0.3577948486217804
0.6806534823731728,0.357704473565296
0.6807705538355693,0.357704473565296
0.6807156373645278,0.3576140985088116
0.6806607019958706,0.35752372345232714
0.6807228915662651,0.35743334839584273
0.6806679290755724,0.3573429733393583
0.6806129476584022,0.3572525982828739
0.6806751636238374,0.3571622232263895
0.680737422467264,0.3570718481699051
0.680799724233023,0.3569814731134207
0.6807446991897949,0.3568910980569363
0.6806896551724138,0.3568007230004519
0.6808070356958096,0.3568007230004519
0.6807519834425664,0.35671034794396744
0.6806969121959634,0.35661997288748304
0.6808143547273982,0.35661997288748304
0.6807592752372735,0.35652959783099863
0.6808216813395477,0.35643922277451423
0.680939226519337,0.35643922277451423
0.6808841305474012,0.3563488477180298
0.6808290155440414,0.3562584726615454
0.6808914996544575,0.356168097605061
0.6808363573526871,0.3560777225485766
0.6808988764044944,0.3559873474920922
0.6810165975103735,0.3559873474920922
0.6809614386996369,0.35589697243560775
0.681024044282996,0.35580659737912335
0.6809688581314879,0.35571622232263894
0.6810866931995155,0.35571622232263894
0.6811493854942011,0.35562584726615454
0.6810941828254847,0.35553547220967013
0.6812121212121212,0.35553547220967013
0.6811569102874957,0.35544509715318573
0.6812749003984063,0.35544509715318573
0.6812196812196812,0.3553547220967013
0.6811644429041761,0.3552643470402169
0.6812824956672444,0.3552643470402169
0.6812272490899636,0.3551739719837325
0.6811719833564494,0.35508359692724806
0.6812348248352411,0.35499322187076365
0.6811795316565481,0.35490284681427925
0.6812977099236641,0.35490284681427925
0.6813606386671295,0.35481247175779485
0.6813053289359486,0.35472209670131044
0.6814236111111112,0.35472209670131044
0.6813682931064421,0.35463172164482604
0.6814313010248393,0.35454134658834163
0.6813759555246699,0.35445097153185723
0.6813205907906169,0.3543605964753728
0.681265206812652,0.35427022141888836
0.6813836259342951,0.35427022141888836
0.6813282336578581,0.35417984636240396
0.6812728221178925,0.35408947130591956
0.6813358845016525,0.35399909624943515
0.6812804453723034,0.35390872119295075
0.6813989907777971,0.35390872119295075
0.6813435433344935,0.35381834613646634
0.6814066852367688,0.35372797107998194
0.6813512101689013,0.35363759602349754
0.6812957157784744,0.35354722096701313
0.681240202055391,0.35345684591052867
0.681184668989547,0.35336647085404427
0.6811291165708312,0.35327609579755986
0.6810735447891252,0.35318572074107546
0.6811922607634652,0.35318572074107546
0.681136680613668,0.35309534568459106
0.6811998604813394,0.35300497062810665
0.6812630844382415,0.35291459557162225
0.6812074681556447,0.35282422051513784
0.681151832460733,0.35273384545865344
0.6810961773433409,0.352643470402169
0.6810405027932961,0.3525530953456846
0.6811594202898551,0.3525530953456846
0.6811037373384562,0.35246272028920017
0.6811670160726765,0.35237234523271577
0.6811113052594793,0.35228197017623136
0.6810555749737854,0.35219159511974696
0.6809998252053837,0.35210122006326255
0.6810631229235881,0.35201084500677815
0.6810073452256034,0.35192046995029375
0.6811264649291586,0.35192046995029375
0.6810706787963611,0.3518300948938093
0.6811898512685914,0.3518300948938093
0.6811340567028351,0.3517397198373249
0.681078242604586,0.3516493447808405
0.6810224089635855,0.3515589697243561
0.6811416564524602,0.3515589697243561
0.6812051147311263,0.35146859466787167
0.6812686174872963,0.35137821961138727
0.6813321647677476,0.35128784455490286
0.6814516129032258,0.35128784455490286
0.6813957566193232,0.35119746949841846
0.6815152578042792,0.35119746949841846
0.6814593930889318,0.35110709444193405
0.6814035087719298,0.3510167193854496
0.6814671814671814,0.3509263443289652
0.6814112690889942,0.3508359692724808
0.6813553370786517,0.3507455942159964
0.6812993854258121,0.350655219159512
0.6812434141201265,0.3505648441030276
0.6811874231512384,0.35047446904654317
0.681251098225268,0.35038409399005876
0.6813708260105448,0.35038409399005876
0.6813148180699595,0.35029371893357436
0.6813785827325479,0.3502033438770899
0.6813225466056982,0.3501129688206055
0.6814423922603342,0.3501129688206055
0.6813863476425053,0.3500225937641211
0.681450193593805,0.3499322187076367
0.6813941207533885,0.3498418436511523
0.6813380281690141,0.3497514685946679
0.6812819158302518,0.3496610935381835
0.6812257837266643,0.34957071848169907
0.681169631847807,0.34948034342521467
0.6811134601832276,0.3493899683687302
0.681057268722467,0.3492995933122458
0.6811210999471179,0.3492092182557614
0.681064880112835,0.349118843199277
0.6811287477954144,0.3490284681427926
0.6811926605504587,0.3489380930863082
0.6811364037409564,0.3488477180298238
0.6812003530450133,0.3487573429733394
0.6812643475189829,0.348666967916855
0.6812080536912751,0.3485765928603705
0.6812720848056537,0.3484862178038861
0.6812157625022088,0.3483958427474017
0.6811594202898551,0.3483054676909173
0.6811030581580343,0.3482150926344329
0.6810466760961811,0.3481247175779485
0.6811671087533157,0.3481247175779485
0.6811107180756987,0.3480343425214641
0.6811748053786271,0.3479439674649797
0.6811183861263493,0.3478535924084953
0.6812389380530973,0.3478535924084953
0.6811825101787927,0.3477632173520108
0.6811260623229461,0.3476728422955264
0.6810695944749424,0.347582467239042
0.6811337466784765,0.3474920921825576
0.6810772501771793,0.3474017171260732
0.6811414392059554,0.3473113420695888
0.6810849140223365,0.3472209670131044
0.6811491399184253,0.34713059195662
0.6812134113890367,0.3470402169001356
0.6811568488289567,0.34694984184365113
0.681221157259496,0.3468594667871667
0.6813420912480028,0.3468594667871667
0.6812855113636364,0.3467690917306823
0.6813499111900533,0.3466787166741979
0.6812933025404158,0.3465883416177135
0.6812366737739872,0.3464979665612291
0.6813011020263064,0.3464075915047447
0.6813655761024182,0.3463172164482603
0.6814300960512273,0.3462268413917759
0.6814946619217082,0.34613646633529144
0.6815592737629049,0.34604609127880703
0.6816239316239316,0.34595571622232263
0.6815672306322351,0.3458653411658382
0.681510509440684,0.3457749661093538
0.6814537680384821,0.3456845910528694
0.6813970064148254,0.345594215996385
0.6814616755793227,0.3455038409399006
0.6815263908701854,0.3454134658834162
0.6814695915819511,0.34532309082693174
0.6814127720299679,0.34523271577044734
0.6813559322033899,0.34514234071396294
0.6814206674995538,0.34505196565747853
0.6814854490269595,0.34496159060099413
0.6815502768351491,0.3448712155445097
0.681493390496606,0.3447808404880253
0.6816151509737359,0.3447808404880253
0.6815582558970693,0.3446904654315409
0.6815013404825737,0.3446000903750565
0.6816231676796568,0.3446000903750565
0.6815662435186841,0.34450971531857205
0.6815092989985694,0.34441934026208765
0.6816311929887319,0.34441934026208765
0.6815742397137746,0.34432896520560324
0.6816392269148175,0.34423859014911884
0.6815822444961518,0.34414821509263444
0.681704260651629,0.34414821509263444
0.6816472694717994,0.34405784003615003
0.6817123410352857,0.3439674649796656
0.6816553206735937,0.3438770899231812
0.6817204301075269,0.3437867148666968
0.6816633805341459,0.34369633981021236
0.6816063105055575,0.34360596475372795
0.6815492200107585,0.34351558969724355
0.6816714490674318,0.34351558969724355
0.6817937219730942,0.34351558969724355
0.6817366343738788,0.34342521464075915
0.6816795262874574,0.34333483958427474
0.6818018664752333,0.34333483958427474
0.6817447495961227,0.34324446452779034
0.6816876122082586,0.34315408947130593
0.6817528735632183,0.34306371441482153
0.6816957068439016,0.3429733393583371
0.6817610062893081,0.34288296430185267
0.6817038102084831,0.34279258924536826
0.6817691477885652,0.34270221418888386
0.6817119223161302,0.34261183913239945
0.6817772980751934,0.34252146407591505
0.6817200431810003,0.34243108901943065
0.6816627676804031,0.34234071396294624
0.681785457163427,0.34234071396294624
0.681850918257112,0.34225033890646184
0.681793625067531,0.34215996384997743
0.6817363112391931,0.342069588793493
0.6818018018018018,0.34197921373700857
0.6818673395818313,0.34188883868052417
0.6818099873805661,0.34179846362403976
0.6817526144969347,0.34170808856755536
0.6816952209197475,0.34161771351107095
0.6817607793613567,0.34152733845458655
0.681826385129038,0.34143696339810214
0.6818920382740566,0.34134658834161774
0.681834597327555,0.3412562132851333
0.6817771356330142,0.3411658382286489
0.6818428184281843,0.3410754631721645
0.6817853270690278,0.34098508811568007
0.6819085487077535,0.34098508811568007
0.6818510484454086,0.34089471305919566
0.6819168173598553,0.34080433800271126
0.6818592873937421,0.34071396294622686
0.6819826338639653,0.34071396294622686
0.6819250949882395,0.34062358788974245
0.68204849800941,0.34062358788974245
0.6819909502262443,0.34053321283325805
0.6820568531595148,0.3404428377767736
0.6819992756247736,0.3403524627202892
0.6820652173913043,0.3402620876638048
0.6821312069590432,0.3401717126073204
0.682073590719594,0.34008133755083597
0.6820159535895577,0.33999096249435157
0.6821396192203083,0.33999096249435157
0.6822633297062024,0.33999096249435157
0.6822056956285144,0.33990058743786716
0.6821480406386067,0.33981021238138276
0.6820903647250952,0.33971983732489835
0.682032667876588,0.3396294622684139
0.6819749500816845,0.3395390872119295
0.681917211328976,0.3394487121554451
0.6818594516070455,0.3393583370989607
0.6819255222524977,0.3392679620424763
0.6818677325581395,0.3391775869859919
0.6818099218608032,0.33908721192950747
0.6817520901490367,0.33899683687302307
0.6818760225413562,0.33899683687302307
0.6819421713038735,0.33890646181653866
0.6820083682008368,0.3388160867600542
0.6821324599708879,0.3388160867600542
0.6820746132848043,0.3387257117035698
0.6821409066084108,0.3386353366470854
0.6822072482243672,0.338544961590601
0.6822736381854618,0.3384545865341166
0.6822157434402333,0.3383642114776322
0.6823400765445599,0.3383642114776322
0.6822821728034998,0.3382738364211478
0.6822242479489516,0.3381834613646634
0.6821663019693655,0.33809308630817897
0.682232761765779,0.3380027112516945
0.6821747856230614,0.3379123361952101
0.6822412849060048,0.3378219611387257
0.6823078327551579,0.3377315860822413
0.6822498173849525,0.3376412110257569
0.6821917808219178,0.3375508359692725
0.6821337230544392,0.3374604609127881
0.6820756440708935,0.3373700858563037
0.6822669104204753,0.3372797107998193
0.6822088133113915,0.3371893357433348
0.6823335771762985,0.3371893357433348
0.6822754710078653,0.3370989606868504
0.6822173435784852,0.337008585630366
0.6823421774931382,0.337008585630366
0.6822840409956076,0.3369182105738816
0.6822258832143511,0.3368278355173972
0.6821677041376785,0.3367374604609128
0.6821095037538912,0.3366470854044284
0.6820512820512821,0.336556710347944
0.6819930390181352,0.3364663352914596
0.6819347746427262,0.3363759602349751
0.6818764889133223,0.3362855851784907
0.6818181818181818,0.3361952101220063
0.6817598533455546,0.3361048350655219
0.6817015034836817,0.3360144600090375
0.6818265175132955,0.3360144600090375
0.6818932305998899,0.3359240849525531
0.6819599926592035,0.3358337098960687
0.6819016152716594,0.3357433348395843
0.6818432164494217,0.3356529597830999
0.6819100091827365,0.33556258472661543
0.6818515797207936,0.335472209670131
0.6817931287892707,0.3353818346136466
0.6819184123484013,0.3353818346136466
0.6818599522146664,0.3352914595571622
0.6819268247839676,0.3352010845006778
0.6818683339463038,0.3351107094441934
0.6819352465047829,0.335020334387709
0.6818767249310027,0.3349299593312246
0.6818181818181818,0.3348395842747402
0.6817596171544267,0.33474920921825574
0.6818851251840943,0.33474920921825574
0.6818265512796907,0.33465883416177133
0.6819521178637201,0.33465883416177133
0.681893534720943,0.33456845910528693
0.6818349299926308,0.3344780840488025
0.6817763036668509,0.3343877089923181
0.6817176557316623,0.3342973339358337
0.6817846607669616,0.3342069588793493
0.6817259819288217,0.3341165838228649
0.6816672814459609,0.3340262087663805
0.6817930271167681,0.3340262087663805
0.6817343173431735,0.33393583370989605
0.6816755859014578,0.33384545865341164
0.6816168327796235,0.33375508359692724
0.6815580579656636,0.33366470854044283
0.6816251154201293,0.33357433348395843
0.6817510158847433,0.33357433348395843
0.6816922224274894,0.333483958427474
0.6816334072431633,0.3333935833709896
0.6817005545286506,0.3333032083145052
0.6816417082640044,0.3332128332580208
0.6815828402366864,0.33312245820153635
0.6815239504346218,0.33303208314505195
0.6816500184979652,0.33303208314505195
0.68159111933395,0.33294170808856755
0.6815321983715766,0.33285133303208314
0.6814732555987414,0.33276095797559874
0.6814142910033321,0.33267058291911433
0.6813553045732271,0.33258020786262993
0.6814224856454899,0.3324898328061455
0.681363467951093,0.3323994577496611
0.6814306893995552,0.33230908269317666
0.6814979606970708,0.33221870763669226
0.6815652818991098,0.33212833258020785
0.6816917084028937,0.33212833258020785
0.6816326530612244,0.33203795752372345
0.6817000742390498,0.33194758246723904
0.6816409875626508,0.33185720741075464
0.681581878945414,0.33176683235427024
0.6816493313521546,0.33167645729778583
0.6817168338907469,0.3315860822413014
0.6817843866171004,0.33149570718481697
0.6817252277374977,0.33140533212833256
0.6816660468575678,0.33131495707184816
0.6817336309523809,0.33122458201536376
0.6818012653516934,0.33113420695887935
0.6817420435510888,0.33104383190239495
0.6818097188605474,0.33095345684591054
0.6819366852886406,0.33095345684591054
0.681877444589309,0.33086308178942614
0.6819452207937395,0.33077270673294173
0.6818859485650391,0.3306823316764573
0.6819537658463833,0.33059195661997287
0.6820216337187617,0.33050158156348847
0.6819623204626003,0.33041120650700406
0.682089552238806,0.33041120650700406
0.6820302295204329,0.33032083145051966
0.6819708846584547,0.33023045639403525
0.6820388349514563,0.33014008133755085
0.6819794584500467,0.33004970628106645
0.6819200597683974,0.32995933122458204
0.6818606388940781,0.3298689561680976
0.6818011958146487,0.3297785811116132
0.6817417305176603,0.3296882060551288
0.6816822429906542,0.32959783099864437
0.681750186985789,0.32950745594215997
0.6818181818181818,0.32941708088567556
0.6818862275449101,0.32932670582919116
0.6819543242231374,0.32923633077270675
0.6818947762591275,0.32914595571622235
0.6820224719101123,0.32914595571622235
0.6821502153961416,0.32914595571622235
0.6820906706631698,0.3290555806597379
0.6821589205397302,0.3289652056032535
0.682099343955014,0.3288748305467691
0.682039745031871,0.3287844554902847
0.6819801237577349,0.3286940804338003
0.6820483961733258,0.32860370537731587
0.6821763602251407,0.32860370537731587
0.6821167198348659,0.32851333032083146
0.6822447447447447,0.32851333032083146
0.682185094800075,0.32842295526434706
0.6822535211267605,0.32833258020786266
0.6821938392186326,0.3282422051513782
0.6821341348863423,0.3281518300948938
0.6820744081172492,0.3280614550384094
0.6822025934974629,0.3280614550384094
0.6821428571428572,0.327971079981925
0.6820830983267532,0.3278807049254406
0.6822113576532531,0.3278807049254406
0.6821515892420538,0.3277903298689562
0.6822201317027281,0.32769995481247177
0.6821603312006022,0.32760957975598737
0.6822887257669866,0.32760957975598737
0.6822289156626506,0.32751920469950296
0.68216908303521,0.3274288296430185
0.6821092278719397,0.3273384545865341
0.6820493501601055,0.3272480795300497
0.6819894498869631,0.3271577044735653
0.6819295270397588,0.3270673294170809
0.6818695816057294,0.3269769543605965
0.6818096135721018,0.3268865793041121
0.6818781821610409,0.3267962042476277
0.6818181818181818,0.32670582919114327
0.6817581588379551,0.3266154541346588
0.6818267597659936,0.3265250790781744
0.681766704416761,0.32643470402169
0.6818353474320241,0.3263443289652056
0.6819641170915959,0.3263443289652056
0.6819040423120514,0.3262539539087212
0.6820328736066503,0.3262539539087212
0.6819727891156463,0.3261635788522368
0.6820415879017013,0.3260732037957524
0.6819814709775005,0.325982828739268
0.6820503120862493,0.3258924536827836
0.6819901626939084,0.3258020786262991
0.6820590461771385,0.3257117035698147
0.6819988642816581,0.3256213285133303
0.6821279818250663,0.3256213285133303
0.6820677901912516,0.3255309534568459
0.6821367683273347,0.3254405784003615
0.6820765441455097,0.3253502033438771
0.6821455648218347,0.3252598282873927
0.6820853080568721,0.3251694532309083
0.6820250284414107,0.3250790781744239
0.6819647259624502,0.3249887031179394
0.6819044006069803,0.324898328061455
0.6819734345351044,0.3248079530049706
0.682102865818941,0.3248079530049706
0.6820425208807896,0.3247175779484862
0.6819821530282894,0.3246272028920018
0.6819217622483859,0.3245368278355174
0.6819908814589666,0.324446452779033
0.6820600532117066,0.3243560777225486
0.68212927756654,0.3242657026660642
0.6820688343791595,0.32417532760957973
0.6820083682008368,0.32408495255309533
0.6820776255707762,0.3239945774966109
0.6820171265461465,0.3239042024401265
0.6820864268037312,0.3238138273836421
0.682025894897182,0.3237234523271577
0.6821557798514568,0.3237234523271577
0.6820952380952381,0.3236330772706733
0.6820346732710992,0.3235427022141889
0.6819740853658537,0.3234523271577045
0.6819134743663046,0.32336195210122004
0.6818528402592451,0.32327157704473564
0.6817921830314585,0.32318120198825123
0.6817315026697178,0.32309082693176683
0.6818008393742846,0.3230004518752824
0.681740125930166,0.322910076818798
0.6818095056308456,0.3228197017623136
0.6818789383234677,0.3227293267058292
0.6819484240687679,0.3226389516493448
0.682017962927575,0.32254857659286035
0.6819571865443425,0.32245820153637594
0.6820875549608105,0.32245820153637594
0.6820267686424474,0.32236782647989154
0.6819659590743928,0.32227745142340714
0.6820964039785768,0.32227745142340714
0.6820355844652765,0.32218707636692273
0.6819747416762342,0.3220967013104383
0.6819138755980861,0.3220063262539539
0.6818529862174579,0.3219159511974695
0.6819226350057449,0.3218255761409851
0.6818617123156483,0.32173520108450065
0.6819314044836176,0.32164482602801625
0.6818704484476811,0.32155445097153185
0.6819401840490797,0.32146407591504744
0.6818791946308724,0.32137370085856304
0.6819489737195473,0.32128332580207863
0.6818879508825787,0.32119295074559423
0.682018806371138,0.32119295074559423
0.681957773512476,0.3211025756891098
0.6820276497695853,0.3210122006326254
0.681966583445362,0.32092182557614096
0.6819054936611602,0.32083145051965656
0.6819754035357417,0.32074107546317215
0.6821064770324813,0.32074107546317215
0.6820453671664745,0.32065070040668775
0.6821765045183619,0.32065070040668775
0.6821153846153846,0.32056032535020335
0.6820542412002308,0.32046995029371894
0.6819930742593305,0.32037957523723454
0.6819318837791033,0.32028920018075013
0.6820631254811393,0.32028920018075013
0.6820019249278152,0.32019882512426573
0.6819407008086253,0.32010845006778127
0.6820107858243452,0.32001807501129687
0.6819495280292814,0.31992769995481246
0.6820809248554913,0.31992769995481246
0.6820196569666602,0.31983732489832806
0.681958365458751,0.31974694984184365
0.6820898399845768,0.31974694984184365
0.6820285383725414,0.31965657478535925
0.6820987654320988,0.31956619972887484
0.6822303685124446,0.31956619972887484
0.6821690467001158,0.31947582467239044
0.6821077012159815,0.31938544961590604
0.6821780266460706,0.3192950745594216
0.6821166473541908,0.3192046995029372
0.6822484064129805,0.3192046995029372
0.6821870170015456,0.31911432444645277
0.6821256038647343,0.31902394938996836
0.6820641669887901,0.31893357433348396
0.6821960177846511,0.31893357433348396
0.6822664861728872,0.31884319927699956
0.6822050290135396,0.31875282422051515
0.6821435480750628,0.31866244916403075
0.6822755417956656,0.31866244916403075
0.6822140507064061,0.31857207410754634
0.6821525358110724,0.3184816990510619
0.6820909970958373,0.3183913239945775
0.6822230828814873,0.3183913239945775
0.6821615339918652,0.3183009489380931
0.6822321255570626,0.31821057388160867
0.6821705426356589,0.31812019882512427
0.6822411787514541,0.31802982376863986
0.6823118696664081,0.31793944871215546
0.6822502424830262,0.31784907365567105
0.6823826154443151,0.31784907365567105
0.6823209780710265,0.31775869859918665
0.6824534161490683,0.31775869859918665
0.6823917685886236,0.3176683235427022
0.6825242718446602,0.3176683235427022
0.6824626140998252,0.3175779484862178
0.682533514668739,0.3174875734297334
0.6826044703595724,0.317397198373249
0.682542768273717,0.3173068233167646
0.6826137689614936,0.31721644826028017
0.6825520326784672,0.31712607320379577
0.6826230784199261,0.31703569814731136
0.6825613079019074,0.31694532309082696
0.6824995133346311,0.3168549480343425
0.682632398753894,0.3168549480343425
0.682570593962999,0.3167645729778581
0.6826417299824664,0.3166741979213737
0.6827129214578055,0.3165838228648893
0.6826510721247563,0.3164934478084049
0.6827841684538897,0.3164934478084049
0.6827223088923557,0.3164030727519205
0.6828554710356934,0.3164030727519205
0.6827936012485368,0.3163126976954361
0.6828649492583919,0.31622232263895167
0.6828030450907672,0.31613194758246727
0.682741116751269,0.3160415725259828
0.6828744385862137,0.3160415725259828
0.6828125,0.3159511974694984
0.6829458878687243,0.3159511974694984
0.6828839390386869,0.315860822413014
0.6829554339327599,0.3157704473565296
0.6828934506353861,0.3156800723000452
0.6830269847477513,0.3156800723000452
0.6829649911989047,0.3155896972435608
0.6830985915492958,0.3155896972435608
0.6830365877519077,0.3154993221870764
0.6829745596868885,0.315408947130592
0.6829125073399882,0.3153185720741076
0.683046202036022,0.3153185720741076
0.683179949089485,0.3153185720741076
0.6831179005092048,0.3152281970176231
0.6832517140058766,0.3152281970176231
0.6831896551724138,0.3151378219611387
0.6831275720164609,0.3150474469046543
0.6830654645237162,0.3149570718481699
0.6830033326798667,0.3148666967916855
0.6829411764705883,0.3147763217352011
0.6828789958815454,0.3146859466787167
0.6830129462534327,0.3146859466787167
0.6830847723704867,0.3145955716222323
0.6831566548881036,0.3145051965657479
0.683290791282152,0.3145051965657479
0.6832285938727416,0.3144148215092634
0.6831663720290709,0.314324446452779
0.6833005893909627,0.314324446452779
0.6832383572411083,0.3142340713962946
0.6833103990564183,0.3141436963398102
0.6833824975417896,0.3140533212833258
0.6833202202989772,0.3139629462268414
0.6834546527641157,0.3139629462268414
0.683392365210547,0.313872571170357
0.6833300531391459,0.3137821961138726
0.6832677165354331,0.3136918210573882
0.6832053553849183,0.3136014460009037
0.6833398975974794,0.3136014460009037
0.6834121355397951,0.3135110709444193
0.6834844304296414,0.3134206958879349
0.6835567823343849,0.3133303208314505
0.6834943798067442,0.3132399457749661
0.6834319526627219,0.3131495707184817
0.6833695008877491,0.3130591956619973
0.6835043409629045,0.3130591956619973
0.6835767864192657,0.3129688206055129
0.683649289099526,0.3128784455490285
0.6837218490715132,0.31278807049254403
0.6837944664031621,0.31269769543605963
0.6839296303617316,0.31269769543605963
0.6838671411625148,0.3126073203795752
0.6839398734177216,0.3125169453230908
0.6838773491592482,0.3124265702666064
0.6839501286364535,0.312336195210122
0.6838875692794932,0.3122458201536376
0.6838249851514552,0.3121554450971532
0.683960396039604,0.3121554450971532
0.6838978015448604,0.3120650700406688
0.6839706756489004,0.31197469498418434
0.6840436075322102,0.31188431992769994
0.6841792228390167,0.31188431992769994
0.6841165972635336,0.31179394487121553
0.6842522808409361,0.31179394487121553
0.6841896449117238,0.31170356981473113
0.6841269841269841,0.3116131947582467
0.6842627505457431,0.3116131947582467
0.684398570861453,0.3116131947582467
0.6843359142346634,0.3115228197017623
0.6842732327243845,0.3114324446452779
0.6842105263157895,0.3113420695887935
0.6843464441795789,0.3113420695887935
0.6842837273991655,0.3112516945323091
0.6844197138314785,0.3112516945323091
0.6843569866825681,0.31116131947582465
0.6844303042354345,0.31107094441934025
0.6843675417661098,0.31098056936285584
0.6843047543266362,0.31089019430637144
0.6844409072821329,0.31089019430637144
0.6843781094527364,0.31079981924988703
0.6843152866242038,0.31070944419340263
0.6842524387816046,0.3106190691369182
0.684189565909996,0.3105286940804338
0.6841266679944235,0.3104383190239494
0.6842629482071713,0.3104383190239494
0.6843992827256425,0.3104383190239494
0.6843363889996015,0.31034794396746496
0.6842734702013156,0.31025756891098055
0.6842105263157895,0.31016719385449615
0.6841475573280159,0.31007681879801174
0.6840845632229756,0.30998644374152734
0.6841580207501995,0.30989606868504294
0.6842315369261477,0.30980569362855853
0.6843051118210862,0.3097153185720741
0.6843787455053936,0.3096249435155897
0.6844524380495604,0.30953456845910526
0.6845261895241903,0.30944419340262086
0.6844631073785243,0.30935381834613646
0.6846,0.30935381834613646
0.6845369073814763,0.30926344328965205
0.6844737895158063,0.30917306823316765
0.6845476381104884,0.30908269317668324
0.684621545855026,0.30899231812019884
0.6845583817344282,0.30890194306371443
0.6846955128205128,0.30890194306371443
0.6846323382087758,0.30881156800723003
0.6845691382765531,0.30872119295074557
0.684505913008619,0.30863081789426117
0.6845799077601764,0.30854044283777676
0.6845166466105094,0.30845006778129236
0.684653961885657,0.30845006778129236
0.6845906902086677,0.30835969272480795
0.6845273931366647,0.30826931766832355
0.6846647932557206,0.30826931766832355
0.6846014856454528,0.30817894261183915
0.6846756376782487,0.30808856755535474
0.6846122940940137,0.30799819249887034
0.6845489250552542,0.3079078174423859
0.6846864951768489,0.3079078174423859
0.6846231155778895,0.3078174423859015
0.6845597104945718,0.30772706732941707
0.6844962799115222,0.30763669227293267
0.6844328238133548,0.30754631721644826
0.6845705089519212,0.30754631721644826
0.6845070422535211,0.30745594215996386
0.6844435500100624,0.30736556710347945
0.6843800322061192,0.30727519204699505
0.6843164888262533,0.30718481699051065
0.6842529198550141,0.3070944419340262
0.6843271555197421,0.3070040668775418
0.6842635502720129,0.3069136918210574
0.6841999193873438,0.306823316764573
0.6842741935483871,0.30673294170808857
0.6843485276321097,0.30664256665160416
0.6844229217110573,0.30655219159511976
0.6844973758578926,0.30646181653863536
0.6844336765596608,0.30637144148215095
0.6843699515347335,0.3062810664256665
0.6843062007675217,0.3061906913691821
0.6844444444444444,0.3061906913691821
0.6845189975747777,0.3061003163126977
0.6845936109987869,0.3060099412562133
0.6845298281092013,0.3059195661997289
0.6844660194174758,0.30582919114324447
0.6845406717927964,0.30573881608676007
0.6846153846153846,0.30564844103027566
0.6845515286495242,0.30555806597379126
0.6846901579586877,0.30555806597379126
0.6846262912700021,0.3054676909173068
0.6847011144883486,0.3053773158608224
0.6846372111876773,0.305286940804338
0.6847120843471208,0.3051965657478536
0.6846481443926181,0.3051061906913692
0.6847870182555781,0.3051061906913692
0.6847230675593426,0.3050158156348848
0.684862012987013,0.3050158156348848
0.6847980515526689,0.3049254405784004
0.6847340641494113,0.30483506552191597
0.6846700507614213,0.30474469046543157
0.6847450741417834,0.3046543154089471
0.6848201585043691,0.3045639403524627
0.6848953039235617,0.3044735652959783
0.6848312322082147,0.3043831902394939
0.684767134431564,0.3042928151830095
0.6848423194303154,0.3042024401265251
0.6847781847781848,0.3041120650700407
0.6847140240179117,0.3040216900135563
0.6846498371335505,0.3039313149570719
0.6845856241091427,0.3038409399005874
0.6847250509164969,0.3038409399005874
0.6846608270523529,0.303750564844103
0.6847360912981455,0.3036601897876186
0.6848114169215087,0.3035698147311342
0.6847471451876019,0.3034794396746498
0.6846828472363858,0.3033890646181654
0.6846185230518156,0.303298689561681
0.6845541726178331,0.3032083145051966
0.6844897959183673,0.3031179394487122
0.6845651286239282,0.3030275643922277
0.6845007147233,0.3029371893357433
0.6845760980592441,0.3028468142792589
0.6845116469145893,0.3027564392227745
0.6845870809484873,0.3026660641662901
0.6845225925168678,0.3025756891098057
0.6846625766871166,0.3025756891098057
0.6848026181223154,0.3025756891098057
0.6847381342062193,0.3024853140533213
0.6848137535816619,0.3023949389968369
0.6849539406345957,0.3023949389968369
0.6848894348894349,0.3023045639403525
0.6848249027237354,0.30221418888386803
0.6849651782056534,0.30221418888386803
0.6849006351157549,0.3021238138273836
0.6848360655737705,0.3020334387708992
0.6849118491184912,0.3019430637144148
0.6849876948318294,0.3018526886579304
0.684923076923077,0.301762313601446
0.6849989739380259,0.3016719385449616
0.6849343185550082,0.3015815634884772
0.6850102669404518,0.3014911884319928
0.6850862777321282,0.30140081337550834
0.6850215738648038,0.30131043831902393
0.684956843403206,0.30122006326253953
0.6850976361767729,0.30122006326253953
0.685173761052848,0.3011296882060551
0.6851090086384204,0.3010393131495707
0.6851851851851852,0.3009489380930863
0.6851203951430336,0.3008585630366019
0.685261424454508,0.3008585630366019
0.6851966234301009,0.3007681879801175
0.6851317957166392,0.3006778129236331
0.6852729145211123,0.3006778129236331
0.6852080758137619,0.30058743786714864
0.6852844187963726,0.30049706281066424
0.6852195423623995,0.30040668775417984
0.6852959373066612,0.30031631269769543
0.6853723952960594,0.300225937641211
0.6853074700784152,0.3001355625847266
0.685383980181668,0.3000451875282422
0.6854605534902932,0.2999548124717578
0.6855371900826446,0.2998644374152734
0.6854722050010332,0.29977406235878895
0.6856138900372054,0.29977406235878895
0.6855488939425264,0.29968368730230455
0.6856256463288521,0.29959331224582014
0.6855606123293339,0.29950293718933574
0.6854955514173391,0.29941256213285133
0.6855723452701304,0.29932218707636693
0.6857142857142857,0.29932218707636693
0.6856492027334852,0.2992318120198825
0.6857261238864719,0.2991414369633981
0.6856610029009532,0.2990510619069137
0.6855958549222798,0.29896068685042926
0.685530679933665,0.29887031179394485
0.6856728177482895,0.29887031179394485
0.6856076316880962,0.29877993673746045
0.6856846473029046,0.29868956168097605
0.6856194231168292,0.29859918662449164
0.6856964915922773,0.29850881156800724
0.6856312292358804,0.29841843651152283
0.6855659397715472,0.29832806145503843
0.6855006231823847,0.298237686398554
0.6854352794514855,0.29814731134206957
0.6855123674911661,0.29805693628558516
0.6854469854469855,0.29796656122910076
0.6853815762112705,0.29787618617261635
0.6854587060536718,0.29778581111613195
0.6855359001040583,0.29769543605964754
0.6854704412989175,0.29760506100316314
0.6854049552363106,0.29751468594667874
0.6854821912101645,0.29742431089019433
0.6854166666666667,0.2973339358337099
0.6854939558149229,0.29724356077722547
0.685428392745466,0.29715318572074106
0.6853628023352794,0.29706281066425666
0.6855057351407716,0.29706281066425666
0.6855831420822032,0.29697243560777226
0.6855175292153589,0.29688206055128785
0.6856606136505948,0.29688206055128785
0.6855949895615866,0.29679168549480345
0.6855293380664021,0.29670131043831904
0.6856068518905368,0.29661093538183464
0.6856844305120168,0.2965205603253502
0.6857620740121263,0.2964301852688658
0.6858397824722862,0.29633981021238137
0.6857740585774058,0.29624943515589697
0.6858518208455421,0.29615906009941256
0.6859953945991207,0.29615906009941256
0.6859296482412061,0.29606868504292816
0.6860075408462505,0.29597830998644375
0.6861512675466164,0.29597830998644375
0.6860854987426656,0.29588793492995935
0.6860197023684762,0.29579755987347495
0.6861635220125786,0.29579755987347495
0.6860977144055358,0.2957071848169905
0.6860318791946308,0.2956168097605061
0.6859660163624921,0.2955264347040217
0.6860440713536201,0.2954360596475373
0.686122191895864,0.29534568459105287
0.6860562788744226,0.29525530953456847
0.6859903381642513,0.29516493447808406
0.6859243697478992,0.29507455942159966
0.6860025220680959,0.29498418436511525
0.6859365146100483,0.2948938093086308
0.6858704793944491,0.2948034342521464
0.6858044164037855,0.294713059195662
0.6858826004628655,0.2946226841391776
0.6858164983164983,0.2945323090826932
0.6858947368421052,0.2944419340262088
0.6858285954937882,0.29435155896972437
0.6859068885611965,0.29426118391323997
0.6858407079646017,0.29417080885675556
0.6857744994731296,0.2940804338002711
0.6859190556492412,0.2940804338002711
0.6858528357579591,0.2939900587437867
0.6857865879375791,0.2938996836873023
0.6857203121704282,0.2938093086308179
0.6858649789029536,0.2938093086308179
0.6857986917071112,0.2937189335743335
0.6857323765301815,0.2936285585178491
0.6856660333544438,0.2935381834613647
0.6855996621621622,0.2934478084048803
0.685533262935586,0.29335743334839587
0.6856780735107731,0.29335743334839587
0.6856116627931544,0.2932670582919114
0.6855452240067624,0.293176683235427
0.6854787571337984,0.2930863081789426
0.6854122621564482,0.2929959331224582
0.685345739056883,0.2929055580659738
0.6852791878172588,0.2928151830094894
0.6854241590861011,0.2928151830094894
0.6855026455026455,0.292724807953005
0.6856477561388654,0.292724807953005
0.6855811983908533,0.2926344328965206
0.6855146124523507,0.2925440578400362
0.6856598178352044,0.2925440578400362
0.6855932203389831,0.2924536827835517
0.6855265946175038,0.2923633077270673
0.685459940652819,0.2922729326705829
0.6855385920271416,0.2921825576140985
0.6856173101400085,0.2920921825576141
0.6855506047103755,0.2920018075011297
0.6854838709677419,0.2919114324446453
0.6855626326963906,0.2918210573881609
0.6854958589934168,0.2917306823316765
0.685429056924384,0.291640307275192
0.685362226471213,0.2915499322187076
0.6854410201912858,0.2914595571622232
0.6855198809270678,0.2913691821057388
0.6854529987239473,0.2912788070492544
0.685531914893617,0.29118843199277
0.6856108982545764,0.2910980569362856
0.685756866084735,0.2910980569362856
0.6856899488926746,0.2910076818798012
0.6856230031948882,0.2909173068233168
0.6857021095248242,0.29082693176683233
0.6856351236146633,0.2907365567103479
0.6855681091451716,0.2906461816538635
0.685501066098081,0.2905558065973791
0.6854339944551077,0.2904654315408947
0.685580204778157,0.2904654315408947
0.6856594110115237,0.2903750564844103
0.6855923159018144,0.2902846814279259
0.6855251921434671,0.2901943063714415
0.6854580397181294,0.2901039313149571
0.6856044425459206,0.2901039313149571
0.6855372783593249,0.29001355625847264
0.6856165847403292,0.28992318120198823
0.685549380076956,0.28983280614550383
0.6854821466752191,0.2897424310890194
0.685414884516681,0.289652056032535
0.6853475935828877,0.2895616809760506
0.6852802738553702,0.2894713059195662
0.6853595890410958,0.2893809308630818
0.6854389721627409,0.2892905558065974
0.6855184233076264,0.28920018075011295
0.6855979425632234,0.28910980569362854
0.6856775300171527,0.28901943063714414
0.6858245764529273,0.28901943063714414
0.6857571857571858,0.28892905558065973
0.6858369098712447,0.28883868052417533
0.6859167024474023,0.2887483054676909
0.6859965635738832,0.2886579304112065
0.6859291084854995,0.2885675553547221
0.6860090264345583,0.2884771802982377
0.6859415305245056,0.28838680524175325
0.6858740055901956,0.28829643018526885
0.6859539685953968,0.28820605512878444
0.6858864027538726,0.28811568007230004
0.6859664227292295,0.28802530501581564
0.6861141011840689,0.28802530501581564
0.686046511627907,0.28793492995933123
0.6859788929571398,0.2878445549028468
0.6860590390002155,0.2877541798463624
0.6862068965517242,0.2877541798463624
0.6861392541496012,0.287663804789878
0.6860715825786977,0.28757342973339356
0.6861518550474547,0.28748305467690916
0.686084142394822,0.28739267962042475
0.6860164005179111,0.28730230456394035
0.6859486293977984,0.28721192950745594
0.6860289354351112,0.28712155445097154
0.6859611231101512,0.28703117939448713
0.6860414866032843,0.28694080433800273
0.6859736330235574,0.2868504292815183
0.6859057501080847,0.28676005422503387
0.6859861591695502,0.28666967916854946
0.6860666378191259,0.28657930411206506
0.6862151049556373,0.28657930411206506
0.6861471861471862,0.28648892905558065
0.6860792379302879,0.28639855399909625
0.6862278042442616,0.28639855399909625
0.6861598440545809,0.28630817894261185
0.6860918544194108,0.28621780388612744
0.68602383531961,0.28612742882964304
0.6859557867360208,0.28603705377315863
0.6861044873184479,0.28603705377315863
0.6860364267129229,0.2859466787166742
0.6859683365864238,0.28585630366018977
0.6860490344977218,0.28576592860370537
0.6861298024744953,0.28567555354722096
0.6862106406080347,0.28558517849073656
0.6861424847958297,0.28549480343425215
0.6862915489897893,0.28549480343425215
0.6862233811386353,0.28540442837776775
0.686155183655727,0.28531405332128335
0.6860869565217391,0.28522367826479894
0.6861678990865594,0.2851333032083145
0.6862489120974761,0.2850429281518301
0.6861806311207834,0.2849525530953457
0.6863299956464954,0.2849525530953457
0.6862617025908992,0.28486217803886127
0.6861933797909407,0.28477180298237686
0.6863428446961446,0.28477180298237686
0.6862745098039216,0.28468142792589246
0.6863557105492589,0.28459105286940806
0.6862873337693481,0.28450067781292365
0.6862189271696467,0.28441030275643925
0.6861504907306434,0.2843199276999548
0.6863001745200699,0.2843199276999548
0.686231725943705,0.2842295526434704
0.6863130320890635,0.284139177586986
0.6862445414847161,0.2840488025305016
0.6861760209652763,0.28395842747401717
0.6863259065093927,0.28395842747401717
0.68625737382565,0.28386805241753277
0.6861888111888111,0.28377767736104836
0.686120218579235,0.28368730230456396
0.6860515959772628,0.28359692724807956
0.6859829433632189,0.2835065521915951
0.6859142607174104,0.2834161771351107
0.6858455480201269,0.2833258020786263
0.6857768052516411,0.2832354270221419
0.6858581436077058,0.2831450519656575
0.6857893584409898,0.2830546769091731
0.6858707557502738,0.28296430185268867
0.6858019281332165,0.28287392679620427
0.685733070348455,0.28278355173971986
0.6856641823761508,0.2826931766832354
0.6855952641964481,0.282602801626751
0.6855263157894737,0.2825124265702666
0.68567668348322,0.2825124265702666
0.6856077226853883,0.2824220515137822
0.6855387316216809,0.2823316764572978
0.6856892010535558,0.2823316764572978
0.6857707509881423,0.2822413014008134
0.6859213705249286,0.2822413014008134
0.6858523725834798,0.282150926344329
0.6859340659340659,0.2820605512878446
0.6860848538140251,0.2820605512878446
0.6860158311345647,0.28197017623136017
0.6859467780954476,0.2818798011748757
0.6858776946766388,0.2817894261183913
0.6859595070422535,0.2816990510619069
0.685890380805635,0.2816086760054225
0.6858212241303391,0.2815183009489381
0.6857520369962563,0.2814279258924537
0.6858338841154439,0.2813375508359693
0.6859158033943135,0.2812471757794849
0.6858465608465608,0.2811568007230005
0.6857772877618522,0.281066425666516
0.6857079841199824,0.2809760506100316
0.6857899382171226,0.2808856755535472
0.6858719646799117,0.2807953004970628
0.6859540636042403,0.2807049254405784
0.6860362350861688,0.280614550384094
0.6859668508287293,0.2805241753276096
0.6860490824673889,0.2804338002711252
0.6859796550199027,0.2803434252146408
0.6861313868613139,0.2803434252146408
0.6862137641071033,0.2802530501581563
0.6861443116423196,0.2801626751016719
0.6862962143015275,0.2801626751016719
0.6862267493356953,0.2800723000451875
0.6861572535991141,0.2799819249887031
0.6862397518280523,0.2798915499322187
0.6861702127659575,0.2798011748757343
0.6863223232099313,0.2798011748757343
0.6864049678420936,0.2797107998192499
0.6863354037267081,0.2796204247627655
0.6864876858220545,0.2796204247627655
0.6865704772475028,0.2795300497062811
0.6865008880994672,0.27943967464979663
0.6865837405597512,0.27934929959331223
0.6865141079760053,0.2792589245368278
0.6865970215603467,0.2791685494803434
0.6865273454868831,0.279078174423859
0.686457638425617,0.2789877993673746
0.6863879003558719,0.2788974243108902
0.6863181312569522,0.2788070492544058
0.6862483311081442,0.2787166741979214
0.6861784998887158,0.27862629914143694
0.6862614117123135,0.27853592408495254
0.6861915367483297,0.27844554902846813
0.6863443974159056,0.27844554902846813
0.6862745098039216,0.2783551739719837
0.6862045910407845,0.2782647989154993
0.6863575568435132,0.2782647989154993
0.6862876254180602,0.2781744238590149
0.6864406779661016,0.2781744238590149
0.6863707338835601,0.2780840488025305
0.6864539165364874,0.2779936737460461
0.6866071428571429,0.2779936737460461
0.6865371734762223,0.2779032986895617
0.6864671728450201,0.27781292363307725
0.6863971409425955,0.27772254857659284
0.6863270777479893,0.27763217352010844
0.6862569832402234,0.27754179846362403
0.6861868573983013,0.27745142340713963
0.6861167002012073,0.2773610483506552
0.686046511627907,0.2772706732941708
0.6861999552672781,0.2772706732941708
0.6861297539149888,0.2771802982376864
0.6862832848511972,0.2771802982376864
0.6862130707251567,0.277089923181202
0.6861428251623013,0.27699954812471755
0.6860725481415136,0.27690917306823315
0.6862262038073909,0.27690917306823315
0.6863096571812682,0.27681879801174875
0.6862393545495293,0.27672842295526434
0.6863228699551569,0.27663804789877994
0.6862525229872168,0.27654767284229553
0.6863361005160422,0.27645729778581113
0.6864197530864198,0.2763669227293267
0.6865738661876964,0.2763669227293267
0.686503480799461,0.2762765476728423
0.6864330637915543,0.27618617261635786
0.6865168539325842,0.27609579755987346
0.6866007194244604,0.27600542250338905
0.6866846603688709,0.27591504744690465
0.6867686768676867,0.27582467239042024
0.6866981769074949,0.27573429733393584
0.6866276452048626,0.27564392227745144
0.6865570817383472,0.27555354722096703
0.6864864864864865,0.27546317216448263
0.6865705272645336,0.27537279710799817
0.6866546438232642,0.27528242205151376
0.6868094701240135,0.27528242205151376
0.6867388362652233,0.27519204699502936
0.6868937514098804,0.27519204699502936
0.6868231046931408,0.27510167193854496
0.686752426088919,0.27501129688206055
0.6869074492099323,0.27501129688206055
0.6868367577331226,0.27492092182557615
0.6867660343270099,0.27483054676909174
0.6869211655748814,0.27483054676909174
0.6870056497175141,0.27474017171260734
0.6869349005424955,0.27464979665612294
0.687019448213478,0.2745594215996385
0.68710407239819,0.27446904654315407
0.6870332654446707,0.27437867148666967
0.6871887732005433,0.27437867148666967
0.6871179533620104,0.27428829643018526
0.687202718006795,0.27419792137370086
0.6871318531943815,0.27410754631721646
0.6872875594833446,0.27410754631721646
0.6872166817769719,0.27401717126073205
0.6871457719338019,0.27392679620424765
0.6872306645497845,0.27383642114776324
0.6871597096188747,0.2737460460912788
0.687244666364049,0.2736556710347944
0.6871736662883088,0.27356529597831
0.6872586872586872,0.27347492092182557
0.6874148114493412,0.27347492092182557
0.6873437855032947,0.27338454586534117
0.6874289611275289,0.27329417080885676
0.6875852660300137,0.27329417080885676
0.6875142142369798,0.27320379575237236
0.6874431301182894,0.27311342069588795
0.6873720136518772,0.27302304563940355
0.6875284478834774,0.27302304563940355
0.6876138433515483,0.2729326705829191
0.6875427009792758,0.2728422955264347
0.6876993166287015,0.2728422955264347
0.6877848678213309,0.2727519204699503
0.6879416457715979,0.2727519204699503
0.6878704970360238,0.2726615454134659
0.6877993158494868,0.2725711703569815
0.687728102189781,0.27248079530049707
0.687813783660429,0.27239042024401267
0.6877425245377767,0.27230004518752826
0.6876712328767123,0.27220967013104386
0.687599908654944,0.2721192950745594
0.6875285518501599,0.272028920018075
0.6874571624400274,0.2719385449615906
0.6873857404021938,0.2718481699051062
0.6875428571428571,0.2718481699051062
0.6874714220393233,0.2717577948486218
0.6873999542648068,0.2716674197921374
0.6875571820677036,0.2716674197921374
0.6874857012125372,0.271577044735653
0.6875715266651408,0.27148666967916857
0.6875,0.27139629462268416
0.6876574307304786,0.27139629462268416
0.6875858909757215,0.2713059195661997
0.6875143184421535,0.2712155445097153
0.68760027504011,0.2711251694532309
0.6875286565795506,0.2710347943967465
0.6876146788990826,0.2709444193402621
0.687700780174392,0.2708540442837777
0.6876291025935276,0.2707636692272933
0.6875573921028466,0.2706732941708089
0.687715269804822,0.2706732941708089
0.6876435461644465,0.27058291911432447
0.687801516195727,0.27058291911432447
0.6877297794117647,0.27049254405784
0.6878160919540229,0.2704021690013556
0.6877443090365601,0.2703117939448712
0.687672493100276,0.2702214188883868
0.6876006441223832,0.2701310438319024
0.6875287620800736,0.270040668775418
0.6876151012891344,0.2699502937189336
0.6877015200368494,0.2698599186624492
0.6877880184331797,0.2697695436059648
0.6878745965882895,0.2696791685494803
0.6878026285450772,0.2695887934929959
0.6879612546125461,0.2695887934929959
0.6878892733564014,0.2694984184365115
0.6878172588832487,0.2694080433800271
0.6879039704524469,0.2693176683235427
0.6879907621247113,0.2692272932670583
0.6879186879186879,0.2691369182105739
0.6878465804066544,0.2690465431540895
0.688005546568061,0.2690465431540895
0.6879334257975035,0.2689561680976051
0.6878612716763006,0.2688657930411206
0.6877890841813136,0.2687754179846362
0.6877168632893824,0.2686850429281518
0.6878037491321454,0.2685946678716674
0.6878907154433896,0.268504292815183
0.6879777623349548,0.2684139177586986
0.68790546802595,0.2683235427022142
0.6878331402085748,0.2682331676457298
0.6877607788595271,0.2681427925892454
0.687920241131463,0.2681427925892454
0.687847866419295,0.26805241753276093
0.6880074228717235,0.26805241753276093
0.6879350348027842,0.26796204247627653
0.6878626131352982,0.2678716674197921
0.6877901578458682,0.2677812923633077
0.6879498490828884,0.2677812923633077
0.6878773803994427,0.2676909173068233
0.6879646840148699,0.2676005422503389
0.687892168254706,0.2675101671938545
0.6878196187819619,0.2674197921373701
0.6879795396419437,0.2674197921373701
0.687906976744186,0.2673294170808857
0.6878343800883926,0.26723904202440124
0.6877617496510005,0.26714866696791684
0.6879218059111007,0.26714866696791684
0.6878491620111732,0.26705829191143243
0.687936655798789,0.26696791685494803
0.6878639645935244,0.2668775417984636
0.6880242311276794,0.2668775417984636
0.6879515264507108,0.2667871667419792
0.6878787878787879,0.2666967916854948
0.6879664179104478,0.2666064166290104
0.6878936319104269,0.266516041572526
0.6878208119458703,0.26642566651604155
0.6879813302217036,0.26642566651604155
0.6880691104366099,0.26633529145955714
0.6881569726699369,0.26624491640307274
0.6880841121495327,0.26615454134658834
0.6880112175741996,0.26606416629010393
0.6880991349076455,0.2659737912336195
0.6880261927034612,0.2658834161771351
0.688187134502924,0.2658834161771351
0.6881141787552644,0.2657930411206507
0.6882022471910112,0.2657026660641663
0.6881292437368298,0.26561229100768186
0.6882173811197002,0.26552191595119745
0.6881443298969072,0.26543154089471305
0.6880712444340286,0.26534116583822864
0.6879981247069855,0.26525079078174424
0.6879249706916765,0.26516041572525983
0.6880131362889984,0.26507004066877543
0.6881013846514903,0.264979665612291
0.6881897158957502,0.2648892905558066
0.6882781301385953,0.26479891549932216
0.6882048872180451,0.26470854044283776
0.6881316098707403,0.26461816538635335
0.6882200799435693,0.26452779032986895
0.6883086332627617,0.26443741527338455
0.6883972699458696,0.26434704021690014
0.6883239171374764,0.26425666516041574
0.6882505297857311,0.26416629010393133
0.688177107866227,0.26407591504744693
0.6881036513545348,0.26398553999096247
0.6881923167570115,0.26389516493447807
0.6881188118811881,0.26380478987799366
0.6880452723414289,0.26371441482150926
0.6881339938664779,0.26362403976502485
0.6882963662104766,0.26362403976502485
0.6882227991503422,0.26353366470854045
0.6881491973559962,0.26344328965205605
0.6880755608028335,0.26335291459557164
0.6880018894662258,0.26326253953908724
0.6879281833215214,0.2631721644826028
0.6878544423440454,0.2630817894261184
0.6877806665090995,0.26299141436963397
0.6877068557919622,0.26290103931314956
0.6876330101678884,0.26281066425666516
0.6875591296121097,0.26272028920018076
0.6876478939895883,0.26262991414369635
0.6877367424242424,0.26253953908721195
0.6876627989580867,0.26244916403072754
0.687588820464235,0.2623587889742431
0.687514806917792,0.2622684139177587
0.6876036975586632,0.2621780388612743
0.687529634898056,0.26208766380478987
0.687618595825427,0.26199728874830547
0.6875444839857652,0.26190691369182106
0.6874703369719981,0.26181653863533666
0.687396154759079,0.26172616357885226
0.6873219373219374,0.26163578852236785
0.6872476846354785,0.2615454134658834
0.6871733966745843,0.261455038409399
0.6870990734141126,0.2613646633529146
0.6870247148288974,0.2612742882964302
0.6869503208937485,0.2611839132399458
0.687039239001189,0.26109353818346137
0.6871282417320961,0.26100316312697697
0.6870537839124227,0.26091278807049256
0.6872173292073316,0.26091278807049256
0.6871428571428572,0.26082241301400816
0.6872320152453549,0.2607320379575237
0.6873957588753872,0.2607320379575237
0.6873212583412774,0.2606416629010393
0.6872467222884386,0.2605512878445549
0.687172150691464,0.2604609127880705
0.6870975435249225,0.2603705377315861
0.6870229007633588,0.2602801626751017
0.6871868289191124,0.2602801626751017
0.6871121718377088,0.2601897876186173
0.6870374791119599,0.26009941256213287
0.6869627507163324,0.26000903750564847
0.6868879866252687,0.259918662449164
0.6868131868131868,0.2598282873926796
0.6867383512544802,0.2597379123361952
0.6868276356681807,0.2596475372797108
0.68675274988044,0.2595571622232264
0.6869170055010763,0.2595571622232264
0.6868421052631579,0.259466787166742
0.6870064608758076,0.259466787166742
0.6869315461943514,0.2593764121102576
0.6870210727969349,0.2592860370537732
0.6869461077844311,0.2591956619972888
0.6868711068519406,0.2591052869408043
0.6867960699736401,0.2590149118843199
0.6867209971236817,0.2589245368278355
0.6866458882761928,0.2588341617713511
0.686810551558753,0.2588341617713511
0.6867354281602303,0.2587437867148667
0.6866602687140115,0.2586534116583823
0.6865850731941444,0.2585630366018979
0.6865098415746519,0.2584726615454135
0.6864345738295318,0.2583822864889291
0.686359269932757,0.2582919114324446
0.6864488226814032,0.2582015363759602
0.6865384615384615,0.2581111613194758
0.6864630920894446,0.2580207862629914
0.6863876863876864,0.257930411206507
0.6863122444070243,0.2578400361500226
0.686401925391095,0.2577496610935382
0.6863264323543572,0.2576592860370538
0.6862509029617144,0.2575689109805694
0.6864161849710982,0.2575689109805694
0.6863406408094435,0.25747853592408493
0.6862650602409639,0.2573881608676005
0.6861894432393347,0.2572977858111161
0.6863548698167792,0.2572977858111161
0.6865203761755486,0.2572977858111161
0.6864447660395562,0.2572074107546317
0.6863691194209891,0.2571170356981473
0.6862934362934363,0.2570266606416629
0.686217716630461,0.2569362855851785
0.6861419604056012,0.2568459105286941
0.686066167592369,0.2567555354722097
0.686231884057971,0.2567555354722097
0.6863976805991785,0.2567555354722097
0.6863218946350894,0.25666516041572524
0.686246072032874,0.25657478535924083
0.686411992263056,0.25657478535924083
0.6863361547762998,0.2564844103027564
0.6862602805999033,0.256394035246272
0.6861843697072345,0.2563036601897876
0.686108422071636,0.2562132851333032
0.6860324376664246,0.2561229100768188
0.6861985472154963,0.2561229100768188
0.6861225478324049,0.2560325350203344
0.686046511627907,0.25594215996385
0.6862127453355948,0.25594215996385
0.6863030303030303,0.25585178490736554
0.6862269641125122,0.25576140985088114
0.6861508610235265,0.25567103479439673
0.6860747210092188,0.25558065973791233
0.6862412035913613,0.25558065973791233
0.6861650485436893,0.2554902846814279
0.6860888565185724,0.2553999096249435
0.6861792567403449,0.2553095345684591
0.686269744835966,0.2552191595119747
0.6861934856587263,0.2551287844554903
0.6863603209336251,0.2551287844554903
0.6864509851617612,0.25503840939900585
0.686541737649063,0.25494803434252145
0.6864654333008764,0.25485765928603704
0.6865562591329761,0.25476728422955264
0.6866471734892787,0.25467690917306823
0.6865708018523032,0.25458653411658383
0.6867381764992686,0.25458653411658383
0.686661789807364,0.2544961590600994
0.6867528665528178,0.254405784003615
0.6866764275256223,0.2543154089471306
0.686599951183793,0.25422503389064616
0.6865234375,0.25413465883416175
0.6866145578895946,0.25404428377767735
0.6865379916931347,0.25395390872119294
0.6864613880742912,0.25386353366470854
0.6865525672371638,0.25377315860822414
0.6864759109806798,0.25368278355173973
0.6865671641791045,0.25359240849525533
0.6864904552129222,0.2535020334387709
0.6866585067319462,0.2535020334387709
0.6867499387705118,0.25341165838228646
0.6868414604263661,0.25332128332580206
0.6869330718313312,0.25323090826931766
0.6870247731174883,0.25314053321283325
0.6869479882237488,0.25305015815634885
0.6868711656441718,0.25295978309986444
0.687039764359352,0.25295978309986444
0.68713163064833,0.25286940804338004
0.6870547776958978,0.25277903298689564
0.6871467190956009,0.25268865793041123
0.6870698131760079,0.25259828287392677
0.6869928694369314,0.25250790781744237
0.6869158878504673,0.25241753276095796
0.687007874015748,0.25232715770447356
0.6869308392813193,0.25223678264798916
0.6870999507631709,0.25223678264798916
0.6870229007633588,0.25214640759150475
0.6871150529687116,0.25205603253502035
0.6872072960315504,0.25196565747853594
0.6871301775147929,0.25187528242205154
0.6872224962999507,0.2517849073655671
0.6871453244510239,0.2516945323090827
0.687314906219151,0.2516945323090827
0.6872377190817082,0.25160415725259827
0.6871604938271605,0.25151378219611387
0.6872529644268774,0.25142340713962946
0.687175685693106,0.25133303208314506
0.6872682323856613,0.25124265702666065
0.6873608706406134,0.25115228197017625
0.6872835230084117,0.25106190691369185
0.6874536005939124,0.25106190691369185
0.6873762376237624,0.2509715318572074
0.6872988363456302,0.250881156800723
0.687221396731055,0.2507907817442386
0.6871439187515482,0.2507004066877542
0.6872366790582404,0.25061003163126977
0.6871591472483887,0.25051965657478537
0.6870815769898339,0.25042928151830096
0.6870039682539683,0.25033890646181656
0.6869263210121558,0.25024853140533215
0.6870191114420452,0.2501581563488477
0.6869414101290964,0.2500677812923633
0.6871119940402285,0.2500677812923633
0.6870342771982116,0.24997740623587889
0.6869565217391305,0.24988703117939448
0.6871272365805169,0.24988703117939448
0.6870494655729555,0.24979665612291008
0.6871425018652076,0.24970628106642567
0.6873134328358209,0.24970628106642567
0.6872356307539189,0.24961590600994127
0.687328852377396,0.24952553095345684
0.6874221668742216,0.24943515589697243
0.6873442949676134,0.24934478084048803
0.6875155743832544,0.24934478084048803
0.68760907504363,0.24925440578400362
0.6877026689947617,0.2491640307275192
0.687624750499002,0.2490736556710348
0.6875467931120539,0.24898328061455038
0.6874687968047928,0.24889290555806598
0.6876404494382022,0.24889290555806598
0.6875624375624375,0.24880253050158158
0.6874843867099675,0.24871215544509714
0.6875781054736316,0.24862178038861274
0.6875,0.24853140533212834
0.6874218554638659,0.24844103027564393
0.6875156367275457,0.2483506552191595
0.6874374374374375,0.2482602801626751
0.6875312969454181,0.2481699051061907
0.6874530428249437,0.2480795300497063
0.687625250501002,0.2480795300497063
0.6875469807065898,0.24798915499322188
0.687468671679198,0.24789877993673745
0.6875626880641926,0.24780840488025305
0.6874843240531728,0.24771802982376864
0.6874059207225288,0.24762765476728424
0.6875784190715182,0.24762765476728424
0.6875,0.2475372797107998
0.687594173782019,0.2474469046543154
0.6875156995729717,0.247356529597831
0.6874371859296482,0.2472661545413466
0.6873586328223171,0.2471757794848622
0.6875314228255405,0.2471757794848622
0.6874528539099825,0.24708540442837776
0.687374245472837,0.24699502937189335
0.6875471698113208,0.24699502937189335
0.6874685455460493,0.24690465431540895
0.6873898817014851,0.24681427925892455
0.6875629405840886,0.24681427925892455
0.6874842608914631,0.24672390420244011
0.6876574307304786,0.24672390420244011
0.6877520161290323,0.2466335291459557
0.6876733047643055,0.2465431540894713
0.6877679697351828,0.2464527790329869
0.6876892028254289,0.2463624039765025
0.6876103961645218,0.24627202892001807
0.6877051249684423,0.24618165386353366
0.6876262626262626,0.24609127880704926
0.6877999494821925,0.24609127880704926
0.6877210712481051,0.24600090375056485
0.6876421531463229,0.24591052869408042
0.6878159757330637,0.24591052869408042
0.687910976226606,0.24582015363759602
0.6880060728744939,0.2457297785811116
0.6881802075423943,0.2457297785811116
0.6881012658227849,0.2456394035246272
0.6880222841225627,0.2455490284681428
0.6881965552178319,0.2455490284681428
0.688117557638713,0.24545865341165837
0.6880385200202737,0.24536827835517397
0.688212927756654,0.24536827835517397
0.6881338742393509,0.24527790329868956
0.6880547806238905,0.24518752824220516
0.6879756468797564,0.24509715318572073
0.6881502156812992,0.24509715318572073
0.6880710659898477,0.24500677812923632
0.6881665820213306,0.24491640307275192
0.6880873761747524,0.24482602801626752
0.6880081300813008,0.2447356529597831
0.6879288437102923,0.24464527790329868
0.6880244088482075,0.24455490284681428
0.6881993896236012,0.24455490284681428
0.688120071228695,0.24446452779032987
0.6882158310002545,0.24437415273384547
0.6881364562118126,0.24428377767736104
0.6880570409982175,0.24419340262087663
0.6879775853285787,0.24410302756439223
0.6880733944954128,0.24401265250790782
0.687993882232985,0.24392227745142342
0.6879143294237634,0.243831902394939
0.6880102040816326,0.24374152733845458
0.6879305945394233,0.24365115228197018
0.687850944359367,0.24356077722548578
0.6877712535103395,0.24347040216900134
0.6876915219611849,0.24338002711251694
0.6876117496807151,0.24328965205603253
0.687787429739397,0.24328965205603253
0.6877076411960132,0.24319927699954813
0.6876278118609407,0.24310890194306373
0.6877237851662404,0.2430185268865793
0.6878198567041965,0.2429281518300949
0.6877399539288457,0.2428377767736105
0.6878361075544174,0.24274740171712608
0.6877561475409836,0.24265702666064165
0.6876761465539328,0.24256665160415725
0.6877723660599846,0.24247627654767284
0.6879487179487179,0.24247627654767284
0.6878686842780201,0.24238590149118844
0.6877886095433555,0.24229552643470403
0.6877084937131126,0.2422051513782196
0.6878048780487804,0.2421147763217352
0.6879013614179296,0.2420244012652508
0.6880781089414183,0.2420244012652508
0.6879979439732716,0.2419340262087664
0.6880946258678323,0.24184365115228196
0.6880144032921811,0.24175327609579755
0.6881111682964488,0.24166290103931315
0.6880308880308881,0.24157252598282875
0.6881277362863765,0.24148215092634434
0.6880473982483256,0.2413917758698599
0.6882246843597011,0.2413917758698599
0.6881443298969072,0.2413014008133755
0.6880639340036092,0.2412110257568911
0.6881609491875161,0.2411206507004067
0.6880804953560371,0.24103027564392226
0.688258064516129,0.24103027564392226
0.6883552801445908,0.24093990058743786
0.6884525962283647,0.24084952553095346
0.6883720930232559,0.24075915047446905
0.6882915482036702,0.24066877541798465
0.688210961737332,0.24057840036150022
0.6883889319886217,0.24057840036150022
0.6883083290222453,0.2404880253050158
0.6884057971014492,0.2403976502485314
0.6883251359047372,0.240307275192047
0.6884226884226884,0.24021690013556257
0.6883419689119171,0.24012652507907817
0.6884396060134785,0.24003615002259376
0.6885373443983402,0.23994577496610936
0.6886351842241827,0.23985539990962496
0.6887331256490135,0.23976502485314052
0.6888311688311688,0.23967464979665612
0.6887503247596778,0.23958427474017172
0.6889293139293139,0.23958427474017172
0.6888484533402651,0.2394938996836873
0.6887675507020281,0.23940352462720288
0.6886866059817945,0.23931314957071848
0.6886056191467221,0.23922277451423407
0.6885245901639344,0.23913239945774967
0.6887038001041125,0.23913239945774967
0.688622754491018,0.23904202440126526
0.6885416666666667,0.23895164934478083
0.6884605365980724,0.23886127428829643
0.688558769872296,0.23877089923181202
0.6884775808133472,0.23868052417532762
0.6885758998435054,0.2385901491188432
0.6884946517088443,0.23849977406235878
0.6884133611691023,0.23840939900587438
0.6883320281910729,0.23831902394938997
0.6884303995821364,0.23822864889290557
0.6883490073145245,0.23813827383642114
0.6884474647151072,0.23804789877993673
0.6883660130718954,0.23795752372345233
0.6882845188284519,0.23786714866696793
0.6883830455259027,0.2377767736104835
0.6884816753926701,0.2376863985539991
0.6884001047394606,0.23759602349751469
0.6885804085908853,0.23759602349751469
0.6884988210636626,0.23750564844103028
0.6885976408912189,0.23741527338454588
0.6886965643849987,0.23732489832806145
0.688795591708213,0.23723452327157704
0.6888947230244159,0.23714414821509264
0.688813025210084,0.23705377315860823
0.6887312844759653,0.2369633981021238
0.6889122438255386,0.2369633981021238
0.6888304862023653,0.2368730230456394
0.6889297922692611,0.236782647989155
0.6888479747501315,0.2366922729326706
0.6889473684210526,0.23660189787618618
0.6890468667719852,0.23651152281970175
0.6889649723465894,0.23642114776321735
0.689064558629776,0.23633077270673294
0.6889826041117554,0.23624039765024854
0.6891642499340891,0.23624039765024854
0.6890822784810127,0.2361500225937641
0.6890002637826431,0.2360596475372797
0.6889182058047494,0.2359692724807953
0.6890179514255543,0.2358788974243109
0.6889358331132823,0.2357885223678265
0.6890356671070014,0.23569814731134206
0.6892177589852009,0.23569814731134206
0.6891356066613799,0.23560777225485766
0.6892356519439302,0.23551739719837325
0.6891534391534392,0.23542702214188885
0.6890711828526065,0.23533664708540442
0.689171299973524,0.23524627202892
0.6890889830508474,0.2351558969724356
0.6891891891891891,0.2350655219159512
0.6891068115557911,0.2349751468594668
0.6892071068682047,0.23488477180298237
0.6893899204244032,0.23488477180298237
0.689307508622977,0.23479439674649796
0.6892250530785563,0.23470402169001356
0.6894080169896469,0.23470402169001356
0.6893255443441317,0.23461364663352915
0.6895086321381142,0.23461364663352915
0.6896093542386393,0.23452327157704472
0.6897101834618452,0.23443289652056032
0.689627659574468,0.23434252146407591
0.6895450917797287,0.2342521464075915
0.6896459941442641,0.2341617713511071
0.6898296059637913,0.2341617713511071
0.6897470039946738,0.23407139629462267
0.689664358018114,0.23398102123813827
0.6895816679989342,0.23389064618165387
0.6897654584221748,0.23389064618165387
0.6898666666666666,0.23380027112516946
0.6897839423846359,0.23370989606868503
0.6899679829242262,0.23370989606868503
0.690069407367859,0.23361952101220063
0.6899866488651535,0.23352914595571622
0.6899038461538461,0.23343877089923182
0.6898209991985039,0.2333483958427474
0.6897381079636558,0.23325802078626298
0.6896551724137931,0.23316764572977858
0.689572192513369,0.23307727067329417
0.689673622257892,0.23298689561680977
0.6895905806796896,0.23289652056032534
0.6896921017402945,0.23280614550384093
0.689793731583177,0.23271577044735653
0.689978563772776,0.23271577044735653
0.6898954703832753,0.23262539539087213
0.6898123324396783,0.23253502033438772
0.6897291499061411,0.2324446452779033
0.6896459227467812,0.23235427022141888
0.6895626509256775,0.23226389516493448
0.6894793344068706,0.23217352010845008
0.6893959731543624,0.23208314505196564
0.689312567132116,0.23199276999548124
0.6894977168949772,0.23199276999548124
0.6894142933906502,0.23190239493899684
0.6893308250470304,0.23181201988251243
0.6894326431836515,0.23172164482602803
0.6893491124260355,0.2316312697695436
0.6892655367231638,0.2315408947130592
0.6893674293405114,0.2314505196565748
0.6894694317263668,0.23136014460009038
0.689385775862069,0.23126976954360595
0.6893020749124226,0.23117939448712155
0.6892183288409703,0.23108901943063714
0.689134537611216,0.23099864437415274
0.6890507011866235,0.23090826931766834
0.6892365794442946,0.23090826931766834
0.6891527253103076,0.2308178942611839
0.6890688259109312,0.2307275192046995
0.6889848812095032,0.2306371441482151
0.6890869800108049,0.2305467690917307
0.6890029721696839,0.23045639403524626
0.6891051635577183,0.23036601897876186
0.6890210924824229,0.23027564392227745
0.6892074655125777,0.23027564392227745
0.6893098782138024,0.23018526886579305
0.689225771521386,0.23009489380930864
0.6893282773564464,0.2300045187528242
0.6895150365754538,0.2300045187528242
0.6894308943089431,0.2299141436963398
0.6895336225596529,0.2298237686398554
0.689636462289745,0.229733393583371
0.6895522388059702,0.22964301852688657
0.6896551724137931,0.22955264347040216
0.6897582178755773,0.22946226841391776
0.6898613753737428,0.22937189335743335
0.6897770527460576,0.22928151830094895
0.6899646450911069,0.22928151830094895
0.6898803046789989,0.22919114324446452
0.6899836690255852,0.22910076818798011
0.6898992649060713,0.2290103931314957
0.6900871459694989,0.2290103931314957
0.6900027240533915,0.2289200180750113
0.6901907356948229,0.2289200180750113
0.6901062959934587,0.22882964301852687
0.6900218102508179,0.22873926796204247
0.6902099809108263,0.22873926796204247
0.6901254773595199,0.22864889290555807
0.6900409276944065,0.22855851784907366
0.6901446901446902,0.22846814279258926
0.6900600764609504,0.22837776773610483
0.6899754165528544,0.22828739267962042
0.6901639344262295,0.22828739267962042
0.6900792566274938,0.22819701762313602
0.6901832102816516,0.2281066425666516
0.6902872777017783,0.22801626751016718
0.6903914590747331,0.22792589245368278
0.6904957545877841,0.22783551739719837
0.6904109589041096,0.22774514234071397
0.690515350877193,0.22765476728422956
0.690430490814368,0.22756439222774513
0.6905349794238683,0.22747401717126073
0.6904500548847421,0.22738364211477632
0.6906395827614603,0.22738364211477632
0.6905546403075233,0.22729326705829192
0.6906593406593406,0.2272028920018075
0.6905743336081341,0.22711251694532308
0.6904892798240791,0.22702214188883868
0.690404179268628,0.22693176683235428
0.6903190319031903,0.22684139177586987
0.6902338376891334,0.22675101671938544
0.6904237754540451,0.22675101671938544
0.6903385631709331,0.22666064166290104
0.6902533039647577,0.22657026660641663
0.6901679977967502,0.22647989154993223
0.6902728024249104,0.2263895164934478
0.6901874310915105,0.2262991414369634
0.6901020126826578,0.226208766380479
0.6900165471594043,0.22611839132399458
0.6899310344827586,0.22602801626751018
0.6898454746136865,0.22593764121102575
0.6899503036996135,0.22584726615454134
0.6898646782656724,0.22575689109805694
0.6897790055248619,0.22566651604157253
0.6898839137645107,0.2255761409850881
0.689798175283384,0.2254857659286037
0.6897123893805309,0.2253953908721193
0.6896265560165975,0.2253050158156349
0.6897315250484362,0.2252146407591505
0.6898366103572418,0.22512426570266605
0.6899418121363259,0.22503389064618165
0.6898558758314856,0.22494351558969725
0.689769891876906,0.22485314053321284
0.689961175818081,0.22485314053321284
0.689875173370319,0.2247627654767284
0.6899805717457674,0.224672390420244
0.6900860871980006,0.2245820153637596
0.6901917199222006,0.2244916403072752
0.6902974701139839,0.2244012652507908
0.6904033379694019,0.22431089019430636
0.6903171953255426,0.22422051513782196
0.6902310047314222,0.22413014008133755
0.6904231625835189,0.22413014008133755
0.6905292479108636,0.22403976502485315
0.6904430203399275,0.22394938996836872
0.6905492054641762,0.2238590149118843
0.690655509065551,0.2237686398553999
0.6907619313424505,0.2236782647989155
0.690675600223339,0.2235878897424311
0.6908684724937169,0.2235878897424311
0.6907821229050279,0.22349751468594667
0.6908887646730016,0.22340713962946226
0.6908023483365949,0.22331676457297786
0.6907158836689038,0.22322638951649346
0.6908226077224399,0.22313601446000902
0.6907360761265043,0.22304563940352462
0.6908429011481377,0.22295526434704022
0.6907563025210084,0.2228648892905558
0.6906696553656486,0.2227745142340714
0.6907765629380431,0.22268413917758698
0.6906898485698262,0.22259376412110257
0.6906030855539972,0.22250338906461817
0.6905162738496072,0.22241301400813376
0.690429413415661,0.22232263895164933
0.6903425042111173,0.22223226389516493
0.690255546194889,0.22214188883868052
0.6901685393258427,0.22205151378219612
0.6902754356379989,0.22196113872571172
0.6903824521934758,0.22187076366922728
0.6902953586497891,0.22178038861274288
0.6904895891952729,0.22178038861274288
0.6904024767801857,0.22169001355625848
0.690509715573078,0.22159963849977407
0.6904225352112676,0.22150926344328964
0.6903353057199211,0.22141888838680523
0.6902480270574972,0.22132851333032083
0.6903553299492385,0.22123813827383643
0.6904627539503386,0.22114776321735202
0.69037538808919,0.2210573881608676
0.6902879728966685,0.2209670131043832
0.6904829144309517,0.2209670131043832
0.6903954802259887,0.22087663804789878
0.6903079966092116,0.22078626299141438
0.6904156064461408,0.22069588793492995
0.6905233380480905,0.22060551287844554
0.6904357668364459,0.22051513782196114
0.6905436013590034,0.22042476276547673
0.6904559614839989,0.22033438770899233
0.6903682719546742,0.2202440126525079
0.6902805327288184,0.2201536375960235
0.6901927437641724,0.2200632625395391
0.6901049050184292,0.21997288748305469
0.6902127659574468,0.21988251242657025
0.6903207493613398,0.21979213737008585
0.6904288554387958,0.21970176231360145
0.6903409090909091,0.21961138725711704
0.690537084398977,0.21961138725711704
0.6904491188175099,0.21952101220063264
0.6903611032129656,0.2194306371441482
0.6904694167852062,0.2193402620876638
0.6903813318155948,0.2192498870311794
0.690293196697979,0.219159511974695
0.6902050113895216,0.21906913691821056
0.6903133903133903,0.21897876186172616
0.6904218928164196,0.21888838680524175
0.6903336184773311,0.21879801174875735
0.6902452937820879,0.21870763669227294
0.6903538812785388,0.2186172616357885
0.6904625928041119,0.2185268865793041
0.6903741788060554,0.2184365115228197
0.6902857142857143,0.2183461364663353
0.6901971991997714,0.21825576140985087
0.69010863350486,0.21816538635336646
0.6903059765513297,0.21816538635336646
0.690414878397711,0.21807501129688206
0.6903262736119061,0.21798463624039766
0.6904352806414662,0.21789426118391325
0.6905444126074498,0.21780388612742882
0.6904557179707652,0.21771351107094442
0.6903669724770642,0.21762313601446
0.6902781760825925,0.2175327609579756
0.6901893287435457,0.21744238590149118
0.69038737446198,0.21744238590149118
0.6902985074626866,0.21735201084500677
0.6904078116025273,0.21726163578852237
0.6903188738868141,0.21717126073203796
0.6904282839896522,0.21708088567555356
0.6903392754456584,0.21699051061906913
0.6905378199597354,0.21699051061906913
0.6904487917146145,0.21690013556258472
0.6903597122302159,0.21680976050610032
0.6905584340817501,0.21680976050610032
0.6904693348689893,0.21671938544961591
0.6905790838375108,0.21662901039313148
0.6906889593542808,0.21653863533664708
0.6905997693194925,0.21644826028016267
0.6907097518753607,0.21635788522367827
0.6908198614318707,0.21626751016719387
0.6907305804215997,0.21617713511070943
0.6908407974573822,0.21608676005422503
0.6910404624277456,0.21608676005422503
0.69095114194854,0.21599638499774063
0.6908617698091383,0.21590600994125622
0.6909722222222222,0.2158156348847718
0.6908827785817656,0.21572525982828739
0.690793283149971,0.21563488477180298
0.6907037358818419,0.21554450971531858
0.6909038238702202,0.21554450971531858
0.6908142567371777,0.21545413465883417
0.6907246376811594,0.21536375960234974
0.6906349666570021,0.21527338454586534
0.6908352668213457,0.21527338454586534
0.6907455758630693,0.21518300948938093
0.6906558328496808,0.21509263443289653
0.690566037735849,0.2150022593764121
0.6906767354051699,0.2149118843199277
0.6907875617553036,0.2148215092634433
0.690898517010759,0.21473113420695888
0.6910096013965668,0.21464075915047448
0.6911208151382824,0.21455038409399005
0.6912321584619866,0.21446000903750564
0.6911421911421911,0.21436963398102124
0.6910521713786069,0.21427925892453684
0.6911636045494314,0.2141888838680524
0.691365227537923,0.2141888838680524
0.6912751677852349,0.214098508811568
0.6911850554582604,0.2140081337550836
0.6912967289719626,0.2139177586985992
0.6912065439672802,0.2138273836421148
0.6911163062536528,0.21373700858563036
0.6910260157848582,0.21364663352914595
0.6912280701754386,0.21364663352914595
0.6913399648917495,0.21355625847266155
0.6914519906323185,0.21346588341617714
0.6915641476274165,0.2133755083596927
0.6916764361078547,0.2132851333032083
0.6917888563049853,0.2131947582467239
0.6916984452918744,0.2131043831902395
0.6916079812206573,0.2130140081337551
0.6917204932472109,0.21292363307727066
0.6916299559471366,0.21283325802078626
0.6915393654524089,0.21274288296430185
0.6914487217161328,0.21265250790781745
0.691358024691358,0.21256213285133302
0.691267274331079,0.21247175779484861
0.6911764705882353,0.2123813827383642
0.6910856134157105,0.2122910076818798
0.6909947027663331,0.2122006326253954
0.690903738592876,0.21211025756891097
0.6908127208480566,0.21201988251242657
0.6909251620506777,0.21192950745594216
0.6910377358490566,0.21183913239945776
0.6912415216750221,0.21183913239945776
0.6911504424778762,0.21174875734297333
0.6912632821723731,0.21165838228648892
0.6911721287274875,0.21156800723000452
0.6913762551683402,0.21156800723000452
0.691285081240768,0.2114776321735201
0.691193853427896,0.2113872571170357
0.6911025716819391,0.21129688206055128
0.6912156166814551,0.21120650700406687
0.6911242603550296,0.21111613194758247
0.6910328499556082,0.21102575689109807
0.6909413854351687,0.21093538183461363
0.6908498667456322,0.21084500677812923
0.6907582938388626,0.21075463172164483
0.6908713692946058,0.21066425666516042
0.6909845788849348,0.21057388160867602
0.6910979228486647,0.21048350655219158
0.691006233303651,0.21039313149570718
0.690914489311164,0.21030275643922278
0.6908226908226909,0.21021238138273837
0.6907308377896613,0.21012200632625394
0.6908442330558858,0.21003163126976954
0.6907523044900387,0.20994125621328513
0.690957763236169,0.20994125621328513
0.6910714285714286,0.20985088115680073
0.6909794581720751,0.20976050610031632
0.6910932380101281,0.2096701310438319
0.6910011918951132,0.2095797559873475
0.6909090909090909,0.20948938093086308
0.6908169350029815,0.20939900587437868
0.6907247241276468,0.20930863081789425
0.6906324582338902,0.20921825576140984
0.690540137272456,0.20912788070492544
0.6904477611940298,0.20903750564844104
0.6905615292712067,0.20894713059195663
0.6906754333532577,0.2088567555354722
0.6905829596412556,0.2087663804789878
0.6904904306220095,0.2086760054225034
0.690397846245887,0.208585630366019
0.6903052064631957,0.20849525530953456
0.6902125112241844,0.20840488025305015
0.6903264450434262,0.20831450519656575
0.6902336728579987,0.20822413014008134
0.6901408450704225,0.20813375508359694
0.6900479616306955,0.2080433800271125
0.6899550224887556,0.2079530049706281
0.6901619676064787,0.2079530049706281
0.6900690069006901,0.2078626299141437
0.6899759903961584,0.2077722548576593
0.6898829180426298,0.20768187980117486
0.6897897897897898,0.20759150474469046
0.6899969960949234,0.20759150474469046
0.6899038461538461,0.20750112968820605
0.6898106402164111,0.20741075463172165
0.6897173782321107,0.20732037957523725
0.6896240601503759,0.20723000451875281
0.6895306859205776,0.2071396294622684
0.6894372554920253,0.207049254405784
0.6893437688139675,0.2069588793492996
0.689551339957844,0.2069588793492996
0.6897590361445783,0.2069588793492996
0.6896655619162398,0.20686850429281517
0.6895720313441832,0.20677812923633077
0.6894784443774495,0.20668775417984636
0.6895927601809955,0.20659737912336196
0.6894990947495474,0.20650700406687755
0.6894053727739209,0.20641662901039312
0.6893115942028986,0.20632625395390872
0.6892177589852009,0.2062358788974243
0.6894259818731118,0.2062358788974243
0.6893321245089151,0.2061455038409399
0.6894466283640762,0.20605512878445548
0.6895612708018154,0.20596475372797107
0.6894673123486683,0.20587437867148667
0.6895820714718353,0.20578400361500226
0.6894880339291124,0.20569362855851786
0.6896969696969697,0.20569362855851786
0.689602909972719,0.20560325350203343
0.6895087932080048,0.20551287844554902
0.6894146193509251,0.20542250338906462
0.6895295902883156,0.20533212833258022
0.6894353369763205,0.20524175327609578
0.68955042527339,0.20515137821961138
0.6896656534954407,0.20506100316312698
0.6895712982669504,0.20497062810664257
0.6894768856447688,0.20488025305015817
0.689592209373098,0.20478987799367374
0.6894977168949772,0.20469950293718933
0.6894031668696712,0.20460912788070493
0.6895185862279098,0.20451875282422052
0.6894239561109418,0.2044283777677361
0.689539493748094,0.2043380027112517
0.6897498474679683,0.2043380027112517
0.6896551724137931,0.20424762765476728
0.6898656898656899,0.20424762765476728
0.6897709923664123,0.20415725259828288
0.6898869538649557,0.20406687754179847
0.6897921760391198,0.20397650248531404
0.6896973402629165,0.20388612742882964
0.6898133985928419,0.20379575237234523
0.6897184822521419,0.20370537731586083
0.689623507805326,0.2036150022593764
0.6895284751990202,0.203524627202892
0.6894333843797856,0.2034342521464076
0.6893382352941176,0.2033438770899232
0.6895494943303708,0.2033438770899232
0.6894543225015328,0.20325350203343878
0.6895705521472393,0.20316312697695435
0.6897821417612765,0.20316312697695435
0.6896869244935543,0.20307275192046995
0.6895916487565245,0.20298237686398554
0.6894963144963145,0.20289200180750114
0.6896127842655193,0.2028016267510167
0.6895173685828466,0.2027112516945323
0.6896339587819132,0.2026208766380479
0.6897506925207756,0.2025305015815635
0.6896551724137931,0.2024401265250791
0.6895595934708962,0.20234975146859466
0.6894639556377079,0.20225937641211025
0.6893682588597843,0.20216900135562585
0.6895807644882861,0.20216900135562585
0.6894850447116867,0.20207862629914145
0.6896977174583591,0.20207862629914145
0.689601974699167,0.201988251242657
0.6895061728395062,0.2018978761861726
0.6894103118246372,0.2018075011296882
0.6893143915997529,0.2017171260732038
0.6892184121099784,0.2016267510167194
0.6893353941267388,0.20153637596023496
0.6894525208784411,0.20144600090375056
0.6893564356435643,0.20135562584726616
0.6892602909316001,0.20126525079078175
0.6893775162589036,0.20117487573429732
0.68949488689185,0.20108450067781292
0.689398636081835,0.2009941256213285
0.6895161290322581,0.2009037505648441
0.6896337678460583,0.2008133755083597
0.6897515527950311,0.20072300045187527
0.6899658278968623,0.20072300045187527
0.689869484151647,0.20063262539539087
0.6899875621890548,0.20054225033890646
0.689891135303266,0.20045187528242206
0.6897946484131923,0.20036150022593763
0.6896981014628073,0.20027112516945322
0.689816256617876,0.20018075011296882
0.6897196261682244,0.20009037505648442
0.6898379052369077,0.2
0.6897411911443717,0.19990962494351558
0.6896444167186525,0.19981924988703118
0.6898595943837753,0.19981924988703118
0.6899781454886045,0.19972887483054677
0.6898813241723922,0.19963849977406237
0.689784442361762,0.19954812471757793
0.6896875,0.19945774966109353
0.6895904970303219,0.19936737460460913
0.6894934333958724,0.19927699954812472
0.6893963090397247,0.19918662449164032
0.6892991239048811,0.1990962494351559
0.6892018779342723,0.19900587437867148
0.6894176581089543,0.19900587437867148
0.6893203883495146,0.19891549932218708
0.6892230576441103,0.19882512426570267
0.6891256659354434,0.19873474920921824
0.6890282131661442,0.19864437415273384
0.6889306992787708,0.19855399909624943
0.6888331242158093,0.19846362403976503
0.6887354879196737,0.19837324898328063
0.6888540031397175,0.1982828739267962
0.6889726672950047,0.1981924988703118
0.6890914806664571,0.19810212381382739
0.6889937106918239,0.19801174875734298
0.6888958792072979,0.19792137370085855
0.6890147938306579,0.19783099864437415
0.6892317380352645,0.19783099864437415
0.6891338582677166,0.19774062358788974
0.6892530728017648,0.19765024853140534
0.6891551071878941,0.19755987347492093
0.6890570797855566,0.1974694984184365
0.6891763963395393,0.1973791233619521
0.6890782828282829,0.1972887483054677
0.6889801073571203,0.1971983732489833
0.6891977258370183,0.1971983732489833
0.6893173198482933,0.19710799819249886
0.6894370651486401,0.19701762313601445
0.6895569620253165,0.19692724807953005
0.6894586894586895,0.19683687302304564
0.6896770107663078,0.19683687302304564
0.6895787139689579,0.19674649796656124
0.6894803548795945,0.1966561229100768
0.6896005072923272,0.1965657478535924
0.6895020615287029,0.196475372797108
0.6894035532994924,0.1963849977406236
0.6893049825452238,0.19629462268413916
0.6892063492063492,0.19620424762765476
0.6891076532232455,0.19611387257117036
0.6890088945362135,0.19602349751468595
0.6892278360343184,0.19602349751468595
0.6891290527654164,0.19593312245820155
0.6890302066772656,0.19584274740171712
0.6892493638676844,0.19584274740171712
0.6891504931594018,0.1957523723452327
0.6893698281349459,0.1957523723452327
0.6892709328239415,0.1956619972887483
0.6893915259636827,0.1955716222322639
0.6892925430210325,0.19548124717577947
0.6891934969716289,0.19539087211929507
0.6893141945773524,0.19530049706281066
0.6895341416719847,0.19530049706281066
0.6894350462815193,0.19521012200632626
0.6893358876117497,0.19511974694984185
0.6892366656020441,0.19502937189335742
0.6893576222435283,0.19493899683687302
0.6894787336104893,0.19484862178038861
0.6896,0.1947582467239042
0.6895006402048656,0.19466787166741978
0.6896220371556694,0.19457749661093537
0.6895225889138097,0.19448712155445097
0.6897435897435897,0.19448712155445097
0.6896441167040718,0.19439674649796657
0.689544579858884,0.19430637144148216
0.6894449791466153,0.19421599638499773
0.6893453145057766,0.19412562132851333
0.6892455858747993,0.19403524627202892
0.6894669235709698,0.19403524627202892
0.689367169932541,0.19394487121554452
0.6892673521850899,0.19385449615906009
0.6891674702667953,0.19376412110257568
0.6893890675241158,0.19376412110257568
0.689289160501769,0.19367374604609128
0.6895109395109396,0.19367374604609128
0.6896329684481648,0.19358337098960687
0.6895330112721417,0.19349299593312247
0.6896551724137931,0.19340262087663804
0.6898774983881367,0.19340262087663804
0.6897774911318929,0.19331224582015363
0.6896774193548387,0.19322187076366923
0.6895772829945144,0.19313149570718482
0.6894770819883796,0.1930411206507004
0.6895994832041343,0.192950745594216
0.6897220426632191,0.19286037053773158
0.6896217264791464,0.19276999548124718
0.6895213454075032,0.19267962042476278
0.6897444192817859,0.19267962042476278
0.6896440129449838,0.19258924536827834
0.689543541599223,0.19249887031179394
0.6896663427275672,0.19240849525530954
0.6895657809462087,0.19231812019882513
0.6897893030794165,0.19231812019882513
0.6896887159533074,0.1922277451423407
0.6895880635744405,0.1921373700858563
0.6894873458792992,0.1920469950293719
0.6893865628042843,0.1919566199728875
0.6896103896103896,0.1919566199728875
0.6895095810328029,0.19186624491640308
0.6897335932423652,0.19186624491640308
0.6896327591810205,0.19177586985991865
0.6897560975609756,0.19168549480343425
0.6896551724137931,0.19159511974694984
0.6895541815815164,0.19150474469046544
0.689453125,0.191414369633981
0.6893520026050146,0.1913239945774966
0.6892508143322476,0.1912336195210122
0.689374185136897,0.1911432444645278
0.6892729051190088,0.1910528694080434
0.6891715590345727,0.19096249435155896
0.6890701468189233,0.19087211929507455
0.6889686684073107,0.19078174423859015
0.6890920966688439,0.19069136918210575
0.6892156862745098,0.19060099412562131
0.6893394375408763,0.1905106190691369
0.6895649329407916,0.1905106190691369
0.6894633507853403,0.1904202440126525
0.6893617021276596,0.1903298689561681
0.6892599869024231,0.1902394938996837
0.6891582050442188,0.19014911884319927
0.6892822025565388,0.19005874378671486
0.6894063627418826,0.18996836873023046
0.6896325459317585,0.18996836873023046
0.6895306859205776,0.18987799367374605
0.6897570584372948,0.18987799367374605
0.6896551724137931,0.18978761861726162
0.6895532194480947,0.18969724356077722
0.6896778435239974,0.1896068685042928
0.6895757974350543,0.1895164934478084
0.6897005593945377,0.189426118391324
0.6895984200131665,0.18933574333483957
0.6898254856766546,0.18933574333483957
0.6897233201581028,0.18924536827835517
0.6896210873146623,0.18915499322187077
0.6897461259479064,0.18906461816538636
0.6898713295941933,0.18897424310890193
0.6897689768976898,0.18888386805241753
0.689894319682959,0.18879349299593312
0.6897918731417245,0.18870311793944872
0.6896893588896232,0.1886127428829643
0.6895867768595041,0.18852236782647988
0.689484126984127,0.18843199276999548
0.6893814091961628,0.18834161771351107
0.6896095301125083,0.18834161771351107
0.6895067858325058,0.18825124265702667
0.6896323285856244,0.18816086760054224
0.68975803778588,0.18807049254405783
0.6896551724137931,0.18798011748757343
0.6898839137645107,0.18798011748757343
0.6897810218978102,0.18788974243108902
0.6896780617324926,0.18779936737460462
0.6895750332005313,0.1877089923181202
0.6897009966777409,0.18761861726163578
0.6898271276595744,0.18752824220515138
0.6899534264803726,0.18743786714866698
0.6900798934753661,0.18734749209218257
0.6899766899766899,0.18725711703569814
0.689873417721519,0.18716674197921374
0.69,0.18707636692272933
0.6901267511674449,0.18698599186624493
0.6900233566900233,0.1868956168097605
0.6901502504173622,0.1868052417532761
0.6900467601870407,0.1867148666967917
0.689943200801871,0.18662449164030728
0.6898395721925134,0.18653411658382288
0.6897358742895353,0.18644374152733845
0.6898628303780528,0.18635336647085404
0.6899899564780716,0.18626299141436964
0.6898861352980576,0.18617261635788523
0.6897822445561139,0.1860822413014008
0.68990948709353,0.1859918662449164
0.6898054996646545,0.185901491188432
0.6899328859060403,0.1858111161319476
0.6898288016112789,0.18572074107546319
0.6900604432505036,0.18572074107546319
0.6899563318777293,0.18563036601897875
0.6898521505376344,0.18553999096249435
0.6900840336134454,0.18553999096249435
0.6899798251513114,0.18544961590600995
0.6898755465859401,0.18535924084952554
0.6897711978465679,0.1852688657930411
0.6898989898989899,0.1851784907365567
0.6900269541778976,0.1850881156800723
0.689922480620155,0.1849977406235879
0.6898179366149697,0.1849073655671035
0.6900505902192243,0.1849073655671035
0.6901788727640904,0.18481699051061906
0.6903073286052009,0.18472661545413466
0.6904359580939506,0.18463624039765025
0.6903313049357674,0.18454586534116585
0.6902265809942509,0.18445549028468142
0.6903553299492385,0.184365115228197
0.6902505077860528,0.1842747401717126
0.690379403794038,0.1841843651152282
0.6905084745762712,0.1840939900587438
0.6906377204884667,0.18400361500225937
0.6907671418873048,0.18391323994577496
0.6906621392190153,0.18382286488929056
0.6908967391304348,0.18382286488929056
0.6910265125764786,0.18373248983280616
0.6909214552873172,0.18364211477632172
0.6908163265306122,0.18355173971983732
0.6909462219196733,0.18346136466335292
0.6908409942117807,0.1833709896068685
0.6907356948228883,0.1832806145503841
0.690865712338105,0.18319023949389968
0.6907603136720082,0.18309986443741527
0.6909959072305594,0.18309986443741527
0.6911262798634812,0.18300948938093087
0.6912568306010929,0.18291911432444646
0.6911513495046122,0.18282873926796203
0.6910457963089542,0.18273836421147763
0.6912820512820513,0.18273836421147763
0.6911764705882353,0.18264798915499322
0.6913073237508556,0.18255761409850882
0.6912016432728517,0.18246723904202442
0.6910958904109589,0.18237686398553998
0.6909900650907845,0.18228648892905558
0.6908841672378341,0.18219611387257117
0.6911210147411725,0.18219611387257117
0.6910150891632373,0.18210573881608677
0.6909090909090909,0.18201536375960234
0.6910401647785788,0.18192498870311793
0.6909340659340659,0.18183461364663353
0.6910652920962199,0.18174423859014913
0.6911966987620357,0.18165386353366472
0.6910904712762298,0.1815634884771803
0.6912220309810672,0.1814731134206959
0.6911157024793388,0.18138273836421148
0.6910093007233896,0.18129236330772708
0.6909028256374914,0.18120198825124265
0.6911409858669424,0.18120198825124265
0.6910344827586207,0.18111161319475824
0.6912728527078302,0.18111161319475824
0.6911663216011042,0.18102123813827384
0.6912983425414365,0.18093086308178943
0.6911917098445596,0.18084048802530503
0.691323885240235,0.1807501129688206
0.6912171507607192,0.1806597379123362
0.6911103424420616,0.1805693628558518
0.6910034602076125,0.18047898779936739
0.6911357340720221,0.18038861274288295
0.6912681912681913,0.18029823768639855
0.6915077989601387,0.18029823768639855
0.6914008321775312,0.18020786262991415
0.6912937911897329,0.18011748757342974
0.6915336571825121,0.18011748757342974
0.6914265879902811,0.18002711251694534
0.6916666666666667,0.18002711251694534
0.691559569294894,0.1799367374604609
0.6914523974982627,0.1798463624039765
0.6913451511991658,0.1797559873474921
0.6915855354659249,0.1797559873474921
0.6914782608695652,0.1796656122910077
0.6913709116214335,0.17957523723452326
0.6912634876435781,0.17948486217803886
0.6915041782729805,0.17948486217803886
0.6913967258794845,0.17939448712155445
0.6912891986062718,0.17930411206507005
0.6911815963750436,0.17921373700858564
0.6913149633763516,0.1791233619521012
0.6912072575017446,0.1790329868956168
0.6910994764397905,0.1789426118391324
0.6909916201117319,0.178852236782648
0.6911250873515025,0.17876186172616357
0.6910171268787137,0.17867148666967916
0.6911507520111927,0.17858111161319476
0.6910426871938419,0.17849073655671036
0.6909345467273363,0.17840036150022595
0.6908263305322129,0.17830998644374152
0.6907180385288967,0.17821961138725712
0.6908517350157729,0.1781292363307727
0.6907433380084151,0.1780388612742883
0.6908771929824561,0.17794848621780388
0.6910112359550562,0.17785811116131947
0.6912539515279241,0.17785811116131947
0.691145467322558,0.17776773610483507
0.6910369068541301,0.17767736104835066
0.6911712979247274,0.17758698599186626
0.6910626319493315,0.17749661093538183
0.6911971830985916,0.17740623587889742
0.6910884114124691,0.17731586082241302
0.6909795630725863,0.17722548576592861
0.6908706379978851,0.17713511070944418
0.691114245416079,0.17713511070944418
0.691005291005291,0.17704473565295978
0.6911401341334275,0.17695436059647537
0.6910310734463276,0.17686398553999097
0.6912751677852349,0.17686398553999097
0.6911660777385159,0.17677361048350657
0.6910569105691057,0.17668323542702213
0.6911920764060842,0.17659286037053773
0.6910828025477707,0.17650248531405333
0.6912181303116147,0.17641211025756892
0.6913536498936924,0.1763217352010845
0.6914893617021277,0.17623136014460009
0.6913799219581411,0.17614098508811568
0.6912704045422285,0.17605061003163128
0.691160809371672,0.17596023497514687
0.6912966252220248,0.17586985991866244
0.6911869225302061,0.17577948486217804
0.6914326341983648,0.17577948486217804
0.6915688367129136,0.17568910980569363
0.6914590747330961,0.17559873474920923
0.6913492346030616,0.1755083596927248
0.6914855717848236,0.1754179846362404
0.6913756236635781,0.175327609579756
0.6916221033868093,0.175327609579756
0.6917588298251873,0.17523723452327158
0.6916488222698073,0.17514685946678718
0.6915387361656551,0.17505648441030275
0.6914285714285714,0.17496610935381834
0.6913183279742765,0.17487573429733394
0.6912080057183703,0.17478535924084954
0.6910976045763317,0.1746949841843651
0.6912343470483006,0.1746046091278807
0.6914817465998568,0.1746046091278807
0.6913712853562478,0.1745142340713963
0.6916189111747851,0.1745142340713963
0.6915084199211752,0.1744238590149119
0.6913978494623656,0.1743334839584275
0.6912871997131589,0.17424310890194306
0.6911764705882353,0.17415273384545865
0.6913137114142139,0.17406235878897425
0.6914511494252874,0.17397198373248984
0.6913402802730866,0.1738816086760054
0.6914778856526429,0.173791233619521
0.6913669064748201,0.1737008585630366
0.6912558474271321,0.1736104835065522
0.6913935902052575,0.1735201084500678
0.6912824207492796,0.17342973339358336
0.6911711711711712,0.17333935833709896
0.6913090515686982,0.17324898328061455
0.6911976911976911,0.17315860822413015
0.6913357400722022,0.17306823316764572
0.6912242686890574,0.17297785811116131
0.6911127167630058,0.1728874830546769
0.6910010842067221,0.1727971079981925
0.6908893709327549,0.1727067329417081
0.6907775768535263,0.17261635788522367
0.691027496382055,0.17261635788522367
0.6912775968150561,0.17261635788522367
0.6911658218682114,0.17252598282873927
0.691304347826087,0.17243560777225486
0.6911924610366075,0.17234523271577046
0.6913311570547697,0.17225485765928603
0.6912191582002902,0.17216448260280162
0.691470054446461,0.17216448260280162
0.691358024691358,0.17207410754631722
0.6914970930232558,0.1719837324898328
0.6913849509269356,0.1718933574333484
0.6912727272727273,0.17180298237686398
0.691524190614769,0.17180298237686398
0.6914119359534207,0.17171260732037957
0.6912995995631598,0.17162223226389517
0.6911871813546977,0.17153185720741077
0.6910746812386157,0.17144148215092633
0.6909620991253644,0.17135110709444193
0.6908494349252643,0.17126073203795752
0.6909886902590295,0.17117035698147312
0.6911281489594743,0.17107998192498872
0.6913805697589481,0.17107998192498872
0.691267811472415,0.17098960686850428
0.6911549707602339,0.17089923181201988
0.6912948061448427,0.17080885675553548
0.6914348462664714,0.17071848169905107
0.6913218601244965,0.17062810664256664
0.6914620740197874,0.17053773158608224
0.6913489736070382,0.17044735652959783
0.6912357902456913,0.17035698147311343
0.6911225238444607,0.17026660641662902
0.6910091743119267,0.1701762313601446
0.6908957415565345,0.1700858563036602
0.6907822254865956,0.16999548124717578
0.6909224549797869,0.16990510619069138
0.6908088235294118,0.16981473113420695
0.6906951084957705,0.16972435607772254
0.6905813097866078,0.16963398102123814
0.6904674273095326,0.16954360596475374
0.6903534609720177,0.16945323090826933
0.6902394106813996,0.1693628558517849
0.6903796535200885,0.1692724807953005
0.6902654867256637,0.1691821057388161
0.6901512357063814,0.1690917306823317
0.6900369003690037,0.16900135562584725
0.6901772525849336,0.16891098056936285
0.690062800147765,0.16882060551287845
0.6899482631189948,0.16873023045639404
0.689833641404806,0.16863985539990964
0.6900887573964497,0.16863985539990964
0.6902294596595114,0.1685494803434252
0.6903703703703704,0.1684591052869408
0.6902556502408299,0.1683687302304564
0.6901408450704225,0.168278355173972
0.6902818991097923,0.16818798011748756
0.6901669758812616,0.16809760506100316
0.6903082064611957,0.16800723000451875
0.6901931649331352,0.16791685494803435
0.6903345724907063,0.16782647989154995
0.6902194124209743,0.1677361048350655
0.6901041666666666,0.1676457297785811
0.6899888351321176,0.1675553547220967
0.6902457185405808,0.1675553547220967
0.6901303538175046,0.1674649796656123
0.6900149031296572,0.16737460460912787
0.6901565995525727,0.16728422955264347
0.6902985074626866,0.16719385449615906
0.6904406273338313,0.16710347943967466
0.6905829596412556,0.16701310438319025
0.6907255048616305,0.16692272932670582
0.6908682634730539,0.16683235427022142
0.690752527143392,0.166741979213737
0.6908954664668415,0.1666516041572526
0.6910386201724784,0.16656122910076818
0.6911819887429643,0.16647085404428377
0.6913255726624108,0.16638047898779937
0.6912096168294516,0.16629010393131496
0.6910935738444194,0.16619972887483056
0.6909774436090226,0.16610935381834613
0.6908612260248214,0.16601897876186172
0.6910048927361686,0.16592860370537732
0.6908885542168675,0.16583822864889292
0.6907721280602637,0.16574785359240848
0.6906556141672946,0.16565747853592408
0.6905390124387486,0.16556710347943968
0.6904223227752639,0.16547672842295527
0.6903055450773293,0.16538635336647087
0.6904492261230654,0.16529597830998644
0.6905931242916509,0.16520560325350203
0.6907372400756143,0.16511522819701763
0.6906202723146747,0.16502485314053322
0.6907645722937169,0.1649344780840488
0.6909090909090909,0.1648441030275644
0.6907919666540356,0.16475372797107998
0.690674753601213,0.16466335291459558
0.6905574516496018,0.16457297785811117
0.6904400606980273,0.16448260280162674
0.690584662110858,0.16439222774514234
0.6904671477402203,0.16430185268865793
0.6903495440729484,0.16421147763217353
0.6902318510072216,0.1641211025756891
0.6904942965779468,0.1641211025756891
0.6903765690376569,0.1640307275192047
0.6902587519025876,0.1639403524627203
0.6904036557501904,0.16384997740623589
0.6902857142857143,0.16375960234975148
0.6904308044224171,0.16366922729326705
0.6905761159862648,0.16357885223678265
0.6907216494845361,0.16348847718029824
0.6906035141329259,0.16339810212381384
0.6908674054260604,0.16339810212381384
0.6907492354740061,0.1633077270673294
0.6906309751434034,0.163217352010845
0.690512624330528,0.1631269769543606
0.6906584992343032,0.1630366018978762
0.6905400229797013,0.1629462268413918
0.6904214559386973,0.16285585178490736
0.6905674846625767,0.16276547672842295
0.6904487917146145,0.16267510167193855
0.690595009596929,0.16258472661545414
0.6907414521705724,0.1624943515589697
0.6908881199538639,0.1624039765024853
0.6910350134667179,0.1623136014460009
0.6909160892994611,0.1622232263895165
0.6907970735463997,0.1621328513330321
0.690677966101695,0.16204247627654766
0.6905587668593449,0.16195210122006326
0.6904394757131843,0.16186172616357886
0.6905864197530864,0.16177135110709445
0.6904670011578541,0.16168097605061002
0.6907335907335908,0.16168097605061002
0.6906141367323291,0.16159060099412562
0.6904945904173106,0.1615002259376412
0.6903749516814843,0.1614098508811568
0.6902552204176334,0.1613194758246724
0.6901353965183752,0.16122910076818797
0.6902826171118854,0.16113872571170357
0.6901626646010844,0.16104835065521916
0.6903100775193799,0.16095797559873476
0.6904577191621412,0.16086760054225033
0.6906055900621118,0.16077722548576592
0.6904854368932039,0.16068685042928152
0.6907536907536908,0.16068685042928152
0.6906335017489312,0.16059647537279712
0.6905132192846034,0.1605061003163127
0.6903928432516531,0.16041572525982828
0.6906614785992218,0.16041572525982828
0.690541066562865,0.16032535020334387
0.6904205607476636,0.16023497514685947
0.6902999610440202,0.16014460009037507
0.6901792673421668,0.16005422503389063
0.6903276131045242,0.15996384997740623
0.6902067889192353,0.15987347492092183
0.6903553299492385,0.15978309986443742
0.690504103165299,0.15969272480795302
0.6903831118060985,0.1596023497514686
0.6906531091122409,0.1596023497514686
0.6905320813771518,0.15951197469498418
0.6906812842599843,0.15942159963849978
0.690560125342734,0.15933122458201537
0.6907095256762054,0.15924084952553094
0.6905882352941176,0.15915047446904654
0.6904668497449981,0.15906009941256213
0.6903453689167975,0.15896972435607773
0.6904948939512962,0.15887934929959333
0.6903732809430255,0.1587889742431089
0.6905230043255997,0.1586985991866245
0.6906729634002361,0.15860822413014009
0.6908231587239071,0.15851784907365568
0.6909735908553409,0.15842747401717125
0.6908517350157729,0.15833709896068685
0.6910023677979479,0.15824672390420244
0.6908803789972365,0.15815634884771804
0.6907582938388626,0.15806597379123363
0.6909090909090909,0.1579755987347492
0.6907868722815342,0.1578852236782648
0.6906645569620253,0.1577948486217804
0.6905421448357737,0.157704473565296
0.6904196357878069,0.15761409850881156
0.6902970297029702,0.15752372345232715
0.6904478795085216,0.15743334839584275
0.690325138778747,0.15734297333935834
0.6905989686632289,0.15734297333935834
0.6904761904761905,0.15725259828287394
0.6907502977371973,0.15725259828287394
0.6906274821286735,0.1571622232263895
0.6905045689312674,0.1570718481699051
0.6903815580286169,0.1569814731134207
0.6902584493041749,0.1568910980569363
0.6904098686828491,0.15680072300045186
0.6905615292712067,0.15671034794396746
0.6904382470119522,0.15661997288748306
0.6903148664806696,0.15652959783099865
0.6901913875598086,0.15643922277451425
0.690343176376696,0.15634884771802982
0.6906187624750499,0.15634884771802982
0.6904952076677316,0.1562584726615454
0.6903715541350379,0.156168097605061
0.6905237904838065,0.1560777225485766
0.6904,0.15598734749209217
0.6906762705082032,0.15598734749209217
0.6905524419535628,0.15589697243560777
0.6907051282051282,0.15580659737912336
0.6905811623246493,0.15571622232263896
0.6904570970328789,0.15562584726615455
0.6903329322101885,0.15553547220967012
0.6902086677367576,0.15544509715318572
0.6904857486953031,0.15544509715318572
0.6903614457831325,0.15535472209670131
0.6902370429891522,0.1552643470402169
0.690112540192926,0.15517397198373248
0.6899879372738239,0.15508359692724807
0.6901408450704225,0.15499322187076367
0.6902939991945227,0.15490284681427927
0.6901692183722804,0.15481247175779486
0.6903225806451613,0.15472209670131043
0.6901976603469141,0.15463172164482603
0.6900726392251816,0.15454134658834162
0.6899475171578522,0.15445097153185722
0.6901010101010101,0.15436059647537279
0.6899757477768795,0.15427022141888838
0.6901294498381877,0.15417984636240398
0.6900040469445569,0.15408947130591957
0.6901579586877278,0.15399909624943517
0.690032414910859,0.15390872119295074
0.6899067693554926,0.15381834613646633
0.6897810218978102,0.15372797107998193
0.6900608519269776,0.15372797107998193
0.6902151847340642,0.15363759602349752
0.690089358245329,0.1535472209670131
0.6899634295002032,0.1534568459105287
0.6901179341195608,0.15336647085404428
0.6903986981285598,0.15336647085404428
0.6902726902726902,0.15327609579755988
0.6901465798045603,0.15318572074107548
0.690020366598778,0.15309534568459104
0.6898940505297474,0.15300497062810664
0.6897676314716673,0.15291459557162224
0.689922480620155,0.15282422051513783
0.690077582686811,0.1527338454586534
0.6902329382917859,0.152643470402169
0.6901062959934587,0.1525530953456846
0.6899795501022495,0.1524627202892002
0.6898527004909983,0.15237234523271578
0.69000819000819,0.15228197017623135
0.6898811962310528,0.15219159511974695
0.6900369003690037,0.15210122006326254
0.6901928600738613,0.15201084500677814
0.6900656814449918,0.1519204699502937
0.6899383983572895,0.1518300948938093
0.6898110106820049,0.1517397198373249
0.6899671052631579,0.1516493447808405
0.6898395721925134,0.1515589697243561
0.6897119341563785,0.15146859466787166
0.6895841910251133,0.15137821961138725
0.6894563426688632,0.15128784455490285
0.6893283889575608,0.15119746949841845
0.6892003297609234,0.15110709444193401
0.6890721649484536,0.1510167193854496
0.6892282294676021,0.1509263443289652
0.6890999174236169,0.1508359692724808
0.6889714993804213,0.1507455942159964
0.6888429752066115,0.15065521915951197
0.6887143447705664,0.15056484410302756
0.6888705006206041,0.15047446904654316
0.6887417218543046,0.15038409399005875
0.6886128364389233,0.15029371893357432
0.6887691670120182,0.15020334387708992
0.6886401326699834,0.1501129688206055
0.6885109912899212,0.1500225937641211
0.6883817427385892,0.1499322187076367
0.6885382059800664,0.14984184365115227
0.6886949293433084,0.14975146859466787
0.6885654885654886,0.14966109353818347
0.6888519134775375,0.14966109353818347
0.688722430295464,0.14957071848169906
0.6885928393005828,0.14948034342521463
0.6884631403581841,0.14938996836873022
0.6883333333333334,0.14929959331224582
0.6882034180908712,0.14920921825576142
0.6884904086738949,0.14920921825576142
0.6887776387150605,0.14920921825576142
0.6886477462437396,0.149118843199277
0.688517745302714,0.14902846814279258
0.6886753029669871,0.14893809308630818
0.6888331242158093,0.14884771802982377
0.6887029288702929,0.14875734297333937
0.6889912097111762,0.14875734297333937
0.6888609715242882,0.14866696791685494
0.6887306242144952,0.14857659286037053
0.6890192791282481,0.14857659286037053
0.6891778523489933,0.14848621780388613
0.6893366918555835,0.14839584274740172
0.6892062158756825,0.14830546769091732
0.6890756302521008,0.1482150926344329
0.6892346509671994,0.14812471757794848
0.6891039124947412,0.14803434252146408
0.688973063973064,0.14794396746497968
0.6888421052631579,0.14785359240849524
0.6890012642225032,0.14776321735201084
0.6888701517706577,0.14767284229552644
0.689029535864979,0.14758246723904203
0.6891891891891891,0.14749209218255763
0.6890578791719476,0.1474017171260732
0.6893491124260355,0.1474017171260732
0.6892177589852009,0.1473113420695888
0.6890862944162437,0.1472209670131044
0.6892464013547841,0.14713059195661998
0.6891147818720881,0.14704021690013555
0.6894067796610169,0.14704021690013555
0.6896990250105978,0.14704021690013555
0.6895674300254453,0.14694984184365115
0.6894357233771744,0.14685946678716674
0.6895966029723991,0.14676909173068234
0.68946474086661,0.14667871667419793
0.689625850340136,0.1465883416177135
0.6897872340425532,0.1464979665612291
0.6899488926746167,0.1464075915047447
0.6898167873881551,0.1463172164482603
0.6899786780383795,0.14622684139177586
0.6898464163822525,0.14613646633529145
0.6900085397096499,0.14604609127880705
0.6901709401709402,0.14595571622232265
0.6900384779820437,0.14586534116583824
0.6899059024807528,0.1457749661093538
0.6897732135216089,0.1456845910528694
0.6896404109589042,0.145594215996385
0.6895074946466809,0.1455038409399006
0.6893744644387317,0.14541346588341617
0.6895368782161235,0.14532309082693176
0.6898326898326899,0.14532309082693176
0.6896995708154506,0.14523271577044736
0.6895663374838986,0.14514234071396295
0.6898625429553265,0.14514234071396295
0.6900257953568357,0.14505196565747855
0.6901893287435457,0.14496159060099412
0.6903531438415159,0.1448712155445097
0.6905172413793104,0.1447808404880253
0.6903837861147046,0.1446904654315409
0.6905481225722918,0.14460009037505647
0.6904145077720207,0.14450971531857207
0.6905790838375108,0.14441934026208766
0.6904453091223519,0.14432896520560326
0.6903114186851211,0.14423859014911886
0.6901774123755949,0.14414821509263442
0.69004329004329,0.14405784003615002
0.6902079722703639,0.14396746497966562
0.6903729401561145,0.1438770899231812
0.690238611713666,0.14378671486669678
0.6904038211029092,0.14369633981021238
0.6902693310165073,0.14360596475372797
0.6901347240330291,0.14351558969724357
0.6903001304915181,0.14342521464075916
0.6901653611836379,0.14333483958427473
0.6900304745319983,0.14324446452779033
0.6901960784313725,0.14315408947130592
0.6900610287707062,0.14306371441482152
0.6902268760907504,0.1429733393583371
0.6903930131004367,0.14288296430185268
0.6902577544779379,0.14279258924536828
0.6901223776223776,0.14270221418888387
0.689986882378662,0.14261183913239947
0.6898512685914261,0.14252146407591504
0.6897155361050328,0.14243108901943063
0.6895796847635727,0.14234071396294623
0.6894437144108629,0.14225033890646183
0.6896098202542744,0.1421599638499774
0.6894736842105263,0.142069588793493
0.689640035118525,0.14197921373700859
0.6898066783831283,0.14188883868052418
0.6899736147757256,0.14179846362403978
0.6901408450704225,0.14170808856755535
0.6900044033465433,0.14161771351107094
0.6901718818862935,0.14152733845458654
0.6900352733686067,0.14143696339810213
0.690339655932951,0.14143696339810213
0.6902030008826125,0.1413465883416177
0.6900662251655629,0.1412562132851333
0.690234202386213,0.1411658382286489
0.6900972590627763,0.1410754631721645
0.6899601946041575,0.14098508811568009
0.6898230088495575,0.14089471305919565
0.6901283753873395,0.14089471305919565
0.6899911426040743,0.14080433800271125
0.6901595744680851,0.14071396294622684
0.6900221729490023,0.14062358788974244
0.690190856635597,0.140533212833258
0.6903598400710795,0.1404428377767736
0.6902222222222222,0.1403524627202892
0.6900844819919965,0.1402620876638048
0.6899466192170819,0.1401717126073204
0.6902536715620827,0.1401717126073204
0.6901157613535174,0.14008133755083596
0.6902852049910874,0.13999096249435156
0.6901471243869817,0.13990058743786715
0.6904549509366636,0.13990058743786715
0.6903168228469433,0.13981021238138275
0.6901785714285714,0.13971983732489832
0.6903485254691689,0.1396294622684139
0.6902101028162718,0.1395390872119295
0.6900715563506261,0.1394487121554451
0.6903803131991052,0.1394487121554451
0.6902417188898836,0.1393583370989607
0.690103000447828,0.13926796204247627
0.6899641577060932,0.13917758698599186
0.6898251904975348,0.13908721192950746
0.690134529147982,0.13908721192950746
0.6903052064631957,0.13899683687302306
0.6904761904761905,0.13890646181653862
0.6903370786516854,0.13881608676005422
0.6901978417266187,0.13872571170356982
0.6900584795321637,0.1386353366470854
0.6899189918991899,0.138544961590601
0.6902296262944619,0.138544961590601
0.69009009009009,0.13845458653411657
0.6902614968440036,0.13836421147763217
0.6901217861975643,0.13827383642114777
0.6899819494584838,0.13818346136466336
0.6902934537246049,0.13818346136466336
0.6906052393857272,0.13818346136466336
0.6904654315408947,0.13809308630817893
0.6903254972875226,0.13800271125169453
0.6904977375565611,0.13791233619521012
0.6903576278859213,0.13782196113872572
0.6905301314000907,0.13773158608224131
0.690702947845805,0.13764121102575688
0.690562613430127,0.13755083596927248
0.6908760780753518,0.13755083596927248
0.6907356948228883,0.13746046091278807
0.6909090909090909,0.13737008585630367
0.6910828025477707,0.13727971079981924
0.6909421939007738,0.13718933574333483
0.6908014571948998,0.13709896068685043
0.6911161731207289,0.13709896068685043
0.6914311759343664,0.13709896068685043
0.6912904696762426,0.13700858563036603
0.6914650844363305,0.13691821057388162
0.691324200913242,0.1368278355173972
0.6914990859232175,0.13673746046091279
0.691358024691358,0.13664708540442838
0.6912168344007319,0.13655671034794398
0.6910755148741419,0.13646633529145955
0.6913919413919414,0.13646633529145955
0.6915673693858845,0.13637596023497514
0.6914259513984411,0.13628558517849074
0.691743119266055,0.13628558517849074
0.6919191919191919,0.13619521012200633
0.6917776757005053,0.13610483506552193
0.6916360294117647,0.1360144600090375
0.6918123275068997,0.1359240849525531
0.6916705016106764,0.1358337098960687
0.691847075080608,0.13574333483958428
0.691705069124424,0.13565295978309985
0.6918819188191881,0.13556258472661545
0.6920590951061866,0.13547220967013104
0.6922365988909427,0.13538183461364664
0.6924144310823311,0.13529145955716224
0.6922720962517354,0.1352010845006778
0.6921296296296297,0.1351107094441934
0.6923076923076923,0.135020334387709
0.6921650440426518,0.1349299593312246
0.6923433874709977,0.13483958427474016
0.6925220622387367,0.13474920921825576
0.6923791821561338,0.13465883416177135
0.692236169223617,0.13456845910528695
0.6925581395348838,0.13456845910528695
0.6924150767798977,0.13447808404880254
0.6922718808193669,0.1343877089923181
0.6921285514671635,0.1342973339358337
0.6923076923076923,0.1342069588793493
0.6924871675221652,0.1341165838228649
0.6926669780476413,0.13402620876638047
0.6925233644859813,0.13393583370989606
0.6923796166432913,0.13384545865341166
0.6925596630790828,0.13375508359692725
0.6927400468384075,0.13366470854044285
0.6925960637300843,0.13357433348395842
0.6924519456165026,0.13348395842747401
0.6926325668700141,0.1333935833709896
0.6924882629107981,0.1333032083145052
0.6926691729323309,0.13321283325802077
0.692524682651622,0.13312245820153637
0.6927058823529412,0.13303208314505197
0.6928874234573716,0.13294170808856756
0.6932139491046183,0.13294170808856756
0.693069306930693,0.13285133303208316
0.6932515337423313,0.13276095797559873
0.6931067044381491,0.13267058291911432
0.6929617383089277,0.13258020786262992
0.6928166351606805,0.1324898328061455
0.6929990539262062,0.13239945774966108
0.6931818181818182,0.13230908269317668
0.6930364756039792,0.13221870763669227
0.6932195353247985,0.13212833258020787
0.6930740037950665,0.13203795752372346
0.6932573599240266,0.13194758246723903
0.6931116389548694,0.13185720741075463
0.6932952924393724,0.13176683235427022
0.6931493815413892,0.13167645729778582
0.6930033317467873,0.1315860822413014
0.6931872320152453,0.13149570718481698
0.6933714830710539,0.13140533212833258
0.6932251908396947,0.13131495707184818
0.6935560859188544,0.13131495707184818
0.6934097421203438,0.13122458201536377
0.6932632584806497,0.13113420695887934
0.6935946462715105,0.13113420695887934
0.6934481109516978,0.13104383190239494
0.6936333173767353,0.13095345684591053
0.6934865900383141,0.13086308178942613
0.6936720997123682,0.1307727067329417
0.6935251798561151,0.1306823316764573
0.6933781190019194,0.1305919566199729
0.6932309169467115,0.13050158156348848
0.6930835734870316,0.13041120650700408
0.6929360884190293,0.13032083145051965
0.6927884615384615,0.13023045639403524
0.6931216931216931,0.13023045639403524
0.6929740134744947,0.13014008133755084
0.693307655272027,0.13014008133755084
0.6931599229287091,0.13004970628106644
0.6933461909353905,0.129959331224582
0.6935328185328186,0.1298689561680976
0.693719806763285,0.1297785811116132
0.6939071566731141,0.1296882060551288
0.6937590711175616,0.1295978309986444
0.6939467312348668,0.12950745594215995
0.694134755210858,0.12941708088567555
0.6944713870029098,0.12941708088567555
0.6943231441048034,0.12932670582919115
0.6945118989800875,0.12923633077270674
0.6943634596695821,0.1291459557162223
0.6945525291828794,0.1290555806597379
0.6944038929440389,0.1289652056032535
0.6945932781295665,0.1288748305467691
0.6947830326669917,0.1287844554902847
0.6949731576378722,0.12869408043380026
0.6951636541279922,0.12860370537731586
0.6953545232273839,0.12851333032083145
0.6955457660303476,0.12842295526434705
0.6953966699314398,0.12833258020786262
0.6952474277315042,0.1282422051513782
0.6954389406571849,0.1281518300948938
0.6956308296514482,0.1280614550384094
0.6954813359528488,0.127971079981925
0.6956735496558505,0.12788070492544057
0.6958661417322834,0.12779032986895617
0.6957163958641064,0.12769995481247176
0.6959093149334648,0.12760957975598736
0.6961026147015293,0.12751920469950292
0.6959526159921027,0.12742882964301852
0.6958024691358025,0.12733845458653412
0.6956521739130435,0.1272480795300497
0.6958456973293768,0.1271577044735653
0.6956952003958436,0.12706732941708088
0.6955445544554455,0.12697695436059647
0.6953937592867756,0.12688657930411207
0.6952428146679881,0.12679620424762766
0.6954365079365079,0.12670582919114323
0.6952853598014889,0.12661545413465883
0.6954793840039741,0.12652507907817442
0.6953280318091452,0.12643470402169002
0.6951765290900049,0.12634432896520562
0.6950248756218905,0.12625395390872118
0.6948730711796914,0.12616357885223678
0.695067264573991,0.12607320379575238
0.6952618453865337,0.12598282873926797
0.6956087824351297,0.12598282873926797
0.6954568147778333,0.12589245368278354
0.6956521739130435,0.12580207862629914
0.695847923961981,0.12571170356981473
0.6956956956956957,0.12562132851333033
0.6955433149724587,0.12553095345684592
0.6957393483709273,0.1254405784003615
0.6955867602808425,0.1253502033438771
0.6957831325301205,0.12525982828739268
0.6956303365143144,0.12516945323090828
0.6959798994974874,0.12516945323090828
0.6958270487682252,0.12507907817442385
0.6960241570206341,0.12498870311793944
0.6962216624685138,0.12489832806145504
0.6964195663136662,0.12480795300497063
0.6962663975782039,0.12471757794848622
0.696113074204947,0.12462720289200181
0.695959595959596,0.1245368278355174
0.6958059626073775,0.12444645277903299
0.6961577350859454,0.12444645277903299
0.6960040465351542,0.12435607772254857
0.6958502024291497,0.12426570266606417
0.6956962025316455,0.12417532760957975
0.6960486322188449,0.12417532760957975
0.6962474645030426,0.12408495255309535
0.6960933536276002,0.12399457749661094
0.6959390862944163,0.12390420244012652
0.6961382113821138,0.12381382738364212
0.6959837315709202,0.1237234523271577
0.6958290946083419,0.1236330772706733
0.6956743002544529,0.12354270221418888
0.6960285132382892,0.12354270221418888
0.69587366276108,0.12345232715770448
0.6960734319224885,0.12336195210122006
0.6959183673469388,0.12327157704473565
0.6957631444614599,0.12318120198825125
0.6956077630234934,0.12309082693176683
0.6954522227899846,0.12300045187528243
0.6956521739130435,0.12291007681879801
0.695496417604913,0.1228197017623136
0.695852534562212,0.1228197017623136
0.6956967213114754,0.12272932670582919
0.6955407483341876,0.12263895164934478
0.6957414058491534,0.12254857659286036
0.6959424756034925,0.12245820153637596
0.6957862281603289,0.12236782647989156
0.6961439588688946,0.12236782647989156
0.6963458569222851,0.12227745142340714
0.6965481710458526,0.12218707636692273
0.6967509025270758,0.12209670131043832
0.6969540526587507,0.12200632625395391
0.697157622739018,0.1219159511974695
0.6973616140713916,0.12182557614098509
0.6975660279647851,0.12173520108450067
0.6974093264248704,0.12164482602801627
0.6972524624157594,0.12155445097153186
0.6970954356846473,0.12146407591504745
0.6969382459782044,0.12137370085856304
0.6967808930425753,0.12128332580207862
0.696985446985447,0.12119295074559422
0.6968278731149246,0.1211025756891098
0.6970327954190526,0.1210122006326254
0.696875,0.12092182557614098
0.6972381448671183,0.12092182557614098
0.6970802919708029,0.12083145051965657
0.6969222743870631,0.12074107546317217
0.6967640918580376,0.12065070040668775
0.6966057441253264,0.12056032535020335
0.6968112911657083,0.12046995029371893
0.696652719665272,0.12037957523723453
0.6970172684458399,0.12037957523723453
0.6968586387434555,0.12028920018075011
0.6966998428496595,0.1201988251242657
0.6969061352910331,0.12010845006778129
0.6967471143756558,0.12001807501129688
0.6965879265091863,0.11992769995481248
0.6967945349448239,0.11983732489832806
0.6966351209253417,0.11974694984184366
0.6964755391899,0.11965657478535924
0.6968421052631579,0.11965657478535924
0.6970495258166491,0.11956619972887483
0.6968898260411176,0.11947582467239042
0.6970976253298153,0.11938544961590601
0.6969376979936642,0.1192950745594216
0.6967776016904385,0.11920469950293719
0.6966173361522199,0.11911432444645279
0.6968253968253968,0.11902394938996837
0.6970338983050848,0.11893357433348396
0.6970822281167108,0.11875282422051514
0.6972915560276155,0.11866244916403072
0.6975013290802764,0.11857207410754632
0.6973404255319149,0.1184816990510619
0.6971793507184673,0.1183913239945775
0.6970181043663471,0.11830094893809309
0.6968566862013852,0.11821057388160867
0.6966950959488273,0.11812019882512427
0.6969050160085379,0.11802982376863985
0.6971153846153846,0.11793944871215545
0.6969535008017104,0.11784907365567103
0.6971642589620117,0.11775869859918663
0.6975374732334048,0.11775869859918663
0.6973754686663096,0.11766832354270221
0.6977491961414791,0.11766832354270221
0.6975871313672922,0.1175779484862178
0.6974248927038627,0.1174875734297334
0.6976369495166488,0.11739719837324898
0.6978494623655914,0.11730682331676458
0.6980624327233584,0.11721644826028016
0.6982758620689655,0.11712607320379576
0.6981132075471698,0.11703569814731134
0.6984897518878102,0.11703569814731134
0.6988667026443605,0.11703569814731134
0.6987041036717062,0.11694532309082693
0.6985413290113452,0.11685494803434252
0.6983783783783784,0.11676457297785811
0.6982152514872905,0.1166741979213737
0.6984298863021116,0.11658382286488929
0.6982665222101841,0.11649344780840488
0.6981029810298103,0.11640307275192047
0.6979392624728851,0.11631269769543606
0.6977753662506783,0.11622232263895164
0.6979902227050516,0.11613194758246724
0.6982055464926591,0.11604157252598282
0.6980413492927094,0.11595119746949842
0.6982570806100218,0.11586082241301401
0.6980926430517711,0.1157704473565296
0.6983087834151664,0.11568007230004519
0.6981441048034934,0.11558969724356077
0.6983606557377049,0.11549932218707637
0.6981957353745216,0.11540894713059195
0.6984126984126984,0.11531857207410755
0.6982475355969332,0.11522819701762313
0.6984649122807017,0.11513782196113873
0.6982995063082831,0.11504744690465432
0.6986827661909989,0.11504744690465432
0.6989010989010989,0.1149570718481699
0.6987355689939527,0.1148666967916855
0.6989543203082004,0.11477632173520108
0.6993392070484582,0.11477632173520108
0.6991735537190082,0.11468594667871668
0.6990077177508269,0.11459557162223226
0.6992273730684326,0.11450519656574785
0.6994475138121546,0.11441482150926344
0.6996681415929203,0.11432444645277903
0.6998892580287929,0.11423407139629463
0.700110864745011,0.11414369633981021
0.6999445368829729,0.1140533212833258
0.6997780244173141,0.11396294622684139
0.7,0.11387257117035698
0.7002224694104561,0.11378219611387257
0.700445434298441,0.11369182105738816
0.7002785515320334,0.11360144600090374
0.7005019520356943,0.11351107094441934
0.7007258514796203,0.11342069588793494
0.7005586592178771,0.11333032083145052
0.7007829977628636,0.11323994577496611
0.7010078387458006,0.1131495707184817
0.7012331838565022,0.11305919566199729
0.7010656197420079,0.11296882060551287
0.7014590347923682,0.11296882060551287
0.7016853932584269,0.11287844554902847
0.7019122609673791,0.11278807049254405
0.7021396396396397,0.11269769543605965
0.7025352112676057,0.11269769543605965
0.7023675310033822,0.11260732037957524
0.7021996615905245,0.11251694532309083
0.7024280067758328,0.11242657026660642
0.7026568682871679,0.112336195210122
0.7028862478777589,0.1122458201536376
0.7031161473087819,0.11215544509715318
0.7029478458049887,0.11206507004066878
0.7031782065834279,0.11197469498418436
0.7034090909090909,0.11188431992769995
0.7032404775440592,0.11179394487121555
0.7030716723549488,0.11170356981473113
0.7029026750142288,0.11161319475824673
0.7027334851936219,0.11152281970176231
0.7029646522234891,0.1114324446452779
0.7027952082144895,0.11134206958879349
0.7026255707762558,0.11125169453230908
0.703026841804683,0.11125169453230908
0.7028571428571428,0.11116131947582467
0.7026872498570612,0.11107094441934026
0.7025171624713958,0.11098056936285586
0.7023468803663423,0.11089019430637144
0.7025787965616046,0.11079981924988704
0.7028112449799196,0.11070944419340262
0.7026406429391504,0.11061906913691821
0.7024698449167145,0.1105286940804338
0.7022988505747126,0.11043831902394939
0.7021276595744681,0.11034794396746497
0.7023603914795624,0.11025756891098057
0.7025936599423631,0.11016719385449616
0.7024221453287197,0.11007681879801175
0.7022504327755338,0.10998644374152734
0.7020785219399538,0.10989606868504292
0.7019064124783362,0.10980569362855852
0.7017341040462428,0.1097153185720741
0.7019675925925926,0.1096249435155897
0.7017950202663579,0.10953456845910528
0.7020289855072464,0.10944419340262088
0.702263493905978,0.10935381834613647
0.7020905923344948,0.10926344328965205
0.7023255813953488,0.10917306823316765
0.702152414194299,0.10908269317668323
0.7023878858474083,0.10899231812019883
0.7022144522144522,0.10890194306371441
0.7020408163265306,0.10881156800723
0.702276707530648,0.10872119295074559
0.7021028037383178,0.10863081789426118
0.7023391812865497,0.10854044283777678
0.7021650087770626,0.10845006778129236
0.7024018746338606,0.10835969272480796
0.7022274325908558,0.10826931766832354
0.7020527859237536,0.10817894261183914
0.7022900763358778,0.10808856755535472
0.7021151586368978,0.10799819249887031
0.7023529411764706,0.1079078174423859
0.7025912838633687,0.10781744238590149
0.7024160282852092,0.10772706732941709
0.7022405660377359,0.10763669227293267
0.7020648967551623,0.10754631721644826
0.7018890200708382,0.10745594215996385
0.7017129356172475,0.10736556710347944
0.7015366430260047,0.10727519204699502
0.7013601419278533,0.10718481699051062
0.7011834319526628,0.1070944419340262
0.7014218009478673,0.1070040668775418
0.7018375815056312,0.1070040668775418
0.7016607354685647,0.1069136918210574
0.7014836795252225,0.10682331676457298
0.7013064133016627,0.10673294170808857
0.7015457788347206,0.10664256665160415
0.7017857142857142,0.10655219159511975
0.7020262216924911,0.10646181653863533
0.7018485390578414,0.10637144148215093
0.7016706443914081,0.10628106642566651
0.7019115890083633,0.1061906913691821
0.7017334130304842,0.1061003163126977
0.7015550239234449,0.10600994125621328
0.7017964071856287,0.10591956619972888
0.7020383693045563,0.10582919114324446
0.7018596280743852,0.10573881608676006
0.7016806722689075,0.10564844103027564
0.7015015015015015,0.10555806597379123
0.7013221153846154,0.10546769091730682
0.7015643802647413,0.10537731586082241
0.7018072289156626,0.10528694080433801
0.7020506634499397,0.10519656574785359
0.7018708509354254,0.10510619069136919
0.7016908212560387,0.10501581563488477
0.7015105740181269,0.10492544057840036
0.7017543859649122,0.10483506552191595
0.7019987886129618,0.10474469046543154
0.7022437841115827,0.10465431540894712
0.7020631067961165,0.10456394035246272
0.7018822100789314,0.10447356529597832
0.7017010935601458,0.1043831902394939
0.7019464720194647,0.1042928151830095
0.7021924482338612,0.10420244012652508
0.7020109689213894,0.10411206507004067
0.7018292682926829,0.10402169001355625
0.701647345942648,0.10393131495707185
0.7014652014652014,0.10384093990058743
0.7012828344532682,0.10375056484410303
0.7015290519877676,0.10366018978761862
0.7013463892288861,0.1035698147311342
0.7011635027556644,0.1034794396746498
0.7014101778050276,0.10338906461816538
0.7012269938650306,0.10329868956168098
0.7014742014742015,0.10320831450519656
0.7012907191149355,0.10311793944871216
0.7011070110701108,0.10302756439222774
0.7015384615384616,0.10302756439222774
0.7013546798029556,0.10293718933574333
0.7016029593094945,0.10284681427925893
0.7014188772362739,0.10275643922277451
0.7012345679012346,0.10266606416629011
0.7010500308832612,0.10257568910980569
0.7008652657601978,0.10248531405332129
0.7006802721088435,0.10239493899683687
0.7009287925696595,0.10230456394035246
0.7011779293242405,0.10221418888386805
0.7009925558312655,0.10212381382738364
0.7008069522036002,0.10203343877089924
0.7010565568676196,0.10194306371441482
0.7008706467661692,0.10185268865793042
0.701120797011208,0.101762313601446
0.7013715710723192,0.1016719385449616
0.7016229712858927,0.10158156348847718
0.701875,0.10149118843199277
0.7021276595744681,0.10140081337550835
0.7023809523809523,0.10131043831902395
0.7021943573667712,0.10122006326253954
0.7024482109227872,0.10112968820605513
0.7027027027027027,0.10103931314957072
0.7025157232704402,0.1009489380930863
0.7027707808564232,0.1008585630366019
0.702583490863264,0.10076818798011748
0.7028391167192429,0.10067781292363308
0.7030953885028427,0.10058743786714866
0.7029077117572693,0.10049706281066426
0.702719797596458,0.10040668775417985
0.7025316455696202,0.10031631269769543
0.7023432552248259,0.10022593764121103
0.7021546261089987,0.10013556258472661
0.7024111675126904,0.10004518752824221
0.7022222222222222,0.09995481247175779
0.7024793388429752,0.09986443741527339
0.7022900763358778,0.09977406235878897
0.7021005728835137,0.09968368730230456
0.7019108280254777,0.09959331224582016
0.7023581899298916,0.09959331224582016
0.7026164645820038,0.09950293718933574
0.70242656449553,0.09941256213285134
0.7028753993610224,0.09941256213285134
0.7033248081841432,0.09941256213285134
0.7031349968010236,0.09932218707636692
0.7029449423815621,0.09923181201988251
0.7027546444586803,0.0991414369633981
0.7030147530468249,0.09905106190691369
0.7032755298651252,0.09896068685042927
0.7030848329048843,0.09887031179394487
0.7033462033462033,0.09877993673746047
0.7036082474226805,0.09868956168097605
0.7038709677419355,0.09859918662449164
0.7036797934151066,0.09850881156800723
0.7039431157078216,0.09841843651152282
0.7042071197411003,0.0983280614550384
0.7044718081659106,0.098237686398554
0.7042801556420234,0.09814731134206958
0.7045454545454546,0.09805693628558518
0.7048114434330299,0.09796656122910077
0.705078125,0.09787618617261636
0.704885993485342,0.09778581111613195
0.7051532941943901,0.09769543605964753
0.7049608355091384,0.09760506100316313
0.7047681254082299,0.09751468594667871
0.7050359712230215,0.09742431089019431
0.7053045186640472,0.09733393583370989
0.7055737704918033,0.09724356077722549
0.7053805774278216,0.09715318572074108
0.7056504599211564,0.09706281066425666
0.705456936226167,0.09697243560777226
0.7057274522712311,0.09688206055128784
0.7055335968379447,0.09679168549480344
0.7053394858272907,0.09670131043831902
0.7051451187335093,0.09661093538183461
0.7054161162483488,0.0965205603253502
0.70522141440846,0.09643018526886579
0.705026455026455,0.09633981021238139
0.7048312375909993,0.09624943515589697
0.7051027170311465,0.09615906009941257
0.7053749170537492,0.09606868504292815
0.7051792828685259,0.09597830998644374
0.704983388704319,0.09588793492995933
0.7052561543579507,0.09579755987347492
0.7050599201065246,0.0957071848169905
0.7048634243837442,0.0956168097605061
0.7046666666666667,0.0955264347040217
0.704469646430954,0.09543605964753728
0.7042723631508678,0.09534568459105287
0.7045454545454546,0.09525530953456846
0.7043478260869566,0.09516493447808405
0.7041499330655957,0.09507455942159963
0.7044235924932976,0.09498418436511523
0.7046979865771812,0.09489380930863081
0.7049731182795699,0.0948034342521464
0.7047747141896435,0.094713059195662
0.7052489905787349,0.094713059195662
0.705050505050505,0.09462268413917758
0.7048517520215634,0.09453230908269318
0.7051282051282052,0.09444193402620876
0.7049291019581364,0.09435155896972436
0.7052062204192021,0.09426118391323994
0.7054840893703453,0.09417080885675554
0.7052845528455285,0.09408043380027112
0.7050847457627119,0.09399005874378671
0.7053632043448744,0.09389968368730231
0.7056424201223658,0.09380930863081789
0.7054421768707483,0.09371893357433349
0.7057220708446866,0.09362855851784907
0.7060027285129604,0.09353818346136467
0.7062841530054644,0.09344780840488025
0.7065663474692202,0.09335743334839584
0.7068493150684931,0.09326705829191144
0.706648389307745,0.09317668323542702
0.7071330589849109,0.09317668323542702
0.7069320521619766,0.09308630817894262
0.7074175824175825,0.09308630817894262
0.7072164948453609,0.0929959331224582
0.7070151306740028,0.0929055580659738
0.7068134893324157,0.09281518300948938
0.7066115702479339,0.09272480795300497
0.7068965517241379,0.09263443289652055
0.7071823204419889,0.09254405784003615
0.7069799585348998,0.09245368278355175
0.706777316735823,0.09236330772706733
0.7065743944636678,0.09227293267058292
0.7068607068607069,0.0921825576140985
0.7066574202496533,0.0920921825576141
0.7064538514920194,0.09200180750112968
0.70625,0.09191143244464528
0.7065368567454798,0.09182105738816086
0.7068245125348189,0.09173068233167646
0.7066202090592334,0.09164030727519205
0.7071129707112971,0.09164030727519205
0.7069085833914864,0.09154993221870764
0.7067039106145251,0.09145955716222323
0.7071977638015374,0.09145955716222323
0.706993006993007,0.09136918210573881
0.7072829131652661,0.09127880704925441
0.7070777855641205,0.09118843199276999
0.7068723702664796,0.09109805693628559
0.7071629213483146,0.09100768187980117
0.7069571328179901,0.09091730682331677
0.7072484166080225,0.09082693176683236
0.7070422535211267,0.09073655671034794
0.7073342736248237,0.09064618165386354
0.7076271186440678,0.09055580659737912
0.7074204946996466,0.09046543154089472
0.7072135785007072,0.0903750564844103
0.7070063694267515,0.0902846814279259
0.7067988668555241,0.09019430637144148
0.7065910701630049,0.09010393131495707
0.7063829787234043,0.09001355625847267
0.7061745919091554,0.08992318120198825
0.7064676616915423,0.08983280614550385
0.7062588904694168,0.08974243108901943
0.706049822064057,0.08965205603253502
0.7058404558404558,0.0895616809760506
0.7061340941512125,0.0894713059195662
0.7064285714285714,0.08938093086308178
0.7067238912732475,0.08929055580659738
0.7065139584824625,0.08920018075011298
0.7063037249283668,0.08910980569362856
0.706599713055954,0.08901943063714415
0.7068965517241379,0.08892905558065974
0.7071942446043166,0.08883868052417533
0.707492795389049,0.08874830546769091
0.7072819033886085,0.08865793041120651
0.7077922077922078,0.08865793041120651
0.708092485549133,0.08856755535472209
0.707881417208966,0.08847718029823769
0.7076700434153401,0.08838680524175328
0.7074583635047067,0.08829643018526886
0.7077592458303118,0.08820605512878446
0.7075471698113207,0.08811568007230004
0.7078488372093024,0.08802530501581564
0.7081513828238719,0.08793492995933122
0.7079388201019665,0.08784455490284682
0.7082421590080233,0.0877541798463624
0.7087591240875912,0.0877541798463624
0.7085463842220598,0.087663804789878
0.7083333333333334,0.08757342973339359
0.7081199707388441,0.08748305467690917
0.7086383601756955,0.08748305467690917
0.7084249084249085,0.08739267962042477
0.7087307410124725,0.08730230456394035
0.7090374724467303,0.08721192950745595
0.7088235294117647,0.08712155445097153
0.7086092715231788,0.08703117939448712
0.7089167280766396,0.0869408043380027
0.7092250922509226,0.0868504292815183
0.7090103397341211,0.0867600542250339
0.709319526627219,0.08666967916854948
0.7091043671354552,0.08657930411206508
0.7094143810229799,0.08648892905558066
0.7091988130563798,0.08639855399909625
0.7095096582466568,0.08630817894261184
0.7092936802973978,0.08621780388612743
0.7090773809523809,0.08612742882964301
0.7093889716840537,0.08603705377315861
0.7097014925373134,0.0859466787166742
0.7100149476831091,0.08585630366018979
0.7103293413173652,0.08576592860370538
0.7101123595505618,0.08567555354722096
0.7106446776611695,0.08567555354722096
0.7104276069017255,0.08558517849073656
0.7102102102102102,0.08549480343425214
0.7105263157894737,0.08540442837776774
0.7108433734939759,0.08531405332128332
0.7111613876319759,0.08522367826479892
0.7116981132075472,0.08522367826479892
0.7114803625377644,0.08513330320831451
0.7118003025718608,0.0850429281518301
0.7115821347464042,0.08495255309534569
0.7119029567854435,0.08486217803886127
0.7116843702579666,0.08477180298237687
0.7114654517843584,0.08468142792589245
0.7112462006079028,0.08459105286940805
0.7115677321156774,0.08450067781292363
0.7113480578827114,0.08441030275643922
0.7111280487804879,0.08431992769995482
0.7114503816793893,0.0842295526434704
0.7112299465240641,0.084139177586986
0.7117737003058104,0.084139177586986
0.7115531752104055,0.08404880253050158
0.7120980091883614,0.08404880253050158
0.7118773946360153,0.08395842747401717
0.7116564417177914,0.08386805241753276
0.7122026093630084,0.08386805241753276
0.7119815668202765,0.08377767736104835
0.7117601844734819,0.08368730230456393
0.7115384615384616,0.08359692724807953
0.7113163972286374,0.08350655219159513
0.7110939907550077,0.08341617713511071
0.7114197530864198,0.0833258020786263
0.7111969111969112,0.08323542702214189
0.7109737248840804,0.08314505196565748
0.7113003095975232,0.08305467690917306
0.7110766847405112,0.08296430185268866
0.7114041892940264,0.08287392679620424
0.7117327117327117,0.08278355173971984
0.7115085536547434,0.08269317668323543
0.711284046692607,0.08260280162675102
0.7116134060795012,0.08251242657026661
0.7113884555382215,0.0824220515137822
0.711943793911007,0.0824220515137822
0.71171875,0.08233167645729779
0.7114933541829555,0.08224130140081337
0.711824588880188,0.08215092634432897
0.7115987460815048,0.08206055128784455
0.7113725490196079,0.08197017623136015
0.7111459968602826,0.08187980117487574
0.7109190887666929,0.08178942611839132
0.710691823899371,0.08169905106190692
0.7104642014162077,0.0816086760054225
0.710236220472441,0.0815183009489381
0.7100078802206462,0.08142792589245368
0.7097791798107256,0.08133755083596927
0.7095501183898973,0.08124717577948486
0.7098814229249012,0.08115680072300045
0.7104430379746836,0.08115680072300045
0.7102137767220903,0.08106642566651605
0.7105471847739889,0.08097605061003163
0.7103174603174603,0.08088567555354723
0.710087370929309,0.08079530049706281
0.7098569157392687,0.0807049254405784
0.7101910828025477,0.08061455038409399
0.7099601593625497,0.08052417532760958
0.7097288676236044,0.08043380027112516
0.7094972067039106,0.08034342521464076
0.7092651757188498,0.08025305015815636
0.709832134292566,0.08025305015815636
0.7096,0.08016267510167194
0.7093674939951962,0.08007230004518753
0.7091346153846154,0.07998192498870312
0.709470304975923,0.07989154993221871
0.7098070739549839,0.0798011748757343
0.7095736122284795,0.07971079981924989
0.7093397745571659,0.07962042476276547
0.7096774193548387,0.07953004970628107
0.7094430992736077,0.07943967464979666
0.7092084006462036,0.07934929959331224
0.7089733225545675,0.07925892453682784
0.7093117408906883,0.07916854948034342
0.7090761750405187,0.07907817442385902
0.7094155844155844,0.0789877993673746
0.7091795288383428,0.0788974243108902
0.709519934906428,0.07880704925440578
0.7098614506927465,0.07871667419792137
0.7096247960848288,0.07862629914143697
0.7099673202614379,0.07853592408495255
0.7097301717089125,0.07844554902846815
0.70949263502455,0.07835517397198373
0.7092547092547092,0.07826479891549933
0.7090163934426229,0.07817442385901491
0.7087776866283839,0.0780840488025305
0.7091207888249794,0.07799367374604609
0.7094650205761317,0.07790329868956168
0.7092257001647446,0.07781292363307728
0.7089859851607585,0.07772254857659286
0.7093311312964492,0.07763217352010846
0.7090909090909091,0.07754179846362404
0.7088502894954508,0.07745142340713963
0.7086092715231788,0.07736104835065521
0.7089552238805971,0.07727067329417081
0.7093023255813954,0.07718029823768639
0.7096505823627288,0.07708992318120199
0.7094088259783514,0.07699954812471758
0.7091666666666666,0.07690917306823317
0.7097581317764804,0.07690917306823317
0.7095158597662772,0.07681879801174876
0.709866220735786,0.07672842295526434
0.7096234309623431,0.07663804789877994
0.7099748533109808,0.07654767284229552
0.709731543624161,0.07645729778581112
0.709487825356843,0.0763669227293267
0.7098402018502944,0.0762765476728423
0.7095959595959596,0.07618617261635789
0.7099494097807757,0.07609579755987347
0.7097046413502109,0.07600542250338907
0.7094594594594594,0.07591504744690465
0.7092138630600169,0.07582467239042025
0.7095681625740897,0.07573429733393583
0.7093220338983051,0.07564392227745143
0.7096774193548387,0.07555354722096701
0.7094307561597282,0.0754631721644826
0.7097872340425532,0.0753727971079982
0.7095400340715503,0.07528242205151378
0.7092924126172208,0.07519204699502938
0.7090443686006825,0.07510167193854496
0.7087959009393681,0.07501129688206055
0.7085470085470086,0.07492092182557614
0.7082976903336184,0.07483054676909173
0.7086546700942588,0.07474017171260731
0.7090128755364807,0.07464979665612291
0.7087628865979382,0.0745594215996385
0.708512467755804,0.07446904654315409
0.7088716623600344,0.07437867148666968
0.7086206896551724,0.07428829643018527
0.7089810017271158,0.07419792137370086
0.7087294727744166,0.07410754631721644
0.7084775086505191,0.07401717126073204
0.7082251082251082,0.07392679620424762
0.7085862966175195,0.07383642114776322
0.7089487402258905,0.07374604609127881
0.7093124456048738,0.0736556710347944
0.7090592334494773,0.07356529597830999
0.7094240837696335,0.07347492092182557
0.7091703056768559,0.07338454586534117
0.708916083916084,0.07329417080885675
0.7086614173228346,0.07320379575237235
0.7090271691498685,0.07311342069588793
0.7093942054433714,0.07302304563940352
0.7097625329815304,0.07293267058291912
0.7101321585903083,0.0728422955264347
0.7105030891438658,0.0727519204699503
0.7108753315649867,0.07266154541346588
0.7106194690265487,0.07257117035698148
0.7109929078014184,0.07248079530049706
0.7107364685004437,0.07239042024401265
0.7104795737122558,0.07230004518752824
0.7111111111111111,0.07230004518752824
0.7108540925266904,0.07220967013104383
0.7105966162065895,0.07211929507455943
0.7109723461195361,0.07202892001807501
0.7107142857142857,0.0719385449615906
0.7110912343470484,0.07184816990510619
0.7114695340501792,0.07175779484862178
0.7112107623318386,0.07166741979213737
0.7118491921005387,0.07166741979213737
0.7115902964959568,0.07157704473565296
0.711971197119712,0.07148666967916854
0.7117117117117117,0.07139629462268414
0.7120938628158845,0.07130591956619974
0.7118337850045167,0.07121554450971532
0.7115732368896925,0.07112516945323091
0.7119565217391305,0.0710347943967465
0.7123411978221416,0.07094441934026209
0.7120799273387829,0.07085404428377767
0.7118181818181818,0.07076366922729327
0.7115559599636033,0.07067329417080885
0.7123287671232876,0.07049254405784004
0.7127172918572735,0.07040216900135562
0.7133699633699634,0.07040216900135562
0.7131072410632447,0.07031179394487122
0.7134986225895317,0.0702214188883868
0.7138914443422263,0.0701310438319024
0.7136279926335175,0.07004066877541798
0.7133640552995392,0.06995029371893358
0.7130996309963099,0.06985991866244916
0.7134935304990758,0.06976954360596475
0.7132284921369103,0.06967916854948035
0.7136237256719185,0.06958879349299593
0.7133580705009277,0.06949841843651153
0.713091922005571,0.06940804338002711
0.7134883720930233,0.0693176683235427
0.7132216014897579,0.06922729326705829
0.7138863000931966,0.06922729326705829
0.7136194029850746,0.06913691821057388
0.7133520074696545,0.06904654315408947
0.7130841121495327,0.06895616809760506
0.7134831460674157,0.06886579304112066
0.7138836772983115,0.06877541798463624
0.7136150234741784,0.06868504292815183
0.7140169332079022,0.06859466787166742
0.7144203581526861,0.06850429281518301
0.7148253068932956,0.0684139177586986
0.7145557655954632,0.06832354270221419
0.7142857142857143,0.06823316764572977
0.7149621212121212,0.06823316764572977
0.715370018975332,0.06814279258924537
0.7150997150997151,0.06805241753276096
0.7157794676806084,0.06805241753276096
0.7155090390104663,0.06796204247627655
0.7159199237368923,0.06787166741979214
0.7156488549618321,0.06778129236330772
0.7160611854684512,0.06769091730682332
0.7167464114832536,0.06769091730682332
0.7164750957854407,0.0676005422503389
0.716203259827421,0.0675101671938545
0.7159309021113244,0.06741979213737008
0.7166186359269933,0.06741979213737008
0.7170356111645814,0.06732941708088568
0.7167630057803468,0.06723904202440127
0.7171814671814671,0.06714866696791685
0.7176015473887815,0.06705829191143245
0.7173281703775412,0.06696791685494803
0.7177497575169738,0.06687754179846363
0.7174757281553398,0.06678716674197921
0.717201166180758,0.0666967916854948
0.7169260700389105,0.06660641662901039
0.7173489278752436,0.06651604157252598
0.7170731707317073,0.06642566651604158
0.716796875,0.06633529145955716
0.7172211350293543,0.06624491640307276
0.7169441723800196,0.06615454134658834
0.7173699705593719,0.06606416629010393
0.7170923379174853,0.06597379123361952
0.7168141592920354,0.06588341617713511
0.7172413793103448,0.0657930411206507
0.7169625246548323,0.06570266606416629
0.7166831194471865,0.06561229100768189
0.7171117705242335,0.06552191595119747
0.7175421209117938,0.06543154089471306
0.7172619047619048,0.06534116583822865
0.7169811320754716,0.06525079078174424
0.7166998011928429,0.06516041572525982
0.7164179104477612,0.06507004066877542
0.7161354581673307,0.064979665612291
0.716566866267465,0.0648892905558066
0.7162837162837162,0.0647989154993222
0.716,0.06470854044283778
0.7157157157157157,0.06461816538635337
0.7161484453360081,0.06452779032986895
0.7158634538152611,0.06443741527338455
0.7155778894472362,0.06434704021690013
0.716012084592145,0.06425666516041573
0.7157258064516129,0.06416629010393131
0.715438950554995,0.0640759150474469
0.7151515151515152,0.0639855399909625
0.7148634984833164,0.06389516493447808
0.7152988855116514,0.06380478987799368
0.7150101419878296,0.06371441482150926
0.7154471544715447,0.06362403976502486
0.7158859470468432,0.06353366470854044
0.7163265306122449,0.06344328965205603
0.7160367722165475,0.06335291459557162
0.7164790174002047,0.06326253953908721
0.7169230769230769,0.06317216448260281
0.7166324435318275,0.06308178942611839
0.7170781893004116,0.06299141436963399
0.7175257731958763,0.06290103931314957
0.7179752066115702,0.06281066425666516
0.7184265010351967,0.06272028920018075
0.7188796680497925,0.06262991414369634
0.7185877466251298,0.06253953908721192
0.7182952182952183,0.06244916403072752
0.71875,0.06235878897424311
0.7184567257559958,0.0622684139177587
0.7181628392484343,0.062178038861274286
0.7186192468619247,0.062087663804789875
0.7190775681341719,0.06199728874830547
0.7187827911857293,0.06190691369182106
0.7184873949579832,0.06181653863533665
0.7181913774973712,0.06172616357885224
0.7178947368421053,0.061635788522367826
0.7175974710221286,0.061545413465883415
0.7180570221752904,0.061455038409399004
0.7185185185185186,0.06136466335291459
0.71898197242842,0.06127428829643018
0.7186836518046709,0.06118391323994578
0.7191489361702128,0.06109353818346137
0.7196162046908315,0.061003163126976956
0.7200854700854701,0.060912788070492545
0.7197860962566844,0.060822413014008134
0.7202572347266881,0.06073203795752372
0.7207303974221267,0.06064166290103931
0.7204301075268817,0.0605512878445549
0.7201291711517761,0.06046091278807049
0.7206040992448759,0.060370537731586085
0.721081081081081,0.060280162675101674
0.7207792207792207,0.06018978761861726
0.7212581344902386,0.06009941256213285
0.7209554831704669,0.06000903750564844
0.7206521739130435,0.05991866244916403
0.7211328976034859,0.05982828739267962
0.7216157205240175,0.05973791233619521
0.7221006564551422,0.0596475372797108
0.7225877192982456,0.05955716222322639
0.7222832052689352,0.05946678716674198
0.7227722772277227,0.05937641211025757
0.7224669603524229,0.05928603705377316
0.7221609702315325,0.05919566199728875
0.7226519337016575,0.05910528694080434
0.7223451327433629,0.059014911884319926
0.7220376522702104,0.058924536827835515
0.7217294900221729,0.058834161771351104
0.7214206437291898,0.0587437867148667
0.7219132369299222,0.05865341165838229
0.7224080267558528,0.05856303660189788
0.7220982142857143,0.05847266154541347
0.7225950782997763,0.058382286488929055
0.7222844344904815,0.058291911432444644
0.7227833894500562,0.05820153637596023
0.7224719101123596,0.05811116131947582
0.7221597300337458,0.05802078626299141
0.722972972972973,0.05802078626299141
0.7226606538895152,0.05793041120650701
0.7231638418079096,0.057840036150022596
0.7236693091732729,0.057749661093538185
0.7233560090702947,0.057659286037053774
0.7238636363636364,0.05756891098056936
0.7235494880546075,0.05747853592408495
0.7240592930444698,0.05738816086760054
0.7245714285714285,0.05729778581111613
0.7242562929061785,0.05720741075463172
0.7247706422018348,0.057117035698147314
0.725287356321839,0.0570266606416629
0.7249712313003452,0.05693628558517849
0.7246543778801844,0.05684591052869408
0.7251732101616628,0.05675553547220967
0.7256944444444444,0.05666516041572526
0.7262180974477959,0.05657478535924085
0.7259001161440186,0.05648441030275644
0.7264260768335273,0.056394035246272026
0.7261072261072261,0.05630366018978762
0.7257876312718786,0.05621328513330321
0.7254672897196262,0.0561229100768188
0.7259953161592506,0.05603253502033439
0.7265258215962441,0.05594215996384998
0.7270588235294118,0.055851784907365566
0.7275943396226415,0.055761409850881155
0.7272727272727273,0.055671034794396744
0.7269503546099291,0.05558065973791233
0.7266272189349112,0.05549028468142793
0.726303317535545,0.05539990962494352
0.727164887307236,0.05539990962494352
0.7268408551068883,0.05530953456845911
0.7273809523809524,0.055219159511974696
0.7270560190703218,0.055128784455490284
0.7267303102625299,0.05503840939900587
0.7272727272727273,0.05494803434252146
0.7278177458033573,0.05485765928603705
0.7274909963985594,0.05476728422955264
0.7280385078219013,0.054676909173068236
0.7285886610373945,0.054586534116583825
0.7282608695652174,0.054496159060099414
0.7288135593220338,0.054405784003615
0.7293689320388349,0.05431540894713059
0.7299270072992701,0.05422503389064618
0.7295980511571255,0.05413465883416177
0.7301587301587301,0.05404428377767736
0.7298288508557457,0.05395390872119295
0.7303921568627451,0.05386353366470854
0.730958230958231,0.05377315860822413
0.7306273062730627,0.05368278355173972
0.7302955665024631,0.05359240849525531
0.7308641975308642,0.0535020334387709
0.73053152039555,0.05341165838228649
0.7301980198019802,0.05332128332580208
0.7298636926889716,0.053230908269317666
0.7295285359801489,0.053140533212833255
0.7300995024875622,0.05305015815634885
0.7297633872976339,0.05295978309986444
0.7306733167082294,0.05295978309986444
0.7303370786516854,0.05286940804338003
0.73,0.05277903298689562
0.7305764411027569,0.052688657930411206
0.7302383939774153,0.052598282873926795
0.7298994974874372,0.052507907817442384
0.7295597484276729,0.05241753276095797
0.7292191435768262,0.05232715770447356
0.7288776796973518,0.05223678264798916
0.7297979797979798,0.05223678264798916
0.729456384323641,0.05214640759150475
0.730379746835443,0.05214640759150475
0.7313054499366286,0.05214640759150475
0.7309644670050761,0.052056032535020336
0.7315521628498728,0.051965657478535925
0.7312101910828025,0.051875282422051514
0.7308673469387755,0.0517849073655671
0.731457800511509,0.05169453230908269
0.7323943661971831,0.05169453230908269
0.732051282051282,0.05160415725259828
0.7326478149100257,0.05151378219611387
0.7323037323037324,0.051423407139629465
0.7319587628865979,0.051333032083145054
0.7329032258064516,0.051333032083145054
0.7335058214747736,0.05124265702666064
0.7331606217616581,0.05115228197017623
0.7337662337662337,0.05106190691369182
0.734375,0.05097153185720741
0.7340286831812256,0.050881156800723
0.7336814621409922,0.05079078174423859
0.7342931937172775,0.050700406687754176
0.7349081364829396,0.05061003163126977
0.7345597897503285,0.05051965657478536
0.7342105263157894,0.05042928151830095
0.7338603425559947,0.05033890646181654
0.7335092348284961,0.05024853140533213
0.7341269841269841,0.05015815634884772
0.7347480106100795,0.050067781292363306
0.7353723404255319,0.049977406235878895
0.7350199733688415,0.049887031179394484
0.7346666666666667,0.04979665612291008
0.7343124165554072,0.04970628106642567
0.733957219251337,0.04961590600994126
0.7345844504021448,0.049525530953456846
0.7352150537634409,0.049435155896972435
0.7348586810228802,0.049344780840488024
0.7345013477088949,0.04925440578400361
0.7351351351351352,0.0491640307275192
0.7347767253044655,0.04907365567103479
0.7354138398914518,0.04898328061455039
0.7350543478260869,0.048892905558065976
0.7346938775510204,0.048802530501581565
0.7353342428376535,0.048712155445097154
0.7359781121751026,0.04862178038861274
0.7356164383561644,0.04853140533212833
0.7352537722908093,0.04844103027564392
0.7359009628610729,0.04835065521915951
0.7369146005509641,0.04835065521915951
0.736551724137931,0.0482602801626751
0.7372060857538036,0.048169905106190694
0.7368421052631579,0.04807953004970628
0.7375,0.04798915499322187
0.7371349095966621,0.04789877993673746
0.7367688022284122,0.04780840488025305
0.7374301675977654,0.04771802982376864
0.737062937062937,0.04762765476728423
0.7366946778711485,0.04753727971079982
0.7363253856942497,0.047446904654315405
0.7369901547116737,0.047356529597831
0.7366197183098592,0.04726615454134659
0.7372881355932204,0.04717577948486218
0.7369165487977369,0.04708540442837777
0.7379603399433428,0.04708540442837777
0.7386363636363636,0.04699502937189336
0.7393162393162394,0.046904654315408946
0.74,0.046814279258924535
0.7406876790830945,0.046723904202440124
0.7403156384505022,0.04663352914595572
0.7410071942446043,0.04654315408947131
0.7406340057636888,0.0464527790329869
0.7413294797687862,0.046362403976502486
0.7409551374819102,0.046272028920018075
0.7416545718432511,0.046181653863533664
0.7412790697674418,0.04609127880704925
0.7409024745269287,0.04600090375056484
0.7405247813411079,0.04591052869408043
0.7401459854014598,0.04582015363759603
0.7408491947291361,0.045729778581111616
0.7419354838709677,0.045729778581111616
0.7415565345080763,0.045639403524627205
0.7411764705882353,0.045549028468142794
0.7407952871870398,0.04545865341165838
0.741506646971935,0.04536827835517397
0.7411242603550295,0.04527790329868956
0.7418397626112759,0.04518752824220515
0.7414561664190193,0.04509715318572074
0.7410714285714286,0.045006778129236334
0.7417910447761195,0.04491640307275192
0.7428998505231689,0.04491640307275192
0.7425149700598802,0.04482602801626751
0.7436281859070465,0.04482602801626751
0.7432432432432432,0.0447356529597831
0.7428571428571429,0.04464527790329869
0.7424698795180723,0.04455490284681428
0.743202416918429,0.04446452779032987
0.7439393939393939,0.04437415273384546
0.7435508345978755,0.044283777677361046
0.7442922374429224,0.04419340262087664
0.7439024390243902,0.04410302756439223
0.7446483180428135,0.04401265250790782
0.7442572741194488,0.04392227745142341
0.7438650306748467,0.043831902394939
0.7434715821812596,0.043741527338454586
0.7430769230769231,0.043651152281970175
0.7438271604938271,0.043560777225485764
0.7445820433436533,0.04347040216900135
0.7453416149068323,0.04338002711251695
0.744945567651633,0.04328965205603254
0.7445482866043613,0.04319927699954813
0.7457098283931357,0.04319927699954813
0.7464788732394366,0.043108901943063715
0.7472527472527473,0.043018526886579304
0.7480314960629921,0.04292815183009489
0.7476340694006309,0.04283777677361048
0.7472353870458136,0.04274740171712607
0.7480190174326465,0.04265702666064166
0.7476190476190476,0.042566651604157256
0.7472178060413355,0.042476276547672845
0.748006379585327,0.042385901491188434
0.7476038338658147,0.04229552643470402
0.7488,0.04229552643470402
0.7483974358974359,0.04220515137821961
0.7479935794542536,0.0421147763217352
0.747588424437299,0.04202440126525079
0.7483870967741936,0.04193402620876638
0.7479806138933764,0.04184365115228197
0.7475728155339806,0.04175327609579756
0.747163695299838,0.04166290103931315
0.7467532467532467,0.04157252598282874
0.747557003257329,0.04148215092634433
0.7471451876019576,0.04139177586985992
0.7479541734860884,0.04130140081337551
0.7475409836065574,0.0412110257568911
0.7471264367816092,0.041120650700406686
0.7467105263157895,0.041030275643922275
0.7475247524752475,0.04093990058743787
0.7483443708609272,0.04084952553095346
0.7495854063018242,0.04084952553095346
0.7491694352159468,0.04075915047446905
0.7487520798668885,0.04066877541798464
0.7495826377295493,0.040578400361500226
0.7491638795986622,0.040488025305015815
0.7487437185929648,0.040397650248531404
0.7483221476510067,0.04030727519204699
0.7491582491582491,0.04021690013556258
0.75,0.04012652507907818
0.7495769881556683,0.04003615002259377
0.7504244482173175,0.039945774966109356
0.75,0.039855399909624944
0.7508532423208191,0.03976502485314053
0.7504273504273504,0.03967464979665612
0.75,0.03958427474017171
0.7495711835334476,0.0394938996836873
0.7504302925989673,0.03940352462720289
0.75,0.039313149570718485
0.7495682210708118,0.039222774514234074
0.7504332755632582,0.03913239945774966
0.75,0.03904202440126525
0.7508710801393729,0.03895164934478084
0.7517482517482518,0.03886127428829643
0.7513134851138353,0.03877089923181202
0.7508771929824561,0.03868052417532761
0.7504393673110721,0.038590149118843196
0.75,0.03849977406235879
0.7495590828924162,0.03840939900587438
0.7491166077738516,0.03831902394938997
0.75,0.03822864889290556
0.7495559502664298,0.03813827383642115
0.750445632798574,0.03804789877993674
0.75,0.037957523723452326
0.7495527728085868,0.037867148666967915
0.7491039426523297,0.037776773610483504
0.748653500897666,0.0376863985539991
0.7482014388489209,0.03759602349751469
0.7490974729241877,0.03750564844103028
0.7486437613019892,0.037415273384545866
0.7495462794918331,0.037324898328061455
0.7490909090909091,0.037234523271577044
0.7486338797814208,0.03714414821509263
0.7495429616087751,0.03705377315860822
0.7504587155963303,0.03696339810212381
0.7513812154696132,0.03687302304563941
0.7509225092250923,0.036782647989154996
0.7518518518518519,0.036692272932670585
0.7527881040892194,0.036601897876186174
0.7523277467411545,0.03651152281970176
0.7518656716417911,0.03642114776321735
0.7514018691588785,0.03633077270673294
0.7523452157598499,0.03624039765024853
0.7532956685499058,0.03615002259376412
0.7542533081285444,0.036059647537279714
0.7552182163187856,0.0359692724807953
0.7561904761904762,0.03587889742431089
0.7571701720841301,0.03578852236782648
0.7567049808429118,0.03569814731134207
0.7562380038387716,0.03560777225485766
0.7572254335260116,0.03551739719837325
0.7567567567567568,0.035427022141888836
0.758220502901354,0.035427022141888836
0.7592233009708738,0.035336647085404425
0.7587548638132295,0.03524627202892002
0.759765625,0.03515589697243561
0.7607843137254902,0.0350655219159512
0.7618110236220472,0.03497514685946679
0.7613412228796844,0.03488477180298238
0.7623762376237624,0.034794396746497966
0.7634194831013916,0.034704021690013555
0.7629482071713147,0.034613646633529144
0.764,0.03452327157704473
0.7635270541082164,0.03443289652056033
0.7645875251509054,0.03434252146407592
0.7656565656565657,0.034252146407591506
0.7651821862348178,0.034161771351107095
0.766260162601626,0.034071396294622684
0.7657841140529531,0.03398102123813827
0.7668711656441718,0.03389064618165386
0.7679671457905544,0.03380027112516945
0.7690721649484537,0.03370989606868504
0.7701863354037267,0.033619521012200636
0.7697095435684648,0.033529145955716225
0.7692307692307693,0.033438770899231814
0.76875,0.0333483958427474
0.7698744769874477,0.03325802078626299
0.7693920335429769,0.03316764572977858
0.7705263157894737,0.03307727067329417
0.770042194092827,0.03298689561680976
0.7695560253699789,0.03289652056032535
0.7690677966101694,0.03280614550384094
0.7685774946921444,0.03271577044735653
0.7680851063829788,0.03262539539087212
0.767590618336887,0.03253502033438771
0.7670940170940171,0.0324446452779033
0.7665952890792291,0.03235427022141889
0.7660944206008584,0.03226389516493448
0.7672413793103449,0.032173520108450065
0.7667386609071274,0.032083145051965654
0.7662337662337663,0.03199276999548125
0.7673913043478261,0.03190239493899684
0.7668845315904139,0.03181201988251243
0.7663755458515283,0.03172164482602802
0.7675438596491229,0.031631269769543606
0.7670329670329671,0.031540894713059195
0.7682119205298014,0.031450519656574784
0.7676991150442478,0.03136014460009037
0.7671840354767184,0.03126976954360596
0.7666666666666667,0.031179394487121554
0.7678571428571429,0.031089019430637143
0.7690582959641256,0.030998644374152735
0.7685393258426966,0.030908269317668324
0.7680180180180181,0.030817894261183913
0.7674943566591422,0.030727519204699502
0.7687074829931972,0.03063714414821509
0.7681818181818182,0.030546769091730683
0.7676537585421412,0.030456394035246272
0.7688787185354691,0.03036601897876186
0.768348623853211,0.03027564392227745
0.7695852534562212,0.030185268865793043
0.76905311778291,0.03009489380930863
0.7685185185185185,0.03000451875282422
0.7679814385150812,0.02991414369633981
0.7692307692307693,0.0298237686398554
0.7704918032786885,0.02973339358337099
0.7717647058823529,0.02964301852688658
0.7712264150943396,0.02955264347040217
0.7706855791962175,0.029462268413917757
0.7701421800947867,0.02937189335743335
0.7695961995249406,0.02928151830094894
0.7690476190476191,0.029191143244464528
0.7684964200477327,0.029100768187980117
0.7679425837320574,0.029010393131495706
0.7673860911270983,0.028920018075011298
0.7692307692307693,0.028920018075011298
0.7686746987951807,0.028829643018526887
0.7681159420289855,0.028739267962042476
0.7694174757281553,0.028648892905558065
0.7688564476885644,0.028558517849073657
0.7682926829268293,0.028468142792589246
0.7677261613691931,0.028377767736104835
0.7671568627450981,0.028287392679620424
0.7665847665847666,0.028197017623136013
0.7660098522167488,0.028106642566651605
0.7654320987654321,0.028016267510167194
0.7667493796526055,0.027925892453682783
0.7661691542288557,0.027835517397198372
0.7655860349127181,0.027745142340713964
0.765,0.027654767284229553
0.7644110275689223,0.027564392227745142
0.7638190954773869,0.02747401717126073
0.7651515151515151,0.02738364211477632
0.766497461928934,0.027293267058291912
0.7659033078880407,0.0272028920018075
0.7672634271099744,0.02711251694532309
0.7686375321336761,0.02702214188883868
0.7700258397932817,0.02693176683235427
0.7694300518134715,0.02684139177586986
0.7688311688311689,0.02675101671938545
0.7702349869451697,0.02666064166290104
0.7696335078534031,0.026570266606416627
0.7710526315789473,0.02647989154993222
0.7704485488126649,0.02638951649344781
0.7698412698412699,0.026299141436963398
0.7712765957446809,0.026208766380478987
0.7733333333333333,0.026208766380478987
0.7727272727272727,0.02611839132399458
0.7721179624664879,0.026028016267510168
0.7735849056603774,0.025937641211025757
0.7750677506775068,0.025847266154541346
0.7744565217391305,0.025756891098056935
0.7759562841530054,0.025666516041572527
0.7753424657534247,0.025576140985088116
0.7768595041322314,0.025485765928603705
0.778393351800554,0.025395390872119294
0.7777777777777778,0.025305015815634886
0.7793296089385475,0.025214640759150475
0.7787114845938375,0.025124265702666064
0.7780898876404494,0.025033890646181653
0.7796610169491526,0.024943515589697242
0.78125,0.024853140533212834
0.7828571428571428,0.024762765476728423
0.7844827586206896,0.024672390420244012
0.7861271676300579,0.0245820153637596
0.7855072463768116,0.024491640307275193
0.7848837209302325,0.024401265250790782
0.7865497076023392,0.02431089019430637
0.7859237536656891,0.02422051513782196
0.7876106194690266,0.02413014008133755
0.7869822485207101,0.02403976502485314
0.7863501483679525,0.02394938996836873
0.7880597014925373,0.02385901491188432
0.7874251497005988,0.02376863985539991
0.7867867867867868,0.0236782647989155
0.786144578313253,0.02358788974243109
0.7854984894259819,0.02349751468594668
0.7872340425531915,0.023407139629462267
0.7865853658536586,0.02331676457297786
0.7859327217125383,0.02322638951649345
0.7852760736196319,0.023136014460009038
0.7846153846153846,0.023045639403524627
0.7839506172839507,0.022955264347040216
0.7832817337461301,0.022864889290555808
0.782608695652174,0.022774514234071397
0.7819314641744548,0.022684139177586986
0.78125,0.022593764121102575
0.780564263322884,0.022503389064618167
0.779874213836478,0.022413014008133756
0.7791798107255521,0.022322638951649345
0.7784810126582279,0.022232263895164934
0.7802547770700637,0.022141888838680523
0.782051282051282,0.022051513782196115
0.7838709677419354,0.021961138725711704
0.7857142857142857,0.021870763669227293
0.7850162866449512,0.021780388612742882
0.7843137254901961,0.021690013556258474
0.7836065573770492,0.021599638499774063
0.7828947368421053,0.021509263443289652
0.7847682119205298,0.02141888838680524
0.7840531561461794,0.02132851333032083
0.7859531772575251,0.021238138273836422
0.7878787878787878,0.02114776321735201
0.7898305084745763,0.0210573881608676
0.7891156462585034,0.02096701310438319
0.78839590443686,0.02087663804789878
0.7876712328767124,0.02078626299141437
0.7869415807560137,0.02069588793492996
0.7862068965517242,0.02060551287844555
0.7854671280276817,0.020515137821961137
0.7847222222222222,0.02042476276547673
0.7867132867132867,0.02033438770899232
0.7859649122807018,0.020244012652507908
0.7852112676056338,0.020153637596023496
0.7879858657243817,0.020153637596023496
0.7900355871886121,0.02006326253953909
0.7892857142857143,0.019972887483054678
0.7885304659498208,0.019882512426570267
0.7906137184115524,0.019792137370085856
0.7898550724637681,0.019701762313601445
0.7890909090909091,0.019611387257117037
0.7912087912087912,0.019521012200632626
0.7904411764705882,0.019430637144148215
0.7896678966789668,0.019340262087663804
0.7888888888888889,0.019249887031179396
0.7910447761194029,0.019159511974694985
0.7902621722846442,0.019069136918210574
0.7924528301886793,0.018978761861726163
0.7946768060836502,0.018888386805241752
0.7969348659003831,0.018798011748757344
0.7961538461538461,0.018707636692272933
0.7984496124031008,0.018617261635788522
0.7976653696498055,0.01852688657930411
0.796875,0.018436511522819703
0.796078431372549,0.018346136466335292
0.7952755905511811,0.01825576140985088
0.7944664031620553,0.01816538635336647
0.7936507936507936,0.01807501129688206
0.7928286852589641,0.01798463624039765
0.792,0.01789426118391324
0.7943548387096774,0.01780388612742883
0.7967479674796748,0.017713511070944418
0.7959183673469388,0.01762313601446001
0.7950819672131147,0.0175327609579756
0.7942386831275721,0.01744238590149119
0.7933884297520661,0.017352010845006777
0.7925311203319502,0.017261635788522366
0.7949790794979079,0.01717126073203796
0.7974683544303798,0.017080885675553548
0.7966101694915254,0.016990510619069137
0.7991452991452992,0.016900135562584725
0.7982832618025751,0.016809760506100318
0.8017241379310345,0.016809760506100318
0.8008658008658008,0.016719385449615907
0.8043478260869565,0.016719385449615907
0.8034934497816594,0.016629010393131496
0.8026315789473685,0.016538635336647085
0.801762114537445,0.016448260280162674
0.8044444444444444,0.016357885223678266
0.8035714285714286,0.016267510167193855
0.8026905829596412,0.016177135110709444
0.8054298642533937,0.016086760054225033
0.8045454545454546,0.015996384997740625
0.8036529680365296,0.015906009941256214
0.8064516129032258,0.015815634884771803
0.8055555555555556,0.015725259828287392
0.8046511627906977,0.01563488477180298
0.8037383177570093,0.015544509715318571
0.8066037735849056,0.015454134658834162
0.8095238095238095,0.015363759602349751
0.8086124401913876,0.015273384545865342
0.8076923076923077,0.01518300948938093
0.8067632850241546,0.015092634432896521
0.8058252427184466,0.01500225937641211
0.8048780487804879,0.0149118843199277
0.803921568627451,0.01482150926344329
0.806930693069307,0.014731134206958879
0.81,0.01464075915047447
0.8131313131313131,0.014550384093990058
0.8121827411167513,0.014460009037505649
0.8153846153846154,0.014369633981021238
0.8144329896907216,0.014279258924536829
0.8134715025906736,0.014188883868052417
0.8125,0.014098508811568006
0.8115183246073299,0.014008133755083597
0.8105263157894737,0.013917758698599186
0.8138297872340425,0.013827383642114777
0.8128342245989305,0.013737008585630366
0.8118279569892473,0.013646633529145956
0.8108108108108109,0.013556258472661545
0.8097826086956522,0.013465883416177136
0.8087431693989071,0.013375508359692725
0.8121546961325967,0.013285133303208314
0.8111111111111111,0.013194758246723904
0.8146067415730337,0.013104383190239493
0.8135593220338984,0.013014008133755084
0.8125,0.012923633077270673
0.8160919540229885,0.012833258020786264
0.815028901734104,0.012742882964301852
0.813953488372093,0.012652507907817443
0.8128654970760234,0.012562132851333032
0.8117647058823529,0.012471757794848621
0.8106508875739645,0.012381382738364212
0.8095238095238095,0.0122910076818798
0.8132530120481928,0.012200632625395391
0.8121212121212121,0.01211025756891098
0.8109756097560976,0.01201988251242657
0.8098159509202454,0.01192950745594216
0.808641975308642,0.01183913239945775
0.8125,0.01174875734297334
0.8164556962025317,0.01165838228648893
0.8205128205128205,0.011568007230004519
0.8193548387096774,0.011477632173520108
0.8235294117647058,0.011387257117035698
0.8223684210526315,0.011296882060551287
0.8211920529801324,0.011206507004066878
0.82,0.011116131947582467
0.8243243243243243,0.011025756891098058
0.8287671232876712,0.010935381834613647
0.8333333333333334,0.010845006778129237
0.8321678321678322,0.010754631721644826
0.8368794326241135,0.010664256665160415
0.841726618705036,0.010573881608676006
0.8467153284671532,0.010483506552191595
0.8455882352941176,0.010393131495707185
0.8444444444444444,0.010302756439222774
0.8432835820895522,0.010212381382738365
0.8421052631578947,0.010122006326253954
0.8396946564885496,0.009941256213285133
0.8384615384615385,0.009850881156800722
0.8372093023255814,0.009760506100316313
0.8359375,0.009670131043831902
0.8412698412698413,0.009579755987347493
0.84,0.009489380930863081
0.8455284552845529,0.009399005874378672
0.8512396694214877,0.009308630817894261
0.8571428571428571,0.009218255761409852
0.8559322033898306,0.00912788070492544
0.8547008547008547,0.00903750564844103
0.8608695652173913,0.00894713059195662
0.8596491228070176,0.008856755535472209
0.8660714285714286,0.0087663804789878
0.8648648648648649,0.008676005422503389
0.8636363636363636,0.00858563036601898
0.8623853211009175,0.008495255309534568
0.8611111111111112,0.008404880253050159
0.8598130841121495,0.008314505196565748
0.8584905660377359,0.008224130140081337
0.8571428571428571,0.008133755083596927
0.8557692307692307,0.008043380027112516
0.8543689320388349,0.007953004970628107
0.8529411764705882,0.007862629914143696
0.8514851485148515,0.007772254857659286
0.8585858585858586,0.0076818798011748755
0.8571428571428571,0.007591504744690465
0.8556701030927835,0.007501129688206055
0.8541666666666666,0.007410754631721645
0.8617021276595744,0.007320379575237235
0.8602150537634409,0.0072300045187528245
0.8681318681318682,0.007139629462268414
0.8666666666666667,0.007049254405784003
0.875,0.006958879349299593
0.8735632183908046,0.006868504292815183
0.8823529411764706,0.006778129236330773
0.8809523809523809,0.006687754179846362
0.8902439024390244,0.006597379123361952
0.8888888888888888,0.006507004066877542
0.8875,0.006416629010393132
0.8860759493670886,0.0063262539539087215
0.8846153846153846,0.0062358788974243105
0.8947368421052632,0.0061455038409399
0.9054054054054054,0.00605512878445549
0.9041095890410958,0.00596475372797108
0.9027777777777778,0.00587437867148667
0.9142857142857143,0.005784003615002259
0.9264705882352942,0.005693628558517849
0.9253731343283582,0.005603253502033439
0.9242424242424242,0.005512878445549029
0.9230769230769231,0.005422503389064619
0.921875,0.0053321283325802075
0.9354838709677419,0.005241753276095797
0.9344262295081968,0.005151378219611387
0.9333333333333333,0.005061003163126977
0.9322033898305084,0.004970628106642567
0.9310344827586207,0.0048802530501581565
0.9464285714285714,0.004789877993673746
0.9629629629629629,0.004699502937189336
0.9622641509433962,0.004609127880704926
0.9615384615384616,0.004518752824220515
0.9607843137254902,0.0044283777677361046
0.96,0.004338002711251694
0.9591836734693877,0.004247627654767284
0.9583333333333334,0.004157252598282874
0.9574468085106383,0.004066877541798464
0.9565217391304348,0.0039765024853140535
0.9555555555555556,0.003886127428829643
0.9545454545454546,0.0037957523723452327
0.9534883720930233,0.0037053773158608225
0.9523809523809523,0.0036150022593764122
0.975,0.0035246272028920016
0.9743589743589743,0.0034342521464075914
0.9736842105263158,0.003343877089923181
0.972972972972973,0.003253502033438771
0.9722222222222222,0.0031631269769543608
1.0,0.00307275192046995
1.0,0.00298237686398554
1.0,0.0028920018075011297
1.0,0.0028016267510167195
1.0,0.0027112516945323093
1.0,0.0026208766380478987
1.0,0.0025305015815634884
1.0,0.0024401265250790782
1.0,0.002349751468594668
1.0,0.0022593764121102574
1.0,0.002169001355625847
1.0,0.002078626299141437
1.0,0.0019882512426570268
1.0,0.0018978761861726163
1.0,0.0018075011296882061
1.0,0.0017171260732037957
1.0,0.0016267510167193855
1.0,0.001536375960234975
1.0,0.0014460009037505649
1.0,0.0013556258472661546
1.0,0.0012652507907817442
1.0,0.001174875734297334
1.0,0.0010845006778129236
1.0,0.0009941256213285134
1.0,0.0009037505648441031
1.0,0.0008133755083596927
1.0,0.0007230004518752824
1.0,0.0006326253953908721
1.0,0.0005422503389064618
1.0,0.00045187528242205153
1.0,0.0003615002259376412
1.0,0.0002711251694532309
1.0,0.0001807501129688206
1.0,9.03750564844103e-05
1.0,0.0
