fpr,tpr
0.0,0.0
0.0,9.03750564844103e-05
0.0,0.0001807501129688206
0.0005377307761247536,0.00045187528242205153
0.0005377307761247536,0.0005422503389064618
0.0010754615522495072,0.0008133755083596927
0.0012547051442910915,0.0009941256213285134
0.0012547051442910915,0.0010845006778129236
0.0016131923283742606,0.0013556258472661546
0.0016131923283742606,0.001536375960234975
0.001792435920415845,0.0017171260732037957
0.00197167951245743,0.0018075011296882061
0.002509410288582183,0.002169001355625847
0.002867897472665352,0.002349751468594668
0.002867897472665352,0.0025305015815634884
0.0030471410647069366,0.0028016267510167195
0.003226384656748521,0.0028920018075011297
0.003226384656748521,0.00298237686398554
0.0034056282487901057,0.00307275192046995
0.0034056282487901057,0.0031631269769543608
0.004122602616956444,0.0035246272028920016
0.004122602616956444,0.0036150022593764122
0.004481089801039613,0.0037957523723452327
0.004481089801039613,0.004157252598282874
0.004660333393081197,0.004338002711251694
0.005377307761247535,0.004699502937189336
0.00555655135328912,0.0048802530501581565
0.00555655135328912,0.004970628106642567
0.005735794945330704,0.005061003163126977
0.005735794945330704,0.005151378219611387
0.006094282129413873,0.0053321283325802075
0.006094282129413873,0.005422503389064619
0.006273525721455458,0.005512878445549029
0.006811256497580211,0.005784003615002259
0.006811256497580211,0.00587437867148667
0.00716974368166338,0.00605512878445549
0.007348987273704965,0.0061455038409399
0.0075282308657465494,0.0063262539539087215
0.00788671804982972,0.006507004066877542
0.008424448825954473,0.006778129236330773
0.008603692417996057,0.006868504292815183
0.008603692417996057,0.006958879349299593
0.008962179602079226,0.007139629462268414
0.009320666786162394,0.007320379575237235
0.009499910378203979,0.007591504744690465
0.010216884746370317,0.007953004970628107
0.010216884746370317,0.008043380027112516
0.01075461552249507,0.008314505196565748
0.01075461552249507,0.008404880253050159
0.011471589890661408,0.0087663804789878
0.011471589890661408,0.008856755535472209
0.012367807850869331,0.009308630817894261
0.012726295034952501,0.009489380930863081
0.012726295034952501,0.009670131043831902
0.01308478221903567,0.009850881156800722
0.013981000179243593,0.010302756439222774
0.01433948736332676,0.010483506552191595
0.01469797454740993,0.010664256665160415
0.014877218139451514,0.010845006778129237
0.015056461731493099,0.010935381834613647
0.015056461731493099,0.011116131947582467
0.015414948915576269,0.011296882060551287
0.015594192507617852,0.011387257117035698
0.015594192507617852,0.011477632173520108
0.015594192507617852,0.01165838228648893
0.016131923283742605,0.01192950745594216
0.016490410467825775,0.01211025756891098
0.01666965405986736,0.012200632625395391
0.016848897651908945,0.012381382738364212
0.016848897651908945,0.012471757794848621
0.01702814124395053,0.012562132851333032
0.017207384835992115,0.012742882964301852
0.017386628428033696,0.012833258020786264
0.017386628428033696,0.013014008133755084
0.017386628428033696,0.013194758246723904
0.017386628428033696,0.013285133303208314
0.018103602796200036,0.013646633529145956
0.018103602796200036,0.013737008585630366
0.01828284638824162,0.013827383642114777
0.018641333572324788,0.014008133755083597
0.018641333572324788,0.014098508811568006
0.018820577164366373,0.014279258924536829
0.018999820756407958,0.014550384093990058
0.019179064348449543,0.01464075915047447
0.019537551532532713,0.01482150926344329
0.019716795124574298,0.01500225937641211
0.020075282308657464,0.015273384545865342
0.02025452590069905,0.015544509715318571
0.020792256676823804,0.015906009941256214
0.021150743860906974,0.016086760054225033
0.021150743860906974,0.016357885223678266
0.02132998745294856,0.016538635336647085
0.02150923104499014,0.016809760506100318
0.021688474637031725,0.016900135562584725
0.021688474637031725,0.016990510619069137
0.022046961821114895,0.017261635788522366
0.022046961821114895,0.01744238590149119
0.022405449005198065,0.01762313601446001
0.022405449005198065,0.01789426118391324
0.02258469259723965,0.01816538635336647
0.02276393618928123,0.01825576140985088
0.022943179781322817,0.018436511522819703
0.0231224233733644,0.018888386805241752
0.0231224233733644,0.019159511974694985
0.023660154149489156,0.019430637144148215
0.02383939774153074,0.019611387257117037
0.024197884925613908,0.019792137370085856
0.024377128517655493,0.019972887483054678
0.024377128517655493,0.020153637596023496
0.024377128517655493,0.020244012652507908
0.024556372109697078,0.02042476276547673
0.024735615701738663,0.020515137821961137
0.024914859293780248,0.02069588793492996
0.024914859293780248,0.02078626299141437
0.025094102885821833,0.02087663804789878
0.025094102885821833,0.02114776321735201
0.025094102885821833,0.021238138273836422
0.025273346477863418,0.02132851333032083
0.025273346477863418,0.02141888838680524
0.025452590069905003,0.021599638499774063
0.025631833661946584,0.021690013556258474
0.02581107725398817,0.021961138725711704
0.025990320846029754,0.022051513782196115
0.02616956443807134,0.022232263895164934
0.026348808030112924,0.022322638951649345
0.026348808030112924,0.022593764121102575
0.026886538806237675,0.022864889290555808
0.02706578239827926,0.023045639403524627
0.02706578239827926,0.023136014460009038
0.02742426958236243,0.02331676457297786
0.02742426958236243,0.02349751468594668
0.02742426958236243,0.02358788974243109
0.027962000358487185,0.02385901491188432
0.02814124395052877,0.02394938996836873
0.02832048754257035,0.02413014008133755
0.02832048754257035,0.024401265250790782
0.028499731134611937,0.0245820153637596
0.028499731134611937,0.024762765476728423
0.028858218318695106,0.024943515589697242
0.02903746191073669,0.025124265702666064
0.02903746191073669,0.025576140985088116
0.029216705502778276,0.025666516041572527
0.029216705502778276,0.025847266154541346
0.02939594909481986,0.025937641211025757
0.029754436278903028,0.026208766380478987
0.029754436278903028,0.026299141436963398
0.030112923462986198,0.026570266606416627
0.030112923462986198,0.02666064166290104
0.030292167055027783,0.02675101671938545
0.030292167055027783,0.02702214188883868
0.030292167055027783,0.02738364211477632
0.030650654239110953,0.027564392227745142
0.030650654239110953,0.027654767284229553
0.030829897831152538,0.027745142340713964
0.030829897831152538,0.027835517397198372
0.03100914142319412,0.028016267510167194
0.031726115791360456,0.028377767736104835
0.03190535938340204,0.028558517849073657
0.03190535938340204,0.028739267962042476
0.032084602975443625,0.028829643018526887
0.032084602975443625,0.029010393131495706
0.032443090159526795,0.029191143244464528
0.032443090159526795,0.02937189335743335
0.03262233375156838,0.029462268413917757
0.03262233375156838,0.0298237686398554
0.032801577343609965,0.02991414369633981
0.032801577343609965,0.03000451875282422
0.032801577343609965,0.030185268865793043
0.03298082093565155,0.03036601897876186
0.03298082093565155,0.030727519204699502
0.03298082093565155,0.030908269317668324
0.033160064527693135,0.030998644374152735
0.033160064527693135,0.031089019430637143
0.033160064527693135,0.03126976954360596
0.033160064527693135,0.03136014460009037
0.03333930811973472,0.031631269769543606
0.03333930811973472,0.03172164482602802
0.033877038895859475,0.03199276999548125
0.033877038895859475,0.03262539539087212
0.034235526079942645,0.03280614550384094
0.034235526079942645,0.03307727067329417
0.03441476967198423,0.03316764572977858
0.03441476967198423,0.03325802078626299
0.03441476967198423,0.033438770899231814
0.03441476967198423,0.03398102123813827
0.03441476967198423,0.034161771351107095
0.03441476967198423,0.03452327157704473
0.03459401326402581,0.034613646633529144
0.03459401326402581,0.034704021690013555
0.03477325685606739,0.034794396746497966
0.03477325685606739,0.03497514685946679
0.03495250044810898,0.0350655219159512
0.03495250044810898,0.035427022141888836
0.03495250044810898,0.03560777225485766
0.03495250044810898,0.03569814731134207
0.03513174404015056,0.0359692724807953
0.03513174404015056,0.03651152281970176
0.03531098763219215,0.036601897876186174
0.03531098763219215,0.036692272932670585
0.03549023122423373,0.036782647989154996
0.03549023122423373,0.037324898328061455
0.0358487184083169,0.03750564844103028
0.03602796200035849,0.0376863985539991
0.03602796200035849,0.037867148666967915
0.03638644918444166,0.03804789877993674
0.03638644918444166,0.03831902394938997
0.03656569277648324,0.03840939900587438
0.03656569277648324,0.03868052417532761
0.037103423552608,0.03895164934478084
0.037282667144649576,0.03913239945774966
0.03746191073669116,0.039222774514234074
0.03746191073669116,0.039313149570718485
0.037641154328732745,0.03940352462720289
0.037641154328732745,0.0394938996836873
0.03782039792077433,0.03958427474017171
0.03782039792077433,0.03967464979665612
0.037999641512815915,0.03976502485314053
0.037999641512815915,0.04021690013556258
0.038358128696899085,0.040397650248531404
0.038358128696899085,0.04075915047446905
0.038358128696899085,0.04093990058743787
0.038358128696899085,0.041030275643922275
0.03853737228894067,0.041120650700406686
0.03853737228894067,0.04166290103931315
0.03889585947302384,0.04184365115228197
0.039075103065065425,0.04202440126525079
0.039075103065065425,0.0421147763217352
0.03925434665710701,0.04220515137821961
0.03925434665710701,0.042385901491188434
0.039433590249148595,0.042476276547672845
0.039433590249148595,0.04283777677361048
0.03961283384119018,0.04292815183009489
0.03961283384119018,0.043018526886579304
0.039792077433231765,0.043108901943063715
0.039792077433231765,0.043560777225485764
0.03997132102527334,0.043651152281970175
0.03997132102527334,0.043741527338454586
0.03997132102527334,0.04392227745142341
0.03997132102527334,0.04401265250790782
0.04015056461731493,0.04410302756439223
0.04015056461731493,0.044283777677361046
0.04032980820935651,0.04437415273384546
0.04032980820935651,0.04446452779032987
0.0405090518013981,0.04455490284681428
0.0405090518013981,0.04464527790329869
0.04140526976160602,0.04509715318572074
0.04140526976160602,0.04545865341165838
0.04158451335364761,0.045549028468142794
0.04158451335364761,0.04582015363759603
0.04176375694568919,0.04600090375056484
0.04176375694568919,0.046362403976502486
0.04212224412977236,0.04654315408947131
0.04212224412977236,0.04717577948486218
0.04248073131385553,0.047356529597831
0.04248073131385553,0.047446904654315405
0.04265997490589712,0.04753727971079982
0.04265997490589712,0.04780840488025305
0.042839218497938696,0.04789877993673746
0.042839218497938696,0.04807953004970628
0.04301846208998028,0.048169905106190694
0.04301846208998028,0.04844103027564392
0.04373543645814662,0.048802530501581565
0.04373543645814662,0.04907365567103479
0.04373543645814662,0.04925440578400361
0.04409392364222979,0.049435155896972435
0.04409392364222979,0.049887031179394484
0.044631654418354545,0.05015815634884772
0.044631654418354545,0.05024853140533213
0.04481089801039613,0.05033890646181654
0.04481089801039613,0.05042928151830095
0.044990141602437715,0.05061003163126977
0.044990141602437715,0.05097153185720741
0.0451693851944793,0.05115228197017623
0.0451693851944793,0.05124265702666064
0.04552787237856246,0.051423407139629465
0.04552787237856246,0.05160415725259828
0.04570711597060405,0.05169453230908269
0.04570711597060405,0.051875282422051514
0.04588635956264563,0.051965657478535925
0.04606560315468722,0.05223678264798916
0.0462448467467288,0.05232715770447356
0.0462448467467288,0.05241753276095797
0.04642409033877039,0.052598282873926795
0.04642409033877039,0.05277903298689562
0.04678257752285356,0.05295978309986444
0.04678257752285356,0.053140533212833255
0.04696182111489514,0.053230908269317666
0.04696182111489514,0.05332128332580208
0.04767879548306148,0.05368278355173972
0.04767879548306148,0.05377315860822413
0.04821652625918623,0.05404428377767736
0.04821652625918623,0.05413465883416177
0.0485750134432694,0.05431540894713059
0.048754257035310986,0.054496159060099414
0.04893350062735257,0.054586534116583825
0.04893350062735257,0.054676909173068236
0.049112744219394155,0.05476728422955264
0.04929198781143574,0.05494803434252146
0.04965047499551891,0.055128784455490284
0.04965047499551891,0.055219159511974696
0.049829718587560495,0.05530953456845911
0.049829718587560495,0.05549028468142793
0.05000896217960208,0.05558065973791233
0.05000896217960208,0.055671034794396744
0.050546692955726835,0.05594215996384998
0.050546692955726835,0.0561229100768188
0.05126366732389317,0.05648441030275644
0.05126366732389317,0.05657478535924085
0.05180139810001792,0.05684591052869408
0.05180139810001792,0.05693628558517849
0.05198064169205951,0.0570266606416629
0.05233912887614268,0.05720741075463172
0.05233912887614268,0.05747853592408495
0.05269761606022585,0.057659286037053774
0.05269761606022585,0.057840036150022596
0.05305610324430902,0.05802078626299141
0.05341459042839219,0.05820153637596023
0.05341459042839219,0.058291911432444644
0.05359383402043377,0.058382286488929055
0.05359383402043377,0.05847266154541347
0.053952321204516936,0.05865341165838229
0.053952321204516936,0.0587437867148667
0.05413156479655852,0.058834161771351104
0.05413156479655852,0.058924536827835515
0.054310808388600106,0.059014911884319926
0.054310808388600106,0.05910528694080434
0.054669295572683275,0.05928603705377316
0.054669295572683275,0.05937641211025757
0.055027782756766445,0.05955716222322639
0.055027782756766445,0.05991866244916403
0.055386269940849615,0.06009941256213285
0.0555655135328912,0.06018978761861726
0.0555655135328912,0.060370537731586085
0.05592400071697437,0.0605512878445549
0.05592400071697437,0.06064166290103931
0.05628248790105754,0.060822413014008134
0.05628248790105754,0.06109353818346137
0.056461731493099125,0.06118391323994578
0.056461731493099125,0.06136466335291459
0.0566409750851407,0.061455038409399004
0.0566409750851407,0.061545413465883415
0.05717870586126546,0.06181653863533665
0.05717870586126546,0.06190691369182106
0.05735794945330704,0.06199728874830547
0.05735794945330704,0.062087663804789875
0.05753719304534863,0.062178038861274286
0.05753719304534863,0.06235878897424311
0.05753719304534863,0.06244916403072752
0.05771643663739021,0.06262991414369634
0.05771643663739021,0.06272028920018075
0.05807492382147338,0.06290103931314957
0.05807492382147338,0.06299141436963399
0.05825416741351497,0.06308178942611839
0.05825416741351497,0.06317216448260281
0.05861265459759814,0.06335291459557162
0.05861265459759814,0.06344328965205603
0.05915038537372289,0.06371441482150926
0.05915038537372289,0.06389516493447808
0.05932962896576447,0.0639855399909625
0.059508872557806056,0.06416629010393131
0.05968811614984764,0.06425666516041573
0.05968811614984764,0.06434704021690013
0.059867359741889226,0.06443741527338455
0.059867359741889226,0.06470854044283778
0.06004660333393081,0.0647989154993222
0.06004660333393081,0.064979665612291
0.06112206488618032,0.06552191595119747
0.06112206488618032,0.06561229100768189
0.06148055207026349,0.0657930411206507
0.06148055207026349,0.06597379123361952
0.06201828284638824,0.06624491640307276
0.06201828284638824,0.06633529145955716
0.06219752643842982,0.06642566651604158
0.06219752643842982,0.06660641662901039
0.062556013622513,0.06678716674197921
0.062556013622513,0.06687754179846363
0.06291450080659616,0.06705829191143245
0.06291450080659616,0.06723904202440127
0.06327298799067933,0.06741979213737008
0.0636314751747625,0.0676005422503389
0.06452769313497042,0.06805241753276096
0.06470693672701201,0.06823316764572977
0.06506542391109518,0.0684139177586986
0.06506542391109518,0.06850429281518301
0.06524466750313676,0.06859466787166742
0.06524466750313676,0.06877541798463624
0.06524466750313676,0.06895616809760506
0.06542391109517835,0.06904654315408947
0.06542391109517835,0.07004066877541798
0.06578239827926152,0.0702214188883868
0.06578239827926152,0.07031179394487122
0.06578239827926152,0.07049254405784004
0.06614088546334468,0.07067329417080885
0.06614088546334468,0.07085404428377767
0.06649937264742785,0.0710347943967465
0.06649937264742785,0.07112516945323091
0.06685785983151102,0.07130591956619974
0.06685785983151102,0.07148666967916854
0.06757483419967736,0.07184816990510619
0.06775407779171895,0.07202892001807501
0.06793332138376053,0.07211929507455943
0.06793332138376053,0.07220967013104383
0.06811256497580212,0.07230004518752824
0.06811256497580212,0.07248079530049706
0.06847105215988529,0.07266154541346588
0.06847105215988529,0.0728422955264347
0.06882953934396846,0.07302304563940352
0.06936727012009321,0.07329417080885675
0.06954651371213479,0.07347492092182557
0.07008424448825955,0.07374604609127881
0.07008424448825955,0.07383642114776322
0.07026348808030113,0.07392679620424762
0.07026348808030113,0.07401717126073204
0.07044273167234272,0.07410754631721644
0.07044273167234272,0.07419792137370086
0.07098046244846747,0.07446904654315409
0.07098046244846747,0.0745594215996385
0.07187668040867538,0.07501129688206055
0.07187668040867538,0.07510167193854496
0.07223516759275855,0.07528242205151378
0.07223516759275855,0.0753727971079982
0.0740276035131744,0.0762765476728423
0.0740276035131744,0.0763669227293267
0.07582003943359025,0.07727067329417081
0.07582003943359025,0.07736104835065521
0.07599928302563183,0.07745142340713963
0.07599928302563183,0.07790329868956168
0.076357770209715,0.0780840488025305
0.076357770209715,0.07817442385901491
0.07653701380175659,0.07826479891549933
0.07653701380175659,0.07844554902846815
0.07707474457788134,0.07871667419792137
0.07707474457788134,0.07880704925440578
0.07725398816992292,0.0788974243108902
0.07725398816992292,0.0789877993673746
0.07743323176196451,0.07907817442385902
0.07743323176196451,0.07916854948034342
0.07815020613013085,0.07953004970628107
0.07815020613013085,0.07962042476276547
0.07832944972217243,0.07971079981924989
0.07832944972217243,0.07989154993221871
0.0786879369062556,0.08007230004518753
0.0786879369062556,0.08025305015815636
0.07886718049829719,0.08034342521464076
0.07886718049829719,0.08052417532760958
0.07922566768238036,0.0807049254405784
0.07922566768238036,0.08088567555354723
0.07940491127442194,0.08097605061003163
0.07940491127442194,0.08124717577948486
0.07958415486646353,0.08133755083596927
0.07958415486646353,0.0816086760054225
0.07994264205054669,0.08178942611839132
0.07994264205054669,0.08187980117487574
0.08012188564258828,0.08197017623136015
0.08012188564258828,0.08206055128784455
0.08048037282667145,0.08224130140081337
0.08048037282667145,0.08233167645729779
0.08065961641871303,0.0824220515137822
0.08065961641871303,0.08251242657026661
0.08083886001075462,0.08260280162675102
0.08083886001075462,0.08269317668323543
0.08119734719483779,0.08287392679620424
0.08119734719483779,0.08296430185268866
0.08137659078687937,0.08305467690917306
0.08137659078687937,0.08395842747401717
0.0820935651550457,0.08431992769995482
0.0820935651550457,0.08450067781292363
0.0833482702993368,0.08513330320831451
0.0833482702993368,0.08522367826479892
0.08352751389137839,0.08531405332128332
0.08352751389137839,0.08567555354722096
0.08424448825954473,0.08603705377315861
0.08424448825954473,0.08621780388612743
0.0844237318515863,0.08630817894261184
0.0844237318515863,0.08639855399909625
0.08531994981179424,0.0868504292815183
0.08531994981179424,0.0869408043380027
0.08549919340383581,0.08703117939448712
0.08549919340383581,0.08739267962042477
0.08603692417996056,0.087663804789878
0.08603692417996056,0.08883868052417533
0.08657465495608532,0.08910980569362856
0.08657465495608532,0.08929055580659738
0.0867538985481269,0.08938093086308178
0.0867538985481269,0.0894713059195662
0.08693314214016849,0.0895616809760506
0.08693314214016849,0.08965205603253502
0.08729162932425166,0.08983280614550385
0.08729162932425166,0.09019430637144148
0.08765011650833483,0.0903750564844103
0.08782936010037641,0.09055580659737912
0.088008603692418,0.09064618165386354
0.088008603692418,0.09073655671034794
0.08836709087650116,0.09091730682331677
0.08836709087650116,0.09100768187980117
0.08926330883670909,0.09145955716222323
0.08926330883670909,0.09164030727519205
0.08944255242875067,0.09173068233167646
0.08944255242875067,0.09182105738816086
0.08962179602079226,0.09191143244464528
0.08962179602079226,0.0920921825576141
0.08980103961283384,0.0921825576140985
0.08980103961283384,0.09236330772706733
0.08998028320487543,0.09245368278355175
0.08998028320487543,0.09254405784003615
0.0903387703889586,0.09272480795300497
0.0903387703889586,0.09281518300948938
0.09051801398100018,0.0929055580659738
0.09069725757304177,0.09308630817894262
0.09087650116508335,0.09317668323542702
0.09087650116508335,0.09335743334839584
0.0914142319412081,0.09362855851784907
0.0914142319412081,0.09371893357433349
0.09159347553324969,0.09380930863081789
0.09159347553324969,0.09389968368730231
0.09177271912529127,0.09399005874378671
0.09177271912529127,0.09408043380027112
0.09195196271733286,0.09417080885675554
0.09195196271733286,0.09462268413917758
0.09213120630937444,0.094713059195662
0.09213120630937444,0.0948034342521464
0.09231044990141603,0.09489380930863081
0.0924896934934576,0.09507455942159963
0.0924896934934576,0.09516493447808405
0.0926689370854992,0.09525530953456846
0.0926689370854992,0.09534568459105287
0.09320666786162395,0.0956168097605061
0.09320666786162395,0.0957071848169905
0.09338591145366554,0.09579755987347492
0.09338591145366554,0.09588793492995933
0.09356515504570712,0.09597830998644374
0.09356515504570712,0.09606868504292815
0.09410288582183186,0.09633981021238139
0.09410288582183186,0.09643018526886579
0.09464061659795663,0.09670131043831902
0.09464061659795663,0.09697243560777226
0.0948198601899982,0.09706281066425666
0.0948198601899982,0.09715318572074108
0.09517834737408137,0.09733393583370989
0.09517834737408137,0.09751468594667871
0.09535759096612297,0.09760506100316313
0.09535759096612297,0.09778581111613195
0.09571607815020614,0.09796656122910077
0.09571607815020614,0.09805693628558518
0.09589532174224771,0.09814731134206958
0.09589532174224771,0.09877993673746047
0.09661229611041405,0.0991414369633981
0.09661229611041405,0.09923181201988251
0.09679153970245563,0.09932218707636692
0.09679153970245563,0.09950293718933574
0.0971500268865388,0.09968368730230456
0.0971500268865388,0.09986443741527339
0.09732927047858039,0.09995481247175779
0.09732927047858039,0.10022593764121103
0.09768775766266356,0.10040668775417985
0.09768775766266356,0.1008585630366019
0.09804624484674673,0.10103931314957072
0.09804624484674673,0.10122006326253954
0.0984047320308299,0.10140081337550835
0.0984047320308299,0.10149118843199277
0.09894246280695465,0.101762313601446
0.09894246280695465,0.10185268865793042
0.09912170639899624,0.10194306371441482
0.09912170639899624,0.10203343877089924
0.09930094999103782,0.10221418888386805
0.09930094999103782,0.10239493899683687
0.09965943717512099,0.10257568910980569
0.09965943717512099,0.10284681427925893
0.10001792435920416,0.10302756439222774
0.10001792435920416,0.10311793944871216
0.10019716795124574,0.10320831450519656
0.10019716795124574,0.1035698147311342
0.10055565513532891,0.10375056484410303
0.10055565513532891,0.10402169001355625
0.1007348987273705,0.10420244012652508
0.1007348987273705,0.1042928151830095
0.10091414231941208,0.1043831902394939
0.10091414231941208,0.10447356529597832
0.10109338591145367,0.10456394035246272
0.10109338591145367,0.10465431540894712
0.10252733464778634,0.10537731586082241
0.10252733464778634,0.10546769091730682
0.10270657823982793,0.10555806597379123
0.10270657823982793,0.10564844103027564
0.1028858218318695,0.10573881608676006
0.1028858218318695,0.10582919114324446
0.10324430901595268,0.10600994125621328
0.10324430901595268,0.1061003163126977
0.10360279620003585,0.10628106642566651
0.10467825775228536,0.10682331676457298
0.10467825775228536,0.1069136918210574
0.10503674493636853,0.1070944419340262
0.10503674493636853,0.10718481699051062
0.1053952321204517,0.10736556710347944
0.1053952321204517,0.10745594215996385
0.10575371930453487,0.10763669227293267
0.10575371930453487,0.10781744238590149
0.10700842444882595,0.10845006778129236
0.10700842444882595,0.10863081789426118
0.1075461552249507,0.10890194306371441
0.1075461552249507,0.10908269317668323
0.10808388600107546,0.10935381834613647
0.10808388600107546,0.10944419340262088
0.1088008603692418,0.10980569362855852
0.1088008603692418,0.10989606868504292
0.10915934755332497,0.11007681879801175
0.10915934755332497,0.11025756891098057
0.10933859114536655,0.11034794396746497
0.10933859114536655,0.11061906913691821
0.10951783473740814,0.11070944419340262
0.10951783473740814,0.11079981924988704
0.10969707832944972,0.11089019430637144
0.10969707832944972,0.11098056936285586
0.10987632192149131,0.11107094441934026
0.10987632192149131,0.11116131947582467
0.11005556551353289,0.11125169453230908
0.11005556551353289,0.1114324446452779
0.11041405269761606,0.11161319475824673
0.11041405269761606,0.11179394487121555
0.11059329628965764,0.11188431992769995
0.11077253988169923,0.11206507004066878
0.11095178347374081,0.11215544509715318
0.11095178347374081,0.112336195210122
0.1111310270657824,0.11242657026660642
0.1111310270657824,0.11260732037957524
0.11148951424986557,0.11278807049254405
0.11166875784190715,0.11296882060551287
0.11220648861803191,0.11323994577496611
0.11220648861803191,0.11351107094441934
0.11256497580211508,0.11369182105738816
0.11256497580211508,0.11396294622684139
0.11274421939415666,0.1140533212833258
0.11274421939415666,0.11414369633981021
0.11292346298619825,0.11423407139629463
0.11292346298619825,0.11432444645277903
0.11310270657823983,0.11441482150926344
0.11310270657823983,0.11477632173520108
0.1132819501702814,0.1148666967916855
0.1132819501702814,0.1149570718481699
0.11364043735436458,0.11513782196113873
0.11364043735436458,0.11522819701762313
0.11381968094640617,0.11531857207410755
0.11381968094640617,0.1157704473565296
0.11435741172253092,0.11604157252598282
0.11435741172253092,0.11622232263895164
0.11489514249865568,0.11649344780840488
0.11489514249865568,0.1166741979213737
0.11507438609069726,0.11676457297785811
0.11507438609069726,0.11694532309082693
0.11650833482702994,0.11766832354270221
0.11650833482702994,0.11793944871215545
0.11722530919519628,0.11830094893809309
0.11722530919519628,0.1183913239945775
0.11758379637927945,0.11857207410754632
0.11758379637927945,0.11866244916403072
0.11848001433948736,0.11911432444645279
0.11848001433948736,0.11920469950293719
0.11865925793152894,0.1192950745594216
0.11865925793152894,0.11938544961590601
0.11883850152357053,0.11947582467239042
0.11883850152357053,0.11974694984184366
0.1191969887076537,0.11992769995481248
0.1191969887076537,0.12001807501129688
0.11955547589173687,0.1201988251242657
0.11955547589173687,0.12037957523723453
0.11991396307582004,0.12056032535020335
0.11991396307582004,0.12065070040668775
0.12009320666786162,0.12074107546317217
0.12009320666786162,0.12083145051965657
0.12027245025990321,0.12092182557614098
0.12027245025990321,0.12119295074559422
0.12045169385194479,0.12128332580207862
0.12045169385194479,0.12137370085856304
0.12063093744398638,0.12146407591504745
0.12063093744398638,0.12182557614098509
0.12116866822011113,0.12209670131043832
0.12116866822011113,0.12227745142340714
0.12170639899623588,0.12254857659286036
0.12170639899623588,0.12263895164934478
0.12188564258827747,0.12272932670582919
0.12188564258827747,0.1228197017623136
0.12224412977236064,0.12300045187528243
0.12224412977236064,0.12345232715770448
0.12242337336440222,0.12354270221418888
0.12242337336440222,0.1236330772706733
0.12260261695644381,0.1237234523271577
0.12260261695644381,0.12399457749661094
0.12331959132461015,0.12435607772254857
0.12331959132461015,0.12462720289200181
0.12421580928481807,0.12507907817442385
0.12421580928481807,0.12562132851333033
0.12439505287685965,0.12571170356981473
0.12439505287685965,0.12589245368278354
0.12493278365298441,0.12616357885223678
0.12493278365298441,0.12625395390872118
0.125112027245026,0.12634432896520562
0.125112027245026,0.12652507907817442
0.1260082452052339,0.12697695436059647
0.1260082452052339,0.12706732941708088
0.1261874887972755,0.1271577044735653
0.1261874887972755,0.12742882964301852
0.1263667323893171,0.12751920469950292
0.1263667323893171,0.12769995481247176
0.12762143753360816,0.12833258020786262
0.12762143753360816,0.12842295526434705
0.12797992471769135,0.12860370537731586
0.12797992471769135,0.1287844554902847
0.12869689908585769,0.1291459557162223
0.12869689908585769,0.12923633077270674
0.12923462986198245,0.12950745594215995
0.12923462986198245,0.1296882060551288
0.12941387345402403,0.1297785811116132
0.12941387345402403,0.1298689561680976
0.1295931170460656,0.129959331224582
0.1295931170460656,0.13004970628106644
0.12977236063810718,0.13014008133755084
0.12977236063810718,0.13023045639403524
0.12995160423014876,0.13032083145051965
0.12995160423014876,0.13041120650700408
0.13031009141423194,0.1305919566199729
0.13031009141423194,0.1306823316764573
0.1306685785983151,0.13086308178942613
0.1306685785983151,0.13104383190239494
0.1308478221903567,0.13113420695887934
0.1308478221903567,0.13131495707184818
0.13120630937443986,0.13149570718481698
0.13120630937443986,0.1315860822413014
0.13138555296648144,0.13167645729778582
0.13138555296648144,0.13203795752372346
0.13156479655852305,0.13212833258020787
0.13156479655852305,0.13230908269317668
0.13174404015056462,0.13239945774966108
0.13174404015056462,0.13258020786262992
0.1319232837426062,0.13267058291911432
0.1319232837426062,0.13285133303208316
0.13210252733464778,0.13294170808856756
0.13210252733464778,0.13312245820153637
0.13264025811077254,0.1333935833709896
0.13264025811077254,0.13348395842747401
0.1329987452948557,0.13366470854044285
0.1329987452948557,0.13375508359692725
0.13335723247893888,0.13393583370989606
0.13335723247893888,0.1341165838228649
0.13371571966302204,0.1342973339358337
0.13371571966302204,0.1343877089923181
0.13389496325506364,0.13447808404880254
0.13389496325506364,0.1349299593312246
0.1342534504391468,0.1351107094441934
0.1342534504391468,0.1352010845006778
0.13479118121527156,0.13547220967013104
0.13479118121527156,0.13565295978309985
0.13568739917547948,0.13610483506552193
0.13568739917547948,0.13637596023497514
0.13622512995160424,0.13664708540442838
0.13622512995160424,0.13673746046091279
0.13640437354364582,0.1368278355173972
0.13640437354364582,0.13691821057388162
0.1365836171356874,0.13700858563036603
0.1365836171356874,0.13746046091278807
0.13676286072772897,0.13755083596927248
0.13676286072772897,0.13845458653411657
0.13694210431977058,0.138544961590601
0.13694210431977058,0.1386353366470854
0.13712134791181216,0.13872571170356982
0.13712134791181216,0.13890646181653862
0.13730059150385374,0.13899683687302306
0.13730059150385374,0.13908721192950746
0.13801756587202008,0.1394487121554451
0.13837605305610323,0.1396294622684139
0.13837605305610323,0.13971983732489832
0.13873454024018642,0.13990058743786715
0.13873454024018642,0.1403524627202892
0.13945151460835276,0.14071396294622684
0.13945151460835276,0.14080433800271125
0.13963075820039433,0.14089471305919565
0.13963075820039433,0.1412562132851333
0.14070621975264383,0.14179846362403978
0.14070621975264383,0.14234071396294623
0.14178168130489335,0.14288296430185268
0.14178168130489335,0.14306371441482152
0.14196092489693493,0.14315408947130592
0.14196092489693493,0.14333483958427473
0.1424986556730597,0.14360596475372797
0.1424986556730597,0.14369633981021238
0.14303638644918445,0.14396746497966562
0.14303638644918445,0.14432896520560326
0.14375336081735077,0.1446904654315409
0.14375336081735077,0.1448712155445097
0.1448288223696003,0.14541346588341617
0.1448288223696003,0.1457749661093538
0.14500806596164187,0.14586534116583824
0.14518730955368345,0.14604609127880705
0.14518730955368345,0.14613646633529145
0.14536655314572505,0.14622684139177586
0.14536655314572505,0.1464075915047447
0.14554579673776663,0.1464979665612291
0.14554579673776663,0.1465883416177135
0.1459042839218498,0.14676909173068234
0.1459042839218498,0.14685946678716674
0.1468005018820577,0.1473113420695888
0.1468005018820577,0.1474017171260732
0.1471589890661409,0.14758246723904203
0.1471589890661409,0.14767284229552644
0.1480552070263488,0.14812471757794848
0.1480552070263488,0.14830546769091732
0.14823445061839038,0.14839584274740172
0.14823445061839038,0.14857659286037053
0.14895142498655672,0.14893809308630818
0.14895142498655672,0.14902846814279258
0.15020613013084783,0.14966109353818347
0.15020613013084783,0.14975146859466787
0.1503853737228894,0.14984184365115227
0.1503853737228894,0.1501129688206055
0.15110234809105574,0.15047446904654316
0.15110234809105574,0.15056484410302756
0.15146083527513893,0.1507455942159964
0.15146083527513893,0.15110709444193401
0.15235705323534685,0.1515589697243561
0.15235705323534685,0.1516493447808405
0.15289478401147158,0.1519204699502937
0.15289478401147158,0.15201084500677814
0.15361175837963792,0.15237234523271578
0.15361175837963792,0.1525530953456846
0.15540419430005378,0.1534568459105287
0.15540419430005378,0.1535472209670131
0.15576268148413694,0.15372797107998193
0.15576268148413694,0.15390872119295074
0.15594192507617852,0.15399909624943517
0.15594192507617852,0.15408947130591957
0.15647965585230328,0.15436059647537279
0.15647965585230328,0.15445097153185722
0.15701738662842804,0.15472209670131043
0.15701738662842804,0.15481247175779486
0.1573758738125112,0.15499322187076367
0.1573758738125112,0.15508359692724807
0.15809284818067754,0.15544509715318572
0.15809284818067754,0.15553547220967012
0.15845133536476072,0.15571622232263896
0.15845133536476072,0.15580659737912336
0.15898906614088545,0.1560777225485766
0.15898906614088545,0.156168097605061
0.15916830973292706,0.1562584726615454
0.15916830973292706,0.15634884771802982
0.15934755332496864,0.15643922277451425
0.15934755332496864,0.15652959783099865
0.1606022584692597,0.1571622232263895
0.1606022584692597,0.15725259828287394
0.16078150206130132,0.15734297333935834
0.16078150206130132,0.15743334839584275
0.16113998924538447,0.15761409850881156
0.16113998924538447,0.1577948486217804
0.16131923283742605,0.1578852236782648
0.16131923283742605,0.15806597379123363
0.16167772002150924,0.15824672390420244
0.16167772002150924,0.15842747401717125
0.1620362072055924,0.15860822413014009
0.1620362072055924,0.1586985991866245
0.162215450797634,0.1587889742431089
0.162215450797634,0.15896972435607773
0.16239469438967558,0.15906009941256213
0.16275318157375873,0.15924084952553094
0.16275318157375873,0.15933122458201537
0.1632909123498835,0.1596023497514686
0.1632909123498835,0.15978309986443742
0.16347015594192507,0.15987347492092183
0.16347015594192507,0.15996384997740623
0.16382864312600826,0.16014460009037507
0.16382864312600826,0.16023497514685947
0.164366373902133,0.1605061003163127
0.164366373902133,0.16059647537279712
0.16472486108621617,0.16077722548576592
0.16472486108621617,0.16086760054225033
0.16526259186234094,0.16113872571170357
0.16526259186234094,0.16122910076818797
0.1656210790464241,0.1614098508811568
0.1656210790464241,0.16159060099412562
0.16580032263846567,0.16168097605061002
0.16580032263846567,0.16186172616357886
0.16615880982254885,0.16204247627654766
0.16615880982254885,0.1621328513330321
0.16705502778275677,0.16258472661545414
0.16705502778275677,0.16267510167193855
0.16759275855888153,0.1629462268413918
0.16759275855888153,0.163217352010845
0.16813048933500627,0.16348847718029824
0.16813048933500627,0.16366922729326705
0.16848897651908945,0.16384997740623589
0.16848897651908945,0.1640307275192047
0.1688474637031726,0.16421147763217353
0.1688474637031726,0.16439222774514234
0.1692059508872558,0.16457297785811117
0.1692059508872558,0.16475372797107998
0.16956443807133895,0.1649344780840488
0.16956443807133895,0.16502485314053322
0.17046065603154686,0.16547672842295527
0.17046065603154686,0.16574785359240848
0.1715361175837964,0.16629010393131496
0.1715361175837964,0.16647085404428377
0.17189460476787954,0.1666516041572526
0.17189460476787954,0.166741979213737
0.1724323355440043,0.16701310438319025
0.1724323355440043,0.16710347943967466
0.17279082272808746,0.16728422955264347
0.17279082272808746,0.1675553547220967
0.17297006632012907,0.1676457297785811
0.17297006632012907,0.16791685494803435
0.17332855350421222,0.16809760506100316
0.17332855350421222,0.1683687302304564
0.17386628428033699,0.16863985539990964
0.17386628428033699,0.16873023045639404
0.17440401505646172,0.16900135562584725
0.17440401505646172,0.16945323090826933
0.17458325864850333,0.16954360596475374
0.17458325864850333,0.16981473113420695
0.17512098942462806,0.1700858563036602
0.17512098942462806,0.17026660641662902
0.17565872020075282,0.17053773158608224
0.17565872020075282,0.17062810664256664
0.176017207384836,0.17080885675553548
0.176017207384836,0.17098960686850428
0.17619645097687758,0.17107998192498872
0.17619645097687758,0.17126073203795752
0.17637569456891916,0.17135110709444193
0.17637569456891916,0.17144148215092633
0.17655493816096074,0.17153185720741077
0.17655493816096074,0.17171260732037957
0.17673418175300232,0.17180298237686398
0.17673418175300232,0.17207410754631722
0.17691342534504392,0.17216448260280162
0.17691342534504392,0.17243560777225486
0.1770926689370855,0.17252598282873927
0.1770926689370855,0.1727971079981925
0.17780964330525184,0.17315860822413015
0.17780964330525184,0.17324898328061455
0.17870586126545976,0.1737008585630366
0.17870586126545976,0.1738816086760054
0.17888510485750134,0.17406235878897425
0.17888510485750134,0.17415273384545865
0.17924359204158452,0.1743334839584275
0.17924359204158452,0.1744238590149119
0.1794228356336261,0.1745142340713963
0.1794228356336261,0.1746046091278807
0.17960207922566768,0.1746949841843651
0.17960207922566768,0.17478535924084954
0.17978132281770925,0.17487573429733394
0.17978132281770925,0.17496610935381834
0.18031905359383402,0.17523723452327158
0.18031905359383402,0.175327609579756
0.1806775407779172,0.1755083596927248
0.1806775407779172,0.17559873474920923
0.18157375873812512,0.17605061003163128
0.18157375873812512,0.17623136014460009
0.18193224592220827,0.17641211025756892
0.18193224592220827,0.17668323542702213
0.18229073310629146,0.17686398553999097
0.18229073310629146,0.17713511070944418
0.18246997669833304,0.17731586082241302
0.18246997669833304,0.17740623587889742
0.1830077074744578,0.17767736104835066
0.1830077074744578,0.17785811116131947
0.18336619465854095,0.1780388612742883
0.18336619465854095,0.1781292363307727
0.18354543825058253,0.17821961138725712
0.18354543825058253,0.17840036150022595
0.18390392543466572,0.17858111161319476
0.18390392543466572,0.17867148666967916
0.18444165621079048,0.1789426118391324
0.18444165621079048,0.1791233619521012
0.18551711776303997,0.1796656122910077
0.18551711776303997,0.1798463624039765
0.18587560494712313,0.18002711251694534
0.18587560494712313,0.18011748757342974
0.18605484853916474,0.18020786262991415
0.18605484853916474,0.18038861274288295
0.18677182290733108,0.1807501129688206
0.18677182290733108,0.18102123813827384
0.18695106649937265,0.18111161319475824
0.18695106649937265,0.18120198825124265
0.18713031009141423,0.18129236330772708
0.18713031009141423,0.18138273836421148
0.1874887972754974,0.1815634884771803
0.1874887972754974,0.18165386353366472
0.187668040867539,0.18174423859014913
0.187668040867539,0.18192498870311793
0.18784728445958057,0.18201536375960234
0.18784728445958057,0.18228648892905558
0.18802652805162215,0.18237686398553998
0.18802652805162215,0.18255761409850882
0.1885642588277469,0.18282873926796203
0.1885642588277469,0.18300948938093087
0.18928123319591325,0.1833709896068685
0.18928123319591325,0.18346136466335292
0.19071518193224593,0.1841843651152282
0.19071518193224593,0.1842747401717126
0.19125291270837066,0.18454586534116585
0.19125291270837066,0.18481699051061906
0.19179064348449543,0.1850881156800723
0.19179064348449543,0.1851784907365567
0.1921491306685786,0.18535924084952554
0.1921491306685786,0.18544961590600995
0.19268686144470334,0.18572074107546319
0.19268686144470334,0.185901491188432
0.19286610503674492,0.1859918662449164
0.19286610503674492,0.18626299141436964
0.1932245922208281,0.18644374152733845
0.19358307940491126,0.18662449164030728
0.19358307940491126,0.1868052417532761
0.19483778454920236,0.18743786714866698
0.19483778454920236,0.18752824220515138
0.19501702814124394,0.18761861726163578
0.19501702814124394,0.1877089923181202
0.1955547589173687,0.18798011748757343
0.1955547589173687,0.18816086760054224
0.19591324610145186,0.18834161771351107
0.19609248969349347,0.18834161771351107
0.19609248969349347,0.1886127428829643
0.1966302204696182,0.18888386805241753
0.1966302204696182,0.18897424310890193
0.19698870765370138,0.18915499322187077
0.19698870765370138,0.18924536827835517
0.19752643842982615,0.1895164934478084
0.19752643842982615,0.1896068685042928
0.19770568202186772,0.1896068685042928
0.19770568202186772,0.18969724356077722
0.1978849256139093,0.18978761861726162
0.1978849256139093,0.18987799367374605
0.19806416920595088,0.18996836873023046
0.19806416920595088,0.19005874378671486
0.19842265639003406,0.1902394938996837
0.19842265639003406,0.1905106190691369
0.19860189998207564,0.19060099412562131
0.19860189998207564,0.1912336195210122
0.19949811794228356,0.19168549480343425
0.19949811794228356,0.19177586985991865
0.20003584871840832,0.1920469950293719
0.20003584871840832,0.1921373700858563
0.2002150923104499,0.1922277451423407
0.2002150923104499,0.19258924536827834
0.20093206667861624,0.192950745594216
0.20093206667861624,0.1930411206507004
0.20111131027065782,0.19313149570718482
0.20111131027065782,0.19322187076366923
0.20182828463882416,0.19358337098960687
0.20182828463882416,0.19367374604609128
0.2025452590069905,0.19403524627202892
0.2025452590069905,0.19421599638499773
0.20344147696719841,0.19466787166741978
0.20344147696719841,0.1947582467239042
0.20362072055924002,0.19484862178038861
0.20362072055924002,0.19493899683687302
0.2037999641512816,0.19502937189335742
0.2037999641512816,0.19511974694984185
0.20397920774332318,0.19521012200632626
0.20397920774332318,0.19539087211929507
0.20415845133536475,0.19548124717577947
0.20415845133536475,0.1957523723452327
0.20433769492740633,0.19584274740171712
0.20433769492740633,0.19602349751468595
0.205771643663739,0.19674649796656124
0.205771643663739,0.19683687302304564
0.20648861803190535,0.1971983732489833
0.20648861803190535,0.1972887483054677
0.20666786162394693,0.1973791233619521
0.20666786162394693,0.1974694984184365
0.2072055924000717,0.19774062358788974
0.2072055924000717,0.19792137370085855
0.20738483599211327,0.19801174875734298
0.20738483599211327,0.1982828739267962
0.20774332317619645,0.19846362403976503
0.20774332317619645,0.19855399909624943
0.20792256676823803,0.19864437415273384
0.20792256676823803,0.19900587437867148
0.2084602975443628,0.19927699954812472
0.2084602975443628,0.19945774966109353
0.20863954113640437,0.19954812471757793
0.20863954113640437,0.19972887483054677
0.20881878472844595,0.19981924988703118
0.20881878472844595,0.19990962494351558
0.20899802832048756,0.2
0.20899802832048756,0.20009037505648442
0.20917727191252913,0.20018075011296882
0.20917727191252913,0.20027112516945322
0.2093565155045707,0.20027112516945322
0.2093565155045707,0.20036150022593763
0.20971500268865387,0.20054225033890646
0.20989424628069547,0.20054225033890646
0.20989424628069547,0.20063262539539087
0.21007348987273705,0.20072300045187527
0.21007348987273705,0.2008133755083597
0.2107904642409034,0.20117487573429732
0.2107904642409034,0.20144600090375056
0.21096970783294497,0.20153637596023496
0.21096970783294497,0.20207862629914145
0.21132819501702815,0.20225937641211025
0.21132819501702815,0.2025305015815635
0.2120451693851945,0.20289200180750114
0.2120451693851945,0.20298237686398554
0.2127621437533608,0.2033438770899232
0.2127621437533608,0.203524627202892
0.2129413873454024,0.203524627202892
0.2129413873454024,0.2036150022593764
0.213120630937444,0.2036150022593764
0.213120630937444,0.20370537731586083
0.21329987452948557,0.20379575237234523
0.21329987452948557,0.20397650248531404
0.21347911812152714,0.20406687754179847
0.21347911812152714,0.20415725259828288
0.2143753360817351,0.20460912788070493
0.2143753360817351,0.20469950293718933
0.21455457967377667,0.20478987799367374
0.21455457967377667,0.20488025305015817
0.21473382326581825,0.20497062810664257
0.21473382326581825,0.20506100316312698
0.21491306685785982,0.20515137821961138
0.21491306685785982,0.20533212833258022
0.215271554041943,0.20551287844554902
0.215271554041943,0.20560325350203343
0.21563004122602616,0.20578400361500226
0.21563004122602616,0.20587437867148667
0.21580928481806774,0.20596475372797107
0.21580928481806774,0.20605512878445548
0.21598852841010935,0.2061455038409399
0.21598852841010935,0.2062358788974243
0.21652625918623408,0.20650700406687755
0.21652625918623408,0.20677812923633077
0.2167055027782757,0.20686850429281517
0.2167055027782757,0.2071396294622684
0.21706398996235884,0.20732037957523725
0.21706398996235884,0.20750112968820605
0.21796020792256676,0.2079530049706281
0.21796020792256676,0.20822413014008134
0.21813945151460834,0.20831450519656575
0.21813945151460834,0.20840488025305015
0.21831869510664995,0.20849525530953456
0.21831869510664995,0.2086760054225034
0.21849793869869152,0.2087663804789878
0.21849793869869152,0.20903750564844104
0.21885642588277468,0.20921825576140984
0.21885642588277468,0.2096701310438319
0.21903566947481629,0.20976050610031632
0.21903566947481629,0.20985088115680073
0.21921491306685786,0.20994125621328513
0.21921491306685786,0.21012200632625394
0.21939415665889944,0.21021238138273837
0.21939415665889944,0.21066425666516042
0.21957340025094102,0.21075463172164483
0.21957340025094102,0.21084500677812923
0.21975264384298263,0.21093538183461363
0.21975264384298263,0.21129688206055128
0.2199318874350242,0.2113872571170357
0.2199318874350242,0.21183913239945776
0.22011113102706578,0.21192950745594216
0.22011113102706578,0.2122006326253954
0.22172432335544004,0.2130140081337551
0.22172432335544004,0.2132851333032083
0.22190356694748162,0.2133755083596927
0.22190356694748162,0.21436963398102124
0.22208281053952322,0.21436963398102124
0.22208281053952322,0.21464075915047448
0.22315827209177272,0.21518300948938093
0.22315827209177272,0.21545413465883417
0.2233375156838143,0.21554450971531858
0.2233375156838143,0.21563488477180298
0.22351675927585588,0.21572525982828739
0.22351675927585588,0.21590600994125622
0.22387524645993906,0.21608676005422503
0.22387524645993906,0.21626751016719387
0.22405449005198064,0.21635788522367827
0.22405449005198064,0.21644826028016267
0.22423373364402222,0.21653863533664708
0.22423373364402222,0.21690013556258472
0.22441297723606382,0.21699051061906913
0.22441297723606382,0.21717126073203796
0.2245922208281054,0.21726163578852237
0.2245922208281054,0.21744238590149118
0.22477146442014698,0.2175327609579756
0.22477146442014698,0.21789426118391325
0.22512995160423016,0.21807501129688206
0.22512995160423016,0.21816538635336646
0.22548843878831332,0.2183461364663353
0.22548843878831332,0.2185268865793041
0.22620541315647966,0.21888838680524175
0.22620541315647966,0.21897876186172616
0.22638465674852123,0.21906913691821056
0.22638465674852123,0.219159511974695
0.2265639003405628,0.2192498870311794
0.2265639003405628,0.2193402620876638
0.226922387524646,0.21952101220063264
0.226922387524646,0.21988251242657025
0.22763936189281234,0.2202440126525079
0.22763936189281234,0.22033438770899233
0.22781860548485391,0.22042476276547673
0.22781860548485391,0.22060551287844554
0.2279978490768955,0.22069588793492995
0.2279978490768955,0.22078626299141438
0.2281770926689371,0.22087663804789878
0.2281770926689371,0.2210573881608676
0.22835633626097868,0.22114776321735202
0.22835633626097868,0.22123813827383643
0.22871482344506183,0.22141888838680523
0.2288940670371034,0.22141888838680523
0.2288940670371034,0.22169001355625848
0.22961104140526975,0.22205151378219612
0.22961104140526975,0.22223226389516493
0.22996952858935293,0.22241301400813376
0.22996952858935293,0.22250338906461817
0.2301487721813945,0.22250338906461817
0.2301487721813945,0.22268413917758698
0.23068650295751927,0.22295526434704022
0.23068650295751927,0.22304563940352462
0.23104499014160243,0.22322638951649346
0.23104499014160243,0.22340713962946226
0.23122423373364404,0.22349751468594667
0.23122423373364404,0.2236782647989155
0.23194120810181035,0.22403976502485315
0.23194120810181035,0.22413014008133755
0.23229969528589353,0.22431089019430636
0.23229969528589353,0.2245820153637596
0.2324789388779351,0.224672390420244
0.2324789388779351,0.2247627654767284
0.2326581824699767,0.2247627654767284
0.2326581824699767,0.22485314053321284
0.2328374260620183,0.22494351558969725
0.2328374260620183,0.2254857659286037
0.23301666965405987,0.2255761409850881
0.23301666965405987,0.22566651604157253
0.23319591324610145,0.22575689109805694
0.23319591324610145,0.22602801626751018
0.23355440043018463,0.226208766380479
0.23355440043018463,0.2262991414369634
0.2337336440222262,0.2263895164934478
0.2337336440222262,0.22657026660641663
0.2339128876142678,0.22666064166290104
0.2339128876142678,0.22675101671938544
0.23409213120630937,0.22684139177586987
0.23409213120630937,0.22702214188883868
0.23427137479835095,0.22711251694532308
0.23427137479835095,0.2272028920018075
0.23462986198243413,0.22738364211477632
0.23462986198243413,0.22747401717126073
0.2348091055744757,0.22756439222774513
0.2348091055744757,0.22765476728422956
0.2351675927585589,0.22783551739719837
0.2351675927585589,0.2281066425666516
0.23552607994264205,0.22828739267962042
0.23552607994264205,0.22846814279258926
0.23588456712672523,0.22864889290555807
0.23588456712672523,0.2289200180750113
0.2360638107187668,0.2290103931314957
0.2360638107187668,0.22919114324446452
0.23642229790284996,0.22937189335743335
0.23642229790284996,0.22955264347040216
0.23678078508693315,0.229733393583371
0.23678078508693315,0.2298237686398554
0.23696002867897473,0.2299141436963398
0.23696002867897473,0.23009489380930864
0.2371392722710163,0.23018526886579305
0.2371392722710163,0.23027564392227745
0.23731851586305788,0.23036601897876186
0.23731851586305788,0.23090826931766834
0.2374977594550995,0.23099864437415274
0.2374977594550995,0.2314505196565748
0.23785624663918264,0.2316312697695436
0.23785624663918264,0.23181201988251243
0.23803549023122422,0.23190239493899684
0.23803549023122422,0.23235427022141888
0.23821473382326583,0.2324446452779033
0.23821473382326583,0.23253502033438772
0.2383939774153074,0.23262539539087213
0.2383939774153074,0.23298689561680977
0.23857322100734898,0.23307727067329417
0.23857322100734898,0.23316764572977858
0.23875246459939056,0.23325802078626298
0.23875246459939056,0.2333483958427474
0.23893170819143217,0.23343877089923182
0.23893170819143217,0.23370989606868503
0.23911095178347375,0.23370989606868503
0.23911095178347375,0.23380027112516946
0.24018641333572324,0.23434252146407591
0.24018641333572324,0.23452327157704472
0.24036565692776482,0.23461364663352915
0.24036565692776482,0.23470402169001356
0.24054490051980643,0.23479439674649796
0.24054490051980643,0.2350655219159512
0.240724144111848,0.2351558969724356
0.240724144111848,0.23533664708540442
0.24144111848001434,0.23569814731134206
0.24144111848001434,0.2358788974243109
0.2417996056640975,0.2360596475372797
0.2417996056640975,0.23633077270673294
0.24215809284818068,0.23651152281970175
0.24215809284818068,0.23660189787618618
0.24233733644022226,0.23660189787618618
0.24233733644022226,0.2366922729326706
0.24269582362430542,0.2368730230456394
0.24269582362430542,0.23714414821509264
0.24323355440043018,0.23741527338454588
0.24323355440043018,0.23786714866696793
0.24341279799247176,0.23795752372345233
0.24341279799247176,0.23804789877993673
0.24359204158451336,0.23813827383642114
0.24359204158451336,0.23831902394938997
0.24395052876859652,0.23849977406235878
0.24395052876859652,0.23877089923181202
0.2443090159526797,0.23895164934478083
0.2443090159526797,0.23931314957071848
0.24448825954472128,0.23940352462720288
0.24448825954472128,0.2394938996836873
0.24466750313676286,0.23958427474017172
0.24466750313676286,0.23967464979665612
0.24502599032084604,0.23985539990962496
0.24502599032084604,0.23994577496610936
0.2453844775049292,0.24012652507907817
0.2453844775049292,0.240307275192047
0.24556372109697078,0.2403976502485314
0.24556372109697078,0.24084952553095346
0.24628069546513712,0.2412110257568911
0.2464599390571787,0.2412110257568911
0.2464599390571787,0.2413014008133755
0.2466391826492203,0.2413917758698599
0.2466391826492203,0.24166290103931315
0.24681842624126188,0.24175327609579755
0.24681842624126188,0.2421147763217352
0.24699766983330346,0.2422051513782196
0.24699766983330346,0.24238590149118844
0.24735615701738664,0.24256665160415725
0.24735615701738664,0.24265702666064165
0.24753540060942822,0.24274740171712608
0.24753540060942822,0.2428377767736105
0.24807313138555295,0.24310890194306373
0.24807313138555295,0.24319927699954813
0.24825237497759456,0.24328965205603253
0.24825237497759456,0.24347040216900134
0.24843161856963614,0.24347040216900134
0.24843161856963614,0.24356077722548578
0.24861086216167771,0.24365115228197018
0.24861086216167771,0.24374152733845458
0.24914859293780248,0.24401265250790782
0.24914859293780248,0.24419340262087663
0.24932783652984405,0.24428377767736104
0.24932783652984405,0.24446452779032987
0.24950708012188563,0.24455490284681428
0.24950708012188563,0.24464527790329868
0.24968632371392724,0.2447356529597831
0.24968632371392724,0.24500677812923632
0.24986556730596882,0.24509715318572073
0.24986556730596882,0.24582015363759602
0.250224054490052,0.24600090375056485
0.250224054490052,0.24609127880704926
0.25040329808209355,0.24618165386353366
0.25040329808209355,0.2464527790329869
0.25094102885821834,0.24672390420244011
0.25094102885821834,0.24681427925892455
0.2511202724502599,0.24690465431540895
0.2511202724502599,0.2471757794848622
0.2512995160423015,0.2472661545413466
0.2512995160423015,0.247356529597831
0.25183724681842623,0.24762765476728424
0.25183724681842623,0.24771802982376864
0.2520164904104678,0.24780840488025305
0.2520164904104678,0.24798915499322188
0.2521957340025094,0.2480795300497063
0.2521957340025094,0.2482602801626751
0.2525542211865926,0.24844103027564393
0.2525542211865926,0.24889290555806598
0.2527334647786342,0.24898328061455038
0.2527334647786342,0.24925440578400362
0.25291270837067575,0.24934478084048803
0.25291270837067575,0.24943515589697243
0.25309195196271733,0.24952553095345684
0.25309195196271733,0.24961590600994127
0.2532711955547589,0.24970628106642567
0.2532711955547589,0.24979665612291008
0.2534504391468005,0.24979665612291008
0.2534504391468005,0.2500677812923633
0.25362968273884207,0.2501581563488477
0.25362968273884207,0.25051965657478537
0.25380892633088364,0.25051965657478537
0.25380892633088364,0.25106190691369185
0.2539881699229253,0.25115228197017625
0.2539881699229253,0.25124265702666065
0.25416741351496686,0.25133303208314506
0.25416741351496686,0.2516945323090827
0.25434665710700843,0.2517849073655671
0.25434665710700843,0.25196565747853594
0.25488438788313317,0.25223678264798916
0.25488438788313317,0.25232715770447356
0.25506363147517475,0.25232715770447356
0.25560136225129954,0.25259828287392677
0.25560136225129954,0.25268865793041123
0.2559598494353827,0.25286940804338004
0.2559598494353827,0.25359240849525533
0.25613909302742427,0.25368278355173973
0.25613909302742427,0.25377315860822414
0.2564975802115074,0.25395390872119294
0.2564975802115074,0.25404428377767735
0.256676823803549,0.25413465883416175
0.256676823803549,0.254405784003615
0.2568560673955906,0.2544961590600994
0.2568560673955906,0.25458653411658383
0.2570353109876322,0.25467690917306823
0.2570353109876322,0.25485765928603704
0.2572145545796738,0.25494803434252145
0.2572145545796738,0.2554902846814279
0.25739379817171537,0.25558065973791233
0.25739379817171537,0.25576140985088114
0.25757304176375695,0.25585178490736554
0.25757304176375695,0.25594215996385
0.2577522853557985,0.2560325350203344
0.2577522853557985,0.2561229100768188
0.25829001613192326,0.256394035246272
0.25829001613192326,0.2564844103027564
0.25882774690804805,0.2567555354722097
0.25882774690804805,0.2569362855851785
0.2593654776841728,0.2572074107546317
0.2593654776841728,0.2576592860370538
0.26008245205233915,0.2580207862629914
0.26008245205233915,0.2581111613194758
0.2606201828284639,0.2583822864889291
0.2606201828284639,0.2587437867148667
0.26079942642050546,0.2588341617713511
0.26079942642050546,0.2589245368278355
0.2611579136045886,0.2591052869408043
0.2611579136045886,0.259466787166742
0.2613371571966302,0.2595571622232264
0.2613371571966302,0.2597379123361952
0.261874887972755,0.26000903750564847
0.261874887972755,0.26009941256213287
0.26205413156479657,0.2601897876186173
0.26205413156479657,0.2603705377315861
0.26223337515683814,0.2603705377315861
0.26223337515683814,0.2605512878445549
0.2624126187488797,0.2606416629010393
0.2624126187488797,0.26082241301400816
0.2625918623409213,0.26091278807049256
0.2625918623409213,0.26100316312697697
0.2627711059329629,0.26100316312697697
0.2631295931170461,0.2611839132399458
0.26330883670908767,0.2611839132399458
0.26330883670908767,0.261455038409399
0.26348808030112925,0.2615454134658834
0.26348808030112925,0.26190691369182106
0.264025811077254,0.2621780388612743
0.264025811077254,0.26244916403072754
0.26420505466929556,0.26253953908721195
0.26420505466929556,0.26262991414369635
0.2649220290374619,0.26299141436963397
0.2649220290374619,0.26326253953908724
0.2652805162215451,0.26344328965205605
0.2652805162215451,0.26353366470854045
0.26545975981358666,0.26362403976502485
0.26545975981358666,0.26371441482150926
0.26563900340562824,0.26380478987799366
0.26563900340562824,0.26398553999096247
0.2658182469976698,0.26407591504744693
0.2658182469976698,0.26425666516041574
0.266176734181753,0.26443741527338455
0.266176734181753,0.26452779032986895
0.2663559777737946,0.26452779032986895
0.26671446495787776,0.26470854044283776
0.26671446495787776,0.26507004066877543
0.26689370854991934,0.26516041572525983
0.26689370854991934,0.26552191595119745
0.2672521957340025,0.2657026660641663
0.2672521957340025,0.2658834161771351
0.2674314393260441,0.2658834161771351
0.26761068291808565,0.2659737912336195
0.26761068291808565,0.26624491640307274
0.2677899265101273,0.26633529145955714
0.2677899265101273,0.2666064166290104
0.26796917010216886,0.2666967916854948
0.26796917010216886,0.2668775417984636
0.26814841369421044,0.2668775417984636
0.26814841369421044,0.26696791685494803
0.268327657286252,0.26705829191143243
0.268327657286252,0.26723904202440124
0.2685069008782936,0.26723904202440124
0.2685069008782936,0.2673294170808857
0.26886538806237675,0.2675101671938545
0.26904463165441833,0.2675101671938545
0.26904463165441833,0.2676005422503389
0.26922387524645996,0.2676909173068233
0.26922387524645996,0.2684139177586986
0.26940311883850154,0.268504292815183
0.26940311883850154,0.2687754179846362
0.2697616060225847,0.2689561680976051
0.2697616060225847,0.2692272932670583
0.27029933679870943,0.2694984184365115
0.27029933679870943,0.2696791685494803
0.270478580390751,0.2696791685494803
0.2706578239827926,0.2697695436059648
0.2706578239827926,0.270040668775418
0.2708370675748342,0.270040668775418
0.2708370675748342,0.2701310438319024
0.27137479835095896,0.2704021690013556
0.27137479835095896,0.27049254405784
0.2722710163111669,0.2709444193402621
0.2722710163111669,0.2711251694532309
0.2724502599032085,0.2712155445097153
0.2724502599032085,0.27139629462268416
0.27262950349525006,0.27148666967916857
0.27262950349525006,0.271577044735653
0.27280874708729164,0.2716674197921374
0.27280874708729164,0.2717577948486218
0.2729879906793332,0.2717577948486218
0.2729879906793332,0.2719385449615906
0.2731672342713748,0.272028920018075
0.2731672342713748,0.27220967013104386
0.27352572145545795,0.27239042024401267
0.27352572145545795,0.27248079530049707
0.2737049650474995,0.2725711703569815
0.2737049650474995,0.2727519204699503
0.27388420863954116,0.2728422955264347
0.27388420863954116,0.27302304563940355
0.27406345223158274,0.27311342069588795
0.27406345223158274,0.27320379575237236
0.2742426958236243,0.27329417080885676
0.2742426958236243,0.2736556710347944
0.2744219394156659,0.2736556710347944
0.2744219394156659,0.2737460460912788
0.27460118300770747,0.2737460460912788
0.27460118300770747,0.27419792137370086
0.27478042659974905,0.27428829643018526
0.27495967019179063,0.27428829643018526
0.27495967019179063,0.2745594215996385
0.27531815737587384,0.27474017171260734
0.27531815737587384,0.27510167193854496
0.2758558881519986,0.27537279710799817
0.2758558881519986,0.27546317216448263
0.2763936189281233,0.27573429733393584
0.2763936189281233,0.27600542250338905
0.2765728625201649,0.27609579755987346
0.2765728625201649,0.27645729778581113
0.2769313497042481,0.27663804789877994
0.2771105932962897,0.27663804789877994
0.2771105932962897,0.27699954812471755
0.2776483240724144,0.2772706732941708
0.2776483240724144,0.27754179846362403
0.277827567664456,0.27763217352010844
0.277827567664456,0.2780840488025305
0.27800681125649757,0.2781744238590149
0.27800681125649757,0.27844554902846813
0.27854454203262236,0.2787166741979214
0.27854454203262236,0.2788070492544058
0.27872378562466393,0.2788974243108902
0.27872378562466393,0.279078174423859
0.2789030292167055,0.2791685494803434
0.2789030292167055,0.2792589245368278
0.2790822728087471,0.27934929959331223
0.2790822728087471,0.2795300497062811
0.27944075999283025,0.2797107998192499
0.27944075999283025,0.2799819249887031
0.27997849076895504,0.2802530501581563
0.27997849076895504,0.2804338002711252
0.2801577343609966,0.2805241753276096
0.2801577343609966,0.280614550384094
0.2803369779530382,0.2807049254405784
0.2803369779530382,0.2809760506100316
0.28051622154507977,0.2809760506100316
0.28051622154507977,0.281066425666516
0.2812331959132461,0.2814279258924537
0.2812331959132461,0.2817894261183913
0.28141243950528766,0.2818798011748757
0.28141243950528766,0.2820605512878446
0.28177092668937087,0.2822413014008134
0.28177092668937087,0.2824220515137822
0.28195017028141245,0.2825124265702666
0.28195017028141245,0.2826931766832354
0.2823086574654956,0.28287392679620427
0.2823086574654956,0.28296430185268867
0.28320487542570355,0.2834161771351107
0.28320487542570355,0.28395842747401717
0.28338411901774513,0.2840488025305016
0.28338411901774513,0.2842295526434704
0.2835633626097867,0.2843199276999548
0.2835633626097867,0.28459105286940806
0.2837426062018283,0.28459105286940806
0.28410109338591144,0.28477180298237686
0.28410109338591144,0.2849525530953457
0.28463882416203623,0.28522367826479894
0.28463882416203623,0.28540442837776775
0.28517655493816096,0.28567555354722096
0.28517655493816096,0.28576592860370537
0.28535579853020254,0.28585630366018977
0.28535579853020254,0.28612742882964304
0.2857142857142857,0.28630817894261185
0.2857142857142857,0.28648892905558065
0.2858935293063273,0.28657930411206506
0.2858935293063273,0.28748305467690916
0.2860727728983689,0.28748305467690916
0.2860727728983689,0.287663804789878
0.2862520164904105,0.2877541798463624
0.2862520164904105,0.28802530501581564
0.28661050367449364,0.28820605512878444
0.28661050367449364,0.2884771802982377
0.2867897472665352,0.2884771802982377
0.2867897472665352,0.28883868052417533
0.2869689908585768,0.28892905558065973
0.2869689908585768,0.28910980569362854
0.2871482344506184,0.28920018075011295
0.2871482344506184,0.2892905558065974
0.28732747804265996,0.2893809308630818
0.28732747804265996,0.2894713059195662
0.28750672163470153,0.2895616809760506
0.28750672163470153,0.28983280614550383
0.2880444524108263,0.2901039313149571
0.2880444524108263,0.2903750564844103
0.2882236960028679,0.2904654315408947
0.2882236960028679,0.2905558065973791
0.28858218318695106,0.2907365567103479
0.28858218318695106,0.29082693176683233
0.28911991396307585,0.2910980569362856
0.28911991396307585,0.2915499322187076
0.2896576447392006,0.2918210573881609
0.2896576447392006,0.2920018075011297
0.28983688833124216,0.2920018075011297
0.28983688833124216,0.2921825576140985
0.29001613192328374,0.2921825576140985
0.29001613192328374,0.2923633077270673
0.2901953755153253,0.2924536827835517
0.2901953755153253,0.2925440578400362
0.2903746191073669,0.2925440578400362
0.2903746191073669,0.2926344328965206
0.29055386269940847,0.292724807953005
0.29055386269940847,0.2928151830094894
0.2909123498834917,0.2929959331224582
0.2909123498834917,0.2930863081789426
0.29109159347553326,0.293176683235427
0.29109159347553326,0.29335743334839587
0.2914500806596164,0.2935381834613647
0.2914500806596164,0.2937189335743335
0.291629324251658,0.2938093086308179
0.291629324251658,0.2938996836873023
0.2918085678436996,0.2939900587437867
0.29198781143574115,0.2939900587437867
0.29198781143574115,0.29417080885675556
0.29216705502778273,0.29417080885675556
0.29216705502778273,0.2944419340262088
0.2927047858039075,0.294713059195662
0.2927047858039075,0.2948938093086308
0.2930632729879907,0.29507455942159966
0.2930632729879907,0.29525530953456847
0.29324251658003225,0.29525530953456847
0.29324251658003225,0.29534568459105287
0.29342176017207383,0.2954360596475373
0.29342176017207383,0.2956168097605061
0.2936010037641154,0.2957071848169905
0.2936010037641154,0.29597830998644375
0.29378024735615704,0.29606868504292816
0.29378024735615704,0.29624943515589697
0.2939594909481986,0.29633981021238137
0.2939594909481986,0.2965205603253502
0.2941387345402402,0.29661093538183464
0.2941387345402402,0.29697243560777226
0.29449722172432335,0.29715318572074106
0.29449722172432335,0.29724356077722547
0.29467646531636493,0.29724356077722547
0.2948557089084065,0.2973339358337099
0.2948557089084065,0.29742431089019433
0.2950349525004481,0.29751468594667874
0.2950349525004481,0.29760506100316314
0.29521419609248967,0.29769543605964754
0.29521419609248967,0.29805693628558516
0.2953934396845313,0.29814731134206957
0.2953934396845313,0.29832806145503843
0.2955726832765729,0.29832806145503843
0.2955726832765729,0.29896068685042926
0.29575192686861446,0.29896068685042926
0.29575192686861446,0.2990510619069137
0.2961104140526976,0.2992318120198825
0.2961104140526976,0.29941256213285133
0.29646890123678077,0.29959331224582014
0.29646890123678077,0.29968368730230455
0.296827388420864,0.2998644374152734
0.29700663201290556,0.2998644374152734
0.29700663201290556,0.2999548124717578
0.29718587560494714,0.3000451875282422
0.29718587560494714,0.3001355625847266
0.2973651191969887,0.300225937641211
0.2973651191969887,0.30031631269769543
0.2975443627890303,0.30040668775417984
0.2975443627890303,0.30058743786714864
0.29772360638107187,0.3007681879801175
0.29790284997311345,0.3008585630366019
0.29790284997311345,0.3009489380930863
0.298082093565155,0.3009489380930863
0.298082093565155,0.3011296882060551
0.29844058074923824,0.30131043831902393
0.29844058074923824,0.30140081337550834
0.2986198243412798,0.3014911884319928
0.2986198243412798,0.3015815634884772
0.2987990679333214,0.3015815634884772
0.2987990679333214,0.3018526886579304
0.29933679870944613,0.3021238138273836
0.29933679870944613,0.30221418888386803
0.2995160423014877,0.3023045639403525
0.2995160423014877,0.3024853140533213
0.2996952858935293,0.3025756891098057
0.2996952858935293,0.3031179394487122
0.2998745294855709,0.3031179394487122
0.2998745294855709,0.303298689561681
0.3000537730776125,0.3033890646181654
0.3000537730776125,0.3035698147311342
0.3002330166696541,0.3036601897876186
0.3002330166696541,0.303750564844103
0.30041226026169565,0.3038409399005874
0.30041226026169565,0.3039313149570719
0.30059150385373723,0.3039313149570719
0.30059150385373723,0.3041120650700407
0.3007707474457788,0.3042024401265251
0.3007707474457788,0.3042928151830095
0.30112923462986196,0.3044735652959783
0.30130847822190354,0.3044735652959783
0.30130847822190354,0.3046543154089471
0.3014877218139452,0.30474469046543157
0.3014877218139452,0.30483506552191597
0.30166696540598675,0.3049254405784004
0.30166696540598675,0.3059195661997289
0.30184620899802833,0.3060099412562133
0.30184620899802833,0.30637144148215095
0.3020254525900699,0.30646181653863536
0.3020254525900699,0.30655219159511976
0.3022046961821115,0.30664256665160416
0.3022046961821115,0.306823316764573
0.30238393977415307,0.3069136918210574
0.30238393977415307,0.30772706732941707
0.3027424269582362,0.3079078174423859
0.3027424269582362,0.30799819249887034
0.3034594013264026,0.30835969272480795
0.3034594013264026,0.30872119295074557
0.30363864491844417,0.30881156800723003
0.30363864491844417,0.30890194306371443
0.30381788851048575,0.30899231812019884
0.30381788851048575,0.30917306823316765
0.3041763756945689,0.30935381834613646
0.3041763756945689,0.30944419340262086
0.3045348628786521,0.3096249435155897
0.3045348628786521,0.3097153185720741
0.3047141064706937,0.30980569362855853
0.3047141064706937,0.30998644374152734
0.30489335006273527,0.30998644374152734
0.30489335006273527,0.31007681879801174
0.3052518372468184,0.31025756891098055
0.3052518372468184,0.31034794396746496
0.3056103244309016,0.3105286940804338
0.3056103244309016,0.31079981924988703
0.30596881161498474,0.31079981924988703
0.30596881161498474,0.31089019430637144
0.30632729879906795,0.31107094441934025
0.30632729879906795,0.31116131947582465
0.3065065423911095,0.31116131947582465
0.3065065423911095,0.3113420695887935
0.3066857859831511,0.3114324446452779
0.3066857859831511,0.3116131947582467
0.3068650295751927,0.31170356981473113
0.3068650295751927,0.31188431992769994
0.30722351675927584,0.3120650700406688
0.30722351675927584,0.312336195210122
0.3074027603513174,0.312336195210122
0.3074027603513174,0.3124265702666064
0.30758200394335905,0.3125169453230908
0.30758200394335905,0.3126073203795752
0.30776124753540063,0.31269769543605963
0.30776124753540063,0.31278807049254403
0.3079404911274422,0.3128784455490285
0.3079404911274422,0.3129688206055129
0.3081197347194838,0.3130591956619973
0.3081197347194838,0.3133303208314505
0.30829897831152536,0.3133303208314505
0.30829897831152536,0.3135110709444193
0.30847822190356694,0.3136014460009037
0.30847822190356694,0.3139629462268414
0.3086574654956085,0.3140533212833258
0.3086574654956085,0.3141436963398102
0.3088367090876501,0.3142340713962946
0.3088367090876501,0.3145051965657479
0.3090159526796917,0.3145955716222323
0.3090159526796917,0.3149570718481699
0.3093744398637749,0.3151378219611387
0.3093744398637749,0.3152281970176231
0.30973292704785804,0.315408947130592
0.30973292704785804,0.3154993221870764
0.3099121706398996,0.3156800723000452
0.3100914142319412,0.3157704473565296
0.3100914142319412,0.3159511974694984
0.3102706578239828,0.3160415725259828
0.3102706578239828,0.31613194758246727
0.31044990141602435,0.31622232263895167
0.31044990141602435,0.3164030727519205
0.31080838860010757,0.3165838228648893
0.31080838860010757,0.3167645729778581
0.31098763219214914,0.3168549480343425
0.31098763219214914,0.31712607320379577
0.3111668757841907,0.31721644826028017
0.3111668757841907,0.3173068233167646
0.3113461193762323,0.317397198373249
0.3113461193762323,0.3174875734297334
0.3115253629682739,0.3175779484862178
0.3115253629682739,0.31775869859918665
0.31170460656031546,0.31784907365567105
0.31170460656031546,0.31802982376863986
0.31188385015235703,0.31812019882512427
0.31188385015235703,0.3192046995029372
0.3120630937443986,0.3192950745594216
0.3120630937443986,0.31956619972887484
0.3124215809284818,0.31974694984184365
0.3124215809284818,0.32010845006778127
0.312780068112565,0.32028920018075013
0.312780068112565,0.32046995029371894
0.31295931170460656,0.32056032535020335
0.31295931170460656,0.3210122006326254
0.31313855529664814,0.3210122006326254
0.31313855529664814,0.3211025756891098
0.3133177988886897,0.32119295074559423
0.3134970424807313,0.32119295074559423
0.3134970424807313,0.32128332580207863
0.3138555296648145,0.32146407591504744
0.3138555296648145,0.32155445097153185
0.31421401684889766,0.32173520108450065
0.31421401684889766,0.3219159511974695
0.31439326044093924,0.3219159511974695
0.31439326044093924,0.3220063262539539
0.3145725040329808,0.3220967013104383
0.3145725040329808,0.32218707636692273
0.31493099121706397,0.32236782647989154
0.31493099121706397,0.32254857659286035
0.31511023480910555,0.3226389516493448
0.31511023480910555,0.3230004518752824
0.31546872199318876,0.32318120198825123
0.31546872199318876,0.3239042024401265
0.31564796558523034,0.3239042024401265
0.31564796558523034,0.3239945774966109
0.3158272091772719,0.32408495255309533
0.3158272091772719,0.3243560777225486
0.3160064527693135,0.324446452779033
0.3160064527693135,0.3245368278355174
0.3161856963613551,0.3245368278355174
0.3161856963613551,0.3246272028920018
0.31636493995339665,0.3247175779484862
0.31636493995339665,0.324898328061455
0.31654418354543823,0.324898328061455
0.31654418354543823,0.3249887031179394
0.31672342713747986,0.3250790781744239
0.31672342713747986,0.3257117035698147
0.31690267072952144,0.3258020786262991
0.31690267072952144,0.325982828739268
0.317081914321563,0.3260732037957524
0.317081914321563,0.3261635788522368
0.3172611579136046,0.3262539539087212
0.3172611579136046,0.3263443289652056
0.3174404015056462,0.32643470402169
0.3174404015056462,0.3265250790781744
0.31779888868972933,0.32670582919114327
0.31779888868972933,0.3267962042476277
0.3179781322817709,0.3267962042476277
0.3179781322817709,0.3270673294170809
0.3183366194658541,0.3272480795300497
0.3185158630578957,0.3272480795300497
0.3185158630578957,0.3274288296430185
0.3186951066499373,0.32751920469950296
0.3186951066499373,0.3277903298689562
0.31905359383402043,0.327971079981925
0.31905359383402043,0.3280614550384094
0.31977056820218674,0.32842295526434706
0.31977056820218674,0.3288748305467691
0.3199498117942284,0.3289652056032535
0.3199498117942284,0.3290555806597379
0.32012905538626996,0.32914595571622235
0.32012905538626996,0.32941708088567556
0.32030829897831153,0.32950745594215997
0.32030829897831153,0.32959783099864437
0.3204875425703531,0.3296882060551288
0.3204875425703531,0.32995933122458204
0.3206667861623947,0.33004970628106645
0.3206667861623947,0.33032083145051966
0.32084602975443627,0.33041120650700406
0.32084602975443627,0.3306823316764573
0.32102527334647785,0.33077270673294173
0.32102527334647785,0.33095345684591054
0.3212045169385194,0.33095345684591054
0.3212045169385194,0.33113420695887935
0.32138376053056106,0.33113420695887935
0.32138376053056106,0.33122458201536376
0.32156300412260264,0.33131495707184816
0.32156300412260264,0.33176683235427024
0.3217422477146442,0.33185720741075464
0.3217422477146442,0.33194758246723904
0.3219214913066858,0.33203795752372345
0.3219214913066858,0.33258020786262993
0.32210073489872737,0.33267058291911433
0.32210073489872737,0.33276095797559874
0.32227997849076895,0.33276095797559874
0.3224592220828105,0.33285133303208314
0.3224592220828105,0.33294170808856755
0.3228177092668937,0.33312245820153635
0.3228177092668937,0.333483958427474
0.3229969528589353,0.333483958427474
0.3229969528589353,0.33357433348395843
0.3231761964509769,0.33366470854044283
0.3231761964509769,0.3341165838228649
0.32335544004301847,0.3341165838228649
0.3240724144111848,0.3344780840488025
0.3240724144111848,0.33465883416177133
0.32425165800322636,0.33465883416177133
0.3246101451873096,0.3348395842747402
0.3246101451873096,0.335020334387709
0.32496863237139273,0.3352010845006778
0.32496863237139273,0.3356529597830999
0.3251478759634343,0.3357433348395843
0.3251478759634343,0.3358337098960687
0.3253271195554759,0.3359240849525531
0.3253271195554759,0.3361048350655219
0.32550636314751746,0.3361952101220063
0.32550636314751746,0.3363759602349751
0.3258648503316006,0.336556710347944
0.3258648503316006,0.3368278355173972
0.3264025811077254,0.3370989606868504
0.3264025811077254,0.3371893357433348
0.326581824699767,0.3372797107998193
0.326581824699767,0.3375508359692725
0.32694031188385014,0.3377315860822413
0.32694031188385014,0.3378219611387257
0.3271195554758917,0.3379123361952101
0.3272987990679333,0.3379123361952101
0.3272987990679333,0.33809308630817897
0.32747804265997493,0.3381834613646634
0.32747804265997493,0.3382738364211478
0.3278365298440581,0.3384545865341166
0.3278365298440581,0.3388160867600542
0.32819501702814124,0.33899683687302307
0.32819501702814124,0.3394487121554451
0.3285535042122244,0.3396294622684139
0.3285535042122244,0.33981021238138276
0.32891199139630756,0.33999096249435157
0.32891199139630756,0.3404428377767736
0.32927047858039077,0.34062358788974245
0.32927047858039077,0.34071396294622686
0.3296289657644739,0.34089471305919566
0.3296289657644739,0.34098508811568007
0.3298082093565155,0.3410754631721645
0.3298082093565155,0.3411658382286489
0.3299874529485571,0.3412562132851333
0.3299874529485571,0.34134658834161774
0.33016669654059866,0.34134658834161774
0.33016669654059866,0.34143696339810214
0.33034594013264024,0.34143696339810214
0.33052518372468187,0.34152733845458655
0.33052518372468187,0.34161771351107095
0.3310629145008066,0.34188883868052417
0.3310629145008066,0.34197921373700857
0.33142140168488976,0.34215996384997743
0.33142140168488976,0.34225033890646184
0.33160064527693134,0.34234071396294624
0.33160064527693134,0.34252146407591505
0.3319591324610145,0.34270221418888386
0.3319591324610145,0.34279258924536826
0.33213837605305613,0.34288296430185267
0.33213837605305613,0.34306371441482153
0.3323176196450977,0.34315408947130593
0.3323176196450977,0.34342521464075915
0.3324968632371393,0.34351558969724355
0.3324968632371393,0.3438770899231812
0.33267610682918086,0.3439674649796656
0.33267610682918086,0.34414821509263444
0.33285535042122244,0.34423859014911884
0.33285535042122244,0.34441934026208765
0.3333930811973472,0.3446904654315409
0.3333930811973472,0.3448712155445097
0.3337515683814304,0.34505196565747853
0.3337515683814304,0.34514234071396294
0.33393081197347196,0.34523271577044734
0.33393081197347196,0.34532309082693174
0.3346477863416383,0.3456845910528694
0.3346477863416383,0.3458653411658382
0.33518551711776307,0.34613646633529144
0.33518551711776307,0.3462268413917759
0.3359024914859294,0.3465883416177135
0.3359024914859294,0.3466787166741979
0.33626097867001253,0.3468594667871667
0.33626097867001253,0.3470402169001356
0.3364402222620541,0.34713059195662
0.3364402222620541,0.3473113420695888
0.3367987094461373,0.3474920921825576
0.3367987094461373,0.3476728422955264
0.3371571966302205,0.3478535924084953
0.3371571966302205,0.3479439674649797
0.33733644022226206,0.3479439674649797
0.33751568381430364,0.3480343425214641
0.33751568381430364,0.3482150926344329
0.3376949274063452,0.3483054676909173
0.3376949274063452,0.3483958427474017
0.3378741709983868,0.3483958427474017
0.3378741709983868,0.348666967916855
0.33823265818247,0.3488477180298238
0.33823265818247,0.3489380930863082
0.33859114536655316,0.349118843199277
0.33859114536655316,0.3492092182557614
0.33877038895859474,0.3492995933122458
0.33877038895859474,0.34948034342521467
0.3391288761426779,0.3496610935381835
0.3391288761426779,0.3499322187076367
0.33984585051084426,0.35029371893357436
0.34002509410288584,0.35029371893357436
0.34002509410288584,0.3505648441030276
0.3402043376949274,0.350655219159512
0.3402043376949274,0.3508359692724808
0.340383581286969,0.3509263443289652
0.340383581286969,0.35119746949841846
0.3405628248790106,0.35128784455490286
0.3405628248790106,0.35137821961138727
0.34074206847105215,0.35146859466787167
0.34074206847105215,0.3515589697243561
0.3411005556551353,0.3515589697243561
0.3411005556551353,0.3517397198373249
0.34127979924717694,0.3517397198373249
0.34127979924717694,0.35201084500677815
0.3414590428392185,0.35210122006326255
0.3414590428392185,0.35219159511974696
0.3418175300233017,0.35237234523271577
0.3418175300233017,0.3525530953456846
0.34199677361534325,0.352643470402169
0.34199677361534325,0.35291459557162225
0.3423552607994264,0.35309534568459106
0.3423552607994264,0.35345684591052867
0.342534504391468,0.35345684591052867
0.342534504391468,0.35354722096701313
0.3428929915755512,0.35372797107998194
0.3428929915755512,0.35381834613646634
0.34325147875963435,0.35399909624943515
0.34325147875963435,0.35417984636240396
0.34343072235167593,0.35427022141888836
0.34343072235167593,0.3543605964753728
0.3437892095357591,0.35454134658834163
0.3437892095357591,0.35472209670131044
0.34396845312780067,0.35481247175779485
0.34396845312780067,0.35490284681427925
0.34450618390392546,0.3551739719837325
0.34450618390392546,0.3552643470402169
0.34468542749596703,0.3553547220967013
0.34468542749596703,0.35553547220967013
0.34522315827209177,0.35580659737912335
0.34522315827209177,0.35589697243560775
0.3457608890482165,0.356168097605061
0.3457608890482165,0.3562584726615454
0.34594013264025814,0.3563488477180298
0.34594013264025814,0.3568007230004519
0.3461193762322997,0.3568007230004519
0.3461193762322997,0.3571622232263895
0.3462986198243413,0.3572525982828739
0.3462986198243413,0.3576140985088116
0.34647786341638287,0.3576140985088116
0.34665710700842445,0.357704473565296
0.34665710700842445,0.3578852236782648
0.346836350600466,0.3578852236782648
0.346836350600466,0.3584274740171713
0.3470155941925076,0.3585178490736557
0.3470155941925076,0.3586082241301401
0.34737408137659076,0.3587889742431089
0.34737408137659076,0.3590600994125621
0.3475533249686324,0.3590600994125621
0.3475533249686324,0.3591504744690465
0.34773256856067397,0.3591504744690465
0.34773256856067397,0.3595119746949842
0.34791181215271555,0.3595119746949842
0.3480910557447571,0.3596023497514686
0.3480910557447571,0.359692724807953
0.3484495429288403,0.3598734749209218
0.3484495429288403,0.3607772254857659
0.34862878652088186,0.3607772254857659
0.34862878652088186,0.36095797559873477
0.34880803011292344,0.3610483506552192
0.34880803011292344,0.3611387257117036
0.3489872737049651,0.361229100768188
0.3489872737049651,0.36195210122006327
0.34934576088904823,0.3621328513330321
0.34934576088904823,0.36249435155896975
0.3495250044810898,0.36258472661545416
0.3495250044810898,0.36276547672842296
0.34988349166517296,0.3629462268413918
0.34988349166517296,0.3630366018978762
0.3502419788492561,0.363217352010845
0.3502419788492561,0.36348847718029825
0.3507797096253809,0.36375960234975147
0.3507797096253809,0.36430185268865795
0.3509589532174225,0.36439222774514235
0.3509589532174225,0.36457297785811116
0.35131744040150564,0.36475372797107997
0.35131744040150564,0.36493447808404883
0.3514966839935472,0.36502485314053323
0.3514966839935472,0.36538635336647085
0.3516759275855888,0.36538635336647085
0.3516759275855888,0.36565747853592406
0.3518551711776304,0.36565747853592406
0.3518551711776304,0.36592860370537733
0.35239290195375517,0.36619972887483054
0.35239290195375517,0.36629010393131495
0.35257214554579674,0.36638047898779935
0.35257214554579674,0.3665612291007682
0.3527513891378383,0.3666516041572526
0.3527513891378383,0.36683235427022143
0.3531098763219215,0.36701310438319024
0.3531098763219215,0.3673746046091279
0.35346836350600463,0.3675553547220967
0.35346836350600463,0.36791685494803433
0.35364760709804627,0.36800723000451874
0.35364760709804627,0.368278355173972
0.35382685069008785,0.368278355173972
0.35382685069008785,0.36891098056936283
0.3540060942821294,0.36891098056936283
0.3540060942821294,0.3690013556258473
0.35454382505825416,0.3692724807953005
0.35454382505825416,0.3695436059647537
0.35472306865029574,0.3696339810212381
0.35472306865029574,0.3699051061906914
0.3549023122423373,0.3699051061906914
0.3549023122423373,0.3706281066425667
0.3552607994264205,0.3708088567555355
0.3552607994264205,0.3709896068685043
0.3556192866105037,0.3711703569814731
0.3556192866105037,0.3715318572074108
0.35579853020254526,0.3716222322638952
0.35579853020254526,0.3717126073203796
0.35597777379458684,0.371802982376864
0.35597777379458684,0.3720741075463172
0.3561570173866284,0.3721644826028016
0.3561570173866284,0.37234523271577047
0.35651550457071157,0.3725259828287393
0.35651550457071157,0.3726163578852237
0.3566947481627532,0.3727067329417081
0.3566947481627532,0.3728874830546769
0.3568739917547948,0.3728874830546769
0.35705323534683636,0.3729778581111613
0.35723247893887794,0.3729778581111613
0.35723247893887794,0.37333935833709897
0.3575909661229611,0.3735201084500678
0.3575909661229611,0.3737008585630366
0.3577702097150027,0.373791233619521
0.3577702097150027,0.37406235878897426
0.35794945330704425,0.37415273384545866
0.35794945330704425,0.3745142340713963
0.35812869689908583,0.3746046091278807
0.35812869689908583,0.3754179846362404
0.35830794049112746,0.3755083596927248
0.35830794049112746,0.37614098508811566
0.35848718408316904,0.37614098508811566
0.3588456712672522,0.3763217352010845
0.3588456712672522,0.37641211025756893
0.3590249148592938,0.37650248531405334
0.3590249148592938,0.37713511070944417
0.35920415845133535,0.37713511070944417
0.35920415845133535,0.37830998644374153
0.35938340204337693,0.37830998644374153
0.35938340204337693,0.37840036150022593
0.3595626456354185,0.37849073655671034
0.3595626456354185,0.37858111161319474
0.35974188922746014,0.37867148666967915
0.35974188922746014,0.37876186172616355
0.3599211328195017,0.378852236782648
0.3601003764115433,0.378852236782648
0.3601003764115433,0.3790329868956168
0.3602796200035849,0.3791233619521012
0.3602796200035849,0.3792137370085856
0.36045886359562646,0.37930411206507003
0.36045886359562646,0.3800271125169453
0.36063810718766803,0.3801174875734297
0.36063810718766803,0.3804789877993674
0.3608173507797096,0.3805693628558518
0.3608173507797096,0.3807501129688206
0.3609965943717512,0.380840488025305
0.3609965943717512,0.3809308630817894
0.36171356873991756,0.3812923633077271
0.36171356873991756,0.3813827383642115
0.36189281233195914,0.3814731134206959
0.36189281233195914,0.3818346136466335
0.3622512995160423,0.3820153637596023
0.3622512995160423,0.3821057388160868
0.36243054310808387,0.3821961138725712
0.36243054310808387,0.38237686398554
0.3627890302921671,0.3825576140985088
0.3627890302921671,0.382828739267962
0.36314751747625024,0.3830094893809309
0.36314751747625024,0.3833709896068685
0.3635060046603334,0.3835517397198373
0.3635060046603334,0.3840939900587438
0.36368524825237497,0.3840939900587438
0.36368524825237497,0.3850881156800723
0.36386449184441655,0.3851784907365567
0.36386449184441655,0.3852688657930411
0.3640437354364581,0.3852688657930411
0.3640437354364581,0.3860822413014008
0.36440222262054134,0.38626299141436965
0.3645814662125829,0.38626299141436965
0.3645814662125829,0.38653411658382286
0.3647607098046245,0.38662449164030727
0.3647607098046245,0.38707636692272934
0.3649399533966661,0.38716674197921375
0.3649399533966661,0.38725711703569815
0.36511919698870765,0.38734749209218255
0.36511919698870765,0.38752824220515136
0.36529844058074923,0.38761861726163577
0.36529844058074923,0.38770899231812017
0.3654776841727908,0.38779936737460463
0.3654776841727908,0.38788974243108904
0.3656569277648324,0.38798011748757344
0.3656569277648324,0.38807049254405784
0.365836171356874,0.38807049254405784
0.365836171356874,0.38816086760054225
0.3660154149489156,0.38816086760054225
0.3660154149489156,0.38852236782647986
0.3661946585409572,0.38852236782647986
0.3661946585409572,0.38870311793944873
0.36637390213299875,0.38879349299593313
0.36637390213299875,0.38924536827835515
0.36655314572504033,0.38933574333483956
0.36655314572504033,0.3896068685042928
0.3667323893170819,0.38969724356077723
0.3667323893170819,0.38978761861726163
0.36709087650116506,0.38996836873023044
0.36709087650116506,0.39014911884319925
0.36727012009320664,0.3902394938996837
0.36727012009320664,0.3904202440126525
0.3674493636852483,0.3905106190691369
0.3674493636852483,0.39078174423859013
0.36780785086933143,0.39096249435155894
0.36780785086933143,0.3913239945774966
0.367987094461373,0.3913239945774966
0.367987094461373,0.39177586985991864
0.36834558164545617,0.3919566199728875
0.36834558164545617,0.3921373700858563
0.36852482523749774,0.3922277451423407
0.36852482523749774,0.3924084952553095
0.3687040688295393,0.3924988703117939
0.3687040688295393,0.3928603705377316
0.36888331242158096,0.392950745594216
0.36888331242158096,0.3930411206507004
0.3692417996056641,0.3932218707636692
0.3692417996056641,0.3937641211025757
0.36960028678974727,0.3939448712155445
0.36960028678974727,0.3940352462720289
0.36977953038178885,0.3941256213285133
0.36977953038178885,0.3943063714414822
0.3699587739738304,0.3943967464979666
0.3699587739738304,0.394487121554451
0.370138017565872,0.3945774966109354
0.370138017565872,0.3946678716674198
0.3703172611579136,0.3947582467239042
0.3703172611579136,0.3948486217803886
0.3704965047499552,0.394938996836873
0.3704965047499552,0.39521012200632627
0.3706757483419968,0.3953004970628107
0.3706757483419968,0.3953908721192951
0.37085499193403837,0.3954812471757795
0.37085499193403837,0.3957523723452327
0.37103423552607995,0.3958427474017171
0.37103423552607995,0.39611387257117037
0.3712134791181215,0.39620424762765477
0.3712134791181215,0.3962946226841392
0.3715719663022047,0.396475372797108
0.3715719663022047,0.3965657478535924
0.37193045348628784,0.39674649796656125
0.37193045348628784,0.39710799819249887
0.37210969707832947,0.39710799819249887
0.37210969707832947,0.3972887483054677
0.3726474278544542,0.39755987347492094
0.3726474278544542,0.39774062358788975
0.3728266714464958,0.39774062358788975
0.3728266714464958,0.39864437415273385
0.37300591503853736,0.39864437415273385
0.37318515863057894,0.39873474920921825
0.37318515863057894,0.39882512426570266
0.3733644022226205,0.39891549932218706
0.3733644022226205,0.39918662449164033
0.37354364581466215,0.39927699954812473
0.37354364581466215,0.39936737460460914
0.37372288940670373,0.39945774966109354
0.37372288940670373,0.39954812471757795
0.3739021329987453,0.39963849977406235
0.3739021329987453,0.39972887483054675
0.37426062018282846,0.39990962494351556
0.37426062018282846,0.40036150022593764
0.3746191073669116,0.40054225033890645
0.3746191073669116,0.40063262539539085
0.3747983509589532,0.40072300045187526
0.3747983509589532,0.40135562584726614
0.3749775945509948,0.40144600090375054
0.3749775945509948,0.4018978761861726
0.3751568381430364,0.401988251242657
0.3751568381430364,0.4028920018075011
0.375336081735078,0.4028920018075011
0.375336081735078,0.4029823768639855
0.37551532532711956,0.40307275192046993
0.37551532532711956,0.40316312697695433
0.3758738125112027,0.4033438770899232
0.3758738125112027,0.4041572525982829
0.3760530561032443,0.4042476276547673
0.3760530561032443,0.4045187528242205
0.3762322996952859,0.4045187528242205
0.3762322996952859,0.4046091278807049
0.37641154328732745,0.4046995029371893
0.37641154328732745,0.4048802530501582
0.37766624843161856,0.405512878445549
0.37766624843161856,0.4057840036150023
0.37784549202366013,0.4058743786714867
0.37784549202366013,0.4059647537279711
0.3780247356157017,0.4059647537279711
0.3780247356157017,0.4063262539539087
0.37820397920774335,0.4064166290103931
0.37820397920774335,0.4069588793492996
0.3783832227997849,0.407049254405784
0.3783832227997849,0.40732037957523726
0.3787417099838681,0.40750112968820607
0.3787417099838681,0.4077722548576593
0.37910019716795124,0.4079530049706281
0.37910019716795124,0.4080433800271125
0.3792794407599928,0.40813375508359695
0.3792794407599928,0.40858563036601897
0.3794586843520344,0.4086760054225034
0.3794586843520344,0.4088567555354722
0.379637927944076,0.40894713059195664
0.379637927944076,0.40912788070492545
0.3798171715361176,0.40921825576140985
0.3798171715361176,0.40948938093086307
0.3799964151281592,0.40957975598734747
0.3799964151281592,0.40985088115680074
0.38035490231224234,0.41003163126976955
0.38035490231224234,0.41066425666516043
0.3807133894963255,0.41084500677812924
0.3807133894963255,0.41111613194758245
0.38089263308836707,0.41120650700406686
0.38089263308836707,0.41129688206055126
0.38107187668040865,0.41129688206055126
0.38107187668040865,0.41183913239945774
0.3812511202724503,0.41183913239945774
0.3812511202724503,0.41192950745594215
0.38143036386449186,0.41201988251242655
0.38143036386449186,0.4123813827383642
0.381788851048575,0.41256213285133303
0.381788851048575,0.41265250790781743
0.3819680946406166,0.41274288296430184
0.3819680946406166,0.41283325802078624
0.38232658182469975,0.4130140081337551
0.38232658182469975,0.4131043831902395
0.38250582541674133,0.4131043831902395
0.38250582541674133,0.4132851333032083
0.38286431260082454,0.4134658834161771
0.38286431260082454,0.41364663352914594
0.3830435561928661,0.41373700858563034
0.3830435561928661,0.4141888838680524
0.38358128696899085,0.41446000903750563
0.38358128696899085,0.41455038409399003
0.38376053056103243,0.4146407591504745
0.38376053056103243,0.4148215092634433
0.3841190177451156,0.4150022593764121
0.3841190177451156,0.4154541346588342
0.3842982613371572,0.4155445097153186
0.3842982613371572,0.4158156348847718
0.3846567485212404,0.4159963849977406
0.3846567485212404,0.4161771351107094
0.3853737228894067,0.4165386353366471
0.3853737228894067,0.4169905106190691
0.38555296648144827,0.4169905106190691
0.38555296648144827,0.417171260732038
0.38573221007348985,0.4172616357885224
0.38573221007348985,0.4175327609579756
0.3859114536655315,0.41762313601446
0.38609069725757306,0.41762313601446
0.38609069725757306,0.4177135110709444
0.38626994084961463,0.4178038861274288
0.38626994084961463,0.41789426118391326
0.3864491844416562,0.41789426118391326
0.3864491844416562,0.41807501129688207
0.3866284280336978,0.41807501129688207
0.38698691521778095,0.4182557614098509
0.38698691521778095,0.4185268865793041
0.3871661588098225,0.4186172616357885
0.3871661588098225,0.41870763669227296
0.38752464599390574,0.41888838680524176
0.38752464599390574,0.4193402620876638
0.3877038895859473,0.4193402620876638
0.3877038895859473,0.41970176231360146
0.3878831331779889,0.41979213737008586
0.3878831331779889,0.41997288748305467
0.38806237677003047,0.41997288748305467
0.38913783832228,0.42051513782196115
0.38913783832228,0.42060551287844555
0.38931708191432157,0.42069588793492996
0.38931708191432157,0.42087663804789877
0.38967556909840473,0.4210573881608676
0.38967556909840473,0.42114776321735203
0.3903925434665711,0.42150926344328965
0.3903925434665711,0.42178038861274286
0.3905717870586127,0.42178038861274286
0.3905717870586127,0.42187076366922727
0.39075103065065425,0.42187076366922727
0.39093027424269583,0.4219611387257117
0.39093027424269583,0.42205151378219613
0.3911095178347374,0.42214188883868053
0.3911095178347374,0.42232263895164934
0.391288761426779,0.42241301400813375
0.391288761426779,0.42250338906461815
0.39146800501882056,0.42259376412110256
0.39146800501882056,0.42268413917758696
0.39164724861086214,0.4227745142340714
0.39164724861086214,0.42304563940352463
0.3918264922029037,0.42313601446000904
0.3918264922029037,0.42340713962946225
0.39200573579494535,0.42340713962946225
0.39218497938698693,0.42349751468594665
0.39218497938698693,0.4236782647989155
0.3923642229790285,0.4236782647989155
0.3923642229790285,0.4237686398553999
0.39272271016311167,0.42394938996836873
0.39272271016311167,0.42403976502485313
0.39290195375515324,0.42403976502485313
0.3930811973471948,0.42413014008133754
0.3930811973471948,0.42422051513782194
0.3932604409392364,0.42431089019430634
0.3932604409392364,0.4244012652507908
0.39343968453127803,0.4244916403072752
0.39343968453127803,0.424672390420244
0.3936189281233196,0.424672390420244
0.39397741530740277,0.4248531405332128
0.39397741530740277,0.42494351558969723
0.3943359024914859,0.42512426570266604
0.3943359024914859,0.4255761409850881
0.3945151460835275,0.4255761409850881
0.3945151460835275,0.4258472661545413
0.3946943896755691,0.4258472661545413
0.3946943896755691,0.42593764121102573
0.39487363326761066,0.4260280162675102
0.3950528768596523,0.4260280162675102
0.3950528768596523,0.426208766380479
0.39523212045169387,0.426208766380479
0.39541136404373545,0.4262991414369634
0.39541136404373545,0.4264798915499322
0.395590607635777,0.4265702666064166
0.3957698512278186,0.4265702666064166
0.3957698512278186,0.426660641662901
0.3959490948198602,0.4267510167193854
0.3959490948198602,0.4269317668323543
0.39630758200394334,0.4271125169453231
0.39630758200394334,0.4272028920018075
0.39648682559598497,0.4272028920018075
0.39648682559598497,0.4275643922277451
0.39666606918802655,0.4275643922277451
0.39666606918802655,0.427745142340714
0.3968453127800681,0.4278355173971984
0.3968453127800681,0.4286488929055581
0.3970245563721097,0.4286488929055581
0.3970245563721097,0.4290103931314957
0.39738304355619286,0.4291911432444645
0.39738304355619286,0.4295526434704022
0.39810001792435923,0.4299141436963398
0.39810001792435923,0.43045639403524627
0.3982792615164008,0.4305467690917307
0.3984585051084424,0.4305467690917307
0.3984585051084424,0.43126976954360596
0.39863774870048396,0.43136014460009037
0.39863774870048396,0.43172164482602804
0.39881699229252554,0.43181201988251244
0.39881699229252554,0.43226389516493446
0.3989962358845671,0.43226389516493446
0.3991754794766087,0.43235427022141887
0.3993547230686503,0.43235427022141887
0.3993547230686503,0.43298689561680975
0.40007169743681664,0.4333483958427474
0.40007169743681664,0.43361952101220064
0.4002509410288582,0.43361952101220064
0.4002509410288582,0.43389064618165385
0.4004301846208998,0.43398102123813825
0.4004301846208998,0.43407139629462266
0.4006094282129414,0.4341617713511071
0.4006094282129414,0.4343425214640759
0.40078867180498295,0.43443289652056033
0.40078867180498295,0.43452327157704473
0.40096791539702453,0.43461364663352914
0.40096791539702453,0.4349751468594668
0.40114715898906617,0.4350655219159512
0.40114715898906617,0.4351558969724356
0.40132640258110774,0.43524627202892
0.4015056461731493,0.43524627202892
0.4015056461731493,0.43542702214188883
0.4016848897651909,0.43551739719837324
0.4016848897651909,0.43560777225485764
0.4018641333572325,0.43560777225485764
0.40222262054131563,0.4357885223678265
0.40222262054131563,0.4358788974243109
0.4024018641333572,0.4359692724807953
0.4024018641333572,0.4361500225937641
0.402939594909482,0.43642114776321733
0.402939594909482,0.43651152281970174
0.40347732568560674,0.436782647989155
0.40347732568560674,0.4368730230456394
0.4038358128696899,0.4370537731586082
0.4038358128696899,0.437234523271577
0.40401505646173147,0.437234523271577
0.40401505646173147,0.4374152733845459
0.4041943000537731,0.4375056484410303
0.4041943000537731,0.4378671486669679
0.40455278723785626,0.4380478987799367
0.40455278723785626,0.438770899231812
0.40473203082989784,0.4388612742882964
0.4049112744219394,0.4388612742882964
0.4049112744219394,0.4389516493447808
0.405090518013981,0.4390420244012653
0.405090518013981,0.4391323994577497
0.40526976160602257,0.4391323994577497
0.40526976160602257,0.4392227745142341
0.4056282487901057,0.4394035246272029
0.4056282487901057,0.4396746497966561
0.4065244667503137,0.4401265250790782
0.4065244667503137,0.440307275192047
0.40724144111848004,0.44066877541798466
0.40724144111848004,0.44084952553095347
0.4074206847105216,0.44093990058743787
0.4074206847105216,0.4412110257568911
0.4077791718946048,0.4413917758698599
0.4077791718946048,0.44148215092634435
0.40795841548664635,0.44157252598282876
0.40813765907868793,0.44157252598282876
0.40813765907868793,0.4422051513782196
0.4083169026707295,0.44229552643470404
0.4083169026707295,0.44247627654767285
0.4088546334468543,0.44274740171712607
0.4088546334468543,0.4429281518300949
0.4090338770388959,0.4430185268865793
0.4090338770388959,0.44310890194306374
0.40921312063093745,0.44319927699954814
0.40921312063093745,0.44338002711251695
0.40939236422297903,0.44338002711251695
0.40939236422297903,0.44356077722548576
0.4095716078150206,0.44365115228197016
0.4095716078150206,0.44383190239493897
0.4097508514070622,0.44383190239493897
0.40993009499910377,0.44392227745142343
0.40993009499910377,0.44419340262087664
0.41010933859114534,0.44428377767736105
0.41010933859114534,0.44455490284681426
0.410288582183187,0.44464527790329866
0.410288582183187,0.4448260280162675
0.41046782577522856,0.4448260280162675
0.41046782577522856,0.44491640307275193
0.41064706936727013,0.44491640307275193
0.41064706936727013,0.44500677812923634
0.41118480014339487,0.44527790329868955
0.41136404373543645,0.44527790329868955
0.41136404373543645,0.4455490284681428
0.411543287327478,0.4455490284681428
0.411543287327478,0.44582015363759603
0.41190177451156124,0.44600090375056484
0.41190177451156124,0.44627202892001805
0.4120810181036028,0.4463624039765025
0.4120810181036028,0.4467239042024401
0.4122602616956444,0.4467239042024401
0.4122602616956444,0.44681427925892453
0.41243950528768597,0.44690465431540893
0.41243950528768597,0.44699502937189334
0.4129772360638107,0.4472661545413466
0.4129772360638107,0.447356529597831
0.41333572324789386,0.447356529597831
0.41333572324789386,0.4474469046543154
0.4135149668399355,0.4475372797107998
0.4135149668399355,0.44789877993673743
0.41369421043197707,0.4479891549932219
0.41369421043197707,0.4480795300497063
0.41387345402401865,0.4480795300497063
0.41387345402401865,0.4481699051061907
0.41405269761606023,0.4481699051061907
0.41405269761606023,0.4482602801626751
0.4144111848001434,0.4484410302756439
0.4144111848001434,0.4486217803886127
0.41476967198422654,0.4488025305015816
0.41476967198422654,0.448892905558066
0.4149489155762682,0.448892905558066
0.41530740276035133,0.4490736556710348
0.41530740276035133,0.4491640307275192
0.41602437712851764,0.4495255309534568
0.41602437712851764,0.4497062810664257
0.4163828643126008,0.4498870311793945
0.41656210790464243,0.4498870311793945
0.41656210790464243,0.4499774062358789
0.416741351496684,0.4500677812923633
0.416741351496684,0.4503389064618165
0.4169205950887256,0.450429281518301
0.4169205950887256,0.4505196565747854
0.41709983868076717,0.4506100316312698
0.41709983868076717,0.4509715318572074
0.41727908227280874,0.4510619069136918
0.41727908227280874,0.4511522819701762
0.4174583258648503,0.45124265702666067
0.4174583258648503,0.45133303208314507
0.4176375694568919,0.45133303208314507
0.4176375694568919,0.4515137821961139
0.4178168130489335,0.4516041572525983
0.4178168130489335,0.4519656574785359
0.4179960566409751,0.4519656574785359
0.4179960566409751,0.45232715770447357
0.4181753002330167,0.452417532760958
0.4181753002330167,0.4525982828739268
0.41835454382505827,0.4525982828739268
0.41853378741709985,0.4526886579304112
0.41853378741709985,0.45314053321283326
0.4190715181932246,0.4534116583822865
0.4190715181932246,0.45377315860822415
0.41925076178526616,0.45377315860822415
0.41925076178526616,0.45422503389064617
0.41943000537730774,0.4543154089471306
0.41943000537730774,0.45476728422955265
0.41978849256139095,0.45494803434252146
0.41978849256139095,0.45503840939900586
0.4199677361534325,0.45512878445549027
0.4199677361534325,0.45530953456845913
0.4201469797454741,0.45530953456845913
0.4201469797454741,0.45549028468142794
0.4203262233375157,0.45558065973791234
0.4203262233375157,0.45567103479439675
0.42050546692955726,0.45576140985088115
0.42050546692955726,0.45585178490736555
0.42068471052159884,0.45585178490736555
0.42068471052159884,0.4561229100768188
0.4214016848897652,0.45648441030275644
0.4214016848897652,0.45666516041572525
0.4215809284818068,0.45675553547220965
0.4215809284818068,0.4569362855851785
0.42176017207384836,0.4570266606416629
0.42176017207384836,0.45738816086760054
0.42193941566588994,0.45747853592408494
0.42193941566588994,0.45756891098056934
0.4221186592579315,0.45756891098056934
0.4221186592579315,0.45765928603705375
0.4222979028499731,0.4577496610935382
0.4222979028499731,0.457930411206507
0.4228356336260979,0.45820153637596023
0.4228356336260979,0.45838228648892904
0.42301487721813946,0.45847266154541344
0.42319412081018104,0.45847266154541344
0.42319412081018104,0.4585630366018979
0.4233733644022226,0.4586534116583823
0.4233733644022226,0.4588341617713511
0.42391109517834735,0.4591052869408043
0.42391109517834735,0.45919566199728873
0.424090338770389,0.45919566199728873
0.424090338770389,0.4593764121102576
0.4246280695465137,0.4596475372797108
0.4246280695465137,0.459918662449164
0.4248073131385553,0.4600090375056484
0.4248073131385553,0.4600994125621328
0.42516580032263845,0.4602801626751017
0.42516580032263845,0.4605512878445549
0.4255242875067216,0.4607320379575237
0.4255242875067216,0.4608224130140081
0.4258827746908048,0.461003163126977
0.4258827746908048,0.4611839132399458
0.4260620182828464,0.4612742882964302
0.4260620182828464,0.461455038409399
0.426241261874888,0.461455038409399
0.426241261874888,0.4615454134658834
0.42659974905897113,0.4617261635788522
0.42659974905897113,0.4619972887483055
0.4267789926510127,0.4620876638047899
0.4267789926510127,0.4623587889742431
0.4269582362430543,0.4624491640307275
0.4269582362430543,0.46272028920018077
0.42713747983509587,0.46272028920018077
0.42713747983509587,0.46281066425666517
0.4273167234271375,0.4629010393131496
0.4273167234271375,0.4630817894261184
0.42785445420326224,0.4633529145955716
0.42785445420326224,0.46344328965205606
0.4280336977953038,0.46353366470854046
0.4280336977953038,0.46362403976502486
0.4282129413873454,0.46362403976502486
0.4282129413873454,0.4638951649344781
0.42839218497938697,0.4639855399909625
0.42839218497938697,0.4641662901039313
0.42857142857142855,0.4641662901039313
0.42857142857142855,0.46461816538635337
0.4287506721634702,0.46470854044283777
0.4287506721634702,0.4647989154993222
0.42892991575551176,0.4648892905558066
0.42892991575551176,0.46543154089471306
0.42910915934755334,0.46552191595119746
0.4292884029395949,0.46552191595119746
0.4292884029395949,0.46561229100768187
0.4294676465316365,0.46561229100768187
0.4294676465316365,0.46570266606416627
0.42964689012367807,0.46570266606416627
0.42964689012367807,0.4657930411206507
0.42982613371571965,0.46588341617713513
0.42982613371571965,0.46606416629010394
0.4300053773077612,0.46606416629010394
0.4301846208998028,0.46615454134658835
0.4301846208998028,0.46633529145955716
0.43036386449184444,0.46633529145955716
0.43036386449184444,0.46651604157252596
0.430543108083886,0.46660641662901037
0.430543108083886,0.46678716674197923
0.4307223516759276,0.46687754179846364
0.4307223516759276,0.4675101671938545
0.4314393260440939,0.46787166741979214
0.4314393260440939,0.46805241753276094
0.4316185696361355,0.46805241753276094
0.4316185696361355,0.46814279258924535
0.43233554400430185,0.468504292815183
0.43233554400430185,0.4685946678716674
0.43251478759634343,0.4685946678716674
0.432694031188385,0.46868504292815183
0.432694031188385,0.46877541798463623
0.4339487363326761,0.4694080433800271
0.4339487363326761,0.4694984184365115
0.43430722351675927,0.46967916854948033
0.43430722351675927,0.46976954360596473
0.43448646710880084,0.46985991866244914
0.43448646710880084,0.4699502937189336
0.43484495429288406,0.4701310438319024
0.43484495429288406,0.4707636692272933
0.4352034414769672,0.4709444193402621
0.4352034414769672,0.4711251694532309
0.43556192866105037,0.4713059195661997
0.43556192866105037,0.4713962946226841
0.43574117225309195,0.4714866696791685
0.43574117225309195,0.4719385449615906
0.4360996594371751,0.4721192950745594
0.4360996594371751,0.4723000451875282
0.4362789030292167,0.4723904202440127
0.4362789030292167,0.4726615454134659
0.4364581466212583,0.4727519204699503
0.4364581466212583,0.4728422955264347
0.4366373902132999,0.4728422955264347
0.4366373902132999,0.4729326705829191
0.43681663380534147,0.4730230456394035
0.43681663380534147,0.47320379575237237
0.43699587739738305,0.47320379575237237
0.43699587739738305,0.4733845458653412
0.4371751209894246,0.4734749209218256
0.4371751209894246,0.4737460460912788
0.4373543645814662,0.4738364211477632
0.4373543645814662,0.4739267962042476
0.4375336081735078,0.47401717126073206
0.4375336081735078,0.47410754631721647
0.43771285176554936,0.47419792137370087
0.43771285176554936,0.4742882964301853
0.437892095357591,0.4742882964301853
0.437892095357591,0.4743786714866697
0.4387883133177989,0.47483054676909175
0.4387883133177989,0.47492092182557616
0.43896755690984046,0.47501129688206056
0.43896755690984046,0.47519204699502937
0.43914680050188204,0.4752824220515138
0.43914680050188204,0.4754631721644826
0.43968453127800683,0.47573429733393585
0.43968453127800683,0.47600542250338906
0.4398637748700484,0.47609579755987347
0.4398637748700484,0.4761861726163579
0.44004301846209,0.4762765476728423
0.44004301846209,0.4763669227293267
0.44022226205413156,0.47645729778581114
0.44022226205413156,0.47654767284229554
0.44040150564617314,0.47654767284229554
0.44040150564617314,0.47708992318120197
0.4405807492382147,0.4771802982376864
0.4405807492382147,0.47745142340713964
0.4407599928302563,0.47754179846362405
0.4407599928302563,0.47772254857659285
0.4409392364222979,0.47772254857659285
0.4409392364222979,0.47790329868956166
0.4411184800143395,0.47790329868956166
0.4412977236063811,0.47799367374604607
0.4412977236063811,0.4780840488025305
0.44147696719842267,0.4780840488025305
0.44147696719842267,0.47817442385901493
0.44165621079046424,0.47826479891549933
0.44165621079046424,0.47835517397198374
0.442193941566589,0.47862629914143695
0.442193941566589,0.47871667419792135
0.44237318515863056,0.47880704925440576
0.44237318515863056,0.479078174423859
0.4425524287506722,0.47916854948034343
0.4425524287506722,0.47925892453682784
0.4432694031188385,0.47962042476276545
0.4432694031188385,0.4797107998192499
0.44380713389496323,0.4799819249887031
0.44380713389496323,0.48034342521464074
0.4439863774870048,0.48043380027112514
0.4439863774870048,0.4805241753276096
0.44416562107904645,0.480614550384094
0.44416562107904645,0.4807049254405784
0.4445241082631296,0.4808856755535472
0.4445241082631296,0.4816086760054225
0.4447033518551712,0.4816990510619069
0.4447033518551712,0.4819701762313601
0.44488259544721276,0.48206055128784453
0.44488259544721276,0.482150926344329
0.4452410826312959,0.4823316764572978
0.4454203262233375,0.4823316764572978
0.4454203262233375,0.4824220515137822
0.4455995698153791,0.4825124265702666
0.4455995698153791,0.4826931766832354
0.4457788134074207,0.4827835517397198
0.4457788134074207,0.4828739267962042
0.44613730059150386,0.4830546769091731
0.44613730059150386,0.4831450519656575
0.44631654418354544,0.4832354270221419
0.44631654418354544,0.4833258020786263
0.446495787775587,0.4834161771351107
0.446495787775587,0.4835065521915951
0.4466750313676286,0.4835969272480795
0.4468542749596702,0.4835969272480795
0.4468542749596702,0.4836873023045639
0.44757124932783654,0.4840488025305016
0.44757124932783654,0.4845006778129236
0.4477504929198781,0.4845006778129236
0.4477504929198781,0.48468142792589247
0.44846746728804443,0.4850429281518301
0.44846746728804443,0.4852236782647989
0.44864671088008606,0.4853140533212833
0.44864671088008606,0.48540442837776776
0.44882595447212764,0.48549480343425216
0.44882595447212764,0.48558517849073657
0.4493636852482524,0.4858563036601898
0.4493636852482524,0.4860370537731586
0.44954292884029395,0.486127428829643
0.44954292884029395,0.48621780388612745
0.4502599032084603,0.48657930411206507
0.4502599032084603,0.4867600542250339
0.4504391468005019,0.4868504292815183
0.4504391468005019,0.48712155445097155
0.4506183903925435,0.48721192950745595
0.4506183903925435,0.48748305467690917
0.4511561211686682,0.4877541798463624
0.4511561211686682,0.48784455490284684
0.4513353647607098,0.48793492995933124
0.4513353647607098,0.48820605512878446
0.45151460835275137,0.48829643018526886
0.45151460835275137,0.48838680524175326
0.451693851944793,0.48847718029823767
0.451693851944793,0.48883868052417534
0.4518730955368346,0.48892905558065974
0.4518730955368346,0.48901943063714415
0.4524108263129593,0.48929055580659736
0.4524108263129593,0.4894713059195662
0.4525900699050009,0.48956168097605063
0.4525900699050009,0.48965205603253503
0.45276931349704247,0.48974243108901944
0.45276931349704247,0.48983280614550384
0.45294855708908405,0.48983280614550384
0.45294855708908405,0.48992318120198824
0.4531278006811256,0.49001355625847265
0.4531278006811256,0.49019430637144146
0.45330704427316726,0.4902846814279259
0.45330704427316726,0.4904654315408947
0.45348628786520884,0.49055580659737913
0.45348628786520884,0.4912788070492544
0.4536655314572504,0.4913691821057388
0.4536655314572504,0.4914595571622232
0.453844775049292,0.49154993221870763
0.453844775049292,0.49173068233167644
0.4543825058254167,0.4920018075011297
0.4543825058254167,0.4921825576140985
0.4549202366015415,0.4924536827835517
0.4549202366015415,0.492724807953005
0.45545796737766625,0.4929959331224582
0.45545796737766625,0.4930863081789426
0.45563721096970783,0.493176683235427
0.45563721096970783,0.4932670582919114
0.4558164545617494,0.4933574333483958
0.4558164545617494,0.4938093086308179
0.45617494174583256,0.4939900587437867
0.4563541853378742,0.4939900587437867
0.4563541853378742,0.4940804338002711
0.4565334289299158,0.4941708088567555
0.4565334289299158,0.4942611839132399
0.45671267252195735,0.4942611839132399
0.45742964689012366,0.4946226841391776
0.45742964689012366,0.4950745594215996
0.45796737766624845,0.4953456845910529
0.45796737766624845,0.4955264347040217
0.45814662125829003,0.4955264347040217
0.45814662125829003,0.4957975598734749
0.4583258648503316,0.4958879349299593
0.4583258648503316,0.49606868504292817
0.4585051084423732,0.4961590600994126
0.4585051084423732,0.496249435155897
0.45868435203441477,0.496249435155897
0.45868435203441477,0.4963398102123814
0.45886359562645634,0.4964301852688658
0.45886359562645634,0.4965205603253502
0.4590428392184979,0.4965205603253502
0.4590428392184979,0.49688206055128786
0.4592220828105395,0.49688206055128786
0.45940132640258113,0.49697243560777227
0.45940132640258113,0.49706281066425667
0.4597598135866643,0.4972435607772255
0.4597598135866643,0.49760506100316315
0.45993905717870587,0.49769543605964756
0.45993905717870587,0.49778581111613196
0.46011830077074745,0.49778581111613196
0.46011830077074745,0.49787618617261636
0.460297544362789,0.49796656122910077
0.460297544362789,0.4983280614550384
0.4604767879548306,0.4983280614550384
0.4604767879548306,0.49887031179394487
0.4606560315468722,0.49896068685042927
0.4606560315468722,0.49923181201988254
0.46083527513891376,0.49932218707636694
0.46083527513891376,0.49959331224582015
0.46119376232299697,0.49977406235878896
0.46119376232299697,0.5000451875282422
0.46137300591503855,0.5001355625847266
0.46137300591503855,0.500225937641211
0.4615522495070801,0.500225937641211
0.4615522495070801,0.5003163126976954
0.4617314930991217,0.5004066877541798
0.4617314930991217,0.5004970628106643
0.46226922387524644,0.5007681879801175
0.46226922387524644,0.5011296882060551
0.46244846746728807,0.5011296882060551
0.46244846746728807,0.501310438319024
0.46262771105932965,0.5014008133755083
0.46262771105932965,0.5014911884319928
0.4629861982434128,0.5016719385449616
0.4629861982434128,0.501762313601446
0.4631654418354544,0.5018526886579304
0.4631654418354544,0.5021238138273837
0.4638824162036207,0.5024853140533213
0.4638824162036207,0.5026660641662901
0.46406165979566233,0.5026660641662901
0.46406165979566233,0.5027564392227745
0.4642409033877039,0.5028468142792589
0.4642409033877039,0.5029371893357434
0.46477863416382864,0.5032083145051965
0.46477863416382864,0.5033890646181653
0.4649578777558702,0.5033890646181653
0.4649578777558702,0.5039313149570719
0.4653163649399534,0.5041120650700407
0.4653163649399534,0.504202440126525
0.465495608531995,0.504202440126525
0.4656748521240366,0.5042928151830095
0.4656748521240366,0.5045639403524628
0.46585409571607816,0.5046543154089471
0.46585409571607816,0.5049254405784004
0.46603333930811974,0.5050158156348847
0.46603333930811974,0.5051965657478535
0.4662125829001613,0.505286940804338
0.4662125829001613,0.5053773158608225
0.4674672880444524,0.5060099412562132
0.4674672880444524,0.5061003163126977
0.4678257752285356,0.5062810664256665
0.4678257752285356,0.506371441482151
0.4683635060046603,0.5066425666516041
0.4685427495967019,0.5066425666516041
0.4685427495967019,0.5068233167645729
0.4689012367807851,0.5070040668775418
0.4689012367807851,0.5071848169905107
0.4690804803728267,0.507275192046995
0.4690804803728267,0.5073655671034795
0.46925972396486826,0.5074559421599638
0.46925972396486826,0.5075463172164483
0.46943896755690984,0.5076366922729326
0.46943896755690984,0.5079078174423859
0.4696182111489514,0.5079981924988703
0.469797454740993,0.5079981924988703
0.469797454740993,0.5080885675553547
0.46997669833303457,0.5081789426118392
0.46997669833303457,0.5082693176683235
0.4701559419250762,0.508359692724808
0.4701559419250762,0.5086308178942612
0.47051442910915936,0.50881156800723
0.47051442910915936,0.5089019430637144
0.47069367270120094,0.5089923181201989
0.47069367270120094,0.5090826931766832
0.4708729162932425,0.5091730682331677
0.4708729162932425,0.5093538183461365
0.4710521598852841,0.5094441934026209
0.4710521598852841,0.5097153185720741
0.47141064706936725,0.5098960686850429
0.47141064706936725,0.5099864437415274
0.47284459580569993,0.5107094441934026
0.47284459580569993,0.5108901943063714
0.4730238393977415,0.5109805693628559
0.4730238393977415,0.5112516945323091
0.47320308298978314,0.5113420695887935
0.47320308298978314,0.5114324446452779
0.4733823265818247,0.5115228197017623
0.4733823265818247,0.5116131947582467
0.47392005735794945,0.5118843199277
0.47392005735794945,0.5119746949841844
0.4742785445420326,0.5121554450971532
0.4744577881340742,0.5121554450971532
0.4744577881340742,0.5122458201536376
0.47463703172611577,0.512336195210122
0.47463703172611577,0.5126073203795752
0.474995518910199,0.512788070492544
0.474995518910199,0.5128784455490285
0.47517476250224056,0.5129688206055129
0.47517476250224056,0.5130591956619973
0.4757124932783653,0.5133303208314505
0.47589173687040687,0.5133303208314505
0.47589173687040687,0.5134206958879349
0.47660871123857323,0.5137821961138725
0.47660871123857323,0.5139629462268414
0.4767879548306148,0.5140533212833258
0.4767879548306148,0.5141436963398102
0.4769671984226564,0.5142340713962946
0.4769671984226564,0.5143244464527791
0.47714644201469797,0.5143244464527791
0.47714644201469797,0.5145955716222322
0.47732568560673955,0.5146859466787167
0.47732568560673955,0.514776321735201
0.4776841727908227,0.514776321735201
0.4776841727908227,0.5148666967916855
0.47786341638286434,0.5149570718481699
0.47786341638286434,0.5150474469046543
0.4780426599749059,0.5150474469046543
0.4780426599749059,0.5154089471305919
0.4782219035669475,0.5154993221870764
0.4782219035669475,0.5155896972435607
0.4787596343430722,0.515860822413014
0.4787596343430722,0.5159511974694985
0.4791181215271554,0.5161319475824673
0.4791181215271554,0.5163126976954361
0.47983509589532175,0.5166741979213737
0.47983509589532175,0.5167645729778582
0.48001433948736333,0.5168549480343425
0.48001433948736333,0.516945323090827
0.4801935830794049,0.5170356981473113
0.4801935830794049,0.5173971983732489
0.4803728266714465,0.5173971983732489
0.4803728266714465,0.5175779484862179
0.48055207026348806,0.5175779484862179
0.48055207026348806,0.517849073655671
0.4809105574475713,0.5180298237686398
0.4809105574475713,0.5181201988251243
0.48126904463165443,0.5183009489380931
0.48126904463165443,0.5184816990510619
0.481448288223696,0.5185720741075464
0.481448288223696,0.5191143244464528
0.4816275318157376,0.5192046995029372
0.48180677540777916,0.5192046995029372
0.48180677540777916,0.519385449615906
0.48198601899982074,0.5194758246723904
0.48198601899982074,0.5195661997288749
0.48252374977594553,0.519837324898328
0.48252374977594553,0.5200180750112969
0.4827029933679871,0.5201084500677813
0.4827029933679871,0.5201988251242657
0.48306148055207027,0.5203795752372345
0.48306148055207027,0.5204699502937189
0.48324072414411184,0.5205603253502034
0.48324072414411184,0.5206507004066877
0.4834199677361534,0.5207410754631722
0.4834199677361534,0.5208314505196566
0.4837784549202366,0.5210122006326254
0.4837784549202366,0.5211929507455942
0.4839576985122782,0.5211929507455942
0.4841369421043198,0.5212833258020786
0.4841369421043198,0.5215544509715319
0.48431618569636137,0.5215544509715319
0.48449542928840295,0.5216448260280163
0.48449542928840295,0.5217352010845007
0.4848539164724861,0.5219159511974695
0.4848539164724861,0.5220967013104383
0.4850331600645277,0.5221870763669227
0.4850331600645277,0.5223678264798916
0.48539164724861084,0.5225485765928604
0.48539164724861084,0.5226389516493448
0.4862878652088188,0.5230908269317668
0.4862878652088188,0.5231812019882512
0.48646710880086036,0.5231812019882512
0.48664635239290194,0.5232715770447357
0.48664635239290194,0.52336195210122
0.4868255959849435,0.5234523271577045
0.4868255959849435,0.5236330772706733
0.48772181394515146,0.5240849525530954
0.48772181394515146,0.5243560777225486
0.48790105753719304,0.524446452779033
0.48790105753719304,0.5246272028920018
0.4880803011292346,0.5247175779484862
0.4880803011292346,0.5248079530049706
0.4882595447212762,0.5248983280614551
0.4882595447212762,0.5250790781744239
0.4884387883133178,0.5250790781744239
0.4884387883133178,0.5251694532309082
0.4893350062735257,0.5256213285133303
0.4893350062735257,0.5262539539087212
0.4895142498655673,0.5263443289652056
0.4895142498655673,0.5266154541346588
0.4896934934576089,0.5267058291911433
0.4896934934576089,0.5268865793041121
0.48987273704965045,0.5269769543605964
0.48987273704965045,0.5271577044735652
0.4900519806416921,0.5271577044735652
0.49023122423373366,0.5272480795300497
0.49023122423373366,0.5274288296430185
0.4909481986019,0.5277903298689561
0.4909481986019,0.5279710799819249
0.49112744219394155,0.5280614550384094
0.49112744219394155,0.5282422051513782
0.49130668578598313,0.5283325802078627
0.49130668578598313,0.528422955264347
0.4914859293780247,0.528422955264347
0.4914859293780247,0.5285133303208315
0.4918444165621079,0.5286940804338003
0.4918444165621079,0.5288748305467691
0.4920236601541495,0.5288748305467691
0.4920236601541495,0.5293267058291912
0.4922029037461911,0.5294170808856755
0.4922029037461911,0.5297785811116132
0.49256139093027423,0.529959331224582
0.49256139093027423,0.5300497062810664
0.4927406345223158,0.5301400813375509
0.4927406345223158,0.5302304563940352
0.4929198781143574,0.5303208314505197
0.4929198781143574,0.5305015815634885
0.4932783652984406,0.5306823316764573
0.4932783652984406,0.5307727067329417
0.49363685248252376,0.5309534568459106
0.49363685248252376,0.5314053321283326
0.49381609607456534,0.5314053321283326
0.4939953396666069,0.531495707184817
0.4939953396666069,0.5316764572977858
0.4941745832586485,0.5316764572977858
0.4941745832586485,0.5323090826931767
0.49453307044273165,0.5324898328061455
0.49453307044273165,0.5327609579755987
0.4947123140347733,0.5327609579755987
0.4947123140347733,0.5329417080885676
0.49507080121885644,0.5331224582015364
0.49507080121885644,0.5333032083145052
0.495250044810898,0.5333935833709896
0.495250044810898,0.5336647085404428
0.4954292884029396,0.5337550835969272
0.4954292884029396,0.5339358337098961
0.49578777558702275,0.5341165838228649
0.49578777558702275,0.5342973339358337
0.49596701917906433,0.5343877089923181
0.49596701917906433,0.5345684591052869
0.4961462627711059,0.5346588341617714
0.4961462627711059,0.5347492092182557
0.49632550636314754,0.5348395842747402
0.4965047499551891,0.5348395842747402
0.4965047499551891,0.5352914595571622
0.4966839935472307,0.5352914595571622
0.4968632371392723,0.5353818346136466
0.4968632371392723,0.5354722096701311
0.49704248073131385,0.5354722096701311
0.49722172432335543,0.5355625847266154
0.49722172432335543,0.5361048350655219
0.497400967915397,0.5361048350655219
0.4977594550994802,0.5362855851784908
0.4977594550994802,0.5363759602349751
0.4981179422835634,0.5365567103479439
0.4981179422835634,0.5366470854044284
0.49829718587560495,0.5366470854044284
0.49829718587560495,0.5368278355173972
0.49847642946764653,0.5369182105738816
0.49847642946764653,0.5371893357433348
0.4988349166517297,0.5373700858563036
0.4988349166517297,0.5374604609127881
0.49901416024377127,0.5375508359692724
0.49901416024377127,0.5376412110257569
0.49919340383581284,0.5377315860822413
0.49919340383581284,0.5379123361952102
0.4993726474278545,0.5379123361952102
0.4993726474278545,0.5380027112516945
0.4999103782039792,0.5382738364211478
0.4999103782039792,0.5383642114776321
0.5000896217960208,0.5383642114776321
0.5002688653880624,0.5384545865341166
0.5002688653880624,0.5387257117035699
0.500448108980104,0.5388160867600542
0.5006273525721455,0.5388160867600542
0.5006273525721455,0.538996836873023
0.5008065961641871,0.5390872119295075
0.5008065961641871,0.5391775869859918
0.5013443269403118,0.5394487121554451
0.5013443269403118,0.5395390872119296
0.5015235705323534,0.5396294622684139
0.5015235705323534,0.5397198373248984
0.5017028141243951,0.5398102123813827
0.5017028141243951,0.5399005874378672
0.5018820577164367,0.5399909624943515
0.5018820577164367,0.5403524627202893
0.5022405449005198,0.5405332128332581
0.5022405449005198,0.5406235878897424
0.5024197884925614,0.5406235878897424
0.5024197884925614,0.5408043380027112
0.502599032084603,0.5408043380027112
0.502599032084603,0.5410754631721645
0.5031367628607277,0.5413465883416178
0.5031367628607277,0.5414369633981021
0.5034952500448109,0.5416177135110709
0.5034952500448109,0.5417984636240397
0.5036744936368525,0.5418888386805242
0.5036744936368525,0.5419792137370086
0.5040329808209356,0.5421599638499774
0.5040329808209356,0.5422503389064618
0.5045707115970604,0.5425214640759151
0.5045707115970604,0.5426118391323994
0.5051084423731852,0.5428829643018527
0.5051084423731852,0.5430637144148215
0.5052876859652268,0.543154089471306
0.5052876859652268,0.5433348395842748
0.5056461731493099,0.5435155896972436
0.5056461731493099,0.543605964753728
0.5058254167413515,0.543605964753728
0.5060046603333931,0.5436963398102124
0.5060046603333931,0.5437867148666968
0.5063631475174762,0.5439674649796656
0.5063631475174762,0.5444193402620877
0.5065423911095178,0.5444193402620877
0.5065423911095178,0.5445097153185721
0.5067216347015594,0.5446000903750565
0.5067216347015594,0.5446904654315409
0.506900878293601,0.5447808404880253
0.506900878293601,0.5448712155445097
0.5070801218856426,0.5448712155445097
0.5070801218856426,0.5449615906009941
0.5072593654776841,0.5450519656574785
0.5072593654776841,0.545142340713963
0.5074386090697257,0.5452327157704474
0.5074386090697257,0.5453230908269318
0.5076178526617673,0.5454134658834162
0.5076178526617673,0.545594215996385
0.5083348270299337,0.5459557162223226
0.5083348270299337,0.5460460912788071
0.5085140706219753,0.5461364663352914
0.5085140706219753,0.5463172164482603
0.5092310449901416,0.5466787166741979
0.5092310449901416,0.5468594667871668
0.5094102885821832,0.5468594667871668
0.5094102885821832,0.547582467239042
0.5095895321742248,0.547582467239042
0.5095895321742248,0.5478535924084953
0.5097687757662663,0.5478535924084953
0.5104857501344326,0.5482150926344329
0.5106649937264742,0.5482150926344329
0.5106649937264742,0.5483958427474017
0.5108442373185159,0.5484862178038862
0.5108442373185159,0.5487573429733393
0.5115612116866822,0.549118843199277
0.5115612116866822,0.5492092182557614
0.5117404552787238,0.5492995933122459
0.5117404552787238,0.5493899683687302
0.512098942462807,0.549570718481699
0.512098942462807,0.5497514685946678
0.5122781860548485,0.5498418436511523
0.5122781860548485,0.5499322187076366
0.5124574296468901,0.5499322187076366
0.5124574296468901,0.5502033438770899
0.5126366732389317,0.5502033438770899
0.5128159168309733,0.5502937189335744
0.5128159168309733,0.5503840939900587
0.5131744040150564,0.5505648441030275
0.5131744040150564,0.550655219159512
0.5135328911991396,0.5508359692724808
0.5135328911991396,0.5509263443289653
0.5137121347911812,0.5510167193854496
0.5137121347911812,0.5513782196113872
0.5140706219752644,0.551558969724356
0.5140706219752644,0.5516493447808405
0.514249865567306,0.5516493447808405
0.514249865567306,0.5518300948938093
0.5144291091593476,0.5519204699502938
0.5144291091593476,0.5520108450067781
0.5147875963434307,0.5521915951197469
0.5147875963434307,0.5525530953456846
0.5151460835275139,0.5527338454586534
0.5151460835275139,0.5530049706281066
0.5153253271195555,0.5530953456845911
0.5153253271195555,0.5535472209670131
0.5156838143036386,0.553727971079982
0.5156838143036386,0.5539087211929508
0.5158630578956802,0.5539990962494351
0.5158630578956802,0.5540894713059196
0.5160423014877218,0.5540894713059196
0.5160423014877218,0.5542702214188884
0.5162215450797634,0.5543605964753728
0.5162215450797634,0.5544509715318572
0.5167592758558881,0.5547220967013105
0.5167592758558881,0.5550835969272481
0.5169385194479298,0.5551739719837325
0.5169385194479298,0.5552643470402169
0.5174762502240545,0.5555354722096701
0.5174762502240545,0.5556258472661545
0.5178347374081377,0.5558065973791234
0.5178347374081377,0.5560777225485766
0.5187309553683456,0.5565295978309986
0.5187309553683456,0.5567103479439675
0.5190894425524287,0.5568910980569363
0.5190894425524287,0.5570718481699051
0.5192686861444703,0.5571622232263895
0.5192686861444703,0.5572525982828739
0.5196271733285535,0.5574333483958428
0.5196271733285535,0.557704473565296
0.519806416920595,0.5577948486217804
0.519806416920595,0.5578852236782648
0.5201649041046783,0.5580659737912336
0.5201649041046783,0.558156348847718
0.5203441476967199,0.5582467239042025
0.5203441476967199,0.5584274740171713
0.520702634880803,0.5586082241301401
0.520702634880803,0.5588793492995933
0.5208818784728446,0.5589697243560777
0.5208818784728446,0.5590600994125622
0.5210611220648862,0.5591504744690465
0.5210611220648862,0.5593312245820153
0.5212403656569278,0.5593312245820153
0.5212403656569278,0.5594215996384998
0.5215988528410109,0.5596023497514686
0.5215988528410109,0.5598734749209219
0.5217780964330525,0.5599638499774062
0.5217780964330525,0.560144600090375
0.5223158272091772,0.5604157252598283
0.5223158272091772,0.5605964753727971
0.5226743143932604,0.5607772254857659
0.5226743143932604,0.5608676005422504
0.522853557985302,0.5608676005422504
0.5230328015773437,0.5609579755987347
0.5230328015773437,0.5610483506552192
0.5232120451693852,0.5611387257117035
0.5232120451693852,0.5613194758246723
0.52374977594551,0.5615906009941256
0.52374977594551,0.5616809760506101
0.5239290195375516,0.5616809760506101
0.5239290195375516,0.5618617261635789
0.5241082631295931,0.5619521012200632
0.5241082631295931,0.5622232263895165
0.5242875067216347,0.562313601446001
0.5242875067216347,0.5625847266154541
0.5248252374977594,0.5628558517849074
0.5248252374977594,0.5629462268413917
0.5251837246818426,0.5631269769543606
0.5251837246818426,0.563217352010845
0.5253629682738842,0.5633077270673295
0.5253629682738842,0.5633981021238138
0.5257214554579673,0.5635788522367826
0.5257214554579673,0.5636692272932671
0.5259006990500089,0.5637596023497514
0.5259006990500089,0.5638499774062359
0.5260799426420506,0.5639403524627203
0.5260799426420506,0.5641211025756891
0.5262591862340922,0.5642114776321735
0.5262591862340922,0.5643922277451423
0.5266176734181753,0.5643922277451423
0.5266176734181753,0.5646633529145956
0.5267969170102169,0.56475372797108
0.5267969170102169,0.5649344780840488
0.5269761606022585,0.5649344780840488
0.5269761606022585,0.5650248531405332
0.5271554041943001,0.5651152281970176
0.5271554041943001,0.5653863533664708
0.5275138913783832,0.5655671034794397
0.5275138913783832,0.5656574785359241
0.5276931349704248,0.5657478535924085
0.5276931349704248,0.5658382286488929
0.5282308657465495,0.5661093538183462
0.5282308657465495,0.5661997288748305
0.5284101093385911,0.566290103931315
0.5284101093385911,0.5664708540442838
0.5285893529306327,0.5664708540442838
0.5285893529306327,0.5666516041572526
0.5287685965226743,0.566741979213737
0.5287685965226743,0.5668323542702214
0.5289478401147159,0.5669227293267058
0.5289478401147159,0.5671938544961591
0.5291270837067574,0.5672842295526435
0.5291270837067574,0.5673746046091279
0.5293063272987991,0.5674649796656123
0.5293063272987991,0.5675553547220967
0.5294855708908407,0.5676457297785811
0.5294855708908407,0.5677361048350655
0.5296648144828823,0.5678264798915499
0.5296648144828823,0.5680976050610032
0.5298440580749239,0.5681879801174876
0.5298440580749239,0.568278355173972
0.5300233016669654,0.568278355173972
0.5300233016669654,0.5684591052869408
0.530202545259007,0.5685494803434252
0.530202545259007,0.5686398553999096
0.5303817888510486,0.5686398553999096
0.5303817888510486,0.568730230456394
0.5305610324430902,0.5688206055128785
0.5305610324430902,0.5690013556258473
0.5307402760351317,0.5690013556258473
0.5307402760351317,0.5690917306823317
0.5310987632192149,0.5692724807953005
0.5310987632192149,0.5693628558517849
0.5325327119555476,0.5700858563036602
0.5327119555475892,0.5700858563036602
0.5327119555475892,0.5706281066425667
0.5328911991396308,0.5706281066425667
0.5328911991396308,0.570718481699051
0.5330704427316724,0.5708088567555355
0.5330704427316724,0.5708992318120198
0.533249686323714,0.5709896068685043
0.533249686323714,0.5711703569814731
0.5334289299157555,0.5711703569814731
0.5334289299157555,0.5715318572074107
0.5336081735077971,0.5715318572074107
0.5336081735077971,0.5717126073203795
0.5337874170998387,0.5717126073203795
0.5337874170998387,0.571802982376864
0.5339666606918803,0.5718933574333483
0.5339666606918803,0.5719837324898328
0.5348628786520881,0.5724356077722549
0.5348628786520881,0.5725259828287392
0.5355798530202546,0.572887483054677
0.5357590966122961,0.572887483054677
0.5357590966122961,0.5731586082241301
0.5359383402043377,0.5732489832806146
0.5359383402043377,0.5739719837324898
0.5361175837963793,0.5740623587889743
0.5361175837963793,0.5741527338454586
0.5362968273884209,0.5742431089019431
0.5362968273884209,0.5744238590149119
0.536655314572504,0.5746046091278807
0.536655314572504,0.5751468594667871
0.5368345581645456,0.5752372345232716
0.5368345581645456,0.575327609579756
0.5373722889406704,0.5755987347492092
0.5373722889406704,0.575779484862178
0.5375515325327119,0.5758698599186625
0.5375515325327119,0.5762313601446001
0.5377307761247535,0.5762313601446001
0.5380892633088367,0.5764121102575689
0.5380892633088367,0.5765024853140533
0.5384477504929199,0.5766832354270222
0.5384477504929199,0.576863985539991
0.5386269940849615,0.5769543605964754
0.5386269940849615,0.5771351107094442
0.5389854812690447,0.577315860822413
0.5389854812690447,0.5774062358788974
0.5391647248610862,0.5774062358788974
0.5391647248610862,0.5776773610483507
0.5400609428212941,0.5781292363307727
0.5400609428212941,0.5783099864437415
0.5402401864133357,0.5784003615002259
0.5402401864133357,0.5787618617261636
0.5405986735974189,0.5789426118391324
0.5405986735974189,0.5791233619521012
0.5407779171894604,0.5792137370085856
0.5407779171894604,0.57930411206507
0.540957160781502,0.5793944871215545
0.540957160781502,0.5795752372345233
0.5413156479655852,0.5797559873474921
0.5413156479655852,0.5798463624039765
0.5414948915576269,0.5799367374604609
0.5414948915576269,0.5800271125169453
0.5416741351496684,0.5801174875734297
0.5416741351496684,0.5802982376863985
0.5420326223337516,0.5804789877993674
0.5422118659257932,0.5804789877993674
0.5422118659257932,0.580840488025305
0.5423911095178348,0.580840488025305
0.5423911095178348,0.5809308630817894
0.5427495967019179,0.5811116131947582
0.5427495967019179,0.5815634884771803
0.5431080838860011,0.5817442385901491
0.5431080838860011,0.5820153637596024
0.5436458146621258,0.5822864889290555
0.5436458146621258,0.58237686398554
0.5438250582541674,0.58237686398554
0.5438250582541674,0.5825576140985088
0.544004301846209,0.5826479891549933
0.544004301846209,0.5827383642114776
0.5447212762143754,0.5830998644374152
0.5447212762143754,0.583280614550384
0.544900519806417,0.5833709896068685
0.544900519806417,0.583461364663353
0.5450797633984585,0.583461364663353
0.5450797633984585,0.5835517397198373
0.5452590069905001,0.5835517397198373
0.5452590069905001,0.5836421147763218
0.5454382505825417,0.5837324898328061
0.5454382505825417,0.5838228648892906
0.5459759813586664,0.5840939900587437
0.5459759813586664,0.5841843651152282
0.546155224950708,0.5842747401717127
0.5463344685427496,0.5842747401717127
0.5463344685427496,0.584365115228197
0.5465137121347912,0.5844554902846815
0.5465137121347912,0.5847266154541346
0.5466929557268327,0.5848169905106191
0.5466929557268327,0.5849073655671034
0.5470514429109159,0.5850881156800724
0.5470514429109159,0.5851784907365567
0.5472306865029575,0.5852688657930412
0.5472306865029575,0.5855399909624943
0.547409930094999,0.5856303660189788
0.547409930094999,0.585901491188432
0.5477684172790823,0.5860822413014009
0.5477684172790823,0.5862629914143697
0.5484853916472486,0.5866244916403073
0.5484853916472486,0.5867148666967917
0.5486646352392902,0.5868052417532761
0.5486646352392902,0.5869859918662449
0.5490231224233734,0.5871667419792137
0.5490231224233734,0.5873474920921825
0.5492023660154149,0.587437867148667
0.5492023660154149,0.5877089923181202
0.5497400967915397,0.5879801174875734
0.5497400967915397,0.5880704925440579
0.5499193403835813,0.5881608676005422
0.5500985839756228,0.5881608676005422
0.5500985839756228,0.5883416177135111
0.5502778275676644,0.5884319927699955
0.5502778275676644,0.5885223678264799
0.550457071159706,0.5886127428829643
0.550457071159706,0.5887031179394487
0.5506363147517477,0.5887031179394487
0.5506363147517477,0.5887934929959331
0.5509948019358308,0.5889742431089019
0.5509948019358308,0.5892453682783552
0.5511740455278724,0.5893357433348396
0.5511740455278724,0.589426118391324
0.5517117763039971,0.5896972435607772
0.5517117763039971,0.589877993673746
0.5518910198960387,0.5899683687302305
0.5520702634880803,0.5899683687302305
0.5520702634880803,0.5900587437867149
0.5531457250403298,0.5906009941256213
0.5531457250403298,0.5907817442385902
0.5536834558164546,0.5910528694080434
0.5536834558164546,0.5911432444645278
0.5538626994084962,0.5912336195210122
0.5538626994084962,0.5913239945774966
0.5540419430005378,0.591414369633981
0.5540419430005378,0.5915951197469499
0.5544004301846209,0.5917758698599187
0.5544004301846209,0.591866244916403
0.5545796737766625,0.5919566199728875
0.5545796737766625,0.5921373700858563
0.5547589173687041,0.5922277451423407
0.5547589173687041,0.5923181201988251
0.5549381609607457,0.5924084952553096
0.5549381609607457,0.5924988703117939
0.5551174045527872,0.5925892453682784
0.5551174045527872,0.5927699954812472
0.5554758917368704,0.592950745594216
0.5554758917368704,0.5930411206507004
0.555655135328912,0.5931314957071848
0.555655135328912,0.5933122458201536
0.5558343789209536,0.5934026208766381
0.5558343789209536,0.5934929959331224
0.5560136225129951,0.5935833709896069
0.5560136225129951,0.5936737460460912
0.5567305968811614,0.594035246272029
0.5567305968811614,0.5941256213285133
0.5574475712493279,0.5944871215544509
0.5574475712493279,0.5945774966109354
0.5579853020254526,0.5948486217803887
0.5579853020254526,0.594938996836873
0.5585230328015773,0.5952101220063263
0.5585230328015773,0.5953004970628106
0.5587022763936189,0.5953908721192951
0.5587022763936189,0.5956619972887484
0.5588815199856605,0.5956619972887484
0.5590607635777021,0.5957523723452327
0.5590607635777021,0.5961138725711703
0.5595984943538268,0.5963849977406236
0.5595984943538268,0.5965657478535924
0.5597777379458684,0.5966561229100769
0.5597777379458684,0.5967464979665612
0.5599569815379101,0.5968368730230457
0.5599569815379101,0.5971079981924988
0.5601362251299516,0.5971079981924988
0.5601362251299516,0.5975598734749209
0.5613909302742427,0.5981924988703118
0.5613909302742427,0.5983732489832806
0.5615701738662843,0.598463624039765
0.5615701738662843,0.5985539990962494
0.5619286610503674,0.5987347492092182
0.5619286610503674,0.5990058743786715
0.562107904642409,0.5990058743786715
0.562107904642409,0.5991866244916403
0.5622871482344506,0.5991866244916403
0.5622871482344506,0.5993673746046091
0.5624663918264922,0.5994577496610936
0.5624663918264922,0.5995481247175779
0.5626456354185337,0.5995481247175779
0.5626456354185337,0.6001807501129688
0.5631833661946586,0.600451875282422
0.5631833661946586,0.6006326253953909
0.5633626097867002,0.6007230004518753
0.5633626097867002,0.6009037505648441
0.5635418533787417,0.6009037505648441
0.5635418533787417,0.6009941256213285
0.5637210969707833,0.6009941256213285
0.5637210969707833,0.6011748757342973
0.5639003405628249,0.6011748757342973
0.5639003405628249,0.6013556258472662
0.5640795841548665,0.6014460009037506
0.5640795841548665,0.601536375960235
0.5646173149309912,0.6018075011296882
0.5646173149309912,0.6018978761861726
0.5647965585230328,0.601988251242657
0.5647965585230328,0.6020786262991414
0.5658720200752823,0.6026208766380479
0.5658720200752823,0.6027112516945323
0.566051263667324,0.6028016267510167
0.566051263667324,0.6028920018075011
0.5662305072593655,0.6029823768639856
0.5662305072593655,0.6032535020334387
0.5665889944434487,0.6034342521464076
0.5665889944434487,0.6036150022593764
0.5667682380354903,0.6037053773158608
0.5667682380354903,0.6041572525982829
0.567305968811615,0.6044283777677361
0.567305968811615,0.6045187528242205
0.5674852124036566,0.604609127880705
0.5674852124036566,0.6047898779936738
0.5676644559956981,0.6048802530501581
0.5676644559956981,0.6049706281066426
0.5680229431797813,0.6051513782196114
0.5680229431797813,0.6052417532760958
0.5682021867718229,0.6053321283325802
0.5682021867718229,0.605512878445549
0.5683814303638645,0.6056032535020335
0.568560673955906,0.6056032535020335
0.568560673955906,0.6056936285585178
0.5687399175479476,0.6057840036150023
0.5687399175479476,0.6061455038409399
0.5689191611399892,0.6061455038409399
0.5689191611399892,0.6064166290103932
0.5690984047320309,0.6064166290103932
0.5690984047320309,0.6065070040668775
0.5692776483240725,0.6065070040668775
0.5696361355081556,0.6066877541798463
0.5696361355081556,0.6067781292363308
0.5705323534683635,0.6072300045187529
0.5705323534683635,0.6073203795752372
0.5708908406524467,0.607501129688206
0.5708908406524467,0.6075915047446905
0.5710700842444882,0.6076818798011748
0.5710700842444882,0.6078626299141437
0.5712493278365298,0.6079530049706281
0.5712493278365298,0.6080433800271126
0.5714285714285714,0.6081337550835969
0.5714285714285714,0.6082241301400814
0.571607815020613,0.6083145051965657
0.571607815020613,0.6084048802530502
0.5717870586126546,0.6084952553095345
0.5717870586126546,0.608585630366019
0.5723247893887794,0.6088567555354722
0.5723247893887794,0.6090375056484411
0.5730417637569457,0.6093990058743787
0.5730417637569457,0.6094893809308631
0.5732210073489873,0.6095797559873475
0.5732210073489873,0.6096701310438319
0.5734002509410289,0.6097605061003163
0.5734002509410289,0.6098508811568008
0.5735794945330704,0.6098508811568008
0.5735794945330704,0.6101220063262539
0.573758738125112,0.6102123813827384
0.573758738125112,0.6103027564392228
0.5739379817171536,0.6103931314957072
0.5739379817171536,0.6106642566651604
0.5742964689012368,0.6108450067781293
0.5742964689012368,0.6109353818346136
0.5746549560853199,0.6111161319475825
0.5746549560853199,0.6112065070040669
0.5748341996773615,0.6112968820605513
0.5748341996773615,0.6113872571170357
0.5750134432694031,0.6114776321735201
0.5750134432694031,0.6115680072300045
0.5751926868614448,0.6116583822864889
0.5753719304534863,0.6116583822864889
0.5753719304534863,0.6117487573429733
0.5755511740455279,0.6118391323994578
0.5755511740455279,0.6122006326253954
0.5757304176375695,0.6122910076818798
0.5757304176375695,0.6123813827383642
0.5760889048216526,0.612562132851333
0.5760889048216526,0.6128332580207863
0.5762681484136942,0.6128332580207863
0.5762681484136942,0.6129236330772707
0.5766266355977774,0.6131043831902395
0.5766266355977774,0.6135562584726616
0.576805879189819,0.613646633529146
0.576805879189819,0.6142792589245368
0.5773436099659437,0.6145503840939901
0.5773436099659437,0.6148215092634433
0.5777020971500268,0.6150022593764121
0.5777020971500268,0.6152733845458653
0.5778813407420684,0.6153637596023498
0.5778813407420684,0.6154541346588341
0.57806058433411,0.6155445097153186
0.57806058433411,0.615634884771803
0.5784190715181933,0.6158156348847718
0.5784190715181933,0.6159060099412562
0.5785983151102349,0.6159060099412562
0.5785983151102349,0.6161771351107095
0.578956802294318,0.6163578852236783
0.578956802294318,0.6164482602801626
0.5791360458863596,0.6165386353366471
0.5791360458863596,0.6167193854496159
0.5794945330704427,0.6169001355625847
0.5794945330704427,0.6169905106190692
0.5798530202545259,0.617171260732038
0.5798530202545259,0.6172616357885223
0.5800322638465675,0.6173520108450068
0.5800322638465675,0.6175327609579756
0.580211507438609,0.6176231360144601
0.580211507438609,0.6177135110709444
0.5803907510306506,0.6178038861274289
0.5803907510306506,0.6178942611839132
0.5807492382147338,0.618075011296882
0.5807492382147338,0.6181653863533665
0.5811077253988169,0.6183461364663353
0.5811077253988169,0.6184365115228198
0.5812869689908585,0.6185268865793041
0.5812869689908585,0.6186172616357886
0.5816454561749418,0.6187980117487574
0.5816454561749418,0.6189787618617262
0.5821831869510665,0.6192498870311794
0.5821831869510665,0.6193402620876638
0.5823624305431081,0.6194306371441483
0.5823624305431081,0.6197017623136014
0.5834378920953576,0.620244012652508
0.5834378920953576,0.6203343877089923
0.5836171356873991,0.6204247627654768
0.5836171356873991,0.6208766380478988
0.5837963792794407,0.6209670131043832
0.5837963792794407,0.6210573881608676
0.5839756228714823,0.621147763217352
0.5839756228714823,0.6213285133303208
0.5843341100555655,0.6215092634432896
0.5843341100555655,0.6219611387257117
0.5845133536476071,0.6219611387257117
0.5845133536476071,0.6220515137821961
0.5848718408316903,0.622232263895165
0.5848718408316903,0.6223226389516493
0.5850510844237319,0.6223226389516493
0.5850510844237319,0.6227745142340714
0.5852303280157735,0.6228648892905558
0.5852303280157735,0.6230456394035246
0.5855888151998566,0.6232263895164935
0.5855888151998566,0.6233167645729779
0.5857680587918982,0.6234071396294623
0.5857680587918982,0.6237686398553999
0.5859473023839398,0.6237686398553999
0.5859473023839398,0.6239493899683687
0.5863057895680229,0.6241301400813376
0.5863057895680229,0.6244012652507908
0.5868435203441477,0.624672390420244
0.5868435203441477,0.6248531405332128
0.5872020075282308,0.6250338906461816
0.5872020075282308,0.6252146407591505
0.5875604947123141,0.6253953908721193
0.5875604947123141,0.625756891098057
0.5879189818963972,0.6259376412110258
0.5879189818963972,0.6260280162675101
0.588456712672522,0.6262991414369634
0.588456712672522,0.6263895164934478
0.5886359562645636,0.6264798915499322
0.5886359562645636,0.6269317668323543
0.5888151998566051,0.6270221418888386
0.5888151998566051,0.6272028920018075
0.5889944434486467,0.6272932670582919
0.5889944434486467,0.6273836421147764
0.5891736870406883,0.6274740171712607
0.5891736870406883,0.6275643922277452
0.5893529306327299,0.6276547672842295
0.5893529306327299,0.6278355173971983
0.5895321742247714,0.6279258924536828
0.5895321742247714,0.6281970176231361
0.5902491485929378,0.6285585178490737
0.5902491485929378,0.6287392679620425
0.5907868793690626,0.6290103931314958
0.5907868793690626,0.6291007681879801
0.5911453665531458,0.6292815183009489
0.5911453665531458,0.6293718933574334
0.5915038537372289,0.6295526434704022
0.5915038537372289,0.6296430185268865
0.5918623409213121,0.6298237686398555
0.5918623409213121,0.6299141436963398
0.5922208281053952,0.6300948938093086
0.5922208281053952,0.6303660189787619
0.59275855888152,0.6306371441482151
0.59275855888152,0.6309082693176683
0.5929378024735615,0.6309986443741528
0.5931170460656031,0.6309986443741528
0.5931170460656031,0.6312697695436059
0.5932962896576447,0.6312697695436059
0.5932962896576447,0.631721644826028
0.5934755332496863,0.6318120198825125
0.5934755332496863,0.6319023949389968
0.593654776841728,0.6319927699954813
0.593654776841728,0.6320831450519656
0.5938340204337695,0.6321735201084501
0.5940132640258111,0.6321735201084501
0.5940132640258111,0.6322638951649345
0.5947302383939774,0.6326253953908721
0.5947302383939774,0.6327157704473565
0.5954472127621437,0.6330772706732942
0.5954472127621437,0.6331676457297786
0.5956264563541853,0.633258020786263
0.5956264563541853,0.6333483958427474
0.5958056999462269,0.6333483958427474
0.5958056999462269,0.6334387708992318
0.5959849435382685,0.6335291459557162
0.5959849435382685,0.6336195210122006
0.5965226743143932,0.6338906461816539
0.5965226743143932,0.6339810212381383
0.5967019179064349,0.6339810212381383
0.5967019179064349,0.6340713962946227
0.5968811614984765,0.6341617713511071
0.5968811614984765,0.6342521464075915
0.597060405090518,0.6343425214640759
0.597060405090518,0.6344328965205603
0.5972396486825596,0.6345232715770447
0.5972396486825596,0.6346136466335291
0.5974188922746012,0.6347040216900136
0.5974188922746012,0.6348847718029824
0.5975981358666428,0.6349751468594668
0.5975981358666428,0.6350655219159512
0.5977773794586844,0.6351558969724356
0.5977773794586844,0.63524627202892
0.5979566230507259,0.6353366470854044
0.5979566230507259,0.6356981473113421
0.5990320846029754,0.6362403976502485
0.5990320846029754,0.6365115228197018
0.599211328195017,0.6366018978761862
0.599211328195017,0.6366922729326706
0.5997490589711418,0.6369633981021238
0.5997490589711418,0.6371441482150927
0.600107546155225,0.6373248983280615
0.600107546155225,0.6375960234975147
0.6004660333393081,0.6377767736104835
0.6004660333393081,0.6379575237234524
0.6008245205233913,0.6381382738364212
0.6008245205233913,0.6384093990058743
0.601362251299516,0.6386805241753276
0.601362251299516,0.6390420244012652
0.6015414948915576,0.6391323994577497
0.6015414948915576,0.639222774514234
0.6017207384835992,0.6393131495707185
0.6017207384835992,0.6394035246272028
0.6018999820756408,0.6394938996836873
0.6018999820756408,0.6396746497966561
0.6020792256676823,0.6397650248531406
0.6020792256676823,0.6399457749661094
0.6026169564438071,0.6402169001355625
0.6026169564438071,0.6403976502485315
0.6027962000358488,0.6404880253050158
0.6027962000358488,0.6405784003615003
0.6029754436278904,0.6406687754179846
0.6029754436278904,0.6408495255309534
0.6042301487721814,0.6414821509263443
0.6042301487721814,0.6417532760957976
0.604409392364223,0.6418436511522819
0.6045886359562646,0.6418436511522819
0.6045886359562646,0.6421147763217352
0.6054848539164724,0.6425666516041573
0.6054848539164724,0.6427474017171261
0.605664097508514,0.6428377767736105
0.605664097508514,0.6429281518300949
0.6058433411005557,0.6430185268865793
0.6060225846925973,0.6430185268865793
0.6060225846925973,0.6431089019430637
0.6062018282846389,0.6431992769995482
0.6062018282846389,0.6432896520560325
0.6063810718766804,0.643380027112517
0.6063810718766804,0.6435607772254858
0.6067395590607636,0.6437415273384546
0.6067395590607636,0.6439222774514234
0.6072772898368883,0.6441934026208767
0.6072772898368883,0.644283777677361
0.6074565334289299,0.6443741527338455
0.6074565334289299,0.6444645277903299
0.6078150206130131,0.6446452779032987
0.6078150206130131,0.6450067781292363
0.6081735077970962,0.6451875282422052
0.6081735077970962,0.645368278355174
0.6085319949811794,0.6455490284681428
0.6085319949811794,0.6457297785811116
0.6092489693493458,0.6460912788070493
0.6092489693493458,0.6461816538635337
0.6094282129413874,0.6462720289200181
0.6094282129413874,0.6465431540894713
0.609607456533429,0.6465431540894713
0.609607456533429,0.6466335291459557
0.6097867001254705,0.6467239042024401
0.6097867001254705,0.646904654315409
0.6099659437175121,0.6469950293718933
0.6099659437175121,0.6470854044283778
0.6101451873095537,0.6471757794848622
0.6101451873095537,0.6472661545413466
0.6105036744936368,0.6474469046543154
0.6105036744936368,0.6475372797107998
0.6106829180856784,0.6476276547672842
0.6106829180856784,0.6477180298237687
0.61086216167772,0.647808404880253
0.61086216167772,0.6478987799367375
0.6115791360458863,0.6482602801626751
0.6115791360458863,0.6485314053321284
0.6117583796379279,0.6486217803886127
0.6117583796379279,0.6487121554450972
0.6121168668220112,0.648892905558066
0.6121168668220112,0.6491640307275192
0.6122961104140527,0.6492544057840036
0.6122961104140527,0.6495255309534569
0.6124753540060943,0.6496159060099412
0.6124753540060943,0.64979665612291
0.6126545975981359,0.6498870311793945
0.6126545975981359,0.6501581563488478
0.6128338411901775,0.6501581563488478
0.6128338411901775,0.6503389064618166
0.613013084782219,0.6504292815183009
0.613013084782219,0.6506100316312697
0.6133715719663022,0.6507907817442385
0.6133715719663022,0.650881156800723
0.6135508155583438,0.6509715318572075
0.6135508155583438,0.6512426570266606
0.6137300591503854,0.6512426570266606
0.6139093027424269,0.6513330320831451
0.6139093027424269,0.6515137821961139
0.6140885463344685,0.6515137821961139
0.6144470335185517,0.6516945323090827
0.6144470335185517,0.6517849073655672
0.6146262771105933,0.6518752824220515
0.6146262771105933,0.651965657478536
0.6148055207026348,0.651965657478536
0.6148055207026348,0.6520560325350203
0.6149847642946764,0.6521464075915048
0.6149847642946764,0.6522367826479891
0.6151640078867181,0.6523271577044736
0.6151640078867181,0.6525079078174424
0.6157017386628428,0.6527790329868957
0.6157017386628428,0.65286940804338
0.616060225846926,0.6530501581563488
0.616060225846926,0.6532309082693176
0.6171356873991755,0.6537731586082242
0.6171356873991755,0.653953908721193
0.617314930991217,0.6540442837776773
0.617314930991217,0.6542250338906462
0.6174941745832586,0.6543154089471306
0.6174941745832586,0.6544961590600994
0.6176734181753002,0.6545865341165839
0.6176734181753002,0.6546769091730682
0.6180319053593833,0.654857659286037
0.6180319053593833,0.6549480343425215
0.6185696361355082,0.6552191595119747
0.6185696361355082,0.6553095345684591
0.6189281233195914,0.6554902846814279
0.6189281233195914,0.6555806597379124
0.6191073669116329,0.6556710347943967
0.6191073669116329,0.6557614098508812
0.6192866105036745,0.6558517849073656
0.6192866105036745,0.65594215996385
0.6194658540957161,0.6560325350203344
0.6194658540957161,0.6561229100768188
0.6198243412797992,0.6563036601897876
0.6198243412797992,0.656394035246272
0.6200035848718408,0.6564844103027564
0.6200035848718408,0.6567555354722097
0.6201828284638824,0.6568459105286941
0.6201828284638824,0.6571170356981473
0.620362072055924,0.6571170356981473
0.620362072055924,0.6575689109805694
0.6205413156479656,0.6575689109805694
0.6207205592400071,0.6576592860370538
0.6207205592400071,0.6577496610935382
0.6214375336081736,0.6581111613194758
0.6214375336081736,0.6582919114324447
0.6221545079763399,0.6586534116583823
0.6221545079763399,0.6588341617713511
0.6223337515683814,0.6589245368278355
0.6223337515683814,0.6598282873926796
0.622512995160423,0.6599186624491641
0.622512995160423,0.6600090375056484
0.6228714823445062,0.6601897876186172
0.6228714823445062,0.6602801626751017
0.6230507259365478,0.660370537731586
0.6230507259365478,0.6605512878445549
0.6232299695285893,0.6605512878445549
0.6234092131206309,0.6606416629010393
0.6234092131206309,0.6611839132399457
0.6237677003047141,0.6613646633529146
0.6237677003047141,0.661455038409399
0.6241261874887972,0.6616357885223678
0.6241261874887972,0.6617261635788523
0.6243054310808389,0.6618165386353366
0.6243054310808389,0.6620876638047899
0.6244846746728805,0.6621780388612742
0.6244846746728805,0.6623587889742432
0.6246639182649221,0.6624491640307275
0.6246639182649221,0.662539539087212
0.6248431618569636,0.662539539087212
0.62556013622513,0.6629010393131496
0.62556013622513,0.6631721644826029
0.6262771105932963,0.6635336647085405
0.6262771105932963,0.6636240397650248
0.6264563541853378,0.6637144148215093
0.6264563541853378,0.6638047898779936
0.6266355977773794,0.6638951649344781
0.6266355977773794,0.6640759150474469
0.6269940849614626,0.6642566651604157
0.6269940849614626,0.6643470402169002
0.6271733285535042,0.6644374152733845
0.6271733285535042,0.6647085404428378
0.6273525721455459,0.6647085404428378
0.6273525721455459,0.6648892905558066
0.6275318157375874,0.664979665612291
0.6275318157375874,0.6650700406687754
0.627711059329629,0.6651604157252599
0.627711059329629,0.6652507907817442
0.6286072772898369,0.6657026660641663
0.6286072772898369,0.6660641662901039
0.6291450080659616,0.6663352914595572
0.6291450080659616,0.666516041572526
0.6298619824341279,0.6668775417984636
0.6298619824341279,0.6671486669679169
0.6300412260261695,0.6672390420244013
0.6300412260261695,0.6674197921373701
0.6302204696182111,0.6675101671938545
0.6302204696182111,0.6677812923633077
0.6303997132102528,0.6678716674197921
0.6303997132102528,0.6681427925892454
0.6307582003943359,0.6683235427022142
0.6307582003943359,0.668504292815183
0.6309374439863775,0.6685946678716674
0.6309374439863775,0.668956168097605
0.6311166875784191,0.6690465431540895
0.6311166875784191,0.6691369182105739
0.6312959311704607,0.6692272932670583
0.6312959311704607,0.6694984184365115
0.6314751747625023,0.6694984184365115
0.6314751747625023,0.6697695436059647
0.6316544183545438,0.6698599186624492
0.6316544183545438,0.6699502937189336
0.6318336619465854,0.6699502937189336
0.632012905538627,0.670040668775418
0.632012905538627,0.6701310438319024
0.6321921491306686,0.6702214188883868
0.6321921491306686,0.6703117939448712
0.6325506363147517,0.6704925440578401
0.6325506363147517,0.6705829191143244
0.6327298799067933,0.6705829191143244
0.6327298799067933,0.6706732941708089
0.6330883670908765,0.6708540442837777
0.6330883670908765,0.6710347943967465
0.633267610682918,0.6711251694532309
0.633267610682918,0.6712155445097153
0.6336260978670013,0.6713962946226841
0.6336260978670013,0.6716674197921374
0.6339845850510845,0.6718481699051062
0.6339845850510845,0.6719385449615906
0.6343430722351676,0.6721192950745595
0.6343430722351676,0.6722096701310438
0.6345223158272092,0.6722096701310438
0.6345223158272092,0.6723000451875283
0.6348808030112923,0.6724807953004971
0.6348808030112923,0.6726615454134659
0.6352392901953755,0.6728422955264347
0.6352392901953755,0.673113420695888
0.6354185337874171,0.6732037957523723
0.6354185337874171,0.6732941708088568
0.6355977773794587,0.6733845458653411
0.6355977773794587,0.6735652959783099
0.6357770209715002,0.6736556710347944
0.6357770209715002,0.6738364211477632
0.6359562645635418,0.6739267962042477
0.6359562645635418,0.674017171260732
0.6366732389317082,0.6743786714866696
0.6366732389317082,0.6746497966561229
0.6368524825237498,0.6746497966561229
0.6368524825237498,0.6747401717126074
0.6377487004839577,0.6751920469950293
0.6377487004839577,0.6752824220515138
0.6379279440759993,0.6753727971079982
0.6379279440759993,0.6754631721644826
0.6381071876680409,0.675553547220967
0.6381071876680409,0.6756439222774514
0.6382864312600824,0.6756439222774514
0.638465674852124,0.6757342973339359
0.638465674852124,0.6762765476728423
0.6386449184441656,0.6763669227293267
0.6386449184441656,0.6764572977858111
0.6390034056282488,0.6766380478987799
0.6390034056282488,0.6767284229552644
0.6391826492202903,0.6768187980117487
0.6391826492202903,0.677089923181202
0.6395411364043735,0.6772706732941708
0.6395411364043735,0.6773610483506552
0.6400788671804983,0.6776321735201084
0.6400788671804983,0.6778129236330773
0.6406165979566231,0.6780840488025305
0.6406165979566231,0.6783551739719837
0.6407958415486646,0.6783551739719837
0.6422297902849973,0.679078174423859
0.6424090338770388,0.679078174423859
0.6424090338770388,0.6791685494803434
0.6429467646531637,0.6794396746497967
0.6429467646531637,0.6797107998192499
0.6431260082452053,0.6798011748757343
0.6431260082452053,0.6799819249887031
0.6433052518372468,0.6800723000451875
0.6433052518372468,0.6803434252146408
0.64366373902133,0.6805241753276096
0.64366373902133,0.6807953004970628
0.6442014697974547,0.6810664256665161
0.6442014697974547,0.6816086760054225
0.6447392005735795,0.6818798011748758
0.6447392005735795,0.6819701762313601
0.6450976877576626,0.682150926344329
0.6450976877576626,0.6823316764572978
0.6452769313497042,0.6824220515137822
0.6452769313497042,0.682602801626751
0.6454561749417458,0.6826931766832355
0.6456354185337874,0.6826931766832355
0.6456354185337874,0.6827835517397198
0.645814662125829,0.6828739267962043
0.645814662125829,0.6829643018526886
0.6463523929019538,0.6832354270221419
0.6463523929019538,0.6833258020786263
0.6467108800860369,0.6835065521915952
0.6467108800860369,0.6837776773610483
0.6468901236780785,0.6838680524175328
0.6468901236780785,0.6839584274740171
0.6470693672701201,0.6839584274740171
0.6474278544542033,0.684139177586986
0.6474278544542033,0.6844103027564392
0.6476070980462448,0.6845006778129237
0.6476070980462448,0.684591052869408
0.6477863416382864,0.6846814279258925
0.6477863416382864,0.6847718029823768
0.6486825595984943,0.6852236782647989
0.6486825595984943,0.685675553547221
0.648861803190536,0.685675553547221
0.648861803190536,0.6858563036601898
0.6490410467825776,0.6859466787166743
0.6490410467825776,0.6860370537731586
0.6493995339666607,0.6862178038861274
0.6493995339666607,0.6863081789426119
0.6495787775587023,0.6863985539990962
0.6495787775587023,0.686579304112065
0.6497580211507439,0.6866696791685495
0.6497580211507439,0.686760054225034
0.6499372647427855,0.6868504292815183
0.6499372647427855,0.6869408043380028
0.6502957519268686,0.6871215544509716
0.6502957519268686,0.6872119295074559
0.6510127262950349,0.6875734297333936
0.6510127262950349,0.6878445549028468
0.6513712134791181,0.6880253050158156
0.6513712134791181,0.6881156800723001
0.6515504570711597,0.6882060551287844
0.6515504570711597,0.6883868052417533
0.6517297006632012,0.6884771802982377
0.6517297006632012,0.6886579304112065
0.6522674314393261,0.6889290555806598
0.6522674314393261,0.6892905558065974
0.6526259186234092,0.6894713059195662
0.6526259186234092,0.6895616809760506
0.6528051622154508,0.689652056032535
0.6528051622154508,0.6897424310890194
0.6529844058074924,0.6898328061455038
0.6529844058074924,0.6900135562584727
0.6537013801756587,0.6903750564844103
0.6537013801756587,0.6904654315408947
0.654418354543825,0.6908269317668324
0.654418354543825,0.6909173068233168
0.6547768417279082,0.6910980569362856
0.6547768417279082,0.69118843199277
0.6551353289119914,0.6913691821057388
0.6551353289119914,0.6914595571622232
0.655314572504033,0.6915499322187076
0.6554938160960746,0.6915499322187076
0.6554938160960746,0.6920018075011297
0.6558523032801578,0.6921825576140985
0.6560315468721993,0.6921825576140985
0.6560315468721993,0.6923633077270673
0.6563900340562825,0.6925440578400361
0.6563900340562825,0.6928151830094894
0.6565692776483241,0.6929055580659738
0.6565692776483241,0.6929959331224582
0.6569277648324072,0.693176683235427
0.6569277648324072,0.6934478084048803
0.6571070084244488,0.6935381834613646
0.6571070084244488,0.6938093086308179
0.6572862520164904,0.6938996836873023
0.6572862520164904,0.6940804338002712
0.657465495608532,0.6941708088567555
0.657465495608532,0.69426118391324
0.6576447392005735,0.6943515589697243
0.6576447392005735,0.6944419340262088
0.6585409571607815,0.6948938093086309
0.6585409571607815,0.6952553095345685
0.6587202007528231,0.6953456845910528
0.6587202007528231,0.6954360596475373
0.6590786879369063,0.6956168097605061
0.6590786879369063,0.6958879349299594
0.6592579315289478,0.6958879349299594
0.6592579315289478,0.6959783099864437
0.6594371751209894,0.6960686850429282
0.6594371751209894,0.6961590600994125
0.6599749058971142,0.6964301852688658
0.6599749058971142,0.6967916854948034
0.6601541494891557,0.6968820605512879
0.6601541494891557,0.6970628106642567
0.6603333930811973,0.6970628106642567
0.6605126366732389,0.697153185720741
0.6605126366732389,0.6972435607772255
0.6606918802652805,0.69733393583371
0.660871123857322,0.69733393583371
0.660871123857322,0.6975146859466788
0.6612296110414053,0.6976954360596476
0.6612296110414053,0.6979665612291007
0.6614088546334469,0.6980569362855852
0.6614088546334469,0.6981473113420696
0.6621258290016132,0.6985088115680073
0.6621258290016132,0.6988703117939449
0.6628428033697795,0.6992318120198825
0.6628428033697795,0.699322187076367
0.6630220469618211,0.6994125621328513
0.6630220469618211,0.6995029371893358
0.6633805341459043,0.6996836873023046
0.6633805341459043,0.699774062358789
0.6642767521061123,0.700225937641211
0.6642767521061123,0.7003163126976955
0.6646352392901954,0.7004970628106643
0.6646352392901954,0.7005874378671487
0.664814482882237,0.7005874378671487
0.6649937264742786,0.7006778129236331
0.6649937264742786,0.7007681879801175
0.6653522136583617,0.7009489380930863
0.6653522136583617,0.7010393131495707
0.6657107008424449,0.7012200632625395
0.6657107008424449,0.701310438319024
0.6658899444344865,0.7014008133755084
0.6658899444344865,0.7019430637144148
0.666069188026528,0.7020334387708992
0.666069188026528,0.7021238138273836
0.6662484316185696,0.7022141888838681
0.6662484316185696,0.7023045639403525
0.6664276752106112,0.7023045639403525
0.6664276752106112,0.7025756891098057
0.6667861623946943,0.7027564392227745
0.6667861623946943,0.7029371893357433
0.6669654059867359,0.7030275643922278
0.6669654059867359,0.7032083145051966
0.6671446495787775,0.703298689561681
0.6671446495787775,0.7033890646181654
0.6673238931708192,0.7034794396746498
0.6673238931708192,0.7035698147311342
0.6676823803549023,0.703750564844103
0.6676823803549023,0.7038409399005875
0.6682201111310271,0.7041120650700406
0.6682201111310271,0.7042928151830095
0.6689370854991934,0.7046543154089472
0.6689370854991934,0.704835065521916
0.669116329091235,0.704835065521916
0.6694748162753181,0.7050158156348848
0.6694748162753181,0.7051061906913692
0.6696540598673597,0.7051965657478536
0.6696540598673597,0.705286940804338
0.6698333034594013,0.7053773158608224
0.6698333034594013,0.7055580659737912
0.6700125470514429,0.7055580659737912
0.6703710342355261,0.70573881608676
0.6703710342355261,0.7058291911432445
0.6705502778275677,0.7058291911432445
0.6709087650116509,0.7060099412562133
0.6709087650116509,0.7063714414821509
0.671267252195734,0.7065521915951197
0.671267252195734,0.7066425666516042
0.6714464957877756,0.7067329417080885
0.6714464957877756,0.706823316764573
0.6719842265639003,0.7070944419340263
0.6719842265639003,0.7073655671034794
0.6725219573400251,0.7076366922729327
0.6725219573400251,0.707907817442386
0.6727012009320666,0.7079981924988703
0.6727012009320666,0.7081789426118391
0.6728804445241082,0.7081789426118391
0.6730596881161498,0.7082693176683236
0.6730596881161498,0.7084500677812924
0.6732389317081914,0.7085404428377767
0.6732389317081914,0.7087211929507456
0.6734181753002331,0.70881156800723
0.6734181753002331,0.7089923181201988
0.6737766624843162,0.7091730682331676
0.6737766624843162,0.7096249435155897
0.6739559060763578,0.7097153185720741
0.6739559060763578,0.7099864437415273
0.6741351496683994,0.7100768187980118
0.6741351496683994,0.7101671938544961
0.6750313676286073,0.7106190691369182
0.6750313676286073,0.7110709444193403
0.6752106112206488,0.7111613194758247
0.6752106112206488,0.7115228197017623
0.6759275855888152,0.7118843199277
0.6759275855888152,0.7119746949841844
0.6761068291808567,0.7120650700406688
0.6762860727728983,0.7120650700406688
0.6762860727728983,0.7122458201536376
0.67646531636494,0.712336195210122
0.67646531636494,0.7124265702666064
0.6766445599569816,0.7125169453230908
0.6766445599569816,0.7126976954360597
0.6768238035490232,0.7127880704925441
0.6768238035490232,0.7129688206055129
0.6770030471410647,0.7130591956619973
0.6770030471410647,0.7134206958879349
0.6771822907331063,0.7135110709444193
0.6771822907331063,0.7136014460009038
0.6773615343251479,0.7136918210573882
0.6773615343251479,0.7137821961138726
0.6775407779171895,0.713872571170357
0.6775407779171895,0.7139629462268414
0.677720021509231,0.7140533212833258
0.677720021509231,0.7141436963398102
0.6782577522853558,0.7144148215092635
0.6782577522853558,0.7146859466787167
0.6786162394694389,0.7148666967916855
0.6786162394694389,0.7149570718481699
0.6787954830614805,0.7149570718481699
0.6787954830614805,0.7150474469046543
0.6789747266535221,0.7151378219611387
0.6791539702455637,0.7151378219611387
0.6791539702455637,0.7152281970176232
0.6800501882057717,0.7156800723000452
0.6800501882057717,0.7157704473565296
0.6804086753898548,0.7159511974694984
0.6805879189818964,0.7159511974694984
0.6805879189818964,0.7160415725259829
0.680767162573938,0.7161319475824672
0.680767162573938,0.7164030727519205
0.6809464061659796,0.7164934478084048
0.6809464061659796,0.7166741979213737
0.6813048933500627,0.7168549480343426
0.6813048933500627,0.7170356981473114
0.6818426241261875,0.7173068233167645
0.6818426241261875,0.717397198373249
0.682021867718229,0.7174875734297333
0.682021867718229,0.7176683235427023
0.6822011113102706,0.7177586985991866
0.6822011113102706,0.7180298237686399
0.6823803549023122,0.7181201988251242
0.6823803549023122,0.7182105738816087
0.6825595984943539,0.7182105738816087
0.6825595984943539,0.7183913239945775
0.6827388420863955,0.7183913239945775
0.6827388420863955,0.7186624491640308
0.682918085678437,0.7187528242205151
0.682918085678437,0.7188431992769996
0.6830973292704786,0.7189335743334839
0.6830973292704786,0.7191143244464527
0.6832765728625202,0.7192046995029372
0.6832765728625202,0.7192950745594217
0.6834558164545618,0.719385449615906
0.6834558164545618,0.7194758246723905
0.6836350600466033,0.7195661997288748
0.6836350600466033,0.7196565747853593
0.6838143036386449,0.7197469498418436
0.6838143036386449,0.7199276999548124
0.6839935472306865,0.7200180750112969
0.6839935472306865,0.7201084500677813
0.6841727908227281,0.7201988251242657
0.6841727908227281,0.7203795752372345
0.6843520344147697,0.720469950293719
0.6843520344147697,0.7205603253502033
0.6847105215988528,0.7205603253502033
0.6847105215988528,0.7207410754631721
0.6848897651908944,0.7208314505196566
0.685069008782936,0.7208314505196566
0.685069008782936,0.7210122006326254
0.6852482523749776,0.7211025756891098
0.6852482523749776,0.7211929507455942
0.6856067395590608,0.721373700858563
0.6856067395590608,0.7214640759150475
0.6857859831511024,0.7214640759150475
0.6857859831511024,0.7216448260280163
0.685965226743144,0.7216448260280163
0.685965226743144,0.7217352010845007
0.6861444703351856,0.7218255761409851
0.6861444703351856,0.7219159511974695
0.6863237139272271,0.7220063262539539
0.6863237139272271,0.7220967013104383
0.6865029575192687,0.7220967013104383
0.6865029575192687,0.7223678264798915
0.6866822011113103,0.7223678264798915
0.6866822011113103,0.7225485765928604
0.6868614447033519,0.7226389516493448
0.6868614447033519,0.7228197017623136
0.6881161498476429,0.7234523271577045
0.6881161498476429,0.7235427022141889
0.6882953934396845,0.7236330772706733
0.6882953934396845,0.7237234523271577
0.6884746370317261,0.7237234523271577
0.6884746370317261,0.7239945774966109
0.6890123678078509,0.7242657026660642
0.6890123678078509,0.7243560777225486
0.6891916113998925,0.724446452779033
0.6891916113998925,0.7245368278355174
0.6893708549919341,0.7245368278355174
0.6895500985839756,0.7246272028920018
0.6895500985839756,0.7249887031179395
0.6899085857680588,0.7251694532309083
0.6900878293601004,0.7251694532309083
0.6900878293601004,0.7253502033438771
0.690267072952142,0.7254405784003615
0.690267072952142,0.7256213285133303
0.6904463165441835,0.7257117035698147
0.6904463165441835,0.725982828739268
0.6908048037282667,0.7261635788522368
0.6908048037282667,0.7266154541346589
0.6911632909123498,0.7267962042476277
0.6911632909123498,0.726886579304112
0.6913425345043914,0.7269769543605965
0.691521778096433,0.7269769543605965
0.691521778096433,0.7270673294170809
0.6917010216884746,0.7271577044735653
0.6917010216884746,0.7275192046995029
0.6918802652805163,0.7276095797559874
0.6918802652805163,0.7277903298689562
0.6920595088725578,0.7277903298689562
0.6922387524645994,0.7278807049254405
0.6922387524645994,0.727971079981925
0.692417996056641,0.7280614550384094
0.692417996056641,0.7281518300948938
0.6927764832407242,0.7283325802078626
0.6927764832407242,0.7285133303208314
0.6931349704248073,0.7286940804338002
0.6931349704248073,0.7287844554902847
0.6933142140168489,0.728874830546769
0.6933142140168489,0.7289652056032535
0.6934934576088905,0.729055580659738
0.693672701200932,0.729055580659738
0.693672701200932,0.7291459557162223
0.6938519447929736,0.7292363307727068
0.6938519447929736,0.7293267058291911
0.6943896755690984,0.7295978309986444
0.6943896755690984,0.7296882060551287
0.6945689191611399,0.7297785811116132
0.6945689191611399,0.729959331224582
0.6947481627531815,0.7300497062810665
0.6947481627531815,0.7302304563940353
0.6949274063452232,0.7303208314505196
0.6949274063452232,0.7305015815634884
0.6951066499372648,0.7305015815634884
0.6951066499372648,0.7305919566199729
0.6952858935293064,0.7306823316764574
0.6952858935293064,0.7307727067329417
0.6956443807133895,0.7309534568459105
0.6956443807133895,0.7311342069588793
0.6960028678974727,0.7313149570718481
0.6960028678974727,0.7314053321283326
0.6961821114895143,0.7314053321283326
0.6963613550815558,0.731495707184817
0.6963613550815558,0.7315860822413014
0.6977953038178885,0.7323090826931767
0.6977953038178885,0.7323994577496611
0.6979745474099301,0.7323994577496611
0.6979745474099301,0.7324898328061455
0.6985122781860549,0.7327609579755987
0.6985122781860549,0.7328513330320832
0.6986915217780965,0.7329417080885675
0.6986915217780965,0.7332128332580208
0.698870765370138,0.7333032083145052
0.6990500089621796,0.7333032083145052
0.6990500089621796,0.7335743334839584
0.6992292525542212,0.7336647085404429
0.6992292525542212,0.7337550835969272
0.6995877397383043,0.7339358337098961
0.6995877397383043,0.7341165838228649
0.6997669833303459,0.7341165838228649
0.6999462269223875,0.7342069588793493
0.6999462269223875,0.7344780840488025
0.7001254705144291,0.7344780840488025
0.7001254705144291,0.7346588341617714
0.7003047141064707,0.7347492092182558
0.7003047141064707,0.7348395842747402
0.7006632012905538,0.735020334387709
0.7006632012905538,0.7351107094441934
0.7008424448825954,0.7351107094441934
0.7008424448825954,0.7352010845006778
0.7015594192507618,0.7355625847266155
0.7017386628428034,0.7355625847266155
0.7017386628428034,0.7357433348395843
0.7020971500268866,0.7359240849525531
0.7020971500268866,0.7361952101220063
0.7022763936189281,0.7361952101220063
0.7024556372109697,0.7362855851784907
0.7024556372109697,0.7363759602349752
0.7028141243950529,0.736556710347944
0.7028141243950529,0.7367374604609128
0.7035310987632192,0.7370989606868504
0.7035310987632192,0.7371893357433349
0.7037103423552608,0.7372797107998192
0.7037103423552608,0.737460460912788
0.7042480731313856,0.7377315860822413
0.7042480731313856,0.7378219611387257
0.7046065603154688,0.7380027112516946
0.7046065603154688,0.7380930863081789
0.7049650474995519,0.7382738364211477
0.7051442910915935,0.7382738364211477
0.7051442910915935,0.7384545865341166
0.7055027782756766,0.7386353366470854
0.7055027782756766,0.7387257117035698
0.7060405090518014,0.7389968368730231
0.706219752643843,0.7389968368730231
0.706219752643843,0.7391775869859919
0.7063989962358845,0.7392679620424762
0.7063989962358845,0.7395390872119295
0.7067574834199677,0.7397198373248983
0.7067574834199677,0.7398102123813828
0.7072952141960925,0.7400813375508359
0.7072952141960925,0.7401717126073204
0.7074744577881341,0.7401717126073204
0.7074744577881341,0.7403524627202892
0.7078329449722173,0.740533212833258
0.7078329449722173,0.7406235878897425
0.7080121885642588,0.7407139629462268
0.7080121885642588,0.7408043380027113
0.708370675748342,0.7409850881156801
0.708370675748342,0.7410754631721644
0.7085499193403836,0.7411658382286489
0.7085499193403836,0.7412562132851334
0.7087291629324252,0.7412562132851334
0.7087291629324252,0.7414369633981022
0.7089084065244667,0.7415273384545865
0.7089084065244667,0.741617713511071
0.7090876501165083,0.741617713511071
0.7090876501165083,0.7417080885675553
0.7098046244846746,0.742069588793493
0.7098046244846746,0.7422503389064619
0.7099838680767162,0.7422503389064619
0.7103423552607995,0.7424310890194307
0.7103423552607995,0.742521464075915
0.710521598852841,0.7426118391323995
0.710521598852841,0.7427022141888838
0.7114178168130489,0.7431540894713059
0.7114178168130489,0.743605964753728
0.7115970604050905,0.7436963398102124
0.7115970604050905,0.7437867148666968
0.7117763039971321,0.7438770899231812
0.7117763039971321,0.7439674649796656
0.7119555475891737,0.74405784003615
0.7119555475891737,0.7441482150926344
0.7121347911812153,0.7441482150926344
0.7121347911812153,0.7442385901491189
0.7123140347732568,0.7443289652056032
0.7123140347732568,0.7445097153185721
0.7132102527334648,0.7449615906009941
0.7132102527334648,0.7451423407139629
0.7133894963255064,0.7452327157704474
0.7133894963255064,0.7453230908269318
0.713568739917548,0.7454134658834162
0.713568739917548,0.7455038409399006
0.7137479835095896,0.745594215996385
0.7137479835095896,0.7457749661093538
0.7139272271016311,0.7457749661093538
0.7139272271016311,0.7459557162223226
0.7141064706936727,0.746046091278807
0.7141064706936727,0.7464075915047447
0.7142857142857143,0.7464979665612291
0.7142857142857143,0.7465883416177135
0.7144649578777559,0.7466787166741979
0.7146442014697975,0.7466787166741979
0.7146442014697975,0.7468594667871667
0.7150026886538806,0.7470402169001356
0.7150026886538806,0.74713059195662
0.7151819322459222,0.74713059195662
0.7151819322459222,0.7472209670131044
0.7155404194300053,0.7474017171260732
0.7155404194300053,0.7474920921825576
0.7157196630220469,0.747582467239042
0.7157196630220469,0.7477632173520109
0.7158989066140885,0.7478535924084952
0.7158989066140885,0.7479439674649797
0.7160781502061301,0.7479439674649797
0.7160781502061301,0.7480343425214641
0.7166158809822549,0.7483054676909173
0.7166158809822549,0.7483958427474017
0.7169743681663381,0.7483958427474017
0.7169743681663381,0.7484862178038861
0.7171536117583797,0.7485765928603706
0.7171536117583797,0.7486669679168549
0.7175120989424628,0.7488477180298238
0.7175120989424628,0.7490284681427926
0.7180498297185876,0.7492995933122458
0.7180498297185876,0.7493899683687303
0.7189460476787954,0.7498418436511523
0.7189460476787954,0.7500225937641211
0.719125291270837,0.7501129688206055
0.719125291270837,0.7502033438770899
0.7196630220469619,0.7504744690465431
0.7196630220469619,0.7508359692724808
0.7198422656390034,0.7509263443289652
0.7198422656390034,0.7511974694984185
0.7209177271912529,0.7517397198373249
0.7209177271912529,0.7518300948938093
0.723068650295752,0.7529145955716222
0.723068650295752,0.7530049706281067
0.7234271374798351,0.7531857207410755
0.7234271374798351,0.7532760957975598
0.7236063810718767,0.7533664708540443
0.7237856246639183,0.7533664708540443
0.7237856246639183,0.7536375960234976
0.7239648682559598,0.7537279710799819
0.7239648682559598,0.7539087211929507
0.7246818426241262,0.7542702214188883
0.7246818426241262,0.7543605964753728
0.7250403298082093,0.7545413465883416
0.7250403298082093,0.7547220967013104
0.7253988169922925,0.7549028468142792
0.7253988169922925,0.755083596927248
0.7255780605843342,0.7551739719837325
0.7257573041763757,0.7551739719837325
0.7257573041763757,0.7552643470402169
0.7259365477684173,0.7553547220967013
0.7259365477684173,0.7554450971531858
0.726474278544542,0.7557162223226389
0.726474278544542,0.7558969724356077
0.7266535221365836,0.7559873474920922
0.7266535221365836,0.7560777225485766
0.7268327657286252,0.7560777225485766
0.7273704965047499,0.7563488477180298
0.7273704965047499,0.7564392227745143
0.7275497400967915,0.7565295978309986
0.7275497400967915,0.7569814731134207
0.7277289836888331,0.7569814731134207
0.7280874708729163,0.7571622232263895
0.7280874708729163,0.7575237234523271
0.7282667144649578,0.7575237234523271
0.7284459580569994,0.7576140985088116
0.7284459580569994,0.757704473565296
0.7286252016490411,0.757704473565296
0.7291629324251658,0.7579755987347492
0.7291629324251658,0.7580659737912336
0.7293421760172074,0.758156348847718
0.7293421760172074,0.7582467239042024
0.7298799067933321,0.7585178490736557
0.7298799067933321,0.7586082241301401
0.73077612475354,0.7590600994125621
0.73077612475354,0.7591504744690465
0.7309553683455816,0.759240849525531
0.7309553683455816,0.7593312245820154
0.7311346119376232,0.7594215996384998
0.7311346119376232,0.7595119746949842
0.731672342713748,0.7597830998644374
0.731672342713748,0.7598734749209218
0.7318515863057896,0.7598734749209218
0.7318515863057896,0.7599638499774062
0.7323893170819143,0.7602349751468594
0.7323893170819143,0.7603253502033439
0.7325685606739559,0.7604157252598283
0.7325685606739559,0.7605061003163127
0.7327478042659975,0.7605964753727971
0.7327478042659975,0.7606868504292815
0.7334647786341638,0.7610483506552191
0.7334647786341638,0.7611387257117036
0.7336440222262054,0.761229100768188
0.7336440222262054,0.7613194758246724
0.7345402401864133,0.7617713511070945
0.7345402401864133,0.7618617261635788
0.734719483778455,0.7618617261635788
0.734719483778455,0.7619521012200633
0.7356157017386629,0.7624039765024853
0.7356157017386629,0.7624943515589697
0.7357949453307044,0.7624943515589697
0.7357949453307044,0.762765476728423
0.7368704068829539,0.7633077270673294
0.7368704068829539,0.7633981021238139
0.7370496504749955,0.7633981021238139
0.7370496504749955,0.7635788522367827
0.7375873812511202,0.7638499774062358
0.7375873812511202,0.7640307275192046
0.7379458684352035,0.7642114776321736
0.7379458684352035,0.7643018526886579
0.7384835992113282,0.7645729778581112
0.7384835992113282,0.7646633529145955
0.7393798171715361,0.7651152281970176
0.7393798171715361,0.7652959783099864
0.7400967915397024,0.765657478535924
0.7400967915397024,0.7659286037053773
0.740276035131744,0.7660189787618618
0.740276035131744,0.7661093538183461
0.7406345223158272,0.7661093538183461
0.7406345223158272,0.7662901039313149
0.7408137659078688,0.7663804789877994
0.7408137659078688,0.7664708540442837
0.7409930094999104,0.7665612291007682
0.7409930094999104,0.7666516041572526
0.741172253091952,0.7666516041572526
0.741172253091952,0.766741979213737
0.7413514966839936,0.7668323542702215
0.7413514966839936,0.7669227293267058
0.7417099838680767,0.7671034794396746
0.7417099838680767,0.7672842295526434
0.7418892274601183,0.7672842295526434
0.7420684710521599,0.7673746046091279
0.7420684710521599,0.7674649796656123
0.742426958236243,0.7676457297785811
0.742426958236243,0.7677361048350655
0.7426062018282846,0.76782647989155
0.7426062018282846,0.7679168549480343
0.7429646890123678,0.7680976050610031
0.7429646890123678,0.7681879801174876
0.7436816633805341,0.7685494803434252
0.7436816633805341,0.7689109805693628
0.7440401505646174,0.7690917306823317
0.7440401505646174,0.7691821057388161
0.7447571249327837,0.7695436059647537
0.7447571249327837,0.7699954812471758
0.7449363685248253,0.7700858563036602
0.7449363685248253,0.7701762313601446
0.74547409930095,0.7704473565295978
0.74547409930095,0.7705377315860822
0.7458325864850331,0.7707184816990511
0.7458325864850331,0.7710799819249887
0.7461910736691163,0.7712607320379575
0.7461910736691163,0.7713511070944419
0.7472665352213659,0.7718933574333484
0.7472665352213659,0.7719837324898328
0.747625022405449,0.7721644826028016
0.747625022405449,0.772254857659286
0.7481627531815738,0.7725259828287393
0.7481627531815738,0.7728874830546769
0.7483419967736153,0.7728874830546769
0.7483419967736153,0.7729778581111613
0.7485212403656569,0.7730682331676457
0.7485212403656569,0.7731586082241302
0.7487004839576985,0.7732489832806145
0.7488797275497401,0.7732489832806145
0.7488797275497401,0.773339358337099
0.7490589711417817,0.7734297333935833
0.7490589711417817,0.7735201084500678
0.7492382147338232,0.7736104835065521
0.7492382147338232,0.7737008585630366
0.7501344326940312,0.7741527338454587
0.7501344326940312,0.774243108901943
0.7503136762860728,0.7743334839584275
0.7503136762860728,0.7745142340713963
0.7515683814303639,0.7751468594667872
0.7515683814303639,0.775327609579756
0.7517476250224054,0.7754179846362403
0.7517476250224054,0.7755987347492093
0.7528230865746549,0.7761409850881157
0.7528230865746549,0.7762313601446
0.7530023301666965,0.7763217352010845
0.7530023301666965,0.7766832354270221
0.7531815737587382,0.7766832354270221
0.7531815737587382,0.7767736104835066
0.7542570353109876,0.777315860822413
0.7542570353109876,0.7775869859918663
0.7546155224950708,0.7777677361048351
0.7547947660871124,0.7777677361048351
0.7547947660871124,0.7778581111613194
0.7556909840473203,0.7783099864437415
0.7556909840473203,0.778400361500226
0.7558702276393618,0.7784907365567103
0.7558702276393618,0.7786714866696791
0.7564079584154867,0.7789426118391324
0.7564079584154867,0.7791233619521012
0.7565872020075283,0.7792137370085856
0.7565872020075283,0.77930411206507
0.757124932783653,0.7795752372345233
0.757124932783653,0.7797559873474921
0.7573041763756946,0.7798463624039765
0.7573041763756946,0.7799367374604609
0.7574834199677362,0.7799367374604609
0.7587381251120272,0.7805693628558518
0.7587381251120272,0.7806597379123362
0.7598135866642768,0.7812019882512427
0.7599928302563184,0.7812019882512427
0.7599928302563184,0.7813827383642115
0.7601720738483599,0.7814731134206959
0.7601720738483599,0.7815634884771803
0.7603513174404015,0.7816538635336647
0.7603513174404015,0.7817442385901491
0.7605305610324431,0.7818346136466335
0.7605305610324431,0.7820153637596023
0.7607098046244847,0.7820153637596023
0.7607098046244847,0.7821961138725712
0.7608890482165263,0.7822864889290556
0.7608890482165263,0.78237686398554
0.7610682918085678,0.7824672390420244
0.7610682918085678,0.7825576140985088
0.7612475354006094,0.7826479891549932
0.7612475354006094,0.782828739267962
0.761426778992651,0.7829191143244465
0.761426778992651,0.7830094893809308
0.762322996952859,0.7834613646633529
0.762322996952859,0.7835517397198373
0.7625022405449006,0.7836421147763217
0.7625022405449006,0.7837324898328062
0.7626814841369421,0.7838228648892905
0.7626814841369421,0.783913239945775
0.7630399713210253,0.7840939900587438
0.7630399713210253,0.7841843651152282
0.7633984585051085,0.784365115228197
0.7633984585051085,0.7845458653411659
0.76357770209715,0.7846362403976502
0.76357770209715,0.7847266154541347
0.7641154328732748,0.7849977406235878
0.7641154328732748,0.7850881156800723
0.7644739200573579,0.7852688657930411
0.7644739200573579,0.7853592408495256
0.7646531636493995,0.7854496159060099
0.7646531636493995,0.7855399909624944
0.7650116508334827,0.7857207410754632
0.7650116508334827,0.7859918662449163
0.7651908944255242,0.7860822413014008
0.7651908944255242,0.7862629914143696
0.7655493816096075,0.7864437415273384
0.7655493816096075,0.7865341165838229
0.7659078687936907,0.7867148666967917
0.7659078687936907,0.7868956168097605
0.7660871123857322,0.786985991866245
0.7662663559777738,0.786985991866245
0.7662663559777738,0.7871667419792138
0.7664455995698154,0.7872571170356981
0.766624843161857,0.7872571170356981
0.766624843161857,0.7880704925440578
0.7668040867538986,0.7881608676005423
0.7668040867538986,0.7882512426570266
0.7669833303459401,0.7883416177135111
0.7669833303459401,0.7884319927699954
0.7671625739379817,0.7884319927699954
0.7673418175300233,0.7885223678264799
0.7673418175300233,0.7886127428829643
0.7680587918981896,0.788974243108902
0.7680587918981896,0.7890646181653863
0.7682380354902312,0.7891549932218708
0.7682380354902312,0.7892453682783551
0.7693134970424808,0.7897876186172617
0.7693134970424808,0.789877993673746
0.7700304714106471,0.7902394938996837
0.7700304714106471,0.7903298689561681
0.7702097150026886,0.7904202440126525
0.7702097150026886,0.7906009941256213
0.7703889585947302,0.7906913691821057
0.7703889585947302,0.7908721192950745
0.7714644201469797,0.791414369633981
0.7714644201469797,0.7915047446904654
0.7721813945151461,0.7918662449164031
0.7721813945151461,0.7920469950293719
0.7723606381071877,0.7921373700858563
0.7723606381071877,0.7922277451423407
0.7725398816992293,0.7923181201988251
0.7725398816992293,0.7925892453682784
0.7727191252912708,0.7925892453682784
0.7728983688833124,0.7926796204247628
0.7728983688833124,0.7927699954812472
0.773077612475354,0.7928603705377316
0.773077612475354,0.7930411206507004
0.7736153432514787,0.7933122458201536
0.7736153432514787,0.793402620876638
0.7739738304355619,0.7935833709896069
0.7739738304355619,0.7938544961590601
0.774332317619645,0.7940352462720289
0.774332317619645,0.7941256213285133
0.7746908048037283,0.7943063714414822
0.7746908048037283,0.7943967464979665
0.7757662663559778,0.794938996836873
0.7757662663559778,0.7950293718933574
0.7759455099480194,0.7951197469498419
0.7759455099480194,0.7952101220063262
0.7761247535400609,0.7952101220063262
0.7763039971321025,0.7953004970628107
0.7763039971321025,0.795390872119295
0.7764832407241441,0.7954812471757795
0.7764832407241441,0.7956619972887483
0.7768417279082273,0.7958427474017171
0.7768417279082273,0.7959331224582016
0.7770209715002688,0.7960234975146859
0.7770209715002688,0.7962042476276547
0.777379458684352,0.7963849977406235
0.777379458684352,0.7965657478535924
0.7775587022763936,0.7966561229100768
0.7775587022763936,0.7969272480795301
0.7786341638286431,0.7974694984184365
0.7786341638286431,0.7976502485314053
0.7788134074206847,0.7977406235878898
0.7788134074206847,0.7978309986443741
0.7793511381968095,0.7981021238138274
0.7793511381968095,0.798463624039765
0.779530381788851,0.798463624039765
0.7798888689729342,0.7986443741527338
0.7798888689729342,0.7987347492092183
0.7802473561570173,0.7989154993221871
0.7802473561570173,0.7990962494351559
0.7804265997490589,0.7991866244916404
0.7804265997490589,0.7992769995481247
0.7809643305251838,0.799548124717578
0.7811435741172253,0.799548124717578
0.7811435741172253,0.7996384997740623
0.7813228177092669,0.7997288748305468
0.7813228177092669,0.7998192498870311
0.7818605484853917,0.8000903750564844
0.7818605484853917,0.8003615002259377
0.7822190356694748,0.8005422503389065
0.7822190356694748,0.8007230004518753
0.782577522853558,0.8009037505648441
0.782577522853558,0.8009941256213285
0.7827567664455995,0.8010845006778129
0.7827567664455995,0.8011748757342974
0.7831152536296827,0.8013556258472662
0.7831152536296827,0.8014460009037505
0.7832944972217243,0.8014460009037505
0.7832944972217243,0.801536375960235
0.7836529844058074,0.8017171260732038
0.7836529844058074,0.8018978761861726
0.7838322279978491,0.801988251242657
0.7838322279978491,0.8022593764121102
0.7840114715898907,0.8023497514685947
0.7840114715898907,0.8025305015815635
0.7841907151819323,0.8026208766380479
0.7841907151819323,0.8027112516945323
0.7849076895500986,0.8030727519204699
0.7849076895500986,0.8032535020334388
0.7854454203262233,0.803524627202892
0.7854454203262233,0.8036150022593764
0.7856246639182649,0.8037053773158608
0.7856246639182649,0.8037957523723452
0.7863416382864312,0.8041572525982829
0.7863416382864312,0.8042476276547673
0.7872378562466392,0.8046995029371893
0.7872378562466392,0.8048802530501582
0.787775587022764,0.8051513782196114
0.787775587022764,0.8053321283325802
0.7884925613909303,0.8056936285585179
0.7884925613909303,0.8057840036150022
0.7886718049829718,0.8058743786714867
0.7886718049829718,0.805964753727971
0.7888510485750134,0.8060551287844555
0.7888510485750134,0.8062358788974243
0.7892095357590966,0.8064166290103931
0.7892095357590966,0.8065973791233619
0.789926510127263,0.8069588793492996
0.789926510127263,0.807049254405784
0.7901057537193046,0.8071396294622684
0.7901057537193046,0.8074107546317216
0.7906434844954293,0.8076818798011749
0.7906434844954293,0.807953004970628
0.7908227280874709,0.8080433800271125
0.7908227280874709,0.8082241301400813
0.7910019716795125,0.8083145051965658
0.7910019716795125,0.8084952553095346
0.7918981896397204,0.8089471305919567
0.7918981896397204,0.809037505648441
0.7920774332317619,0.8091278807049255
0.7920774332317619,0.8095797559873474
0.7922566768238035,0.8096701310438319
0.7922566768238035,0.8098508811568007
0.7924359204158451,0.8099412562132852
0.7926151640078867,0.8099412562132852
0.7926151640078867,0.8100316312697695
0.7933321383760531,0.8103931314957071
0.7933321383760531,0.8104835065521916
0.7940491127442194,0.8108450067781292
0.7940491127442194,0.8109353818346137
0.7944075999283026,0.8111161319475825
0.7944075999283026,0.8113872571170357
0.7949453307044273,0.8116583822864889
0.7949453307044273,0.8119295074559422
0.7951245742964689,0.8119295074559422
0.7953038178885105,0.8120198825124265
0.7953038178885105,0.812110257568911
0.795483061480552,0.8122006326253954
0.795483061480552,0.8122910076818798
0.7960207922566769,0.812562132851333
0.7960207922566769,0.8126525079078174
0.79637927944076,0.8128332580207862
0.79637927944076,0.8130140081337551
0.7969170102168848,0.8132851333032083
0.7969170102168848,0.8133755083596927
0.7974547409930095,0.8136466335291459
0.7974547409930095,0.8139177586985992
0.7979924717691342,0.8141888838680524
0.7979924717691342,0.8142792589245368
0.7981717153611758,0.8143696339810212
0.7981717153611758,0.81455038409399
0.7988886897293421,0.8149118843199277
0.7988886897293421,0.8150022593764121
0.7992471769134254,0.8151830094893809
0.7992471769134254,0.8152733845458653
0.799426420505467,0.8153637596023497
0.799426420505467,0.815634884771803
0.7996056640975086,0.8157252598282874
0.7996056640975086,0.8158156348847718
0.7999641512815917,0.8159963849977406
0.7999641512815917,0.816086760054225
0.8001433948736333,0.8161771351107094
0.8001433948736333,0.8162675101671939
0.8003226384656749,0.8163578852236782
0.8003226384656749,0.8165386353366471
0.800681125649758,0.8167193854496159
0.800681125649758,0.8168097605061003
0.8008603692417996,0.8169001355625847
0.8008603692417996,0.8169905106190691
0.8010396128338412,0.8170808856755536
0.8010396128338412,0.8171712607320379
0.8013981000179243,0.8173520108450067
0.8013981000179243,0.8175327609579756
0.8015773436099659,0.81762313601446
0.8015773436099659,0.8177135110709444
0.8017565872020075,0.8178038861274288
0.8017565872020075,0.8179846362403976
0.8026528051622155,0.8184365115228197
0.8026528051622155,0.8185268865793041
0.8028320487542571,0.8186172616357885
0.8028320487542571,0.818707636692273
0.8031905359383402,0.818707636692273
0.8031905359383402,0.8189787618617261
0.803728266714465,0.8192498870311794
0.803728266714465,0.8197017623136015
0.8039075103065065,0.8197921373700858
0.8039075103065065,0.8198825124265703
0.8046244846746728,0.8202440126525079
0.8046244846746728,0.8203343877089924
0.804982971858756,0.8205151378219612
0.804982971858756,0.8206055128784455
0.8051622154507976,0.82069588793493
0.8051622154507976,0.8208766380478988
0.8055207026348808,0.8210573881608676
0.8055207026348808,0.8212381382738364
0.8064169205950887,0.8216900135562585
0.8064169205950887,0.8217803886127428
0.8065961641871303,0.8218707636692273
0.8065961641871303,0.8220515137821961
0.8076716257393798,0.8225937641211025
0.8078508693314214,0.8225937641211025
0.8078508693314214,0.8228648892905558
0.8087470872916294,0.8233167645729779
0.8087470872916294,0.8234975146859467
0.8089263308836709,0.8235878897424311
0.8089263308836709,0.8237686398553999
0.8092848180677541,0.8239493899683688
0.8092848180677541,0.8240397650248531
0.8094640616597957,0.8240397650248531
0.8096433052518373,0.8241301400813376
0.8096433052518373,0.8244012652507908
0.8100017924359204,0.8245820153637596
0.8100017924359204,0.824672390420244
0.810181036027962,0.8247627654767284
0.810181036027962,0.8248531405332128
0.8107187668040867,0.8251242657026661
0.8107187668040867,0.8252146407591505
0.8110772539881699,0.8253953908721193
0.8110772539881699,0.8254857659286037
0.8119734719483779,0.8259376412110258
0.8119734719483779,0.8260280162675102
0.8128696899085858,0.8264798915499322
0.8128696899085858,0.8271125169453231
0.8134074206847105,0.8273836421147763
0.8134074206847105,0.8276547672842296
0.8135866642767521,0.827745142340714
0.8135866642767521,0.8278355173971984
0.8143036386449184,0.828197017623136
0.8143036386449184,0.8282873926796204
0.8144828822369601,0.8282873926796204
0.8146621258290017,0.8283777677361048
0.8148413694210432,0.8283777677361048
0.8148413694210432,0.8284681427925893
0.815379100197168,0.8287392679620424
0.815379100197168,0.8289200180750113
0.8155583437892095,0.8290103931314957
0.8155583437892095,0.8291007681879801
0.8157375873812511,0.8291911432444645
0.8157375873812511,0.8293718933574333
0.8159168309732927,0.8293718933574333
0.8159168309732927,0.8296430185268866
0.8162753181573759,0.8298237686398554
0.8162753181573759,0.830185268865793
0.8164545617494174,0.8302756439222775
0.8164545617494174,0.8306371441482151
0.816633805341459,0.8307275192046994
0.816633805341459,0.8308178942611839
0.8168130489335006,0.8309082693176684
0.8168130489335006,0.831269769543606
0.8173507797096253,0.8315408947130591
0.8173507797096253,0.8316312697695436
0.8180677540777918,0.8319927699954812
0.8180677540777918,0.8320831450519657
0.8182469976698333,0.83217352010845
0.8182469976698333,0.8323542702214188
0.8184262412618749,0.8324446452779033
0.8184262412618749,0.8327157704473566
0.8186054848539165,0.8327157704473566
0.8186054848539165,0.8331676457297785
0.8189639720379996,0.8333483958427474
0.8189639720379996,0.8334387708992318
0.8195017028141244,0.8337098960686851
0.8195017028141244,0.8339810212381382
0.819680946406166,0.8340713962946227
0.819680946406166,0.8342521464075915
0.8198601899982075,0.834342521464076
0.8198601899982075,0.8348847718029824
0.8200394335902491,0.8348847718029824
0.8202186771822907,0.8349751468594668
0.8202186771822907,0.8350655219159512
0.8203979207743323,0.8351558969724356
0.8203979207743323,0.83524627202892
0.820577164366374,0.8353366470854044
0.820577164366374,0.8354270221418888
0.8214733823265818,0.8358788974243109
0.8214733823265818,0.8359692724807953
0.821831869510665,0.8361500225937641
0.821831869510665,0.8362403976502485
0.8221903566947482,0.8364211477632173
0.8221903566947482,0.8366018978761862
0.8223696002867897,0.8366922729326706
0.8223696002867897,0.836782647989155
0.8229073310629145,0.8370537731586082
0.8229073310629145,0.8371441482150926
0.8232658182469976,0.8373248983280615
0.8232658182469976,0.8374152733845459
0.8234450618390392,0.8375056484410303
0.8236243054310809,0.8375056484410303
0.8236243054310809,0.8377767736104835
0.8241620362072056,0.8380478987799367
0.8241620362072056,0.8382286488929056
0.8245205233912888,0.8384093990058744
0.8245205233912888,0.8384997740623588
0.8246997669833304,0.8384997740623588
0.8248790105753719,0.8385901491188432
0.8248790105753719,0.8388612742882964
0.8250582541674135,0.8389516493447808
0.8250582541674135,0.8390420244012653
0.8252374977594551,0.8391323994577496
0.8252374977594551,0.8394938996836873
0.8254167413514967,0.8395842747401717
0.8254167413514967,0.8396746497966561
0.8255959849435383,0.8397650248531405
0.8255959849435383,0.8401265250790781
0.8259544721276214,0.840307275192047
0.8259544721276214,0.8404880253050158
0.826133715719663,0.8405784003615002
0.826133715719663,0.8406687754179847
0.8263129593117046,0.840759150474469
0.8263129593117046,0.8408495255309535
0.8264922029037461,0.8409399005874378
0.8264922029037461,0.8411206507004066
0.8266714464957877,0.8412110257568911
0.8266714464957877,0.8413917758698599
0.827029933679871,0.8415725259828287
0.827029933679871,0.8417532760957975
0.8272091772719126,0.841843651152282
0.8272091772719126,0.8419340262087663
0.8277469080480373,0.8422051513782196
0.8277469080480373,0.8422955264347041
0.8279261516400789,0.8423859014911884
0.8279261516400789,0.8426570266606417
0.8281053952321205,0.842747401717126
0.8281053952321205,0.8429281518300948
0.8286431260082452,0.8431992769995481
0.8286431260082452,0.8434704021690014
0.8293601003764115,0.843831902394939
0.8293601003764115,0.844916403072752
0.8298978311525363,0.8451875282422051
0.8298978311525363,0.8452779032986896
0.8300770747445779,0.8453682783551739
0.8300770747445779,0.8454586534116584
0.8302563183366195,0.8455490284681428
0.8302563183366195,0.8456394035246272
0.8304355619286611,0.8456394035246272
0.8304355619286611,0.8457297785811116
0.8306148055207027,0.845820153637596
0.8306148055207027,0.8461816538635336
0.8309732927047858,0.8463624039765025
0.8309732927047858,0.8466335291459557
0.8311525362968274,0.8466335291459557
0.8311525362968274,0.8467239042024401
0.831331779888869,0.8468142792589245
0.831331779888869,0.846904654315409
0.8315110234809105,0.8469950293718933
0.8315110234809105,0.8470854044283778
0.8316902670729521,0.8470854044283778
0.8316902670729521,0.8471757794848622
0.8320487542570353,0.847356529597831
0.8320487542570353,0.8474469046543154
0.8322279978490769,0.8475372797107998
0.8322279978490769,0.8476276547672842
0.8324072414411184,0.8477180298237686
0.8324072414411184,0.8478987799367375
0.83258648503316,0.8479891549932219
0.83258648503316,0.8480795300497063
0.8327657286252016,0.8480795300497063
0.8327657286252016,0.8481699051061907
0.8331242158092849,0.8483506552191595
0.8331242158092849,0.8484410302756439
0.8336619465854096,0.8487121554450971
0.8336619465854096,0.8488025305015816
0.8338411901774512,0.848892905558066
0.8338411901774512,0.8490736556710348
0.8340204337694928,0.8491640307275192
0.8340204337694928,0.849344780840488
0.8341996773615343,0.849344780840488
0.8341996773615343,0.8496159060099413
0.8343789209535759,0.8497062810664257
0.8343789209535759,0.8502485314053321
0.8345581645456175,0.8503389064618165
0.8345581645456175,0.8505196565747853
0.8347374081376591,0.8506100316312698
0.8347374081376591,0.8509715318572074
0.8350958953217422,0.8511522819701762
0.8350958953217422,0.8514234071396295
0.8359921132819502,0.8518752824220515
0.8359921132819502,0.8520560325350204
0.8361713568739918,0.8521464075915047
0.8361713568739918,0.8523271577044735
0.836529844058075,0.8525079078174423
0.836529844058075,0.8525982828739268
0.8368883312421581,0.8527790329868956
0.8368883312421581,0.8528694080433801
0.8370675748341997,0.8529597830998644
0.8370675748341997,0.8530501581563489
0.8372468184262413,0.8531405332128332
0.8372468184262413,0.853321283325802
0.8374260620182828,0.8534116583822865
0.8374260620182828,0.8536827835517398
0.8376053056103244,0.8537731586082241
0.8376053056103244,0.8539539087211929
0.8381430363864492,0.8542250338906462
0.8381430363864492,0.8543154089471305
0.8388600107546155,0.8546769091730683
0.8388600107546155,0.8547672842295526
0.8390392543466572,0.8547672842295526
0.8390392543466572,0.8548576592860371
0.8393977415307403,0.8550384093990059
0.8393977415307403,0.8551287844554902
0.8395769851227819,0.8552191595119747
0.8395769851227819,0.8556710347943968
0.8397562287148235,0.8557614098508811
0.839935472306865,0.8557614098508811
0.839935472306865,0.8558517849073656
0.8401147158989066,0.8559421599638499
0.8401147158989066,0.8563036601897877
0.8402939594909482,0.856394035246272
0.8402939594909482,0.8565747853592408
0.8404732030829898,0.8565747853592408
0.8404732030829898,0.8566651604157253
0.8410109338591145,0.8569362855851785
0.8410109338591145,0.8570266606416629
0.8417279082272808,0.8573881608676005
0.8417279082272808,0.857478535924085
0.8419071518193224,0.857478535924085
0.8420863954113641,0.8575689109805693
0.8420863954113641,0.8576592860370538
0.8422656390034057,0.8577496610935382
0.8422656390034057,0.8580207862629914
0.8424448825954473,0.8581111613194758
0.8424448825954473,0.8582015363759602
0.8428033697795304,0.858382286488929
0.8428033697795304,0.8584726615454135
0.8431618569636136,0.8586534116583823
0.8431618569636136,0.8587437867148667
0.8433411005556551,0.8588341617713511
0.8433411005556551,0.8589245368278355
0.8435203441476967,0.8590149118843199
0.8435203441476967,0.8591052869408043
0.8436995877397383,0.8591956619972887
0.8436995877397383,0.859466787166742
0.8438788313317799,0.859466787166742
0.8438788313317799,0.8595571622232264
0.844237318515863,0.8597379123361952
0.844237318515863,0.8598282873926796
0.8447750492919878,0.8600994125621328
0.8447750492919878,0.8602801626751017
0.8453127800681126,0.8605512878445549
0.8453127800681126,0.8606416629010393
0.8454920236601542,0.8606416629010393
0.8454920236601542,0.8608224130140081
0.8456712672521958,0.8609127880704925
0.8456712672521958,0.8612742882964302
0.8460297544362789,0.861455038409399
0.8460297544362789,0.8615454134658834
0.8462089980283205,0.8616357885223678
0.8462089980283205,0.8618165386353367
0.8463882416203621,0.8618165386353367
0.8465674852124037,0.861906913691821
0.8465674852124037,0.8619972887483055
0.8478221903566947,0.8626299141436964
0.8478221903566947,0.8627202892001807
0.848180677540778,0.8629010393131495
0.848180677540778,0.862991414369634
0.8485391647248611,0.8631721644826028
0.8485391647248611,0.8632625395390872
0.8490768955009859,0.8635336647085404
0.8490768955009859,0.8636240397650249
0.8492561390930274,0.8637144148215092
0.8492561390930274,0.8638047898779937
0.849435382685069,0.8638047898779937
0.8496146262771106,0.863895164934478
0.8496146262771106,0.8641662901039313
0.8497938698691522,0.8641662901039313
0.8501523570532353,0.8643470402169001
0.8501523570532353,0.8647989154993222
0.8503316006452769,0.8647989154993222
0.8503316006452769,0.864979665612291
0.8508693314214016,0.8652507907817443
0.8508693314214016,0.8655219159511974
0.8515863057895681,0.8658834161771352
0.8517655493816096,0.8658834161771352
0.8517655493816096,0.866064166290104
0.8519447929736512,0.8661545413465883
0.8519447929736512,0.8662449164030728
0.8521240365656928,0.8662449164030728
0.8521240365656928,0.8666064166290104
0.8523032801577344,0.8666967916854948
0.8523032801577344,0.8667871667419792
0.8526617673418175,0.866967916854948
0.8526617673418175,0.8672390420244013
0.8531994981179423,0.8675101671938545
0.8531994981179423,0.8676005422503389
0.8533787417099838,0.8676909173068234
0.8533787417099838,0.8682331676457298
0.853737228894067,0.8684139177586986
0.853737228894067,0.868504292815183
0.8539164724861086,0.868504292815183
0.8542749596701917,0.8686850429281519
0.8542749596701917,0.8688657930411207
0.8548126904463166,0.8691369182105739
0.8548126904463166,0.8692272932670583
0.8551711776303997,0.8694080433800271
0.8551711776303997,0.8694984184365115
0.8553504212224413,0.8695887934929959
0.8553504212224413,0.8697695436059647
0.8555296648144829,0.8698599186624492
0.8555296648144829,0.8699502937189336
0.855888151998566,0.8701310438319024
0.855888151998566,0.8702214188883868
0.8564258827746908,0.87049254405784
0.8564258827746908,0.8705829191143244
0.8566051263667324,0.8706732941708089
0.8566051263667324,0.8707636692272933
0.8569636135508155,0.8709444193402621
0.8569636135508155,0.8711251694532309
0.8571428571428571,0.8712155445097153
0.8571428571428571,0.8713059195661997
0.8575013443269404,0.8714866696791685
0.8575013443269404,0.8716674197921374
0.8576805879189819,0.8717577948486218
0.8576805879189819,0.8719385449615906
0.8580390751030651,0.8721192950745594
0.8580390751030651,0.8722096701310438
0.8582183186951067,0.8723000451875282
0.8582183186951067,0.8723904202440127
0.8583975622871483,0.872480795300497
0.8583975622871483,0.8725711703569815
0.8585768058791898,0.8726615454134659
0.8585768058791898,0.8727519204699503
0.8607277289836889,0.8738364211477632
0.8607277289836889,0.8739267962042476
0.861086216167772,0.8741075463172164
0.861086216167772,0.8741979213737009
0.8614447033518552,0.8743786714866697
0.8614447033518552,0.8746497966561229
0.8616239469438968,0.8746497966561229
0.8621616777200215,0.8749209218255761
0.8621616777200215,0.8750112968820606
0.8623409213120631,0.8751016719385449
0.8623409213120631,0.8754631721644826
0.8625201649041047,0.875553547220967
0.8625201649041047,0.8758246723904203
0.8628786520881878,0.8760054225033891
0.8628786520881878,0.8762765476728422
0.8630578956802294,0.8763669227293267
0.8630578956802294,0.8765476728422955
0.863237139272271,0.87663804789878
0.863237139272271,0.8768187980117488
0.8634163828643125,0.8769091730682331
0.8634163828643125,0.8769995481247176
0.8637748700483958,0.8771802982376864
0.8637748700483958,0.877541798463624
0.8646710880086037,0.8779936737460461
0.8646710880086037,0.8780840488025305
0.8650295751926869,0.8782647989154994
0.8650295751926869,0.8783551739719837
0.8652088187847284,0.8784455490284682
0.8652088187847284,0.878626299141437
0.8657465495608532,0.8788974243108902
0.8657465495608532,0.8791685494803434
0.8659257931528948,0.8792589245368279
0.8659257931528948,0.8793492995933122
0.8666427675210612,0.8797107998192499
0.8666427675210612,0.8798915499322187
0.8668220111131028,0.8799819249887031
0.8668220111131028,0.8800723000451875
0.8675389854812691,0.8804338002711252
0.8675389854812691,0.880614550384094
0.8678974726653522,0.8807953004970628
0.8678974726653522,0.8808856755535472
0.868435203441477,0.8811568007230004
0.868435203441477,0.8812471757794849
0.8693314214016848,0.8816990510619069
0.8693314214016848,0.8819701762313601
0.8695106649937264,0.8820605512878446
0.8695106649937264,0.8825124265702666
0.8696899085857681,0.882602801626751
0.8696899085857681,0.8826931766832354
0.8700483957698513,0.8828739267962042
0.8700483957698513,0.883054676909173
0.8702276393618928,0.8831450519656575
0.8702276393618928,0.8839584274740172
0.8704068829539344,0.8840488025305016
0.8704068829539344,0.884139177586986
0.8707653701380176,0.8843199276999548
0.8707653701380176,0.8845006778129236
0.8711238573221007,0.8846814279258924
0.8711238573221007,0.8847718029823769
0.8714823445061839,0.8849525530953457
0.8714823445061839,0.8852236782647989
0.8716615880982255,0.8853140533212833
0.8716615880982255,0.8854044283777678
0.871840831690267,0.8854948034342521
0.871840831690267,0.8859466787166742
0.8720200752823086,0.8860370537731586
0.8720200752823086,0.8866696791685494
0.8721993188743502,0.8867600542250339
0.8721993188743502,0.8868504292815182
0.8723785624663918,0.8869408043380027
0.8725578060584334,0.8869408043380027
0.8725578060584334,0.8876638047898779
0.872737049650475,0.8877541798463624
0.872737049650475,0.8880253050158157
0.8729162932425166,0.8881156800723
0.8729162932425166,0.8882964301852688
0.8732747804265998,0.8884771802982376
0.8732747804265998,0.8889290555806597
0.8734540240186414,0.8890194306371442
0.8734540240186414,0.8891098056936285
0.8738125112027245,0.8892905558065973
0.8738125112027245,0.8895616809760506
0.8739917547947661,0.889652056032535
0.8739917547947661,0.8897424310890194
0.8743502419788493,0.8899231812019882
0.8743502419788493,0.8903750564844103
0.874887972754974,0.8906461816538636
0.874887972754974,0.8910076818798012
0.8750672163470156,0.8910980569362856
0.8750672163470156,0.89118843199277
0.8752464599390571,0.8912788070492544
0.8752464599390571,0.8915499322187076
0.875784190715182,0.8918210573881609
0.875784190715182,0.8919114324446453
0.8761426778992651,0.8920921825576141
0.8761426778992651,0.8922729326705829
0.8773973830435562,0.8929055580659738
0.8773973830435562,0.8929959331224582
0.8775766266355978,0.8930863081789426
0.8775766266355978,0.8934478084048803
0.8777558702276393,0.8935381834613647
0.8777558702276393,0.8937189335743335
0.8781143574117225,0.8938996836873023
0.8781143574117225,0.8943515589697244
0.8784728445958057,0.8945323090826932
0.8784728445958057,0.894713059195662
0.8788313317798888,0.8948938093086308
0.8788313317798888,0.8951649344780841
0.8793690625560137,0.8954360596475373
0.8793690625560137,0.8955264347040217
0.8795483061480552,0.8956168097605061
0.8795483061480552,0.896249435155897
0.8797275497400968,0.8963398102123814
0.8797275497400968,0.8964301852688658
0.8799067933321384,0.8965205603253502
0.8799067933321384,0.8966109353818346
0.881340742068471,0.8973339358337099
0.881340742068471,0.8974243108901943
0.882236960028679,0.8978761861726163
0.882236960028679,0.8979665612291008
0.8824162036207206,0.8980569362855851
0.8824162036207206,0.8981473113420696
0.8825954472127622,0.898237686398554
0.8825954472127622,0.8983280614550384
0.8831331779888869,0.8985991866244917
0.8831331779888869,0.8987799367374605
0.8833124215809285,0.8988703117939448
0.8833124215809285,0.8990510619069136
0.8836709087650116,0.8992318120198826
0.8836709087650116,0.8993221870763669
0.8838501523570532,0.8994125621328514
0.8838501523570532,0.8995029371893357
0.884387883133178,0.899774062358789
0.884387883133178,0.8999548124717578
0.8845671267252195,0.9000451875282423
0.8845671267252195,0.9002259376412111
0.8847463703172611,0.9003163126976954
0.8847463703172611,0.9004066877541799
0.8849256139093027,0.9004970628106642
0.8849256139093027,0.900677812923633
0.8851048575013444,0.9007681879801175
0.8851048575013444,0.900858563036602
0.885284101093386,0.9009489380930863
0.885284101093386,0.9011296882060551
0.8854633446854275,0.9012200632625396
0.8854633446854275,0.9013104383190239
0.8858218318695107,0.9014911884319927
0.8858218318695107,0.9015815634884772
0.886538806237677,0.9019430637144148
0.886538806237677,0.9020334387708993
0.8868972934217602,0.9022141888838681
0.8868972934217602,0.9023949389968369
0.8872557806058433,0.9025756891098057
0.8872557806058433,0.9026660641662901
0.8883312421580929,0.9032083145051966
0.8883312421580929,0.903298689561681
0.8885104857501345,0.9033890646181654
0.8885104857501345,0.9035698147311342
0.8895859473023839,0.9041120650700407
0.8895859473023839,0.9042928151830095
0.8899444344864671,0.9044735652959783
0.8899444344864671,0.9045639403524627
0.8901236780785087,0.9046543154089471
0.8901236780785087,0.904835065521916
0.8903029216705503,0.9049254405784004
0.8903029216705503,0.9050158156348848
0.890840652446675,0.905286940804338
0.890840652446675,0.9053773158608224
0.8910198960387166,0.9054676909173068
0.8910198960387166,0.9055580659737912
0.8911991396307583,0.9056484410302756
0.8911991396307583,0.9057388160867601
0.891736870406883,0.9060099412562133
0.891736870406883,0.9062810664256665
0.8919161139989246,0.9063714414821509
0.8919161139989246,0.9064618165386353
0.8920953575909661,0.9065521915951198
0.8920953575909661,0.9066425666516041
0.8922746011830077,0.9067329417080886
0.8922746011830077,0.906823316764573
0.8924538447750493,0.9069136918210574
0.8924538447750493,0.9071848169905106
0.8928123319591325,0.9073655671034795
0.8928123319591325,0.9075463172164483
0.8933500627352572,0.9078174423859015
0.8933500627352572,0.9079078174423859
0.8951424986556731,0.90881156800723
0.8951424986556731,0.9089019430637144
0.8953217422477147,0.9089923181201989
0.8953217422477147,0.9090826931766832
0.8962179602079225,0.9095345684591053
0.8962179602079225,0.9096249435155896
0.8976519089442553,0.910347943967465
0.8976519089442553,0.9104383190239493
0.8996235884567126,0.911432444645278
0.8996235884567126,0.9115228197017623
0.8998028320487542,0.9116131947582468
0.8998028320487542,0.9117939448712156
0.9001613192328374,0.9119746949841844
0.9001613192328374,0.9120650700406687
0.9014160243771285,0.9126976954360596
0.9014160243771285,0.9128784455490284
0.9021329987452948,0.9132399457749661
0.9021329987452948,0.9133303208314505
0.9039254346657107,0.9142340713962946
0.9039254346657107,0.914324446452779
0.9078687936906256,0.9163126976954361
0.9078687936906256,0.9164030727519205
0.9087650116508335,0.9168549480343425
0.9087650116508335,0.9169453230908269
0.9093027424269582,0.9172164482602801
0.9093027424269582,0.9173068233167646
0.9094819860189998,0.917397198373249
0.9096612296110415,0.917397198373249
0.9096612296110415,0.9176683235427022
0.909840473203083,0.9177586985991866
0.909840473203083,0.917849073655671
0.9103782039792078,0.9181201988251243
0.9103782039792078,0.9182105738816086
0.9109159347553325,0.9184816990510619
0.9110951783473741,0.9184816990510619
0.9110951783473741,0.9188431992769995
0.9112744219394157,0.9188431992769995
0.9112744219394157,0.9190239493899683
0.9114536655314572,0.9191143244464528
0.9114536655314572,0.9192046995029372
0.9116329091234988,0.9192950745594216
0.9116329091234988,0.9196565747853592
0.9118121527155404,0.9197469498418437
0.9118121527155404,0.9199276999548125
0.911991396307582,0.9199276999548125
0.9121706398996235,0.9200180750112968
0.9121706398996235,0.9201084500677813
0.9123498834916651,0.9201988251242657
0.9123498834916651,0.9203795752372346
0.91288761426779,0.9206507004066877
0.91288761426779,0.9207410754631722
0.9132461014518731,0.920921825576141
0.9132461014518731,0.9211025756891098
0.9134253450439147,0.9211929507455943
0.9134253450439147,0.9212833258020786
0.9136045886359563,0.9213737008585631
0.9136045886359563,0.9214640759150474
0.9145008065961642,0.9219159511974695
0.9145008065961642,0.922006326253954
0.9146800501882058,0.9220967013104383
0.9146800501882058,0.9221870763669228
0.9148592937802473,0.9221870763669228
0.9148592937802473,0.9225485765928604
0.9153970245563721,0.9228197017623136
0.9153970245563721,0.9230004518752825
0.9159347553324969,0.9232715770447356
0.9159347553324969,0.9238138273836421
0.9162932425165801,0.923994577496611
0.9162932425165801,0.9241753276095798
0.9164724861086216,0.9241753276095798
0.9164724861086216,0.9242657026660641
0.9166517297006632,0.9243560777225486
0.9166517297006632,0.924446452779033
0.9182649220290374,0.9252598282873927
0.9182649220290374,0.9253502033438771
0.918444165621079,0.9253502033438771
0.918444165621079,0.9254405784003615
0.9188026528051623,0.9256213285133303
0.9188026528051623,0.9257117035698147
0.9189818963972038,0.9257117035698147
0.9191611399892454,0.9258020786262992
0.9191611399892454,0.925982828739268
0.9195196271733286,0.9261635788522368
0.9195196271733286,0.9262539539087212
0.9196988707653702,0.9262539539087212
0.9196988707653702,0.9263443289652056
0.9198781143574117,0.92643470402169
0.9198781143574117,0.9267058291911432
0.9200573579494533,0.9267962042476277
0.9200573579494533,0.9268865793041121
0.9207743323176196,0.9272480795300497
0.9207743323176196,0.9275192046995029
0.9211328195017028,0.9276999548124718
0.9211328195017028,0.9277903298689562
0.9216705502778275,0.9280614550384094
0.9216705502778275,0.9281518300948938
0.9222082810539524,0.928422955264347
0.9222082810539524,0.9285133303208315
0.9231044990141603,0.9289652056032535
0.9231044990141603,0.9291459557162223
0.9238214733823266,0.92950745594216
0.9238214733823266,0.9296882060551288
0.9245384477504929,0.9300497062810664
0.9245384477504929,0.9301400813375509
0.9259723964868256,0.9308630817894261
0.9259723964868256,0.9309534568459106
0.9261516400788672,0.9310438319023949
0.9261516400788672,0.9311342069588794
0.9263308836709088,0.9312245820153637
0.9263308836709088,0.931495707184817
0.9265101272629503,0.931495707184817
0.9265101272629503,0.9315860822413013
0.9268686144470335,0.9317668323542703
0.9268686144470335,0.9318572074107546
0.9275855888151998,0.9322187076366922
0.9275855888151998,0.9323090826931767
0.9277648324072414,0.932399457749661
0.9277648324072414,0.93258020786263
0.9279440759992831,0.9326705829191143
0.9279440759992831,0.9327609579755988
0.9284818067754078,0.9330320831450519
0.9284818067754078,0.9333032083145052
0.9286610503674494,0.9333935833709897
0.9286610503674494,0.933483958427474
0.928840293959491,0.9335743334839585
0.928840293959491,0.9337550835969273
0.9291987811435741,0.9339358337098961
0.9291987811435741,0.9340262087663804
0.9293780247356157,0.9341165838228649
0.9293780247356157,0.9343877089923182
0.9297365119196989,0.934568459105287
0.9297365119196989,0.9346588341617713
0.930094999103782,0.9348395842747401
0.930094999103782,0.9353818346136467
0.9302742426958236,0.935472209670131
0.9302742426958236,0.9361048350655219
0.9304534862878652,0.9361952101220063
0.9304534862878652,0.9363759602349752
0.9306327298799068,0.9364663352914595
0.9306327298799068,0.936556710347944
0.93099121706399,0.9367374604609128
0.93099121706399,0.9368278355173972
0.9313497042480732,0.937008585630366
0.9313497042480732,0.9370989606868504
0.9315289478401148,0.9370989606868504
0.9315289478401148,0.9371893357433349
0.9318874350241979,0.9373700858563037
0.9318874350241979,0.9376412110257569
0.9322459222082811,0.9378219611387257
0.9322459222082811,0.9379123361952101
0.9324251658003226,0.9380027112516945
0.9324251658003226,0.9381834613646634
0.9326044093923642,0.9382738364211478
0.9326044093923642,0.9387257117035698
0.9327836529844058,0.9388160867600542
0.9327836529844058,0.9389064618165386
0.9329628965764474,0.938996836873023
0.9329628965764474,0.9392679620424763
0.933142140168489,0.9393583370989607
0.933142140168489,0.9394487121554451
0.9335006273525721,0.9396294622684139
0.9335006273525721,0.9403524627202892
0.9336798709446137,0.9404428377767736
0.9336798709446137,0.940533212833258
0.9345760889048217,0.94098508811568
0.9345760889048217,0.9412562132851333
0.9349345760889048,0.9414369633981021
0.9349345760889048,0.9415273384545866
0.935293063272988,0.9417080885675554
0.935293063272988,0.9417984636240397
0.9356515504570712,0.9419792137370085
0.9356515504570712,0.9422503389064618
0.9363685248252375,0.9426118391323994
0.9363685248252375,0.9427925892453682
0.9367270120093206,0.942973339358337
0.9367270120093206,0.9434252146407591
0.9370854991934038,0.9436059647537279
0.9370854991934038,0.9438770899231812
0.9372647427854455,0.9439674649796657
0.9372647427854455,0.94405784003615
0.9378024735615702,0.9443289652056033
0.9378024735615702,0.9444193402620876
0.9383402043376949,0.9446904654315409
0.9383402043376949,0.9447808404880254
0.9386986915217781,0.9449615906009942
0.9386986915217781,0.9453230908269318
0.9388779351138197,0.9453230908269318
0.9388779351138197,0.9455038409399006
0.9390571787058613,0.945594215996385
0.9390571787058613,0.9458653411658382
0.9397741530740276,0.9462268413917758
0.9397741530740276,0.9463172164482603
0.9399533966660691,0.9464075915047447
0.9399533966660691,0.9464979665612291
0.9401326402581107,0.9465883416177135
0.9401326402581107,0.9467690917306824
0.9408496146262771,0.94713059195662
0.9410288582183187,0.94713059195662
0.9410288582183187,0.9473113420695888
0.9412081018103603,0.9474017171260732
0.9412081018103603,0.9474920921825576
0.9419250761785266,0.9478535924084952
0.9419250761785266,0.9480343425214641
0.9422835633626098,0.9482150926344329
0.9422835633626098,0.9483054676909173
0.9424628069546513,0.9483958427474017
0.9424628069546513,0.9484862178038861
0.9426420505466929,0.9485765928603705
0.9426420505466929,0.9487573429733394
0.9430005377307761,0.9489380930863082
0.9430005377307761,0.9492995933122458
0.9433590249148593,0.9494803434252146
0.9433590249148593,0.949570718481699
0.9437175120989425,0.9497514685946679
0.9437175120989425,0.9498418436511523
0.9442552428750672,0.9501129688206055
0.9442552428750672,0.950655219159512
0.9449722172432335,0.9510167193854496
0.9449722172432335,0.9512878445549029
0.9453307044273167,0.9514685946678717
0.9453307044273167,0.9516493447808405
0.9455099480193583,0.9517397198373249
0.9456891916113999,0.9517397198373249
0.9456891916113999,0.9518300948938093
0.946943896755691,0.9524627202892002
0.946943896755691,0.952643470402169
0.9473023839397742,0.9528242205151378
0.9474816275318158,0.9528242205151378
0.9474816275318158,0.9529145955716223
0.9480193583079405,0.9531857207410754
0.9480193583079405,0.9532760957975599
0.9485570890840652,0.953547220967013
0.9485570890840652,0.953727971079982
0.9487363326761068,0.9538183461364663
0.9487363326761068,0.9539087211929508
0.9494533070442732,0.9542702214188884
0.9494533070442732,0.9543605964753727
0.9496325506363148,0.9544509715318572
0.9496325506363148,0.9545413465883417
0.9501702814124395,0.9548124717577948
0.9501702814124395,0.9549028468142793
0.9503495250044811,0.9549932218707636
0.9503495250044811,0.9550835969272481
0.9517834737408137,0.9558065973791233
0.9517834737408137,0.9560777225485766
0.9519627173328553,0.956168097605061
0.9519627173328553,0.9569814731134207
0.9521419609248969,0.9570718481699051
0.9521419609248969,0.9578852236782648
0.9523212045169385,0.9579755987347492
0.9523212045169385,0.9582467239042024
0.9525004481089802,0.9583370989606869
0.9525004481089802,0.9585178490736557
0.9526796917010217,0.9586082241301401
0.9526796917010217,0.9606868504292815
0.9528589352930633,0.9607772254857659
0.9528589352930633,0.9611387257117036
0.9530381788851049,0.961229100768188
0.9530381788851049,0.9621328513330321
0.9539343968453128,0.9625847266154541
0.9539343968453128,0.9626751016719386
0.9544721276214375,0.9629462268413918
0.9544721276214375,0.9630366018978762
0.9548306148055207,0.963217352010845
0.9548306148055207,0.9633077270673294
0.9550098583975623,0.9633981021238138
0.9550098583975623,0.9635788522367826
0.9551891019896038,0.9636692272932671
0.9551891019896038,0.9638499774062359
0.9557268327657287,0.9641211025756891
0.9557268327657287,0.9642114776321735
0.9559060763577703,0.964301852688658
0.9559060763577703,0.9643922277451423
0.9560853199498118,0.9644826028016268
0.9560853199498118,0.9645729778581111
0.9566230507259366,0.9648441030275644
0.9566230507259366,0.9649344780840488
0.9573400250941029,0.9652959783099865
0.9573400250941029,0.9653863533664708
0.9575192686861445,0.9654767284229553
0.9575192686861445,0.9656574785359241
0.9580569994622692,0.9659286037053774
0.9580569994622692,0.9661093538183462
0.9582362430543108,0.9661997288748305
0.9582362430543108,0.9663804789877993
0.9584154866463523,0.9664708540442838
0.9584154866463523,0.9665612291007681
0.9587739738304356,0.9667419792137371
0.9587739738304356,0.9668323542702214
0.9589532174224772,0.9669227293267059
0.9589532174224772,0.9671034794396747
0.9591324610145188,0.967193854496159
0.9591324610145188,0.9673746046091278
0.9596701917906435,0.9676457297785811
0.9596701917906435,0.9677361048350656
0.9598494353826851,0.9678264798915499
0.9598494353826851,0.9683687302304564
0.9600286789747267,0.9684591052869408
0.9600286789747267,0.9685494803434253
0.9602079225667682,0.9686398553999096
0.9602079225667682,0.9687302304563941
0.9603871661588098,0.9688206055128784
0.9603871661588098,0.9689109805693629
0.9605664097508514,0.9690013556258472
0.9605664097508514,0.9695436059647538
0.9609248969349345,0.9697243560777226
0.9609248969349345,0.9699051061906914
0.9611041405269761,0.9699954812471758
0.9611041405269761,0.9700858563036602
0.9612833841190177,0.9701762313601446
0.9612833841190177,0.9705377315860823
0.9616418713031009,0.9707184816990511
0.9616418713031009,0.9708088567555355
0.9621796020792257,0.9710799819249887
0.9621796020792257,0.9715318572074108
0.9623588456712673,0.9716222322638952
0.9625380892633089,0.9716222322638952
0.9625380892633089,0.9718933574333484
0.9630758200394336,0.9721644826028016
0.9630758200394336,0.9723452327157704
0.9632550636314752,0.9724356077722549
0.9632550636314752,0.9727971079981925
0.9634343072235168,0.9728874830546769
0.9634343072235168,0.9729778581111613
0.9636135508155583,0.9730682331676457
0.9636135508155583,0.973339358337099
0.9637927944075999,0.9734297333935834
0.9637927944075999,0.9735201084500678
0.9641512815916831,0.9737008585630366
0.9641512815916831,0.973791233619521
0.9646890123678078,0.9740623587889743
0.9646890123678078,0.9741527338454586
0.9652267431439326,0.9744238590149119
0.9652267431439326,0.9745142340713963
0.9654059867359742,0.9746046091278807
0.9654059867359742,0.9746949841843651
0.9655852303280158,0.9746949841843651
0.9661229611041405,0.9749661093538183
0.9661229611041405,0.9751468594667871
0.9663022046961821,0.9751468594667871
0.9663022046961821,0.975327609579756
0.9664814482882237,0.975327609579756
0.9664814482882237,0.9754179846362404
0.9668399354723068,0.9755987347492092
0.9668399354723068,0.9758698599186625
0.9673776662484316,0.9761409850881156
0.9673776662484316,0.9762313601446001
0.9675569098404732,0.9763217352010845
0.9675569098404732,0.9764121102575689
0.9684531278006812,0.976863985539991
0.9684531278006812,0.9775869859918662
0.9686323713927227,0.9775869859918662
0.9688116149847643,0.9776773610483507
0.9688116149847643,0.9780388612742883
0.9689908585768059,0.9781292363307728
0.9689908585768059,0.9783099864437416
0.9691701021688475,0.9784003615002259
0.9691701021688475,0.9784907365567104
0.969349345760889,0.9784907365567104
0.969349345760889,0.978852236782648
0.9697078329449722,0.9790329868956168
0.9697078329449722,0.9794848621780389
0.9704248073131385,0.9798463624039765
0.9704248073131385,0.979936737460461
0.9706040509051801,0.9800271125169453
0.9706040509051801,0.9803886127428829
0.9707832944972217,0.9804789877993674
0.9707832944972217,0.9805693628558518
0.9709625380892634,0.9806597379123362
0.9709625380892634,0.9807501129688206
0.9711417816813049,0.9807501129688206
0.9711417816813049,0.980840488025305
0.9715002688653881,0.9810212381382738
0.9715002688653881,0.9811116131947583
0.9716795124574297,0.9812019882512426
0.9716795124574297,0.9812923633077271
0.9718587560494713,0.9813827383642115
0.9718587560494713,0.9815634884771803
0.9720379996415128,0.9816538635336647
0.9720379996415128,0.9817442385901491
0.9722172432335544,0.9818346136466335
0.9722172432335544,0.981924988703118
0.972396486825596,0.981924988703118
0.9725757304176376,0.9820153637596023
0.9725757304176376,0.9821057388160868
0.9727549740096791,0.9821961138725712
0.9727549740096791,0.98237686398554
0.9729342176017207,0.9824672390420244
0.9729342176017207,0.9825576140985088
0.9731134611937623,0.9826479891549932
0.9731134611937623,0.9827383642114776
0.9732927047858039,0.982828739267962
0.9732927047858039,0.9830998644374153
0.9734719483778455,0.9831902394938997
0.9734719483778455,0.9835517397198373
0.9743681663380535,0.9840036150022594
0.9743681663380535,0.9841843651152282
0.974547409930095,0.9842747401717126
0.974547409930095,0.984365115228197
0.9750851407062198,0.9846362403976503
0.9750851407062198,0.9847266154541346
0.9752643842982613,0.9848169905106191
0.9752643842982613,0.9849073655671035
0.9754436278903029,0.9849977406235879
0.9754436278903029,0.9850881156800723
0.9758021150743861,0.9852688657930411
0.9758021150743861,0.9853592408495255
0.9763398458505108,0.9856303660189788
0.9763398458505108,0.9857207410754631
0.976698333034594,0.985901491188432
0.976698333034594,0.9860822413014008
0.9768775766266355,0.9861726163578852
0.9768775766266355,0.9865341165838228
0.9779530381788851,0.9870763669227294
0.9779530381788851,0.9871667419792137
0.9790284997311346,0.9877089923181201
0.9790284997311346,0.9877993673746046
0.9793869869152177,0.9879801174875734
0.9793869869152177,0.9880704925440579
0.9795662305072593,0.9881608676005422
0.9795662305072593,0.9882512426570267
0.9797454740993009,0.988341617713511
0.9797454740993009,0.9885223678264798
0.9808209356515505,0.9890646181653864
0.9808209356515505,0.9891549932218707
0.9810001792435921,0.9892453682783552
0.9811794228356336,0.9892453682783552
0.9811794228356336,0.9893357433348395
0.9813586664276752,0.989426118391324
0.9813586664276752,0.9895164934478085
0.9822548843878831,0.9899683687302304
0.9822548843878831,0.9900587437867149
0.9824341279799247,0.9901491188431992
0.9824341279799247,0.9902394938996837
0.9826133715719663,0.9903298689561681
0.9826133715719663,0.9904202440126525
0.9827926151640078,0.990510619069137
0.9827926151640078,0.9906009941256213
0.9833303459401327,0.9908721192950746
0.9833303459401327,0.9909624943515589
0.9835095895321743,0.9909624943515589
0.9869152177809644,0.9926796204247628
0.9869152177809644,0.9927699954812472
0.9874529485570891,0.9930411206507004
0.9874529485570891,0.9931314957071848
0.9890661408854633,0.9939448712155445
0.9890661408854633,0.9940352462720289
0.9894246280695466,0.9942159963849977
0.9894246280695466,0.9943063714414822
0.9897831152536297,0.994487121554451
0.9897831152536297,0.9945774966109354
0.9899623588456713,0.9945774966109354
0.9903208460297545,0.9947582467239042
0.9903208460297545,0.9948486217803886
0.990500089621796,0.994938996836873
0.990500089621796,0.9950293718933574
0.9908585768058792,0.9952101220063263
0.9908585768058792,0.9953004970628107
0.9910378203979208,0.9953004970628107
0.9910378203979208,0.9953908721192951
0.9913963075820039,0.9955716222322639
0.9915755511740455,0.9955716222322639
0.9915755511740455,0.9957523723452327
0.9946226922387524,0.9972887483054677
0.9946226922387524,0.9973791233619521
0.994801935830794,0.9973791233619521
0.9980283204875425,0.9990058743786715
0.9982075640795841,0.9990058743786715
0.9982075640795841,0.9990962494351558
0.9989245384477505,0.9994577496610936
0.9989245384477505,0.9995481247175779
0.9991037820397921,0.9995481247175779
0.9991037820397921,0.9996384997740624
0.9992830256318337,0.9996384997740624
1.0,1.0
