precision,recall
0.6648041336217255,1.0
0.6648239394303569,0.9999096249435155
0.66484375,0.9998192498870312
0.6648635653323717,0.9997288748305467
0.6648833854291897,0.9996384997740624
0.6649233543733093,0.9996384997740624
0.6649032102921727,0.9995481247175779
0.6649431852341731,0.9995481247175779
0.6649230399230399,0.9994577496610936
0.6649428743235117,0.9993673746046091
0.6649627134953091,0.9992769995481248
0.664982557440154,0.9991866244916403
0.665002406159769,0.9990962494351558
0.6649822535041809,0.9990058743786715
0.6650222596558778,0.9990058743786715
0.6650421179302046,0.998915499322187
0.6650619809844747,0.9988251242657027
0.6650818488204141,0.9987347492092182
0.6651017214397497,0.9986443741527339
0.665121598844209,0.9985539990962494
0.6651414810355207,0.9984636240397651
0.6651613680154143,0.9983732489832806
0.6651812597856197,0.9982828739267962
0.665201156347868,0.9981924988703118
0.6652210577038911,0.9981021238138273
0.6652409638554216,0.998011748757343
0.6652608748041933,0.9979213737008585
0.6652807905519402,0.9978309986443742
0.6653007111003977,0.9977406235878897
0.6653206364513018,0.9976502485314054
0.6653405666063894,0.9975598734749209
0.6653605015673981,0.9974694984184365
0.6653804413360666,0.9973791233619521
0.6654205607476635,0.9973791233619521
0.6654003859141341,0.9972887483054677
0.665420335303341,0.9971983732489833
0.6654402895054282,0.9971079981924988
0.6654602485221378,0.9970176231360145
0.6654802123552124,0.99692724807953
0.6655001810063955,0.9968368730230457
0.6655201544774318,0.9967464979665612
0.6655401327700664,0.9966561229100768
0.6655601158860454,0.9965657478535924
0.6655801038271157,0.996475372797108
0.6656000965950254,0.9963849977406236
0.6656200941915228,0.9962946226841392
0.6656400966183574,0.9962042476276548
0.6656601038772799,0.9961138725711703
0.6656801159700411,0.996023497514686
0.6657001328983931,0.9959331224582015
0.665720154664089,0.9958427474017171
0.6657401812688821,0.9957523723452327
0.6657199830805487,0.9956619972887483
0.6656997824510514,0.9955716222322639
0.6657400132954614,0.9955716222322639
0.6657600483529768,0.9954812471757795
0.665780088254851,0.9953908721192951
0.66575988393181,0.9953004970628107
0.6658001330028415,0.9953004970628107
0.6657799274486095,0.9952101220063263
0.6657999758132785,0.9951197469498418
0.6658200290275762,0.9950293718933574
0.6657998185666767,0.994938996836873
0.6658198754007137,0.9948486217803886
0.665799661263005,0.9947582467239042
0.6658197217180883,0.9946678716674198
0.6658397870280736,0.9945774966109354
0.6658800750287408,0.9945774966109354
0.6658598571947235,0.994487121554451
0.6658799322198015,0.9943967464979666
0.665900012105072,0.9943063714414822
0.6658797893589976,0.9942159963849977
0.6658998728736606,0.9941256213285133
0.6659199612520433,0.9940352462720289
0.6658997335916687,0.9939448712155445
0.665919825602519,0.9938544961590601
0.6659399224806202,0.9937641211025757
0.6659600242277408,0.9936737460460913
0.6659801308456506,0.9935833709896069
0.6660002423361202,0.9934929959331225
0.666020358700921,0.993402620876638
0.6660404799418252,0.9933122458201536
0.666060606060606,0.9932218707636692
0.6660807370590375,0.9931314957071848
0.6660604958477299,0.9930411206507004
0.6660806304940892,0.992950745594216
0.6661007700236464,0.9928603705377316
0.6661209144381784,0.9927699954812472
0.6661006670709521,0.9926796204247628
0.6661208151382824,0.9925892453682783
0.6661409680941405,0.992498870311794
0.6661611259403057,0.9924084952553095
0.6661812886785584,0.9923181201988251
0.6662014563106796,0.9922277451423407
0.6662216288384513,0.9921373700858563
0.6662418062636563,0.9920469950293719
0.6662619885880782,0.9919566199728875
0.6662821758135017,0.9918662449164031
0.6663023679417122,0.9917758698599186
0.666322564974496,0.9916854948034343
0.6663427669136402,0.9915951197469498
0.6663629737609329,0.9915047446904655
0.666383185518163,0.991414369633981
0.6664034021871202,0.9913239945774966
0.6664236237695953,0.9912336195210122
0.6664438502673797,0.9911432444645278
0.6664640816822657,0.9910528694080434
0.6664843180160467,0.9909624943515589
0.6665248313172452,0.9909624943515589
0.6665045592705168,0.9908721192950746
0.6665248054474708,0.9907817442385901
0.6665450565487049,0.9906913691821058
0.6665653125760156,0.9906009941256213
0.6665450343611263,0.990510619069137
0.6665652940818685,0.9904202440126525
0.6665450121654501,0.9903298689561681
0.6665652755809709,0.9902394938996837
0.6665449899616719,0.9901491188431992
0.6665652570733192,0.9900587437867149
0.666544967749787,0.9899683687302304
0.6665652385589095,0.9898779936737461
0.6665855143031041,0.9897876186172616
0.6666057949841734,0.9896972435607773
0.6666260806039206,0.9896068685042928
0.66664637116415,0.9895164934478085
0.6666260731900384,0.989426118391324
0.6666463674563059,0.9893357433348395
0.666626065773447,0.9892453682783552
0.6666666666666666,0.9892453682783552
0.6666869708229275,0.9891549932218707
0.6666666666666666,0.9890646181653864
0.6666869745339344,0.9889742431089019
0.6667072873507189,0.9888838680524176
0.66672760511883,0.9887934929959331
0.666747927840078,0.9887031179394488
0.6667682555162745,0.9886127428829643
0.6667885881492319,0.9885223678264798
0.6667682740962019,0.9884319927699955
0.6667479575661505,0.988341617713511
0.6667682926829268,0.9882512426570267
0.6667479724373437,0.9881608676005422
0.666768311276453,0.9880704925440579
0.666747987313979,0.9879801174875734
0.6667683298767841,0.9878897424310891
0.6667886774036115,0.9877993673746046
0.6667683484839241,0.9877089923181201
0.6667886997376289,0.9876186172616358
0.6668090559589919,0.9875282422051513
0.6668294171498321,0.987437867148667
0.6668497833119698,0.9873474920921825
0.6668701544472254,0.9872571170356982
0.6668905305574211,0.9871667419792137
0.6668701917206008,0.9870763669227294
0.6668905715681485,0.9869859918662449
0.6669109563942837,0.9868956168097605
0.6669313462008307,0.9868052417532761
0.6669517409896152,0.9867148666967916
0.6669721407624634,0.9866244916403073
0.6669925455212025,0.9865341165838228
0.666972196761381,0.9864437415273385
0.6669518455145441,0.986353366470854
0.6669314917802359,0.9862629914143697
0.6669111355580002,0.9861726163578852
0.6669315403422983,0.9860822413014008
0.6669111803899994,0.9859918662449164
0.6668908179484044,0.985901491188432
0.6669112252384446,0.9858111161319476
0.6669316375198728,0.9857207410754631
0.6669112701033449,0.9856303660189788
0.6669316861354045,0.9855399909624943
0.6669521071625176,0.98544961590601
0.6669725331865174,0.9853592408495255
0.666952159549737,0.9852688657930411
0.6669725893294175,0.9851784907365567
0.6669930241096561,0.9850881156800723
0.6669726454929319,0.9849977406235879
0.6669930840320705,0.9849073655671035
0.6669727016770719,0.9848169905106191
0.6669931439764937,0.9847266154541346
0.6669727578818488,0.9846362403976503
0.6669932039429376,0.9845458653411658
0.6670136550119404,0.9844554902846814
0.6670341110906975,0.984365115228197
0.6670137187653111,0.9842747401717126
0.6670341786108048,0.9841843651152282
0.6670137825421133,0.9840939900587438
0.666993383974516,0.9840036150022594
0.66701384634236,0.983913239945775
0.6670343137254902,0.9838228648892906
0.6670547861257508,0.9837324898328061
0.6670752635449865,0.9836421147763217
0.6670957459850435,0.9835517397198373
0.6670753386869368,0.9834613646633529
0.6670549288867091,0.9833709896068685
0.6670345165839004,0.9832806145503841
0.6670141017780503,0.9831902394938997
0.6670345842531273,0.9830998644374153
0.6670141656957135,0.9830094893809309
0.6669937446338771,0.9829191143244465
0.6669733210671573,0.982828739267962
0.6669938048211985,0.9827383642114776
0.6669733774996933,0.9826479891549932
0.6669938650306748,0.9825576140985088
0.6669734339530032,0.9824672390420244
0.6669939252623183,0.98237686398554
0.6669734904270986,0.9822864889290556
0.6669530530837681,0.9821961138725712
0.6669735469219911,0.9821057388160868
0.6669531058188067,0.9820153637596023
0.6669736034376919,0.981924988703118
0.667014549696114,0.981924988703118
0.6669941060903732,0.9818346136466335
0.6670146137787056,0.9817442385901491
0.6669941664108074,0.9816538635336647
0.6670146778849106,0.9815634884771803
0.6669942267534701,0.9814731134206959
0.6669737731097598,0.9813827383642115
0.6669942871183734,0.9812923633077271
0.6669738297088095,0.9812019882512426
0.6669943475055297,0.9811116131947583
0.666973886328725,0.9810212381382738
0.6669944079149511,0.9809308630817895
0.667014934546125,0.980840488025305
0.6669944683466503,0.9807501129688206
0.6670354662241071,0.9807501129688206
0.6670149987705926,0.9806597379123362
0.6670355342432067,0.9805693628558518
0.6670150630187519,0.9804789877993674
0.6670356022874009,0.9803886127428829
0.6670151272906162,0.9802982376863986
0.6669946497755366,0.9802078626299141
0.6669741697416974,0.9801174875734298
0.666953687188634,0.9800271125169453
0.6669742264870517,0.979936737460461
0.6669537401574803,0.9798463624039765
0.6669742832533531,0.9797559873474921
0.6669948314053655,0.9796656122910077
0.6670153846153846,0.9795752372345232
0.6670359428852782,0.9794848621780389
0.6670154490059703,0.9793944871215544
0.6669949526037179,0.9793041120650701
0.6669744536780547,0.9792137370085856
0.6669539522285152,0.9791233619521013
0.6669334482546327,0.9790329868956168
0.6669540052952404,0.9789426118391324
0.6669745673994704,0.978852236782648
0.6669540583815741,0.9787618617261635
0.66693354683747,0.9786714866696792
0.6669130327666913,0.9785811116131947
0.6668925161687712,0.9784907365567104
0.6669335961562154,0.9784907365567104
0.6669130782972956,0.9784003615002259
0.666933645493192,0.9783099864437416
0.666913123844732,0.9782196113872571
0.6668925996672623,0.9781292363307728
0.6669131694090097,0.9780388612742883
0.6668926414396648,0.9779484862178038
0.6668721109399075,0.9778581111613195
0.6668515779092702,0.977767736104835
0.6668310423472847,0.9776773610483507
0.6668516121077616,0.9775869859918662
0.6668927250308262,0.9775869859918662
0.6668721869412417,0.9774966109353819
0.6668516463189049,0.9774062358788974
0.6668311031633471,0.9773158608224131
0.6668105574740997,0.9772254857659286
0.6667900092506938,0.9771351107094441
0.6667694584926607,0.9770447356529598
0.6667489051995312,0.9769543605964753
0.6667283493708365,0.976863985539991
0.6667489204194942,0.9767736104835065
0.6667694965449161,0.9766832354270222
0.6667900777489819,0.9765928603705377
0.6668106640335719,0.9765024853140534
0.6668312554005679,0.9764121102575689
0.6668106906981051,0.9763217352010845
0.6668312858818446,0.9762313601446001
0.6668107173725151,0.9761409850881156
0.6668313163744134,0.9760506100316313
0.6668519204643695,0.9759602349751468
0.6668725296442688,0.9758698599186625
0.6668519547896979,0.975779484862178
0.6668313773934528,0.9756891098056937
0.6668107974550621,0.9755987347492092
0.6668314079199358,0.9755083596927248
0.6668520234785295,0.9754179846362404
0.6668314384577361,0.975327609579756
0.6668726441327318,0.975327609579756
0.6668520578420467,0.9752372345232716
0.6668314690068599,0.9751468594667871
0.6668726823238567,0.9751468594667871
0.6668520922183077,0.9750564844103028
0.6668314995673137,0.9749661093538183
0.6668521266073195,0.974875734297334
0.6668727587486089,0.9747853592408495
0.6668933959930744,0.9746949841843651
0.6669346360769278,0.9746949841843651
0.6669140383426098,0.9746046091278807
0.6669346857991093,0.9745142340713963
0.6669140842456857,0.9744238590149119
0.6669347355397464,0.9743334839584274
0.6669553919445648,0.9742431089019431
0.6669760534620383,0.9741527338454586
0.6669554455445544,0.9740623587889743
0.6669761109048149,0.9739719837324898
0.6669967813815301,0.9738816086760054
0.6670174569766002,0.973791233619521
0.6669968426917601,0.9737008585630366
0.6670175221348523,0.9736104835065522
0.6670382067001053,0.9735201084500678
0.6670175873173149,0.9734297333935834
0.6670382757339279,0.973339358337099
0.6670176525240012,0.9732489832806146
0.6669970267591675,0.9731586082241301
0.6669763984389518,0.9730682331676457
0.6669970881605849,0.9729778581111613
0.6669764560099133,0.9728874830546769
0.6669971495848308,0.9727971079981925
0.6669765136022805,0.9727067329417081
0.6669558750619732,0.9726163578852237
0.6669352339634336,0.9725259828287393
0.6669145903061857,0.9724356077722549
0.666935283907761,0.9723452327157704
0.6669146364143574,0.972254857659286
0.6668939863608183,0.9721644826028016
0.6669146825396826,0.9720741075463172
0.6669353838521642,0.9719837324898328
0.6669560903001737,0.9718933574333484
0.6669354338522607,0.971802982376864
0.666914774841831,0.9717126073203796
0.6668941132684076,0.9716222322638952
0.6669354838709678,0.9716222322638952
0.6669561980394589,0.9715318572074108
0.6669355339082956,0.9714414821509263
0.6669148672127079,0.971351107094442
0.6668941979522184,0.9712607320379575
0.6668735261263498,0.9711703569814731
0.6668528517346242,0.9710799819249887
0.6668735646452734,0.9709896068685043
0.6668942826991123,0.9708992318120199
0.6669150058980567,0.9708088567555355
0.6668943250962375,0.9707184816990511
0.6669150521609538,0.9706281066425666
0.6669357843746119,0.9705377315860823
0.6669150984410906,0.9704473565295978
0.6668944099378882,0.9703569814731134
0.6668737188645257,0.970266606416629
0.6668530252205243,0.9701762313601446
0.6668737574552683,0.9700858563036602
0.6668530599565082,0.9699954812471758
0.666873796060399,0.9699051061906914
0.6668530947054437,0.9698147311342069
0.6668323907774533,0.9697243560777226
0.6668531294673379,0.9696339810212381
0.666873873313856,0.9695436059647538
0.6668531642421982,0.9694532309082693
0.666832452595586,0.9693628558517849
0.6668117383735389,0.9692724807953005
0.6667910215755767,0.9691821057388161
0.6667703022012188,0.9690917306823317
0.6667495802499844,0.9690013556258472
0.666770321537409,0.9689109805693629
0.6667495957208608,0.9688206055128784
0.6667703408808161,0.9687302304563941
0.6667496111975116,0.9686398553999096
0.666770360231444,0.9685494803434253
0.6667496266799403,0.9684591052869408
0.6667703795892969,0.9683687302304564
0.6667496421681498,0.968278355173972
0.6667289021657954,0.9681879801174875
0.6667081595817514,0.9680976050610032
0.6666874144155359,0.9680072300045187
0.6666666666666666,0.9679168549480344
0.6666459163346613,0.9678264798915499
0.6666666666666666,0.9677361048350656
0.666645912458751,0.9676457297785811
0.6666666666666666,0.9675553547220967
0.6666874260447156,0.9674649796656123
0.6667081905948302,0.9673746046091278
0.6666874299240064,0.9672842295526435
0.6666666666666666,0.967193854496159
0.6666874338047474,0.9671034794396747
0.6666666666666666,0.9670131043831902
0.6666458969406194,0.9669227293267059
0.6666666666666666,0.9668323542702214
0.6666458930574598,0.9667419792137371
0.6666666666666666,0.9666516041572526
0.6666874454556788,0.9665612291007681
0.6666666666666666,0.9664708540442838
0.6666874493422283,0.9663804789877993
0.6666666666666666,0.966290103931315
0.6666458813992642,0.9661997288748305
0.6666666666666666,0.9661093538183462
0.6666458775102906,0.9660189787618617
0.6666250857606187,0.9659286037053774
0.6666458736198615,0.9658382286488929
0.6666666666666666,0.9657478535924084
0.6666874649029763,0.9656574785359241
0.6666666666666666,0.9655671034794396
0.6666458658346334,0.9654767284229553
0.6666666666666666,0.9653863533664708
0.6666458619398328,0.9652959783099865
0.6666666666666666,0.965205603253502
0.6666874765888375,0.9651152281970177
0.6667082917082917,0.9650248531405332
0.6667291120269764,0.9649344780840488
0.6667082995066509,0.9648441030275644
0.6667291237274374,0.9647537279710799
0.6667499531513523,0.9646633529145956
0.6667707877803462,0.9645729778581111
0.6667499687617143,0.9644826028016268
0.6667708072981755,0.9643922277451423
0.6667499843779291,0.964301852688658
0.6667708268233236,0.9642114776321735
0.66675,0.9641211025756891
0.6667708463557944,0.9640307275192047
0.6667916979244811,0.9639403524627203
0.6668125547080155,0.9638499774062359
0.6667917213781029,0.9637596023497514
0.6667708854427213,0.9636692272932671
0.6667917448405253,0.9635788522367826
0.6667709049971856,0.9634884771802983
0.6667500625469102,0.9633981021238138
0.6667709245589891,0.9633077270673294
0.6667500781983109,0.963217352010845
0.6667709441281361,0.9631269769543606
0.6667918152806458,0.9630366018978762
0.6667709637046307,0.9629462268413918
0.6667918387783202,0.9628558517849074
0.6668127190786179,0.9627654767284229
0.6668336046074872,0.9626751016719386
0.6668127465097352,0.9625847266154541
0.6668336359651869,0.9624943515589697
0.6668545306531405,0.9624039765024853
0.6668754305755621,0.9623136014460009
0.6668963357344191,0.9622232263895165
0.6669172461316795,0.9621328513330321
0.6668963788998872,0.9620424762765477
0.6668755090533175,0.9619521012200632
0.6668546365914787,0.9618617261635789
0.6668337615138793,0.9617713511070944
0.6668128838200276,0.96168097605061
0.6667920035094316,0.9615906009941256
0.6667711205815994,0.9615002259376412
0.6667502350360388,0.9614098508811568
0.6667293468722577,0.9613194758246724
0.6667084560897637,0.961229100768188
0.666729358660899,0.9611387257117036
0.6667084639498433,0.9610483506552192
0.6666875666185967,0.9609579755987347
0.6666666666666666,0.9608676005422503
0.6666457640935599,0.9607772254857659
0.6666666666666666,0.9606868504292815
0.666645760160562,0.9605964753727971
0.6666248510318008,0.9605061003163127
0.6666039392798896,0.9604157252598283
0.6665830249043347,0.9603253502033439
0.6665621079046424,0.9602349751468595
0.6665411882803187,0.960144600090375
0.6665202660308697,0.9600542250338906
0.666499341155801,0.9599638499774062
0.6664784136546185,0.9598734749209218
0.6664574835268278,0.9597830998644374
0.6664365507719342,0.959692724807953
0.6664156153894433,0.9596023497514686
0.6663946773788602,0.9595119746949842
0.6663737367396899,0.9594215996384998
0.6663527934714375,0.9593312245820154
0.6663318475736079,0.9592408495255309
0.6663108990457057,0.9591504744690466
0.6662899478872355,0.9590600994125621
0.6662689940977019,0.9589697243560777
0.6662480376766091,0.9588793492995933
0.6662270786234614,0.9587889742431089
0.666206116937763,0.9586985991866245
0.6661851526190177,0.9586082241301401
0.6662060301507537,0.9585178490736557
0.666185061875746,0.9584274740171712
0.6661640909662018,0.9583370989606869
0.6661849710982659,0.9582467239042024
0.6661639962299717,0.958156348847718
0.6661430187256504,0.9580659737912336
0.6661220385848049,0.9579755987347492
0.666142919992458,0.9578852236782648
0.6661219358893777,0.9577948486217804
0.6661009491482809,0.957704473565296
0.6660799597686698,0.9576140985088115
0.6660589677500471,0.9575237234523272
0.666037973091915,0.9574333483958427
0.6660169757937755,0.9573429733393584
0.6659959758551308,0.9572525982828739
0.6659749732754826,0.9571622232263896
0.6659539680543328,0.9570718481699051
0.6659748427672956,0.9569814731134207
0.6659538335744386,0.9568910980569363
0.6659328217385835,0.9568007230004518
0.6659118072592313,0.9567103479439675
0.6658907901358833,0.956619972887483
0.6658697703680403,0.9565295978309987
0.6658487479552032,0.9564392227745142
0.6658277228968729,0.9563488477180299
0.6658066951925498,0.9562584726615454
0.6657856648417343,0.956168097605061
0.6658065328214487,0.9560777225485766
0.665785498489426,0.9559873474920921
0.6657644615094102,0.9558969724356078
0.6657434218809014,0.9558065973791233
0.6657642911105515,0.955716222322639
0.6657851655962725,0.9556258472661545
0.6658060453400504,0.9555354722096702
0.665826930343872,0.9554450971531857
0.6658478206097254,0.9553547220967014
0.6658687161395993,0.9552643470402169
0.6658896169354839,0.9551739719837324
0.6659105229993699,0.9550835969272481
0.6658894700359191,0.9549932218707636
0.6659103800340329,0.9549028468142793
0.6658893230808017,0.9548124717577948
0.6659102370146243,0.9547220967013105
0.6659311562224184,0.954631721644826
0.6659520807061791,0.9545413465883417
0.6659310170880888,0.9544509715318572
0.6659519455130226,0.9543605964753727
0.6659308779011099,0.9542702214188884
0.6659518102687019,0.9541798463624039
0.6659727479182438,0.9540894713059196
0.665993690851735,0.9539990962494351
0.6660146390711762,0.9539087211929508
0.6659935634504953,0.9538183461364663
0.6660145156200694,0.953727971079982
0.6659934360010098,0.9536375960234975
0.6659723537208861,0.953547220967013
0.665993308503251,0.9534568459105287
0.6660142685775617,0.9533664708540442
0.6660352339458231,0.9532760957975599
0.6660141449861076,0.9531857207410754
0.6660351143109764,0.9530953456845911
0.666056088933805,0.9530049706281066
0.6660770688566013,0.9529145955716223
0.6660559732137217,0.9528242205151378
0.6660980540813748,0.9528242205151378
0.6661190446101353,0.9527338454586534
0.6661400404448938,0.952643470402169
0.6661189407824054,0.9525530953456846
0.6660978384527872,0.9524627202892002
0.666118836915297,0.9523723452327157
0.666139840687824,0.9522819701762314
0.6661608497723824,0.9521915951197469
0.6661818641709877,0.9521012200632626
0.6662028838856565,0.9520108450067781
0.6662239089184061,0.9519204699502937
0.666244939271255,0.9518300948938093
0.6662238248877079,0.9517397198373249
0.666265974946223,0.9517397198373249
0.6662870159453302,0.9516493447808405
0.6662658988799595,0.951558969724356
0.6662447791418807,0.9514685946678717
0.6662658227848102,0.9513782196113872
0.6662868717559185,0.9512878445549029
0.6662657466607583,0.9511974694984184
0.6662446188908584,0.951107094441934
0.6662234884457107,0.9510167193854496
0.6662445387196859,0.9509263443289652
0.6662655943258818,0.9508359692724808
0.6662866552663247,0.9507455942159964
0.6663077215430417,0.950655219159512
0.6662865830482706,0.9505648441030276
0.666265441875198,0.9504744690465432
0.6662442980233148,0.9503840939900587
0.6662231514921118,0.9502937189335743
0.6662020022810797,0.9502033438770899
0.6661808503897091,0.9501129688206055
0.6662019139362444,0.9500225937641211
0.6662229828230969,0.9499322187076367
0.6662440570522979,0.9498418436511523
0.6662228984404717,0.9497514685946679
0.666243976667512,0.9496610935381835
0.6662650602409639,0.949570718481699
0.6662438962521403,0.9494803434252146
0.6662649838269804,0.9493899683687302
0.6662860767522994,0.9492995933122458
0.6662649073839128,0.9492092182557614
0.6662437353295693,0.949118843199277
0.6662225605887577,0.9490284681427926
0.666201383160967,0.9489380930863082
0.6662224760454344,0.9488477180298238
0.666243574284445,0.9487573429733394
0.6662223914699162,0.9486669679168549
0.6662012059663599,0.9485765928603705
0.666222306862185,0.9484862178038861
0.6662011173184358,0.9483958427474017
0.6662222222222223,0.9483054676909173
0.6662010286367388,0.9482150926344329
0.6662221375500095,0.9481247175779485
0.6662432518259765,0.9480343425214641
0.6662220528455285,0.9479439674649797
0.6662008511719495,0.9478535924084952
0.6662219681087606,0.9477632173520109
0.6662430904123515,0.9476728422955264
0.6662642180847684,0.947582467239042
0.6662853511280584,0.9474920921825576
0.6662641413499428,0.9474017171260732
0.6662852784134249,0.9473113420695888
0.6662640645858496,0.9472209670131044
0.6662428480610298,0.94713059195662
0.6662852056710534,0.94713059195662
0.6663063521332739,0.9470402169001355
0.6663275039745628,0.9469498418436512
0.6663486611969726,0.9468594667871667
0.666369823802557,0.9467690917306824
0.6663486005089059,0.9466787166741979
0.6663273745149183,0.9465883416177135
0.6663485397976713,0.9464979665612291
0.6663273097480275,0.9464075915047447
0.6663484790632557,0.9463172164482603
0.6663272449564055,0.9462268413917758
0.6663484183056457,0.9461364663352915
0.6663695970462792,0.946046091278807
0.6663907811803654,0.9459557162223227
0.6664119707099649,0.9458653411658382
0.6663907284768212,0.9457749661093539
0.6663694835381774,0.9456845910528694
0.6663482358935168,0.945594215996385
0.6663694267515924,0.9455038409399006
0.6663481750429964,0.9454134658834161
0.6663269206268314,0.9453230908269318
0.6663693699433013,0.9453230908269318
0.6663481141692151,0.9452327157704473
0.6663268556865244,0.945142340713963
0.6663055944947114,0.9450519656574785
0.6662843305932581,0.9449615906009942
0.6663055254604551,0.9448712155445097
0.6663267257314042,0.9447808404880254
0.666305456399796,0.9446904654315409
0.6663266607165625,0.9446000903750564
0.666347870441214,0.9445097153185721
0.6663690855758194,0.9444193402620876
0.6663478094509279,0.9443289652056033
0.6663690286370304,0.9442385901491188
0.6663902532372266,0.9441482150926345
0.6664114832535886,0.94405784003615
0.6663902003317596,0.9439674649796657
0.6664114344053088,0.9438770899231812
0.6663901474060366,0.9437867148666967
0.6663688576898532,0.9436963398102124
0.6663475652562384,0.9436059647537279
0.6663688006638157,0.9435155896972436
0.6663900414937759,0.9434252146407591
0.6663687436159347,0.9433348395842748
0.6663474430185788,0.9432444645277903
0.6663261397011876,0.943154089471306
0.6663048336632399,0.9430637144148215
0.6662835249042146,0.942973339358337
0.6663047643377188,0.9428829643018527
0.6663260091977516,0.9427925892453682
0.6663046949856276,0.9427022141888839
0.6662833780503385,0.9426118391323994
0.6663046256069511,0.9425214640759151
0.6663258785942492,0.9424310890194306
0.6663471370143149,0.9423407139629463
0.6663684008692318,0.9422503389064618
0.6663470757430489,0.9421599638499774
0.6663257478905651,0.942069588793493
0.6663044173112574,0.9419792137370085
0.6663256825011189,0.9418888386805242
0.6663469531299955,0.9417984636240397
0.666325617086584,0.9417080885675554
0.6663468917881811,0.9416177135110709
0.6663681719329666,0.9415273384545866
0.6663468304228235,0.9414369633981021
0.6663681146439767,0.9413465883416177
0.666389404312496,0.9412562132851333
0.6663680573329921,0.9411658382286489
0.6663467076214244,0.9410754631721645
0.6663253551772687,0.94098508811568
0.6663466461853559,0.9408947130591957
0.6663679426449879,0.9408043380027112
0.6663892445582587,0.9407139629462269
0.6664105519272634,0.9406235878897424
0.6664318647540983,0.940533212833258
0.666410502721742,0.9404428377767736
0.6664318196374815,0.9403524627202892
0.6664104534973098,0.9402620876638048
0.6663890846198194,0.9401717126073204
0.6663677130044843,0.940081337550836
0.6663463386507784,0.9399909624943515
0.6663249615581753,0.9399005874378672
0.6663035817261486,0.9398102123813827
0.6662821991541714,0.9397198373248983
0.6662608138417174,0.9396294622684139
0.6662821252323271,0.9395390872119295
0.6663034420870457,0.9394487121554451
0.6662820512820513,0.9393583370989607
0.6663033722272086,0.9392679620424763
0.6662819773033276,0.9391775869859919
0.6662605796358041,0.9390872119295075
0.6662391792241102,0.938996836873023
0.6662605015070865,0.9389064618165386
0.6662390969728066,0.9388160867600542
0.6662604233483002,0.9387257117035698
0.6662390146898454,0.9386353366470854
0.6662176032845779,0.938544961590601
0.666196189131969,0.9384545865341166
0.6661747722314898,0.9383642114776322
0.6661533525826114,0.9382738364211478
0.6661746775332092,0.9381834613646634
0.6661532537543319,0.9380930863081789
0.6661318272254669,0.9380027112516945
0.6661531548879902,0.9379123361952101
0.6661317242264733,0.9378219611387257
0.6661530559835644,0.9377315860822413
0.6661743932194684,0.9376412110257569
0.6661529570410326,0.9375508359692725
0.6661315181094272,0.9374604609127881
0.6661100764241218,0.9373700858563037
0.6661314149913289,0.9372797107998192
0.6661527590415622,0.9371893357433349
0.6661313118334833,0.9370989606868504
0.6661741085769355,0.9370989606868504
0.6661526599845798,0.937008585630366
0.6661740136229276,0.9369182105738816
0.6661953727506427,0.9368278355173972
0.6661739186323028,0.9367374604609128
0.6661952818666838,0.9366470854044284
0.6662166505946641,0.936556710347944
0.6661951909476662,0.9364663352914595
0.6662165637860082,0.9363759602349752
0.6661950999935695,0.9362855851784907
0.6661736334405145,0.9361952101220063
0.6661950090043736,0.9361048350655219
0.6661735383032096,0.9360144600090375
0.6661520648398301,0.9359240849525531
0.6661305886137021,0.9358337098960687
0.6661091096242924,0.9357433348395843
0.6660876278710673,0.9356529597830998
0.6660661433534938,0.9355625847266155
0.6660446560710379,0.935472209670131
0.6660660274148915,0.9353818346136467
0.6660445359763161,0.9352914595571622
0.6660230417712557,0.9352010845006778
0.6660015447991761,0.9351107094441934
0.665980045059543,0.935020334387709
0.6659585425518219,0.9349299593312246
0.665937037275478,0.9348395842747401
0.6659584057691069,0.9347492092182558
0.6659797797668877,0.9346588341617713
0.6659582689335394,0.934568459105287
0.6659796470436686,0.9344780840488025
0.6660010306622005,0.9343877089923182
0.665979514269149,0.9342973339358337
0.6659579951037238,0.9342069588793493
0.6659364731653888,0.9341165838228649
0.6659578581094142,0.9340262087663804
0.6659363320015466,0.9339358337098961
0.6659577210621294,0.9338454586534116
0.6659791156374887,0.9337550835969273
0.6659575839618385,0.9336647085404428
0.6659360495100567,0.9335743334839585
0.6659574468085107,0.933483958427474
0.6659359081823457,0.9333935833709897
0.6659573096021152,0.9333032083145052
0.6659357667999484,0.9332128332580207
0.6659142212189616,0.9331224582015364
0.6658926728586171,0.9330320831450519
0.665914075603148,0.9329417080885676
0.6659354838709678,0.9328513330320831
0.6659568976642147,0.9327609579755988
0.6659353423243208,0.9326705829191143
0.6659567602452404,0.93258020786263
0.6659352007228605,0.9324898328061455
0.6659136384173497,0.932399457749661
0.6659350590665548,0.9323090826931767
0.6659134925758554,0.9322187076366922
0.6659349173553719,0.9321283325802079
0.6659563476688622,0.9320379575237234
0.6659777835184707,0.9319475824672391
0.6659992249063429,0.9318572074107546
0.6659776500226083,0.9317668323542703
0.6659990955488081,0.9316764572977858
0.6660205466175615,0.9315860822413013
0.6659989661411218,0.931495707184817
0.6660420032310178,0.931495707184817
0.6660204213519452,0.9314053321283325
0.6659988366832547,0.9313149570718482
0.6659772492244054,0.9312245820153637
0.6659987071751777,0.9311342069588794
0.6659771155213653,0.9310438319023949
0.6659985776168617,0.9309534568459106
0.6659769817664555,0.9308630817894261
0.6659984480082773,0.9307727067329417
0.6660199198033889,0.9306823316764573
0.6660413971539456,0.9305919566199728
0.6660628800621038,0.9305015815634885
0.6660843685300207,0.930411206507004
0.666105862559855,0.9303208314505197
0.6661273621537666,0.9302304563940352
0.6661488673139159,0.9301400813375509
0.6661272574276652,0.9300497062810664
0.6661487667508253,0.929959331224582
0.6661702816445452,0.9298689561680976
0.6661918021109888,0.9297785811116132
0.6662133281523217,0.9296882060551288
0.6661917098445596,0.9295978309986443
0.6661700887363171,0.92950745594216
0.6661916175422685,0.9294170808856755
0.6662131519274377,0.9293267058291912
0.6662346918939934,0.9292363307727067
0.666256237444106,0.9291459557162223
0.6662346079066753,0.9290555806597379
0.6662129755654935,0.9289652056032535
0.6662345238866921,0.9288748305467691
0.6662560777957861,0.9287844554902847
0.6662776372949492,0.9286940804338003
0.6662992023863563,0.9286037053773158
0.6663207730721836,0.9285133303208315
0.6662991308859775,0.928422955264347
0.666320705760249,0.9283325802078626
0.6663422862332944,0.9282422051513782
0.666363872307293,0.9281518300948938
0.6663422230874051,0.9280614550384094
0.6663638133558311,0.927971079981925
0.666385409229571,0.9278807049254406
0.6664070107108082,0.9277903298689562
0.6663853544533888,0.9276999548124718
0.6664069601350474,0.9276095797559873
0.6664285714285715,0.9275192046995029
0.6664069095395805,0.9274288296430185
0.6663852448369918,0.9273384545865341
0.6663635773202572,0.9272480795300497
0.6663851899967522,0.9271577044735653
0.6664068082894822,0.9270673294170809
0.6664284322006367,0.9269769543605965
0.6664500617324063,0.9268865793041121
0.6664283857551339,0.9267962042476277
0.6664500194982451,0.9267058291911432
0.6664283392915177,0.9266154541346588
0.6664066562662506,0.9265250790781744
0.6663849704218943,0.92643470402169
0.6664066055523048,0.9263443289652056
0.6663849154746424,0.9262539539087212
0.6664282463099032,0.9262539539087212
0.666406554818572,0.9261635788522368
0.6664281997918835,0.9260732037957524
0.6664498503967737,0.925982828739268
0.666428153255708,0.9258924536827835
0.6664064532916992,0.9258020786262992
0.6664281067013663,0.9257117035698147
0.6664714685405687,0.9257117035698147
0.6664497657470068,0.9256213285133303
0.6664714304308212,0.9255309534568459
0.6664931007550117,0.9254405784003615
0.6664713923061902,0.9253502033438771
0.666514776721781,0.9253502033438771
0.6664930668576264,0.9252598282873927
0.6665147470538446,0.9251694532309083
0.6665364328970502,0.9250790781744238
0.6665581243894497,0.9249887031179395
0.6665798215332508,0.924898328061455
0.6666015243306624,0.9248079530049707
0.6666232327838947,0.9247175779484862
0.6666449468951586,0.9246272028920018
0.6666666666666666,0.9245368278355174
0.6666883921006322,0.924446452779033
0.6666666666666666,0.9243560777225486
0.6666883963494133,0.9242657026660641
0.6666666666666666,0.9241753276095798
0.6667101316990481,0.9241753276095798
0.6666884005998566,0.9240849525530953
0.6666666666666666,0.923994577496611
0.666688404851963,0.9239042024401265
0.6667101487085834,0.9238138273836421
0.6666884091057335,0.9237234523271577
0.6666666666666666,0.9236330772706733
0.6666449213908279,0.9235427022141889
0.6666231732776617,0.9234523271577044
0.6666014223266131,0.9233619521012201
0.6665796685371265,0.9232715770447356
0.6666014095536413,0.9231812019882513
0.666623156245921,0.9230908269317668
0.666644908616188,0.9230004518752825
0.6666231477250473,0.922910076818798
0.6666013839926883,0.9228197017623136
0.6666231392008357,0.9227293267058292
0.6666449000914196,0.9226389516493447
0.6666666666666666,0.9225485765928604
0.66664489582653,0.9224582015363759
0.6666231221423906,0.9223678264798916
0.6666013456136913,0.9222774514234071
0.6665795662398746,0.9221870763669228
0.6666231136081532,0.9221870763669228
0.6666013328106625,0.9220967013104383
0.6666231050705698,0.922006326253954
0.6666013200026139,0.9219159511974695
0.6666230965296386,0.921825576140985
0.6666448787502451,0.9217352010845007
0.6666666666666666,0.9216448260280162
0.6666884602811376,0.9215544509715319
0.6667102595958936,0.9214640759150474
0.6666884645566309,0.9213737008585631
0.666710268149117,0.9212833258020786
0.6666884688338021,0.9211929507455943
0.6667102767056976,0.9211025756891098
0.6666884731126521,0.9210122006326253
0.6666666666666666,0.920921825576141
0.6666884773931819,0.9208314505196565
0.6667102938289379,0.9207410754631722
0.6666884816753926,0.9206507004066877
0.6667103023956015,0.9205603253502034
0.6667321288295365,0.9204699502937189
0.6667539609794422,0.9203795752372346
0.666732141687946,0.9202892001807501
0.6667103195390257,0.9201988251242657
0.666732154551408,0.9201084500677813
0.6667103281157901,0.9200180750112968
0.6667321674199254,0.9199276999548125
0.666775841739814,0.9199276999548125
0.6667540124467737,0.919837324898328
0.666732180293501,0.9197469498418437
0.6667540296160398,0.9196565747853592
0.6667321931721382,0.9195661997288749
0.6667103538663172,0.9194758246723904
0.6666885116980142,0.919385449615906
0.6666666666666666,0.9192950745594216
0.6666885159937074,0.9192046995029372
0.6666666666666666,0.9191143244464528
0.6666885202910903,0.9190239493899683
0.6666666666666666,0.918933574333484
0.6666448101763819,0.9188431992769995
0.6666885245901639,0.9188431992769995
0.6666666666666666,0.9187528242205152
0.6666448058761805,0.9186624491640307
0.6666229422181412,0.9185720741075463
0.6666010756919848,0.9184816990510619
0.6666448015742866,0.9184816990510619
0.6666666666666666,0.9183913239945775
0.6666885374975395,0.9183009489380931
0.6667104140691646,0.9182105738816086
0.6666885418033863,0.9181201988251243
0.666710422683119,0.9180298237686398
0.6667323093081265,0.9179394487121555
0.6667542016806722,0.917849073655671
0.6667323222375419,0.9177586985991866
0.6667542189244205,0.9176683235427022
0.6667323351720514,0.9175779484862178
0.6667104485453471,0.9174875734297334
0.666688559043741,0.917397198373249
0.6667323481116585,0.917397198373249
0.6667542534323064,0.9173068233167646
0.6667323610563658,0.9172164482602801
0.666754270696452,0.9171260732037958
0.6667761860954133,0.9170356981473113
0.6667981072555205,0.9169453230908269
0.6667762076897799,0.9168549480343425
0.6667981331755736,0.9167645729778581
0.6668200644270593,0.9166741979213737
0.666842001446512,0.9165838228648893
0.666863944236207,0.9164934478084049
0.6668858927984216,0.9164030727519205
0.6668639831623258,0.9163126976954361
0.6668859360610446,0.9162223226389516
0.6669078947368421,0.9161319475824672
0.666929859191999,0.9160415725259828
0.666951829428797,0.9159511974694984
0.6669738054495196,0.915860822413014
0.6669957872564508,0.9157704473565296
0.6670177748518762,0.9156800723000452
0.6670397682380826,0.9155896972435608
0.6670617674173581,0.9154993221870764
0.6670837723919916,0.915408947130592
0.6671057831642735,0.9153185720741075
0.6671277997364954,0.9152281970176231
0.6671498221109501,0.9151378219611387
0.6671718502899314,0.9150474469046543
0.6671938842757348,0.9149570718481699
0.6672159240706564,0.9148666967916855
0.6672379696769941,0.9147763217352011
0.6672600210970464,0.9146859466787167
0.6672820783331136,0.9145955716222323
0.6673041413874967,0.9145051965657478
0.6673262102624984,0.9144148215092635
0.6673482849604222,0.914324446452779
0.6673263407876509,0.9142340713962946
0.6673484198720063,0.9141436963398102
0.6673705047838997,0.9140533212833258
0.6673925955256385,0.9139629462268414
0.6674146920995314,0.913872571170357
0.6674367945078883,0.9137821961138726
0.6674589027530204,0.9136918210573881
0.66748101683724,0.9136014460009038
0.6675031367628608,0.9135110709444193
0.6675252625321973,0.913420695887935
0.6675473941475659,0.9133303208314505
0.6675254326859559,0.9132399457749661
0.6675475687103594,0.9131495707184817
0.6675697105854368,0.9130591956619973
0.6675918583135078,0.9129688206055129
0.6676140118968936,0.9128784455490284
0.6675920417740763,0.9127880704925441
0.6675700687466949,0.9126976954360596
0.6675922253074177,0.9126073203795753
0.6676143877281142,0.9125169453230908
0.6676365560111096,0.9124265702666065
0.6676587301587301,0.912336195210122
0.6676809101733033,0.9122458201536376
0.6677030960571579,0.9121554450971532
0.6677252878126241,0.9120650700406687
0.6677033017931582,0.9119746949841844
0.6677254979816029,0.9118843199276999
0.66774770004633,0.9117939448712156
0.6677257082340482,0.9117035698147311
0.6677037135102932,0.9116131947582468
0.66772591857001,0.9115228197017623
0.6677039194915254,0.911432444645278
0.6677261289895378,0.9113420695887935
0.667748344370861,0.911251694532309
0.6677705656378329,0.9111613194758247
0.6677927927927928,0.9110709444193402
0.6678150258380814,0.9109805693628559
0.6678372647760403,0.9108901943063714
0.6678595096090126,0.9107998192498871
0.6678817603393425,0.9107094441934026
0.6679040169693756,0.9106190691369183
0.6679262795014586,0.9105286940804338
0.6679485479379392,0.9104383190239493
0.6679265300709502,0.910347943967465
0.6679488029710193,0.9102575689109805
0.667971081780195,0.9101671938544962
0.6679933665008292,0.9100768187980117
0.668015657135275,0.9099864437415274
0.6680379536858868,0.9098960686850429
0.6680602561550203,0.9098056936285586
0.6680825645450322,0.9097153185720741
0.6681048788582807,0.9096249435155896
0.6680828465215082,0.9095345684591053
0.6681051653166911,0.9094441934026208
0.6681274900398406,0.9093538183461365
0.6681498206933192,0.909263443289652
0.6681721572794899,0.9091730682331677
0.6681944998007174,0.9090826931766832
0.6681724573174782,0.9089923181201989
0.6681948043319381,0.9089019430637144
0.6681727574750831,0.90881156800723
0.6681951089845827,0.9087211929507456
0.6682174664362621,0.9086308178942611
0.6682398298324913,0.9085404428377768
0.6682621991756416,0.9084500677812923
0.6682845744680851,0.908359692724808
0.6683069557121958,0.9082693176683235
0.6683293429103485,0.9081789426118392
0.6683517360649195,0.9080885675553547
0.6683741351782864,0.9079981924988703
0.6683965402528277,0.9079078174423859
0.6683744760130415,0.9078174423859015
0.6683968856059094,0.9077270673294171
0.6684193011647255,0.9076366922729326
0.6684417226918724,0.9075463172164483
0.6684196511782718,0.9074559421599638
0.668397576725917,0.9073655671034795
0.6684200013316466,0.907275192046995
0.6684424319105015,0.9071848169905106
0.6684203516249334,0.9070944419340262
0.6683982683982684,0.9070040668775418
0.6683761822299188,0.9069136918210574
0.66839861444178,0.906823316764573
0.6683765238824861,0.9067329417080886
0.6683989606236258,0.9066425666516041
0.6683768656716418,0.9065521915951198
0.6683993069438892,0.9064618165386353
0.6683772075974675,0.9063714414821509
0.6683996534026528,0.9062810664256665
0.6683775496600454,0.9061906913691821
0.6683554429704687,0.9061003163126977
0.6683333333333333,0.9060099412562133
0.6683557807707694,0.9059195661997289
0.6683782341957856,0.9058291911432444
0.6684006936107777,0.9057388160867601
0.6683785766691123,0.9056484410302756
0.6684010406243747,0.9055580659737912
0.6683789192795196,0.9054676909173068
0.6684013877768882,0.9053773158608224
0.6683792620270902,0.905286940804338
0.6684017350684017,0.9051965657478536
0.668424214109324,0.9051061906913692
0.6684466991522595,0.9050158156348848
0.6684245660881175,0.9049254405784004
0.6684470556816664,0.904835065521916
0.6684249182079188,0.9047446904654315
0.6684027777777778,0.9046543154089471
0.6684252704688126,0.9045639403524627
0.668403125626127,0.9044735652959783
0.6684256228708837,0.9043831902394939
0.6684481261273298,0.9042928151830095
0.668425975414217,0.9042024401265251
0.6684038217411639,0.9041120650700407
0.6684263280988975,0.9040216900135563
0.6684488404731671,0.9039313149570718
0.668471358866386,0.9038409399005874
0.6684938832809679,0.903750564844103
0.6685164137193288,0.9036601897876186
0.668538950183885,0.9035698147311342
0.6685167848067407,0.9034794396746498
0.6684946164649235,0.9033890646181654
0.668517156043074,0.903298689561681
0.6684949832775919,0.9032083145051966
0.6685175274284185,0.9031179394487121
0.6685400776127391,0.9030275643922278
0.6685626338329764,0.9029371893357433
0.668585196091554,0.902846814279259
0.668607764390897,0.9027564392227745
0.6686303387334315,0.9026660641662901
0.6686081542478409,0.9025756891098057
0.6686307331771008,0.9024853140533213
0.6686533181544231,0.9023949389968369
0.668631127779266,0.9023045639403524
0.6686089344317192,0.9022141888838681
0.6686315225400228,0.9021238138273836
0.6686541167012796,0.9020334387708993
0.6686319174594667,0.9019430637144148
0.6686545162154919,0.9018526886579304
0.6686771210293526,0.901762313601446
0.6686997319034853,0.9016719385449616
0.6687223488403271,0.9015815634884772
0.668700140778977,0.9014911884319927
0.6687227623198123,0.9014008133755084
0.6687453899282505,0.9013104383190239
0.6687231759656652,0.9012200632625396
0.6687458081824279,0.9011296882060551
0.6687235897779864,0.9010393131495708
0.6687013683928092,0.9009489380930863
0.6687240037568765,0.900858563036602
0.6687017779268701,0.9007681879801175
0.6687244179024358,0.900677812923633
0.668702187625822,0.9005874378671487
0.6686799543654788,0.9004970628106642
0.6687025974897645,0.9004066877541799
0.6686803597798362,0.9003163126976954
0.668703007518797,0.9002259376412111
0.6686807653575025,0.9001355625847266
0.6686585202094804,0.9000451875282423
0.6686811710985764,0.8999548124717578
0.6686589214962058,0.8998644374152733
0.6686366689053056,0.899774062358789
0.6686593229446535,0.8996836873023045
0.6686819830713422,0.8995933122458202
0.6687046492878258,0.8995029371893357
0.6686823893032319,0.8994125621328514
0.6687050601438076,0.8993221870763669
0.6686827956989247,0.8992318120198826
0.6687054711654792,0.8991414369633981
0.6687281527292283,0.8990510619069136
0.6687058823529411,0.8989606868504293
0.6686836089821164,0.8988703117939448
0.6687062937062938,0.8987799367374605
0.6686840158698137,0.898689561680976
0.6686617350369872,0.8985991866244917
0.668684422921711,0.8985088115680072
0.6687071169110722,0.8984184365115229
0.668729817007535,0.8983280614550384
0.6687075287626993,0.898237686398554
0.6687302334970728,0.8981473113420696
0.6687079407806191,0.8980569362855851
0.6687306501547987,0.8979665612291008
0.6687083529649324,0.8978761861726163
0.6687310669808145,0.897785811116132
0.6687537871137144,0.8976954360596475
0.6687765133661033,0.8976050610031632
0.6687992457404539,0.8975146859466787
0.6688219842392402,0.8974243108901943
0.6687996766805874,0.8973339358337099
0.6688224198329291,0.8972435607772254
0.6688451691146746,0.8971531857207411
0.6688679245283019,0.8970628106642566
0.6688906860762907,0.8969724356077723
0.6689134537611215,0.8968820605512878
0.668936227585277,0.8967916854948035
0.6689590075512406,0.896701310438319
0.668981793661497,0.8966109353818346
0.6689594713062242,0.8965205603253502
0.6689822620894315,0.8964301852688658
0.6689599352488871,0.8963398102123814
0.6689827307069617,0.896249435155897
0.6689603993793429,0.8961590600994126
0.6689380650384563,0.8960686850429281
0.668915727683692,0.8959783099864438
0.6688933873144399,0.8958879349299593
0.6688710439300898,0.8957975598734749
0.6688486975300311,0.8957071848169905
0.6688263481136533,0.8956168097605061
0.6688491393857576,0.8955264347040217
0.6688267854732011,0.8954360596475373
0.6688495814204699,0.8953456845910529
0.6688723835246455,0.8952553095345684
0.6688951917882225,0.8951649344780841
0.6688728304180456,0.8950745594215996
0.6688504660272863,0.8949841843651152
0.6688280986153327,0.8948938093086308
0.6688509085996082,0.8948034342521464
0.6688737247483278,0.894713059195662
0.6688513513513513,0.8946226841391776
0.6688289749307386,0.8945323090826932
0.6688517942826249,0.8944419340262088
0.6688746198039879,0.8943515589697244
0.6688522373935379,0.8942611839132399
0.6688298519570067,0.8941708088567555
0.6688074634937804,0.8940804338002711
0.6687850720032452,0.8939900587437867
0.668762677484787,0.8938996836873023
0.6687855017581823,0.8938093086308179
0.668808332206141,0.8937189335743335
0.6687859316875211,0.8936285585178491
0.6687635281385281,0.8935381834613647
0.6687863617913679,0.8934478084048803
0.6687639537243759,0.8933574333483958
0.6687415426251692,0.8932670582919114
0.6687191284931322,0.893176683235427
0.6686967113276492,0.8930863081789426
0.6687195452084461,0.8929959331224582
0.6686971235194585,0.8929055580659738
0.6687199620930075,0.8928151830094894
0.6687428068512626,0.892724807953005
0.6687656577967364,0.8926344328965206
0.6687885149319428,0.8925440578400361
0.6688113782593972,0.8924536827835517
0.6688342477816162,0.8923633077270673
0.6688571235011178,0.8922729326705829
0.6688346883468834,0.8921825576140985
0.6688122501524494,0.8920921825576141
0.6688351290912787,0.8920018075011297
0.6688580142324636,0.8919114324446453
0.6688355700149112,0.8918210573881609
0.6688584598698482,0.8917306823316764
0.6688813559322034,0.8916403072751921
0.6689042582045023,0.8915499322187076
0.6688818064691123,0.8914595571622232
0.6688593516885936,0.8913691821057388
0.6688368938623263,0.8912788070492544
0.6688597978701757,0.89118843199277
0.6688373355040022,0.8910980569362856
0.6688602442333785,0.8910076818798012
0.668837777325463,0.8909173068233167
0.6688153073687068,0.8908269317668324
0.6687928343624889,0.8907365567103479
0.6687703583061889,0.8906461816538636
0.6687932672729741,0.8905558065973791
0.6688161824599511,0.8904654315408947
0.6688391038696537,0.8903750564844103
0.668816620272931,0.8902846814279259
0.668794133623031,0.8901943063714415
0.6687716439193319,0.890103931314957
0.6687491511612115,0.8900135562584727
0.6687266553480475,0.8899231812019882
0.6687495754941248,0.8898328061455039
0.6687725018680796,0.8897424310890194
0.66875,0.889652056032535
0.6687729311047697,0.8895616809760506
0.6687504246789427,0.8894713059195662
0.6687279151943463,0.8893809308630818
0.6687054026503568,0.8892905558065973
0.6687283354856249,0.889200180750113
0.6687512745564543,0.8891098056936285
0.6687287559483345,0.8890194306371442
0.6687516997552353,0.8889290555806597
0.6687291765825797,0.8888386805241754
0.6687066503467972,0.8887483054676909
0.6686841210472628,0.8886579304112066
0.6686615886833515,0.8885675553547221
0.6686390532544378,0.8884771802982376
0.6686619957825998,0.8883868052417533
0.6686849445540513,0.8882964301852688
0.6686624030480337,0.8882060551287845
0.6686398584745186,0.8881156800723
0.6686628104797551,0.8880253050158157
0.6686402613311556,0.8879349299593312
0.6686177091131832,0.8878445549028469
0.668595153825211,0.8877541798463624
0.6686181075561607,0.8876638047898779
0.6685955476887466,0.8875734297333936
0.6685729847494554,0.8874830546769091
0.6685504187376592,0.8873926796204248
0.6685278496527305,0.8873023045639403
0.6685052774940415,0.887211929507456
0.6684827022609643,0.8871215544509715
0.6684601239528707,0.8870311793944872
0.6684375425691322,0.8869408043380027
0.6684830733601254,0.8869408043380027
0.6685060290210505,0.8868504292815182
0.6684834446109824,0.8867600542250339
0.6685064050149905,0.8866696791685494
0.6684838160136286,0.8865793041120651
0.6684612239334878,0.8864889290555806
0.6684386287739386,0.8863985539990963
0.6684160305343512,0.8863081789426118
0.6683934292140958,0.8862178038861275
0.6683708248125426,0.886127428829643
0.6683482173290612,0.8860370537731586
0.6683711733824231,0.8859466787166742
0.6683485612982408,0.8858563036601897
0.6683259461302421,0.8857659286037054
0.668303327877796,0.8856755535472209
0.6682807065402714,0.8855851784907366
0.6682580821170372,0.8854948034342521
0.668281036834925,0.8854044283777678
0.6682584078040794,0.8853140533212833
0.6682813672647882,0.8852236782647989
0.6682587336244541,0.8851333032083145
0.6682360968952575,0.88504292815183
0.6682134570765661,0.8849525530953457
0.6682364182364182,0.8848621780388612
0.668259385665529,0.8847718029823769
0.6682367397091952,0.8846814279258924
0.6682597118863931,0.8845910528694081
0.6682826903379994,0.8845006778129236
0.6682600382409177,0.8844103027564392
0.6682373830499214,0.8843199276999548
0.6682603647291852,0.8842295526434704
0.6682833526880252,0.884139177586986
0.6682606913512775,0.8840488025305016
0.6682836840666849,0.8839584274740172
0.6682610181072771,0.8838680524175327
0.6682383490501572,0.8837776773610484
0.6682156768946901,0.8836873023045639
0.6681930016402405,0.8835969272480795
0.6681703232861732,0.8835065521915951
0.6681476418318524,0.8834161771351107
0.6681249572766423,0.8833258020786263
0.668102269619907,0.8832354270221419
0.6680795788610104,0.8831450519656575
0.6681025641025641,0.883054676909173
0.6680798687089715,0.8829643018526887
0.668057170211311,0.8828739267962042
0.6680801586758771,0.8827835517397198
0.6681031534304672,0.8826931766832354
0.6680804487618005,0.882602801626751
0.6681034482758621,0.8825124265702666
0.668080738966815,0.8824220515137822
0.6680580265498837,0.8823316764572978
0.6680353110244303,0.8822413014008134
0.6680125923898166,0.882150926344329
0.6679898706454042,0.8820605512878446
0.6680128687795195,0.8819701762313601
0.6679901423877328,0.8818798011748757
0.6679674128842336,0.8817894261183913
0.6679446802683828,0.8816990510619069
0.6679676800876472,0.8816086760054225
0.6679906862073689,0.8815183009489381
0.6680136986301369,0.8814279258924537
0.6680367173585423,0.8813375508359693
0.6680597423951767,0.8812471757794849
0.6680369989722508,0.8811568007230004
0.6680600287809224,0.881066425666516
0.6680830649030224,0.8809760506100316
0.6681061073411474,0.8808856755535472
0.6680833561831643,0.8807953004970628
0.6681064034005211,0.8807049254405784
0.6681294569391114,0.880614550384094
0.6681066995817048,0.8805241753276096
0.6680839391030037,0.8804338002711252
0.6681069958847736,0.8803434252146407
0.6681300589930032,0.8802530501581564
0.6681531284302964,0.8801626751016719
0.6681762041992589,0.8800723000451875
0.6681534344335415,0.8799819249887031
0.6681765149955391,0.8798915499322187
0.6681537405628003,0.8798011748757343
0.6681309630036378,0.8797107998192499
0.6681540468181506,0.8796204247627655
0.6681771369721936,0.879530049706281
0.6682002334683788,0.8794396746497967
0.6682233363093194,0.8793492995933122
0.6682005494505494,0.8792589245368279
0.6682236570957549,0.8791685494803434
0.6682008655629594,0.879078174423859
0.6681780708985985,0.8789877993673746
0.6681552731020268,0.8788974243108902
0.6681783824640968,0.8788070492544058
0.6682014981788194,0.8787166741979213
0.6682246202488143,0.878626299141437
0.6682018146824306,0.8785359240849525
0.6681790059806145,0.8784455490284682
0.6682021313166037,0.8783551739719837
0.6681793179317932,0.8782647989154994
0.6682024480814194,0.8781744238590149
0.6682255845942229,0.8780840488025305
0.6682027649769585,0.8779936737460461
0.6682259063080416,0.8779032986895616
0.668249054007568,0.8778129236330773
0.6682722080781669,0.8777225485765928
0.6682953685224692,0.8776321735201085
0.6683185353431069,0.877541798463624
0.668295704845815,0.8774514234071397
0.6682728712053417,0.8773610483506552
0.6682500344210381,0.8772706732941709
0.6682271944922548,0.8771802982376864
0.6682503614955587,0.8770899231812019
0.6682735348805179,0.8769995481247176
0.6682506887052342,0.8769091730682331
0.6682738669238187,0.8768187980117488
0.6682510160501481,0.8767284229552643
0.6682281620281069,0.87663804789878
0.6682513435303845,0.8765476728422955
0.668228484806725,0.8764572977858112
0.6682056229327453,0.8763669227293267
0.6682288077188147,0.8762765476728422
0.6682059411399821,0.8761861726163579
0.6681830714088779,0.8760957975598734
0.6681601985248501,0.8760054225033891
0.6681833850396415,0.8759150474469046
0.6682065779493898,0.8758246723904203
0.6681836988001655,0.8757342973339358
0.6681608164954141,0.8756439222774515
0.6681379310344827,0.875553547220967
0.6681611256725065,0.8754631721644826
0.6681382354969994,0.8753727971079982
0.6681153421633554,0.8752824220515137
0.668092445670921,0.8751920469950294
0.6680695460190423,0.8751016719385449
0.6680927408225228,0.8750112968820606
0.6680698364502105,0.8749209218255761
0.668093036096349,0.8748305467690918
0.6681162421481328,0.8747401717126073
0.6681394546082154,0.8746497966561229
0.668185584092792,0.8746497966561229
0.6681626734792515,0.8745594215996385
0.6681397597016987,0.874469046543154
0.6681168427594779,0.8743786714866697
0.6681400649216106,0.8742882964301852
0.6681632935000346,0.8741979213737009
0.6681403702680299,0.8741075463172164
0.6681636037031919,0.8740171712607321
0.6681868435599779,0.8739267962042476
0.6681639140349664,0.8738364211477632
0.6681871587531965,0.8737460460912788
0.6682104098983894,0.8736556710347944
0.6682336674732112,0.87356529597831
0.6682569314803292,0.8734749209218255
0.668280201922412,0.8733845458653412
0.6683034788021301,0.8732941708088567
0.6683267621221554,0.8732037957523724
0.6683500518851608,0.8731134206958879
0.6683733480938213,0.8730230456394035
0.6683966507508131,0.8729326705829191
0.6684199598588138,0.8728422955264347
0.6684432754205025,0.8727519204699503
0.6684203239651114,0.8726615454134659
0.6684436444198283,0.8725711703569815
0.6684206882226684,0.872480795300497
0.6684440135724673,0.8723904202440127
0.6684210526315789,0.8723000451875282
0.668444382878515,0.8722096701310438
0.6684214171919374,0.8721192950745594
0.6684447523380672,0.872028920018075
0.6684680939513614,0.8719385449615906
0.6684451219512195,0.8718481699051062
0.6684221467673758,0.8717577948486218
0.6684454917180678,0.8716674197921374
0.6684225117826449,0.871577044735653
0.6683995286615374,0.8714866696791685
0.66842287694974,0.8713962946226841
0.6684462317132358,0.8713059195661997
0.668423242268756,0.8712155445097153
0.6684466019417475,0.8711251694532309
0.6684236077397878,0.8710347943967465
0.6684006103481759,0.8709444193402621
0.66842397336293,0.8708540442837777
0.6684473428611073,0.8707636692272933
0.6684243391382779,0.8706732941708089
0.6684477135521477,0.8705829191143244
0.6684247050659264,0.87049254405784
0.6684480843975569,0.8704021690013556
0.6684714702207414,0.8703117939448712
0.6684948625381838,0.8702214188883868
0.6684718461431646,0.8701310438319024
0.668495243385876,0.870040668775418
0.6685186471282728,0.8699502937189336
0.6684956243922767,0.8698599186624492
0.6685190330647403,0.8697695436059647
0.6684960055574852,0.8696791685494804
0.6684729748506322,0.8695887934929959
0.6684963868816008,0.8694984184365115
0.6684733514001807,0.8694080433800271
0.668496768364723,0.8693176683235427
0.6685201918398554,0.8692272932670583
0.6684971500069512,0.8691369182105739
0.6685205784204672,0.8690465431540895
0.6685440133500209,0.868956168097605
0.668567454798331,0.8688657930411207
0.6685444050351207,0.8687754179846362
0.6685213520656559,0.8686850429281519
0.6685447968836951,0.8685946678716674
0.6685682482259635,0.868504292815183
0.6686147637932234,0.868504292815183
0.668591706095185,0.8684139177586986
0.6686151704940849,0.8683235427022142
0.6686386414253898,0.8682331676457298
0.6686155773647943,0.8681427925892453
0.6685925100932758,0.868052417532761
0.6685694396101636,0.8679620424762765
0.668546365914787,0.8678716674197922
0.668523289006475,0.8677812923633077
0.6685002088845565,0.8676909173068234
0.6685236768802229,0.8676005422503389
0.6685005919632286,0.8675101671938545
0.6685240649160689,0.8674197921373701
0.6685475444096134,0.8673294170808856
0.6685710304465965,0.8672390420244013
0.6685479375696767,0.8671486669679168
0.6685248414744617,0.8670582919114325
0.6685017421602788,0.866967916854948
0.6685252299972122,0.8668775417984637
0.6685487243831033,0.8667871667419792
0.6685256186824677,0.8666967916854948
0.6685491180366729,0.8666064166290104
0.6685260075303305,0.8665160415725259
0.6685028938009902,0.8664256665160416
0.6684797768479777,0.8663352914595571
0.6684566566706186,0.8662449164030728
0.6685032780025109,0.8662449164030728
0.6684801562391016,0.8661545413465883
0.6685036623648413,0.866064166290104
0.6684805357890331,0.8659737912336195
0.6684574059861857,0.8658834161771352
0.6685040468880826,0.8658834161771352
0.6685275645498954,0.8657930411206507
0.6685510887772195,0.8657026660641662
0.6685746195728047,0.8656122910076819
0.6685981569394024,0.8655219159511974
0.6685750191998883,0.8654315408947131
0.6685518782292976,0.8653411658382286
0.6685287340269535,0.8652507907817443
0.668552273203436,0.8651604157252598
0.6685758189564853,0.8650700406687755
0.6685993712888578,0.864979665612291
0.6685762190862093,0.8648892905558065
0.6685530636484315,0.8647989154993222
0.668599776411403,0.8647989154993222
0.6685766193836908,0.8647085404428377
0.6685534591194968,0.8646181653863534
0.6685302956181425,0.8645277903298689
0.6685071288789488,0.8644374152733846
0.6684839589012371,0.8643470402169001
0.6685075148549459,0.8642566651604158
0.6685310773963504,0.8641662901039313
0.6685778212837366,0.8641662901039313
0.6685546465282148,0.8640759150474469
0.6685314685314685,0.8639855399909625
0.6685082872928176,0.863895164934478
0.6685318598307337,0.8638047898779937
0.6685786233911584,0.8638047898779937
0.668555438964673,0.8637144148215092
0.6685790246974044,0.8636240397650249
0.6685558354324097,0.8635336647085404
0.6685794261721484,0.8634432896520561
0.6686030235162373,0.8633529145955716
0.6686266274674506,0.8632625395390872
0.6686034301715086,0.8631721644826028
0.6686270391374362,0.8630817894261184
0.6686506547160563,0.862991414369634
0.6686274509803921,0.8629010393131495
0.6686510715786524,0.8628106642566652
0.6686746987951807,0.8627202892001807
0.6686514886164624,0.8626299141436964
0.6686751208575632,0.8625395390872119
0.6686987597225141,0.8624491640307275
0.6687224052141005,0.8623587889742431
0.668746057335109,0.8622684139177587
0.668769716088328,0.8621780388612743
0.6687933814765478,0.8620876638047898
0.6688170535025594,0.8619972887483055
0.6687938288920056,0.861906913691821
0.6688175059615654,0.8618165386353367
0.668864417479133,0.8618165386353367
0.668841189674523,0.8617261635788522
0.6688179586110137,0.8616357885223678
0.668841647372483,0.8615454134658834
0.6688184114510244,0.861455038409399
0.6688421052631579,0.8613646633529146
0.6688658057271196,0.8612742882964302
0.6688425633466695,0.8611839132399458
0.6688193177032149,0.8610935381834613
0.6687960687960688,0.861003163126977
0.6687728166245437,0.8609127880704925
0.6687965173430698,0.8608224130140081
0.6687732603047539,0.8607320379575237
0.66875,0.8606416629010393
0.6687969660790786,0.8606416629010393
0.6687737041719343,0.8605512878445549
0.6687974150042146,0.8604609127880705
0.6688211324996487,0.8603705377315861
0.6688448566610455,0.8602801626751017
0.6688215866769728,0.8601897876186173
0.6687983134223472,0.8600994125621328
0.6688220410458251,0.8600090375056484
0.668845775340925,0.859918662449164
0.6688695163104612,0.8598282873926796
0.668846234971525,0.8597379123361952
0.6688699810139934,0.8596475372797108
0.6688937337365497,0.8595571622232264
0.6688704459136307,0.859466787166742
0.6689174931420131,0.859466787166742
0.6688942037141249,0.8593764121102576
0.668870911009497,0.8592860370537732
0.6688476150274377,0.8591956619972887
0.6688713763017169,0.8591052869408043
0.6688480754345225,0.8590149118843199
0.6688718417904145,0.8589245368278355
0.668848536036036,0.8588341617713511
0.6688723074757145,0.8587437867148667
0.6688489968321014,0.8586534116583823
0.6688727733577413,0.8585630366018979
0.6688965565805225,0.8584726615454135
0.6688732394366197,0.858382286488929
0.6688970277503874,0.8582919114324447
0.6689208227669766,0.8582015363759602
0.6688974991194082,0.8581111613194758
0.6689212992320158,0.8580207862629914
0.6688979706877114,0.857930411206507
0.6688746388556127,0.8578400361500226
0.6688513037350247,0.8577496610935382
0.6688751057231463,0.8576592860370538
0.6688517657009939,0.8575689109805693
0.6688755727881565,0.857478535924085
0.6689227298364354,0.857478535924085
0.668899386589579,0.8573881608676005
0.6689232071081024,0.8572977858111162
0.6689470343465689,0.8572074107546317
0.6689708683078225,0.8571170356981473
0.668994708994709,0.8570266606416629
0.6689713560039509,0.8569362855851785
0.6689952018063787,0.8568459105286941
0.6690190543401553,0.8567555354722096
0.669042913608131,0.8566651604157253
0.6690195524811181,0.8565747853592408
0.6690667796131583,0.8565747853592408
0.6690434168725733,0.8564844103027565
0.669020050833098,0.856394035246272
0.669043920350233,0.8563036601897877
0.6690205493962291,0.8562132851333032
0.6689971751412429,0.8561229100768188
0.6689737975845752,0.8560325350203344
0.6689504167255262,0.8559421599638499
0.6689742865216163,0.8558517849073656
0.6689509007417873,0.8557614098508811
0.668998163063445,0.8557614098508811
0.6690220463538722,0.8556710347943968
0.668998657338704,0.8555806597379123
0.6689752650176678,0.855490284681428
0.6689518693900629,0.8553999096249435
0.668928470455188,0.8553095345684592
0.6689050682123419,0.8552191595119747
0.6689289501590668,0.8551287844554902
0.6689055429864253,0.8550384093990059
0.6689294300664687,0.8549480343425214
0.668953323903819,0.8548576592860371
0.6689299101775231,0.8547672842295526
0.6689772245013439,0.8547672842295526
0.6689538091532857,0.8546769091730683
0.6689777148921118,0.8545865341165838
0.6690016273968725,0.8544961590600995
0.6690255466704409,0.854405784003615
0.6690494727156912,0.8543154089471305
0.669026047565119,0.8542250338906462
0.6690499787625654,0.8541346588341617
0.6690739167374682,0.8540442837776774
0.6690978614927064,0.8539539087211929
0.6690744281566461,0.8538635336647086
0.6690509915014164,0.8537731586082241
0.6690749397931718,0.8536827835517398
0.6690514981936672,0.8535924084952553
0.6690280532728818,0.8535020334387708
0.6690046050301098,0.8534116583822865
0.6690285552327642,0.853321283325802
0.6690051020408163,0.8532309082693177
0.6689816455247679,0.8531405332128332
0.6690055992628818,0.8530501581563489
0.6689821377941594,0.8529597830998644
0.6690060966964412,0.8528694080433801
0.6689826302729529,0.8527790329868956
0.6690065943416295,0.8526886579304112
0.6690305652081413,0.8525982828739268
0.6690070921985816,0.8525079078174423
0.6690310682366293,0.852417532760958
0.6690550510783201,0.8523271577044735
0.669031571479248,0.8522367826479892
0.6690080885483184,0.8521464075915047
0.6690320749361339,0.8520560325350204
0.6690085870413739,0.8519656574785359
0.6689850958126331,0.8518752824220515
0.6690090857467348,0.8517849073655671
0.6690330824932557,0.8516945323090827
0.669057086055098,0.8516041572525983
0.6690810964351654,0.8515137821961138
0.6691051136363636,0.8514234071396295
0.6690816109098657,0.851333032083145
0.6690581048444382,0.8512426570266607
0.6690345954393692,0.8511522819701762
0.6690586145648313,0.8510619069136918
0.6690826405173026,0.8509715318572074
0.6690591245025582,0.850881156800723
0.6690356051453343,0.8507907817442386
0.6690120824449183,0.8507004066877542
0.6689885564005971,0.8506100316312698
0.6690125826402218,0.8505196565747853
0.6689890516138206,0.850429281518301
0.6689655172413793,0.8503389064618165
0.6689895470383276,0.8502485314053321
0.668966007680273,0.8501581563488477
0.6689424649740416,0.8500677812923633
0.668918918918919,0.8499774062358789
0.6688953695141902,0.8498870311793945
0.6688718167591408,0.8497966561229101
0.6688482606530555,0.8497062810664257
0.6688722874421914,0.8496159060099413
0.6688487263412551,0.8495255309534568
0.6688251618871416,0.8494351558969724
0.6688015940791346,0.849344780840488
0.6688491922283112,0.849344780840488
0.6688256227758007,0.8492544057840036
0.6688020499679692,0.8491640307275192
0.6688260838613227,0.8490736556710348
0.6688025060515449,0.8489832806145504
0.6687789248843005,0.848892905558066
0.6688029623299865,0.8488025305015816
0.6687793761572426,0.8487121554450971
0.6688034188034188,0.8486217803886127
0.6688274683003277,0.8485314053321283
0.6688515246508977,0.8484410302756439
0.6688279301745635,0.8483506552191595
0.6688519917337704,0.8482602801626751
0.6688760601525194,0.8481699051061907
0.6688524590163935,0.8480795300497063
0.6689001354337444,0.8480795300497063
0.6688765326489877,0.8479891549932219
0.6689006131470127,0.8478987799367375
0.6688770053475935,0.847808404880253
0.6688533941814033,0.8477180298237686
0.6688774782484667,0.8476276547672842
0.6688538620640467,0.8475372797107998
0.6688779513517369,0.8474469046543154
0.668854330146954,0.847356529597831
0.6688784246575342,0.8472661545413466
0.6689025260453831,0.8471757794848622
0.6688788981659888,0.8470854044283778
0.6689266343134456,0.8470854044283778
0.6689030047819571,0.8469950293718933
0.668927118281105,0.846904654315409
0.6689034837235865,0.8468142792589245
0.6689276024560903,0.8467239042024401
0.6689039628704034,0.8466335291459557
0.6689517280776921,0.8466335291459557
0.6689280868385346,0.8465431540894713
0.6689044422225396,0.8464527790329869
0.6688807942289836,0.8463624039765025
0.6689049217801272,0.8462720289200181
0.6689290562263343,0.8461816538635336
0.6689054015432981,0.8460912788070493
0.6688817434798142,0.8460009037505648
0.668858082035158,0.8459105286940805
0.6688344172086043,0.845820153637596
0.6688585519262383,0.8457297785811116
0.6688348820586133,0.8456394035246272
0.6688826935449281,0.8456394035246272
0.6688590220188734,0.8455490284681428
0.6688831688831689,0.8454586534116584
0.6688594923131927,0.8453682783551739
0.6688836444253736,0.8452779032986896
0.6688599628093262,0.8451875282422051
0.6688841201716739,0.8450971531857208
0.6689082844469881,0.8450067781292363
0.668932455638237,0.844916403072752
0.6689087656529517,0.8448260280162675
0.668885072277086,0.8447356529597831
0.668861375509912,0.8446452779032987
0.6688376753507014,0.8445549028468142
0.6688139717987259,0.8444645277903299
0.668790264853257,0.8443741527338454
0.6687665545135657,0.8442837776773611
0.6687428407789232,0.8441934026208766
0.6687191236486003,0.8441030275643923
0.6686954031218674,0.8440126525079078
0.668671679197995,0.8439222774514235
0.6686479518762533,0.843831902394939
0.6686721100128922,0.8437415273384545
0.6686962750716332,0.8436511522819702
0.6687204470554521,0.8435607772254857
0.6687446259673259,0.8434704021690014
0.6687208885704049,0.8433800271125169
0.6686971477712483,0.8432896520560326
0.668673403569125,0.8431992769995481
0.6686975844025518,0.8431089019430638
0.668721772170048,0.8430185268865793
0.6687459668745966,0.8429281518300948
0.6687222142549835,0.8428377767736105
0.6686984582287558,0.842747401717126
0.6687226565301585,0.8426570266606417
0.668698895423899,0.8425666516041572
0.66867513090883,0.8424762765476729
0.6686513629842181,0.8423859014911884
0.6686755632084947,0.8422955264347041
0.6686517901987515,0.8422051513782196
0.6686759956942949,0.8421147763217351
0.6687002081389507,0.8420244012652508
0.6687244275357117,0.8419340262087663
0.6687006460875807,0.841843651152282
0.6687248707639287,0.8417532760957975
0.6687010842248869,0.8416629010393132
0.6686772942697113,0.8415725259828287
0.6687015225509911,0.8414821509263444
0.6687257577934205,0.8413917758698599
0.6687019610660154,0.8413014008133755
0.6686781609195402,0.8412110257568911
0.668702399770082,0.8411206507004066
0.668678594524682,0.8410302756439223
0.6686547858580052,0.8409399005874378
0.6686790283168033,0.8408495255309535
0.6686552145475455,0.840759150474469
0.6686794622960247,0.8406687754179847
0.6686556434219986,0.8405784003615002
0.6686798964624676,0.8404880253050158
0.6686560724814842,0.8403976502485314
0.6686322450740687,0.840307275192047
0.668656501726122,0.8402169001355626
0.6686807653575025,0.8401265250790781
0.668656931156032,0.8400361500225938
0.6686330935251799,0.8399457749661093
0.6686092524642061,0.839855399909625
0.6685854079723701,0.8397650248531405
0.6686096718480138,0.8396746497966561
0.6685858222382152,0.8395842747401717
0.6686100914129418,0.8394938996836873
0.668586236682983,0.8394035246272029
0.6685623785184652,0.8393131495707185
0.6685385169186465,0.8392227745142341
0.6685146518827849,0.8391323994577496
0.6685389212932958,0.8390420244012653
0.6685150511306351,0.8389516493447808
0.6685393258426966,0.8388612742882964
0.6685154505510337,0.838770899231812
0.6684915718196225,0.8386805241753276
0.6684676896477199,0.8385901491188432
0.6684919662799913,0.8384997740623588
0.6685401354662055,0.8384997740623588
0.6685162499099229,0.8384093990058744
0.6685405405405406,0.83831902394939
0.668564838174872,0.8382286488929056
0.6685409457900807,0.8381382738364211
0.6685170499603489,0.8380478987799367
0.6685413512149397,0.8379575237234523
0.6685656594793394,0.8378671486669679
0.6685899747565813,0.8377767736104835
0.6685660703981535,0.8376863985539991
0.6685421625910698,0.8375960234975147
0.6685182513345838,0.8375056484410303
0.6685664814948417,0.8375056484410303
0.6685908074175626,0.8374152733845459
0.6685668927695194,0.8373248983280615
0.6685912240184757,0.837234523271577
0.6686155622924788,0.8371441482150926
0.6685916407998268,0.8370537731586082
0.6686159844054581,0.8369633981021238
0.6686403350422413,0.8368730230456394
0.668664692713223,0.836782647989155
0.6686407626751408,0.8366922729326706
0.6686651256862178,0.8366018978761862
0.6686411904933902,0.8365115228197018
0.6686172518422193,0.8364211477632173
0.6686416184971098,0.836330772706733
0.668665992195404,0.8362403976502485
0.6686420466864205,0.8361500225937641
0.6686664257318395,0.8360596475372797
0.668690811826791,0.8359692724807953
0.6686668594563332,0.8358788974243109
0.6686912509038323,0.8357885223678265
0.6687156494070002,0.8356981473113421
0.6687400549688992,0.8356077722548576
0.6687644675925926,0.8355173971983733
0.668788887281146,0.8354270221418888
0.6687649229433471,0.8353366470854044
0.6687893479991316,0.83524627202892
0.6687653784918223,0.8351558969724356
0.6687898089171974,0.8350655219159512
0.668765834238147,0.8349751468594668
0.6687902700354739,0.8348847718029824
0.6688386909933391,0.8348847718029824
0.6688147129099993,0.8347943967464979
0.6687907313540913,0.8347040216900136
0.6687667463248606,0.8346136466335291
0.6687427578215527,0.8345232715770448
0.6687187658434127,0.8344328965205603
0.6686947703896856,0.834342521464076
0.6687192118226601,0.8342521464075915
0.6686952111859741,0.8341617713511071
0.6686712070714389,0.8340713962946227
0.668695652173913,0.8339810212381382
0.6686716428726719,0.8338906461816539
0.6686476300913176,0.8338002711251694
0.6686236138290933,0.8337098960686851
0.6686480608916274,0.8336195210122006
0.6686725150438628,0.8335291459557163
0.668696976288884,0.8334387708992318
0.6686729514140681,0.8333483958427474
0.6686974180446765,0.833258020786263
0.6687218917742638,0.8331676457297785
0.6686978599927458,0.8330772706732942
0.668673824724318,0.8329868956168097
0.6686497859682218,0.8328965205603254
0.6686257437236975,0.8328061455038409
0.6686016979899863,0.8327157704473566
0.6686502177068214,0.8327157704473566
0.6686261702590899,0.8326253953908721
0.6686021193206562,0.8325350203343878
0.66857806489076,0.8324446452779033
0.6686025408348457,0.8323542702214188
0.6685784811964571,0.8322638951649345
0.6685544180643288,0.83217352010845
0.6685788976835378,0.8320831450519657
0.6685548293391431,0.8319927699954812
0.6685793143521208,0.8319023949389969
0.6686038064797327,0.8318120198825124
0.6686283057250799,0.8317216448260281
0.6686528120912658,0.8316312697695436
0.6686287333769348,0.8315408947130591
0.66865324514863,0.8314505196565748
0.6686777640473941,0.8313601446000903
0.6687022900763359,0.831269769543606
0.6686782027046677,0.8311793944871215
0.6686541118301461,0.8310890194306372
0.668630017452007,0.8309986443741527
0.6686059195694859,0.8309082693176684
0.6686304458506073,0.8308178942611839
0.6686063427407622,0.8307275192046994
0.6686308744361996,0.8306371441482151
0.6686067660967625,0.8305467690917306
0.6685826542491269,0.8304563940352463
0.6685585388925271,0.8303660189787618
0.668534420026197,0.8302756439222775
0.6685589519650655,0.830185268865793
0.6685348278622898,0.8300948938093087
0.6685107002474887,0.8300045187528242
0.6684865691198951,0.8299141436963398
0.668462434478742,0.8298237686398554
0.6684869666521043,0.829733393583371
0.6685115059714536,0.8296430185268866
0.668487364358022,0.8295526434704021
0.6684632192279679,0.8294622684139178
0.668439070580523,0.8293718933574333
0.6684877622377622,0.8293718933574333
0.6684636118598383,0.829281518300949
0.66843945796299,0.8291911432444645
0.6684640046633634,0.8291007681879801
0.6684398455148292,0.8290103931314957
0.6684643976386561,0.8289200180750113
0.6684402332361516,0.8288296430185269
0.6684160653108827,0.8287392679620424
0.6684406211270686,0.8286488929055581
0.6684651841049946,0.8285585178490736
0.6684897542477941,0.8284681427925893
0.668465577596266,0.8283777677361048
0.6685143315586026,0.8283777677361048
0.6685389160405573,0.8282873926796204
0.6685876860227604,0.8282873926796204
0.6685635076967973,0.828197017623136
0.6685881065304633,0.8281066425666516
0.6686127125446982,0.8280162675101672
0.6686373257426466,0.8279258924536828
0.6686619461274546,0.8278355173971984
0.6686377573368375,0.827745142340714
0.6686623831775701,0.8276547672842296
0.6686381891201169,0.8275643922277451
0.6686139915291368,0.8274740171712607
0.668589790403856,0.8273836421147763
0.6686144182309547,0.8272932670582919
0.6686390532544378,0.8272028920018075
0.6686636954774604,0.8271125169453231
0.6686394856057285,0.8270221418888387
0.6686152721958348,0.8269317668323543
0.6685910552470038,0.8268413917758699
0.6685668347584593,0.8267510167193854
0.6685426107294256,0.826660641662901
0.6685183831591258,0.8265702666064166
0.6684941520467836,0.8264798915499322
0.6685187892966808,0.8263895164934478
0.6685434337525592,0.8262991414369634
0.6685680854175808,0.826208766380479
0.6685927442949093,0.8261183913239946
0.6686174103877103,0.8260280162675102
0.6685931670202648,0.8259376412110258
0.6686178385893027,0.8258472661545413
0.6686425173801683,0.8257568910980569
0.668667203396033,0.8256665160415725
0.6686918966400702,0.8255761409850881
0.6687165971154551,0.8254857659286037
0.668692341484844,0.8253953908721193
0.6687170474516696,0.8253050158156349
0.6687417606562179,0.8252146407591505
0.6687174979857907,0.8251242657026661
0.6687422166874222,0.8250338906461816
0.6687669426331599,0.8249435155896973
0.6687916758261889,0.8248531405332128
0.6687674043675802,0.8247627654767284
0.6687921430665494,0.824672390420244
0.6687678663050649,0.8245820153637596
0.6687926105124258,0.8244916403072752
0.6688173619766845,0.8244012652507908
0.6687930781639536,0.8243108901943064
0.6687687907897631,0.8242205151378219
0.6687444998533294,0.8241301400813376
0.6687692533372451,0.8240397650248531
0.6688183085161007,0.8240397650248531
0.668794014084507,0.8239493899683688
0.6688187820983126,0.8238590149118843
0.6688435573818609,0.8237686398553999
0.6688192558890438,0.8236782647989155
0.668794950829297,0.8235878897424311
0.6688197298884322,0.8234975146859467
0.6687954195111209,0.8234071396294622
0.668771105564528,0.8233167645729779
0.6687958883994126,0.8232263895164934
0.6688206785137318,0.8231360144600091
0.6688454759106933,0.8230456394035246
0.6688702805935067,0.8229552643470402
0.6688950925653835,0.8228648892905558
0.6688707662919697,0.8227745142340714
0.6688464364437914,0.822684139177587
0.6688221030200603,0.8225937641211025
0.6688712522045855,0.8225937641211025
0.6688960752609143,0.8225033890646182
0.6689209056159953,0.8224130140081337
0.6689457432730481,0.8223226389516494
0.6689705882352941,0.8222322638951649
0.6689954405059567,0.8221418888386806
0.6690203000882613,0.8220515137821961
0.6689959543949981,0.8219611387257117
0.6689716051199058,0.8218707636692273
0.6689964685108888,0.8217803886127428
0.6689721138989037,0.8216900135562585
0.6689969828537788,0.821599638499774
0.6690218591300507,0.8215092634432897
0.6690467427309532,0.8214188883868052
0.6690716336597217,0.8213285133303209
0.6690965319195935,0.8212381382738364
0.6690721649484536,0.8211477632173521
0.6690477943883938,0.8210573881608676
0.6690726964719746,0.8209670131043831
0.669097605893186,0.8208766380478988
0.6690732282304406,0.8207862629914143
0.6690488469756134,0.82069588793493
0.6690737602240071,0.8206055128784455
0.6690493736182757,0.8205151378219612
0.6690742924528302,0.8204247627654767
0.6690992186348224,0.8203343877089924
0.6690748249170659,0.8202440126525079
0.6690997566909975,0.8201536375960234
0.6691246958188924,0.8200632625395391
0.6691496423040048,0.8199728874830546
0.6691745961495906,0.8198825124265703
0.6691501917969903,0.8197921373700858
0.6691751512468644,0.8197017623136015
0.6691507415332398,0.819611387257117
0.6691263282172373,0.8195210122006327
0.6691019112980592,0.8194306371441482
0.6690774907749077,0.8193402620876638
0.669053066646985,0.8192498870311794
0.6690780246549052,0.8191595119746949
0.6691029900332226,0.8190691369182106
0.6691279627852027,0.8189787618617261
0.6691035297592675,0.8188883868052418
0.6690790931245846,0.8187980117487573
0.6690546528803545,0.818707636692273
0.6691040697244995,0.818707636692273
0.6691534938691092,0.818707636692273
0.6691290537046612,0.8186172616357885
0.6691540450683413,0.8185268865793041
0.6691295995271169,0.8184365115228197
0.6691545965119716,0.8183461364663352
0.669179600886918,0.8182557614098509
0.6692046126552336,0.8181653863533664
0.6692296318201981,0.8180750112968821
0.6692546583850931,0.8179846362403976
0.6692302003993197,0.8178942611839133
0.6692057387960361,0.8178038861274288
0.6692307692307692,0.8177135110709444
0.6692063022412901,0.81762313601446
0.6692313383147148,0.8175327609579756
0.6692068659366677,0.8174423859014912
0.6691823899371069,0.8173520108450067
0.6692074298823355,0.8172616357885224
0.6692324772407667,0.8171712607320379
0.6692079940784604,0.8170808856755536
0.66923304708321,0.8169905106190691
0.6692085585252091,0.8169001355625847
0.6692336171788227,0.8168097605061003
0.6692091232227488,0.8167193854496159
0.6692592592592592,0.8165386353366471
0.6692347581302319,0.8164482602801627
0.6692102533708698,0.8163578852236782
0.6692353289863663,0.8162675101671939
0.6692108188217858,0.8161771351107094
0.6692359000963463,0.816086760054225
0.6692113845241625,0.8159963849977406
0.669236471460341,0.8159060099412562
0.6692615658362989,0.8158156348847718
0.66923704307852,0.8157252598282874
0.6692621431219874,0.815634884771803
0.669237614951053,0.8155445097153186
0.669213083141734,0.8154541346588342
0.6691885476932206,0.8153637596023497
0.669213649851632,0.8152733845458653
0.669189108984346,0.8151830094893809
0.669214216813831,0.8150926344328965
0.6692393320964749,0.8150022593764121
0.6692147840284993,0.8149118843199277
0.6692399049881235,0.8148215092634433
0.6692650334075724,0.8147311342069589
0.6692901692901693,0.8146407591504745
0.6693153126392396,0.81455038409399
0.6692907538061641,0.8144600090375056
0.6692661913250149,0.8143696339810212
0.6692913385826772,0.8142792589245368
0.6692667706708268,0.8141888838680524
0.6692919236198827,0.814098508811568
0.6693170840454782,0.8140081337550836
0.6693422519509477,0.8139177586985992
0.66931767504088,0.8138273836421148
0.6692930944770683,0.8137370085856304
0.6692685102586976,0.8136466335291459
0.6692936802973978,0.8135562584726616
0.6693188578227246,0.8134658834161771
0.6693440428380187,0.8133755083596927
0.6693194496095203,0.8132851333032083
0.6693446403332589,0.8131947582467239
0.669369838553679,0.8131043831902395
0.6693950442741275,0.8130140081337551
0.669370442030064,0.8129236330772707
0.6693458361241349,0.8128332580207862
0.6693710457759583,0.8127428829643019
0.6693962629345641,0.8126525079078174
0.6693716497915426,0.812562132851333
0.6693968726731199,0.8124717577948486
0.6694221030682157,0.8123813827383642
0.6694473409801877,0.8122910076818798
0.6694227188081937,0.8122006326253954
0.6694479624525069,0.812110257568911
0.6694233348234242,0.8120198825124265
0.6694485842026826,0.8119295074559422
0.6694984723153737,0.8119295074559422
0.6694738411089581,0.8118391323994577
0.6694492062309011,0.8117487573429734
0.6694245676803816,0.8116583822864889
0.669449828537349,0.8115680072300046
0.669475096928124,0.8114776321735201
0.6695003728560776,0.8113872571170357
0.6694757252591543,0.8112968820605513
0.6694510739856802,0.8112065070040668
0.6694264190348326,0.8111161319475825
0.6694516971279373,0.811025756891098
0.6694769827650526,0.8109353818346137
0.6694523205491718,0.8108450067781292
0.6694776119402985,0.8107546317216449
0.6695029108822212,0.8106642566651604
0.6695282173783219,0.810573881608676
0.6695535314319845,0.8104835065521916
0.6695288583588441,0.8103931314957071
0.6695541781793742,0.8103027564392228
0.6695795055642692,0.8102123813827383
0.6696048405169194,0.810122006326254
0.6696301830407172,0.8100316312697695
0.669605499103407,0.8099412562132852
0.669655533139057,0.8099412562132852
0.6696808908153352,0.8098508811568007
0.6696562032884903,0.8097605061003164
0.6696315120711563,0.8096701310438319
0.6696568737385064,0.8095797559873474
0.6696321770334929,0.8094893809308631
0.669607476635514,0.8093990058743786
0.6695827725437415,0.8093086308178943
0.6695580647573469,0.8092182557614098
0.669533353275501,0.8091278807049255
0.6695587135377711,0.809037505648441
0.6695339965592041,0.8089471305919567
0.6695593626094113,0.8088567555354722
0.6695847362514029,0.8087663804789877
0.6696101174885879,0.8086760054225034
0.669635506324377,0.8085856303660189
0.6696609027621828,0.8084952553095346
0.6696361730798024,0.8084048802530501
0.6696114396945422,0.8083145051965658
0.669636840134781,0.8082241301400813
0.6696121012430732,0.808133755083597
0.6695873586459972,0.8080433800271125
0.6696127630889072,0.807953004970628
0.6695880149812734,0.8078626299141437
0.6695632631657802,0.8077722548576592
0.6695385076415943,0.8076818798011749
0.6695639142814327,0.8075915047446904
0.6695893285371702,0.8075011296882061
0.6696147504122321,0.8074107546317216
0.6695899857581891,0.8073203795752373
0.6695652173913044,0.8072300045187528
0.669540445310743,0.8071396294622684
0.6695658693859189,0.807049254405784
0.6695410917816437,0.8069588793492996
0.6695665216739163,0.8068685042928152
0.6695919591959196,0.8067781292363307
0.6696174043510877,0.8066877541798464
0.6696428571428571,0.8065973791233619
0.6696180685825768,0.8065070040668776
0.6695932763019661,0.8064166290103931
0.6696187331131792,0.8063262539539087
0.6696441975679327,0.8062358788974243
0.6696193979430973,0.8061455038409399
0.6695945945945946,0.8060551287844555
0.6696200630725334,0.805964753727971
0.6695952541863783,0.8058743786714867
0.6696207285016899,0.8057840036150022
0.6695959140754093,0.8056936285585179
0.6696213942307693,0.8056032535020334
0.6696468820435763,0.805512878445549
0.6696723775172828,0.8054225033890646
0.6696978806553434,0.8053321283325802
0.6696730552423901,0.8052417532760958
0.6696482260974143,0.8051513782196114
0.669673733273192,0.805061003163127
0.6696992481203008,0.8049706281066425
0.6697247706422018,0.8048802530501582
0.6696999323155599,0.8047898779936737
0.6696750902527075,0.8046995029371893
0.6697006168196179,0.8046091278807049
0.6697261510683118,0.8045187528242205
0.6697516930022573,0.8044283777677361
0.6697772426249248,0.8043380027112517
0.6698027999397862,0.8042476276547673
0.6697779450508092,0.8041572525982829
0.6698035082436197,0.8040668775417985
0.6698290791356073,0.803976502485314
0.6698546577302508,0.8038861274288296
0.6698802440310311,0.8037957523723452
0.6698553781259415,0.8037053773158608
0.6698809703179147,0.8036150022593764
0.6698560988472839,0.803524627202892
0.6698816969331626,0.8034342521464076
0.6699073027356998,0.8033438770899232
0.6699329162583855,0.8032535020334388
0.6699080355796774,0.8031631269769544
0.6698831511496419,0.8030727519204699
0.6699087687551836,0.8029823768639855
0.669934394087927,0.8028920018075011
0.6699600271513689,0.8028016267510167
0.669985667949008,0.8027112516945323
0.6699607724803862,0.8026208766380479
0.6699864191942055,0.8025305015815635
0.6699615181468347,0.8024401265250791
0.6699366133413824,0.8023497514685947
0.6699622641509434,0.8022593764121102
0.6699373537625481,0.8021690013556259
0.6699124396135265,0.8020786262991414
0.6698875217030271,0.801988251242657
0.669913174782937,0.8018978761861726
0.6698882512836001,0.8018075011296882
0.6698633240202371,0.8017171260732038
0.6698889811947738,0.8016267510167194
0.6699146461213082,0.801536375960235
0.6698897114367729,0.8014460009037505
0.6699403188033543,0.8014460009037505
0.6699153822907222,0.8013556258472662
0.6699410609037328,0.8012652507907817
0.6699667472793228,0.8011748757342974
0.6699418033406394,0.8010845006778129
0.6699674956534886,0.8009941256213285
0.669942546114303,0.8009037505648441
0.6699682443671556,0.8008133755083597
0.6699939503932244,0.8007230004518753
0.669968993420555,0.8006326253953908
0.669944032672818,0.8005422503389065
0.6699697428139183,0.800451875282422
0.6699954607353609,0.8003615002259377
0.6699704925474768,0.8002711251694532
0.6699455205811138,0.8001807501129689
0.6699205448354143,0.8000903750564844
0.669946265042004,0.8
0.6699719930361063,0.7999096249435156
0.6699977288212582,0.7998192498870311
0.6699727437916414,0.7997288748305468
0.6699984855368771,0.7996384997740623
0.6699734948882999,0.799548124717578
0.6700242350802788,0.799548124717578
0.6700499924253901,0.7994577496610935
0.6700757575757575,0.7993673746046092
0.6701015305349295,0.7992769995481247
0.6700765325452754,0.7991866244916404
0.6701023114816218,0.7990962494351559
0.6700773078672124,0.7990058743786714
0.6700523004623664,0.7989154993221871
0.6700780835418088,0.7988251242657026
0.6701038744408219,0.7987347492092183
0.6700788595693055,0.7986443741527338
0.6701046564538147,0.7985539990962495
0.6701304611650486,0.798463624039765
0.6701812940908746,0.798463624039765
0.6701562737065696,0.7983732489832807
0.6701312495258326,0.7982828739267962
0.6701062215477998,0.7981924988703117
0.6700811897716064,0.7981021238138274
0.6701070046292783,0.7980117487573429
0.6701328273244782,0.7979213737008586
0.6701586578607758,0.7978309986443741
0.6701336167628302,0.7977406235878898
0.6701594533029612,0.7976502485314053
0.6701344065608626,0.797559873474921
0.6701093560145808,0.7974694984184365
0.6701351967188212,0.797379123361952
0.6701610452749924,0.7972887483054677
0.6701869016866737,0.7971983732489832
0.6702127659574468,0.7971079981924989
0.6702386380908952,0.7970176231360144
0.670264518090605,0.7969272480795301
0.6702394526795895,0.7968368730230456
0.6702143834575034,0.7967464979665613
0.6701893104234775,0.7966561229100768
0.6702151927610067,0.7965657478535924
0.6701901140684411,0.796475372797108
0.6701650315613354,0.7963849977406235
0.6701909180801704,0.7962946226841392
0.6702168124762267,0.7962042476276547
0.6701917224589166,0.7961138725711704
0.6701666286236019,0.7960234975146859
0.6701925272049312,0.7959331224582016
0.6701674277016743,0.7958427474017171
0.6701933323184656,0.7957523723452327
0.6702192448233861,0.7956619972887483
0.6701941377997715,0.7955716222322639
0.6701690269529466,0.7954812471757795
0.6701949436491015,0.795390872119295
0.6701698271266469,0.7953004970628107
0.6701957498667073,0.7952101220063262
0.6702468007312614,0.7952101220063262
0.6702216805058276,0.7951197469498419
0.6702476190476191,0.7950293718933574
0.6702224931423346,0.794938996836873
0.6702484377381497,0.7948486217803886
0.6702743902439025,0.7947582467239042
0.6703003506632108,0.7946678716674198
0.6703263189996951,0.7945774966109354
0.6703522952569773,0.794487121554451
0.6703782794386821,0.7943967464979665
0.6703531385859203,0.7943063714414822
0.6703791288427797,0.7942159963849977
0.6704051270313572,0.7941256213285133
0.6703799786357394,0.7940352462720289
0.6704059829059829,0.7939448712155445
0.6704319951152495,0.7938544961590601
0.6704068391725823,0.7937641211025757
0.6703816793893129,0.7936737460460913
0.6703565157645622,0.7935833709896069
0.6703825303504619,0.7934929959331225
0.6704085528827797,0.793402620876638
0.6703833817015427,0.7933122458201536
0.6704094103269173,0.7932218707636692
0.6704354469060352,0.7931314957071848
0.6704614914425427,0.7930411206507004
0.6704363108428211,0.792950745594216
0.6704111263946202,0.7928603705377316
0.6704371751757873,0.7927699954812472
0.6704119850187266,0.7926796204247628
0.670438039905206,0.7925892453682784
0.6704892966360856,0.7925892453682784
0.6704641027601499,0.7924988703117939
0.6704389050313504,0.7924084952553095
0.6704137034488032,0.7923181201988251
0.6704397705544933,0.7922277451423407
0.6704145632553159,0.7921373700858563
0.6704406364749081,0.7920469950293719
0.6704154234565067,0.7919566199728875
0.6703902065799541,0.7918662449164031
0.6704162840526476,0.7917758698599187
0.6704423695086484,0.7916854948034342
0.6704684629516228,0.7915951197469498
0.6704945643852396,0.7915047446904654
0.6704693361917158,0.791414369633981
0.6704954437552646,0.7913239945774966
0.6705215593168415,0.7912336195210122
0.6705476828801226,0.7911432444645278
0.6705738144487857,0.7910528694080434
0.6705999540265114,0.790962494351559
0.6706261016169821,0.7908721192950745
0.6706008583690987,0.7907817442385902
0.6705756112516287,0.7906913691821057
0.6706017631276351,0.7906009941256213
0.6705765102729224,0.7905106190691369
0.6705512535459633,0.7904202440126525
0.6705774097078445,0.7903298689561681
0.6705521472392638,0.7902394938996837
0.6705783095566805,0.7901491188431993
0.6706044799018104,0.7900587437867148
0.6706306582783489,0.7899683687302305
0.6706568446899939,0.789877993673746
0.6706315708694651,0.7897876186172617
0.6706577634507637,0.7896972435607772
0.6706839640746143,0.7896068685042928
0.6707101727447217,0.7895164934478084
0.6707363894647931,0.789426118391324
0.6707626142385378,0.7893357433348396
0.6707888470696675,0.7892453682783551
0.6707635581502535,0.7891549932218708
0.6707897971727105,0.7890646181653863
0.6707645024971187,0.788974243108902
0.6707907477138246,0.7888838680524175
0.6708170009991545,0.7887934929959332
0.6708432623568299,0.7887031179394487
0.6708695317905743,0.7886127428829643
0.6708442257419652,0.7885223678264799
0.6708705013841895,0.7884319927699954
0.6709220949011766,0.7884319927699954
0.6708967851099831,0.7883416177135111
0.670923076923077,0.7882512426570266
0.6708977613662589,0.7881608676005423
0.6709240593983227,0.7880704925440578
0.6708987380732533,0.7879801174875735
0.6708734128510966,0.787889742431089
0.6708480837309527,0.7877993673746047
0.6708227507119218,0.7877089923181202
0.6707974137931034,0.7876186172616357
0.6707720729735971,0.7875282422051514
0.6707467282525019,0.7874378671486669
0.6707213796289168,0.7873474920921826
0.6706960271019402,0.7872571170356981
0.6707476707476707,0.7872571170356981
0.6707739699653447,0.7871667419792138
0.6707486136783734,0.7870763669227293
0.670723253485327,0.786985991866245
0.6707749191187798,0.786985991866245
0.6708012326656394,0.7868956168097605
0.6707758687109947,0.786805241753276
0.6707505008475882,0.7867148666967917
0.6707768187422934,0.7866244916403072
0.6708031447510405,0.7865341165838229
0.6707777692129808,0.7864437415273384
0.6708041014570966,0.7863533664708541
0.6708304418228083,0.7862629914143696
0.6708050586057989,0.7861726163578853
0.6707796714737411,0.7860822413014008
0.6708060161974547,0.7859918662449163
0.6707806232644246,0.785901491188432
0.6707552264136388,0.7858111161319475
0.6707298256441907,0.7857207410754632
0.6707561728395062,0.7856303660189787
0.6707825281679272,0.7855399909624944
0.670757119703635,0.7854496159060099
0.6707834812813586,0.7853592408495256
0.6707580670063301,0.7852688657930411
0.6707844348363187,0.7851784907365567
0.6708108108108108,0.7850881156800723
0.6707853888331146,0.7849977406235878
0.6708117710666563,0.7849073655671035
0.6708381614522981,0.784816990510619
0.670864559993819,0.7847266154541347
0.6708391284191006,0.7846362403976502
0.6708655332302936,0.7845458653411659
0.6708400958342994,0.7844554902846814
0.670814654506106,0.784365115228197
0.6708410636982065,0.7842747401717126
0.6708674810576775,0.7841843651152282
0.6708420320111343,0.7840939900587438
0.670868455649215,0.7840036150022593
0.6708948874622941,0.783913239945775
0.6708694306930693,0.7838228648892905
0.6708958687915828,0.7837324898328062
0.6708704061895552,0.7836421147763217
0.6708968505764915,0.7835517397198373
0.6708713821389878,0.7834613646633529
0.6708978328173375,0.7833709896068685
0.6709242916860195,0.7832806145503841
0.6709507587488387,0.7831902394938997
0.670977234009602,0.7830998644374153
0.671003717472119,0.7830094893809308
0.6709782356130432,0.7829191143244465
0.67100472538539,0.782828739267962
0.6709792376820576,0.7827383642114776
0.6709537460292865,0.7826479891549932
0.6709802402169701,0.7825576140985088
0.6709547427154371,0.7824672390420244
0.6709812432181057,0.78237686398554
0.6709557398651267,0.7822864889290556
0.6709822466857895,0.7821961138725712
0.6709567374786789,0.7821057388160868
0.6709312243157324,0.7820153637596023
0.6709832506203474,0.7820153637596023
0.6709577355564172,0.7819249887031179
0.6709322165348224,0.7818346136466335
0.6709587340986658,0.7817442385901491
0.6709332092157319,0.7816538635336647
0.6709597331057491,0.7815634884771803
0.6709342023587833,0.7814731134206959
0.6709607325779916,0.7813827383642115
0.6709351959642996,0.7812923633077271
0.6709096553865259,0.7812019882512427
0.6709617325157183,0.7812019882512427
0.6709882773076624,0.7811116131947582
0.6710148303439708,0.7810212381382738
0.6710413916284849,0.7809308630817894
0.6710679611650485,0.780840488025305
0.6710945389575079,0.7807501129688206
0.6711211250097118,0.7806597379123362
0.671095571095571,0.7805693628558518
0.6711221635063724,0.7804789877993674
0.6711487641846727,0.780388612742883
0.6711753731343284,0.7802982376863985
0.6712019903591976,0.7802078626299142
0.6712286158631415,0.7801174875734297
0.6712552496500234,0.7800271125169453
0.6712818917237088,0.7799367374604609
0.6713341112407624,0.7799367374604609
0.671308542088066,0.7798463624039765
0.6713352007469654,0.7797559873474921
0.6713096257100615,0.7796656122910077
0.671284046692607,0.7795752372345233
0.6713107098381071,0.7794848621780388
0.6713373812860034,0.7793944871215545
0.6713640610401744,0.77930411206507
0.6713384723195515,0.7792137370085856
0.6713651584767542,0.7791233619521012
0.6713395638629284,0.7790329868956168
0.6713139652620921,0.7789426118391324
0.6713406559164914,0.778852236782648
0.6713673548889755,0.7787618617261636
0.6713940621834333,0.7786714866696791
0.6713684538653366,0.7785811116131948
0.6713428415556075,0.7784907365567103
0.6713695533556785,0.778400361500226
0.6713439351418772,0.7783099864437415
0.6713706533603617,0.7782196113872571
0.6713973799126638,0.7781292363307727
0.6714241148026829,0.7780388612742883
0.6714508580343214,0.7779484862178039
0.6714776096114838,0.7778581111613194
0.6714519778419287,0.7777677361048351
0.6715043695380774,0.7777677361048351
0.6715311378180115,0.7776773610483506
0.6715579144551983,0.7775869859918663
0.6715322769494966,0.7774966109353818
0.6715066354410617,0.7774062358788975
0.6714809899289562,0.777315860822413
0.6715077691887249,0.7772254857659286
0.6715345568137446,0.7771351107094442
0.6715613528079356,0.7770447356529597
0.6715881571752207,0.7769543605964754
0.671614969919525,0.7768639855399909
0.6716417910447762,0.7767736104835066
0.6716161300406377,0.7766832354270221
0.6716686205549043,0.7766832354270221
0.671642957636392,0.7765928603705378
0.6716172907058547,0.7765024853140533
0.6715916197623515,0.776412110257569
0.671565944804941,0.7763217352010845
0.6715927750410509,0.7762313601446
0.6715670941507663,0.7761409850881157
0.6715939308618801,0.7760506100316312
0.6716207759699625,0.7759602349751469
0.6716476294789547,0.7758698599186624
0.6716744913928012,0.7757794848621781
0.6717013617154485,0.7756891098056936
0.6717282404508453,0.7755987347492093
0.6717025440313111,0.7755083596927248
0.6716768435885392,0.7754179846362403
0.6717037269025994,0.775327609579756
0.6716780205152298,0.7752372345232715
0.671652310101801,0.7751468594667872
0.6716791979949874,0.7750564844103027
0.671706094313019,0.7749661093538184
0.6717329990598558,0.7748757342973339
0.6717599122394609,0.7747853592408496
0.6717868338557994,0.7746949841843651
0.671813763912839,0.7746046091278807
0.67184070241455,0.7745142340713963
0.6718149745197961,0.7744238590149118
0.6717892425905598,0.7743334839584275
0.6718161856963614,0.774243108901943
0.6717904478080151,0.7741527338454587
0.6718173974429367,0.7740623587889742
0.6718443555346356,0.7739719837324899
0.671871322087093,0.7738816086760054
0.6718982971042926,0.773791233619521
0.6719252805902205,0.7737008585630366
0.6718995290423861,0.7736104835065521
0.6719265190767781,0.7735201084500678
0.6719007615608071,0.7734297333935833
0.6719277581468395,0.773339358337099
0.6719019946599655,0.7732489832806145
0.6719547632136967,0.7732489832806145
0.6719817767653758,0.7731586082241302
0.6719560094265514,0.7730682331676457
0.6719830295411691,0.7729778581111613
0.6719572562269192,0.7728874830546769
0.672010058148672,0.7728874830546769
0.6719842829076621,0.7727971079981925
0.6719585036152154,0.7727067329417081
0.6719327202703765,0.7726163578852236
0.6719069328721899,0.7725259828287393
0.6719339622641509,0.7724356077722548
0.6719610001572575,0.7723452327157705
0.6719880465555206,0.772254857659286
0.6719622493118365,0.7721644826028016
0.6719893022889956,0.7720741075463172
0.6720163637794037,0.7719837324898328
0.6719905586152636,0.7718933574333484
0.6720176266918476,0.771802982376864
0.6720447032897844,0.7717126073203796
0.6720717884130982,0.7716222322638951
0.6720988820658164,0.7715318572074108
0.6721259842519685,0.7714414821509263
0.6721530949755867,0.7713511070944419
0.6721272741592502,0.7712607320379575
0.6721543914927137,0.7711703569814731
0.6721815173717797,0.7710799819249887
0.6721556886227545,0.7709896068685043
0.6721298558033252,0.7708992318120199
0.6721040189125296,0.7708088567555355
0.6720781779494049,0.7707184816990511
0.6721053046425475,0.7706281066425666
0.6721324398896334,0.7705377315860822
0.6721065909807632,0.7704473565295978
0.6721337328497082,0.7703569814731134
0.6721608832807571,0.770266606416629
0.6721880422779618,0.7701762313601446
0.6721621834818964,0.7700858563036602
0.672189349112426,0.7699954812471758
0.672163484298564,0.7699051061906914
0.6721376154028249,0.769814731134207
0.6721117424242424,0.7697243560777225
0.6720858653618499,0.7696339810212381
0.6720599842146804,0.7695436059647537
0.6720871487211872,0.7694532309082693
0.6721143218064108,0.7693628558517849
0.6721415034744157,0.7692724807953005
0.6721686937292687,0.7691821057388161
0.6721428007266409,0.7690917306823317
0.6721699976301445,0.7690013556258473
0.6721972031287035,0.7689109805693628
0.6721713021491783,0.7688206055128785
0.6721453970762544,0.768730230456394
0.6721194879089616,0.7686398553999096
0.6720935746463289,0.7685494803434252
0.6721207809659315,0.7684591052869408
0.6721479958890031,0.7683687302304564
0.6721752194196252,0.768278355173972
0.6722024515618822,0.7681879801174876
0.6721765264156913,0.7680976050610031
0.6722037652270211,0.7680072300045188
0.6722310126582278,0.7679168549480343
0.6722050795157845,0.76782647989155
0.6722323336234866,0.7677361048350655
0.6722063944286166,0.7676457297785811
0.6722336552160836,0.7675553547220967
0.6722609246358455,0.7674649796656123
0.6722349774364659,0.7673746046091279
0.6722622535434318,0.7672842295526434
0.6723154893886601,0.7672842295526434
0.6722895382909638,0.7671938544961591
0.6722635830825281,0.7671034794396746
0.6722908745247148,0.7670131043831903
0.6723181746157503,0.7669227293267058
0.6722922113937089,0.7668323542702215
0.6723195181868611,0.766741979213737
0.6722935488983991,0.7666516041572526
0.6723468336371562,0.7666516041572526
0.6723208623969562,0.7665612291007682
0.6723481845568416,0.7664708540442837
0.6723222072464917,0.7663804789877994
0.672349536119261,0.7662901039313149
0.6723235527359239,0.7661997288748306
0.6722975652311841,0.7661093538183461
0.6723508883248731,0.7661093538183461
0.6724042198778456,0.7661093538183461
0.6723782325876567,0.7660189787618618
0.6724055855284037,0.7659286037053773
0.6723795921605967,0.765838228648893
0.6723535946675131,0.7657478535924085
0.6723275930481708,0.765657478535924
0.6723549488054608,0.7655671034794397
0.6723823132491863,0.7654767284229552
0.6724096863834855,0.7653863533664709
0.672437068212499,0.7652959783099864
0.6724110546378653,0.7652056032535021
0.6723850369311413,0.7651152281970176
0.6724124235443641,0.7650248531405333
0.6724398188607293,0.7649344780840488
0.6724672228843862,0.7648441030275643
0.6724946356194866,0.76475372797108
0.6725220570701852,0.7646633529145955
0.6724960254372019,0.7645729778581112
0.6725234536492288,0.7644826028016267
0.6725508905852418,0.7643922277451424
0.6725783362494036,0.7643018526886579
0.6725522945995387,0.7642114776321736
0.6725797470368308,0.7641211025756891
0.6726072082106771,0.7640307275192046
0.6725811584977721,0.7639403524627203
0.6725551046391343,0.7638499774062358
0.6725825706327099,0.7637596023497515
0.6726100453713285,0.763669227293267
0.6726375288591673,0.7635788522367827
0.6726114649681528,0.7634884771802982
0.6725853969265069,0.7633981021238139
0.6726389552476509,0.7633981021238139
0.6726128852432905,0.7633077270673294
0.6726403823178017,0.763217352010845
0.6726678881542261,0.7631269769543606
0.6726954027567524,0.7630366018978761
0.6727229261295721,0.7629462268413918
0.672750458276879,0.7628558517849073
0.6727779992028696,0.762765476728423
0.6727519132653061,0.7626751016719385
0.6727258231683011,0.7625847266154542
0.6726997289108595,0.7624943515589697
0.6727533689498445,0.7624943515589697
0.6727272727272727,0.7624039765024853
0.6727548253309937,0.7623136014460009
0.6727823867262285,0.7622232263895165
0.6728099569171853,0.7621328513330321
0.6728375359080754,0.7620424762765476
0.6728651237031126,0.7619521012200633
0.6728390134887062,0.7618617261635788
0.6728927203065134,0.7618617261635788
0.6728666081264468,0.7617713511070945
0.6728942115768463,0.76168097605061
0.6729218238441268,0.7615906009941256
0.6729494449325134,0.7615002259376412
0.6729770748462337,0.7614098508811568
0.6730047135895183,0.7613194758246724
0.6729785874081176,0.761229100768188
0.6730062330190187,0.7611387257117036
0.6729801006952769,0.7610483506552191
0.6730077531772041,0.7609579755987348
0.6730354145015589,0.7608676005422503
0.6730630846725834,0.7607772254857659
0.6730907636945221,0.7606868504292815
0.673064619321817,0.7605964753727971
0.673092305231163,0.7605061003163127
0.6730661547076234,0.7604157252598283
0.6730938475078007,0.7603253502033439
0.6730676908305329,0.7602349751468594
0.673095390524968,0.7601446000903751
0.6731230990875621,0.7600542250338906
0.6731508165225745,0.7599638499774062
0.6731246497478184,0.7598734749209218
0.6731785428342674,0.7598734749209218
0.6731523740891985,0.7597830998644374
0.673180107311604,0.759692724807953
0.6732078494193031,0.7596023497514686
0.6732356004165665,0.7595119746949842
0.6732094215670565,0.7594215996384998
0.6732371794871795,0.7593312245820154
0.6732109944707108,0.759240849525531
0.6732387593171435,0.7591504744690465
0.6732125681308112,0.7590600994125621
0.6732403399070066,0.7589697243560777
0.6732681205901219,0.7588793492995933
0.6732959101844427,0.7587889742431089
0.6733237086942573,0.7586985991866245
0.6733515161238569,0.7586082241301401
0.6733253108704372,0.7585178490736557
0.6733531252507422,0.7584274740171713
0.6733809485595057,0.7583370989606868
0.6734087808010274,0.7582467239042024
0.6733825654198106,0.758156348847718
0.6734104046242775,0.7580659737912336
0.6733841830590125,0.7579755987347492
0.6734120292299044,0.7578852236782648
0.6734398843466388,0.7577948486217804
0.6734677484135272,0.757704473565296
0.6735218508997429,0.757704473565296
0.673495621434884,0.7576140985088116
0.6735235034150261,0.7575237234523271
0.6735776277724205,0.7575237234523271
0.6735513943582737,0.7574333483958428
0.6735251567272142,0.7573429733393583
0.6734989148782252,0.757252598282874
0.6734726688102894,0.7571622232263895
0.6735005627914455,0.7570718481699051
0.6735284657446124,0.7569814731134207
0.6735826296743064,0.7569814731134207
0.6735563776741194,0.7568910980569363
0.6735301214509772,0.7568007230004519
0.673503861003861,0.7567103479439674
0.6734775963317513,0.7566199728874831
0.6734513274336283,0.7565295978309986
0.6734792404248471,0.7564392227745143
0.6734529653174539,0.7563488477180298
0.6734808853118712,0.7562584726615454
0.6735088142960638,0.756168097605061
0.673536752274374,0.7560777225485766
0.6735909822866345,0.7560777225485766
0.6735646992511475,0.7559873474920922
0.6735926552307321,0.7558969724356077
0.6735663659793815,0.7558065973791234
0.6735400724929521,0.7557162223226389
0.6735680335132522,0.7556258472661546
0.6735960035452421,0.7555354722096701
0.673623982593279,0.7554450971531858
0.6735976789168279,0.7553547220967013
0.673625665000806,0.7552643470402169
0.6735993550987505,0.7551739719837325
0.673653660109642,0.7551739719837325
0.673681664247702,0.755083596927248
0.6736553503749697,0.7549932218707637
0.6736290322580645,0.7549028468142792
0.6736570414582997,0.7548124717577949
0.6736850596966764,0.7547220967013104
0.6736587333602259,0.7546317216448261
0.6736324027755366,0.7545413465883416
0.6736604260813428,0.7544509715318573
0.6736884584342211,0.7543605964753728
0.6736621196222455,0.7542702214188883
0.6736901590377008,0.754179846362404
0.6737182075090836,0.7540894713059195
0.6737462650407817,0.7539990962494352
0.673774331637186,0.7539087211929507
0.6737479806138934,0.7538183461364664
0.6737216253332257,0.7537279710799819
0.6737496970186636,0.7536375960234976
0.6737233354880414,0.7535472209670131
0.6736969696969697,0.7534568459105286
0.6736705996444157,0.7533664708540443
0.6737250464721571,0.7533664708540443
0.6737531323256002,0.7532760957975598
0.6737267582861762,0.7531857207410755
0.673754851228978,0.753095345684591
0.6737829532589358,0.7530049706281067
0.6737565709664375,0.7529145955716222
0.6737846800938284,0.7528242205151379
0.6738127983172882,0.7527338454586534
0.6738409256412331,0.752643470402169
0.6738690620700817,0.7525530953456846
0.6738972076082558,0.7524627202892001
0.6739253622601797,0.7523723452327158
0.6739535260302809,0.7522819701762313
0.6739816989229898,0.752191595119747
0.6740098809427392,0.7521012200632625
0.6740380720939652,0.7520108450067782
0.6740662723811067,0.7519204699502937
0.6740944818086054,0.7518300948938093
0.6740680713128039,0.7517397198373249
0.6740962878910682,0.7516493447808404
0.6741245136186771,0.7515589697243561
0.6741527485000811,0.7514685946678716
0.6741809925397341,0.7513782196113873
0.6742092457420925,0.7512878445549028
0.6742375081116159,0.7511974694984185
0.674211081366107,0.751107094441934
0.6741846503326302,0.7510167193854496
0.674158215010142,0.7509263443289652
0.6741864805647976,0.7508359692724808
0.6741600389547151,0.7507455942159964
0.674133593052512,0.7506552191595119
0.6741071428571429,0.7505648441030276
0.6740806883675623,0.7504744690465431
0.6741089551027036,0.7503840939900588
0.6741372310190824,0.7502937189335743
0.6741655161211727,0.7502033438770899
0.6741390513320338,0.7501129688206055
0.6741673436230706,0.7500225937641211
0.6741408725322935,0.7499322187076367
0.6741143971400715,0.7498418436511523
0.6741426946205104,0.7497514685946679
0.6741710013003901,0.7496610935381834
0.6741993171841977,0.7495707184816991
0.6742276422764227,0.7494803434252146
0.674255976581558,0.7493899683687303
0.6742294868667155,0.7492995933122458
0.6742578283855226,0.7492092182557614
0.674286179126332,0.749118843199277
0.6743145390936458,0.7490284681427926
0.6742880390561432,0.7489380930863082
0.6742615347058345,0.7488477180298238
0.6742898998941971,0.7487573429733394
0.6743182743182743,0.7486669679168549
0.6742917616411592,0.7485765928603706
0.6743201432991369,0.7484862178038861
0.6742936242976957,0.7483958427474017
0.6743485342019544,0.7483958427474017
0.6744034530499227,0.7483958427474017
0.6743769343541294,0.7483054676909173
0.6744053437601825,0.7482150926344329
0.6744337624246375,0.7481247175779485
0.6744621903520208,0.7480343425214641
0.6744356613152962,0.7479439674649797
0.6744906275468623,0.7479439674649797
0.6744640965033825,0.7478535924084952
0.6744925409635608,0.7477632173520109
0.6744660035871515,0.7476728422955264
0.6744394618834081,0.747582467239042
0.6744679116040121,0.7474920921825576
0.6744413635622247,0.7474017171260732
0.6744698205546492,0.7473113420695888
0.6744982868330885,0.7472209670131044
0.6744717304397487,0.74713059195662
0.6745267624020888,0.74713059195662
0.674500203998368,0.7470402169001356
0.6745286868521995,0.7469498418436512
0.6745571790057955,0.7468594667871667
0.674530612244898,0.7467690917306823
0.674504041146216,0.7466787166741979
0.6745591116917048,0.7466787166741979
0.6745876204474931,0.7465883416177135
0.6745610453246222,0.7464979665612291
0.6745895613820142,0.7464075915047447
0.6745629799052443,0.7463172164482603
0.6745363940854505,0.7462268413917759
0.6745098039215687,0.7461364663352915
0.6744832094125337,0.746046091278807
0.6745117267304078,0.7459557162223226
0.6744851258581236,0.7458653411658382
0.6744585206375153,0.7457749661093538
0.6745136504822625,0.7457749661093538
0.6744870432436851,0.7456845910528694
0.6744604316546763,0.745594215996385
0.67448896156991,0.7455038409399006
0.6744623436094529,0.7454134658834162
0.6744908808374908,0.7453230908269318
0.6744642565025356,0.7452327157704474
0.6744928010471204,0.7451423407139629
0.6744661703346151,0.7450519656574786
0.6744395352642776,0.7449615906009941
0.674468085106383,0.7448712155445097
0.674496644295302,0.7447808404880253
0.6745252128356254,0.7446904654315409
0.674553790731947,0.7446000903750565
0.6745823779888634,0.7445097153185721
0.6745557284415691,0.7444193402620877
0.6745290745290745,0.7443289652056032
0.6745576671035387,0.7442385901491189
0.6745310067993774,0.7441482150926344
0.6745862690480092,0.7441482150926344
0.674559606718558,0.74405784003615
0.674588216012456,0.7439674649796656
0.67456154728733,0.7438770899231812
0.6745901639344263,0.7437867148666968
0.6745634888105583,0.7436963398102124
0.6745921128146265,0.743605964753728
0.6745654312889472,0.7435155896972435
0.6745387453874538,0.7434252146407592
0.6745120551090701,0.7433348395842747
0.6744853604527188,0.7432444645277904
0.6744586614173228,0.7431540894713059
0.674487284659557,0.7430637144148216
0.6745159172957007,0.7429733393583371
0.6745445593303792,0.7428829643018527
0.6745732107682206,0.7427925892453683
0.6746018716138565,0.7427022141888838
0.6745751580330022,0.7426118391323995
0.6746038262583135,0.742521464075915
0.674577106257185,0.7424310890194307
0.6746057818659659,0.7423407139629462
0.6746344668966651,0.7422503389064619
0.6746898874558449,0.7422503389064619
0.674663161353927,0.7421599638499774
0.6746364308602416,0.742069588793493
0.674665132714274,0.7419792137370086
0.6746938440042739,0.7418888386805241
0.6747225647348952,0.7417984636240398
0.674751294910795,0.7417080885675553
0.674724551882914,0.741617713511071
0.6747800345366335,0.741617713511071
0.6747532894736842,0.7415273384545865
0.6747820365191644,0.7414369633981022
0.6747552850209756,0.7413465883416177
0.6747285291214216,0.7412562132851334
0.6747840394899218,0.7412562132851334
0.6747572815533981,0.7411658382286489
0.6747860434496379,0.7410754631721644
0.6747592790716813,0.7409850881156801
0.6747880483990452,0.7408947130591956
0.6748168272001317,0.7408043380027113
0.674790054338877,0.7407139629462268
0.6748188405797102,0.7406235878897425
0.6747920612698675,0.740533212833258
0.6748208549542871,0.7404428377767737
0.6748496581266991,0.7403524627202892
0.6748228703246004,0.7402620876638047
0.674796078108264,0.7401717126073204
0.674851680949242,0.7401717126073204
0.6748248866913885,0.7400813375508359
0.6748537047721092,0.7399909624943516
0.6748825323551232,0.7399005874378671
0.6749113694451315,0.7398102123813828
0.6748845646437994,0.7397198373248983
0.6749134092033646,0.739629462268414
0.6749422632794457,0.7395390872119295
0.6749154499711293,0.739448712155445
0.6748886322389045,0.7393583370989607
0.6748618100816764,0.7392679620424762
0.6748906675468272,0.7391775869859919
0.674863838917313,0.7390872119295074
0.6748370058595362,0.7389968368730231
0.674892703862661,0.7389968368730231
0.6749215783391118,0.7389064618165386
0.674950462351387,0.7388160867600543
0.6749793559042114,0.7387257117035698
0.6749525146585185,0.7386353366470854
0.6749814157099199,0.738544961590601
0.6750103263114415,0.7384545865341166
0.6749834765366821,0.7383642114776322
0.6749566223250434,0.7382738364211477
0.6750123946455131,0.7382738364211477
0.6750413223140496,0.7381834613646634
0.6750702595470326,0.7380930863081789
0.6750433991898818,0.7380027112516946
0.6750723439437785,0.7379123361952101
0.6751012982717275,0.7378219611387257
0.6750744293747932,0.7377315860822413
0.6751033912324235,0.7376412110257569
0.675132362673726,0.7375508359692725
0.6751613437034586,0.737460460912788
0.6751344642118329,0.7373700858563037
0.6751075802714332,0.7372797107998192
0.6751365667935773,0.7371893357433349
0.6751096763512954,0.7370989606868504
0.6751386704197367,0.737008585630366
0.6751676740912478,0.7369182105738816
0.6751966873706005,0.7368278355173972
0.6752257102625694,0.7367374604609128
0.6751988071570576,0.7366470854044284
0.6751718995940684,0.736556710347944
0.6752009279973485,0.7364663352914596
0.6752299660230381,0.7363759602349752
0.6752030498922592,0.7362855851784907
0.6752320954907162,0.7361952101220063
0.6752880709607892,0.7361952101220063
0.6752611507212735,0.7361048350655219
0.6752342260177432,0.7360144600090375
0.6752072968490879,0.7359240849525531
0.6752363576049096,0.7358337098960687
0.6752654280026543,0.7357433348395843
0.6752384902530071,0.7356529597830999
0.6752115480338476,0.7355625847266155
0.6752675682402721,0.7355625847266155
0.6752966558791802,0.735472209670131
0.6753257531745374,0.7353818346136466
0.675354860131153,0.7352914595571622
0.6753839767538398,0.7352010845006778
0.6753570242444371,0.7351107094441934
0.6754131030474134,0.7351107094441934
0.6753861484803189,0.735020334387709
0.6754152823920265,0.7349299593312246
0.6754444259843828,0.7348395842747402
0.6754174628229626,0.7347492092182558
0.6754466140423764,0.7346588341617714
0.6754196443410337,0.7345684591052869
0.675392670157068,0.7344780840488025
0.6754488031914894,0.7344780840488025
0.6754218269470534,0.7343877089923181
0.6753948462177889,0.7342973339358337
0.6753678610025771,0.7342069588793493
0.6753970233640975,0.7341165838228649
0.6754531847663396,0.7341165838228649
0.6754261954261954,0.7340262087663805
0.6753992015968064,0.7339358337098961
0.6754283813009483,0.7338454586534117
0.6754575707154742,0.7337550835969272
0.6754305682669107,0.7336647085404429
0.6754597653324457,0.7335743334839584
0.6754327563249002,0.733483958427474
0.6754057428214731,0.7333935833709896
0.6753787248210421,0.7333032083145052
0.6754349454757346,0.7333032083145052
0.6754641578552993,0.7332128332580208
0.6754371357202331,0.7331224582015364
0.675410109084853,0.733032083145052
0.6753830779480346,0.7329417080885675
0.6754122938530734,0.7328513330320832
0.6753852561432736,0.7327609579755987
0.675414479713405,0.7326705829191144
0.6754437130239147,0.7325802078626299
0.6754729560796733,0.7324898328061455
0.6754459076512752,0.7323994577496611
0.6755022088855547,0.7323994577496611
0.6754751583861287,0.7323090826931767
0.6755044188761047,0.7322187076366923
0.675533689126084,0.7321283325802078
0.6755629691409508,0.7320379575237235
0.6755922589255923,0.731947582467239
0.675621558484899,0.7318572074107547
0.675650867823765,0.7317668323542702
0.6756801869470873,0.7316764572977859
0.6757095158597662,0.7315860822413014
0.6756824442774856,0.731495707184817
0.6757117809134174,0.7314053321283326
0.6757682030728123,0.7314053321283326
0.675741127348643,0.7313149570718481
0.6757704835880731,0.7312245820153638
0.6757998496366219,0.7311342069588793
0.6757727652464495,0.731043831902395
0.6757456763305205,0.7309534568459105
0.6757750480488008,0.7308630817894262
0.6758044295862934,0.7307727067329417
0.675777331995988,0.7306823316764574
0.6758067212840662,0.7305919566199729
0.6757796170888721,0.7305015815634884
0.6758361204013378,0.7305015815634884
0.6758090141316163,0.7304112065070041
0.6757819033283158,0.7303208314505196
0.6758113081298093,0.7302304563940353
0.6757841907151819,0.7301400813375508
0.6757570687635938,0.7300497062810665
0.6757864792503346,0.729959331224582
0.6757593506819513,0.7298689561680977
0.6757322175732218,0.7297785811116132
0.6757616337462337,0.7296882060551287
0.675734494015234,0.7295978309986444
0.6757639179573043,0.7295074559421599
0.6757933517541657,0.7294170808856756
0.6758227954107696,0.7293267058291911
0.6757956448911223,0.7292363307727068
0.6758250963310437,0.7291459557162223
0.6757979391806986,0.729055580659738
0.6758545576407506,0.729055580659738
0.6758840288252053,0.7289652056032535
0.6758568675102656,0.728874830546769
0.6758863464923309,0.7287844554902847
0.675859178541492,0.7286940804338002
0.675888665325285,0.7286037053773159
0.6759181619989938,0.7285133303208314
0.6758909853249476,0.7284229552643471
0.6758638040925864,0.7283325802078626
0.6758933064921993,0.7282422051513783
0.6759228187919463,0.7281518300948938
0.6758956288279218,0.7280614550384094
0.6759251489468826,0.727971079981925
0.6758979523329977,0.7278807049254405
0.6759274802753064,0.7277903298689562
0.675984218920507,0.7277903298689562
0.6759570181329752,0.7276999548124717
0.6759298127781043,0.7276095797559874
0.6759593584683853,0.7275192046995029
0.675932146456164,0.7274288296430186
0.6759049298731838,0.7273384545865341
0.6758777087182933,0.7272480795300497
0.6758504829903402,0.7271577044735653
0.6758800302444762,0.7270673294170809
0.675852797849101,0.7269769543605965
0.6759095874296278,0.7269769543605965
0.6759391545508026,0.726886579304112
0.6759119179694066,0.7267962042476277
0.675941492938803,0.7267058291911432
0.6759710778543804,0.7266154541346589
0.6759438325065165,0.7265250790781744
0.675916582576522,0.72643470402169
0.6758893280632411,0.7263443289652056
0.6758620689655173,0.7262539539087212
0.6758348052821936,0.7261635788522368
0.6758643896693868,0.7260732037957524
0.6758939840134623,0.725982828739268
0.6758667115449344,0.7258924536827835
0.6758394344862408,0.7258020786262992
0.6758121528362229,0.7257117035698147
0.6758417508417508,0.7256213285133303
0.6758144624968432,0.7255309534568459
0.6757871695571646,0.7254405784003615
0.6758167733243516,0.7253502033438771
0.6757894736842105,0.7252598282873927
0.6757621694458481,0.7251694532309083
0.6758190853196328,0.7251694532309083
0.6758487069328616,0.7250790781744239
0.675878338528941,0.7249887031179395
0.6758510279743849,0.724898328061455
0.6758237128170557,0.7248079530049706
0.6757963930557896,0.7247175779484862
0.6757690686894227,0.7246272028920018
0.675798701846076,0.7245368278355174
0.6758556735794976,0.7245368278355174
0.675828344996206,0.724446452779033
0.6758579981448689,0.7243560777225486
0.6758306628436499,0.7242657026660642
0.6758603238866396,0.7241753276095798
0.6758899949384174,0.7240849525530954
0.6759196760040499,0.7239945774966109
0.6758923297612016,0.7239042024401265
0.6758649789029536,0.7238138273836421
0.6758376234281374,0.7237234523271577
0.675894665766374,0.7237234523271577
0.6758673081792859,0.7236330772706733
0.6758970029548332,0.7235427022141889
0.6758696386355961,0.7234523271577045
0.6758993413274784,0.7233619521012201
0.675929054054054,0.7232715770447357
0.6759587768204088,0.7231812019882512
0.6759885096316323,0.7230908269317669
0.6760182524928173,0.7230004518752824
0.6760480054090602,0.722910076818798
0.6760777683854607,0.7228197017623136
0.6760503846478992,0.7227293267058292
0.6760229962800135,0.7226389516493448
0.676052765093861,0.7225485765928604
0.6760253699788583,0.722458201536376
0.6759979702300406,0.7223678264798915
0.6760551467478644,0.7223678264798915
0.6760277448824226,0.7222774514234072
0.6760003383808476,0.7221870763669227
0.6759729272419628,0.7220967013104383
0.6760301209916236,0.7220967013104383
0.6760027077339651,0.7220063262539539
0.6760324983073798,0.7219159511974695
0.676005078290309,0.7218255761409851
0.6760348768306104,0.7217352010845007
0.6760074500507958,0.7216448260280163
0.6760646854627043,0.7216448260280163
0.6760372565622353,0.7215544509715318
0.6760098230163435,0.7214640759150475
0.6760670731707317,0.7214640759150475
0.6760396375031761,0.721373700858563
0.6760694620923338,0.7212833258020787
0.676099296788952,0.7211929507455942
0.6760718522284359,0.7211025756891098
0.6761016949152543,0.7210122006326254
0.6760742435799644,0.720921825576141
0.6760467875911171,0.7208314505196566
0.6761040942612528,0.7208314505196566
0.6761339550657058,0.7207410754631721
0.6761064948278785,0.7206507004066878
0.676079029933011,0.7205603253502033
0.6761363636363636,0.7205603253502033
0.6761937070647104,0.7205603253502033
0.6761662425784564,0.720469950293719
0.6761961316593146,0.7203795752372345
0.6761686603885637,0.7202892001807502
0.6761411844561344,0.7201988251242657
0.6761710794297352,0.7201084500677813
0.6761435967071204,0.7200180750112969
0.6761734997029115,0.7199276999548124
0.6761460101867572,0.7198373248983281
0.6761185160030563,0.7197469498418436
0.6761484248959837,0.7196565747853593
0.6761209239130435,0.7195661997288748
0.6761508408357397,0.7194758246723905
0.6761233330501996,0.719385449615906
0.6761532580069662,0.7192950745594217
0.676125743415463,0.7192046995029372
0.676155676410605,0.7191143244464527
0.6761281550097731,0.7190239493899684
0.6761006289308176,0.7189335743334839
0.67613056783407,0.7188431992769996
0.6761030349400663,0.7187528242205151
0.6761329818892952,0.7186624491640308
0.6761054421768707,0.7185720741075463
0.6760778977804235,0.718481699051062
0.6760503486987582,0.7183913239945775
0.6761078506421706,0.7183913239945775
0.676080299421572,0.718300948938093
0.6760527435133985,0.7182105738816087
0.6761102603369066,0.7182105738816087
0.6760827022887773,0.7181201988251242
0.6761126712620202,0.7180298237686399
0.6760851063829787,0.7179394487121554
0.6760575368116435,0.7178490736556711
0.6760299625468165,0.7177586985991866
0.6760599352971224,0.7176683235427023
0.6760323541932738,0.7175779484862178
0.6760047683923706,0.7174875734297333
0.6760347470618293,0.717397198373249
0.6760071544161486,0.7173068233167645
0.6760371411534202,0.7172164482602802
0.6760671381102497,0.7171260732037957
0.6760971452918619,0.7170356981473114
0.6760695415033237,0.7169453230908269
0.6760419330094605,0.7168549480343426
0.67607194612565,0.7167645729778581
0.6761019694773638,0.7166741979213737
0.6760743519781719,0.7165838228648893
0.6760467297689093,0.7164934478084048
0.6760767590618337,0.7164030727519205
0.6760491299897646,0.716312697695436
0.6760214962040433,0.7162223226389517
0.6759938577034635,0.7161319475824672
0.6760238907849829,0.7160415725259829
0.6759962454134312,0.7159511974694984
0.6760539341184503,0.7159511974694984
0.6760839877091157,0.715860822413014
0.6761140515622333,0.7157704473565296
0.6760863997267993,0.7156800723000452
0.6761164716932798,0.7155896972435608
0.6761465539328722,0.7154993221870763
0.6761766464508414,0.715408947130592
0.6762067492524562,0.7153185720741075
0.676236862342989,0.7152281970176232
0.6762091950094001,0.7151378219611387
0.6762669857277156,0.7151378219611387
0.6762971194119155,0.7150474469046543
0.6762694477688493,0.7149570718481699
0.676327263400872,0.7149570718481699
0.6762995896032832,0.7148666967916855
0.6763297417479049,0.7147763217352011
0.6763599042080055,0.7146859466787167
0.6763322213668634,0.7145955716222323
0.6763045337895637,0.7145051965657478
0.676276841474891,0.7144148215092635
0.6763070077864294,0.714324446452779
0.6763371844244759,0.7142340713962946
0.6763673713943337,0.7141436963398102
0.6763396678650916,0.7140533212833258
0.6763698630136986,0.7139629462268414
0.6763421525815566,0.713872571170357
0.6763723559133339,0.7137821961138726
0.6763446385748544,0.7136918210573882
0.6763748500942265,0.7136014460009038
0.6763471258459693,0.7135110709444193
0.6763773455573644,0.7134206958879349
0.6763496143958869,0.7133303208314505
0.6763218784814465,0.7132399457749661
0.6762941378128214,0.7131495707184817
0.6762663923887889,0.7130591956619973
0.6762966138019717,0.7129688206055129
0.6762688614540466,0.7128784455490285
0.6762411043470805,0.7127880704925441
0.6762713317897264,0.7126976954360597
0.6762435677530018,0.7126073203795752
0.6762157989535981,0.7125169453230908
0.676246032426868,0.7124265702666064
0.6762182566918326,0.712336195210122
0.6762484983696585,0.7122458201536376
0.676220715695529,0.7121554450971532
0.6761929282526605,0.7120650700406688
0.6762509655823534,0.7120650700406688
0.6762812258562967,0.7119746949841844
0.6762534340659341,0.7118843199277
0.6762837025588185,0.7117939448712155
0.6763139814496737,0.7117035698147312
0.6763442707438584,0.7116131947582467
0.6763745704467354,0.7115228197017623
0.6763467651860126,0.7114324446452779
0.6763189551469324,0.7113420695887935
0.6762911403282633,0.7112516945323091
0.6762633207287728,0.7111613194758247
0.6762936221419976,0.7110709444193403
0.6762657955815353,0.7109805693628558
0.6762379642365888,0.7108901943063715
0.6762101281059238,0.710799819249887
0.6761822871883061,0.7107094441934027
0.6761544414825006,0.7106190691369182
0.676184742409908,0.7105286940804338
0.6762150537634408,0.7104383190239494
0.6762453755484814,0.710347943967465
0.6762757077704157,0.7102575689109806
0.6763060504346329,0.7101671938544961
0.6762781890170425,0.7100768187980118
0.6763085399449036,0.7099864437415273
0.6762806715454154,0.709896068685043
0.6762527983468228,0.7098056936285585
0.676224920347886,0.7097153185720741
0.6762552751700973,0.7096249435155897
0.6762273901808785,0.7095345684591053
0.6761995003876303,0.7094441934026209
0.676171605789111,0.7093538183461364
0.6761437063840786,0.7092634432896521
0.6761158021712907,0.7091730682331676
0.6761461564977594,0.7090826931766833
0.6761765212894328,0.7089923181201988
0.6761486078786312,0.7089019430637145
0.6761206896551725,0.70881156800723
0.6761510605276772,0.7087211929507456
0.6761231352936105,0.7086308178942612
0.6760952052431873,0.7085404428377767
0.6761255821976885,0.7084500677812924
0.6760976451306823,0.7083596927248079
0.6760697032436163,0.7082693176683236
0.6761000862812769,0.7081789426118391
0.6761584260937096,0.7081789426118391
0.6761304798066966,0.7080885675553548
0.6761025286959523,0.7079981924988703
0.6761329305135951,0.707907817442386
0.6761049723756906,0.7078174423859015
0.6760770094103428,0.707727067329417
0.6760490416163012,0.7076366922729327
0.6760794473229707,0.7075463172164482
0.6761098635342891,0.7074559421599639
0.6761402902557014,0.7073655671034794
0.6761123110151188,0.7072751920469951
0.6760843269396924,0.7071848169905106
0.676056338028169,0.7070944419340263
0.6760867686457523,0.7070040668775418
0.6761172097847696,0.7069136918210573
0.6761476614506786,0.706823316764573
0.6761196610755663,0.7067329417080885
0.6761501210653753,0.7066425666516042
0.6761221136383292,0.7065521915951197
0.6761525819565781,0.7064618165386354
0.6761830608184098,0.7063714414821509
0.6761550441252812,0.7062810664256666
0.6761270225837155,0.7061906913691821
0.6760989961924542,0.7061003163126977
0.676070964950238,0.7060099412562133
0.6761014455119883,0.7059195661997288
0.6761319366288633,0.7058291911432445
0.6761904761904762,0.7058291911432445
0.6761624383063469,0.70573881608676
0.6761929505499263,0.7056484410302757
0.6762234733650931,0.7055580659737912
0.6762820512820513,0.7055580659737912
0.6762540067573422,0.7054676909173069
0.6762259573730722,0.7053773158608224
0.6762564991334489,0.705286940804338
0.6762284426726752,0.7051965657478536
0.6762589928057554,0.7051061906913692
0.6762309292649098,0.7050158156348848
0.6762614877752731,0.7049254405784003
0.676292056885189,0.704835065521916
0.6763507067903911,0.704835065521916
0.6763226366001734,0.7047446904654315
0.6762945615404632,0.7046543154089472
0.676325149648651,0.7045639403524627
0.676355748373102,0.7044735652959783
0.676386357719344,0.7043831902394939
0.6764169776929086,0.7042928151830095
0.6763888888888889,0.7042024401265251
0.6763607952079174,0.7041120650700406
0.6763914213770947,0.7040216900135563
0.6764220581849761,0.7039313149570718
0.6764527056371059,0.7038409399005875
0.6764246004169562,0.703750564844103
0.6764552562988706,0.7036601897876186
0.6764859228362878,0.7035698147311342
0.6764578082906058,0.7034794396746498
0.6764884832681443,0.7033890646181654
0.6764603616133519,0.703298689561681
0.6764910450356459,0.7032083145051966
0.6764629162681506,0.7031179394487121
0.6764347826086956,0.7030275643922278
0.6764654722560445,0.7029371893357433
0.6764373314777768,0.7028468142792589
0.6764091858037579,0.7027564392227745
0.6764398816773969,0.7026660641662901
0.6764705882352942,0.7025756891098057
0.676442433208598,0.7024853140533213
0.676414273281114,0.7023949389968369
0.6763861084515623,0.7023045639403525
0.6764449860724234,0.7023045639403525
0.676416819012797,0.7022141888838681
0.6764475402699173,0.7021238138273836
0.6764193660745385,0.7020334387708992
0.6764500958021251,0.7019430637144148
0.6764219144673809,0.7018526886579304
0.6763937282229965,0.701762313601446
0.6763655370676889,0.7016719385449616
0.6763373410001743,0.7015815634884772
0.6763091400191688,0.7014911884319928
0.676280934123388,0.7014008133755084
0.6763116611469409,0.701310438319024
0.6762834480955286,0.7012200632625395
0.6763141835934094,0.7011296882060551
0.6763449298107943,0.7010393131495707
0.6763167073596094,0.7009489380930863
0.6763474620617478,0.7008585630366019
0.6763782274947662,0.7007681879801175
0.6763499956381401,0.7006778129236331
0.6763807695663555,0.7005874378671487
0.6764397905759162,0.7005874378671487
0.6764115542368444,0.7004970628106643
0.6764423496552326,0.7004066877541798
0.6764731558271497,0.7003163126976955
0.6764449100750829,0.700225937641211
0.6764757247642333,0.7001355625847266
0.6765065502183406,0.7000451875282422
0.6765373864430468,0.6999548124717578
0.6765682334439979,0.6998644374152734
0.6765990912268438,0.699774062358789
0.6765708293279734,0.6996836873023046
0.6766016956559742,0.6995933122458201
0.6766325727773407,0.6995029371893358
0.6766043014513027,0.6994125621328513
0.6766351871283666,0.699322187076367
0.6766069086139047,0.6992318120198825
0.6766378028513951,0.6991414369633981
0.6766687078995713,0.6990510619069137
0.6766996237641089,0.6989606868504293
0.676730550450687,0.6988703117939449
0.6767022580080518,0.6987799367374604
0.6766739606126915,0.6986895616809761
0.6766456582633054,0.6985991866244916
0.6766173509585923,0.6985088115680073
0.6766482794851589,0.6984184365115228
0.6766792188457833,0.6983280614550385
0.6767101690461592,0.698237686398554
0.6767411300919842,0.6981473113420696
0.6767128088312598,0.6980569362855852
0.6767437784787943,0.6979665612291007
0.6767154500043817,0.6978761861726164
0.6766871165644172,0.6977858111161319
0.6766587781575949,0.6976954360596476
0.676689751906724,0.6976050610031631
0.6767207365190706,0.6975146859466788
0.6766923886355665,0.6974243108901943
0.6766640357800578,0.69733393583371
0.6767233818628311,0.69733393583371
0.6767543859649123,0.6972435607772255
0.6767260285989999,0.697153185720741
0.6767570413266649,0.6970628106642567
0.6768164268164268,0.6970628106642567
0.6767880649407635,0.6969724356077722
0.6767596980867123,0.6968820605512879
0.6767907303370787,0.6967916854948034
0.6767623562461592,0.6967013104383191
0.6767339771729587,0.6966109353818346
0.6767055931161647,0.6965205603253503
0.6766772040744643,0.6964301852688658
0.6767082381872475,0.6963398102123813
0.6767392832044975,0.696249435155897
0.6767703391319627,0.6961590600994125
0.6767419383182497,0.6960686850429282
0.6767730029000791,0.6959783099864437
0.6767445948321322,0.6958879349299594
0.6768040784037971,0.6958879349299594
0.6767756680731364,0.6957975598734749
0.6767472527472528,0.6957071848169906
0.6767188324248286,0.6956168097605061
0.6767499120647203,0.6955264347040216
0.6767810026385225,0.6954360596475373
0.6767525727856452,0.6953456845910528
0.6767836720330782,0.6952553095345685
0.6767552349111385,0.695164934478084
0.6767267927848658,0.6950745594215997
0.6766983456529391,0.6949841843651152
0.6766698935140368,0.6948938093086309
0.6767009946307543,0.6948034342521464
0.6767321066995334,0.694713059195662
0.6767632297261601,0.6946226841391776
0.6767943637164244,0.6945323090826931
0.6768255086761209,0.6944419340262088
0.6767970401691332,0.6943515589697243
0.6768281938325991,0.69426118391324
0.6767997180368315,0.6941708088567555
0.6768308804089187,0.6940804338002712
0.6768023973206416,0.6939900587437867
0.6767739092111063,0.6938996836873023
0.6768050780216874,0.6938093086308179
0.6767765826132958,0.6937189335743335
0.676748082179702,0.6936285585178491
0.6767195767195767,0.6935381834613646
0.6767507496913036,0.6934478084048803
0.6767222369233483,0.6933574333483958
0.6766937191249118,0.6932670582919115
0.6766651962946626,0.693176683235427
0.6766963734227477,0.6930863081789426
0.6767275615567911,0.6929959331224582
0.6766990291262136,0.6929055580659738
0.6767302259887006,0.6928151830094894
0.6767016862364262,0.692724807953005
0.6766731414444641,0.6926344328965206
0.676644591611479,0.6925440578400361
0.6766757926344609,0.6924536827835518
0.6767070046815652,0.6923633077270673
0.676678445229682,0.6922729326705829
0.6766498807315133,0.6921825576140985
0.6767096660187312,0.6921825576140985
0.676740897843761,0.6920921825576141
0.676772140710624,0.6920018075011297
0.6767435693450014,0.6919114324446453
0.6767149929278642,0.6918210573881609
0.6766864114578729,0.6917306823316764
0.676657824933687,0.6916403072751921
0.6766292333539659,0.6915499322187076
0.6766890696851786,0.6915499322187076
0.6767203254908898,0.6914595571622232
0.6766917293233082,0.6913691821057388
0.676722993895426,0.6912788070492544
0.6767542695336696,0.69118843199277
0.6767256637168142,0.6910980569362856
0.6767569481324128,0.6910076818798012
0.6767882436260623,0.6909173068233168
0.6767596281540504,0.6908269317668324
0.6767909324360223,0.690736556710348
0.6768222478079886,0.6906461816538635
0.6768535742758437,0.6905558065973791
0.6768849118454859,0.6904654315408947
0.67685628211944,0.6903750564844103
0.6768876285005317,0.6902846814279259
0.6769189859953909,0.6901943063714415
0.676950354609929,0.6901039313149571
0.676981734350062,0.6900135562584727
0.6769530903609116,0.6899231812019883
0.6769244412912381,0.6898328061455038
0.6769558275678552,0.6897424310890194
0.6769271711168278,0.689652056032535
0.6769585662319226,0.6895616809760506
0.6769299023957409,0.6894713059195662
0.6769613063542776,0.6893809308630818
0.6769927214628084,0.6892905558065974
0.6769640479360852,0.689200180750113
0.6769353693181818,0.6891098056936286
0.6769066856077421,0.6890194306371441
0.6768779968034097,0.6889290555806598
0.6769094138543517,0.6888386805241753
0.6769408420678629,0.688748305467691
0.6769722814498934,0.6886579304112065
0.6769435806308307,0.6885675553547221
0.6769148747112138,0.6884771802982377
0.676946320654106,0.6883868052417533
0.6769176073237935,0.6882964301852689
0.6768888888888889,0.6882060551287844
0.6769203413940256,0.6881156800723001
0.6768916155419223,0.6880253050158156
0.676923076923077,0.6879349299593313
0.6769545494974651,0.6878445549028468
0.6769258139121153,0.6877541798463624
0.6768970732141268,0.687663804789878
0.6768683274021352,0.6875734297333936
0.6768998042356291,0.6874830546769092
0.676931292274831,0.6873926796204247
0.6769627915257255,0.6873023045639404
0.676994301994302,0.6872119295074559
0.6769655418039355,0.6871215544509716
0.676997061180871,0.6870311793944871
0.6770285917876547,0.6869408043380028
0.6769998218421521,0.6868504292815183
0.6770313613684961,0.686760054225034
0.6770025839793282,0.6866696791685495
0.6770341324302647,0.686579304112065
0.6770053475935829,0.6864889290555807
0.6769765576254568,0.6863985539990962
0.6770081126861015,0.6863081789426119
0.6769793152639088,0.6862178038861274
0.6770108792580702,0.6861274288296431
0.6770424545130218,0.6860370537731586
0.677013647310677,0.6859466787166743
0.6770452315103934,0.6858563036601898
0.6770164168451106,0.6857659286037053
0.6769875970375658,0.685675553547221
0.6770480099946458,0.685675553547221
0.6770191878625613,0.6855851784907365
0.6769903605855052,0.6854948034342522
0.6769615281620994,0.6854044283777677
0.676932690590966,0.6853140533212834
0.6769038478707259,0.6852236782647989
0.6769354406643451,0.6851333032083146
0.6769670447441279,0.6850429281518301
0.6769986601161233,0.6849525530953456
0.6770302867863843,0.6848621780388613
0.6770619247609686,0.6847718029823768
0.6770330652368186,0.6846814279258925
0.6770647121916339,0.684591052869408
0.6770358451774381,0.6845006778129237
0.6770675011175682,0.6844103027564392
0.677038626609442,0.6843199276999549
0.6770097469373155,0.6842295526434704
0.6769808620998032,0.684139177586986
0.6770125223613596,0.6840488025305016
0.6770441939524066,0.6839584274740171
0.6771047687214816,0.6839584274740171
0.6770758768790265,0.6838680524175328
0.6771075711473062,0.6837776773610483
0.6770786717980847,0.683687302304564
0.6770497672753312,0.6835969272480795
0.6770208575776564,0.6835065521915952
0.6770525561822903,0.6834161771351107
0.6770842661413092,0.6833258020786263
0.677055346587856,0.6832354270221419
0.6770870655678968,0.6831450519656574
0.6771187959147106,0.6830546769091731
0.6771505376344086,0.6829643018526886
0.677121605878663,0.6828739267962043
0.6771533566370889,0.6827835517397198
0.6771244173538903,0.6826931766832355
0.6771851187808158,0.6826931766832355
0.6772168923159688,0.682602801626751
0.6771879483500718,0.6825124265702666
0.6771589991928975,0.6824220515137822
0.6771907794421025,0.6823316764572978
0.677161822748475,0.6822413014008134
0.677132860859424,0.682150926344329
0.6771646478241364,0.6820605512878446
0.6771964461994077,0.6819701762313601
0.6771674744211094,0.6818798011748758
0.6771992818671454,0.6817894261183913
0.6772311007362184,0.6816990510619069
0.6772629310344828,0.6816086760054225
0.67723394701392,0.6815183009489381
0.6772049577869589,0.6814279258924537
0.6771759633521962,0.6813375508359693
0.6771469637082286,0.6812471757794849
0.677117958853652,0.6811568007230004
0.6770889487870619,0.6810664256665161
0.6771207764198418,0.6809760506100316
0.6771526154952364,0.6808856755535472
0.6771844660194175,0.6807953004970628
0.6771554436752675,0.6807049254405784
0.67712641611221,0.680614550384094
0.6770973833288373,0.6805241753276096
0.677129238240849,0.6804338002711252
0.6771611046145543,0.6803434252146408
0.6771320618927672,0.6802530501581564
0.6771030139451192,0.6801626751016719
0.6770739607701998,0.6800723000451875
0.6771058315334774,0.6799819249887031
0.6770767707677077,0.6798915499322187
0.677047704770477,0.6798011748757343
0.6770795822830392,0.6797107998192499
0.6770505086882146,0.6796204247627655
0.6770214298577345,0.6795300497062811
0.6769923457901846,0.6794396746497967
0.677024227686211,0.6793492995933123
0.6770561210701739,0.6792589245368278
0.6770880259482837,0.6791685494803434
0.6770589295368535,0.679078174423859
0.677119942326755,0.679078174423859
0.6771518702118071,0.6789877993673746
0.6771838096096637,0.6788974243108902
0.6772157605265531,0.6788070492544058
0.6772477229687077,0.6787166741979214
0.6772796969423649,0.678626299141437
0.6773116824537664,0.6785359240849526
0.6773436795091582,0.6784455490284681
0.6773756881147911,0.6783551739719837
0.6774368231046931,0.6783551739719837
0.6774077082769203,0.6782647989154993
0.6773785881928146,0.6781744238590149
0.6773494628509524,0.6780840488025305
0.6773814898419864,0.6779936737460461
0.6774135284024203,0.6779032986895617
0.677445578538524,0.6778129236330773
0.677416440831075,0.6777225485765929
0.6773872978588852,0.6776321735201084
0.6774193548387096,0.6775417984636241
0.6774514234071396,0.6774514234071396
0.67748350357046,0.6773610483506552
0.6774543482191285,0.6772706732941708
0.6774864376130199,0.6771802982376864
0.6775185386145777,0.677089923181202
0.6774893732477164,0.6769995481247176
0.6774602026049205,0.6769091730682332
0.6774310266847581,0.6768187980117487
0.6774631321813083,0.6767284229552644
0.677433948606587,0.6766380478987799
0.6774660633484163,0.6765476728422956
0.6774981897175959,0.6764572977858111
0.6774689961075405,0.6763669227293267
0.6775011317338162,0.6762765476728423
0.6774719304599782,0.6761861726163579
0.6774427238974916,0.6760957975598735
0.6774135120449194,0.676005422503389
0.6773842949008242,0.6759150474469047
0.6773550724637681,0.6758246723904202
0.6773258447323127,0.6757342973339359
0.6773579777113345,0.6756439222774514
0.6774193548387096,0.6756439222774514
0.6773901223380154,0.675553547220967
0.6774222786186894,0.6754631721644826
0.6773930384336476,0.6753727971079982
0.6774252039891205,0.6752824220515138
0.677395956115695,0.6751920469950293
0.6774281309513014,0.675101671938545
0.6774603174603174,0.6750112968820605
0.6774925156490973,0.6749209218255762
0.6775247255239997,0.6748305467690917
0.6775569470913876,0.6747401717126074
0.6775276819749501,0.6746497966561229
0.6775891803576292,0.6746497966561229
0.6775599128540305,0.6745594215996386
0.6775306400363141,0.6744690465431541
0.6775013619030325,0.6743786714866696
0.677533599709408,0.6742882964301853
0.6775658492279746,0.6741979213737008
0.6775981104651163,0.6741075463172165
0.6776303834272215,0.674017171260732
0.6776010904134484,0.6739267962042477
0.6776333727165319,0.6738364211477632
0.6776040719869114,0.6737460460912789
0.6775747659303699,0.6736556710347944
0.6776070551868352,0.6735652959783099
0.6775777414075287,0.6734749209218256
0.6775484222969901,0.6733845458653411
0.677580718508413,0.6732941708088568
0.6775513916681827,0.6732037957523723
0.6775836972343523,0.673113420695888
0.6775543626603585,0.6730230456394035
0.6775250227479527,0.6729326705829192
0.6774956774956775,0.6728422955264347
0.6775279876217348,0.6727519204699502
0.6775603095129722,0.6726615454134659
0.6775309541150765,0.6725711703569814
0.6775015933715742,0.6724807953004971
0.6775339222293052,0.6723904202440126
0.6775662628654704,0.6723000451875283
0.6775368919657497,0.6722096701310438
0.6775986152865081,0.6722096701310438
0.6775692419825073,0.6721192950745595
0.6776016037907782,0.672028920018075
0.6776339773970106,0.6719385449615906
0.6776045939294504,0.6718481699051062
0.6776369769349986,0.6717577948486217
0.6776693717516185,0.6716674197921374
0.6776399781141711,0.6715770447356529
0.677610579115367,0.6714866696791686
0.6775811747537395,0.6713962946226841
0.6776135741652983,0.6713059195661998
0.6776459854014598,0.6712155445097153
0.677616570855005,0.6711251694532309
0.6776489915122753,0.6710347943967465
0.6776195691858342,0.670944419340262
0.6775901414879051,0.6708540442837777
0.6776225691591344,0.6707636692272932
0.6776550086750068,0.6706732941708089
0.6776255707762557,0.6705829191143244
0.677687460042013,0.6705829191143244
0.677658019729631,0.6704925440578401
0.6776904805408368,0.6704021690013556
0.6777229532163743,0.6703117939448712
0.6776935026957872,0.6702214188883868
0.6777259848277123,0.6701310438319024
0.6776965265082266,0.670040668775418
0.6777290181020296,0.6699502937189336
0.6777909847307305,0.6699502937189336
0.6777615215801024,0.6698599186624492
0.6777940369489666,0.6697695436059647
0.6777645659928656,0.6696791685494804
0.6777350896450787,0.6695887934929959
0.6777056079041259,0.6694984184365115
0.6777676120768527,0.6694984184365115
0.6777381279165523,0.6694080433800271
0.6777086383601757,0.6693176683235427
0.6776791434062415,0.6692272932670583
0.6777116704805491,0.6691369182105739
0.6776821677041377,0.6690465431540895
0.6777147042666178,0.668956168097605
0.6776851936635839,0.6688657930411207
0.6776556776556777,0.6687754179846362
0.6776261562414141,0.6686850429281518
0.6775966294193075,0.6685946678716674
0.6776291681934775,0.668504292815183
0.6775996335318369,0.6684139177586986
0.677570093457944,0.6683235427022142
0.6776026392961877,0.6682331676457298
0.6776351970669111,0.6681427925892454
0.6776056467137226,0.668052417532761
0.6775760909424275,0.6679620424762766
0.6775465297515357,0.6678716674197921
0.6775790921595598,0.6677812923633077
0.677549523110785,0.6676909173068233
0.6775199486379896,0.6676005422503389
0.6774903687396808,0.6675101671938545
0.6775229357798165,0.6674197921373701
0.6774933480135792,0.6673294170808857
0.6774637548173977,0.6672390420244013
0.677496328928047,0.6671486669679169
0.677466727856815,0.6670582919114324
0.6774371213512025,0.666967916854948
0.6774075094097126,0.6668775417984636
0.6774400881461757,0.6667871667419792
0.6774726788502158,0.6666967916854948
0.6775052815284284,0.6666064166290104
0.6775378961874139,0.666516041572526
0.6775082690187431,0.6664256665160416
0.677478636405403,0.6663352914595572
0.6775112581564194,0.6662449164030727
0.6775438919018292,0.6661545413465884
0.6775765376482485,0.6660641662901039
0.677546892239794,0.6659737912336195
0.6775172413793104,0.6658834161771351
0.6774875850652934,0.6657930411206507
0.6774579232962384,0.6657026660641663
0.6774905712445957,0.6656122910076819
0.6775232312080228,0.6655219159511975
0.6775559031931536,0.665431540894713
0.6775885872066267,0.6653411658382287
0.6776212832550861,0.6652507907817442
0.6775916037562143,0.6651604157252599
0.6776243093922651,0.6650700406687754
0.6775946219725574,0.664979665612291
0.6776273372018052,0.6648892905558066
0.6775976418570376,0.6647989154993222
0.6775679410409949,0.6647085404428378
0.677630366685093,0.6647085404428378
0.6776006634110384,0.6646181653863533
0.677570954662735,0.664527790329869
0.6775412404386693,0.6644374152733845
0.6775739699511476,0.6643470402169002
0.6775442477876106,0.6642566651604157
0.6775769869076157,0.6641662901039314
0.6776097381040207,0.6640759150474469
0.6775800055335239,0.6639855399909625
0.677550267478325,0.6638951649344781
0.6775830258302583,0.6638047898779936
0.6775532798228618,0.6637144148215093
0.6775860477992064,0.6636240397650248
0.6775562938353636,0.6635336647085405
0.6775890714417574,0.663443289652056
0.6776218611521418,0.6633529145955717
0.6776546629732225,0.6632625395390872
0.6776874769117104,0.6631721644826029
0.6776577075828946,0.6630817894261184
0.67762793275448,0.6629914143696339
0.6775981524249423,0.6629010393131496
0.6776309710801072,0.6628106642566651
0.6776638018667406,0.6627202892001808
0.6776966447915704,0.6626299141436963
0.6777294998613294,0.662539539087212
0.6777921597633136,0.662539539087212
0.6777623670827554,0.6624491640307275
0.6777952464625914,0.6623587889742432
0.6777654458009619,0.6622684139177587
0.6777356396263066,0.6621780388612742
0.6777685262281432,0.6620876638047899
0.6777387120651369,0.6619972887483054
0.6777088923845656,0.6619069136918211
0.6776790671848972,0.6618165386353366
0.6777119585338763,0.6617261635788523
0.6776821253355549,0.6616357885223678
0.6777150263864457,0.6615454134658835
0.6777479396240392,0.661455038409399
0.6777180959436933,0.6613646633529146
0.6777510188958874,0.6612742882964302
0.6777839540485455,0.6611839132399457
0.6777540998795516,0.6610935381834614
0.6777242401779096,0.6610031631269769
0.6776943749420814,0.6609127880704926
0.6776645041705283,0.6608224130140081
0.677634627861711,0.6607320379575238
0.6776047460140897,0.6606416629010393
0.6776376784720934,0.6605512878445549
0.6777005099675475,0.6605512878445549
0.6776706231454006,0.6604609127880705
0.6776407307799314,0.660370537731586
0.6776736851869029,0.6602801626751017
0.6776437847866419,0.6601897876186172
0.6776767489330117,0.6600994125621329
0.677709725315516,0.6600090375056484
0.6776798143851508,0.6599186624491641
0.6777128005198181,0.6598282873926796
0.6776828815447457,0.6597379123361952
0.6776529570142048,0.6596475372797108
0.6776230269266481,0.6595571622232264
0.6775930912805275,0.659466787166742
0.6775631500742942,0.6593764121102575
0.6775332033063992,0.6592860370537732
0.6775032509752926,0.6591956619972887
0.677473293079424,0.6591052869408044
0.6774433296172426,0.6590149118843199
0.6774133605871969,0.6589245368278355
0.6774463339838305,0.6588341617713511
0.6774163568773234,0.6587437867148667
0.6773863741983456,0.6586534116583823
0.6774193548387096,0.6585630366018979
0.6774523477452348,0.6584726615454135
0.6774853529247652,0.658382286488929
0.6775183703841503,0.6582919114324447
0.6774883720930233,0.6582015363759602
0.6774583682202996,0.6581111613194758
0.6774913929468689,0.6580207862629914
0.6775244299674267,0.657930411206507
0.6775574792888392,0.6578400361500226
0.6775905409179779,0.6577496610935382
0.67756052141527,0.6576592860370538
0.6775935928478302,0.6575689109805694
0.6776567011269442,0.6575689109805694
0.6776266766020864,0.657478535924085
0.6775966464834653,0.6573881608676005
0.6775666107695174,0.6572977858111161
0.6775365694586788,0.6572074107546317
0.677506522549385,0.6571170356981473
0.6775696580001864,0.6571170356981473
0.6775396085740913,0.6570266606416629
0.6775095535464628,0.6569362855851785
0.6774794929157345,0.6568459105286941
0.6775125862390453,0.6567555354722097
0.6774825174825175,0.6566651604157253
0.6774524431182395,0.6565747853592409
0.6774223631446423,0.6564844103027564
0.6774554612442869,0.656394035246272
0.6774253731343284,0.6563036601897876
0.6774584810598993,0.6562132851333032
0.6774916013437849,0.6561229100768188
0.6774615025664956,0.6560325350203344
0.677494632689256,0.65594215996385
0.6774645257654967,0.6558517849073656
0.6774976657329599,0.6557614098508812
0.6774675506583248,0.6556710347943967
0.6775007004763239,0.6555806597379124
0.6774705772464039,0.6554902846814279
0.6775037369207773,0.6553999096249435
0.677536908988974,0.6553095345684591
0.6775067750677507,0.6552191595119747
0.6775399570053277,0.6551287844554903
0.6775731513508461,0.6550384093990059
0.6776063581112669,0.6549480343425215
0.6775762109594164,0.654857659286037
0.6776094276094277,0.6547672842295527
0.6776426566884939,0.6546769091730682
0.6776124988305735,0.6545865341165839
0.6776457378122953,0.6544961590600994
0.6776155717761557,0.654405784003615
0.6775854000935891,0.6543154089471306
0.677618646447627,0.6542250338906462
0.6775884665792923,0.6541346588341618
0.6775582810598259,0.6540442837776773
0.6775915347879015,0.653953908721193
0.6775613410751077,0.6538635336647085
0.6775311417064719,0.6537731586082242
0.6775644028103045,0.6536827835517397
0.6775976763796496,0.6535924084952554
0.6776309624215162,0.6535020334387709
0.6776642609429188,0.6534116583822865
0.6776975719508765,0.6533212833258021
0.6777308954524145,0.6532309082693176
0.6777006751687922,0.6531405332128333
0.6776704492169183,0.6530501581563488
0.6777037801331958,0.6529597830998645
0.677737123557557,0.65286940804338
0.677706886845562,0.6527790329868957
0.6777402402402403,0.6526886579304112
0.6777736061573119,0.6525982828739268
0.6778069846038303,0.6525079078174424
0.6777767345789127,0.6524175327609579
0.6777464788732395,0.6523271577044736
0.6777798647633358,0.6522367826479891
0.6777496008265239,0.6521464075915048
0.6777829967120714,0.6520560325350203
0.6777527245396467,0.651965657478536
0.6778164051489242,0.651965657478536
0.6777861304266115,0.6518752824220515
0.6778195488721804,0.6517849073655672
0.67778926590845,0.6516945323090827
0.677822694368713,0.6516041572525982
0.6778561354019746,0.6515137821961139
0.6779198796313711,0.6515137821961139
0.6778895890153296,0.6514234071396294
0.6778592927012792,0.6513330320831451
0.6778927563499529,0.6512426570266606
0.6779565340107254,0.6512426570266606
0.6779262325931502,0.6511522819701763
0.6778959254728522,0.6510619069136918
0.6778656126482213,0.6509715318572075
0.6778990963855421,0.650881156800723
0.6778687752988798,0.6507907817442385
0.6779022690895395,0.6507004066877542
0.6779357754967511,0.6506100316312697
0.6779054435863627,0.6505196565747854
0.6778751059621362,0.6504292815183009
0.6779086198775318,0.6503389064618166
0.6778782739777652,0.6502485314053321
0.6778479223593706,0.6501581563488478
0.6779117979645685,0.6501581563488478
0.6778814437847517,0.6500677812923633
0.6778510838831291,0.6499774062358789
0.6778207182580828,0.6498870311793945
0.6778542471952484,0.64979665612291
0.6778238732792758,0.6497062810664257
0.6777934936350778,0.6496159060099412
0.6778270300858248,0.6495255309534569
0.6777966421429918,0.6494351558969724
0.6777662484671257,0.6493447808404881
0.6777358490566038,0.6492544057840036
0.6777693904510285,0.6491640307275192
0.6777389827309616,0.6490736556710348
0.6777085692714232,0.6489832806145504
0.6776781500707881,0.648892905558066
0.6777116964032852,0.6488025305015815
0.677745255405533,0.6487121554450972
0.6777148253068933,0.6486217803886127
0.6777483944087647,0.6485314053321284
0.6777179559837536,0.6484410302756439
0.6776875118080483,0.6483506552191595
0.6776570618800188,0.6482602801626751
0.6776906359255409,0.6481699051061907
0.6777242226632644,0.6480795300497063
0.6777578221003876,0.6479891549932218
0.6777914342441146,0.6478987799367375
0.6777609682299546,0.647808404880253
0.6777945905050123,0.6477180298237687
0.6777641161448974,0.6476276547672842
0.677797748557374,0.6475372797107998
0.6777672658467361,0.6474469046543154
0.6778009084027252,0.647356529597831
0.6778345636948704,0.6472661545413466
0.6778040700425935,0.6471757794848622
0.677837735491811,0.6470854044283778
0.6778072334785079,0.6469950293718933
0.6778409090909091,0.646904654315409
0.6778103987119992,0.6468142792589245
0.677779882553514,0.6467239042024401
0.6778135657446003,0.6466335291459557
0.6777830412126954,0.6465431540894713
0.6778472617017245,0.6465431540894713
0.6778167345778452,0.6464527790329869
0.6777862016679302,0.6463624039765025
0.6777556629703345,0.6462720289200181
0.6777893639207507,0.6461816538635337
0.6777588168373151,0.6460912788070493
0.6777925279726911,0.6460009037505648
0.6778262518968133,0.6459105286940804
0.6778599886169607,0.645820153637596
0.6778937381404174,0.6457297785811116
0.6778631748742765,0.6456394035246272
0.6778326058075537,0.6455490284681428
0.6778663629460896,0.6454586534116584
0.6779001329029808,0.645368278355174
0.6778695528339505,0.6452779032986896
0.6778389669578427,0.6451875282422052
0.6778727445394112,0.6450971531857207
0.6779065349544073,0.6450067781292363
0.6778759380640258,0.6449164030727519
0.6778453353600608,0.6448260280162675
0.6778147268408551,0.6447356529597831
0.677784112504751,0.6446452779032987
0.6778179053411899,0.6445549028468143
0.677851711026616,0.6444645277903299
0.6778210856545299,0.6443741527338455
0.6778549015879053,0.644283777677361
0.6778242677824268,0.6441934026208767
0.6778580939699448,0.6441030275643922
0.6778919330289194,0.6440126525079078
0.6779257849666984,0.6439222774514234
0.6778951375011895,0.643831902394939
0.6778644842025123,0.6437415273384546
0.6778983438035409,0.6436511522819702
0.6779322162985529,0.6435607772254858
0.6779015519375416,0.6434704021690013
0.677870881736812,0.643380027112517
0.6779047619047619,0.6432896520560325
0.6778740832460234,0.6431992769995482
0.6779079737067734,0.6431089019430637
0.6778772865853658,0.6430185268865793
0.6779418770843259,0.6430185268865793
0.677975793386067,0.6429281518300949
0.6779451010293557,0.6428377767736105
0.6779790276453765,0.6427474017171261
0.6779483268185719,0.6426570266606416
0.6779176201372997,0.6425666516041573
0.6779515544535571,0.6424762765476728
0.677985501716902,0.6423859014911885
0.6780194619347453,0.642295526434704
0.6780534351145038,0.6422051513782197
0.6780874212635999,0.6421147763217352
0.6780566956189749,0.6420244012652508
0.6780259641084383,0.6419340262087664
0.6779952267303102,0.6418436511522819
0.6780599579912163,0.6418436511522819
0.6780939648586708,0.6417532760957976
0.6780632222328336,0.6416629010393131
0.6780324737344795,0.6415725259828288
0.6780017193619257,0.6414821509263443
0.6780357313461355,0.64139177586986
0.6780697563306259,0.6413014008133755
0.678103794322852,0.6412110257568912
0.6781378453302743,0.6411206507004067
0.6781719093603595,0.6410302756439222
0.6782059864205795,0.6409399005874379
0.6782400765184122,0.6408495255309534
0.6782092978764109,0.6407591504744691
0.6781785133454511,0.6406687754179846
0.6782126112333748,0.6405784003615003
0.6781818181818182,0.6404880253050158
0.6782159264931087,0.6403976502485315
0.6781851249162439,0.640307275192047
0.6781543174420831,0.6402169001355625
0.6781884335503638,0.6401265250790782
0.6782225627274469,0.6400361500225937
0.6782567049808429,0.6399457749661094
0.6782258837053358,0.6398553999096249
0.6781950565242384,0.6397650248531406
0.6782292065925642,0.6396746497966561
0.6781983708672736,0.6395842747401718
0.678167529231359,0.6394938996836873
0.6782016871165644,0.6394035246272028
0.6781708369283865,0.6393131495707185
0.6782050052737558,0.639222774514234
0.6781741465285769,0.6391323994577497
0.6782083253404949,0.6390420244012652
0.6781774580335731,0.6389516493447809
0.6781465848042978,0.6388612742882964
0.6781157056509642,0.6387708992318121
0.6780848205718673,0.6386805241753276
0.6781190019193858,0.6385901491188432
0.678153196390862,0.6384997740623588
0.6781874039938556,0.6384093990058743
0.6781565050408065,0.63831902394939
0.6781256001536393,0.6382286488929055
0.6780946893306444,0.6381382738364212
0.6781289021227548,0.6380478987799367
0.6781631280622539,0.6379575237234524
0.6781322059953881,0.6378671486669679
0.678101277985971,0.6377767736104835
0.678135511773186,0.6376863985539991
0.6781697587234452,0.6375960234975147
0.6781388194577965,0.6375056484410303
0.6781078742428612,0.6374152733845458
0.678076923076923,0.6373248983280615
0.678111175226005,0.637234523271577
0.6781454405540592,0.6371441482150927
0.6781144781144781,0.6370537731586082
0.6780835097171445,0.6369633981021238
0.6781177829099307,0.6368730230456394
0.6781520692974013,0.636782647989155
0.6781863688871775,0.6366922729326706
0.6781553865408684,0.6366018978761862
0.6781896966779009,0.6365115228197018
0.6781587057010786,0.6364211477632173
0.6781277087546952,0.636330772706733
0.6780967058370256,0.6362403976502485
0.678131021194605,0.6361500225937641
0.6781653497783774,0.6360596475372797
0.6781996915959907,0.6359692724807953
0.6782340466550992,0.6358788974243109
0.6782684149633629,0.6357885223678265
0.6783027965284475,0.6356981473113421
0.678271771626965,0.6356077722548577
0.6782407407407407,0.6355173971983733
0.6782097038680428,0.6354270221418888
0.6781786610071387,0.6353366470854044
0.6782130451563103,0.63524627202892
0.6781819936311879,0.6351558969724356
0.6782163883795,0.6350655219159512
0.6781853281853282,0.6349751468594668
0.6782197335392933,0.6348847718029824
0.6781886646712368,0.634794396746498
0.6781575898030128,0.6347040216900136
0.678192003090593,0.6346136466335291
0.6781609195402298,0.6345232715770447
0.6781953434450778,0.6344328965205603
0.6781642512077295,0.6343425214640759
0.6781986857363742,0.6342521464075915
0.6781675848071905,0.6341617713511071
0.6782020299661672,0.6340713962946227
0.6781709203402939,0.6339810212381383
0.6782364884462921,0.6339810212381383
0.6782053761361438,0.6338906461816539
0.6782398452611219,0.6338002711251695
0.6782743277229638,0.633709896068685
0.6783088235294118,0.6336195210122006
0.6782776971456217,0.6335291459557162
0.6783122036194716,0.6334387708992318
0.6782810685249709,0.6333483958427474
0.6783467234536831,0.6333483958427474
0.6783155856727977,0.633258020786263
0.6783501161890008,0.6331676457297786
0.678318969691101,0.6330772706732942
0.6783535108958838,0.6329868956168098
0.6783880654848397,0.6328965205603253
0.6784226334657495,0.632806145503841
0.6784572148463999,0.6327157704473565
0.6784260515603799,0.6326253953908721
0.6784606436603334,0.6325350203343877
0.6784952491758774,0.6324446452779033
0.6785298681148176,0.6323542702214189
0.6785645004849661,0.6322638951649345
0.6785333203996508,0.6321735201084501
0.6785991462941404,0.6321735201084501
0.678633805550165,0.6320831450519656
0.6786026200873363,0.6319927699954813
0.6786372901096768,0.6319023949389968
0.678606095903708,0.6318120198825125
0.6786407766990291,0.631721644826028
0.6786095737450238,0.6316312697695436
0.6785783647310157,0.6315408947130592
0.6785471496552394,0.6314505196565748
0.6785159285159286,0.6313601446000904
0.6784847013113162,0.6312697695436059
0.6785506120069944,0.6312697695436059
0.6785193821043427,0.6311793944871216
0.6784881461329187,0.6310890194306371
0.6784569040909533,0.6309986443741528
0.6785228377065112,0.6309986443741528
0.6785575427682737,0.6309082693176683
0.6785262953241956,0.630817894261184
0.6784950418043943,0.6307275192046995
0.6784637822070977,0.6306371441482151
0.6784984926577847,0.6305467690917307
0.6785332166131699,0.6304563940352462
0.6785679540811363,0.6303660189787619
0.6785366802879937,0.6302756439222774
0.6785054004086796,0.6301852688657931
0.6784741144414169,0.6300948938093086
0.6785088573097139,0.6300045187528243
0.6785436137071651,0.6299141436963398
0.6785123162301626,0.6298237686398555
0.6785470834550589,0.629733393583371
0.6785818642251875,0.6296430185268865
0.6785505552308592,0.6295526434704022
0.6785853468433359,0.6294622684139177
0.6786201520171506,0.6293718933574334
0.6785888314979047,0.6292815183009489
0.678623647528999,0.6291911432444646
0.6786584771375646,0.6291007681879801
0.6786271450858035,0.6290103931314958
0.6786619855666082,0.6289200180750113
0.6786968396410457,0.6288296430185268
0.6787317073170732,0.6287392679620425
0.6787003610108303,0.628648892905558
0.6786690085870414,0.6285585178490737
0.6787038844427093,0.6284681427925892
0.6787387739164389,0.6283777677361049
0.6787736770162077,0.6282873926796204
0.67880859375,0.6281970176231361
0.6787772243383143,0.6281066425666516
0.6787458487985935,0.6280162675101671
0.6787144671290417,0.6279258924536828
0.6787493893502687,0.6278355173971983
0.678717998827438,0.627745142340714
0.6786866021694518,0.6276547672842295
0.6787215325970091,0.6275643922277452
0.6786901270772239,0.6274740171712607
0.6787250684395776,0.6273836421147764
0.678693654052997,0.6272932670582919
0.6787286063569682,0.6272028920018075
0.6786971830985915,0.6271125169453231
0.6786657536926538,0.6270221418888386
0.6787007142158301,0.6269317668323543
0.67866927592955,0.6268413917758698
0.678637831490361,0.6267510167193855
0.6786063808964572,0.626660641662901
0.6785749241460312,0.6265702666064167
0.6785434612372748,0.6264798915499322
0.6785784217740356,0.6263895164934478
0.67854694996573,0.6262991414369634
0.6785819214572519,0.626208766380479
0.6786169066509942,0.6261183913239946
0.6786519055550113,0.6260280162675101
0.6786204193611601,0.6259376412110258
0.6786554292434339,0.6258472661545413
0.6786904528523818,0.625756891098057
0.6786589550044113,0.6256665160415725
0.6786274509803921,0.6255761409850881
0.6785959407785077,0.6254857659286037
0.6785644243969405,0.6253953908721193
0.6785994507650058,0.6253050158156349
0.6786344908769865,0.6252146407591505
0.6786029628176199,0.6251242657026661
0.6785714285714286,0.6250338906461816
0.6786064769381747,0.6249435155896973
0.6786415390655673,0.6248531405332128
0.6786099931284971,0.6247627654767284
0.6785784409974475,0.624672390420244
0.6786135113904164,0.6245820153637596
0.6786485955607936,0.6244916403072752
0.6786836935166994,0.6244012652507908
0.678652126927989,0.6243108901943064
0.6786205541363726,0.624220515137822
0.6785889751400216,0.6241301400813376
0.6786240786240786,0.6240397650248531
0.6786591959107441,0.6239493899683687
0.6786276051907196,0.6238590149118843
0.678596008258775,0.6237686398553999
0.6786627335299902,0.6237686398553999
0.6786311338381356,0.6236782647989155
0.6785995279307632,0.6235878897424311
0.6785679158060391,0.6234975146859467
0.6785362974621286,0.6234071396294623
0.6785714285714286,0.6233167645729779
0.6785398012397914,0.6232263895164935
0.6785749434110816,0.623136014460009
0.6786100994192342,0.6230456394035246
0.678578460326836,0.6229552643470402
0.6785468150044305,0.6228648892905558
0.6785819793205318,0.6227745142340714
0.6785503249950758,0.622684139177587
0.6785186644341574,0.6225937641211026
0.6784869976359338,0.6225033890646182
0.6784553245985617,0.6224130140081338
0.678423645320197,0.6223226389516493
0.6784904916740565,0.6223226389516493
0.6784588096176587,0.622232263895165
0.6784939877784348,0.6221418888386805
0.6785291798107256,0.6220515137821961
0.6784974859509021,0.6219611387257117
0.6785643857227371,0.6219611387257117
0.6785326890839167,0.6218707636692273
0.6785009861932939,0.6217803886127429
0.6784692770490186,0.6216900135562585
0.6784375616492405,0.6215996384997741
0.6784058399921081,0.6215092634432896
0.6784410458806117,0.6214188883868053
0.6784762656666338,0.6213285133303208
0.6784445321752862,0.6212381382738364
0.6784127924193071,0.621147763217352
0.6784480205350972,0.6210573881608676
0.678416271721959,0.6209670131043832
0.6784515109618803,0.6208766380478988
0.6784197530864198,0.6207862629914144
0.678387988937179,0.6206958879349299
0.6783562185122988,0.6206055128784456
0.678324441809919,0.6205151378219611
0.678292658828179,0.6204247627654768
0.6783278980136377,0.6203343877089923
0.6782961059497924,0.620244012652508
0.6783313562672993,0.6201536375960235
0.6783666205260036,0.6200632625395391
0.6784018987341772,0.6199728874830547
0.6784371909000989,0.6198825124265702
0.6784724970320538,0.6197921373700859
0.6785078171383336,0.6197017623136014
0.6784760019792182,0.6196113872571171
0.6784441805225653,0.6195210122006326
0.678412352766505,0.6194306371441483
0.6784476784476784,0.6193402620876638
0.6784158415841585,0.6192498870311794
0.6784511784511784,0.619159511974695
0.678486529318542,0.6190691369182105
0.678521894194571,0.6189787618617262
0.6784900426037848,0.6188883868052417
0.678458184700753,0.6187980117487574
0.6784935579781962,0.6187076366922729
0.6785289452815226,0.6186172616357886
0.6784970754436404,0.6185268865793041
0.6785324739712444,0.6184365115228198
0.6785005950019833,0.6183461364663353
0.6785360047609601,0.6182557614098508
0.6785714285714286,0.6181653863533665
0.6785395376525449,0.618075011296882
0.678574972710132,0.6179846362403977
0.6786104218362283,0.6178942611839132
0.6785785189596982,0.6178038861274289
0.6786139793486894,0.6177135110709444
0.6785820673220136,0.6176231360144601
0.6786175389810308,0.6175327609579756
0.678585617798967,0.6174423859014911
0.6785536902751564,0.6173520108450068
0.678589170392449,0.6172616357885223
0.6785572337042926,0.617171260732038
0.678592725104353,0.6170808856755535
0.6786282306163022,0.6169905106190692
0.6785962819365742,0.6169001355625847
0.6786317987471413,0.6168097605061004
0.678667329686723,0.6167193854496159
0.6786353690073602,0.6166290103931314
0.6786034019695614,0.6165386353366471
0.6786389413988658,0.6164482602801626
0.6786069651741293,0.6163578852236783
0.6786425159235668,0.6162675101671938
0.6786780808281904,0.6161771351107095
0.6786460925833748,0.616086760054225
0.6786140979689367,0.6159963849977407
0.6785820969829732,0.6159060099412562
0.6786496713802032,0.6159060099412562
0.6786176675629917,0.6158156348847718
0.6786532523159677,0.6157252598282874
0.6786888512503736,0.615634884771803
0.6786568353925867,0.6155445097153186
0.6786924456846721,0.6154541346588341
0.6786604206119805,0.6153637596023498
0.6786960422689662,0.6152733845458653
0.6786640079760717,0.615183009489381
0.678631967294845,0.6150926344328965
0.6785999202233746,0.6150022593764121
0.6786355475763016,0.6149118843199277
0.6786711891460495,0.6148215092634433
0.6786391300009977,0.6147311342069589
0.678607064458192,0.6146407591504744
0.678574992515717,0.6145503840939901
0.6786106397844096,0.6144600090375056
0.6786463012878107,0.6143696339810213
0.6786819770344483,0.6142792589245368
0.6786498901537847,0.6141888838680524
0.6786177968640767,0.614098508811568
0.6785856971634039,0.6140081337550836
0.6785535910498451,0.6139177586985992
0.6785214785214785,0.6138273836421148
0.6784893595763812,0.6137370085856304
0.6784572342126299,0.613646633529146
0.6784929042574456,0.6135562584726616
0.6784607696151924,0.6134658834161771
0.6784286285485805,0.6133755083596927
0.6783964810556833,0.6132851333032083
0.6783643271345731,0.6131947582467239
0.6783321667833216,0.6131043831902395
0.6783678367836784,0.6130140081337551
0.6784035210563168,0.6129236330772707
0.6783713485394157,0.6128332580207863
0.6784392196098049,0.6128332580207863
0.678407044226536,0.6127428829643019
0.6783748624036826,0.6126525079078174
0.6783426741393115,0.612562132851333
0.6783783783783783,0.6124717577948486
0.6784140969162996,0.6123813827383642
0.678381896465405,0.6122910076818798
0.6784176264396595,0.6122006326253954
0.6783854166666666,0.612110257568911
0.6783532004407493,0.6120198825124266
0.6783209777599679,0.6119295074559422
0.6782887486223825,0.6118391323994578
0.678324481410963,0.6117487573429733
0.6782922429344558,0.6116583822864889
0.678360228525609,0.6116583822864889
0.6783959899749373,0.6115680072300045
0.6783637457389212,0.6114776321735201
0.6783995186522263,0.6113872571170357
0.6783672650686993,0.6112968820605513
0.6784030494533052,0.6112065070040669
0.6783707865168539,0.6111161319475825
0.6784065823800923,0.6110257568910981
0.6784423926134082,0.6109353818346136
0.6784101174345076,0.6108450067781293
0.6784459391627347,0.6107546317216448
0.6784817752786424,0.6106642566651604
0.6784494878489656,0.610573881608676
0.6784171939339159,0.6104835065521916
0.6783848935315387,0.6103931314957072
0.6784207353827607,0.6103027564392228
0.6783884256003215,0.6102123813827384
0.678424278966938,0.6101220063262539
0.678391959798995,0.6100316312697696
0.6783596341340838,0.6099412562132851
0.6783273019702453,0.6098508811568008
0.6783954961294862,0.6098508811568008
0.6783631610697768,0.6097605061003163
0.6783990345937249,0.6096701310438319
0.6783666901337625,0.6095797559873475
0.6784025751936424,0.6094893809308631
0.6783702213279678,0.6093990058743787
0.6784061179311732,0.6093086308178942
0.6784420289855072,0.6092182557614099
0.678477954499698,0.6091278807049254
0.6785138944824809,0.6090375056484411
0.6784815225052865,0.6089471305919566
0.6784491440080564,0.6088567555354722
0.6784850926672039,0.6087663804789878
0.6785210558130164,0.6086760054225034
0.6785570334542523,0.608585630366019
0.6785246397258894,0.6084952553095345
0.6785606289688539,0.6084048802530502
0.6785282258064517,0.6083145051965657
0.6785642266586005,0.6082241301400814
0.6785318140566704,0.6081337550835969
0.6785678265254664,0.6080433800271126
0.6785354044785152,0.6079530049706281
0.6785714285714286,0.6078626299141437
0.6785389970739583,0.6077722548576593
0.6785065590312815,0.6076818798011748
0.6785425918449738,0.6075915047446905
0.6785101443423842,0.607501129688206
0.6785461887935386,0.6074107546317217
0.6785822478036958,0.6073203795752372
0.678549787921632,0.6072300045187529
0.6785858585858586,0.6071396294622684
0.6786219438270358,0.6070492544057841
0.6786580436540016,0.6069588793492996
0.6786941580756014,0.6068685042928151
0.6787302871006874,0.6067781292363308
0.6786978060863411,0.6066877541798463
0.6787339468095864,0.606597379123362
0.6787701021543441,0.6065070040668775
0.6788387618854946,0.6065070040668775
0.6788062721294891,0.6064166290103932
0.678874949413193,0.6064166290103932
0.6788424567439036,0.6063262539539087
0.678809957498482,0.6062358788974244
0.6787774516749316,0.6061455038409399
0.6788461538461539,0.6061455038409399
0.6788136451057799,0.6060551287844554
0.6787811297833569,0.6059647537279711
0.6787486078768857,0.6058743786714866
0.6787160793843662,0.6057840036150023
0.6787522787117682,0.6056936285585178
0.6787197407069786,0.6056032535020335
0.6787884927066451,0.6056032535020335
0.6788247213779128,0.605512878445549
0.6787921775255852,0.6054225033890647
0.678759627077422,0.6053321283325802
0.6787958645854449,0.6052417532760958
0.6787633046122656,0.6051513782196114
0.6787995538882693,0.6050610031631269
0.6788358178683703,0.6049706281066426
0.6788032454361055,0.6048802530501581
0.678839521201055,0.6047898779936738
0.6788069392310033,0.6046995029371893
0.6787743506493507,0.604609127880705
0.6788106352750152,0.6045187528242205
0.6787780371460469,0.6044283777677361
0.6788143335701959,0.6043380027112517
0.6788506447355062,0.6042476276547672
0.6788869706509597,0.6041572525982829
0.6788543570993297,0.6040668775417984
0.6788217369222955,0.6039765024853141
0.6787891101178383,0.6038861274288296
0.6787564766839378,0.6037957523723453
0.6787238366185735,0.6037053773158608
0.678760162601626,0.6036150022593764
0.678727512958634,0.603524627202892
0.6786948566781866,0.6034342521464076
0.6787311915412769,0.6033438770899232
0.6787675411836486,0.6032535020334387
0.6787348723685549,0.6031631269769544
0.6787021969080553,0.6030727519204699
0.678669514800122,0.6029823768639856
0.6787058703835589,0.6028920018075011
0.6786731786731787,0.6028016267510167
0.6787095461021779,0.6027112516945323
0.678676844783715,0.6026208766380479
0.6787132240659677,0.6025305015815635
0.6787496181651563,0.6024401265250791
0.6787860270903351,0.6023497514685947
0.6788224508505654,0.6022593764121102
0.6788588894549159,0.6021690013556259
0.678895342912463,0.6020786262991414
0.6788626172034243,0.601988251242657
0.6788990825688074,0.6018978761861726
0.6788663472321338,0.6018075011296882
0.6789028245131029,0.6017171260732038
0.6789393166751657,0.6016267510167194
0.6789758237274304,0.601536375960235
0.6789430728422771,0.6014460009037506
0.6789795918367347,0.6013556258472662
0.6789468313093173,0.6012652507907817
0.6789140640947132,0.6011748757342973
0.6789833622537511,0.6011748757342973
0.6789505920783994,0.6010845006778129
0.6789178152118428,0.6009941256213285
0.6789871349806004,0.6009941256213285
0.6789543551516389,0.6009037505648441
0.6790236928104575,0.6009037505648441
0.6789909100194056,0.6008133755083597
0.6789581205311542,0.6007230004518753
0.6789946873722926,0.6006326253953909
0.6789618882190661,0.6005422503389065
0.6789290823625588,0.600451875282422
0.678965658217498,0.6003615002259376
0.6790022490288284,0.6002711251694532
0.679038854805726,0.6001807501129688
0.679006033336742,0.6000903750564844
0.6789732051544283,0.6
0.6789403702567249,0.5999096249435156
0.6789075286415712,0.5998192498870312
0.6788746803069053,0.5997288748305468
0.678841825250665,0.5996384997740624
0.6788089634707869,0.5995481247175779
0.6788784281620958,0.5995481247175779
0.6788455634019036,0.5994577496610936
0.6788821783191729,0.5993673746046091
0.6788493038493039,0.5992769995481247
0.6788164226476912,0.5991866244916403
0.678885930780258,0.5991866244916403
0.678853046594982,0.5990962494351559
0.6788201556739042,0.5990058743786715
0.6788896855474752,0.5990058743786715
0.6788567916410572,0.5989154993221871
0.6788238909947751,0.5988251242657027
0.6787909836065574,0.5987347492092182
0.6788276286124206,0.5986443741527339
0.6788642886428864,0.5985539990962494
0.6788313685289595,0.598463624039765
0.6788680406028914,0.5983732489832806
0.6788351107465135,0.5982828739267962
0.6788021741359861,0.5981924988703118
0.6788388552672069,0.5981021238138274
0.6788755514517287,0.598011748757343
0.6789122626988199,0.5979213737008585
0.6789489890177564,0.5978309986443742
0.6789857304178216,0.5977406235878897
0.6790224869083068,0.5976502485314054
0.6790592584985108,0.5975598734749209
0.6790262941659819,0.5974694984184366
0.6789933230611197,0.5973791233619521
0.6789603451818369,0.5972887483054677
0.6789273605260454,0.5971983732489833
0.6788943690916563,0.5971079981924988
0.6789641352378994,0.5971079981924988
0.6789311408016444,0.5970176231360145
0.678898139582691,0.59692724807953
0.6788651315789473,0.5968368730230457
0.6789019123997533,0.5967464979665612
0.6788688946015424,0.5966561229100769
0.6789056875449964,0.5965657478535924
0.678872659946513,0.596475372797108
0.6788396255529267,0.5963849977406236
0.6788764276160099,0.5962946226841391
0.6789132448286508,0.5962042476276548
0.6789500772002058,0.5961138725711703
0.6789170269713816,0.596023497514686
0.6788839699371976,0.5959331224582015
0.6788509060955519,0.5958427474017172
0.6788178354443415,0.5957523723452327
0.6788546709238851,0.5956619972887484
0.6789245982694685,0.5956619972887484
0.6788915215823632,0.5955716222322639
0.6788584380795384,0.5954812471757794
0.6788253477588871,0.5953908721192951
0.6788622075646707,0.5953004970628106
0.6788291074005359,0.5952101220063263
0.6788659793814433,0.5951197469498418
0.6789028665704269,0.5950293718933575
0.6789397689768977,0.594938996836873
0.6789066529138731,0.5948486217803887
0.6789435675229547,0.5947582467239042
0.6789804973686926,0.5946678716674197
0.6790174424605222,0.5945774966109354
0.6789843104872006,0.5944871215544509
0.6790212678092091,0.5943967464979666
0.6790582403965304,0.5943063714414821
0.6790952282586242,0.5942159963849978
0.6791322314049587,0.5941256213285133
0.6790990804835211,0.594035246272029
0.6791360958974889,0.5939448712155445
0.6791731266149871,0.59385449615906
0.6792101726455081,0.5937641211025757
0.6792472339985524,0.5936737460460912
0.6792140641158221,0.5935833709896069
0.6792511377741002,0.5934929959331224
0.6792179580014482,0.5934026208766381
0.6792550439730988,0.5933122458201536
0.6792218543046358,0.5932218707636693
0.6791886577667391,0.5931314957071848
0.6792257530276369,0.5930411206507004
0.679192546583851,0.592950745594216
0.6792296541727065,0.5928603705377316
0.6792667771333886,0.5927699954812472
0.6792335577421026,0.5926796204247627
0.6792003314688212,0.5925892453682784
0.6792374637380854,0.5924988703117939
0.6792042275411875,0.5924084952553096
0.6792413721629185,0.5923181201988251
0.6792081260364843,0.5922277451423407
0.6792452830188679,0.5921373700858563
0.6792120269569725,0.5920469950293719
0.679178763998341,0.5919566199728875
0.679215930304916,0.591866244916403
0.6791826574006846,0.5917758698599187
0.6792198360825812,0.5916854948034342
0.6792570301961192,0.5915951197469499
0.6792237442922374,0.5915047446904654
0.6791904514789828,0.591414369633981
0.679227654936157,0.5913239945774966
0.6791943521594684,0.5912336195210122
0.6792315680166148,0.5911432444645278
0.6791982552705369,0.5910528694080434
0.6792354835358887,0.590962494351559
0.6792727272727273,0.5908721192950745
0.6793099864906994,0.5907817442385902
0.6792766576595303,0.5906913691821057
0.6792433219000104,0.5906009941256213
0.6792805904979727,0.5905106190691369
0.6793178745970677,0.5904202440126525
0.6793551742069682,0.5903298689561681
0.6793924893373556,0.5902394938996837
0.6794298199979191,0.5901491188431993
0.6794671661983557,0.5900587437867149
0.6794338051623647,0.5899683687302305
0.679504527948371,0.5899683687302305
0.6795419052576783,0.589877993673746
0.6795085381091212,0.5897876186172616
0.6794751640112465,0.5896972435607772
0.6795125507759608,0.5896068685042928
0.6795499531201167,0.5895164934478084
0.6795873710534542,0.589426118391324
0.6795539808253439,0.5893357433348396
0.6795914112987284,0.5892453682783552
0.6795580110497238,0.5891549932218708
0.6795246038365305,0.5890646181653864
0.6794911896569701,0.5889742431089019
0.6795286265512567,0.5888838680524175
0.6795660790654011,0.5887934929959331
0.6795326517838515,0.5887031179394487
0.679603547209181,0.5887031179394487
0.6795701168614358,0.5886127428829643
0.6796075975787935,0.5885223678264799
0.6795741571860975,0.5884319927699955
0.6796116504854369,0.5883416177135111
0.6795782000417624,0.5882512426570267
0.6795447426125092,0.5881608676005422
0.6796157059314955,0.5881608676005422
0.6796532274911218,0.5880704925440579
0.6796197639193565,0.5879801174875734
0.679657298087974,0.587889742431089
0.6796948479464939,0.5877993673746046
0.6797324135047559,0.5877089923181202
0.6796989337236045,0.5876186172616358
0.679665446941976,0.5875282422051514
0.6796319531576747,0.587437867148667
0.6796695252039322,0.5873474920921825
0.6796360213366802,0.5872571170356982
0.679602510460251,0.5871667419792137
0.6796400920694706,0.5870763669227294
0.6796776894097949,0.5869859918662449
0.6796441653584511,0.5868956168097605
0.6796106342893029,0.5868052417532761
0.6796482412060302,0.5867148666967917
0.6796147000314103,0.5866244916403073
0.6796523196146194,0.5865341165838228
0.6796899549596732,0.5864437415273385
0.6797276060764799,0.586353366470854
0.6797652729749555,0.5862629914143697
0.6797317124292601,0.5861726163578852
0.6796981448485484,0.5860822413014009
0.6797358213649229,0.5859918662449164
0.6797735136835483,0.585901491188432
0.6797399328859061,0.5858111161319476
0.6797063450445726,0.5857207410754631
0.6796727501573316,0.5856303660189788
0.6797104490138481,0.5855399909624943
0.679676843982793,0.58544961590601
0.6796432318992655,0.5853592408495255
0.6796096127610453,0.5852688657930412
0.6796473181484203,0.5851784907365567
0.6796136888515641,0.5850881156800724
0.6796514069718605,0.5849977406235879
0.679689140936778,0.5849073655671034
0.6796554983720198,0.5848169905106191
0.6796932450887698,0.5847266154541346
0.6796595923513343,0.5846362403976503
0.6796259325417674,0.5845458653411658
0.6795922656578395,0.5844554902846815
0.679630018919487,0.584365115228197
0.6795963418479974,0.5842747401717127
0.679667788057191,0.5842747401717127
0.6797055730809674,0.5841843651152282
0.6796718897886213,0.5840939900587437
0.6797096875986115,0.5840036150022594
0.6797475013150973,0.5839132399457749
0.6797853309481217,0.5838228648892906
0.6797516312355294,0.5837324898328061
0.6797894736842105,0.5836421147763218
0.6797557637646068,0.5835517397198373
0.6798273320699094,0.5835517397198373
0.6797936190375908,0.583461364663353
0.6798652064026959,0.583461364663353
0.6798314902580306,0.5833709896068685
0.6798693774360055,0.583280614550384
0.6798356510745891,0.5831902394938997
0.6798019176061532,0.5830998644374152
0.6798398145220782,0.5830094893809309
0.6798777274164647,0.5829191143244464
0.6799156562994202,0.5828287392679621
0.6799536011810609,0.5827383642114776
0.6799198481333052,0.5826479891549933
0.679957805907173,0.5825576140985088
0.6799240426205296,0.5824672390420244
0.6798902722093269,0.58237686398554
0.6799620132953467,0.58237686398554
0.6799282397636134,0.5822864889290555
0.6799662233481106,0.5821961138725712
0.680004222972973,0.5821057388160867
0.6800422386483632,0.5820153637596024
0.6800084486218185,0.5819249887031179
0.6799746514575412,0.5818346136466336
0.6799408471532693,0.5817442385901491
0.6799788695192815,0.5816538635336647
0.6800169079573074,0.5815634884771803
0.6799830902557599,0.5814731134206959
0.6799492654053483,0.5813827383642115
0.6799154334038054,0.581292363307727
0.6798815942488635,0.5812019882512427
0.6798477479382533,0.5811116131947582
0.6798857868020305,0.5810212381382739
0.6799238417601016,0.5809308630817894
0.6798899820162911,0.580840488025305
0.679961912822683,0.580840488025305
0.6799280499418051,0.5807501129688206
0.6798941798941799,0.5806597379123362
0.6798603026775321,0.5805693628558518
0.6798264182895851,0.5804789877993674
0.6798983804382344,0.5804789877993674
0.6799364743250397,0.580388612742883
0.6799745843481945,0.5802982376863985
0.6799406905316671,0.5802078626299142
0.6799067895350069,0.5801174875734297
0.6799449094183706,0.5800271125169453
0.6799109980928163,0.5799367374604609
0.6799491309877067,0.5798463624039765
0.679915209326974,0.5797559873474921
0.6799533552422347,0.5796656122910077
0.6799915173364437,0.5795752372345233
0.6799575821845175,0.5794848621780389
0.679923639834553,0.5793944871215545
0.679961811817121,0.57930411206507
0.6799278591130915,0.5792137370085856
0.6799660441426146,0.5791233619521012
0.6799320810782129,0.5790329868956168
0.6798981108045001,0.5789426118391324
0.6799363057324841,0.578852236782648
0.6799745168825653,0.5787618617261636
0.6799405330784751,0.5786714866696792
0.6799065420560748,0.5785811116131948
0.6798725438130643,0.5784907365567103
0.6798385383471426,0.5784003615002259
0.679876753081173,0.5783099864437415
0.6798427372223993,0.5782196113872571
0.6798087141339001,0.5781292363307727
0.6798469387755102,0.5780388612742883
0.6798851796725495,0.5779484862178039
0.6799234368353892,0.5778581111613195
0.6799617102744097,0.5777677361048351
0.68,0.5776773610483507
0.679965953824875,0.5775869859918662
0.6799319004043414,0.5774966109353818
0.679897839736086,0.5774062358788974
0.6799702000851426,0.5774062358788974
0.6799361362426822,0.577315860822413
0.679974449057809,0.5772254857659286
0.6800127781918859,0.5771351107094442
0.679978700745474,0.5770447356529598
0.6799446160400469,0.5769543605964754
0.6799829551507404,0.576863985539991
0.6799488600042617,0.5767736104835065
0.679914757591902,0.5766832354270222
0.6799531066822978,0.5765928603705377
0.679991472124507,0.5765024853140533
0.6799573560767591,0.5764121102575689
0.6799957346982299,0.5763217352010845
0.6800341296928327,0.5762313601446001
0.6801066666666666,0.5762313601446001
0.6800725410710475,0.5761409850881157
0.680038408193748,0.5760506100316313
0.6800042680324371,0.5759602349751468
0.6799701205847828,0.5758698599186625
0.6800085387981641,0.575779484862178
0.6799743808710503,0.5756891098056937
0.6799402156506886,0.5755987347492092
0.6799786438868126,0.5755083596927248
0.6800170885399979,0.5754179846362404
0.680055549620767,0.575327609579756
0.6800213675213675,0.5752372345232716
0.6800598418465484,0.5751468594667871
0.6800256492465534,0.5750564844103028
0.6799914493373237,0.5749661093538183
0.6799572421165152,0.574875734297334
0.6799230275817832,0.5747853592408495
0.6798888057307816,0.5746949841843652
0.6798545765611634,0.5746046091278807
0.6798930481283423,0.5745142340713963
0.6799315361574668,0.5744238590149119
0.6798972932491708,0.5743334839584274
0.6798630430130537,0.5742431089019431
0.6799015410958904,0.5741527338454586
0.6798672803168148,0.5740623587889743
0.6799057916711273,0.5739719837324898
0.6798715203426124,0.5738816086760055
0.6798372416746975,0.573791233619521
0.6798029556650246,0.5737008585630367
0.6797686623112349,0.5736104835065522
0.6797343616109683,0.5735201084500677
0.6797000535618639,0.5734297333935834
0.6796657381615598,0.5733393583370989
0.6796314154076931,0.5732489832806146
0.6796699174793699,0.5731586082241301
0.6796355841371918,0.5730682331676458
0.6796012434344517,0.5729778581111613
0.6795668953687821,0.572887483054677
0.6796397555484078,0.572887483054677
0.6796782841823056,0.5727971079981925
0.6797168293467768,0.572706732941708
0.6797553910524622,0.5726163578852237
0.6797939693100118,0.5725259828287392
0.6797596050654647,0.5724356077722549
0.6797981966509231,0.5723452327157704
0.6798368048099634,0.5722548576592861
0.6798754295532646,0.5721644826028016
0.6799140708915145,0.5720741075463173
0.6799527288354104,0.5719837324898328
0.6799183410336306,0.5718933574333483
0.6799570123589468,0.571802982376864
0.6799226139294927,0.5717126073203795
0.6799957003117274,0.5717126073203795
0.6799612986454526,0.5716222322638952
0.6799268895817654,0.5715318572074107
0.68,0.5715318572074107
0.6799655876976018,0.5714414821509264
0.6799311679931168,0.5713511070944419
0.6798967408841562,0.5712607320379576
0.6798623063683304,0.5711703569814731
0.6799354491662184,0.5711703569814731
0.6799010114052076,0.5710799819249887
0.6798665662326482,0.5709896068685043
0.6799052846841029,0.5708992318120198
0.6798708288482239,0.5708088567555355
0.6799095607235142,0.570718481699051
0.6798750942177237,0.5706281066425667
0.6799483092827913,0.5706281066425667
0.6799138395261174,0.5705377315860822
0.6798793623438173,0.5704473565295979
0.6798448777334913,0.5703569814731134
0.6798103856927387,0.570266606416629
0.6797758862191574,0.5701762313601446
0.6797413793103448,0.5700858563036602
0.6798146351977584,0.5700858563036602
0.6798534008839064,0.5699954812471758
0.6798921832884097,0.5699051061906913
0.6799309824220856,0.569814731134207
0.679969798295761,0.5697243560777225
0.6800086309202719,0.5696339810212382
0.6800474803064638,0.5695436059647537
0.6800863464651916,0.5694532309082693
0.6801252294073195,0.5693628558517849
0.6800906931548262,0.5692724807953005
0.6801295896328293,0.5691821057388161
0.6801685029163966,0.5690917306823317
0.680133952684455,0.5690013556258473
0.6802074330164217,0.5690013556258473
0.6801728795245813,0.5689109805693628
0.6801383185649449,0.5688206055128785
0.6801772589710333,0.568730230456394
0.6801426872770512,0.5686398553999096
0.6802162162162162,0.5686398553999096
0.6801816412585144,0.5685494803434252
0.6802206120904077,0.5684591052869408
0.6801860263897902,0.5683687302304564
0.680151433207139,0.568278355173972
0.6802250108178278,0.568278355173972
0.6801904143676295,0.5681879801174876
0.6802294124012552,0.5680976050610032
0.6801948051948052,0.5680072300045188
0.680160190496807,0.5679168549480343
0.6801255683048278,0.5678264798915499
0.6801645734084019,0.5677361048350655
0.6801299404439631,0.5676457297785811
0.680168959168201,0.5675553547220967
0.68013431542461,0.5674649796656123
0.6801733477789815,0.5673746046091279
0.6801386932495395,0.5672842295526435
0.6801777392435244,0.5671938544961591
0.6801430739215262,0.5671034794396747
0.6801084010840108,0.5670131043831902
0.6800737207285342,0.5669227293267058
0.6801127738017784,0.5668323542702214
0.680078082637458,0.566741979213737
0.680117149365441,0.5666516041572526
0.68008244738555,0.5665612291007682
0.6800477378756645,0.5664708540442838
0.6801215277777778,0.5664708540442838
0.6800868149755833,0.5663804789877994
0.6800520946385934,0.566290103931315
0.6800911854103343,0.5661997288748305
0.6800564542394962,0.5661093538183462
0.6800955586925833,0.5660189787618617
0.6801346801346801,0.5659286037053773
0.6801738185768604,0.5658382286488929
0.6801390699695784,0.5657478535924085
0.6801782221256248,0.5656574785359241
0.6801434626671014,0.5655671034794397
0.6801826285465812,0.5654767284229553
0.6802218114602587,0.5653863533664708
0.6801870378425402,0.5652959783099865
0.6801522566612289,0.565205603253502
0.6801174679138569,0.5651152281970176
0.6801566579634465,0.5650248531405332
0.6801218583396801,0.5649344780840488
0.680195865070729,0.5649344780840488
0.6801610621395147,0.5648441030275644
0.6801262516325642,0.56475372797108
0.6801654691922491,0.5646633529145956
0.6801306477953184,0.5645729778581111
0.680095818815331,0.5644826028016268
0.6800609822498094,0.5643922277451423
0.6801350468307559,0.5643922277451423
0.6802091275460189,0.5643922277451423
0.6801742919389978,0.564301852688658
0.680139448741693,0.5642114776321735
0.6801787076386618,0.5641211025756891
0.6801438535309503,0.5640307275192047
0.6801089918256131,0.5639403524627203
0.6801482612013517,0.5638499774062359
0.6801133885739207,0.5637596023497514
0.6801526717557251,0.5636692272932671
0.6801177881993674,0.5635788522367826
0.6801570851969019,0.5634884771802983
0.6801963993453355,0.5633981021238138
0.6801615015277171,0.5633077270673295
0.6802008295132067,0.563217352010845
0.6801659207510097,0.5631269769543606
0.6802052625832514,0.5630366018978762
0.680244621600961,0.5629462268413917
0.6802096985583224,0.5628558517849074
0.6802490714441775,0.5627654767284229
0.6802884615384616,0.5626751016719386
0.680327868852459,0.5625847266154541
0.6802929281888731,0.5624943515589698
0.680257979886314,0.5624039765024853
0.6802230239422762,0.562313601446001
0.6802624384909787,0.5622232263895165
0.6802274715660542,0.562132851333032
0.6801924969922345,0.5620424762765477
0.6801575147670094,0.5619521012200632
0.6801969365426696,0.5618617261635789
0.680161943319838,0.5617713511070944
0.6801269424381703,0.5616809760506101
0.6802013790084273,0.5616809760506101
0.6801663747810858,0.5615906009941256
0.6802058243923801,0.5615002259376413
0.6802452912833991,0.5614098508811568
0.6802847754654984,0.5613194758246723
0.680249753532698,0.561229100768188
0.6802147239263804,0.5611387257117035
0.6802542187157572,0.5610483506552192
0.6802191780821918,0.5609579755987347
0.6802586868354707,0.5608676005422504
0.6803332602499452,0.5608676005422504
0.6802982129152505,0.5607772254857659
0.6803377563329313,0.5606868504292816
0.6803773170999232,0.5605964753727971
0.6803422553751646,0.5605061003163126
0.6803071859572134,0.5604157252598283
0.6803467573795676,0.5603253502033438
0.6803863461749533,0.5602349751468595
0.680425952354814,0.560144600090375
0.6803908651734739,0.5600542250338907
0.6803557702865928,0.5599638499774062
0.6803953871499177,0.5598734749209219
0.6803602811950791,0.5597830998644374
0.6803251675271889,0.559692724807953
0.6802900461437047,0.5596023497514686
0.6803296703296703,0.5595119746949841
0.6803693119366894,0.5594215996384998
0.6803341761020116,0.5593312245820153
0.6804089709762533,0.5593312245820153
0.680373831775701,0.559240849525531
0.680338684847152,0.5591504744690465
0.6803783545974483,0.5590600994125622
0.6803431965680343,0.5589697243560777
0.680382880404885,0.5588793492995933
0.6803477112676056,0.5587889742431089
0.6803125343897876,0.5586985991866245
0.6802773497688752,0.5586082241301401
0.6803170409511229,0.5585178490736556
0.6803567496146223,0.5584274740171713
0.6803215504900342,0.5583370989606868
0.6802863436123348,0.5582467239042025
0.6803260630094734,0.558156348847718
0.6802908449928391,0.5580659737912336
0.6803305785123966,0.5579755987347492
0.680370329549212,0.5578852236782648
0.6803350970017636,0.5577948486217804
0.6803748621830209,0.557704473565296
0.6803396184805381,0.5576140985088116
0.6803043670048522,0.5575237234523271
0.6802691077533914,0.5574333483958428
0.6803088803088803,0.5573429733393583
0.6803486704181838,0.5572525982828739
0.6803133966011918,0.5571622232263895
0.6803532008830022,0.5570718481699051
0.6803179158847555,0.5569814731134207
0.680282623095606,0.5568910980569363
0.6803224381625441,0.5568007230004519
0.6803622708195273,0.5567103479439675
0.6803269634375345,0.5566199728874831
0.6802916482545294,0.5565295978309986
0.6803314917127072,0.5564392227745142
0.6803713527851459,0.5563488477180298
0.6804112314835287,0.5562584726615454
0.6804511278195489,0.556168097605061
0.6804910418049104,0.5560777225485766
0.6804557018028979,0.5559873474920922
0.6804203539823008,0.5558969724356078
0.6803849983405243,0.5558065973791234
0.6804249197742613,0.555716222322639
0.680464858882125,0.5556258472661545
0.6804294885986274,0.5555354722096701
0.6804694419840567,0.5554450971531857
0.6805094130675526,0.5553547220967013
0.6805494018608773,0.5552643470402169
0.6805140135150105,0.5551739719837325
0.6805540166204986,0.5550835969272481
0.6805186170212766,0.5549932218707637
0.6804832095755292,0.5549028468142793
0.6804477942806473,0.5548124717577948
0.6804123711340206,0.5547220967013105
0.6804523783124515,0.554631721644826
0.6804924032383276,0.5545413465883416
0.6805324459234608,0.5544509715318572
0.6804970046594186,0.5543605964753728
0.6805370616955171,0.5542702214188884
0.6805016091443791,0.554179846362404
0.6804661487236404,0.5540894713059196
0.6805416805416805,0.5540894713059196
0.68050621669627,0.5539990962494351
0.6805463024650233,0.5539087211929508
0.6805108273181566,0.5538183461364663
0.6804753442914261,0.553727971079982
0.6805154410131082,0.5536375960234975
0.6805555555555556,0.5535472209670131
0.6805200577841982,0.5534568459105287
0.680484552122694,0.5533664708540443
0.6804490385684117,0.5532760957975599
0.6804135171187194,0.5531857207410754
0.6803779877709839,0.5530953456845911
0.6804181029689759,0.5530049706281066
0.6803825622775801,0.5529145955716223
0.680347013680347,0.5528242205151378
0.6803114571746385,0.5527338454586534
0.6803515798842902,0.552643470402169
0.6803917204540396,0.5525530953456846
0.6803561491374513,0.5524627202892002
0.680320569902048,0.5523723452327157
0.6802849827451853,0.5522819701762314
0.6802493876642173,0.5521915951197469
0.6802895322939866,0.5521012200632626
0.6803296948095344,0.5520108450067781
0.6802940848835914,0.5519204699502938
0.6803342618384401,0.5518300948938093
0.6802986405170492,0.551739719837325
0.6802630112559902,0.5516493447808405
0.6803388319215337,0.5516493447808405
0.6803031991974139,0.551558969724356
0.6803434050618798,0.5514685946678717
0.6803836288613806,0.5513782196113872
0.6803479812625474,0.5512878445549029
0.6803123257110987,0.5511974694984184
0.680276662204373,0.5511070944419341
0.6802409907397077,0.5510167193854496
0.6802812186139939,0.5509263443289653
0.6802455357142857,0.5508359692724808
0.6802857780754633,0.5507455942159963
0.6803260384100045,0.550655219159512
0.6802903405918481,0.5505648441030275
0.6803306154361667,0.5504744690465432
0.6803709082784046,0.5503840939900587
0.6803351955307263,0.5502937189335744
0.6803755029056773,0.5502033438770899
0.6804515480049178,0.5502033438770899
0.6804158283031523,0.5501129688206056
0.6803801006148686,0.5500225937641211
0.6803443649373881,0.5499322187076366
0.6804204405680421,0.5499322187076366
0.6803847014090807,0.5498418436511523
0.6804250559284116,0.5497514685946678
0.6803893052914196,0.5496610935381835
0.6803535466547326,0.549570718481699
0.6803939122649956,0.5494803434252147
0.6804342959480636,0.5493899683687302
0.6803985223329229,0.5492995933122459
0.6804389206135931,0.5492092182557614
0.6804031354983203,0.549118843199277
0.6804435483870968,0.5490284681427926
0.6804839793860632,0.5489380930863081
0.6805244285073958,0.5488477180298238
0.6805648957632818,0.5487573429733393
0.6805290886671898,0.548666967916855
0.6804932735426009,0.5485765928603705
0.6804574503868147,0.5484862178038862
0.6804979253112033,0.5483958427474017
0.6804620906235981,0.5483054676909173
0.6804262478968032,0.5482150926344329
0.6805025802109042,0.5482150926344329
0.6805430879712747,0.5481247175779485
0.6805836139169472,0.5480343425214641
0.6806241580601706,0.5479439674649796
0.6806647204132046,0.5478535924084953
0.6807411566535654,0.5478535924084953
0.6807053009883198,0.5477632173520108
0.6806694372683365,0.5476728422955265
0.6806335654909009,0.547582467239042
0.6807100325806089,0.547582467239042
0.6806741573033708,0.5474920921825576
0.6806382739633666,0.5474017171260732
0.6806023825578782,0.5473113420695888
0.6805664830841857,0.5472209670131044
0.6805305755395683,0.54713059195662
0.6804946599213041,0.5470402169001356
0.6804587362266696,0.5469498418436511
0.6804228044529406,0.5468594667871668
0.6804993252361673,0.5468594667871668
0.6804633899448881,0.5467690917306823
0.6804274465691789,0.5466787166741979
0.6804680468046804,0.5465883416177135
0.6805086653162278,0.5464979665612291
0.6805493021161639,0.5464075915047447
0.680589957216843,0.5463172164482603
0.680553991667605,0.5462268413917759
0.680518018018018,0.5461364663352914
0.6805586843883757,0.5460460912788071
0.6805226991100597,0.5459557162223226
0.6805633802816902,0.5458653411658382
0.6806040797926294,0.5457749661093538
0.6806447976552813,0.5456845910528694
0.6806855338820611,0.545594215996385
0.6806495263870095,0.5455038409399006
0.6806135107702718,0.5454134658834162
0.680654258319233,0.5453230908269318
0.6806182310469314,0.5452327157704474
0.680658993455202,0.545142340713963
0.6806229545198059,0.5450519656574785
0.6806637317981713,0.5449615906009941
0.6806276811921427,0.5448712155445097
0.6807045274923789,0.5448712155445097
0.6806684733514001,0.5447808404880253
0.6807092839394624,0.5446904654315409
0.6806732181181521,0.5446000903750565
0.6807140436108914,0.5445097153185721
0.680677966101695,0.5444193402620877
0.6807548875579161,0.5444193402620877
0.6807188065099458,0.5443289652056033
0.6806827173053013,0.5442385901491188
0.6806466199412163,0.5441482150926344
0.6806105144149237,0.54405784003615
0.6805744007236545,0.5439674649796656
0.6806152454195883,0.5438770899231812
0.6806561085972851,0.5437867148666968
0.6806199796357054,0.5436963398102124
0.6806608577571575,0.543605964753728
0.6807378904481666,0.543605964753728
0.6807017543859649,0.5435155896972436
0.6807426695346994,0.5434252146407591
0.6807836032159439,0.5433348395842748
0.6807474518686296,0.5432444645277903
0.6807112923320875,0.543154089471306
0.6807522374532684,0.5430637144148215
0.6807160661681396,0.5429733393583371
0.6806798866855525,0.5428829643018527
0.680720843250595,0.5427925892453683
0.6807618183879379,0.5427022141888839
0.6808028121102165,0.5426118391323994
0.6807666137446133,0.5425214640759151
0.6808076225045372,0.5424310890194306
0.6808486498751986,0.5423407139629463
0.6808896958692692,0.5422503389064618
0.6808534786062876,0.5421599638499774
0.6808945396753321,0.542069588793493
0.6809356193936641,0.5419792137370086
0.6808993867817397,0.5418888386805242
0.680940481599273,0.5417984636240397
0.6809042371918664,0.5417080885675554
0.6808679845489661,0.5416177135110709
0.6809090909090909,0.5415273384545866
0.6809502159581723,0.5414369633981021
0.6809139479367966,0.5413465883416178
0.680955088118249,0.5412562132851333
0.6809962470146708,0.5411658382286489
0.6810374246388352,0.5410754631721645
0.6810011376564278,0.54098508811568
0.6809648424166572,0.5408947130591957
0.6809285389167046,0.5408043380027112
0.6810060316376465,0.5408043380027112
0.6809697245618028,0.5407139629462269
0.6809334092202618,0.5406235878897424
0.6810109289617486,0.5406235878897424
0.6809746100421268,0.5405332128332581
0.6810158296321603,0.5404428377767736
0.6810570680031894,0.5403524627202893
0.6810207336523126,0.5402620876638048
0.6809843910219893,0.5401717126073203
0.6809480401093893,0.540081337550836
0.6809116809116809,0.5399909624943515
0.6809529237433033,0.5399005874378672
0.6809165526675787,0.5398102123813827
0.680957810718358,0.5397198373248984
0.6809214277568708,0.5396294622684139
0.6809627010379834,0.5395390872119296
0.6809263061829797,0.5394487121554451
0.6809675947056139,0.5393583370989606
0.6810089020771514,0.5392679620424763
0.6810502283105023,0.5391775869859918
0.6810138143623702,0.5390872119295075
0.6810551558752997,0.538996836873023
0.6810187300137049,0.5389064618165387
0.6809822958309537,0.5388160867600542
0.6810600868174549,0.5388160867600542
0.681101462522852,0.5387257117035699
0.6810650211404411,0.5386353366470854
0.6810285714285714,0.538544961590601
0.6809921133843868,0.5384545865341166
0.6810334971990397,0.5383642114776321
0.681111365195518,0.5383642114776321
0.6810748999428244,0.5382738364211478
0.6811163216287316,0.5381834613646633
0.6811577622697632,0.538093086308179
0.6811992218789336,0.5380027112516945
0.6811627374685283,0.5379123361952102
0.6812407004692687,0.5379123361952102
0.6812042124542125,0.5378219611387257
0.6811677160847167,0.5377315860822413
0.6812092064582618,0.5376412110257569
0.6811726981218507,0.5375508359692724
0.6812142038946163,0.5374604609127881
0.6811776835834574,0.5373700858563036
0.6812192047668156,0.5372797107998193
0.6812607449856733,0.5371893357433348
0.6812242090784044,0.5370989606868505
0.6811876647942222,0.537008585630366
0.6811511121302454,0.5369182105738816
0.6811926605504587,0.5368278355173972
0.6811560958825553,0.5367374604609128
0.6811195228263364,0.5366470854044284
0.6811976597453252,0.5366470854044284
0.6811610830656264,0.5365567103479439
0.6812026623823731,0.5364663352914596
0.6812442607897153,0.5363759602349751
0.681207668465159,0.5362855851784908
0.6812492823515903,0.5361952101220063
0.6812909153554612,0.5361048350655219
0.6813691706868826,0.5361048350655219
0.6813325674899483,0.5360144600090375
0.6812959558823529,0.5359240849525531
0.6812593358611972,0.5358337098960687
0.6812227074235808,0.5357433348395843
0.6811860705666015,0.5356529597830999
0.6811494252873563,0.5355625847266154
0.6811910784088296,0.5354722096701311
0.6812694032424974,0.5354722096701311
0.6812327506899724,0.5353818346136466
0.6812744421440073,0.5352914595571622
0.6813528126078454,0.5352914595571622
0.6813161527841693,0.5352010845006778
0.6812794845242205,0.5351107094441934
0.6812428078250863,0.535020334387709
0.6812061226838532,0.5349299593312246
0.6811694290976059,0.5348395842747402
0.6812478416023944,0.5348395842747402
0.6812895797351756,0.5347492092182557
0.6812528788576693,0.5346588341617714
0.6812946325731398,0.5345684591052869
0.6812579195945168,0.5344780840488025
0.681221198156682,0.5343877089923181
0.6812629638165476,0.5342973339358337
0.6812262302639162,0.5342069588793493
0.6811894882434302,0.5341165838228649
0.6812312658519714,0.5340262087663805
0.6812730627306273,0.5339358337098961
0.6812363049244609,0.5338454586534117
0.681199538638985,0.5337550835969272
0.6812413474850023,0.5336647085404428
0.6812045690550363,0.5335743334839584
0.6811677821370875,0.533483958427474
0.6811309867282169,0.5333935833709896
0.681172803878564,0.5333032083145052
0.6811359963057031,0.5332128332580208
0.6810991802332295,0.5331224582015364
0.6811410093544289,0.533032083145052
0.6811828578029341,0.5329417080885676
0.6811460258780037,0.5328513330320831
0.6811091854419411,0.5327609579755987
0.6811878899930668,0.5327609579755987
0.6811510458800416,0.5326705829191143
0.6811141932501156,0.5325802078626299
0.6810773321003353,0.5324898328061455
0.6811192045323159,0.5323994577496611
0.6811610963339887,0.5323090826931767
0.6811242192921583,0.5322187076366923
0.6810873337189126,0.5321283325802079
0.6810504396112911,0.5320379575237234
0.6810135369663312,0.531947582467239
0.6809766257810692,0.5318572074107546
0.6809397060525402,0.5317668323542702
0.6809027777777777,0.5316764572977858
0.6809815950920245,0.5316764572977858
0.6809446631164622,0.5315860822413014
0.6809077225888619,0.531495707184817
0.6809496236247828,0.5314053321283326
0.6810284920083391,0.5314053321283326
0.6809915440750608,0.5313149570718482
0.6809545875810936,0.5312245820153637
0.6809176225234619,0.5311342069588794
0.6808806488991889,0.5310438319023949
0.6808436667052961,0.5309534568459106
0.6808855917468413,0.5308630817894261
0.6809275362318841,0.5307727067329417
0.6808905380333952,0.5306823316764573
0.6809324982602645,0.5305919566199729
0.6809744779582366,0.5305015815634885
0.6809374637428937,0.530411206507004
0.6809004409375725,0.5303208314505197
0.6809424326833797,0.5302304563940352
0.6809053975623912,0.5301400813375509
0.6809474050853361,0.5300497062810664
0.6809103576405017,0.529959331224582
0.680952380952381,0.5298689561680976
0.6809944237918215,0.5297785811116132
0.6809573602881376,0.5296882060551288
0.6809202881710434,0.5295978309986443
0.6808832074375363,0.52950745594216
0.6808461180846118,0.5294170808856755
0.680888165542897,0.5293267058291912
0.6808510638297872,0.5292363307727067
0.6808139534883721,0.5291459557162224
0.6807768345156413,0.5290555806597379
0.6807397069085834,0.5289652056032536
0.6807025706641852,0.5288748305467691
0.6807817589576547,0.5288748305467691
0.6807446189645142,0.5287844554902846
0.6807074703281359,0.5286940804338003
0.6807495344506518,0.5286037053773158
0.6807916181606519,0.5285133303208315
0.6807544533705903,0.528422955264347
0.6808337214718212,0.528422955264347
0.6807965529288459,0.5283325802078627
0.6808386721025044,0.5282422051513782
0.6808014911463187,0.5281518300948939
0.6807643015262729,0.5280614550384094
0.6808064328166881,0.5279710799819249
0.6807692307692308,0.5278807049254406
0.6807320200489567,0.5277903298689561
0.6807741634604174,0.5276999548124718
0.6808163265306122,0.5276095797559873
0.6808585092732999,0.527519204699503
0.6809007117022517,0.5274288296430185
0.6808634772462077,0.5273384545865342
0.6808262340996616,0.5272480795300497
0.6808684486984943,0.5271577044735652
0.6809479336913379,0.5271577044735652
0.6809106830122592,0.5270673294170809
0.680873423633816,0.5269769543605964
0.6809156739079655,0.5268865793041121
0.6808784020558346,0.5267962042476276
0.680841121495327,0.5267058291911433
0.6808833839682169,0.5266154541346588
0.6808460909197148,0.5265250790781745
0.6808087891538102,0.52643470402169
0.6807714786674459,0.5263443289652056
0.6808137495615574,0.5262539539087212
0.680776426566885,0.5261635788522367
0.6807390948427084,0.5260732037957524
0.6807017543859649,0.5259828287392679
0.6806644051935898,0.5258924536827836
0.6806270472625175,0.5258020786262991
0.6805896805896806,0.5257117035698148
0.6805523051720103,0.5256213285133303
0.6805945692883895,0.5255309534568459
0.6806368531959729,0.5254405784003615
0.6806791569086651,0.525350203343877
0.6807214804403842,0.5252598282873927
0.680763823805061,0.5251694532309082
0.6807264206209724,0.5250790781744239
0.6808061870166393,0.5250790781744239
0.6807687800304699,0.5249887031179394
0.680731364275668,0.5248983280614551
0.6807737397420868,0.5248079530049706
0.680736311408137,0.5247175779484862
0.680778702943591,0.5246272028920018
0.6807412620220502,0.5245368278355174
0.6807038123167155,0.524446452779033
0.6807462161210841,0.5243560777225486
0.6807087538136588,0.5242657026660642
0.6806712827132966,0.5241753276095797
0.6806338028169014,0.5240849525530954
0.680676215073961,0.5239945774966109
0.6807186472522311,0.5239042024401265
0.6807610993657506,0.5238138273836421
0.6808035714285714,0.5237234523271577
0.6808460634547591,0.5236330772706733
0.6808085556469621,0.5235427022141889
0.6807710390220969,0.5234523271577045
0.6808135433811427,0.52336195210122
0.6807760141093474,0.5232715770447357
0.6808185346348348,0.5231812019882512
0.6808986120912727,0.5231812019882512
0.6808610751676273,0.5230908269317668
0.6809036357218496,0.5230004518752824
0.6809462163116394,0.522910076818798
0.6809888169511478,0.5228197017623136
0.681031437654539,0.5227293267058292
0.6810740784359911,0.5226389516493448
0.6810365135453474,0.5225485765928604
0.6810791705937794,0.522458201536376
0.681121847749234,0.5223678264798916
0.6810842663523866,0.5222774514234071
0.6810466760961811,0.5221870763669227
0.681089365715633,0.5220967013104383
0.6810517627638251,0.5220063262539539
0.6810141509433962,0.5219159511974695
0.6810568530313753,0.5218255761409851
0.6810995752713545,0.5217352010845007
0.6810619469026549,0.5216448260280163
0.6811046854714977,0.5215544509715319
0.6811850802644004,0.5215544509715319
0.6811474442214615,0.5214640759150474
0.6811097992916175,0.521373700858563
0.6810721454717203,0.5212833258020786
0.6811149167355616,0.5211929507455942
0.6811953697141507,0.5211929507455942
0.6811577082102777,0.5211025756891098
0.6811200378071833,0.5210122006326254
0.6811628456629638,0.520921825576141
0.6812056737588652,0.5208314505196566
0.6811679867596643,0.5207410754631722
0.6812108312640416,0.5206507004066877
0.6811731315042573,0.5205603253502034
0.6812159924296192,0.5204699502937189
0.681178279900627,0.5203795752372345
0.681221157259496,0.5202892001807501
0.6812640549177418,0.5201988251242657
0.6812263257575758,0.5201084500677813
0.6812692398768648,0.5200180750112969
0.6812314979277679,0.5199276999548125
0.6811937470393179,0.519837324898328
0.6812366737739872,0.5197469498418437
0.6812796208530806,0.5196565747853592
0.6813225882910642,0.5195661997288749
0.6812848168780372,0.5194758246723904
0.6813278008298755,0.519385449615906
0.6812900165994783,0.5192950745594216
0.6812522234080398,0.5192046995029372
0.6813330170777988,0.5192046995029372
0.6813760379596678,0.5191143244464528
0.6813382370387946,0.5190239493899683
0.6813004271476032,0.518933574333484
0.6812626082829002,0.5188431992769995
0.6812247804414906,0.5187528242205152
0.6811869436201781,0.5186624491640307
0.6811490978157645,0.5185720741075464
0.6811921158869627,0.5184816990510619
0.6811542572141076,0.5183913239945775
0.6811163895486936,0.5183009489380931
0.6811594202898551,0.5182105738816086
0.6812024714828897,0.5181201988251243
0.6811645870469399,0.5180298237686398
0.6812076548199215,0.5179394487121555
0.6812507430745453,0.517849073655671
0.6812128418549346,0.5177586985991867
0.6811749316208824,0.5176683235427022
0.6811370123691722,0.5175779484862179
0.6812180325918877,0.5175779484862179
0.6811801094456341,0.5174875734297334
0.6811421772754312,0.5173971983732489
0.6812232270347454,0.5173971983732489
0.6811852909675116,0.5173068233167646
0.6811473458700309,0.5172164482602801
0.6811093917390787,0.5171260732037958
0.6810714285714285,0.5170356981473113
0.6811145510835913,0.516945323090827
0.6810765749672502,0.5168549480343425
0.681119714115545,0.5167645729778582
0.6810817250416964,0.5166741979213737
0.6811248808388942,0.5165838228648892
0.6811680572109654,0.5164934478084049
0.6812112541726275,0.5164030727519204
0.681254471738612,0.5163126976954361
0.681216457960644,0.5162223226389516
0.6811784351145038,0.5161319475824673
0.6812216654736339,0.5160415725259828
0.6812649164677804,0.5159511974694985
0.6812268767155986,0.515860822413014
0.6812701444431181,0.5157704473565295
0.6813134328358209,0.5156800723000452
0.6813567419085155,0.5155896972435607
0.6813186813186813,0.5154993221870764
0.6813620071684587,0.5154089471305919
0.6813239335643446,0.5153185720741076
0.6812858508604207,0.5152281970176231
0.6812477590534242,0.5151378219611388
0.6812096581400908,0.5150474469046543
0.6812910938433951,0.5150474469046543
0.6812529890004783,0.5149570718481699
0.681296340588376,0.5148666967916855
0.6812582227006339,0.514776321735201
0.6813397129186602,0.514776321735201
0.6814212226342864,0.514776321735201
0.6813831060062215,0.5146859466787167
0.6814265198659646,0.5145955716222322
0.6813883901855177,0.5145051965657479
0.6813502513765861,0.5144148215092634
0.6813121034358913,0.5143244464527791
0.6813936781609196,0.5143244464527791
0.6813555262842773,0.5142340713962946
0.6813989699365194,0.5141436963398102
0.6813608049832295,0.5140533212833258
0.6814042655164151,0.5139629462268414
0.6813660874775315,0.513872571170357
0.6813279002876318,0.5137821961138725
0.6813713737712779,0.5136918210573882
0.6814148681055155,0.5136014460009037
0.681458383305349,0.5135110709444194
0.6815019193857965,0.5134206958879349
0.6814637072585483,0.5133303208314505
0.681545476361891,0.5133303208314505
0.6815890542486798,0.5132399457749661
0.6816326530612244,0.5131495707184817
0.6816762728146013,0.5130591956619973
0.6816380449141347,0.5129688206055129
0.6816816816816816,0.5128784455490285
0.681643440653532,0.512788070492544
0.6816870944484499,0.5126976954360597
0.6817307692307693,0.5126073203795752
0.6816925111191249,0.5125169453230908
0.6816542438086078,0.5124265702666064
0.6816159672959,0.512336195210122
0.681659651232712,0.5122458201536376
0.6816213615588165,0.5121554450971532
0.6817033561891014,0.5121554450971532
0.681747082180243,0.5120650700406688
0.6817908292213263,0.5119746949841844
0.6817525276841598,0.5118843199277
0.6817962918372261,0.5117939448712155
0.6818400770712909,0.5117035698147311
0.68188388340159,0.5116131947582467
0.6818455607758102,0.5115228197017623
0.6818893842631643,0.5114324446452779
0.6818510484454086,0.5113420695887935
0.6818948891031823,0.5112516945323091
0.6818565400843882,0.5111613194758247
0.6818181818181818,0.5110709444193403
0.6817798143012179,0.5109805693628559
0.6818236642142081,0.5108901943063714
0.6817852834740651,0.510799819249887
0.6817468934732779,0.5107094441934026
0.6817907566067334,0.5106190691369182
0.6818346409173205,0.5105286940804338
0.681878546420379,0.5104383190239494
0.6819224731312643,0.510347943967465
0.6819664210653461,0.5102575689109806
0.6820103902380089,0.5101671938544962
0.6820543806646525,0.5100768187980117
0.6820983923606914,0.5099864437415274
0.6820599613152805,0.5098960686850429
0.6821039903264813,0.5098056936285585
0.6821480406386067,0.5097153185720741
0.682109592355147,0.5096249435155897
0.682071134768933,0.5095345684591053
0.682032667876588,0.5094441934026209
0.6820767275807817,0.5093538183461365
0.6820382473977246,0.509263443289652
0.6819997578985595,0.5091730682331677
0.6820438309722727,0.5090826931766832
0.6820053281666263,0.5089923181201989
0.6820494186046512,0.5089019430637144
0.6820109024833434,0.50881156800723
0.6820550102992851,0.5087211929507456
0.6820991394982426,0.5086308178942612
0.682060606060606,0.5085404428377768
0.6820220632803976,0.5084500677812923
0.6819835111542192,0.508359692724808
0.6820276497695853,0.5082693176683235
0.6819890842935112,0.5081789426118392
0.6820332403251244,0.5080885675553547
0.6819946614899296,0.5079981924988703
0.6820774177891032,0.5079981924988703
0.682121616701056,0.5079078174423859
0.682083029861617,0.5078174423859015
0.682044433653029,0.5077270673294171
0.6820058280718796,0.5076366922729326
0.6820500364342968,0.5075463172164483
0.6820114174662942,0.5074559421599638
0.6820556432997206,0.5073655671034795
0.6820170109356014,0.507275192046995
0.6820612542537676,0.5071848169905107
0.6820226084842591,0.5070944419340262
0.6819839533187454,0.5070040668775418
0.6820282101167315,0.5069136918210574
0.6820724884456336,0.5068233167645729
0.6820338158374893,0.5067329417080886
0.6819951338199514,0.5066425666516041
0.68207811169242,0.5066425666516041
0.6821224291103809,0.5065521915951198
0.6821667681071211,0.5064618165386353
0.682211128698405,0.506371441482151
0.6821724305893814,0.5062810664256665
0.682216808769793,0.5061906913691822
0.682261208576998,0.5061003163126977
0.6822224929937858,0.5060099412562132
0.6822669104204753,0.5059195661997289
0.6823113495062781,0.5058291911432444
0.6823558102670406,0.5057388160867601
0.6824002927186242,0.5056484410302756
0.6824447968769062,0.5055580659737913
0.6824893227577792,0.5054676909173068
0.6825338703771512,0.5053773158608225
0.6824951171875,0.505286940804338
0.6825396825396826,0.5051965657478535
0.6825009158627428,0.5051061906913692
0.6824621397166585,0.5050158156348847
0.6825067187881749,0.5049254405784004
0.6824679291386683,0.5048350655219159
0.6824291300097751,0.5047446904654316
0.6823903213980202,0.5046543154089471
0.6824349101576824,0.5045639403524628
0.6823960880195599,0.5044735652959783
0.6823572563883116,0.5043831902394939
0.6823184152604549,0.5042928151830095
0.6823630136986302,0.504202440126525
0.6824464831804281,0.504202440126525
0.6824076339613409,0.5041120650700407
0.6824522760646109,0.5040216900135562
0.6824969400244798,0.5039313149570719
0.6824580732035744,0.5038409399005874
0.6824191968658179,0.5037505648441031
0.682380311007714,0.5036601897876186
0.6823414156257653,0.5035698147311342
0.6823025107164727,0.5034794396746498
0.6822635962763351,0.5033890646181653
0.6823471762832292,0.5033890646181653
0.6823082577799559,0.503298689561681
0.6822693297390026,0.5032083145051965
0.6823140090697389,0.5031179394487122
0.682358710310163,0.5030275643922277
0.6824034334763949,0.5029371893357434
0.6823644836889871,0.5028468142792589
0.6824092247301276,0.5027564392227745
0.6823702613176298,0.5026660641662901
0.6824539877300614,0.5026660641662901
0.6824150202478831,0.5025756891098057
0.6823760432007855,0.5024853140533213
0.6824208200343727,0.5023949389968368
0.6824656188605108,0.5023045639403525
0.6825104396954065,0.502214188883868
0.6825552825552825,0.5021238138273837
0.6825162796412335,0.5020334387708992
0.6824772671418039,0.5019430637144148
0.6824382450534595,0.5018526886579304
0.6824830977258759,0.501762313601446
0.6824440619621343,0.5016719385449616
0.6824889326119036,0.5015815634884772
0.6825338253382534,0.5014911884319928
0.68249477180465,0.5014008133755083
0.6825396825396826,0.501310438319024
0.6825006153088851,0.5012200632625395
0.6824615384615385,0.5011296882060551
0.6825455440669621,0.5011296882060551
0.6825064631293857,0.5010393131495707
0.6824673725683329,0.5009489380930863
0.6824282723802487,0.5008585630366019
0.6823891625615763,0.5007681879801175
0.6824340970682434,0.5006778129236331
0.6824790537210449,0.5005874378671487
0.682524032536357,0.5004970628106643
0.6824849007765315,0.5004066877541798
0.6825298976698311,0.5003163126976954
0.6824907521578298,0.500225937641211
0.6825749167591565,0.500225937641211
0.6825357671435619,0.5001355625847266
0.6825808043424624,0.5000451875282422
0.6825416409623689,0.49995481247175777
0.682502467917078,0.49986443741527337
0.6824632852030112,0.49977406235878896
0.6825083323046538,0.49968368730230456
0.6825534016545253,0.49959331224582015
0.6825142010372932,0.49950293718933575
0.6824749907373101,0.49941256213285135
0.6824357707509882,0.49932218707636694
0.6824808500123548,0.49923181201988254
0.6824416162115409,0.4991414369633981
0.6824023727137914,0.4990510619069137
0.6823631195155111,0.49896068685042927
0.6824082086784522,0.49887031179394487
0.6823689416419386,0.49877993673746046
0.6823296648942747,0.49868956168097606
0.6822903784318576,0.49859918662449165
0.6822510822510822,0.49850881156800725
0.6822117763483424,0.49841843651152284
0.6821724607200297,0.4983280614550384
0.682256867112101,0.4983280614550384
0.6822175473332508,0.498237686398554
0.6821782178217822,0.4981473113420696
0.682138878574081,0.4980569362855852
0.6820995295865313,0.49796656122910077
0.6821446260525013,0.49787618617261636
0.6821052631578948,0.49778581111613196
0.6821897448600446,0.49778581111613196
0.6821503778025517,0.49769543605964756
0.6821955148060959,0.49760506100316315
0.6821561338289963,0.4975146859466787
0.6821167430908415,0.4974243108901943
0.682077342588002,0.4973339358337099
0.6820379323168464,0.4972435607772255
0.682083075015499,0.4971531857207411
0.6821282401091405,0.49706281066425667
0.6820888117092533,0.49697243560777227
0.6821339950372208,0.49688206055128786
0.6822186375480829,0.49688206055128786
0.6821792007942418,0.49679168549480346
0.6821397542509618,0.496701310438319
0.6821002979145978,0.4966109353818346
0.6820608317815021,0.4965205603253502
0.6821455177551528,0.4965205603253502
0.6821060474357382,0.4964301852688658
0.6821512855545895,0.4963398102123814
0.682111801242236,0.496249435155897
0.6821965461548019,0.496249435155897
0.6821570576540755,0.4961590600994126
0.6822023365647527,0.49606868504292817
0.6821628340584214,0.49597830998644377
0.6821233217304824,0.4958879349299593
0.6821686147724446,0.4957975598734749
0.6821290884218381,0.4957071848169905
0.682089552238806,0.4956168097605061
0.682050006219679,0.4955264347040217
0.6821348594177656,0.4955264347040217
0.6820953091949733,0.4954360596475373
0.6820557491289199,0.4953456845910529
0.682101070450585,0.4952553095345685
0.6821464143426295,0.4951649344780841
0.6821917808219178,0.4950745594215996
0.6821521982812305,0.4949841843651152
0.682112605879422,0.4948938093086308
0.6820730036128068,0.4948034342521464
0.6820333914776975,0.494713059195662
0.681993769470405,0.4946226841391776
0.6820391374797458,0.4945323090826932
0.6820845281137016,0.4944419340262088
0.6821299413892007,0.4943515589697244
0.6821753773231882,0.4942611839132399
0.6822604790419161,0.4942611839132399
0.6822208359326263,0.4941708088567555
0.6822663172344939,0.4940804338002711
0.682226660009985,0.4939900587437867
0.682311821245787,0.4939900587437867
0.6823573479835185,0.4938996836873023
0.6824028974647184,0.4938093086308179
0.6823632275793156,0.4937189335743335
0.6823235477826358,0.4936285585178491
0.6822838580709645,0.4935381834613647
0.6822441584405848,0.49344780840488023
0.6822044488877781,0.4933574333483958
0.68225,0.4932670582919114
0.6822102762845356,0.493176683235427
0.6822558459422283,0.4930863081789426
0.682216108054027,0.4929959331224582
0.6822616962722041,0.4929055580659738
0.6823073073073073,0.4928151830094894
0.6823529411764706,0.492724807953005
0.6823131806233571,0.49263443289652054
0.6822734101151727,0.49254405784003613
0.6822336296481782,0.4924536827835517
0.6822792736380714,0.4923633077270673
0.6823249404985594,0.4922729326705829
0.6823706302468362,0.4921825576140985
0.6823308270676691,0.4920921825576141
0.6822910139115177,0.4920018075011297
0.6823367180644353,0.4919114324446453
0.6823824451410658,0.49182105738816084
0.6824281951586605,0.49173068233167644
0.6823883592574009,0.49164030727519203
0.6823485133609334,0.49154993221870763
0.682394277826578,0.4914595571622232
0.6823544176706827,0.4913691821057388
0.682400200853628,0.4912788070492544
0.682360326428123,0.49118843199277
0.6823204419889503,0.4910980569362856
0.682280547532337,0.49100768187980115
0.6822406430545089,0.49091730682331675
0.6822007285516895,0.49082693176683234
0.6821608040201005,0.49073655671034794
0.6821208694559618,0.49064618165386353
0.6820809248554913,0.49055580659737913
0.6821266968325792,0.4904654315408947
0.6820867379006914,0.4903750564844103
0.6820467689212975,0.4902846814279259
0.682092555331992,0.49019430637144146
0.6820525720035215,0.49010393131495705
0.6820125786163522,0.49001355625847265
0.6820583794665325,0.48992318120198824
0.6820183717125959,0.48983280614550384
0.6821042033727662,0.48983280614550384
0.6820641913152926,0.48974243108901944
0.6821100339921944,0.48965205603253503
0.6820700075547721,0.48956168097605063
0.6821158690176322,0.4894713059195662
0.6820758281899484,0.48938093086308176
0.6820357772738725,0.48929055580659736
0.6820816532258065,0.48920018075011296
0.6821275523065289,0.48910980569362855
0.682173474533535,0.48901943063714415
0.6821334005800025,0.48892905558065974
0.6821793416572077,0.48883868052417534
0.6821392532795156,0.48874830546769094
0.6820991547874353,0.48865793041120653
0.6820590461771385,0.48856755535472207
0.682018927444795,0.48847718029823767
0.6820648744162565,0.48838680524175326
0.6820247412269629,0.48829643018526886
0.682070707070707,0.48820605512878446
0.6820305594140674,0.48811568007230005
0.6819904016165699,0.48802530501581565
0.6819502336743716,0.48793492995933124
0.6819962097283638,0.48784455490284684
0.6819560272934041,0.4877541798463624
0.6820020222446916,0.487663804789878
0.6820480404551201,0.48757342973339357
0.6820940819423369,0.48748305467690917
0.6820538763121285,0.48739267962042476
0.6820136605110043,0.48730230456394036
0.6819734345351044,0.48721192950745595
0.6820194862710364,0.48712155445097155
0.6819792457605669,0.48703117939448715
0.681938995063916,0.4869408043380027
0.6818987341772151,0.4868504292815183
0.6819447961509243,0.4867600542250339
0.6819045207040648,0.4866696791685495
0.6818642350557245,0.48657930411206507
0.6819103116290853,0.48648892905558067
0.6819564115560061,0.48639855399909626
0.6820025348542459,0.48630817894261186
0.6820486815415822,0.48621780388612745
0.6820083682008368,0.486127428829643
0.6820545339251743,0.4860370537731586
0.6820142059868087,0.4859466787166742
0.681973867816821,0.4858563036601898
0.6820200482172313,0.4857659286037054
0.6820662520624444,0.485675553547221
0.6821124793703186,0.48558517849073657
0.6820721178263077,0.48549480343425216
0.6821183642367284,0.48540442837776776
0.6820779880604598,0.4853140533212833
0.6821242535891247,0.4852236782647989
0.6820838627700128,0.4851333032083145
0.6820434616850934,0.4850429281518301
0.6820897419600864,0.4849525530953457
0.6821360457724094,0.4848621780388613
0.682182373140023,0.4847718029823769
0.6822287240809057,0.48468142792589247
0.6821882951653944,0.48459105286940807
0.6821478559613182,0.4845006778129236
0.682234665309239,0.4845006778129236
0.682194221713122,0.4844103027564392
0.682153767820774,0.4843199276999548
0.6821133036282623,0.4842295526434704
0.6820728291316527,0.484139177586986
0.6820323443270088,0.4840488025305016
0.6820787160871227,0.4839584274740172
0.6821251114791693,0.4838680524175328
0.6821715305212183,0.4837776773610484
0.6822179732313576,0.4836873023045639
0.6821774604793472,0.4835969272480795
0.6822644396276935,0.4835969272480795
0.682310929728351,0.4835065521915951
0.6822704081632653,0.4834161771351107
0.6823169175810155,0.4833258020786263
0.6822763812683424,0.4832354270221419
0.6823229100191449,0.4831450519656575
0.6822823589481746,0.4830546769091731
0.6823289070480082,0.4829643018526887
0.6823754789272031,0.4828739267962042
0.6823349086728828,0.4827835517397198
0.6823814999361185,0.4826931766832354
0.6823409148990545,0.482602801626751
0.6823003194888179,0.4825124265702666
0.6823469257318164,0.4824220515137822
0.6823063155203273,0.4823316764572978
0.6823935558112774,0.4823316764572978
0.6824402097454918,0.4822413014008134
0.6824868875527696,0.482150926344329
0.682446264073695,0.48206055128784453
0.6824929613514206,0.4819701762313601
0.6824523230513247,0.4818798011748757
0.6824116743471582,0.4817894261183913
0.6823710152349252,0.4816990510619069
0.6824177231399667,0.4816086760054225
0.6823770491803278,0.4815183009489381
0.6823363648008198,0.4814279258924537
0.6822956699974378,0.4813375508359693
0.6822549647661755,0.48124717577948484
0.6822142491030241,0.48115680072300043
0.6821735230039728,0.48106642566651603
0.682132786465009,0.4809760506100316
0.6820920394821177,0.4808856755535472
0.6821387357353507,0.4807953004970628
0.6821854559445941,0.4807049254405784
0.6821446895844022,0.480614550384094
0.6821914293045933,0.4805241753276096
0.6821506480174515,0.48043380027112514
0.6821974072647927,0.48034342521464074
0.6821566110397946,0.48025305015815634
0.6821158043394531,0.48016267510167193
0.6820749871597329,0.4800723000451875
0.6820341594965968,0.4799819249887031
0.6820809248554913,0.4798915499322187
0.6821277142490042,0.4798011748757343
0.6821745276956689,0.4797107998192499
0.6821336760925449,0.47962042476276545
0.6821805091283106,0.47953004970628105
0.682227366255144,0.47943967464979664
0.6822742474916388,0.47934929959331224
0.6823211528564076,0.47925892453682784
0.6822802728091623,0.47916854948034343
0.6823271978375596,0.479078174423859
0.6822863027806385,0.4789877993673746
0.6822453971932535,0.4788974243108902
0.6822044810713366,0.47880704925440576
0.6822514167954663,0.47871667419792135
0.682210485636996,0.47862629914143695
0.682257441051411,0.47853592408495255
0.6823044206727671,0.47844554902846814
0.6823514245197886,0.47835517397198374
0.6823104693140795,0.47826479891549933
0.6823574929068867,0.47817442385901493
0.6823165226363989,0.4780840488025305
0.6824045407636739,0.4780840488025305
0.682363565991485,0.47799367374604607
0.6824106336301459,0.47790329868956166
0.682498709344347,0.47790329868956166
0.6824577255711889,0.47781292363307726
0.6824167312161116,0.47772254857659285
0.682504841833441,0.47772254857659285
0.6824638429752066,0.47763217352010845
0.6824228335270567,0.47754179846362405
0.6824699651207854,0.47745142340713964
0.6824289405684755,0.47736104835065524
0.6823879054141362,0.47727067329417083
0.6823468596536573,0.4771802982376864
0.6823940020682523,0.47708992318120197
0.6823529411764706,0.47699954812471757
0.6823118696664081,0.47690917306823316
0.6822707875339454,0.47681879801174876
0.6822296947749612,0.47672842295526435
0.6821885913853318,0.47663804789877995
0.6821474773609314,0.47654767284229554
0.6822357355414672,0.47654767284229554
0.6821946169772257,0.47645729778581114
0.6822417809992234,0.4763669227293267
0.6822006472491909,0.4762765476728423
0.6822478311536968,0.4761861726163579
0.6822066822066822,0.47609579755987347
0.6822538860103627,0.47600542250338906
0.6822127218551626,0.47591504744690466
0.68217154703291,0.47582467239042026
0.6821303615394584,0.47573429733393585
0.6821775761503565,0.47564392227745145
0.6822248152469856,0.475553547220967
0.6822720788483984,0.4754631721644826
0.682230869001297,0.4753727971079982
0.6821896484628357,0.4752824220515138
0.6822369274685351,0.47519204699502937
0.6821956916688294,0.47510167193854497
0.682154445165477,0.47501129688206056
0.682201739581981,0.47492092182557616
0.6821604777979745,0.47483054676909175
0.6822077922077923,0.4747401717126073
0.6822551312029098,0.4746497966561229
0.6823024948024948,0.4745594215996385
0.6823498830257343,0.4744690465431541
0.6823972958918356,0.4743786714866697
0.6823560005200884,0.4742882964301853
0.682444733420026,0.4742882964301853
0.6824034334763949,0.47419792137370087
0.6824508911148692,0.47410754631721647
0.6824095758521989,0.47401717126073206
0.6824570536179073,0.4739267962042476
0.6824157230248601,0.4738364211477632
0.6824632209347741,0.4737460460912788
0.682421875,0.4736556710347944
0.6823805182966532,0.47356529597831
0.6823391508205262,0.4734749209218256
0.6823866597186035,0.4733845458653412
0.6823452768729642,0.4732941708088568
0.6823038832421162,0.47320379575237237
0.6823928059429167,0.47320379575237237
0.6823514077163713,0.4731134206958879
0.682309998696389,0.4730230456394035
0.6823575433563698,0.4729326705829191
0.6823161189358372,0.4728422955264347
0.6824051128211817,0.4728422955264347
0.6823636837985911,0.4727519204699503
0.68241127348643,0.4726615454134659
0.6823698290486755,0.4725711703569815
0.6823283737927434,0.4724807953004971
0.6822869077143976,0.4723904202440127
0.6823345084214649,0.4723000451875282
0.6822930268999738,0.4722096701310438
0.6822515345435549,0.4721192950745594
0.6822991508817766,0.472028920018075
0.6823467921076702,0.4719385449615906
0.682305279665447,0.4718481699051062
0.6822637563717161,0.4717577948486218
0.6822222222222222,0.4716674197921374
0.6821806772127076,0.471577044735653
0.6821391213389121,0.4714866696791685
0.6821867643212137,0.4713962946226841
0.6821451929365598,0.4713059195661997
0.6821928562082952,0.4712155445097153
0.6822405444313572,0.4711251694532309
0.6821989528795811,0.4710347943967465
0.6821573504385391,0.4709444193402621
0.6822050543407097,0.4708540442837777
0.6822527832351015,0.4707636692272933
0.6822111605973278,0.47067329417080883
0.6821695270535831,0.4705829191143244
0.6821278825995807,0.47049254405784
0.6820862272310313,0.4704021690013556
0.6820445609436435,0.4703117939448712
0.6820028837331236,0.4702214188883868
0.6819611955951757,0.4701310438319024
0.6820089168633622,0.470040668775418
0.6820566631689402,0.4699502937189336
0.6820149547422275,0.46985991866244914
0.6820627214276341,0.46976954360596473
0.6820209973753281,0.46967916854948033
0.682068784457863,0.4695887934929959
0.6821165966386554,0.4694984184365115
0.6820748522652659,0.4694080433800271
0.6821226848811244,0.4693176683235427
0.6821705426356589,0.4692272932670583
0.6822184255486924,0.4691369182105739
0.6822663336400684,0.46904654315408945
0.6823142669296516,0.46895616809760504
0.6823622254373274,0.46886579304112064
0.6824102091830022,0.46877541798463623
0.6823684210526316,0.46868504292815183
0.6824164253750987,0.4685946678716674
0.6825062524680795,0.4685946678716674
0.6824644549763034,0.468504292815183
0.682512509876218,0.4684139177586986
0.6825605900948367,0.4683235427022142
0.6826086956521739,0.46823316764572975
0.6826568265682657,0.46814279258924535
0.682614999340978,0.46805241753276094
0.6827049828631689,0.46805241753276094
0.6826631509558339,0.46796204247627654
0.6826213080168776,0.46787166741979214
0.6826694803481931,0.46778129236330773
0.6827176781002638,0.46769091730682333
0.6827659012932172,0.4676005422503389
0.6828141499472017,0.4675101671938545
0.6827722772277228,0.46741979213737006
0.6827303934512807,0.46732941708088566
0.6826884986134953,0.46723904202440125
0.6826465927099842,0.46714866696791685
0.6826046757363624,0.46705829191143244
0.6825627476882431,0.46696791685494804
0.6825208085612366,0.46687754179846364
0.6825690498215937,0.46678716674197923
0.6825270948982289,0.4666967916854948
0.6824851288830138,0.46660641662901037
0.6825333862223986,0.46651604157252596
0.6824914043903729,0.46642566651604156
0.6824494114535115,0.46633529145955716
0.6825396825396826,0.46633529145955716
0.6824976848789522,0.46624491640307275
0.6824556761047896,0.46615454134658835
0.682503970354685,0.46606416629010394
0.6825943084050298,0.46606416629010394
0.6825522901773895,0.46597379123361954
0.6825102608235138,0.46588341617713513
0.6825586015097338,0.4657930411206507
0.6825165562913907,0.46570266606416627
0.682606967810306,0.46570266606416627
0.6825649178590355,0.46561229100768187
0.6826553597455943,0.46561229100768187
0.6826133050622847,0.46552191595119746
0.6827037773359841,0.46552191595119746
0.6827522206018826,0.46543154089471306
0.6827101564571731,0.46534116583822865
0.6826680811563454,0.46525079078174425
0.6826259946949602,0.46516041572525985
0.6825838970685767,0.46507004066877544
0.6825417882727514,0.464979665612291
0.6824996683030383,0.4648892905558066
0.6825481088254811,0.4647989154993222
0.6825059729227502,0.46470854044283777
0.6825544344131704,0.46461816538635337
0.6825122825653963,0.46452779032986896
0.6824701195219124,0.46443741527338456
0.6824279452782575,0.46434704021690015
0.6823857598299681,0.46425666516041575
0.6823435631725787,0.4641662901039313
0.6824342280095669,0.4641662901039313
0.6823920265780731,0.4640759150474469
0.6823498139287613,0.4639855399909625
0.6823982983249136,0.4638951649344781
0.6823560696715862,0.4638047898779937
0.6823138297872341,0.46371441482150927
0.682271578667376,0.46362403976502486
0.6823623304070231,0.46362403976502486
0.682320074497805,0.46353366470854046
0.6823685961410513,0.46344328965205606
0.6823263241948363,0.4633529145955716
0.6823748668796592,0.4632625395390872
0.6824234354194407,0.4631721644826028
0.6824720298348428,0.4630817894261184
0.6824297322499001,0.462991414369634
0.6823874233946177,0.4629010393131496
0.6824360341151386,0.46281066425666517
0.6823937091829935,0.46272028920018077
0.6824846707544655,0.46272028920018077
0.6824423410211972,0.46262991414369636
0.6824,0.4625395390872119
0.6823576476863582,0.4624491640307275
0.682406295851674,0.4623587889742431
0.6823639274279616,0.4622684139177587
0.6823215476984656,0.4621780388612743
0.6822791566586602,0.4620876638047899
0.6823278163374266,0.4619972887483055
0.6822854091576559,0.4619069136918211
0.6822429906542056,0.46181653863533667
0.6822005608225398,0.4617261635788522
0.682249232002137,0.4616357885223678
0.6822979291917167,0.4615454134658834
0.6822554783538215,0.461455038409399
0.6823466524121342,0.461455038409399
0.6823041967388399,0.4613646633529146
0.6822617297152787,0.4612742882964302
0.6823104693140795,0.4611839132399458
0.6822679860925381,0.4610935381834614
0.6822254915072891,0.461003163126977
0.6822742474916388,0.4609127880704925
0.68232302957313,0.4608224130140081
0.6822805139186295,0.4607320379575237
0.6823293172690763,0.4606416629010393
0.6823781467595073,0.4605512878445549
0.6823356100174099,0.4604609127880705
0.6822930618805251,0.4603705377315861
0.6822505023442733,0.4602801626751017
0.682299343427576,0.4601897876186173
0.6823482106956172,0.4600994125621328
0.6823056300268097,0.4600090375056484
0.6823545186377045,0.459918662449164
0.6823119216843234,0.4598282873926796
0.6822693133047211,0.4597379123361952
0.6822266934942991,0.4596475372797108
0.6822755937206494,0.4595571622232264
0.6823245201986311,0.459466787166742
0.6823734729493892,0.4593764121102576
0.6823308270676691,0.45928603705377313
0.6822881697327783,0.45919566199728873
0.6823798012355627,0.45919566199728873
0.6823371390194761,0.4591052869408043
0.6823861346231358,0.4590149118843199
0.6824351565649778,0.4589245368278355
0.6824842048662455,0.4588341617713511
0.6824415165367034,0.4587437867148667
0.682398816727175,0.4586534116583823
0.6824478816408877,0.4585630366018979
0.6824051654560129,0.45847266154541344
0.6824969729584286,0.45847266154541344
0.6825460907011169,0.45838228648892904
0.6825033647375505,0.45829191143244463
0.6824606272715036,0.45820153637596023
0.6825097616803555,0.4581111613194758
0.6825589225589226,0.4580207862629914
0.6826081099286003,0.457930411206507
0.6825653462678524,0.4578400361500226
0.6825225710820644,0.4577496610935382
0.6825717751718561,0.45765928603705375
0.6825289835535184,0.45756891098056934
0.6826210057974923,0.45756891098056934
0.6825782092772384,0.45747853592408494
0.6826274615592123,0.45738816086760054
0.6825846485903143,0.45729778581111613
0.6825418240690772,0.4572074107546317
0.6824989879908244,0.4571170356981473
0.6824561403508772,0.4570266606416629
0.6825053995680346,0.4569362855851785
0.6824625354394491,0.45684591052869405
0.6824196597353497,0.45675553547220965
0.6824689357104268,0.45666516041572525
0.6824260434958801,0.45657478535924084
0.6823831396919752,0.45648441030275644
0.6824324324324325,0.45639403524627203
0.6824817518248175,0.45630366018978763
0.6825310978907517,0.4562132851333032
0.6825804706518799,0.4561229100768188
0.6825375355065603,0.45603253502033436
0.6824945887445888,0.45594215996384996
0.6824516303612501,0.45585178490736555
0.6825439783491204,0.45585178490736555
0.6825010150223305,0.45576140985088115
0.6825504264248003,0.45567103479439675
0.682507446520444,0.45558065973791234
0.6825568797399784,0.45549028468142794
0.6825138832452933,0.45539990962494353
0.6824708751015984,0.45530953456845913
0.6825633383010432,0.45530953456845913
0.682520325203252,0.45521915951197467
0.6824773004472151,0.45512878445549027
0.6825267724007049,0.45503840939900586
0.6824837310195228,0.45494803434252146
0.6825332248440467,0.45485765928603705
0.6825827455236029,0.45476728422955265
0.6825396825396826,0.45467690917306824
0.6824966078697422,0.45458653411658384
0.6824535215090243,0.45449615906009944
0.6824104234527687,0.454405784003615
0.6823673136962128,0.4543154089471306
0.6824168363883232,0.45422503389064617
0.6823737099402498,0.45413465883416176
0.682330571777808,0.45404428377767736
0.6822874218962238,0.45395390872119296
0.6822442602907214,0.45386353366470855
0.6822010869565217,0.45377315860822415
0.6822937899171083,0.45377315860822415
0.6822506115792335,0.45368278355173974
0.6822074215033301,0.4535924084952553
0.6821642196846112,0.4535020334387709
0.6821210061182869,0.4534116583822865
0.6821705426356589,0.45332128332580207
0.6822201061080125,0.45323090826931767
0.6822696965573547,0.45314053321283326
0.6822264561785519,0.45305015815634886
0.6821832040288554,0.45295978309986445
0.6821399401034577,0.45286940804338005
0.6820966643975493,0.4527790329868956
0.6820533769063181,0.4526886579304112
0.6821029692181967,0.4525982828739268
0.6821958861190573,0.4525982828739268
0.6821525885558584,0.4525079078174424
0.6821092791933506,0.452417532760958
0.6821589205397302,0.45232715770447357
0.6821155943293348,0.45223678264798917
0.6820722563053851,0.45214640759150476
0.6820289064630488,0.45205603253502036
0.6819855447974909,0.4519656574785359
0.6820785597381342,0.4519656574785359
0.6820351930159596,0.4518752824220515
0.6819918144611187,0.4517849073655671
0.6819484240687679,0.4516945323090827
0.6819050218340611,0.4516041572525983
0.681954681954682,0.4515137821961139
0.6819112627986348,0.4514234071396295
0.6818678317859094,0.45133303208314507
0.6819609449679094,0.45133303208314507
0.6819175088773559,0.45124265702666067
0.6819672131147541,0.4511522819701762
0.6819237600765132,0.4510619069136918
0.6819734864015307,0.4509715318572074
0.6819300164024057,0.450881156800723
0.6818865345181134,0.4507907817442386
0.6818430407437791,0.4507004066877542
0.6817995350745248,0.4506100316312698
0.6818492682259609,0.4505196565747854
0.6818057455540356,0.450429281518301
0.6818555008210181,0.4503389064618165
0.68181196113316,0.4502485314053321
0.6817684095264166,0.4501581563488477
0.6817248459958932,0.4500677812923633
0.6817746131726687,0.4499774062358789
0.68173103259381,0.4498870311793945
0.6818244076153952,0.4498870311793945
0.6818742293464858,0.4497966561229101
0.6819240783883788,0.4497062810664257
0.6818804824561403,0.4496159060099413
0.6818368745716245,0.4495255309534568
0.6818867407102701,0.4494351558969724
0.681936634206556,0.449344780840488
0.6819865550830018,0.4492544057840036
0.6820365033621518,0.4491640307275192
0.6819928630249794,0.4490736556710348
0.6820428336079077,0.4489832806145504
0.6820928316396594,0.448892905558066
0.6821865128416427,0.448892905558066
0.6821428571428572,0.4488025305015816
0.6821929101401484,0.4487121554450971
0.6822429906542056,0.4486217803886127
0.6821993127147766,0.4485314053321283
0.6821556227660159,0.4484410302756439
0.6822057205720572,0.4483506552191595
0.6822558459422283,0.4482602801626751
0.6822121337185307,0.4481699051061907
0.6823059988992846,0.4481699051061907
0.6822622815467181,0.4480795300497063
0.682356179466006,0.4480795300497063
0.6823124569855471,0.4479891549932219
0.6823626600578273,0.44789877993673743
0.6823189204076012,0.44780840488025303
0.6822751687095442,0.4477180298237686
0.6822314049586777,0.4476276547672842
0.6821876291500206,0.4475372797107998
0.6822378393275458,0.4474469046543154
0.6821940463065049,0.447356529597831
0.6822880771881461,0.447356529597831
0.6823821339950372,0.447356529597831
0.6823383427547222,0.4472661545413466
0.6823886360502,0.4471757794848622
0.6824389570975307,0.44708540442837774
0.6824893059196909,0.44699502937189334
0.6824454871653326,0.44690465431540893
0.6824958586416344,0.44681427925892453
0.6824520226425514,0.4467239042024401
0.6825462579397956,0.4467239042024401
0.6825024167932606,0.4466335291459557
0.6824585635359116,0.4465431540894713
0.6824146981627297,0.4464527790329869
0.682370820668693,0.4463624039765025
0.6824212271973465,0.44627202892001805
0.6823773324118867,0.44618165386353364
0.6823334254907382,0.44609127880704924
0.6822895064288677,0.44600090375056484
0.6823399253215323,0.44591052869408043
0.6823903721123253,0.44582015363759603
0.6823464305478694,0.4457297785811116
0.6823024768230248,0.4456394035246272
0.6822585109327429,0.4455490284681428
0.6823529411764706,0.4455490284681428
0.6823089700996677,0.44545865341165836
0.6822649868475703,0.44536827835517395
0.6822209914151205,0.44527790329868955
0.6823154687716383,0.44527790329868955
0.6823659786674054,0.44518752824220514
0.6824165165581266,0.44509715318572074
0.6824670824670824,0.44500677812923634
0.6824230662600499,0.44491640307275193
0.6825176764175793,0.44491640307275193
0.682473655019412,0.4448260280162675
0.6825682984329496,0.4448260280162675
0.6825242718446602,0.4447356529597831
0.6824802330420308,0.44464527790329866
0.682530872762592,0.44455490284681426
0.6824868165417708,0.44446452779032986
0.6824427480916031,0.44437415273384545
0.6823986674069961,0.44428377767736105
0.6824493196334351,0.44419340262087664
0.6824052214970143,0.44410302756439224
0.6823611111111111,0.44401265250790783
0.6823169884706209,0.44392227745142343
0.6823676531888286,0.44383190239493897
0.6824624791550862,0.44383190239493897
0.6824183460736623,0.44374152733845457
0.6823742007228246,0.44365115228197016
0.6824249165739711,0.44356077722548576
0.6823807537199277,0.44347040216900135
0.682336578581363,0.44338002711251695
0.6824314925580748,0.44338002711251695
0.6823873121869783,0.44328965205603255
0.682343119521358,0.44319927699954814
0.6823938761308281,0.44310890194306374
0.6823496659242761,0.4430185268865793
0.6824004455583403,0.4429281518300949
0.6823562177969642,0.44283777677361047
0.6823119777158775,0.44274740171712607
0.6823627751462803,0.44265702666064166
0.6824136008918618,0.44256665160415726
0.6824644549763034,0.44247627654767285
0.6824201868116548,0.44238590149118845
0.6823759063022866,0.44229552643470404
0.6824267782426778,0.4422051513782196
0.6823824801227507,0.4421147763217352
0.6823381696428571,0.4420244012652508
0.6822938467978233,0.4419340262087664
0.6822495115824728,0.44184365115228197
0.682205163991626,0.44175327609579756
0.6821608040201005,0.44166290103931316
0.6821164316627112,0.44157252598282876
0.6822116727171181,0.44157252598282876
0.6822625698324022,0.44148215092634435
0.6822181868976114,0.4413917758698599
0.6822691071678078,0.4413014008133755
0.6823200559049616,0.4412110257568911
0.6822756499860219,0.4411206507004067
0.6822312316510555,0.4410302756439223
0.6821868008948546,0.44093990058743787
0.6822377622377622,0.44084952553095347
0.6821933137501749,0.44075915047446906
0.6821488528259653,0.44066877541798466
0.6821998320738875,0.4405784003615002
0.6822508398656215,0.4404880253050158
0.682301876225147,0.4403976502485314
0.6823529411764706,0.440307275192047
0.682308446561143,0.4402169001355626
0.6822639394788456,0.4401265250790782
0.6823150224215246,0.4400361500225938
0.6823661340061676,0.43994577496610937
0.6824172742568705,0.43985539990962497
0.682468443197756,0.4397650248531405
0.6825196408529742,0.4396746497966561
0.6824750947102568,0.4395842747401717
0.6824305360651136,0.4394938996836873
0.6823859649122807,0.4394035246272029
0.682437175347466,0.4393131495707185
0.6824884145485185,0.4392227745142341
0.682443820224719,0.4391323994577497
0.6825396825396826,0.4391323994577497
0.6824950828884518,0.4390420244012653
0.6825463743676222,0.4389516493447808
0.6825017568517218,0.4388612742882964
0.6825976946865336,0.4388612742882964
0.6826490438695163,0.438770899231812
0.6826044156939952,0.4386805241753276
0.6825597749648382,0.4385901491188432
0.6825151216767478,0.4384997740623588
0.6824704558244232,0.4384093990058744
0.6824257774025608,0.43831902394939
0.6823810864058542,0.4382286488929056
0.6823363828289937,0.4381382738364211
0.6822916666666666,0.4380478987799367
0.6823430019712757,0.4379575237234523
0.6823943661971831,0.4378671486669679
0.682349626707987,0.4377767736104835
0.682304874612567,0.4376863985539991
0.6822601099055939,0.4375960234975147
0.6822153325817362,0.4375056484410303
0.6822667042571187,0.4374152733845459
0.6822219089242916,0.43732489832806143
0.6821771009588269,0.437234523271577
0.6822733041884078,0.437234523271577
0.682228490832158,0.4371441482150926
0.6821836648328397,0.4370537731586082
0.682235078312403,0.4369633981021238
0.682286520818631,0.4368730230456394
0.6822416713721061,0.436782647989155
0.6822931375317707,0.4366922729326706
0.6823446327683615,0.4366018978761862
0.6823961571065272,0.43651152281970174
0.6823512787904479,0.43642114776321733
0.6824028268551237,0.43633077270673293
0.6824544040718225,0.4362403976502485
0.6825060104652807,0.4361500225937641
0.6824611032531824,0.4360596475372797
0.6824161833356911,0.4359692724807953
0.6824678081222584,0.4358788974243109
0.6824228700820832,0.4357885223678265
0.6824745186862967,0.43569814731134204
0.6825261965448881,0.43560777225485764
0.6826228579521314,0.43560777225485764
0.6825779036827195,0.43551739719837324
0.6826296401246812,0.43542702214188883
0.682584667705824,0.4353366470854044
0.6825396825396826,0.43524627202892
0.682636428065202,0.43524627202892
0.6826882177796683,0.4351558969724356
0.682643221781055,0.4350655219159512
0.6826950354609929,0.4349751468594668
0.6826500212796142,0.43488477180298235
0.6826049943246311,0.43479439674649795
0.6825599545906059,0.43470402169001354
0.6825149020720976,0.43461364663352914
0.6825667234525837,0.43452327157704473
0.6825216527048132,0.43443289652056033
0.6825734980826587,0.4343425214640759
0.6825284090909091,0.4342521464075915
0.682483307287967,0.4341617713511071
0.6825351712377433,0.43407139629462266
0.6824900511654349,0.43398102123813825
0.6825419391526869,0.43389064618165385
0.6824968007962463,0.43380027112516945
0.6824516496018203,0.43370989606868504
0.6824064855639311,0.43361952101220064
0.6825035561877667,0.43361952101220064
0.6824583866837388,0.43352914595571623
0.682413204325555,0.43343877089923183
0.6823680091077273,0.4333483958427474
0.6824199288256227,0.43325802078626297
0.6824718781147657,0.43316764572977856
0.6825238570004273,0.43307727067329416
0.6825758655079072,0.43298689561680975
0.682530635508692,0.43289652056032535
0.6824853926179278,0.43280614550384094
0.6824401368301026,0.43271577044735654
0.6823948681397006,0.43262539539087214
0.6823495865412033,0.43253502033438773
0.6823042920290888,0.4324446452779033
0.6822589845978323,0.43235427022141887
0.682356297247183,0.43235427022141887
0.6824083321443858,0.43226389516493446
0.682505707762557,0.43226389516493446
0.682460396746111,0.43217352010845006
0.6824150727947473,0.43208314505196566
0.6823697359029265,0.43199276999548125
0.6823243860651057,0.43190239493899685
0.682279023275739,0.43181201988251244
0.6823310955577775,0.43172164482602804
0.6822857142857143,0.4316312697695436
0.6822403200457208,0.4315408947130592
0.6821949128322378,0.43145051965657477
0.6821494926397027,0.43136014460009037
0.6822015725518227,0.43126976954360596
0.6821561338289963,0.43117939448712156
0.6821106821106822,0.43108901943063715
0.6820652173913043,0.43099864437415275
0.682019739665284,0.43090826931766835
0.6819742489270386,0.4308178942611839
0.681928745170983,0.4307275192046995
0.6818832283915284,0.4306371441482151
0.6818376985830829,0.4305467690917307
0.6819352991697681,0.4305467690917307
0.681987399770905,0.43045639403524627
0.6819418587999427,0.43036601897876187
0.6818963047837296,0.43027564392227746
0.6818507377166595,0.43018526886579306
0.6818051575931232,0.43009489380930865
0.6817595644075083,0.4300045187528242
0.6817139581541989,0.4299141436963398
0.6817660550458715,0.4298237686398554
0.6818181818181818,0.429733393583371
0.6818703384968445,0.4296430185268866
0.681922525107604,0.4295526434704022
0.681876883340508,0.42946226841391777
0.6818312284730195,0.42937189335743337
0.6817855604994977,0.42928151830094896
0.681739879414298,0.4291911432444645
0.6817920735209649,0.4291007681879801
0.6818442976156277,0.4290103931314957
0.6817985921562993,0.4289200180750113
0.6817528735632183,0.4288296430185269
0.6817071418307228,0.4287392679620425
0.6816613969531474,0.4286488929055581
0.6817593790426908,0.4286488929055581
0.6817136285221391,0.4285585178490737
0.681667864845435,0.42846814279258927
0.6816220880069025,0.4283777677361048
0.681576298000863,0.4282873926796204
0.6815304948216341,0.428197017623136
0.6814846784635304,0.4281066425666516
0.6814388489208633,0.4280162675101672
0.6813930061879407,0.4279258924536828
0.6813471502590673,0.4278355173971984
0.6813993665418946,0.427745142340714
0.6813534917206624,0.4276547672842296
0.6813076036866359,0.4275643922277451
0.6814057323923376,0.4275643922277451
0.6813598386632095,0.4274740171712607
0.6813139317101282,0.4273836421147763
0.6812680115273775,0.4272932670582919
0.6812220781092376,0.4272028920018075
0.6813202652061112,0.4272028920018075
0.6812743260775551,0.4271125169453231
0.6813266041816871,0.4270221418888387
0.6813789124477139,0.4269317668323543
0.68133294864397,0.4268413917758699
0.681286971576973,0.4267510167193854
0.6813392986000866,0.426660641662901
0.6812933025404158,0.4265702666064166
0.6813916558394687,0.4265702666064166
0.6814440433212996,0.4264798915499322
0.6813980358174465,0.4263895164934478
0.6813520150223892,0.4262991414369634
0.6814044213263979,0.426208766380479
0.6815028901734104,0.426208766380479
0.6814568579274461,0.4261183913239946
0.6814108123735183,0.4260280162675102
0.6815093248518144,0.4260280162675102
0.6815618221258134,0.42593764121102573
0.6815157651142609,0.4258472661545413
0.6816143497757847,0.4258472661545413
0.6815682870370371,0.4257568910980569
0.681522210968022,0.4256665160415725
0.6814761215629522,0.4255761409850881
0.6815747575625996,0.4255761409850881
0.6815286624203821,0.4254857659286037
0.6814825539307948,0.4253953908721193
0.6814364320880394,0.4253050158156349
0.6813902968863143,0.4252146407591505
0.6813441483198146,0.42512426570266604
0.6813966966096784,0.42503389064618163
0.6814492753623188,0.42494351558969723
0.6814031018988259,0.4248531405332128
0.6814557053791503,0.4247627654767284
0.6815083393763597,0.424672390420244
0.6816071946620249,0.424672390420244
0.6815610039170172,0.4245820153637596
0.6815147997678468,0.4244916403072752
0.6815674891146589,0.4244012652507908
0.6815212657860357,0.42431089019430634
0.6815739799622477,0.42422051513782194
0.6815277374382805,0.42413014008133754
0.6815804764671702,0.42403976502485313
0.6816795002179282,0.42403976502485313
0.6816332461493751,0.42394938996836873
0.6816860465116279,0.4238590149118843
0.6817388775806921,0.4237686398553999
0.6816925985167951,0.4236782647989155
0.6817917393833625,0.4236782647989155
0.6817454545454545,0.4235878897424311
0.6816991562409078,0.42349751468594665
0.6817520372526193,0.42340713962946225
0.6818512589142774,0.42340713962946225
0.6818049490538574,0.42331676457297784
0.6817586257097102,0.42322638951649344
0.6817122888759464,0.42313601446000904
0.6817652199242645,0.42304563940352463
0.6817188638018936,0.4229552643470402
0.6816724941724942,0.4228648892905558
0.6816261110301617,0.4227745142340714
0.6816790555312636,0.42268413917758696
0.6816326530612244,0.42259376412110256
0.6816856226305045,0.42250338906461815
0.6816392008166837,0.42241301400813375
0.6816921954777535,0.42232263895164934
0.681645754304056,0.42223226389516494
0.6815992995768276,0.42214188883868053
0.6816523135308714,0.42205151378219613
0.6816058394160583,0.4219611387257117
0.6816588785046729,0.42187076366922727
0.6817584343508106,0.42187076366922727
0.6817119485831142,0.42178038861274286
0.6818115412710007,0.42178038861274286
0.6817650496785506,0.42169001355625846
0.6817185444980272,0.42159963849977405
0.6816720257234726,0.42150926344328965
0.6817251461988304,0.42141888838680525
0.6817782977478795,0.42132851333032084
0.6818314803978935,0.42123813827383644
0.6818846941761779,0.42114776321735203
0.6818381384457779,0.4210573881608676
0.6818913775435514,0.42096701310438317
0.6819446478254503,0.42087663804789877
0.6818980667838312,0.42078626299141436
0.6818514720960891,0.42069588793492996
0.6819047619047619,0.42060551287844555
0.6818581477139508,0.42051513782196115
0.6819114629141014,0.42042476276547674
0.6819648093841643,0.42033438770899234
0.6820181871516574,0.4202440126525079
0.6820715962441315,0.4201536375960235
0.6821250366891694,0.4200632625395391
0.6821785085143863,0.41997288748305467
0.6822786668624284,0.41997288748305467
0.6822320117474302,0.41988251242657026
0.682185342928477,0.41979213737008586
0.6822388717496695,0.41970176231360146
0.6821921833676168,0.41961138725711705
0.6821454812637766,0.41952101220063265
0.6820987654320988,0.4194306371441482
0.6820520358665295,0.4193402620876638
0.6821523081446633,0.4193402620876638
0.6821055727098956,0.4192498870311794
0.6820588235294117,0.419159511974695
0.6820120605971466,0.41906913691821057
0.6819652839070315,0.41897876186172617
0.6819184934529939,0.41888838680524176
0.681972038263429,0.41879801174875736
0.682025614603268,0.41870763669227296
0.6819787985865724,0.4186172616357885
0.6820324005891016,0.4185268865793041
0.6819855648843718,0.4184365115228197
0.6819387153800825,0.4183461364663353
0.681891852070134,0.4182557614098509
0.6819454679439941,0.4181653863533665
0.681999115435648,0.41807501129688207
0.6820996756119139,0.41807501129688207
0.6820527945730718,0.41798463624039767
0.6820058997050148,0.41789426118391326
0.682106505384275,0.41789426118391326
0.6820596046031278,0.4178038861274288
0.6821133412042503,0.4177135110709444
0.6820664206642066,0.41762313601446
0.682167109536463,0.41762313601446
0.6822209096278795,0.4175327609579756
0.6821739772559444,0.4174423859014912
0.6821270310192024,0.4173520108450068
0.6820800709115084,0.4172616357885224
0.682133885030294,0.417171260732038
0.6820869051138043,0.41708088567555357
0.682039911308204,0.4169905106190691
0.68214074512123,0.4169905106190691
0.6820937453792696,0.4169001355625847
0.6820467317361727,0.4168097605061003
0.6819997041857714,0.4167193854496159
0.6819526627218935,0.4166290103931315
0.6819056073383637,0.4165386353366471
0.6819594494598195,0.4164482602801627
0.6820133234641007,0.4163578852236783
0.682067229379535,0.4162675101671939
0.6821211672344838,0.4161771351107094
0.682074074074074,0.416086760054225
0.6820269669580679,0.4159963849977406
0.6820809248554913,0.4159060099412562
0.6821349147516679,0.4158156348847718
0.6820877817319099,0.4157252598282874
0.682040634732315,0.415634884771803
0.6819934737466627,0.4155445097153186
0.6820474777448071,0.4154541346588342
0.6820002967799377,0.4153637596023497
0.6819531018106263,0.4152733845458653
0.6819058928306367,0.4151830094893809
0.6818586698337292,0.4150926344328965
0.68181143281366,0.4150022593764121
0.681865438883113,0.4149118843199277
0.6819194770465012,0.4148215092634433
0.6818722139673106,0.4147311342069589
0.6818249368405409,0.4146407591504745
0.6818789950943958,0.41455038409399003
0.6818316978887897,0.41446000903750563
0.6818857822724569,0.4143696339810212
0.681939898839631,0.4142792589245368
0.6819940476190476,0.4141888838680524
0.6819467182616461,0.414098508811568
0.6818993748139327,0.4140081337550836
0.6818520172696144,0.4139177586985992
0.6818046456223943,0.4138273836421148
0.6817572598659717,0.41373700858563034
0.6818114106956651,0.41364663352914594
0.6817640047675805,0.41355625847266153
0.6817165847116674,0.4134658834161771
0.6817707557012967,0.4133755083596927
0.6818249589980617,0.4132851333032083
0.6817775126752162,0.4131947582467239
0.6817300521998508,0.4131043831902395
0.6818317422434368,0.4131043831902395
0.6817842756974489,0.4130140081337551
0.6818385315624533,0.41292363307727065
0.6818928198238543,0.41283325802078624
0.6818453269632726,0.41274288296430184
0.681899641577061,0.41265250790781743
0.6818521284540702,0.41256213285133303
0.6819064694456896,0.4124717577948486
0.6819608429233298,0.4123813827383642
0.6819133034379671,0.4122910076818798
0.6818657497383764,0.4122006326253954
0.6818181818181818,0.41211025756891095
0.6817705996710034,0.41201988251242655
0.6818249813014211,0.41192950745594215
0.6817773788150808,0.41183913239945774
0.6818793954810713,0.41183913239945774
0.6818317868901527,0.41174875734297334
0.6817841640472984,0.41165838228648893
0.6817365269461078,0.41156800723000453
0.6816888755801767,0.4114776321735201
0.6816412099430967,0.4113872571170357
0.6815935300284559,0.41129688206055126
0.6816956261234272,0.41129688206055126
0.6816479400749064,0.41120650700406686
0.6817023827364004,0.41111613194758245
0.6816546762589928,0.41102575689109805
0.6816069554789387,0.41093538183461364
0.6815592203898051,0.41084500677812924
0.6816136772645471,0.41075463172164484
0.6816681668166816,0.41066425666516043
0.6816204051012753,0.41057388160867603
0.6815726290516206,0.41048350655219157
0.6815248386612637,0.41039313149570716
0.6814770339237466,0.41030275643922276
0.6814292148326078,0.41021238138273836
0.6813813813813814,0.41012200632625395
0.6813335335635982,0.41003163126976955
0.6813880126182965,0.40994125621328514
0.681442524417731,0.40985088115680074
0.6813946498346859,0.40976050610031634
0.6813467608597625,0.4096701310438319
0.6812988574864702,0.40957975598734747
0.6813533834586466,0.40948938093086307
0.6813054594675891,0.40939900587437866
0.6812575210589651,0.40930863081789426
0.6812095682262674,0.40921825576140985
0.6812641083521445,0.40912788070492545
0.681216134858519,0.40903750564844105
0.6811681469215716,0.40894713059195664
0.6812227074235808,0.4088567555354722
0.6811746987951808,0.4087663804789878
0.6811266757041723,0.4086760054225034
0.6811812565918337,0.40858563036601897
0.6811332127787824,0.40849525530953457
0.681085154483798,0.40840488025305016
0.6810370817003316,0.40831450519656576
0.6809889944218303,0.40822413014008135
0.6809408926417371,0.40813375508359695
0.6809954751131222,0.4080433800271125
0.6809473525418616,0.4079530049706281
0.681001961671948,0.4078626299141437
0.6810566037735849,0.4077722548576593
0.6810084541062802,0.4076818798011749
0.6809602898988374,0.40759150474469047
0.6809121111446693,0.40750112968820607
0.6809667673716012,0.40741075463172166
0.681021456633424,0.40732037957523726
0.680973250717848,0.4072300045187528
0.680925030229746,0.4071396294622684
0.6808767951625094,0.407049254405784
0.6809314985634357,0.4069588793492996
0.6808832425892317,0.4068685042928152
0.6808349720163364,0.4067781292363308
0.680786686838124,0.4066877541798464
0.6807383870479649,0.40659737912336197
0.6806900726392252,0.40650700406687756
0.6806417436052672,0.4064166290103931
0.6806964420893262,0.4063262539539087
0.6806480920654149,0.4062358788974243
0.6805997273966379,0.4061455038409399
0.6805513480763405,0.4060551287844555
0.680502954097864,0.4059647537279711
0.6806060606060607,0.4059647537279711
0.6805576602515533,0.4058743786714867
0.6806123995755646,0.4057840036150023
0.680563978168587,0.40569362855851787
0.6805155420773313,0.4056032535020334
0.6804670912951167,0.405512878445549
0.6805218446601942,0.4054225033890646
0.6805766312594841,0.4053321283325802
0.6806314511232544,0.4052417532760958
0.6806863042818099,0.4051513782196114
0.6807411907654921,0.405061003163127
0.6807961106046795,0.4049706281066426
0.6808510638297872,0.4048802530501582
0.6808025535795713,0.4047898779936737
0.6807540285801156,0.4046995029371893
0.6808090024330901,0.4046091278807049
0.6807604562737642,0.4045187528242205
0.6808640097353209,0.4045187528242205
0.6808154571732846,0.4044283777677361
0.6807668898356665,0.4043380027112517
0.6807183077157206,0.4042476276547673
0.680773329273862,0.4041572525982829
0.6807247259439708,0.4040668775417985
0.6806761078117862,0.403976502485314
0.6806274748705452,0.4038861274288296
0.6805788271134806,0.4037957523723452
0.6805301645338209,0.4037053773158608
0.6804814871247905,0.4036150022593764
0.6804327948796098,0.403524627202892
0.6803840877914952,0.4034342521464076
0.6803353658536585,0.4033438770899232
0.680390362915523,0.4032535020334388
0.6804453935326419,0.40316312697695433
0.6803966437833715,0.40307275192046993
0.6804517015107584,0.4029823768639855
0.6804029304029304,0.4028920018075011
0.6805067928560525,0.4028920018075011
0.6804580152671755,0.4028016267510167
0.6804092227821041,0.4027112516945323
0.6803604153940135,0.4026208766380479
0.6803115930960746,0.4025305015815635
0.6802627558814544,0.4024401265250791
0.6802139037433155,0.40234975146859464
0.6801650366748166,0.40225937641211024
0.680116154669112,0.40216900135562583
0.6800672577193518,0.40207862629914143
0.6800183458186821,0.401988251242657
0.680073405719529,0.4018978761861726
0.6800244723156929,0.4018075011296882
0.6799755239406455,0.4017171260732038
0.6799265605875153,0.4016267510167194
0.6798775822494262,0.40153637596023495
0.679828588919498,0.40144600090375054
0.6798836497244336,0.40135562584726614
0.6798346348185577,0.40126525079078174
0.6797856049004595,0.40117487573429733
0.6797365599632409,0.4010845006778129
0.6796875,0.4009941256213285
0.6796384250038302,0.4009037505648441
0.679589334967821,0.4008133755083597
0.6795402298850575,0.40072300045187526
0.6795952782462057,0.40063262539539085
0.6795461514872738,0.40054225033890645
0.679601226993865,0.40045187528242204
0.6796563362994784,0.40036150022593764
0.679607181218352,0.40027112516945323
0.6795580110497238,0.40018075011296883
0.6795088257866462,0.4000903750564844
0.6794596254221676,0.4
0.6794104099493321,0.39990962494351556
0.679465519889418,0.39981924988703116
0.6795206636964204,0.39972887483054675
0.6794714197910264,0.39963849977406235
0.6795265908392253,0.39954812471757795
0.6794773251345119,0.39945774966109354
0.679532523450715,0.39936737460460914
0.679483235927407,0.39927699954812473
0.6795384615384615,0.39918662449164033
0.679489152177258,0.39909624943515587
0.6794398276392736,0.39900587437867147
0.6793904879175003,0.39891549932218706
0.679445727482679,0.39882512426570266
0.6793963658761935,0.39873474920921825
0.6794516327788047,0.39864437415273385
0.6795563087351718,0.39864437415273385
0.6795069337442219,0.39855399909624944
0.6794575435352135,0.39846362403976504
0.6794081381011098,0.39837324898328064
0.6793587174348698,0.3982828739267962
0.679309281529448,0.3981924988703118
0.6792598303777949,0.39810212381382737
0.6792103639728563,0.39801174875734296
0.6791608823075737,0.39792137370085856
0.6791113853748842,0.39783099864437416
0.679061873167721,0.39774062358788975
0.6791666666666667,0.39774062358788975
0.6791171477079796,0.39765024853140535
0.6790676134609447,0.39755987347492094
0.6791229153798641,0.3974694984184365
0.6791782514674081,0.3973791233619521
0.6792336217552534,0.3972887483054677
0.6791840519239685,0.39719837324898327
0.6791344667697063,0.39710799819249887
0.679239449683104,0.39710799819249887
0.6791898577612864,0.39701762313601446
0.6791402505025514,0.39692724807953006
0.6790906278997835,0.39683687302304566
0.6790409899458624,0.39674649796656125
0.6790963948630667,0.3966561229100768
0.6791518340814116,0.3965657478535924
0.6791021671826626,0.396475372797108
0.679157633942397,0.3963849977406236
0.6792131350681536,0.3962946226841392
0.6791634391944229,0.39620424762765477
0.6792189679218968,0.39611387257117037
0.6791692498450093,0.39602349751468596
0.6791195163540537,0.39593312245820156
0.6790697674418604,0.3958427474017171
0.6791253101736973,0.3957523723452327
0.6790755390103924,0.3956619972887483
0.679025752404592,0.3955716222322639
0.6789759503491078,0.3954812471757795
0.6790315070619277,0.3953908721192951
0.6789816827072338,0.3953004970628107
0.6790372670807453,0.39521012200632627
0.6789874204068955,0.39511974694984187
0.678937558247903,0.3950293718933574
0.6788876805965511,0.394938996836873
0.678943278943279,0.3948486217803886
0.6788933789244638,0.3947582467239042
0.6789490049751243,0.3946678716674198
0.6788990825688074,0.3945774966109354
0.67895473635091,0.394487121554451
0.6789047915370255,0.3943967464979666
0.6789604730781201,0.3943063714414822
0.6789105058365759,0.3942159963849977
0.6788605230386052,0.3941256213285133
0.6789162254749299,0.3940352462720289
0.6788662202149198,0.3939448712155445
0.6789219504595732,0.3938544961590601
0.6789777154433536,0.3937641211025757
0.678927680798005,0.3936737460460913
0.6788776305533905,0.3935833709896069
0.678827564702214,0.3934929959331225
0.6787774832371745,0.393402620876638
0.678727386150967,0.3933122458201536
0.6786772734362814,0.3932218707636692
0.6787330316742082,0.3931314957071848
0.6787888247229593,0.3930411206507004
0.6787386824851701,0.392950745594216
0.6787945034353529,0.3928603705377316
0.6787443385912854,0.3927699954812472
0.6786941580756014,0.3926796204247628
0.6786439618809561,0.39258924536827833
0.67859375,0.3924988703117939
0.6786495779931229,0.3924084952553095
0.6785993434422386,0.3923181201988251
0.6785490931832395,0.3922277451423407
0.67860494213325,0.3921373700858563
0.678554669169404,0.3920469950293719
0.6785043804755945,0.3919566199728875
0.6785602503912364,0.3918662449164031
0.6786161552911709,0.39177586985991864
0.6785658368561139,0.39168549480343423
0.6785155026620733,0.3915951197469498
0.6784651527016444,0.3915047446904654
0.6784147869674185,0.391414369633981
0.6783644054519818,0.3913239945774966
0.6784706988404888,0.3913239945774966
0.6784203102961918,0.3912336195210122
0.6783699059561129,0.3911432444645278
0.6783194858128233,0.3910528694080434
0.6782690498588899,0.39096249435155894
0.6783249686323714,0.39087211929507454
0.6783809224976467,0.39078174423859013
0.6783304566138396,0.39069136918210573
0.6782799748901444,0.3906009941256213
0.6782294773191022,0.3905106190691369
0.6782854451248234,0.3904202440126525
0.6782349246231156,0.3903298689561681
0.678184388251924,0.3902394938996837
0.6782403770620581,0.39014911884319925
0.6781898177247014,0.39005874378671485
0.6781392424956781,0.38996836873023044
0.6781952523188178,0.38987799367374604
0.678251297373801,0.38978761861726163
0.6782006920415224,0.38969724356077723
0.6782567652611705,0.3896068685042928
0.6782061369000787,0.3895164934478084
0.6781554926030847,0.389426118391324
0.6781048323626633,0.38933574333483956
0.6781609195402298,0.38924536827835515
0.6781102362204724,0.38915499322187075
0.6780595369349504,0.38906461816538634
0.6780088216761184,0.38897424310890194
0.6779580904364266,0.38888386805241754
0.6779073432083202,0.38879349299593313
0.6779634300126104,0.38870311793944873
0.6779126596247832,0.3886127428829643
0.6778618732261117,0.38852236782647986
0.6779687746412237,0.38852236782647986
0.6779179810725552,0.38843199276999546
0.6778671714781511,0.38834161771351106
0.677816345850426,0.38825124265702665
0.6777655041817895,0.38816086760054225
0.6778724747474747,0.38816086760054225
0.6778216258879243,0.38807049254405784
0.6779286390906221,0.38807049254405784
0.6778777830412127,0.38798011748757344
0.6779339756752488,0.38788974243108904
0.6778830963665087,0.38779936737460463
0.6779393173198482,0.38770899231812017
0.67788841473052,0.38761861726163577
0.6779446640316206,0.38752824220515136
0.6778937381404174,0.38743786714866696
0.6778427961410722,0.38734749209218255
0.6778990666033855,0.38725711703569815
0.6778481012658227,0.38716674197921375
0.6779044001266223,0.38707636692272934
0.677853411429476,0.38698599186624494
0.6778024065864471,0.3868956168097605
0.6777513855898654,0.3868052417532761
0.6777003484320557,0.38671486669679167
0.6776492951053382,0.38662449164030727
0.6777055934083347,0.38653411658382286
0.6776545166402536,0.38644374152733846
0.6776034236804565,0.38635336647085405
0.6775523145212429,0.38626299141436965
0.6776597431425401,0.38626299141436965
0.6777160983346551,0.38617261635788525
0.6777724892908139,0.3860822413014008
0.6777213582989527,0.3859918662449164
0.6776702110776067,0.385901491188432
0.6776190476190476,0.3858111161319476
0.6775678679155421,0.38572074107546317
0.6775166719593522,0.38563036601897877
0.6774654597427346,0.38553999096249436
0.6774142312579415,0.38544961590600996
0.67736298649722,0.38535924084952555
0.6773117254528122,0.3852688657930411
0.6774193548387096,0.3852688657930411
0.6773680864589956,0.3851784907365567
0.6774244833068362,0.3850881156800723
0.6773731912863731,0.3849977406235879
0.677321882951654,0.3849073655671035
0.6772705582948942,0.3848169905106191
0.6772192173083041,0.38472661545413467
0.6771678599840891,0.38463624039765026
0.6771164863144494,0.38454586534116586
0.6770650962915804,0.3844554902846814
0.6770136899076727,0.384365115228197
0.6769622671549116,0.3842747401717126
0.6769108280254778,0.3841843651152282
0.6768593725115464,0.3840939900587438
0.67696718700223,0.3840939900587438
0.676915724072009,0.3840036150022594
0.6768642447418738,0.383913239945775
0.676812749003984,0.38382286488929057
0.676761236850494,0.38373248983280617
0.6767097082735534,0.3836421147763217
0.6766581632653061,0.3835517397198373
0.6767145135566188,0.3834613646633529
0.6767708998085513,0.3833709896068685
0.6767193234402425,0.3832806145503841
0.6766677306096394,0.3831902394938997
0.6766161213088587,0.3830998644374153
0.6765644955300127,0.3830094893809309
0.6766208878952411,0.3829191143244465
0.6766773162939297,0.382828739267962
0.6766256590509666,0.3827383642114776
0.6765739852988175,0.3826479891549932
0.6765222950295668,0.3825576140985088
0.6765787370103917,0.3824672390420244
0.6766352150967535,0.38237686398554
0.6765834932821497,0.3822864889290556
0.6765317549192129,0.3821961138725712
0.6765882541206593,0.3821057388160868
0.6765364916773368,0.3820153637596023
0.6765930195325008,0.3819249887031179
0.6766495836002563,0.3818346136466335
0.6765977895242672,0.3817442385901491
0.6765459788529318,0.3816538635336647
0.6764941515782728,0.3815634884771803
0.6764423076923077,0.3814731134206959
0.6764988778454633,0.3813827383642115
0.6764470097803431,0.3812923633077271
0.6765036086607858,0.38120198825124263
0.6765602438633082,0.3811116131947582
0.6766169154228856,0.3810212381382738
0.6766736233745384,0.3809308630817894
0.6766217084136159,0.380840488025305
0.676678445229682,0.3807501129688206
0.6766265060240964,0.3806597379123362
0.6765745501285347,0.3805693628558518
0.6766313082610094,0.3804789877993674
0.6765793280823019,0.38038861274288294
0.6765273311897106,0.38029823768639853
0.6764753175751729,0.38020786262991413
0.6764232872306207,0.3801174875734297
0.6764800514800515,0.3800271125169453
0.6764279967819791,0.3799367374604609
0.6763759253299002,0.3798463624039765
0.6763238371157251,0.3797559873474921
0.6762717321313587,0.3796656122910077
0.6762196103687007,0.37957523723452324
0.6761674718196458,0.37948486217803884
0.6761153164760831,0.37939448712155444
0.6760631443298969,0.37930411206507003
0.6761198839832421,0.3792137370085856
0.6760676873489122,0.3791233619521012
0.6761244559084314,0.3790329868956168
0.6760722347629797,0.3789426118391324
0.6760199967747138,0.378852236782648
0.6761290322580645,0.378852236782648
0.6761858664085189,0.37876186172616355
0.676133613038567,0.37867148666967915
0.6761904761904762,0.37858111161319474
0.6761381982563771,0.37849073655671034
0.6761950904392765,0.37840036150022593
0.6761427879179454,0.37830998644374153
0.6762520193861066,0.37830998644374153
0.6761997091614154,0.3782196113872571
0.676147382029735,0.3781292363307727
0.6760950379828673,0.3780388612742883
0.6760426770126091,0.37794848621780386
0.6759902991107518,0.37785811116131945
0.6759379042690815,0.37776773610483505
0.6758854924793789,0.37767736104835065
0.6758330637334196,0.37758698599186624
0.6757806180229736,0.37749661093538184
0.6757281553398058,0.37740623587889743
0.6756756756756757,0.37731586082241303
0.6756231790223374,0.3772254857659286
0.6755706653715395,0.37713511070944417
0.6756800518134715,0.37713511070944417
0.6756275303643725,0.37704473565295976
0.6755749919015225,0.37695436059647536
0.6755224364166532,0.37686398553999095
0.6754698639014906,0.37677361048350655
0.6754172743477557,0.37668323542702215
0.6753646677471637,0.37659286037053774
0.6753120440914249,0.37650248531405334
0.6753688989784336,0.37641211025756893
0.6753162504054493,0.3763217352010845
0.6753731343283582,0.37623136014460007
0.6754300551768906,0.37614098508811566
0.6755396851160526,0.37614098508811566
0.675487012987013,0.37605061003163126
0.6754343237538561,0.37596023497514686
0.6753816174082494,0.37586985991866245
0.6753288939418548,0.37577948486217805
0.6752761533463287,0.37568910980569364
0.6752233956133225,0.37559873474920924
0.6751706207344816,0.3755083596927248
0.6752275682704811,0.3754179846362404
0.6751747683303528,0.37532760957975597
0.6751219512195122,0.37523723452327157
0.675069116929582,0.37514685946678716
0.6750162654521795,0.37505648441030276
0.6749633967789166,0.37496610935381836
0.6749105109013993,0.37487573429733395
0.6748576078112286,0.37478535924084955
0.6748046875,0.37469498418436514
0.6747517499593033,0.3746046091278807
0.6748086630841883,0.3745142340713963
0.674755700325733,0.3744238590149119
0.6747027203127545,0.37433348395842747
0.6746497230368198,0.37424310890194307
0.6745967084894899,0.37415273384545866
0.6746536267318664,0.37406235878897426
0.6746005868927291,0.37397198373248985
0.674547529757052,0.37388160867600545
0.6744944553163731,0.373791233619521
0.6745513866231647,0.3737008585630366
0.6744982868330885,0.3736104835065522
0.6744451697127938,0.3735201084500678
0.6745021221025139,0.3734297333935834
0.6745591116917048,0.37333935833709897
0.6745059611301649,0.37324898328061457
0.674452793204835,0.37315860822413016
0.6743996079072047,0.37306823316764576
0.6743464052287582,0.3729778581111613
0.6744566105572806,0.3729778581111613
0.6745136504822625,0.3728874830546769
0.6746239372138653,0.3728874830546769
0.6745707277187244,0.3727971079981925
0.6745175008177953,0.3727067329417081
0.674574607329843,0.3726163578852237
0.6745213549337261,0.3725259828287393
0.6745784907513505,0.3724356077722549
0.6746356639921401,0.37234523271577047
0.6745823779888634,0.37225485765928606
0.6745290745290745,0.3721644826028016
0.6745862690480092,0.3720741075463172
0.6745329400196657,0.3719837324898328
0.6744795935092608,0.3718933574333484
0.6744262295081968,0.371802982376864
0.6744834371925221,0.3717126073203796
0.674430047564376,0.3716222322638952
0.674487284659557,0.3715318572074108
0.6744338693797177,0.37144148215092637
0.6743804365665518,0.3713511070944419
0.6743269862114248,0.3712607320379575
0.6742735183056969,0.3711703569814731
0.6743307603875842,0.3710799819249887
0.674388040085428,0.3709896068685043
0.6743345382845876,0.3708992318120199
0.6742810188989318,0.3708088567555355
0.6743383199079401,0.3707184816990511
0.6743956586087815,0.3706281066425667
0.6743421052631579,0.3705377315860822
0.6742885342984043,0.3704473565295978
0.6742349457058243,0.3703569814731134
0.6741813394767154,0.370266606416629
0.67412771560237,0.3701762313601446
0.674074074074074,0.3700858563036602
0.6740204148831084,0.3699954812471758
0.6739667380207476,0.3699051061906914
0.6740777338603425,0.3699051061906914
0.6740240487563828,0.369814731134207
0.6739703459637562,0.3697243560777225
0.6739166254737189,0.3696339810212381
0.673973957474864,0.3695436059647537
0.6739202110121991,0.3694532309082693
0.6738664468260511,0.3693628558517849
0.6738126649076517,0.3692724807953005
0.6738700098977235,0.3691821057388161
0.6739273927392739,0.3690917306823317
0.673984813469792,0.3690013556258473
0.6739309889384184,0.36891098056936283
0.6740422721268163,0.36891098056936283
0.6739884393063584,0.36882060551287843
0.6739345887016849,0.368730230456394
0.6738807203039815,0.3686398553999096
0.6738268341044283,0.3685494803434252
0.6737729300941993,0.3684591052869408
0.6737190082644628,0.3683687302304564
0.6736650686063812,0.368278355173972
0.673776455026455,0.368278355173972
0.6737225070282785,0.3681879801174876
0.673668541184254,0.36809760506100314
0.6736145574855252,0.36800723000451874
0.673672017209995,0.36791685494803433
0.6736180072823569,0.36782647989154993
0.6735639794735971,0.3677361048350655
0.6735099337748345,0.3676457297785811
0.6734558701771817,0.3675553547220967
0.6735133344376346,0.3674649796656123
0.6735708367854184,0.3673746046091279
0.6735167384819357,0.36728422955264345
0.6734626222443229,0.36719385449615904
0.6734084880636605,0.36710347943967464
0.673354335931023,0.36701310438319024
0.6734118427599933,0.36692272932670583
0.673469387755102,0.36683235427022143
0.6734152007965483,0.366741979213737
0.6733609958506224,0.3666516041572526
0.6734185621783164,0.3665612291007682
0.6733643307871139,0.36647085404428376
0.6733100813818302,0.36638047898779935
0.6733676690480146,0.36629010393131495
0.6733133931538717,0.36619972887483054
0.6733710106382979,0.36610935381834614
0.6734286664449618,0.36601897876186174
0.6734863606121091,0.36592860370537733
0.6734320412576942,0.3658382286488929
0.673377703826955,0.3657478535924085
0.673323348310867,0.36565747853592406
0.6734354194407457,0.36565747853592406
0.6733810554353254,0.36556710347943966
0.6733266733266733,0.36547672842295525
0.6732722731057452,0.36538635336647085
0.6733844103930713,0.36538635336647085
0.6733300016658338,0.36529597830998645
0.6732755748083972,0.36520560325350204
0.673221129811698,0.36511522819701764
0.6731666666666667,0.36502485314053323
0.6732244081360453,0.36493447808404883
0.6731699182924795,0.36484410302756437
0.6731154102735156,0.36475372797107997
0.6731731731731732,0.36466335291459556
0.6732309746328438,0.36457297785811116
0.6731764313136371,0.36448260280162675
0.6731218697829716,0.36439222774514235
0.6731796927187709,0.36430185268865795
0.6731251043928512,0.36421147763217354
0.673070497828266,0.36412110257568914
0.6730158730158731,0.3640307275192047
0.6729612299465241,0.3639403524627203
0.6729065686110647,0.36384997740623587
0.6728518890003343,0.36375960234975147
0.6729096989966555,0.36366922729326706
0.6729675476748076,0.36357885223678266
0.6730254350736279,0.36348847718029825
0.6729707112970711,0.36339810212381385
0.6729159691998661,0.36330772706732944
0.672861208772811,0.363217352010845
0.6729191090269636,0.3631269769543606
0.6729770480817557,0.3630366018978762
0.6729222520107239,0.3629462268413918
0.6729802212537713,0.36285585178490737
0.6730382293762576,0.36276547672842296
0.6729833976186483,0.36267510167193856
0.6729285474672928,0.36258472661545416
0.672986577181208,0.36249435155896975
0.672931699949656,0.3624039765024853
0.6728768042967439,0.3623136014460009
0.6728218902131946,0.3622232263895165
0.6727669576897246,0.3621328513330321
0.6728249916022842,0.3620424762765477
0.672883064516129,0.36195210122006327
0.6728280961182994,0.36186172616357887
0.6727731092436975,0.36177135110709446
0.6727181038830056,0.36168097605061006
0.6726630800268998,0.3615906009941256
0.6726080376660502,0.3615002259376412
0.67255297679112,0.3614098508811568
0.672497897392767,0.3613194758246724
0.672442799461642,0.361229100768188
0.6725008414675193,0.3611387257117036
0.6724457162093923,0.3610483506552192
0.6725037885165853,0.36095797559873477
0.6724486359043449,0.36086760054225037
0.6723934647128179,0.3607772254857659
0.6725067385444744,0.3607772254857659
0.6724515585509688,0.3606868504292815
0.6723963599595552,0.3605964753727971
0.6723411427608292,0.3605061003163127
0.672285906945381,0.3604157252598283
0.6722306525037937,0.3603253502033439
0.6721753794266442,0.3602349751468595
0.6721200877045033,0.3601446000903751
0.6720647773279352,0.3600542250338907
0.6720094482874979,0.3599638499774062
0.6719541005737428,0.3598734749209218
0.6720121539500338,0.3597830998644374
0.6720702465383317,0.359692724807953
0.672014862354332,0.3596023497514686
0.6720729853015712,0.3595119746949842
0.6721865495099696,0.3595119746949842
0.6721311475409836,0.3594215996384998
0.6720757268424611,0.3593312245820154
0.6720202874049028,0.359240849525531
0.6719648292188029,0.3591504744690465
0.6720784711652291,0.3591504744690465
0.67202300405954,0.3590600994125621
0.672136694298765,0.3590600994125621
0.6720812182741117,0.3589697243560777
0.6720257234726688,0.3588793492995933
0.6719702098849019,0.3587889742431089
0.6720284456484931,0.3586985991866245
0.6720867208672087,0.3586082241301401
0.6720311705912247,0.3585178490736557
0.672089476359939,0.3584274740171713
0.6720338983050848,0.35833709896068683
0.6719783014070181,0.3582467239042024
0.6719226856561547,0.358156348847718
0.6718670510429031,0.3580659737912336
0.6718113975576662,0.3579755987347492
0.6717557251908397,0.3578852236782648
0.671869697997964,0.3578852236782648
0.6718140166298999,0.3577948486217804
0.6717583163611677,0.357704473565296
0.6718166383701188,0.3576140985088116
0.6719307182883342,0.3576140985088116
0.671875,0.35752372345232714
0.6718192627824019,0.35743334839584273
0.6717635066258919,0.3573429733393583
0.6717077315208156,0.3572525982828739
0.6717661057283699,0.3571622232263895
0.6717103026181571,0.3570718481699051
0.671654480530522,0.3569814731134207
0.6715986394557824,0.3568910980569363
0.671542779384249,0.3568007230004519
0.6716570261993875,0.3568007230004519
0.6716011570529181,0.35671034794396744
0.6715452688904017,0.35661997288748304
0.6714893617021277,0.35652959783099863
0.6714334354783793,0.35643922277451423
0.671377490209433,0.3563488477180298
0.6714358712314767,0.3562584726615454
0.6713798977853492,0.356168097605061
0.6714383094751193,0.3560777225485766
0.6714967609955677,0.3559873474920922
0.6715552523874488,0.35589697243560775
0.6714992324748422,0.35580659737912335
0.6715577546493773,0.35571622232263894
0.6716163167776071,0.35562584726615454
0.6716749189004609,0.35553547220967013
0.6716188524590164,0.35544509715318573
0.6715627668659265,0.3553547220967013
0.6716213907397915,0.3552643470402169
0.6715652768284347,0.3551739719837325
0.6716239316239316,0.35508359692724806
0.6716826265389877,0.35499322187076365
0.6717413616147794,0.35490284681427925
0.6716852010265184,0.35481247175779485
0.6717439671401677,0.35472209670131044
0.671687778158165,0.35463172164482604
0.6716315699366547,0.35454134658834163
0.6716903579380031,0.35445097153185723
0.6717491862258009,0.3543605964753728
0.6716929403701165,0.35427022141888836
0.6717517997943092,0.35417984636240396
0.6716955254585977,0.35408947130591956
0.671639231824417,0.35399909624943515
0.6716981132075471,0.35390872119295075
0.6717570350034318,0.35381834613646634
0.6717007036210743,0.35372797107998194
0.6717596566523605,0.35363759602349754
0.6718186501803194,0.35354722096701313
0.6717622810030918,0.35345684591052867
0.671877684246693,0.35345684591052867
0.6718213058419243,0.35336647085404427
0.671764908059804,0.35327609579755986
0.6717084908903403,0.35318572074107546
0.6716520543235345,0.35309534568459106
0.6717110920034394,0.35300497062810665
0.6717701703079305,0.35291459557162225
0.6717136958017894,0.35282422051513784
0.6716572018585442,0.35273384545865344
0.6716006884681583,0.352643470402169
0.6716597796143251,0.3525530953456846
0.6716032374720166,0.35246272028920017
0.6715466758525663,0.35237234523271577
0.6716057891109579,0.35228197017623136
0.671664943123061,0.35219159511974696
0.6716083433890708,0.35210122006326255
0.6716675288842904,0.35201084500677815
0.6716109003104519,0.35192046995029375
0.6715542521994134,0.3518300948938093
0.6714975845410628,0.3517397198373249
0.6716134598792062,0.3517397198373249
0.6715567828788401,0.3516493447808405
0.6715000863110651,0.3515589697243561
0.6716160220994475,0.3515589697243561
0.671731997927819,0.3515589697243561
0.6716753022452504,0.35146859466787167
0.6717346233586731,0.35137821961138727
0.6716778987385519,0.35128784455490286
0.6717372515125324,0.35119746949841846
0.6716804979253111,0.35110709444193405
0.6716237247103579,0.3510167193854496
0.6715669318574887,0.3509263443289652
0.6716262975778546,0.3508359692724808
0.6715694756878353,0.3507455942159964
0.6715126341294566,0.350655219159512
0.6715720221606648,0.3505648441030276
0.6715151515151515,0.35047446904654317
0.6714582611707655,0.35038409399005876
0.6714013511172701,0.35029371893357436
0.6715176715176715,0.35029371893357436
0.67157712305026,0.3502033438770899
0.6716366158113731,0.3501129688206055
0.6716961498439126,0.3500225937641211
0.6717557251908397,0.3499322187076367
0.6716987680027763,0.3498418436511523
0.6716417910447762,0.3497514685946679
0.671584794306544,0.3496610935381835
0.6716443827053308,0.34957071848169907
0.6717040125065138,0.34948034342521467
0.671646977067408,0.3493899683687302
0.6715899218071243,0.3492995933122458
0.6716495741352337,0.3492092182557614
0.6715924895688457,0.349118843199277
0.6716521739130434,0.3490284681427926
0.6717118997912317,0.3489380930863082
0.6716547764050809,0.3488477180298238
0.6717145343777198,0.3487573429733394
0.6717743339717918,0.348666967916855
0.6717171717171717,0.3485765928603705
0.6716599895488591,0.3484862178038861
0.671602787456446,0.3483958427474017
0.6717198118139048,0.3483958427474017
0.6716626002091322,0.3483054676909173
0.6717224546722455,0.3482150926344329
0.6716652136006974,0.3481247175779485
0.6716079525636554,0.3480343425214641
0.6716678297278437,0.3479439674649797
0.6717850287907869,0.3479439674649797
0.6717277486910995,0.3478535924084953
0.6717877094972067,0.3477632173520108
0.6718477121900105,0.3476728422955264
0.6717903930131004,0.347582467239042
0.6717330538085255,0.3474920921825576
0.6717930793428871,0.3474017171260732
0.6718531468531469,0.3473113420695888
0.671795768490995,0.3472209670131044
0.6717383700594614,0.34713059195662
0.6717984604618614,0.3470402169001356
0.6717410323709536,0.34694984184365113
0.6716835841792089,0.3468594667871667
0.6717436974789915,0.3467690917306823
0.6718038528896673,0.3466787166741979
0.6717463653879839,0.3465883416177135
0.6718065533555283,0.3464979665612291
0.6718667835232253,0.3464075915047447
0.6719270559354725,0.3463172164482603
0.6719873706367304,0.3462268413917759
0.6719298245614035,0.34613646633529144
0.671990171990172,0.34604609127880703
0.6720505617977528,0.34595571622232263
0.6721109940288023,0.3458653411658382
0.6720533989109433,0.3457749661093538
0.6719957835558679,0.3456845910528694
0.6720562390158172,0.345594215996385
0.6721167369901547,0.3455038409399006
0.6721772775237426,0.3454134658834162
0.672237860661506,0.34532309082693174
0.6721801865212036,0.34523271577044734
0.6722408026755853,0.34514234071396294
0.6721830985915493,0.34505196565747853
0.6722437477985206,0.34496159060099413
0.6723044397463002,0.3448712155445097
0.6722466960352423,0.3447808404880253
0.6721889319703913,0.3446904654315409
0.6722496473906912,0.3446000903750565
0.672310405643739,0.34450971531857205
0.6723712067748765,0.34441934026208765
0.6723133933298041,0.34432896520560324
0.6722555594775856,0.34423859014911884
0.672316384180791,0.34414821509263444
0.6722585202189653,0.34405784003615003
0.6722006358177323,0.3439674649796656
0.6722614840989399,0.3438770899231812
0.6722035695352536,0.3437867148666968
0.6721456344998232,0.34369633981021236
0.6720876789817924,0.34360596475372795
0.6720297029702971,0.34351558969724355
0.6720905553590378,0.34342521464075915
0.6720325490889794,0.34333483958427474
0.6719745222929936,0.34324446452779034
0.671916474960184,0.34315408947130593
0.6719773411223225,0.34306371441482153
0.6719192634560907,0.3429733393583371
0.671861165220471,0.34288296430185267
0.6719220549158548,0.34279258924536826
0.671863926293409,0.34270221418888386
0.6719248493442042,0.34261183913239945
0.6719858156028369,0.34252146407591505
0.6719276467458769,0.34243108901943065
0.6718694572543455,0.34234071396294624
0.671930447125621,0.34225033890646184
0.6718722271517302,0.34215996384997743
0.6719332504881945,0.342069588793493
0.6719943171727935,0.34197921373700857
0.6719360568383659,0.34188883868052417
0.671997157071784,0.34179846362403976
0.6720583007465339,0.34170808856755536
0.6721194879089616,0.34161771351107095
0.6720611773074872,0.34152733845458655
0.6721223981497955,0.34143696339810214
0.6722419928825623,0.34143696339810214
0.6721836625734117,0.34134658834161774
0.6723033107867569,0.34134658834161774
0.6722449706248887,0.3412562132851333
0.672306322350846,0.3411658382286489
0.6722479515496972,0.3410754631721645
0.6723093371347113,0.34098508811568007
0.6722509356620923,0.34089471305919566
0.6723123551435194,0.34080433800271126
0.6723738184412341,0.34071396294622686
0.6723153763824474,0.34062358788974245
0.6723768736616702,0.34053321283325805
0.6724384148518386,0.3404428377767736
0.6723799321549724,0.3403524627202892
0.6723214285714286,0.3402620876638048
0.6722629040900161,0.3401717126073204
0.6722043586995355,0.34008133755083597
0.6721457923887797,0.33999096249435157
0.672207327971403,0.33990058743786716
0.6722689075630253,0.33981021238138276
0.6722103004291845,0.33971983732489835
0.6721516723305312,0.3396294622684139
0.6722132760780104,0.3395390872119295
0.6722749239305531,0.3394487121554451
0.6722162549230218,0.3393583370989607
0.6721575649059982,0.3392679620424763
0.6720988538681948,0.3391775869859919
0.6720401217983163,0.33908721192950747
0.6719813686850591,0.33899683687302307
0.6720430107526881,0.33890646181653866
0.672104697024023,0.3388160867600542
0.6720459028151335,0.3387257117035698
0.671987087517934,0.3386353366470854
0.6719282511210762,0.338544961590601
0.6718693936132042,0.3384545865341166
0.6719310839913855,0.3383642114776322
0.6719928186714542,0.3382738364211478
0.6719339199138086,0.3381834613646634
0.6719956888809053,0.33809308630817897
0.6719367588932806,0.3380027112516945
0.6718778077268643,0.3379123361952101
0.671998562185478,0.3379123361952101
0.6720604099244876,0.3378219611387257
0.6720014385901816,0.3377315860822413
0.6720633207411405,0.3376412110257569
0.6721252474356667,0.3375508359692725
0.672066234701224,0.3374604609127881
0.672007200720072,0.3373700858563037
0.6719481454807346,0.3372797107998193
0.6720100864553314,0.3371893357433348
0.6719509998198523,0.3370989606868504
0.6720129753108668,0.337008585630366
0.6720749954930593,0.3369182105738816
0.672137060414788,0.3368278355173972
0.672077922077922,0.3367374604609128
0.6720187624030308,0.3366470854044284
0.6719595813785637,0.336556710347944
0.6720216606498195,0.3364663352914596
0.6720837847598411,0.3363759602349751
0.6720245620372043,0.3362855851784907
0.6719653179190751,0.3361952101220063
0.6720274665702928,0.3361048350655219
0.6719681908548708,0.3360144600090375
0.6719088937093276,0.3359240849525531
0.6719710669077757,0.3358337098960687
0.671911738108157,0.3357433348395843
0.671973946082866,0.3356529597830999
0.6719145855953673,0.33556258472661543
0.6718552036199095,0.335472209670131
0.6717958001448225,0.3353818346136466
0.6717363751584284,0.3352914595571622
0.6716769286490402,0.3352010845006778
0.6717391304347826,0.3351107094441934
0.6718013773106198,0.335020334387709
0.671741888707631,0.3349299593312246
0.6716823785351704,0.3348395842747402
0.6717446499818643,0.33474920921825574
0.6718069666182874,0.33465883416177133
0.6719288695336599,0.33465883416177133
0.6718693284936479,0.33456845910528693
0.6718097658377201,0.3344780840488025
0.6718721627020157,0.3343877089923181
0.6719346049046322,0.3342973339358337
0.6719970924950027,0.3342069588793493
0.6720596255226322,0.3341165838228649
0.6721818181818182,0.3341165838228649
0.6721222040370977,0.3340262087663805
0.6720625682066206,0.33393583370989605
0.6720029106785519,0.33384545865341164
0.6719432314410481,0.33375508359692724
0.6718835304822566,0.33366470854044283
0.6719461132350264,0.33357433348395843
0.6718863801893663,0.333483958427474
0.6720087415771262,0.333483958427474
0.6719489981785064,0.3333935833709896
0.6718892330114775,0.3333032083145052
0.67182944606414,0.3332128332580208
0.6717696373245854,0.33312245820153635
0.6718322698268003,0.33303208314505195
0.6718949480211563,0.33294170808856755
0.6718350966800438,0.33285133303208314
0.6718978102189781,0.33276095797559874
0.6720204416864392,0.33276095797559874
0.671960569550931,0.33267058291911433
0.6720233747260774,0.33258020786262993
0.6719634703196347,0.3324898328061455
0.6719035440263061,0.3323994577496611
0.6718435958340947,0.33230908269317666
0.6717836257309941,0.33221870763669226
0.67172363370499,0.33212833258020785
0.6716636197440585,0.33203795752372345
0.6717264081931237,0.33194758246723904
0.6716663618072068,0.33185720741075464
0.6717291857273558,0.33176683235427024
0.6716691068814056,0.33167645729778583
0.671609006040637,0.3315860822413014
0.6715488831929696,0.33149570718481697
0.6714887383263138,0.33140533212833256
0.6714285714285714,0.33131495707184816
0.6714913887871015,0.33122458201536376
0.6714311892981492,0.33113420695887935
0.6715542521994134,0.33113420695887935
0.6714940421631531,0.33104383190239495
0.6714338100476714,0.33095345684591054
0.6715569411333211,0.33095345684591054
0.671496698459281,0.33086308178942614
0.6714364336818932,0.33077270673294173
0.6714993576803083,0.3306823316764573
0.67143906020558,0.33059195661997287
0.6713787405911511,0.33050158156348847
0.6713183988248256,0.33041120650700406
0.6713813372520205,0.33032083145051966
0.671320962704391,0.33023045639403525
0.671260565968394,0.33014008133755085
0.6712001470317956,0.33004970628106645
0.6712630998345284,0.32995933122458204
0.6712026480323648,0.3298689561680976
0.6711421739930109,0.3297785811116132
0.6710816777041942,0.3296882060551288
0.6711446448288554,0.32959783099864437
0.6710841155899135,0.32950745594215997
0.6711471183944026,0.32941708088567556
0.6710865561694291,0.32932670582919116
0.6710259716338184,0.32923633077270675
0.6709653647752395,0.32914595571622235
0.671028381865094,0.3290555806597379
0.6709677419354839,0.3289652056032535
0.6710307947630463,0.3288748305467691
0.6709701217263002,0.3287844554902847
0.6709094263051097,0.3286940804338003
0.6708487084870849,0.32860370537731587
0.6707879682598266,0.32851333032083146
0.6707272056109266,0.32842295526434706
0.6707902511078286,0.32833258020786266
0.6708533431843369,0.3282422051513782
0.6709164818920916,0.3281518300948938
0.6709796672828097,0.3280614550384094
0.6709188389720836,0.327971079981925
0.6709820602922137,0.3278807049254406
0.6710453283996299,0.3277903298689562
0.6709844559585493,0.32769995481247177
0.6709235609846381,0.32760957975598737
0.6708626434653832,0.32751920469950296
0.6709259259259259,0.3274288296430185
0.6708649749953696,0.3273384545865341
0.6708040014820303,0.3272480795300497
0.6709282934963868,0.3272480795300497
0.6709916589434661,0.3271577044735653
0.6710550713888374,0.3270673294170809
0.6709940652818991,0.3269769543605965
0.6709330365423855,0.3268865793041121
0.6708719851576994,0.3267962042476277
0.6709964742994989,0.3267962042476277
0.670935412026726,0.32670582919114327
0.6709988860007426,0.3266154541346588
0.6710624071322436,0.3265250790781744
0.6710013003901171,0.32643470402169
0.6710648578331165,0.3263443289652056
0.671003717472119,0.3262539539087212
0.6710673112681295,0.3261635788522368
0.6710061372512554,0.3260732037957524
0.6710697674418604,0.325982828739268
0.6710085597320432,0.3258924536827836
0.6709473292387865,0.3258020786262991
0.6710109849190095,0.3257117035698147
0.670949720670391,0.3256213285133303
0.670888433600298,0.3255309534568459
0.6708271236959762,0.3254405784003615
0.6707657909446618,0.3253502033438771
0.6707044353335818,0.3252598282873927
0.6706430568499534,0.3251694532309083
0.6705816554809844,0.3250790781744239
0.6706452816113391,0.3249887031179394
0.6705838462973326,0.324898328061455
0.6707089552238806,0.324898328061455
0.6706475088635939,0.3248079530049706
0.6705860395670026,0.3247175779484862
0.6706497386109037,0.3246272028920018
0.6705882352941176,0.3245368278355174
0.6707134852446769,0.3245368278355174
0.6706519708574631,0.324446452779033
0.6707157540646608,0.3243560777225486
0.6706542056074767,0.3242657026660642
0.6705926341372219,0.32417532760957973
0.6705310396409873,0.32408495255309533
0.6705948372615039,0.3239945774966109
0.670533208606174,0.3239042024401265
0.6706586826347305,0.3239042024401265
0.6705970428598166,0.3238138273836421
0.6705353800074878,0.3237234523271577
0.6704736940647819,0.3236330772706733
0.6704119850187266,0.3235427022141889
0.6703502528563401,0.3234523271577045
0.6702884975646309,0.32336195210122004
0.6702267191305977,0.32327157704473564
0.6701649175412294,0.32318120198825123
0.6702287214098238,0.32309082693176683
0.6702925731432858,0.3230004518752824
0.6702307259425999,0.322910076818798
0.6701688555347092,0.3228197017623136
0.6701069619065491,0.3227293267058292
0.670045045045045,0.3226389516493448
0.6701088997371386,0.32254857659286035
0.6700469483568076,0.32245820153637594
0.669984973703982,0.32236782647989154
0.6700488538143555,0.32227745142340714
0.6701127819548872,0.32218707636692273
0.6700507614213198,0.3220967013104383
0.6701147263494451,0.3220063262539539
0.6700526711813394,0.3219159511974695
0.6701787394167451,0.3219159511974695
0.6701166729394054,0.3218255761409851
0.6700545830980613,0.32173520108450065
0.670118621728488,0.32164482602801625
0.6701827086080241,0.32155445097153185
0.670120572720422,0.32146407591504744
0.6701846965699209,0.32137370085856304
0.6702488687782805,0.32128332580207863
0.6701866867810673,0.32119295074559423
0.6703130894002264,0.32119295074559423
0.670377358490566,0.3211025756891098
0.6703151538026043,0.3210122006326254
0.6704416761041903,0.3210122006326254
0.6703794600717388,0.32092182557614096
0.6703172205438066,0.32083145051965656
0.6702549575070822,0.32074107546317215
0.6701926709482433,0.32065070040668775
0.670130360853958,0.32056032535020335
0.6701946701946702,0.32046995029371894
0.6701323251417769,0.32037957523723454
0.6700699565135186,0.32028920018075013
0.6701342916587857,0.32019882512426573
0.6701986754966888,0.32010845006778127
0.6701362604087813,0.32001807501129687
0.6700738216922203,0.31992769995481246
0.6700113593335858,0.31983732489832806
0.6699488733194471,0.31974694984184365
0.6700132600871377,0.31965657478535925
0.6700776956604131,0.31956619972887484
0.6700151630022745,0.31947582467239044
0.6699526066350711,0.31938544961590604
0.6698900265453166,0.3192950745594216
0.6699544764795144,0.3192046995029372
0.6698918611269209,0.31911432444645277
0.6698292220113852,0.31902394938996836
0.6697665591193774,0.31893357433348396
0.6697038724373576,0.31884319927699956
0.6696411619517753,0.31875282422051515
0.6695784276490695,0.31866244916403075
0.6695156695156695,0.31857207410754634
0.6694528875379939,0.3184816990510619
0.6693900817024511,0.3183913239945775
0.669327251995439,0.3183009489380931
0.6692643984033454,0.31821057388160867
0.6692015209125475,0.31812019882512427
0.6692658805629517,0.31802982376863986
0.6692029674719422,0.31793944871215546
0.6691400304414004,0.31784907365567105
0.6692044156832889,0.31775869859918665
0.6691414429849609,0.3176683235427022
0.6690784463061691,0.3175779484862178
0.6691428571428572,0.3174875734297334
0.6690798247285197,0.317397198373249
0.6691442729178578,0.3173068233167646
0.6690812047274114,0.31721644826028017
0.6691456903127384,0.31712607320379577
0.6690825863055503,0.31703569814731136
0.6690194582220527,0.31694532309082696
0.668956306048464,0.3168549480343425
0.6690208054972323,0.3167645729778581
0.6689576174112256,0.3166741979213737
0.6688944051938133,0.3165838228648893
0.6689589302769818,0.3164934478084049
0.6690235046818269,0.3164030727519205
0.668960244648318,0.3163126976954361
0.6688969604282164,0.31622232263895167
0.6689615605278256,0.31613194758246727
0.6688982402448355,0.3160415725259828
0.6689628779181018,0.3159511974694984
0.6688995215311004,0.315860822413014
0.6688361408882083,0.3157704473565296
0.6689008042895442,0.3156800723000452
0.6689020885227055,0.3154993221870764
0.6688386354925259,0.315408947130592
0.6689033742331288,0.3153185720741076
0.6689681626390487,0.3152281970176231
0.6689046614233647,0.3151378219611387
0.6689694876223373,0.3150474469046543
0.669034363601459,0.3149570718481699
0.6689708141321045,0.3148666967916855
0.6689072402535049,0.3147763217352011
0.6688436419515943,0.3146859466787167
0.6687800192122959,0.3145955716222323
0.6688448971747069,0.3145051965657479
0.6687812379853902,0.3144148215092634
0.6687175543164776,0.314324446452779
0.6686538461538462,0.3142340713962946
0.6687187379761447,0.3141436963398102
0.6686549932653454,0.3140533212833258
0.6687199230028874,0.3139629462268414
0.6686561417019639,0.313872571170357
0.6685923358367033,0.3137821961138726
0.6685285053929122,0.3136918210573882
0.668464650356386,0.3136014460009037
0.6685295818076701,0.3135110709444193
0.6684656900539707,0.3134206958879349
0.6684017736649316,0.3133303208314505
0.6685306594677979,0.3133303208314505
0.6684667309546769,0.3132399457749661
0.6684027777777778,0.3131495707184817
0.6683387999228246,0.3130591956619973
0.6684037830534646,0.3129688206055129
0.6683397683397684,0.3128784455490285
0.6684047894940132,0.31278807049254403
0.6683407378790805,0.31269769543605963
0.6684057971014493,0.3126073203795752
0.6683417085427136,0.3125169453230908
0.6684068058778035,0.3124265702666064
0.6683426803326242,0.312336195210122
0.6684719535783366,0.312336195210122
0.6684078158251112,0.3122458201536376
0.6683436532507739,0.3121554450971532
0.6682794658409135,0.3120650700406688
0.6683446272991288,0.31197469498418434
0.6684098392407515,0.31188431992769994
0.668345602479659,0.31179394487121553
0.6682813408254215,0.31170356981473113
0.66834657879434,0.3116131947582467
0.6682822799534703,0.3115228197017623
0.6682179561760714,0.3114324446452779
0.6682832201745877,0.3113420695887935
0.6682188591385332,0.3112516945323091
0.6681544731224529,0.31116131947582465
0.6682841614906833,0.31116131947582465
0.6682197631527859,0.31107094441934025
0.6682851039036706,0.31098056936285584
0.6683504954342335,0.31089019430637144
0.6682860474154684,0.31079981924988703
0.6684159378036929,0.31079981924988703
0.6685458786936236,0.31079981924988703
0.6684814310713592,0.31070944419340263
0.6684169583819526,0.3106190691369182
0.6683524606107761,0.3105286940804338
0.6684179801517806,0.3104383190239494
0.6684835507105314,0.31034794396746496
0.6684190031152648,0.31025756891098055
0.6684846123880016,0.31016719385449615
0.6685502727981294,0.31007681879801174
0.6684856753069577,0.30998644374152734
0.6686159844054581,0.30998644374152734
0.6685513745369468,0.30989606868504294
0.6684867394695788,0.30980569362855853
0.6685524775653531,0.3097153185720741
0.6684878048780488,0.3096249435155897
0.6685535818856139,0.30953456845910526
0.6686194102714313,0.30944419340262086
0.6685546875,0.30935381834613646
0.6686205549042594,0.30926344328965205
0.6686864738076622,0.30917306823316765
0.6686217008797654,0.30908269317668324
0.6685569026202581,0.30899231812019884
0.668622848200313,0.30890194306371443
0.6685580121306985,0.30881156800723003
0.6686239968682717,0.30872119295074557
0.6685591229444009,0.30863081789426117
0.6684942236146466,0.30854044283777676
0.6684292988640814,0.30845006778129236
0.668364348677767,0.30835969272480795
0.6684303350970018,0.30826931766832355
0.6684963732601451,0.30817894261183915
0.668562463228084,0.30808856755535474
0.6686286050618011,0.30799819249887034
0.668563579277865,0.3079078174423859
0.6686297605025521,0.3078174423859015
0.6686959937156324,0.30772706732941707
0.6686309173050481,0.30763669227293267
0.668565815324165,0.30754631721644826
0.6685006877579092,0.30745594215996386
0.668435534591195,0.30736556710347945
0.6683703558089247,0.30727519204699505
0.668305151395989,0.30718481699051065
0.6682399213372665,0.3070944419340262
0.668174665617624,0.3070040668775418
0.6681093842219162,0.3069136918210574
0.6681755559929148,0.306823316764573
0.6681102362204724,0.30673294170808857
0.668044890726521,0.30664256665160416
0.6681110892259208,0.30655219159511976
0.6680457052797478,0.30646181653863536
0.6681119432400473,0.30637144148215095
0.668046520796373,0.3062810664256665
0.667981072555205,0.3061906913691821
0.6679155985012818,0.3061003163126977
0.6678500986193294,0.3060099412562133
0.6679163378058406,0.3059195661997289
0.6678507992895204,0.30582919114324447
0.6677852348993288,0.30573881608676007
0.6677196446199408,0.30564844103027566
0.667654028436019,0.30555806597379126
0.6675883863322141,0.3054676909173068
0.6675227182931648,0.3053773158608224
0.6674570243034973,0.305286940804338
0.6673913043478261,0.3051965657478536
0.6673255584107531,0.3051061906913692
0.6672597864768683,0.3050158156348848
0.6671939885307494,0.3049254405784004
0.6672601384767557,0.30483506552191597
0.667194301543332,0.30474469046543157
0.6672604908946952,0.3046543154089471
0.6671946149277371,0.3045639403524627
0.6671287128712872,0.3044735652959783
0.667260843731432,0.3044735652959783
0.6673271250247672,0.3043831902394939
0.6673934588701684,0.3042928151830095
0.6673275178429817,0.3042024401265251
0.667393891312971,0.3041120650700407
0.6673279111287443,0.3040216900135563
0.6672619047619047,0.3039313149570719
0.6673943242706887,0.3039313149570719
0.6673283048828901,0.3038409399005874
0.6673947577442415,0.303750564844103
0.6673286991062563,0.3036601897876186
0.667395191734552,0.3035698147311342
0.6673290937996821,0.3034794396746498
0.667262969588551,0.3033890646181654
0.6673294889640088,0.303298689561681
0.6672633253778838,0.3032083145051966
0.6671971354684703,0.3031179394487122
0.6673298846000796,0.3031179394487122
0.6672636815920397,0.3030275643922277
0.6671974522292994,0.3029371893357433
0.6671311964961179,0.3028468142792589
0.6670649143767423,0.3027564392227745
0.6669986058554073,0.3026660641662901
0.6669322709163347,0.3025756891098057
0.6669988043045038,0.3024853140533213
0.6669324297388878,0.3023949389968369
0.6668660287081339,0.3023045639403525
0.6669325887514959,0.30221418888386803
0.6668661480151605,0.3021238138273836
0.6669327479545001,0.3020334387708992
0.6669994010780594,0.3019430637144148
0.6670661074495706,0.3018526886579304
0.6669996004794246,0.301762313601446
0.666933066933067,0.3016719385449616
0.6668665067945644,0.3015815634884772
0.666999800119928,0.3015815634884772
0.6669332267093163,0.3014911884319928
0.667,0.30140081337550834
0.6669333866773355,0.30131043831902393
0.667000200120072,0.30122006326253953
0.6670670670670671,0.3011296882060551
0.6670004004805767,0.3010393131495707
0.6669337071900661,0.3009489380930863
0.6670673076923077,0.3009489380930863
0.6670006010819475,0.3008585630366019
0.6670675486069353,0.3007681879801175
0.6670677898114721,0.30058743786714864
0.6670010030090271,0.30049706281066424
0.6669341894060995,0.30040668775417984
0.6670012043356082,0.30031631269769543
0.6669343505320217,0.300225937641211
0.6670014059048002,0.3001355625847266
0.6669345118521495,0.3000451875282422
0.6670016077170418,0.2999548124717578
0.6669346733668342,0.2998644374152734
0.6670687575392038,0.2998644374152734
0.667135961383749,0.29977406235878895
0.6672032193158953,0.29968368730230455
0.667136244717247,0.29959331224582014
0.6672035433863499,0.29950293718933574
0.6672708962739174,0.29941256213285133
0.6672038678485093,0.29932218707636693
0.6671368124118476,0.2992318120198825
0.6672041927030841,0.2991414369633981
0.6672716273442226,0.2990510619069137
0.6672045179507866,0.29896068685042926
0.667339116401049,0.29896068685042926
0.66727199354318,0.29887031179394485
0.667204843592331,0.29877993673746045
0.6671376665320953,0.29868956168097605
0.6670704623460529,0.29859918662449164
0.6670032310177706,0.29850881156800724
0.6669359725308018,0.29841843651152283
0.6668686868686868,0.29832806145503843
0.6670034350373812,0.29832806145503843
0.6669361358124495,0.298237686398554
0.6668688093794218,0.29814731134206957
0.6669362992922143,0.29805693628558516
0.6668689320388349,0.29796656122910076
0.6668015375278171,0.29787618617261635
0.6667341157426143,0.29778581111613195
0.6666666666666666,0.29769543605964754
0.666734156711885,0.29760506100316314
0.6666666666666666,0.29751468594667874
0.6667341977309562,0.29742431089019433
0.6666666666666666,0.2973339358337099
0.6667342387999189,0.29724356077722547
0.6668694241686942,0.29724356077722547
0.6668018657473129,0.29715318572074106
0.6668695475755732,0.29706281066425666
0.6669372843515323,0.29697243560777226
0.666869671132765,0.29688206055128785
0.6668020304568528,0.29679168549480345
0.6667343623070674,0.29670131043831904
0.6666666666666666,0.29661093538183464
0.6667344035765088,0.2965205603253502
0.6666666666666666,0.2964301852688658
0.6665989022158976,0.29633981021238137
0.6666666666666666,0.29624943515589697
0.6665988608624899,0.29615906009941256
0.6665310274669379,0.29606868504292816
0.6665988194585792,0.29597830998644375
0.6665309446254072,0.29588793492995935
0.6664630421502749,0.29579755987347495
0.6663951120162933,0.2957071848169905
0.6664629176854115,0.2956168097605061
0.6663949459955166,0.2955264347040217
0.6663269465960049,0.2954360596475373
0.666394779771615,0.29534568459105287
0.6663267387313889,0.29525530953456847
0.6664626682986536,0.29525530953456847
0.6663946133442155,0.29516493447808406
0.6663265306122449,0.29507455942159966
0.666394446712944,0.29498418436511525
0.6664624183006536,0.2948938093086308
0.6663942798774259,0.2948034342521464
0.6663261136085002,0.294713059195662
0.6663941128372853,0.2946226841391776
0.6664621676891616,0.2945323090826932
0.6665302782324058,0.2944419340262088
0.6664620421526499,0.29435155896972437
0.6663937781416291,0.29426118391323997
0.6663254861821903,0.29417080885675556
0.6664619164619164,0.29417080885675556
0.6663936104853574,0.2940804338002711
0.6663252765260139,0.2939900587437867
0.6664617906166769,0.2939900587437867
0.6665300266448042,0.2938996836873023
0.6664616646166461,0.2938093086308179
0.6665299425758818,0.2937189335743335
0.6664615384615384,0.2936285585178491
0.6663931062782109,0.2935381834613647
0.6664614121510674,0.2934478084048803
0.6665297741273101,0.29335743334839587
0.6664612856849456,0.2932670582919114
0.666392769104355,0.293176683235427
0.6664611590628853,0.2930863081789426
0.6663926002055498,0.2929959331224582
0.666461032284598,0.2929055580659738
0.6665295206747582,0.2928151830094894
0.6664609053497942,0.292724807953005
0.6665294359818855,0.2926344328965206
0.6664607782581841,0.2925440578400362
0.6665980230642504,0.2925440578400362
0.6665293511843461,0.2924536827835517
0.6665979806305378,0.2923633077270673
0.6665292662819456,0.2922729326705829
0.6664605236033807,0.2921825576140985
0.6665979381443299,0.2921825576140985
0.6665291812744896,0.2920921825576141
0.6664603960396039,0.2920018075011297
0.6665978956055292,0.2920018075011297
0.6665290961617829,0.2919114324446453
0.6664602683178534,0.2918210573881609
0.6665290109436299,0.2917306823316765
0.6665978103697583,0.291640307275192
0.6666666666666666,0.2915499322187076
0.6665977676725919,0.2914595571622232
0.6665288401902005,0.2913691821057388
0.6664598842018197,0.2912788070492544
0.6663908996897622,0.29118843199277
0.6663218866363261,0.2910980569362856
0.6663907284768212,0.2910076818798012
0.6664596273291925,0.2909173068233168
0.6665285832642917,0.29082693176683233
0.6664594986534079,0.2907365567103479
0.6665284974093264,0.2906461816538635
0.6665975533900063,0.2905558065973791
0.6665284114475322,0.2904654315408947
0.666597510373444,0.2903750564844103
0.6665283253787093,0.2902846814279259
0.6664591116645912,0.2901943063714415
0.6663898692132032,0.2901039313149571
0.6664589823468328,0.29001355625847264
0.6665281529191772,0.28992318120198823
0.6665973810018707,0.28983280614550383
0.6665280665280665,0.2897424310890194
0.6664587232272822,0.289652056032535
0.6663893510815307,0.2895616809760506
0.6664585934248856,0.2894713059195662
0.6663891779396462,0.2893809308630818
0.6664584634603373,0.2892905558065974
0.6663890045814244,0.28920018075011295
0.6664583333333334,0.28910980569362854
0.6663888310064596,0.28901943063714414
0.6663192997082118,0.28892905558065973
0.6663886572143453,0.28883868052417533
0.6663190823774765,0.2887483054676909
0.6662494785148102,0.2886579304112065
0.6661798456081786,0.2885675553547221
0.666110183639399,0.2884771802982377
0.6662492172824045,0.2884771802982377
0.6661795407098121,0.28838680524175325
0.6661098350386302,0.28829643018526885
0.6660401002506265,0.28820605512878444
0.6661094860008357,0.28811568007230004
0.6661789297658863,0.28802530501581564
0.6661091365251934,0.28793492995933123
0.6660393140945211,0.2878445549028468
0.6659694624555532,0.2877541798463624
0.6660389202762084,0.287663804789878
0.6659690246965257,0.28757342973339356
0.6658990998534645,0.28748305467690916
0.666038525963149,0.28748305467690916
0.6659685863874345,0.28739267962042475
0.6658986175115207,0.28730230456394035
0.6658286193169914,0.28721192950745594
0.665758591785415,0.28712155445097154
0.6656885348983441,0.28703117939448713
0.6656184486373166,0.28694080433800273
0.6655483329838541,0.2868504292815183
0.6654781879194631,0.28676005422503387
0.6654080134256346,0.28666967916854946
0.6653378094838439,0.28657930411206506
0.665407220822838,0.28648892905558065
0.6653369724963258,0.28639855399909625
0.6652666946661067,0.28630817894261185
0.6653361344537815,0.28621780388612744
0.6654056326187474,0.28612742882964304
0.6653352953542149,0.28603705377315863
0.6652649285113541,0.2859466787166742
0.6651945320715037,0.28585630366018977
0.6652640437618347,0.28576592860370537
0.6651936026936027,0.28567555354722096
0.6652631578947369,0.28558517849073656
0.6653327716933446,0.28549480343425215
0.6654024441635061,0.28540442837776775
0.6653319283456269,0.28531405332128335
0.6652613827993255,0.28522367826479894
0.6653310839308308,0.2851333032083145
0.6654008438818565,0.2850429281518301
0.6654706627268889,0.2849525530953457
0.6654000422208148,0.28486217803886127
0.6653293918918919,0.28477180298237686
0.6653992395437263,0.28468142792589246
0.665469146238377,0.28459105286940806
0.6656098076516592,0.28459105286940806
0.66553911205074,0.28450067781292365
0.6654683865510679,0.28441030275643925
0.6653976311336718,0.2843199276999548
0.6654676258992805,0.2842295526434704
0.6653968253968254,0.284139177586986
0.6653259949195597,0.2840488025305016
0.6653960186361711,0.28395842747401717
0.6653251429781826,0.28386805241753277
0.6652542372881356,0.28377767736104836
0.6651833015469379,0.28368730230456396
0.6651123357354811,0.28359692724807956
0.6650413398346406,0.2835065521915951
0.6649703138252756,0.2834161771351107
0.6650403054730589,0.2833258020786263
0.6651103565365025,0.2832354270221419
0.6651804670912951,0.2831450519656575
0.6652506372132541,0.2830546769091731
0.6653208669783255,0.28296430185268867
0.665249734325186,0.28287392679620427
0.6653200085052094,0.28278355173971986
0.6653903424803234,0.2826931766832354
0.6653191489361702,0.282602801626751
0.6652479250904447,0.2825124265702666
0.665318288269108,0.2824220515137822
0.6652470187393527,0.2823316764572978
0.6651757188498403,0.2822413014008134
0.6652461112294907,0.282150926344329
0.6653165636324877,0.2820605512878446
0.6652452025586354,0.28197017623136017
0.6651738110471316,0.2818798011748757
0.6652442927245573,0.2817894261183913
0.6651728553137004,0.2816990510619069
0.6651013874066168,0.2816086760054225
0.6650298889837746,0.2815183009489381
0.6649583600256246,0.2814279258924537
0.6650288399914548,0.2813375508359693
0.6650993802094465,0.2812471757794849
0.6651699807568955,0.2811568007230005
0.66524064171123,0.281066425666516
0.6651690201112538,0.2809760506100316
0.6653113631500107,0.2809760506100316
0.6652397260273972,0.2808856755535472
0.665168058231642,0.2807953004970628
0.6650963597430407,0.2807049254405784
0.6651670951156813,0.280614550384094
0.6650953503321191,0.2805241753276096
0.6651661307609861,0.2804338002711252
0.6650943396226415,0.2803434252146408
0.6650225176924727,0.2802530501581563
0.6650933276121004,0.2801626751016719
0.665164198325821,0.2800723000451875
0.6652351299119605,0.2799819249887031
0.6651632302405498,0.2798915499322187
0.6650912996777658,0.2798011748757343
0.6650193382036957,0.2797107998192499
0.6650902837489252,0.2796204247627655
0.6651612903225806,0.2795300497062811
0.6650892665089266,0.27943967464979663
0.6650172117039587,0.27934929959331223
0.6650882479552304,0.2792589245368278
0.665016146393972,0.2791685494803434
0.6650872280852896,0.279078174423859
0.6650150797070228,0.2789877993673746
0.6649429002370179,0.2788974243108902
0.6650140116404397,0.2788070492544058
0.6649417852522639,0.2787166741979214
0.6650129421915444,0.27862629914143694
0.6650841605524385,0.27853592408495254
0.6651554404145078,0.27844554902846813
0.665083135391924,0.2783551739719837
0.6650107991360691,0.2782647989154993
0.6649384316267012,0.2781744238590149
0.6650097255240977,0.2780840488025305
0.6649373108517077,0.2779936737460461
0.6648648648648648,0.2779032986895617
0.6647923875432526,0.27781292363307725
0.6647198788665368,0.27772254857659284
0.6646473388143661,0.27763217352010844
0.6647186147186147,0.27754179846362403
0.6646460272786318,0.27745142340713963
0.6645734084019056,0.2773610483506552
0.6645007580680096,0.2772706732941708
0.6645720476706393,0.2771802982376864
0.6646433990895296,0.277089923181202
0.6647148124051182,0.27699954812471755
0.6646420824295011,0.27690917306823315
0.6645693208939032,0.27681879801174875
0.6644965277777778,0.27672842295526434
0.66442370306056,0.27663804789877994
0.6645679548415111,0.27663804789877994
0.6646394439617723,0.27654767284229553
0.6647109952194697,0.27645729778581113
0.6646381221473593,0.2763669227293267
0.6645652173913044,0.2762765476728423
0.6644922809306371,0.27618617261635786
0.6644193127446716,0.27609579755987346
0.664490861618799,0.27600542250338905
0.664417845484222,0.27591504744690465
0.6643447975620375,0.27582467239042024
0.6642717178314826,0.27573429733393584
0.6643432803310826,0.27564392227745144
0.6644149052081063,0.27555354722096703
0.6644865925441465,0.27546317216448263
0.6644134321849106,0.27537279710799817
0.6644851657940664,0.27528242205151376
0.6645569620253164,0.27519204699502936
0.6646288209606986,0.27510167193854496
0.6645555798209216,0.27501129688206055
0.6644823066841415,0.27492092182557615
0.6644090015293861,0.27483054676909174
0.6643356643356644,0.27474017171260734
0.6644075207695671,0.27464979665612294
0.6644794400699913,0.2745594215996385
0.6644060380660687,0.27446904654315407
0.6643326039387308,0.27437867148666967
0.6642591376668855,0.27428829643018526
0.6644045534150613,0.27428829643018526
0.6644765659220324,0.27419792137370086
0.6644030668127053,0.27410754631721646
0.6643295354951797,0.27401717126073205
0.6642559719482797,0.27392679620424765
0.664182376150811,0.27383642114776324
0.6641087480815611,0.2737460460912788
0.6642543859649123,0.2737460460912788
0.6641807413906559,0.2736556710347944
0.6643264589732338,0.2736556710347944
0.6642527978933509,0.27356529597831
0.664179104477612,0.27347492092182557
0.6641053787047201,0.27338454586534117
0.6640316205533597,0.27329417080885676
0.664103690685413,0.27320379575237236
0.6640298835420787,0.27311342069588795
0.6641020004396571,0.27302304563940355
0.6640281442392261,0.2729326705829191
0.6639542555531119,0.2728422955264347
0.664026402640264,0.2727519204699503
0.6639524647887324,0.2726615454134659
0.663878494386969,0.2725711703569815
0.6639506716582251,0.27248079530049707
0.6638766519823789,0.27239042024401267
0.6639488761568973,0.27230004518752826
0.6640211640211641,0.27220967013104386
0.6639470782800441,0.2721192950745594
0.6638729598588443,0.272028920018075
0.6639452780229479,0.2719385449615906
0.663871110130214,0.2718481699051062
0.6637969094922738,0.2717577948486218
0.6639434753808788,0.2717577948486218
0.6638692579505301,0.2716674197921374
0.6639416703490941,0.271577044735653
0.6638674033149171,0.27148666967916857
0.6639398629228388,0.27139629462268416
0.6638655462184874,0.2713059195661997
0.663791196637912,0.2712155445097153
0.6638636866563399,0.2711251694532309
0.6637892872952634,0.2710347943967465
0.6637148549922515,0.2709444193402621
0.6637873754152824,0.2708540442837777
0.6638599601152226,0.2707636692272933
0.6639326091775659,0.2706732941708089
0.6640053226879574,0.27058291911432447
0.6640781007321943,0.27049254405784
0.6640035508211274,0.2704021690013556
0.6640763765541741,0.2703117939448712
0.6641492669924478,0.2702214188883868
0.6642222222222223,0.2701310438319024
0.6641475883529673,0.270040668775418
0.6642952423299244,0.270040668775418
0.6642205915054481,0.2699502937189336
0.6641459074733096,0.2698599186624492
0.664071190211346,0.2697695436059648
0.6641442243489873,0.2696791685494803
0.6642920747996438,0.2696791685494803
0.6642173235359609,0.2695887934929959
0.6641425389755011,0.2694984184365115
0.6642156862745098,0.2694080433800271
0.664288898796255,0.2693176683235427
0.6643621766280107,0.2692272932670583
0.6642873076065134,0.2691369182105739
0.6642124051762606,0.2690465431540895
0.664137469314885,0.2689561680976051
0.6642107613306542,0.2688657930411206
0.6642841188295734,0.2687754179846362
0.6642091152815014,0.2686850429281518
0.6641340782122905,0.2685946678716674
0.6640590075994636,0.268504292815183
0.6641323792486583,0.2684139177586986
0.6640572578841423,0.2683235427022142
0.6639821029082774,0.2682331676457298
0.6639069142985008,0.2681427925892454
0.6638316920322291,0.26805241753276093
0.6637564360868592,0.26796204247627653
0.6636811464397672,0.2678716674197921
0.6636058230683091,0.2677812923633077
0.6635304659498208,0.2676909173068233
0.6636037651277454,0.2676005422503389
0.6635283568706568,0.2675101671938545
0.6636771300448431,0.2675101671938545
0.6637505607895917,0.2674197921373701
0.6638240574506283,0.2673294170808857
0.6637485970819305,0.26723904202440124
0.663897620116749,0.26723904202440124
0.6638221423759263,0.26714866696791684
0.6637466307277629,0.26705829191143243
0.6638202247191011,0.26696791685494803
0.6637446617217352,0.2668775417984636
0.6638938848920863,0.2668775417984636
0.663818304474927,0.2667871667419792
0.6637426900584795,0.2666967916854948
0.6638163816381638,0.2666064166290104
0.6637407157326131,0.266516041572526
0.6636650157586673,0.26642566651604155
0.6635892816933123,0.26633529145955714
0.6636629871592701,0.26624491640307274
0.663587201442091,0.26615454134658834
0.6635113815641199,0.26606416629010393
0.6634355275022543,0.2659737912336195
0.663509246729815,0.2658834161771351
0.6636589217234379,0.2658834161771351
0.6635830324909747,0.2657930411206507
0.6635071090047393,0.2657026660641663
0.6635809437796343,0.26561229100768186
0.6636548452676756,0.26552191595119745
0.6635788522367827,0.26543154089471305
0.6635028248587571,0.26534116583822864
0.6634267631103075,0.26525079078174424
0.6633506669681212,0.26516041572525983
0.6634245645781497,0.26507004066877543
0.6633484162895927,0.264979665612291
0.6632722335369993,0.2648892905558066
0.663196016296967,0.26479891549932216
0.663119764546072,0.26470854044283776
0.663193657984145,0.26461816538635335
0.6632676184001813,0.26452779032986895
0.663417951042611,0.26452779032986895
0.6633416458852868,0.26443741527338455
0.6634157405307326,0.26434704021690014
0.6634899024279556,0.26425666516041574
0.6634135270086245,0.26416629010393133
0.6633371169125993,0.26407591504744693
0.663411310470134,0.26398553999096247
0.6633348477964561,0.26389516493447807
0.6632583503749148,0.26380478987799366
0.6633325755853603,0.26371441482150926
0.663256025466121,0.26362403976502485
0.6633303002729755,0.26353366470854045
0.6632536973833902,0.26344328965205605
0.6633280218529479,0.26335291459557164
0.663402414028695,0.26326253953908724
0.6633257403189066,0.2631721644826028
0.6632490316700843,0.2630817894261184
0.6631722880583409,0.26299141436963397
0.6632466940264478,0.26290103931314956
0.6633211678832117,0.26281066425666516
0.6633957097215883,0.26272028920018076
0.6634703196347032,0.26262991414369635
0.6633934688284997,0.26253953908721195
0.6634681288553804,0.26244916403072754
0.6633912248628885,0.2623587889742431
0.6633142857142857,0.2622684139177587
0.6632373113854595,0.2621780388612743
0.6633119853613907,0.26208766380478987
0.6633867276887871,0.26199728874830547
0.6634615384615384,0.26190691369182106
0.6633844744675979,0.26181653863533666
0.663307375171782,0.26172616357885226
0.6632302405498282,0.26163578852236785
0.6631530705774519,0.2615454134658834
0.6632278771205868,0.261455038409399
0.6631506535198349,0.2613646633529146
0.6630733944954128,0.2612742882964302
0.6629961000229411,0.2611839132399458
0.6631482331344654,0.2611839132399458
0.6632231404958677,0.26109353818346137
0.6632981166743225,0.26100316312697697
0.6634504939122444,0.26100316312697697
0.6633731617647058,0.26091278807049256
0.663448275862069,0.26082241301400816
0.6633708898597379,0.2607320379575237
0.6632934682612696,0.2606416629010393
0.6633686148182236,0.2605512878445549
0.6632911392405063,0.2604609127880705
0.6632136279926335,0.2603705377315861
0.6633663366336634,0.2603705377315861
0.6632888070013818,0.2602801626751017
0.6632112416493895,0.2601897876186173
0.6632864715372205,0.26009941256213287
0.6632088520055325,0.26000903750564847
0.6632841328413284,0.259918662449164
0.6633594831564374,0.2598282873926796
0.6634349030470914,0.2597379123361952
0.6633571923343339,0.2596475372797108
0.6632794457274827,0.2595571622232264
0.663354898336414,0.259466787166742
0.6632770972960481,0.2593764121102576
0.6631992602866389,0.2592860370537732
0.663121387283237,0.2591956619972888
0.6630434782608695,0.2591052869408043
0.6631189264229523,0.2590149118843199
0.6631944444444444,0.2589245368278355
0.6631164621440149,0.2588341617713511
0.6631920315033588,0.2587437867148667
0.6631139944392956,0.2586534116583823
0.6630359212050985,0.2585630366018979
0.6629578117756143,0.2584726615454135
0.6628796661256666,0.2583822864889291
0.6629552308049177,0.2582919114324446
0.6630308656300766,0.2582015363759602
0.6631065706988624,0.2581111613194758
0.6630283325592197,0.2580207862629914
0.6631040892193308,0.257930411206507
0.6631799163179917,0.2578400361500226
0.6632558139534884,0.2577496610935382
0.6633317822242903,0.2576592860370538
0.6632534326274144,0.2575689109805694
0.6631750465549349,0.25747853592408493
0.6630966239813737,0.2573881608676005
0.6630181648812297,0.2572977858111161
0.6629396692289774,0.2572074107546317
0.663015614075973,0.2571170356981473
0.6630916297505246,0.2570266606416629
0.6631677163517611,0.2569362855851785
0.6630891273915073,0.2568459105286941
0.6630105017502917,0.2567555354722097
0.6630866215269671,0.25666516041572524
0.663162812427003,0.25657478535924083
0.6632390745501285,0.2564844103027564
0.6631603553062179,0.256394035246272
0.6632366697848456,0.2563036601897876
0.6633130556855404,0.2562132851333032
0.6633895131086143,0.2561229100768188
0.6633107000702412,0.2560325350203344
0.6633872101194659,0.25594215996385
0.6633083411433927,0.25585178490736554
0.6633849038912331,0.25576140985088114
0.663305978898007,0.25567103479439673
0.6632270168855535,0.25558065973791233
0.6633036133270764,0.2554902846814279
0.6632245951654541,0.2553999096249435
0.6631455399061033,0.2553095345684591
0.6630664475228927,0.2552191595119747
0.6629873179896665,0.2551287844554903
0.6629081512802443,0.25503840939900585
0.662828947368421,0.25494803434252145
0.6629055007052186,0.25485765928603704
0.662826240300964,0.25476728422955264
0.6627469426152399,0.25467690917306823
0.6628235294117647,0.25458653411658383
0.6627441751000235,0.2544961590600994
0.6628208146927242,0.254405784003615
0.6627414036740462,0.2543154089471306
0.6626619552414605,0.25422503389064616
0.6625824693685203,0.25413465883416175
0.6626591230551626,0.25404428377767735
0.6625795802876681,0.25395390872119294
0.6626562868601085,0.25386353366470854
0.6627330658484777,0.25377315860822414
0.6626534466477809,0.25368278355173973
0.6627302786962683,0.25359240849525533
0.6626506024096386,0.2535020334387709
0.6625708884688091,0.25341165838228646
0.662491136847081,0.25332128332580206
0.6624113475177305,0.25323090826931766
0.662331520454008,0.25314053321283325
0.6622516556291391,0.25305015815634885
0.6621717530163236,0.25295978309986444
0.6620918125887364,0.25286940804338004
0.6621685606060606,0.25277903298689564
0.6622453813358598,0.25268865793041123
0.662165363657901,0.25259828287392677
0.6622422374970373,0.25250790781744237
0.6623191842542091,0.25241753276095796
0.6623962040332148,0.25232715770447356
0.6625533934504034,0.25232715770447356
0.6624732969380489,0.25223678264798916
0.6625504630729043,0.25214640759150475
0.6626277025421715,0.25205603253502035
0.6627050154504397,0.25196565747853594
0.6626248216833096,0.25187528242205154
0.6625445897740785,0.2517849073655671
0.6626219367118724,0.2516945323090827
0.6625416468348405,0.25160415725259827
0.6624613187336349,0.25151378219611387
0.6623809523809524,0.25142340713962946
0.6623005477494641,0.25133303208314506
0.6623778889683107,0.25124265702666065
0.6622974261201144,0.25115228197017625
0.6623748211731044,0.25106190691369185
0.6622943000238493,0.2509715318572074
0.6622137404580153,0.250881156800723
0.6621331424481031,0.2507907817442386
0.6620525059665872,0.2507004066877542
0.6619718309859155,0.25061003163126977
0.66189111747851,0.25051965657478537
0.6620491999044662,0.25051965657478537
0.6619684663162924,0.25042928151830096
0.6618876941457587,0.25033890646181656
0.6618068833652008,0.25024853140533215
0.6617260339469281,0.2501581563488477
0.6618033963166706,0.2500677812923633
0.6617224880382775,0.24997740623587889
0.661641541038526,0.24988703117939448
0.6615605552896122,0.24979665612291008
0.6617189370361504,0.24979665612291008
0.6616379310344828,0.24970628106642567
0.661715380929564,0.24961590600994127
0.6616343158399233,0.24952553095345684
0.6617118197075041,0.24943515589697243
0.6616306954436451,0.24934478084048803
0.6617082533589251,0.24925440578400362
0.6616270698344132,0.2491640307275192
0.6615458473355736,0.2490736556710348
0.6614645858343338,0.24898328061455038
0.6615421570982465,0.24889290555806598
0.6614608361364729,0.24880253050158158
0.6613794760874789,0.24871215544509714
0.661298076923077,0.24862178038861274
0.6612166386150516,0.24853140533212834
0.6611351611351611,0.24844103027564393
0.6612127045235804,0.2483506552191595
0.6612903225806451,0.2482602801626751
0.6612087647483746,0.2481699051061907
0.6611271676300579,0.2480795300497063
0.6612048192771084,0.24798915499322188
0.6611231622077609,0.24789877993673745
0.6610414657666345,0.24780840488025305
0.661119150988905,0.24771802982376864
0.661037394451146,0.24762765476728424
0.6611151339608979,0.2475372797107998
0.661192948563149,0.2474469046543154
0.6612708383667553,0.247356529597831
0.6611889801836636,0.2472661545413466
0.6612669245647969,0.2471757794848622
0.6611850060459492,0.24708540442837776
0.6611030478955007,0.24699502937189335
0.6610210500846843,0.24690465431540895
0.6610990075042362,0.24681427925892455
0.6610169491525424,0.24672390420244011
0.6610949612403101,0.2466335291459557
0.6611730489578284,0.2465431540894713
0.661251212415131,0.2464527790329869
0.6611690516614116,0.2463624039765025
0.6610868510431829,0.24627202892001807
0.6610046105314245,0.24618165386353366
0.6610827870842437,0.24609127880704926
0.6610004856726567,0.24600090375056485
0.6610787172011662,0.24591052869408042
0.6611570247933884,0.24582015363759602
0.6610746413809871,0.2457297785811116
0.6609922178988327,0.2456394035246272
0.6609097543176843,0.2455490284681428
0.6608272506082725,0.24545865341165837
0.6607447067412996,0.24536827835517397
0.6606621226874392,0.24527790329868956
0.6605794984173362,0.24518752824220516
0.6604968339016074,0.24509715318572073
0.6605750487329435,0.24500677812923632
0.6604923226907141,0.24491640307275192
0.6604095563139932,0.24482602801626752
0.6603267495732749,0.2447356529597831
0.6604049768236155,0.24464527790329868
0.6603221083455344,0.24455490284681428
0.660400390625,0.24446452779032987
0.6603174603174603,0.24437415273384547
0.6602344894968246,0.24428377767736104
0.6603128054740958,0.24419340262087663
0.6602297726717185,0.24410302756439223
0.6601466992665037,0.24401265250790782
0.6602250489236791,0.24392227745142342
0.6603034752814488,0.243831902394939
0.6603819784524976,0.24374152733845458
0.6602987999020328,0.24365115228197018
0.660377358490566,0.24356077722548578
0.6602941176470588,0.24347040216900134
0.6604559941162049,0.24347040216900134
0.6603727317312408,0.24338002711251694
0.6602894285013491,0.24328965205603253
0.6603680981595093,0.24319927699954813
0.6602847324496809,0.24310890194306373
0.6603634577603144,0.2430185268865793
0.6604422604422604,0.2429281518300949
0.6605211406096362,0.2428377767736105
0.660437669043521,0.24274740171712608
0.6605166051660517,0.24265702666064165
0.6604330708661418,0.24256665160415725
0.6605120630231414,0.24247627654767284
0.6605911330049261,0.24238590149118844
0.6605075141660508,0.24229552643470403
0.6604238541153278,0.2422051513782196
0.6605029585798816,0.2421147763217352
0.6604192355117139,0.2420244012652508
0.6603354711396152,0.2419340262087664
0.6602516654330126,0.24184365115228196
0.660167818361303,0.24175327609579755
0.6602469135802469,0.24166290103931315
0.6601630032106693,0.24157252598282875
0.6600790513833992,0.24148215092634434
0.6599950580677044,0.2413917758698599
0.6600741656365884,0.2413014008133755
0.6599901088031652,0.2412110257568911
0.6601533514716794,0.2412110257568911
0.6602326156891859,0.2411206507004067
0.6603119584055459,0.24103027564392226
0.6603913797374288,0.24093990058743786
0.6604708798017348,0.24084952553095346
0.66038671294001,0.24075915047446905
0.6603025043392016,0.24066877541798465
0.660218253968254,0.24057840036150022
0.6601339617960804,0.2404880253050158
0.6600496277915633,0.2403976502485314
0.6601290963257199,0.240307275192047
0.6600446982865656,0.24021690013556257
0.6599602583209141,0.24012652507907817
0.6600397614314115,0.24003615002259376
0.6601193436101442,0.23994577496610936
0.6600348172096493,0.23985539990962496
0.660114456332421,0.23976502485314052
0.6601941747572816,0.23967464979665612
0.6601095617529881,0.23958427474017172
0.6601893373193821,0.2394938996836873
0.6601046598554697,0.23940352462720288
0.6601844926452256,0.23931314957071848
0.6600997506234414,0.23922277451423407
0.6600149663257671,0.23913239945774967
0.6599301397205589,0.23904202440126526
0.6598452707761417,0.23895164934478083
0.6599250936329588,0.23886127428829643
0.6600049962528104,0.23877089923181202
0.65992003998001,0.23868052417532762
0.6598350412396901,0.2385901491188432
0.65975,0.23849977406235878
0.6598299149574788,0.23840939900587438
0.6599099099099099,0.23831902394938997
0.6598247809762203,0.23822864889290557
0.6597396094141211,0.23813827383642114
0.6598196392785571,0.23804789877993673
0.6597344024054121,0.23795752372345233
0.6598144898470795,0.23786714866696793
0.6597291875626881,0.2377767736104835
0.6596438424880863,0.2376863985539991
0.6595584545910688,0.23759602349751469
0.6594730238393978,0.23750564844103028
0.6593875502008032,0.23741527338454588
0.6594676042189854,0.23732489832806145
0.6595477386934674,0.23723452327157704
0.6596279537456008,0.23714414821509264
0.6595423686195625,0.23705377315860823
0.6594567404426559,0.2369633981021238
0.65937106918239,0.2368730230456394
0.6594512962496853,0.236782647989155
0.659531604129942,0.2366922729326706
0.6594458438287154,0.23660189787618618
0.6596119929453262,0.23660189787618618
0.6595262096774194,0.23651152281970175
0.659606656580938,0.23642114776321735
0.6596871846619576,0.23633077270673294
0.6596013121372697,0.23624039765024854
0.6595153962645128,0.2361500225937641
0.6594294370108559,0.2360596475372797
0.6595099772669866,0.2359692724807953
0.6595905989385898,0.2358788974243109
0.6595045500505561,0.2357885223678265
0.6594184576485461,0.23569814731134206
0.659499114596509,0.23560777225485766
0.6595798532017211,0.23551739719837325
0.6596606735882502,0.23542702214188885
0.6597415758804155,0.23533664708540442
0.6596553471870248,0.23524627202892
0.6595690747782003,0.2351558969724356
0.6596500126807,0.2350655219159512
0.6595636732623034,0.2349751468594668
0.6594772900279117,0.23488477180298237
0.6593908629441624,0.23479439674649796
0.659471813103098,0.23470402169001356
0.6593853187706376,0.23461364663352915
0.6594663278271918,0.23452327157704472
0.659379766141332,0.23443289652056032
0.6592931604373252,0.23434252146407591
0.6593742050368863,0.2342521464075915
0.6594553321455842,0.2341617713511071
0.6595365418894831,0.23407139629462267
0.6596178343949045,0.23398102123813827
0.6596992097884272,0.23389064618165387
0.6597806681968885,0.23380027112516946
0.6596938775510204,0.23370989606868503
0.6598622097473845,0.23370989606868503
0.6597753956100051,0.23361952101220063
0.6596885371457748,0.23352914595571622
0.6596016343207355,0.23343877089923182
0.6596831885539091,0.2333483958427474
0.6595962177357526,0.23325802078626298
0.659677831756584,0.23316764572977858
0.6595907928388747,0.23307727067329417
0.6596724667349028,0.23298689561680977
0.6595853596109547,0.23289652056032534
0.6594982078853047,0.23280614550384093
0.6594110115236875,0.23271577044735653
0.6593237704918032,0.23262539539087213
0.659405433111225,0.23253502033438772
0.6593181235580621,0.2324446452779033
0.6593998461143883,0.23235427022141888
0.6593124679322729,0.23226389516493448
0.6592250449063382,0.23217352010845008
0.6591375770020534,0.23208314505196564
0.6590500641848523,0.23199276999548124
0.6589625064201335,0.23190239493899684
0.659044193216855,0.23181201988251243
0.6589565664353637,0.23172164482602803
0.6588688946015424,0.2316312697695436
0.6589506172839507,0.2315408947130592
0.6590324240864642,0.2314505196565748
0.6589446589446589,0.23136014460009038
0.6588568486096807,0.23126976954360595
0.6587689930466134,0.23117939448712155
0.6586810922205049,0.23108901943063714
0.6585931460963669,0.23099864437415274
0.6586749162155194,0.23090826931766834
0.6585869004641568,0.2308178942611839
0.6584988393087439,0.2307275192046995
0.6584107327141383,0.2306371441482151
0.6583225806451612,0.2305467690917307
0.6582343830665979,0.23045639403524626
0.6581461399431965,0.23036601897876186
0.6582278481012658,0.23027564392227745
0.6581395348837209,0.23018526886579305
0.6582213029989659,0.23009489380930864
0.6581329195758986,0.2300045187528242
0.6580444904293844,0.2299141436963398
0.6581262939958592,0.2298237686398554
0.658037794460264,0.229733393583371
0.6581196581196581,0.22964301852688657
0.658201606633843,0.22955264347040216
0.6581130119232763,0.22946226841391776
0.6580243712730102,0.22937189335743335
0.65810635538262,0.22928151830094895
0.6581884246042046,0.22919114324446452
0.6580996884735203,0.22910076818798011
0.6580109062581148,0.2290103931314957
0.6580930111717329,0.2289200180750113
0.658004158004158,0.22882964301852687
0.6579152586430985,0.22873926796204247
0.6578263130525221,0.22864889290555807
0.6579084287200833,0.22855851784907366
0.6579906298802707,0.22846814279258926
0.6579015881280916,0.22837776773610483
0.6578125,0.22828739267962042
0.6578947368421053,0.22819701762313602
0.6579770594369134,0.2281066425666516
0.6578878748370274,0.22801626751016718
0.6577986437141367,0.22792589245368278
0.6577093660318288,0.22783551739719837
0.6577916992952232,0.22774514234071397
0.657874118568817,0.22765476728422956
0.6577847439916406,0.22756439222774513
0.6578672242550967,0.22747401717126073
0.6577777777777778,0.22738364211477632
0.6578603191211091,0.22729326705829192
0.6579429468725465,0.2272028920018075
0.6578534031413612,0.22711251694532308
0.6579360921948664,0.22702214188883868
0.6578464762902804,0.22693176683235428
0.6577568134171907,0.22684139177586987
0.6578395385422129,0.22675101671938544
0.6577498033044846,0.22666064166290104
0.6578325898714248,0.22657026660641663
0.6577427821522309,0.22647989154993223
0.6576529272775007,0.2263895164934478
0.6577357499343315,0.2262991414369634
0.6576458223857068,0.226208766380479
0.6577287066246057,0.22611839132399458
0.6578116780641767,0.22602801626751018
0.6577216521967904,0.22593764121102575
0.6576315789473685,0.22584726615454134
0.6575414582784943,0.22575689109805694
0.6576244403476429,0.22566651604157253
0.6575342465753424,0.2255761409850881
0.6576172904586188,0.2254857659286037
0.6575270234642763,0.2253953908721193
0.6574367088607594,0.2253050158156349
0.657346346610393,0.2252146407591505
0.6572559366754618,0.22512426570266605
0.6571654790182107,0.22503389064618165
0.6570749736008448,0.22494351558969725
0.6571579503433703,0.22485314053321284
0.6570673712021136,0.2247627654767284
0.6572410147991543,0.2247627654767284
0.6571504097277293,0.224672390420244
0.6572335361015604,0.2245820153637596
0.6571428571428571,0.2244916403072752
0.6570521301931728,0.2244012652507908
0.6569613552143991,0.22431089019430636
0.6570444915254238,0.22422051513782196
0.6571277159512454,0.22413014008133755
0.6570368407103101,0.22403976502485315
0.6571201272871917,0.22394938996836872
0.6572035022552402,0.2238590149118843
0.6572869657552429,0.2237686398553999
0.6573705179282868,0.2236782647989155
0.657279489904357,0.2235878897424311
0.6571884134998671,0.22349751468594667
0.6572720021270939,0.22340713962946226
0.6571808510638298,0.22331676457297786
0.6570896515030593,0.22322638951649346
0.6571732765504392,0.22313601446000902
0.6572569906790945,0.22304563940352462
0.6571656899307405,0.22295526434704022
0.6572494669509595,0.2228648892905558
0.6573333333333333,0.2227745142340714
0.6574172892209178,0.22268413917758698
0.6573258606885508,0.22259376412110257
0.6572343833422317,0.22250338906461817
0.6574098798397864,0.22250338906461817
0.6573183760683761,0.22241301400813376
0.6574024585783004,0.22232263895164933
0.6574866310160428,0.22223226389516493
0.6573950254078631,0.22214188883868052
0.6573033707865169,0.22205151378219612
0.6573875802997858,0.22196113872571172
0.6574718800214248,0.22187076366922728
0.657556270096463,0.22178038861274288
0.6576407506702413,0.22169001355625848
0.6575489407347814,0.22159963849977407
0.6574570815450643,0.22150926344328964
0.6573651730614435,0.22141888838680523
0.6575415995705851,0.22141888838680523
0.657626208378088,0.22132851333032083
0.6577109081139173,0.22123813827383643
0.6576189196452566,0.22114776321735202
0.657703683785964,0.2210573881608676
0.6576116191500807,0.2209670131043832
0.6575195049771321,0.22087663804789878
0.6576043068640646,0.22078626299141438
0.6575121163166397,0.22069588793492995
0.6575969827586207,0.22060551287844554
0.6575047157100512,0.22051513782196114
0.6574123989218329,0.22042476276547673
0.6574973031283711,0.22033438770899233
0.657404909630429,0.2202440126525079
0.6574898785425102,0.2201536375960235
0.6575749392384553,0.2200632625395391
0.657660091867063,0.21997288748305469
0.6577453365774534,0.21988251242657025
0.6576527852893456,0.21979213737008585
0.6575601839329186,0.21970176231360145
0.6574675324675324,0.21961138725711704
0.6573748308525034,0.21952101220063264
0.6574600595721636,0.2194306371441482
0.6575453806556488,0.2193402620876638
0.6574525745257452,0.2192498870311794
0.6575379609544468,0.219159511974695
0.6574450772986168,0.21906913691821056
0.6575305291723202,0.21897876186172616
0.6574375678610206,0.21888838680524175
0.6575230852797392,0.21879801174875735
0.657608695652174,0.21870763669227294
0.657694399129962,0.2186172616357885
0.6577801958650707,0.2185268865793041
0.6576870748299319,0.2184365115228197
0.6575939031028851,0.2183461364663353
0.6576797385620915,0.21825576140985087
0.6577656675749319,0.21816538635336646
0.6576723902970837,0.21807501129688206
0.657758385601309,0.21798463624039766
0.6578444747612551,0.21789426118391325
0.6577510917030568,0.21780388612742882
0.6576576576576577,0.21771351107094442
0.6575641725832878,0.21762313601446
0.6574706364381316,0.2175327609579756
0.6575567094834655,0.21744238590149118
0.6574630945872061,0.21735201084500677
0.6573694284933005,0.21726163578852237
0.6574555403556771,0.21717126073203796
0.6573617952928298,0.21708088567555356
0.6572679989050095,0.21699051061906913
0.657354149548069,0.21690013556258472
0.6572602739726028,0.21680976050610032
0.6571663469443684,0.21671938544961591
0.6570723684210527,0.21662901039313148
0.6569783383602962,0.21653863533664708
0.6570644718792867,0.21644826028016267
0.6569703622392975,0.21635788522367827
0.657056562328391,0.21626751016719387
0.6569623729744576,0.21617713511070943
0.6568681318681319,0.21608676005422503
0.65695437053326,0.21599638499774063
0.657040704070407,0.21590600994125622
0.6569463548830812,0.2158156348847718
0.6568519537699504,0.21572525982828739
0.6569383259911894,0.21563488477180298
0.6568438446708895,0.21554450971531858
0.656930283824745,0.21545413465883417
0.6568357221609702,0.21536375960234974
0.6567411083540116,0.21527338454586534
0.6566464423607281,0.21518300948938093
0.6567328918322296,0.21509263443289653
0.6568194367752623,0.2150022593764121
0.6569060773480663,0.2149118843199277
0.6569928137092316,0.2148215092634433
0.6570796460176991,0.21473113420695888
0.6571665744327615,0.21464075915047448
0.6570716855798505,0.21455038409399005
0.6569767441860465,0.21446000903750564
0.6568817502076987,0.21436963398102124
0.6570637119113574,0.21436963398102124
0.656968689387642,0.21427925892453684
0.6568736141906873,0.2141888838680524
0.6567784862766842,0.214098508811568
0.6566833056017748,0.2140081337550836
0.6565880721220527,0.2139177586985992
0.6564927857935627,0.2138273836421148
0.6563974465723008,0.21373700858563036
0.6563020544142143,0.21364663352914595
0.6562066092752014,0.21355625847266155
0.6561111111111111,0.21346588341617714
0.6560155598777438,0.2133755083596927
0.6561023074784542,0.2132851333032083
0.6560066740823137,0.2131947582467239
0.6559109874826148,0.2131043831902395
0.6558152476349471,0.2130140081337551
0.655902004454343,0.21292363307727066
0.6559888579387186,0.21283325802078626
0.6560758082497213,0.21274288296430185
0.6561628555493586,0.21265250790781745
0.65625,0.21256213285133302
0.6563372417643775,0.21247175779484861
0.6564245810055865,0.2123813827383642
0.6565120178870878,0.2122910076818798
0.656599552572707,0.2122006326253954
0.6565034965034965,0.21211025756891097
0.6564073866815893,0.21201988251242657
0.6563112230618527,0.21192950745594216
0.6563987678521422,0.21183913239945776
0.6563025210084034,0.21174875734297333
0.6562062202297563,0.21165838228648892
0.656109865470852,0.21156800723000452
0.656013456686291,0.2114776321735201
0.6559169938306225,0.2113872571170357
0.6560044893378226,0.21129688206055128
0.655907942744878,0.21120650700406687
0.6558113419427288,0.21111613194758247
0.6557146868857062,0.21102575689109807
0.6556179775280899,0.21093538183461363
0.6557054525014053,0.21084500677812923
0.6556086589822885,0.21075463172164483
0.6556962025316456,0.21066425666516042
0.6555993247045583,0.21057388160867602
0.6555023923444976,0.21048350655219158
0.6554054054054054,0.21039313149570718
0.6553083638411715,0.21030275643922278
0.6552112676056338,0.21021238138273837
0.6552987598647125,0.21012200632625394
0.6552015787989851,0.21003163126976954
0.6551043429216018,0.20994125621328513
0.6551918735891648,0.20985088115680073
0.6550945526390065,0.20976050610031632
0.6551821519344818,0.2096701310438319
0.6550847457627119,0.2095797559873475
0.6549872845436564,0.20948938093086308
0.6548897682306388,0.20939900587437868
0.6547921967769296,0.20930863081789425
0.6546945701357466,0.20921825576140984
0.654782116581777,0.20912788070492544
0.6548697621744054,0.20903750564844104
0.6547720192580005,0.20894713059195663
0.6546742209631728,0.2088567555354722
0.654576367242845,0.2087663804789878
0.6546640204139496,0.2086760054225034
0.6545660805445264,0.208585630366019
0.654468085106383,0.20849525530953456
0.654555776326994,0.20840488025305015
0.654457694491766,0.20831450519656575
0.6545454545454545,0.20822413014008134
0.6544472861608411,0.20813375508359694
0.6543490619670267,0.2080433800271125
0.6542507819164061,0.2079530049706281
0.6543385490753911,0.2078626299141437
0.6544264161685169,0.2077722548576593
0.6545143833665622,0.20768187980117486
0.6546024508406953,0.20759150474469046
0.654690618762475,0.20750112968820605
0.654592127780947,0.20741075463172165
0.6544935805991441,0.20732037957523725
0.6545817870396803,0.20723000451875281
0.6546700942587832,0.2071396294622684
0.6545714285714286,0.207049254405784
0.6544727064875678,0.2069588793492996
0.6543739279588336,0.20686850429281517
0.6544622425629291,0.20677812923633077
0.6543633762517883,0.20668775417984636
0.6542644533485976,0.20659737912336196
0.6541654738047523,0.20650700406687755
0.6542537954740762,0.20641662901039312
0.6543422184006878,0.20632625395390872
0.6544307427588185,0.2062358788974243
0.6543316121629374,0.2061455038409399
0.6544202066590127,0.20605512878445548
0.654320987654321,0.20596475372797107
0.6544096523987359,0.20587437867148667
0.6543103448275862,0.20578400361500226
0.6543990799309948,0.20569362855851786
0.654487917146145,0.20560325350203343
0.6543884892086331,0.20551287844554902
0.6544773970630579,0.20542250338906462
0.6545664073753962,0.20533212833258022
0.6544668587896254,0.20524175327609578
0.6543672528106083,0.20515137821961138
0.6544563022786271,0.20506100316312698
0.6543566070398154,0.20497062810664257
0.6544457274826789,0.20488025305015817
0.6543459428241409,0.20478987799367374
0.6544351343542328,0.20469950293718933
0.6543352601156069,0.20460912788070493
0.6544245228455755,0.20451875282422052
0.6545138888888888,0.2044283777677361
0.6546033584250145,0.2043380027112517
0.6546929316338355,0.20424762765476728
0.6547826086956522,0.20415725259828288
0.654682516671499,0.20406687754179847
0.6547722657383231,0.20397650248531404
0.6546720835751596,0.20388612742882964
0.6545718432510885,0.20379575237234523
0.654661632297415,0.20370537731586083
0.6545613015688553,0.2036150022593764
0.6547515257192676,0.2036150022593764
0.6546511627906977,0.203524627202892
0.6548415236987496,0.203524627202892
0.6547411285631181,0.2034342521464076
0.6546406750072737,0.2033438770899232
0.6547307132459971,0.20325350203343878
0.6548208563938246,0.20316312697695435
0.6549111046342174,0.20307275192046995
0.6550014581510645,0.20298237686398554
0.6549008168028004,0.20289200180750114
0.6549912434325744,0.2028016267510167
0.6550817757009346,0.2027112516945323
0.6551724137931034,0.2026208766380479
0.6552631578947369,0.2025305015815635
0.6551623281661304,0.2024401265250791
0.655061439438268,0.20234975146859466
0.6549604916593503,0.20225937641211025
0.6550512445095168,0.20216900135562585
0.6551421037210665,0.20207862629914145
0.6550410316529894,0.201988251242657
0.6549399003224861,0.2018978761861726
0.6548387096774193,0.2018075011296882
0.654737459665591,0.2017171260732038
0.6546361502347418,0.2016267510167194
0.6545347813325506,0.20153637596023496
0.654625550660793,0.20144600090375056
0.654524089306698,0.20135562584726616
0.6544225683220688,0.20126525079078175
0.654320987654321,0.20117487573429732
0.6544117647058824,0.20108450067781292
0.6545026486168334,0.2009941256213285
0.6545936395759717,0.2009037505648441
0.6546847377725398,0.2008133755083597
0.6545829649277926,0.20072300045187527
0.6546741374225892,0.20063262539539087
0.6545722713864307,0.20054225033890646
0.6547654175272942,0.20054225033890646
0.6548568054325362,0.20045187528242206
0.6549483013293944,0.20036150022593763
0.6548463356973995,0.20027112516945322
0.6550399054093999,0.20027112516945322
0.6549379065641632,0.20018075011296882
0.6550295857988165,0.20009037505648442
0.6549274933412252,0.2
0.655019247853124,0.19990962494351558
0.6549170616113744,0.19981924988703118
0.6550088915234143,0.19972887483054677
0.6549066113252298,0.19963849977406237
0.6548042704626335,0.19954812471757793
0.6548961424332345,0.19945774966109353
0.6547937073315524,0.19936737460460913
0.6546912114014252,0.19927699954812472
0.6547831253713606,0.19918662449164032
0.6548751486325802,0.1990962494351559
0.6549672813801308,0.19900587437867148
0.6548646236239215,0.19891549932218708
0.6547619047619048,0.19882512426570267
0.6546591247395058,0.19873474920921824
0.6545562835020846,0.19864437415273384
0.6546483909415971,0.19855399909624943
0.6545454545454545,0.19846362403976503
0.6546376379361766,0.19837324898328063
0.654729931363772,0.1982828739267962
0.6546268656716417,0.1981924988703118
0.6545237384293819,0.19810212381382739
0.6544205495818399,0.19801174875734298
0.6545128511655708,0.19792137370085855
0.6544095665171898,0.19783099864437415
0.6543062200956937,0.19774062358788974
0.6543985637342908,0.19765024853140534
0.6544910179640718,0.19755987347492093
0.6545835829838227,0.1974694984184365
0.654480071920887,0.1973791233619521
0.6545727136431784,0.1972887483054677
0.6544691061787642,0.1971983732489833
0.654561824729892,0.19710799819249886
0.6546546546546547,0.19701762313601445
0.6547475961538461,0.19692724807953005
0.6548406494287432,0.19683687302304564
0.6547368421052632,0.19674649796656124
0.6548299729160397,0.1966561229100768
0.6549232158988256,0.1965657478535924
0.6550165712564026,0.196475372797108
0.655110039192041,0.1963849977406236
0.6552036199095023,0.19629462268413916
0.6552973136130396,0.19620424762765476
0.6553911205073996,0.19611387257117036
0.6554850407978241,0.19602349751468595
0.6553808948004837,0.19593312245820155
0.655276685817962,0.19584274740171712
0.6553706505295007,0.1957523723452327
0.6552663438256658,0.1956619972887483
0.6551619739630639,0.1955716222322639
0.6550575408843126,0.19548124717577947
0.6551515151515152,0.19539087211929507
0.6550469839345257,0.19530049706281066
0.6549423893268648,0.19521012200632626
0.6550364077669902,0.19511974694984185
0.6549317147192716,0.19502937189335742
0.6550258123291831,0.19493899683687302
0.6549210206561361,0.19484862178038861
0.6550151975683891,0.1947582467239042
0.6549103070842202,0.19466787166741978
0.6550045634317007,0.19457749661093537
0.6550989345509893,0.19448712155445097
0.6551934206518428,0.19439674649796657
0.6552880219445291,0.19430637144148216
0.6553827386398292,0.19421599638499773
0.6552776082977425,0.19412562132851333
0.6551724137931034,0.19403524627202892
0.6552671755725191,0.19394487121554452
0.6553620531622365,0.19385449615906009
0.6554570467746866,0.19376412110257568
0.6555521566228204,0.19367374604609128
0.6554467564259486,0.19358337098960687
0.6555419473361911,0.19349299593312247
0.6556372549019608,0.19340262087663804
0.6557326793378295,0.19331224582015363
0.6558282208588957,0.19322187076366923
0.6557226142988647,0.19313149570718482
0.6558182376420019,0.1930411206507004
0.6557125307125307,0.192950745594216
0.6558082360172096,0.19286037053773158
0.6559040590405905,0.19276999548124718
0.656,0.19267962042476278
0.6560960591133005,0.19258924536827834
0.6559901447489991,0.19249887031179394
0.6558841651263093,0.19240849525530954
0.6557781201848999,0.19231812019882513
0.655672009864365,0.1922277451423407
0.6557680444170265,0.1921373700858563
0.6556618327676643,0.1920469950293719
0.6557579499845632,0.1919566199728875
0.6558541859746679,0.19186624491640308
0.6559505409582689,0.19177586985991865
0.6558441558441559,0.19168549480343425
0.655940594059406,0.19159511974694984
0.6560371517027864,0.19150474469046544
0.6561338289962825,0.191414369633981
0.6562306261624302,0.1913239945774966
0.6563275434243176,0.1912336195210122
0.6562209121936085,0.1911432444645278
0.6561142147734327,0.1910528694080434
0.6560074511021422,0.19096249435155896
0.6559006211180124,0.19087211929507455
0.655793724759242,0.19078174423859015
0.6556867619639528,0.19069136918210575
0.6555797326701897,0.19060099412562131
0.6556765163297045,0.1905106190691369
0.6555693839452396,0.1904202440126525
0.6554621848739496,0.1903298689561681
0.6553549190535491,0.1902394938996837
0.6554517133956387,0.19014911884319927
0.6555486284289277,0.19005874378671486
0.6554412223261615,0.18996836873023046
0.6555382215288612,0.18987799367374605
0.6554307116104869,0.18978761861726162
0.6555277951280449,0.18969724356077722
0.6554201811933771,0.1896068685042928
0.655625,0.1896068685042928
0.6555173491716161,0.1895164934478084
0.6556146387238035,0.189426118391324
0.6557120500782473,0.18933574333483957
0.6558095834638271,0.18924536827835517
0.6557017543859649,0.18915499322187077
0.6557993730407523,0.18906461816538636
0.6558971141781681,0.18897424310890193
0.6557891433950424,0.18888386805241753
0.6558869701726845,0.18879349299593312
0.6559849198868991,0.18870311793944872
0.6560829927695693,0.1886127428829643
0.6559748427672956,0.18852236782647988
0.6558666247247562,0.18843199276999548
0.6557583385777218,0.18834161771351107
0.6559647466163047,0.18834161771351107
0.6560629921259843,0.18825124265702667
0.6561613614875512,0.18816086760054224
0.6560529634300126,0.18807049254405783
0.6559444970040996,0.18798011748757343
0.6560429157462923,0.18788974243108902
0.6561414587938111,0.18779936737460462
0.6562401263823064,0.1877089923181202
0.6561314791403287,0.18761861726163578
0.6562302340290955,0.18752824220515138
0.6561214805441316,0.18743786714866698
0.6562203228869895,0.18734749209218257
0.656319290465632,0.18725711703569814
0.656418383518225,0.18716674197921374
0.6565176022835395,0.18707636692272933
0.6566169470009521,0.18698599186624493
0.6567164179104478,0.1868956168097605
0.6568160152526216,0.1868052417532761
0.6567069294342022,0.1867148666967917
0.6565977742448331,0.18662449164030728
0.6566974228444161,0.18653411658382288
0.6567971983444763,0.18644374152733845
0.6569971310168952,0.18626299141436964
0.6568877551020408,0.18617261635788523
0.6567783094098884,0.1860822413014008
0.6566687938736439,0.1859918662449164
0.6567688378033205,0.185901491188432
0.6566592143085276,0.1858111161319476
0.6565495207667732,0.18572074107546319
0.6566496163682864,0.18563036601897875
0.6567498400511836,0.18553999096249435
0.6568501920614597,0.18544961590600995
0.6567403138008325,0.18535924084952554
0.656840756167895,0.1852688657930411
0.6569413273485092,0.1851784907365567
0.6568313021167415,0.1850881156800723
0.6569319640564827,0.1849977406235879
0.6570327552986512,0.1849073655671035
0.657133676092545,0.18481699051061906
0.6570234651237544,0.18472661545413466
0.6569131832797428,0.18463624039765025
0.6568028304921196,0.18454586534116585
0.6569037656903766,0.18445549028468142
0.6570048309178744,0.184365115228197
0.6571060264260393,0.1842747401717126
0.6569954867827208,0.1841843651152282
0.6570967741935484,0.1840939900587438
0.657198192382182,0.18400361500225937
0.6572997416020672,0.18391323994577496
0.6574014221073045,0.18382286488929056
0.657503234152652,0.18373248983280616
0.6576051779935275,0.18364211477632172
0.6577072538860104,0.18355173971983732
0.6578094620868438,0.18346136466335292
0.6576985413290114,0.1833709896068685
0.6578008433344146,0.1832806145503841
0.6579032781564427,0.18319023949389968
0.6580058460539137,0.18309986443741527
0.6581085472863178,0.18300948938093087
0.657997399219766,0.18291911432444646
0.6578861788617886,0.18282873926796203
0.6579889358932639,0.18273836421147763
0.6580918267665256,0.18264798915499322
0.6581948517432389,0.18255761409850882
0.6580834419817471,0.18246723904202442
0.657971959569612,0.18237686398553998
0.6580750407830342,0.18228648892905558
0.6579634464751958,0.18219611387257117
0.6578517793013385,0.18210573881608677
0.6577400391900718,0.18201536375960234
0.657843137254902,0.18192498870311793
0.6577312847335731,0.18183461364663353
0.657619359058208,0.18174423859014913
0.6577225130890052,0.18165386353366472
0.6576104746317513,0.1815634884771803
0.6577137242056993,0.1814731134206959
0.6578171091445427,0.18138273836421148
0.6577049180327869,0.18129236330772708
0.6578083989501312,0.18120198825124265
0.6576960945191992,0.18111161319475824
0.6577996715927751,0.18102123813827384
0.6576872536136662,0.18093086308178943
0.6575747617482748,0.18084048802530503
0.6574621959237343,0.1807501129688206
0.6575657894736842,0.1806597379123362
0.6576695194206715,0.1805693628558518
0.6577733860342556,0.18047898779936739
0.6578773895847067,0.18038861274288295
0.6577645895153313,0.18029823768639855
0.6576517150395779,0.18020786262991415
0.6577557755775577,0.18011748757342974
0.6576427863981512,0.18002711251694534
0.6577469441691444,0.1799367374604609
0.6578512396694215,0.1798463624039765
0.6577380952380952,0.1797559873474921
0.657624875951042,0.1796656122910077
0.6577292287322078,0.17957523723452326
0.6578337197747599,0.17948486217803886
0.6579383493536626,0.17939448712155445
0.6580431177446103,0.17930411206507005
0.6581480252240292,0.17921373700858564
0.65825307206908,0.1791233619521012
0.6581395348837209,0.1790329868956168
0.6580259222333001,0.1789426118391324
0.6581310276022614,0.178852236782648
0.6582362728785358,0.17876186172616357
0.6583416583416584,0.17867148666967916
0.6582278481012658,0.17858111161319476
0.6583333333333333,0.17849073655671036
0.6584389593062041,0.17840036150022595
0.658324991658325,0.17830998644374152
0.6582109479305741,0.17821961138725712
0.6583166332665331,0.1781292363307727
0.6582024724356833,0.1780388612742883
0.6583082581076563,0.17794848621780388
0.6584141853462696,0.17785811116131947
0.6582998661311914,0.17776773610483507
0.6581854703716103,0.17767736104835066
0.6582914572864321,0.17758698599186626
0.6583975863224941,0.17749661093538183
0.6585038577658504,0.17740623587889742
0.6583892617449665,0.17731586082241302
0.658380920389654,0.17713511070944418
0.6582661290322581,0.17704473565295978
0.6581512605042017,0.17695436059647537
0.6580363147276396,0.17686398553999097
0.65814266487214,0.17677361048350657
0.6582491582491582,0.17668323542702213
0.6581340518693163,0.17659286037053773
0.6580188679245284,0.17650248531405333
0.6579036063363667,0.17641211025756892
0.6580101180438449,0.1763217352010845
0.6581167735403307,0.17623136014460009
0.6580013504388926,0.17614098508811568
0.6578858493752111,0.17605061003163128
0.6579925650557621,0.17596023497514687
0.6580994250929997,0.17586985991866244
0.6582064297800339,0.17577948486217804
0.6583135794107687,0.17568910980569363
0.6584208742799051,0.17559873474920923
0.6583050847457627,0.1755083596927248
0.6584124830393487,0.1754179846362404
0.658520027155465,0.175327609579756
0.6584040747028862,0.17523723452327158
0.6585117227319062,0.17514685946678718
0.6586195171710303,0.17505648441030275
0.6587274583191561,0.17496610935381834
0.6586113002042205,0.17487573429733394
0.6587193460490464,0.17478535924084954
0.658603066439523,0.1746949841843651
0.6587112171837709,0.1746046091278807
0.6585948158253752,0.1745142340713963
0.658703071672355,0.1744238590149119
0.6585865483100034,0.1743334839584275
0.6586949094636146,0.17424310890194306
0.6588034188034187,0.17415273384545865
0.658686730506156,0.17406235878897425
0.6586785347483738,0.1738816086760054
0.6585616438356164,0.173791233619521
0.658444672833162,0.1737008585630366
0.6585533081933493,0.1736104835065522
0.6586620926243568,0.1735201084500678
0.6587710264332304,0.17342973339358336
0.6588801099278598,0.17333935833709896
0.6589893434169818,0.17324898328061455
0.6588720770288858,0.17315860822413015
0.6589814177563661,0.17306823316764572
0.6590909090909091,0.17297785811116131
0.6592005513439008,0.1728874830546769
0.6593103448275862,0.1727971079981925
0.6591928251121076,0.1727067329417081
0.6590752242926156,0.17261635788522367
0.6589575422851225,0.17252598282873927
0.6590673575129534,0.17243560777225486
0.6589495507947477,0.17234523271577046
0.658831662633944,0.17225485765928603
0.6587136929460581,0.17216448260280162
0.6588235294117647,0.17207410754631722
0.658705434406369,0.1719837324898328
0.6585872576177285,0.1718933574333484
0.658468998960859,0.17180298237686398
0.658578856152513,0.17171260732037957
0.6584604715672677,0.17162223226389517
0.6583420048560528,0.17153185720741077
0.6584519264144394,0.17144148215092633
0.6583333333333333,0.17135110709444193
0.6584433634468381,0.17126073203795752
0.6583246437261036,0.17117035698147312
0.6582058414464534,0.17107998192498872
0.6583159359777314,0.17098960686850428
0.6581970066132962,0.17089923181201988
0.6580779944289693,0.17080885675553548
0.6581881533101045,0.17071848169905107
0.6582984658298466,0.17062810664256664
0.6581792814788978,0.17053773158608224
0.6582897033158813,0.17044735652959783
0.6584002794271743,0.17035698147311343
0.658511010136316,0.17026660641662902
0.6583916083916084,0.1701762313601446
0.658272123119972,0.1700858563036602
0.6583829191459573,0.16999548124717578
0.658493870402802,0.16990510619069138
0.6586049772169646,0.16981473113420695
0.6584852734922861,0.16972435607772254
0.6583654857944581,0.16963398102123814
0.6582456140350877,0.16954360596475374
0.6583567415730337,0.16945323090826933
0.6582367404285212,0.1693628558517849
0.6581166549543218,0.1692724807953005
0.6579964850615114,0.1691821057388161
0.6578762306610408,0.1690917306823317
0.6577558916637355,0.16900135562584725
0.6578669482576558,0.16891098056936285
0.65797816132441,0.16882060551287845
0.6580895311949242,0.16873023045639404
0.657968970380818,0.16863985539990964
0.6580804516584333,0.1685494803434252
0.6581920903954802,0.1684591052869408
0.658303886925795,0.1683687302304564
0.6581831035701662,0.168278355173972
0.6580622347949081,0.16818798011748756
0.657941280509374,0.16809760506100316
0.6580530973451327,0.16800723000451875
0.6581650726177825,0.16791685494803435
0.6580439404677534,0.16782647989154995
0.6579227224388515,0.1677361048350655
0.6578014184397163,0.1676457297785811
0.6579134137686302,0.1675553547220967
0.6577919772807952,0.1674649796656123
0.6576704545454546,0.16737460460912787
0.6575488454706927,0.16728422955264347
0.6576608602915037,0.16719385449615906
0.6577730345072927,0.16710347943967466
0.6576512455516014,0.16701310438319025
0.6577635327635327,0.16692272932670582
0.6578759800427655,0.16683235427022142
0.6579885877318117,0.166741979213737
0.657866571530503,0.1666516041572526
0.6579792931096037,0.16656122910076818
0.6580921757770632,0.16647085404428377
0.6579699785561115,0.16638047898779937
0.657847693957812,0.16629010393131496
0.6579606440071556,0.16619972887483056
0.6580737558181167,0.16610935381834613
0.658187029738445,0.16601897876186172
0.6583004661168878,0.16592860370537732
0.6584140653031934,0.16583822864889292
0.6585278276481149,0.16574785359240848
0.6584051724137931,0.16565747853592408
0.6582824290334172,0.16556710347943968
0.6581595974119339,0.16547672842295527
0.658273381294964,0.16538635336647087
0.6583873290136789,0.16529597830998644
0.6585014409221902,0.16520560325350203
0.6586157173756308,0.16511522819701763
0.6587301587301587,0.16502485314053322
0.6586070010826417,0.1649344780840488
0.6587215601300108,0.1648441030275644
0.6588362847849657,0.16475372797107998
0.6587129428778019,0.16466335291459558
0.6585895117540688,0.16457297785811117
0.6587043069127759,0.16448260280162674
0.6588192683810213,0.16439222774514234
0.658695652173913,0.16430185268865793
0.6585719463573758,0.16421147763217353
0.6586869785999274,0.1641211025756891
0.6588021778584392,0.1640307275192047
0.6586782861292665,0.1639403524627203
0.6585543043952052,0.16384997740623589
0.658669574700109,0.16375960234975148
0.6587850127319025,0.16366922729326705
0.6586608442503639,0.16357885223678265
0.6585365853658537,0.16348847718029824
0.6586520947176685,0.16339810212381384
0.6587677725118484,0.1633077270673294
0.6588836191171106,0.163217352010845
0.6587591240875912,0.1631269769543606
0.6586345381526104,0.1630366018978762
0.6585098612125639,0.1629462268413918
0.658625730994152,0.16285585178490736
0.6587417702999269,0.16276547672842295
0.6588579795021962,0.16267510167193855
0.6587330648114244,0.16258472661545414
0.6588493953829242,0.1624943515589697
0.658965896589659,0.1624039765024853
0.6590825688073394,0.1623136014460009
0.65919941241278,0.1622232263895165
0.659316427783903,0.1621328513330321
0.6591911764705882,0.16204247627654766
0.659308314937454,0.16195210122006326
0.6594256259204713,0.16186172616357886
0.6593001841620626,0.16177135110709445
0.659174649963154,0.16168097605061002
0.6592920353982301,0.16159060099412562
0.6591663592770195,0.1615002259376412
0.659040590405904,0.1614098508811568
0.6591580502215657,0.1613194758246724
0.6592756836659276,0.16122910076818797
0.6591497227356746,0.16113872571170357
0.6592674805771365,0.16104835065521916
0.6593854128100703,0.16095797559873476
0.6595035198221564,0.16086760054225033
0.6593773165307635,0.16077722548576592
0.6594955489614244,0.16068685042928152
0.6596139569413512,0.16059647537279712
0.6594875603416265,0.1605061003163127
0.6596060943887031,0.16041572525982828
0.6597248047601338,0.16032535020334387
0.6598436918496464,0.16023497514685947
0.659717051377513,0.16014460009037507
0.6598360655737705,0.16005422503389063
0.6599552572706935,0.15996384997740623
0.659828422230511,0.15987347492092183
0.6599477416946622,0.15978309986443742
0.6598207617625094,0.15969272480795302
0.6596936869630183,0.1596023497514686
0.6598130841121496,0.15951197469498418
0.6599326599326599,0.15942159963849978
0.6600524148259079,0.15933122458201537
0.6599250936329588,0.15924084952553094
0.660165041260315,0.15906009941256213
0.6602852852852853,0.15896972435607773
0.6601577168606835,0.15887934929959333
0.6600300525920361,0.1587889742431089
0.6601503759398496,0.1586985991866245
0.6600225648740128,0.15860822413014009
0.6601430184418517,0.15851784907365568
0.6602636534839925,0.15842747401717125
0.6601356443104748,0.15833709896068685
0.660007538635507,0.15824672390420244
0.6601282534892493,0.15815634884771804
0.6602491506228766,0.15806597379123363
0.6601208459214502,0.1579755987347492
0.6599924442765395,0.1578852236782648
0.6601134215500946,0.1577948486217804
0.6599848714069592,0.157704473565296
0.6598562239878926,0.15761409850881156
0.6599772813328285,0.15752372345232715
0.6600985221674877,0.15743334839584275
0.6599696739954511,0.15734297333935834
0.6600910470409712,0.15725259828287394
0.6599620493358633,0.1571622232263895
0.6600835548803646,0.1570718481699051
0.6602052451539339,0.1569814731134207
0.6603271205781666,0.1568910980569363
0.6604491815759421,0.15680072300045186
0.6605714285714286,0.15671034794396746
0.6606938619900877,0.15661997288748306
0.6608164822586798,0.15652959783099865
0.6606870229007633,0.15643922277451425
0.6608097784568373,0.15634884771802982
0.6606801681314483,0.1562584726615454
0.6608030592734225,0.156168097605061
0.6606732976281561,0.1560777225485766
0.6607963246554365,0.15598734749209217
0.6609195402298851,0.15589697243560777
0.661042944785276,0.15580659737912336
0.6609129267357116,0.15571622232263896
0.6610364683301344,0.15562584726615455
0.6611601997694967,0.15553547220967012
0.6610299769408148,0.15544509715318572
0.6611538461538462,0.15535472209670131
0.6612779060816012,0.1552643470402169
0.661402157164869,0.15517397198373248
0.661526599845798,0.15508359692724807
0.6613960663324335,0.15499322187076367
0.6615206483983018,0.15490284681427927
0.6616454229432214,0.15481247175779486
0.6615146831530139,0.15472209670131043
0.6616395978344934,0.15463172164482603
0.6617647058823529,0.15454134658834162
0.6618900077459334,0.15445097153185722
0.6617590081363812,0.15436059647537279
0.6618844513377278,0.15427022141888838
0.6620100892510671,0.15417984636240398
0.6621359223300971,0.15408947130591957
0.662004662004662,0.15399909624943517
0.6621306376360808,0.15390872119295074
0.661999222092571,0.15381834613646633
0.6618677042801556,0.15372797107998193
0.661993769470405,0.15363759602349752
0.6621200311769291,0.1535472209670131
0.6619883040935672,0.1534568459105287
0.6621147093250097,0.15336647085404428
0.6622413119875049,0.15327609579755988
0.6623681125439624,0.15318572074107548
0.6624951114587407,0.15309534568459104
0.6626223091976516,0.15300497062810664
0.6627497062279671,0.15291459557162224
0.6628773030184242,0.15282422051513783
0.6630051000392311,0.1527338454586534
0.6631330977620731,0.152643470402169
0.6632612966601179,0.1525530953456846
0.66312893081761,0.1524627202892002
0.6629964608729847,0.15237234523271578
0.663124754033845,0.15228197017623135
0.6632532493107522,0.15219159511974695
0.6633819471817107,0.15210122006326254
0.6635108481262327,0.15201084500677814
0.6633780584056828,0.1519204699502937
0.6635071090047393,0.1518300948938093
0.6636363636363637,0.1517397198373249
0.6637658227848101,0.1516493447808405
0.6636327661258409,0.1515589697243561
0.6637623762376238,0.15146859466787166
0.6638921918351169,0.15137821961138725
0.664022213407378,0.15128784455490285
0.6641524414450178,0.15119746949841845
0.6642828764402066,0.15110709444193401
0.6641494435612083,0.1510167193854496
0.6640159045725647,0.1509263443289652
0.6638822593476531,0.1508359692724808
0.6637485077596498,0.1507455942159964
0.663878932696137,0.15065521915951197
0.6640095655639697,0.15056484410302756
0.6638755980861244,0.15047446904654316
0.6640063846767758,0.15038409399005875
0.6641373801916933,0.15029371893357432
0.6642685851318945,0.15020334387708992
0.6644,0.1501129688206055
0.664265706282513,0.1500225937641211
0.6641313050440353,0.1499322187076367
0.6639967961553864,0.14984184365115227
0.6641282565130261,0.14975146859466787
0.6639935846030474,0.14966109353818347
0.6641252006420546,0.14957071848169906
0.6642570281124498,0.14948034342521463
0.6643890675241158,0.14938996836873022
0.6645213193885761,0.14929959331224582
0.6646537842190016,0.14920921825576142
0.6647864625302176,0.149118843199277
0.6649193548387097,0.14902846814279258
0.6647841871722469,0.14893809308630818
0.6649172385950747,0.14884771802982377
0.665050505050505,0.14875734297333937
0.6651839870602507,0.14866696791685494
0.6653176851477135,0.14857659286037053
0.6651821862348178,0.14848621780388613
0.6650465775617659,0.14839584274740172
0.6651803810295907,0.14830546769091732
0.6650446066504461,0.1482150926344329
0.6649087221095334,0.14812471757794848
0.6650426309378806,0.14803434252146408
0.6651767574156847,0.14794396746497968
0.6653111020740138,0.14785359240849524
0.6654456654456654,0.14776321735201084
0.6655804480651731,0.14767284229552644
0.6654441727791361,0.14758246723904203
0.6655791190864601,0.14749209218255763
0.6657142857142857,0.1474017171260732
0.6655777868517763,0.1473113420695888
0.6657131181038006,0.1472209670131044
0.6658486707566462,0.14713059195661998
0.6659844453540729,0.14704021690013555
0.6661204424416223,0.14694984184365115
0.6662566625666256,0.14685946678716674
0.6661197703035275,0.14676909173068234
0.666256157635468,0.14667871667419793
0.666392769104355,0.1465883416177135
0.666255651459104,0.1464979665612291
0.6663924310983135,0.1464075915047447
0.6662551440329219,0.1463172164482603
0.6661177439275422,0.14622684139177586
0.6662546353522868,0.14613646633529145
0.6661170651277823,0.14604609127880705
0.6661163846471316,0.14586534116583824
0.6662536142090045,0.1457749661093538
0.6661157024793388,0.1456845910528694
0.6659776767259198,0.145594215996385
0.6658395368072787,0.1455038409399006
0.6657012825817129,0.14541346588341617
0.6658385093167701,0.14532309082693176
0.6659759635308744,0.14523271577044736
0.6661136457901286,0.14514234071396295
0.6662515566625156,0.14505196565747855
0.6663896967179062,0.14496159060099412
0.6665280665280665,0.1448712155445097
0.6663893510815307,0.1447808404880253
0.6662505201831045,0.1446904654315409
0.6663890045814244,0.14460009037505647
0.6665277198832847,0.14450971531857207
0.6666666666666666,0.14441934026208766
0.6668058455114823,0.14432896520560326
0.6666666666666666,0.14423859014911886
0.6665273715002089,0.14414821509263442
0.6663879598662207,0.14405784003615002
0.6662484316185696,0.14396746497966562
0.6663876098786103,0.1438770899231812
0.666527021365731,0.14378671486669678
0.6666666666666666,0.14369633981021238
0.6665268456375839,0.14360596475372797
0.6666666666666666,0.14351558969724357
0.6668067226890756,0.14342521464075916
0.6669470142977292,0.14333483958427473
0.6668068994530921,0.14324446452779033
0.6666666666666666,0.14315408947130592
0.6668070766638584,0.14306371441482152
0.6666666666666666,0.1429733393583371
0.6665261382799326,0.14288296430185268
0.6666666666666666,0.14279258924536828
0.6668074324324325,0.14270221418888387
0.6669484361792054,0.14261183913239947
0.6670896785109983,0.14252146407591504
0.6672311600338696,0.14243108901943063
0.6673728813559322,0.14234071396294623
0.6672318779143704,0.14225033890646183
0.6670907548770144,0.1421599638499774
0.6669495120916419,0.142069588793493
0.6668081494057725,0.14197921373700859
0.6666666666666666,0.14188883868052418
0.6665250637213254,0.14179846362403978
0.6666666666666666,0.14170808856755535
0.6668085106382978,0.14161771351107094
0.6669505962521295,0.14152733845458654
0.6670929241261722,0.14143696339810213
0.6672354948805461,0.1413465883416177
0.6673783091374893,0.1412562132851333
0.6672362238359676,0.1411658382286489
0.667094017094017,0.1410754631721645
0.6669516887558786,0.14098508811568009
0.6668092386655261,0.14089471305919565
0.6669520547945206,0.14080433800271125
0.6668094218415418,0.14071396294622684
0.6669524217745392,0.14062358788974244
0.6670956670956671,0.140533212833258
0.6672391584370975,0.1404428377767736
0.6673828964331757,0.1403524627202892
0.6672398968185727,0.1402620876638048
0.6670967741935484,0.1401717126073204
0.6669535283993115,0.14008133755083596
0.6668101592767972,0.13999096249435156
0.6666666666666666,0.13990058743786715
0.6668103448275862,0.13981021238138275
0.6669542709232097,0.13971983732489832
0.6668105308588692,0.1396294622684139
0.6670990056204064,0.1394487121554451
0.6672436174816097,0.1393583370989607
0.6673884798614119,0.13926796204247627
0.6675335934113568,0.13917758698599186
0.6676789587852494,0.13908721192950746
0.6675347222222222,0.13899683687302306
0.6676802780191138,0.13890646181653862
0.6675358539765319,0.13881608676005422
0.6673913043478261,0.13872571170356982
0.6675369886858138,0.1386353366470854
0.6673922507618633,0.138544961590601
0.6675381263616558,0.13845458653411657
0.6673931996512642,0.13836421147763217
0.6672481465329263,0.13827383642114777
0.6671029668411868,0.13818346136466336
0.6669576604103011,0.13809308630817893
0.6668122270742358,0.13800271125169453
0.6666666666666666,0.13791233619521012
0.6665209790209791,0.13782196113872572
0.6663751639702667,0.13773158608224131
0.6662292213473315,0.13764121102575688
0.6660831509846827,0.13755083596927248
0.6662286465177398,0.13746046091278807
0.6660823838737949,0.13737008585630367
0.6659359929855326,0.13727971079981924
0.6657894736842105,0.13718933574333483
0.6656428258007898,0.13709896068685043
0.6654960491659351,0.13700858563036603
0.6656414762741653,0.13691821057388162
0.6654945054945055,0.1368278355173972
0.6656401231852178,0.13673746046091279
0.6654929577464789,0.13664708540442838
0.6656387665198238,0.13655671034794398
0.6657848324514991,0.13646633529145955
0.6659311562224184,0.13637596023497514
0.6657836644591612,0.13628558517849074
0.6656360424028268,0.13619521012200633
0.6654882898806893,0.13610483506552193
0.6656346749226006,0.1360144600090375
0.6657813191677734,0.1359240849525531
0.6659282233052725,0.1358337098960687
0.6660753880266075,0.13574333483958428
0.6662228140257435,0.13565295978309985
0.6660746003552398,0.13556258472661545
0.6659262549977788,0.13547220967013104
0.666073810582481,0.13538183461364664
0.6662216288384513,0.13529145955716224
0.666369710467706,0.1352010845006778
0.6662210338680927,0.1351107094441934
0.6663693131132917,0.135020334387709
0.6665178571428572,0.1349299593312246
0.6663689146940599,0.13483958427474016
0.6662198391420912,0.13474920921825576
0.6660706303084488,0.13465883416177135
0.6659212880143113,0.13456845910528695
0.6657718120805369,0.13447808404880254
0.6659202866099417,0.1343877089923181
0.6657706093189965,0.1342973339358337
0.6659192825112108,0.1342069588793493
0.6660682226211849,0.1341165838228649
0.6659182757072295,0.13402620876638047
0.6657681940700808,0.13393583370989606
0.6659172661870504,0.13384545865341166
0.6660666066606661,0.13375508359692725
0.6659162539396668,0.13366470854044285
0.6660657954033349,0.13357433348395842
0.6662156066756879,0.13348395842747401
0.6660649819494585,0.1333935833709896
0.6662149954832882,0.1333032083145052
0.666365280289331,0.13321283325802077
0.6665158371040724,0.13312245820153637
0.666364870982345,0.13303208314505197
0.666213768115942,0.13294170808856756
0.6663644605621033,0.13285133303208316
0.6662131519274377,0.13276095797559873
0.6660617059891107,0.13267058291911432
0.6662125340599455,0.13258020786262992
0.6660608814175375,0.1324898328061455
0.6659090909090909,0.13239945774966108
0.6660600545950864,0.13230908269317668
0.6659080564406008,0.13221870763669227
0.6657559198542805,0.13212833258020787
0.6659070191431176,0.13203795752372346
0.6657546739626083,0.13194758246723903
0.6656021897810219,0.13185720741075463
0.6654495664080329,0.13176683235427022
0.6652968036529681,0.13167645729778582
0.6654478976234004,0.1315860822413014
0.6652949245541838,0.13149570718481698
0.6654462242562929,0.13140533212833258
0.6655978011910215,0.13131495707184818
0.6654445462878094,0.13122458201536377
0.6652911508482348,0.13113420695887934
0.6654428636989445,0.13104383190239494
0.6652892561983471,0.13095345684591053
0.6651355075792375,0.13086308178942613
0.6652873563218391,0.1307727067329417
0.6654394845835251,0.1306823316764573
0.6652854511970534,0.1305919566199729
0.6654377880184332,0.13050158156348848
0.665590405904059,0.13041120650700408
0.6654360867558837,0.13032083145051965
0.6655889145496536,0.13023045639403524
0.6654343807763401,0.13014008133755084
0.6655874190564293,0.13004970628106644
0.6654326700601574,0.129959331224582
0.665585919407133,0.1298689561680976
0.6654309545875811,0.1297785811116132
0.6655844155844156,0.1296882060551288
0.6654292343387471,0.1295978309986444
0.6652739090064995,0.12950745594215995
0.6654275092936803,0.12941708088567555
0.6655813953488372,0.12932670582919115
0.6657355679702048,0.12923633077270674
0.6655798789007918,0.1291459557162223
0.6657342657342658,0.1290555806597379
0.6658889407372842,0.1289652056032535
0.6660439047174218,0.1288748305467691
0.6661991584852734,0.1287844554902847
0.666043030869972,0.12869408043380026
0.6658867571361722,0.12860370537731586
0.6660421545667448,0.12851333032083145
0.6661978434130333,0.12842295526434705
0.6660412757973734,0.12833258020786262
0.6661971830985915,0.1282422051513782
0.6663533834586466,0.1281518300948938
0.6665098777046096,0.1280614550384094
0.6666666666666666,0.127971079981925
0.6668237511781339,0.12788070492544057
0.6669811320754717,0.12779032986895617
0.6671388101983002,0.12769995481247176
0.6669815777042986,0.12760957975598736
0.6668241965973535,0.12751920469950292
0.6669820245979187,0.12742882964301852
0.6668244202555608,0.12733845458653412
0.6666666666666666,0.1272480795300497
0.6665087636191378,0.1271577044735653
0.6666666666666666,0.12706732941708088
0.6665085388994307,0.12697695436059647
0.6666666666666666,0.12688657930411207
0.6668250950570342,0.12679620424762766
0.6669838249286394,0.12670582919114323
0.6671428571428571,0.12661545413465883
0.667302192564347,0.12652507907817442
0.6671435383881735,0.12643470402169002
0.6669847328244275,0.12634432896520562
0.6671442215854824,0.12625395390872118
0.6669851887243191,0.12616357885223678
0.667144906743185,0.12607320379575238
0.6673049305887985,0.12598282873926797
0.667465261140393,0.12589245368278354
0.6673058485139022,0.12580207862629914
0.6671462829736211,0.12571170356981473
0.6673067690830533,0.12562132851333033
0.6671469740634006,0.12553095345684592
0.6669870254685247,0.1254405784003615
0.666826923076923,0.1253502033438771
0.6666666666666666,0.12525982828739268
0.6665062560153994,0.12516945323090828
0.666345690900337,0.12507907817442385
0.6665060240963856,0.12498870311793944
0.6666666666666666,0.12489832806145504
0.6668276195074843,0.12480795300497063
0.6669888835186081,0.12471757794848622
0.6671504596032898,0.12462720289200181
0.6669893514036787,0.1245368278355174
0.6668280871670702,0.12444645277903299
0.6666666666666666,0.12435607772254857
0.6668283220174588,0.12426570266606417
0.6669902912621359,0.12417532760957975
0.6671525753158406,0.12408495255309535
0.6673151750972762,0.12399457749661094
0.6671532846715329,0.12390420244012652
0.6669912366114897,0.12381382738364212
0.6668290306867998,0.1237234523271577
0.666991711360312,0.1236330772706733
0.666829268292683,0.12354270221418888
0.6669921875,0.12345232715770448
0.666829506595017,0.12336195210122006
0.6666666666666666,0.12327157704473565
0.6665036674816626,0.12318120198825125
0.6663405088062623,0.12309082693176683
0.6661771904062653,0.12300045187528243
0.6663400293973543,0.12291007681879801
0.6665031878371751,0.1228197017623136
0.6663395485770363,0.12272932670582919
0.6665029469548134,0.12263895164934478
0.6663390663390664,0.12254857659286036
0.6665027053615347,0.12245820153637596
0.6666666666666666,0.12236782647989156
0.6668309512074914,0.12227745142340714
0.6666666666666666,0.12218707636692273
0.6665022200296004,0.12209670131043832
0.6666666666666666,0.12200632625395391
0.6668314384577361,0.1219159511974695
0.6669965363681346,0.12182557614098509
0.6668316831683169,0.12173520108450067
0.6666666666666666,0.12164482602801627
0.6665014866204163,0.12155445097153186
0.6663361427863164,0.12146407591504745
0.6665012406947891,0.12137370085856304
0.6663356504468719,0.12128332580207862
0.6665009940357853,0.12119295074559422
0.6663351566384883,0.1211025756891098
0.6661691542288557,0.1210122006326254
0.6660029865604778,0.12092182557614098
0.6661684105630294,0.12083145051965657
0.6660019940179461,0.12074107546317217
0.6661676646706587,0.12065070040668775
0.6660009985022466,0.12056032535020335
0.6661669165417291,0.12046995029371893
0.6663331665832917,0.12037957523723453
0.6661661661661662,0.12028920018075011
0.6659989984977466,0.1201988251242657
0.6661654135338346,0.12010845006778129
0.6663321625689914,0.12001807501129688
0.6661646586345381,0.11992769995481248
0.6663316582914572,0.11983732489832806
0.6664989939637826,0.11974694984184366
0.6663311524911928,0.11965657478535924
0.6661631419939577,0.11956619972887483
0.6659949622166247,0.11947582467239042
0.6661623802319717,0.11938544961590601
0.6659939455095862,0.1192950745594216
0.6661616161616162,0.11920469950293719
0.6659929257200606,0.11911432444645279
0.6661608497723824,0.11902394938996837
0.6663291139240506,0.11893357433348396
0.6664977192093259,0.11884319927699954
0.6666666666666666,0.11875282422051514
0.6668359573387507,0.11866244916403072
0.6666666666666666,0.11857207410754632
0.6668362156663276,0.1184816990510619
0.6670061099796334,0.1183913239945775
0.6668364747834946,0.11830094893809309
0.6670066292707802,0.11821057388160867
0.6671771311893824,0.11812019882512427
0.6673479816044967,0.11802982376863985
0.6675191815856778,0.11793944871215545
0.6673490276356192,0.11784907365567103
0.667178699436764,0.11775869859918663
0.6670081967213115,0.11766832354270221
0.6671794871794872,0.1175779484862178
0.6673511293634496,0.1174875734297334
0.6675231243576567,0.11739719837324898
0.6676954732510288,0.11730682331676458
0.6678681771369722,0.11721644826028016
0.668041237113402,0.11712607320379576
0.6682146542827657,0.11703569814731134
0.6683884297520661,0.11694532309082693
0.6682170542635659,0.11685494803434252
0.6680455015511892,0.11676457297785811
0.6682194616977226,0.1166741979213737
0.6680476437079234,0.11658382286488929
0.6678756476683938,0.11649344780840488
0.6680497925311203,0.11640307275192047
0.6682242990654206,0.11631269769543606
0.6683991683991684,0.11622232263895164
0.6682267290691628,0.11613194758246724
0.668054110301769,0.11604157252598282
0.6682291666666667,0.11595119746949842
0.6684045881126173,0.11586082241301401
0.668580375782881,0.1157704473565296
0.6684073107049608,0.11568007230004519
0.668234064785789,0.11558969724356077
0.6680606377417668,0.11549932218707637
0.6678870292887029,0.11540894713059195
0.6677132391418106,0.11531857207410755
0.6678889470927187,0.11522819701762313
0.6677148846960168,0.11513782196113873
0.667890870933893,0.11504744690465432
0.6680672268907563,0.1149570718481699
0.6678928008407777,0.1148666967916855
0.6680694371383482,0.11477632173520108
0.6678947368421052,0.11468594667871668
0.6677198525539758,0.11459557162223226
0.6675447839831401,0.11450519656574785
0.6673695308381655,0.11441482150926344
0.6675461741424802,0.11432444645277903
0.6673706441393875,0.11423407139629463
0.6675475687103594,0.11414369633981021
0.6673717609730302,0.1140533212833258
0.6675489677077819,0.11396294622684139
0.6673728813559322,0.11387257117035698
0.6671966083730789,0.11378219611387257
0.6670201484623541,0.11369182105738816
0.6671974522292994,0.11360144600090374
0.667375132837407,0.11351107094441934
0.6671982987772461,0.11342069588793494
0.6670212765957447,0.11333032083145052
0.6668440659925492,0.11323994577496611
0.6670218433670752,0.1131495707184817
0.6672,0.11305919566199729
0.6673785371062466,0.11296882060551287
0.667379679144385,0.11278807049254405
0.667558886509636,0.11269769543605965
0.6677384780278671,0.11260732037957524
0.6675603217158177,0.11251694532309083
0.6673819742489271,0.11242657026660642
0.667561761546724,0.112336195210122
0.6673831273508867,0.1122458201536376
0.6672043010752688,0.11215544509715318
0.667384284176534,0.11206507004066878
0.6673854447439354,0.11188431992769995
0.6675661090124123,0.11179394487121555
0.6673866090712743,0.11170356981473113
0.6672069151809833,0.11161319475824673
0.6673877771768524,0.11152281970176231
0.6675690308608554,0.1114324446452779
0.66738894907909,0.11134206958879349
0.6672086720867209,0.11125169453230908
0.6673901247965274,0.11116131947582467
0.6672095548317046,0.11107094441934026
0.6673913043478261,0.11098056936285586
0.66721044045677,0.11089019430637144
0.6673924877517692,0.11079981924988704
0.6672113289760349,0.11070944419340262
0.6673936750272628,0.11061906913691821
0.6672122204037098,0.1105286940804338
0.6670305676855895,0.11043831902394939
0.6668487165483342,0.11034794396746497
0.6670311645708037,0.11025756891098057
0.6668490153172867,0.11016719385449616
0.6666666666666666,0.11007681879801175
0.6668493150684931,0.10998644374152734
0.6670323642347779,0.10989606868504292
0.6668496158068057,0.10980569362855852
0.667032967032967,0.1097153185720741
0.6672167216721672,0.1096249435155897
0.6674008810572687,0.10953456845910528
0.6675854465270121,0.10944419340262088
0.6674020959735245,0.10935381834613647
0.6675869685256764,0.10926344328965205
0.6677722498618021,0.10917306823316765
0.6679579413392362,0.10908269317668323
0.6677740863787376,0.10899231812019883
0.667590027700831,0.10890194306371441
0.6677759290072102,0.10881156800723
0.6679622431982232,0.10872119295074559
0.6681489716509171,0.10863081789426118
0.6679644048943271,0.10854044283777678
0.667779632721202,0.10845006778129236
0.667966573816156,0.10835969272480796
0.668153931957613,0.10826931766832354
0.6683417085427136,0.10817894261183914
0.6685299049748463,0.10808856755535472
0.6687185226636821,0.10799819249887031
0.66890756302521,0.1079078174423859
0.6690970274817722,0.10781744238590149
0.6689113355780022,0.10772706732941709
0.6687254351487928,0.10763669227293267
0.6689151208544126,0.10754631721644826
0.6691052335396737,0.10745594215996385
0.668918918918919,0.10736556710347944
0.669109357384442,0.10727519204699502
0.6693002257336343,0.10718481699051062
0.6691134952004517,0.1070944419340262
0.6693046919163369,0.1070040668775418
0.6694963214487832,0.1069136918210574
0.6693091732729332,0.10682331676457298
0.6695011337868481,0.10673294170808857
0.6696935300794552,0.10664256665160415
0.6698863636363637,0.10655219159511975
0.6700796359499431,0.10646181653863533
0.6702733485193622,0.10637144148215093
0.6704675028506272,0.10628106642566651
0.6708571428571428,0.1061003163126977
0.6706689536878216,0.10600994125621328
0.6708643388666286,0.10591956619972888
0.6710601719197707,0.10582919114324446
0.6708715596330275,0.10573881608676006
0.6710677382319173,0.10564844103027564
0.6708788052843193,0.10555806597379123
0.6710753306497987,0.10546769091730682
0.6708860759493671,0.10537731586082241
0.6710829493087558,0.10528694080433801
0.671280276816609,0.10519656574785359
0.6714780600461894,0.10510619069136919
0.6716763005780347,0.10501581563488477
0.671875,0.10492544057840036
0.6720741599073001,0.10483506552191595
0.6722737819025522,0.10474469046543154
0.6724738675958188,0.10465431540894712
0.6722835560720511,0.10456394035246272
0.6724840023269343,0.10447356529597832
0.6722933643771828,0.1043831902394939
0.6724941724941725,0.1042928151830095
0.6723032069970846,0.10420244012652508
0.6723130841121495,0.10402169001355625
0.6721215663354764,0.10393131495707185
0.6719298245614035,0.10384093990058743
0.6717378583967232,0.10375056484410303
0.6719390743995314,0.10366018978761862
0.6721407624633431,0.1035698147311342
0.6719483568075117,0.1034794396746498
0.6717557251908397,0.10338906461816538
0.6715628672150411,0.10329868956168098
0.6713697824808936,0.10320831450519656
0.6715715126545027,0.10311793944871216
0.6713780918727915,0.10302756439222774
0.6715801886792453,0.10293718933574333
0.6717827626918536,0.10284681427925893
0.6715888954518606,0.10275643922277451
0.6713947990543735,0.10266606416629011
0.6712004730928445,0.10257568910980569
0.6714031971580817,0.10248531405332129
0.6716064018968583,0.10239493899683687
0.6712166172106825,0.10221418888386805
0.6712247324613555,0.10203343877089924
0.6710291493158834,0.10194306371441482
0.6712328767123288,0.10185268865793042
0.6710369487485102,0.101762313601446
0.6712410501193318,0.1016719385449616
0.6714456391875747,0.10158156348847718
0.6716507177033493,0.10149118843199277
0.6714542190305206,0.10140081337550835
0.6716596764529659,0.10131043831902395
0.671865626874625,0.10122006326253954
0.6716686674669868,0.10112968820605513
0.6714714714714715,0.10103931314957072
0.671677690920024,0.1009489380930863
0.6718844069837447,0.1008585630366019
0.6716867469879518,0.10076818798011748
0.6714888487040386,0.10067781292363308
0.6712907117008444,0.10058743786714866
0.6710923355461678,0.10049706281066426
0.6708937198067633,0.10040668775417985
0.6711003627569528,0.10031631269769543
0.6713075060532687,0.10022593764121103
0.6711084191399153,0.10013556258472661
0.6709090909090909,0.10004518752824221
0.6707095209217707,0.09995481247175779
0.670916818457802,0.09986443741527339
0.6707168894289186,0.09977406235878897
0.670516717325228,0.09968368730230456
0.6707242848447961,0.09959331224582016
0.6709323583180987,0.09950293718933574
0.6707317073170732,0.09941256213285134
0.6705308114704088,0.09932218707636692
0.6707391569945022,0.09923181201988251
0.6705378973105135,0.0991414369633981
0.6707466340269278,0.09905106190691369
0.6709558823529411,0.09896068685042927
0.6711656441717792,0.09887031179394487
0.6713759213759214,0.09877993673746047
0.6711739397664414,0.09868956168097605
0.6709717097170972,0.09859918662449164
0.6707692307692308,0.09850881156800723
0.6705665024630542,0.09841843651152282
0.6703635243376463,0.0983280614550384
0.6701602959309494,0.098237686398554
0.6699568167797656,0.09814731134206958
0.670166769610871,0.09805693628558518
0.6699629171817059,0.09796656122910077
0.6701732673267327,0.09787618617261636
0.6703841387856257,0.09778581111613195
0.6701797892126472,0.09769543605964753
0.6699751861042184,0.09760506100316313
0.6701863354037267,0.09751468594667871
0.6699813548788067,0.09742431089019431
0.6697761194029851,0.09733393583370989
0.6699875466998755,0.09724356077722549
0.6701995012468828,0.09715318572074108
0.6699937616968185,0.09706281066425666
0.670206121174266,0.09697243560777226
0.67,0.09688206055128784
0.6697936210131332,0.09679168549480344
0.6695869837296621,0.09670131043831902
0.6697994987468672,0.09661093538183461
0.6700125470514429,0.0965205603253502
0.6702261306532663,0.09643018526886579
0.6700188560653677,0.09633981021238139
0.6702328508495909,0.09624943515589697
0.6704473850031506,0.09615906009941257
0.6706624605678233,0.09606868504292815
0.6704545454545454,0.09597830998644374
0.6706700379266751,0.09588793492995933
0.6704617330803289,0.09579755987347492
0.6706776440785307,0.0957071848169905
0.670468948035488,0.0956168097605061
0.6706852791878173,0.0955264347040217
0.6709021601016518,0.09543605964753728
0.6711195928753181,0.09534568459105287
0.6709102482495226,0.09525530953456846
0.6711281070745698,0.09516493447808405
0.6709183673469388,0.09507455942159963
0.670926517571885,0.09489380930863081
0.6711452335252719,0.0948034342521464
0.6709346991037132,0.094713059195662
0.6711538461538461,0.09462268413917758
0.6709429121231558,0.09453230908269318
0.6707317073170732,0.09444193402620876
0.6705202312138728,0.09435155896972436
0.6703084832904884,0.09426118391323994
0.670096463022508,0.09417080885675554
0.6703155183515775,0.09408043380027112
0.6701030927835051,0.09399005874378671
0.6703225806451613,0.09389968368730231
0.6701097482246611,0.09380930863081789
0.6703296703296703,0.09371893357433349
0.6701164294954722,0.09362855851784907
0.6703367875647669,0.09353818346136467
0.6705577172503242,0.09344780840488025
0.6707792207792208,0.09335743334839584
0.6705653021442495,0.09326705829191144
0.6703511053315995,0.09317668323542702
0.6705729166666666,0.09308630817894262
0.6705805609915199,0.0929055580659738
0.6708033964728936,0.09281518300948938
0.6705882352941176,0.09272480795300497
0.6708115183246073,0.09263443289652055
0.6710353866317169,0.09254405784003615
0.6708196721311476,0.09245368278355175
0.6710439921208142,0.09236330772706733
0.6708278580814717,0.09227293267058292
0.6706114398422091,0.0921825576140985
0.6708360763660303,0.0920921825576141
0.6706192358366272,0.09200180750112968
0.6704021094264997,0.09191143244464528
0.6706270627062706,0.09182105738816086
0.6704095112285336,0.09173068233167646
0.6706349206349206,0.09164030727519205
0.6704169424222369,0.09154993221870764
0.6701986754966888,0.09145955716222323
0.6704244031830239,0.09136918210573881
0.6706507304116865,0.09127880704925441
0.6708776595744681,0.09118843199276999
0.6711051930758988,0.09109805693628559
0.6713333333333333,0.09100768187980117
0.6711140760507005,0.09091730682331677
0.6713426853707415,0.09082693176683236
0.671571906354515,0.09073655671034794
0.6713520749665328,0.09064618165386354
0.6715817694369973,0.09055580659737912
0.6715916722632639,0.0903750564844103
0.67182246133154,0.0902846814279259
0.672053872053872,0.09019430637144148
0.671832884097035,0.09010393131495707
0.6716115981119353,0.09001355625847267
0.6713900134952766,0.08992318120198825
0.6711681296421337,0.08983280614550385
0.6713995943204868,0.08974243108901943
0.6716316858496953,0.08965205603253502
0.6714092140921409,0.0895616809760506
0.6716417910447762,0.0894713059195662
0.6714188730482009,0.08938093086308178
0.671651937457512,0.08929055580659738
0.6714285714285714,0.08920018075011298
0.6712049012933968,0.08910980569362856
0.6714383094751193,0.08901943063714415
0.6716723549488055,0.08892905558065974
0.671907040328093,0.08883868052417533
0.6716826265389877,0.08874830546769091
0.6714579055441479,0.08865793041120651
0.6712328767123288,0.08856755535472209
0.6710075394105551,0.08847718029823769
0.6707818930041153,0.08838680524175328
0.6705559368565546,0.08829643018526886
0.6703296703296703,0.08820605512878446
0.6701030927835051,0.08811568007230004
0.6698762035763411,0.08802530501581564
0.6696490020646937,0.08793492995933122
0.6694214876033058,0.08784455490284682
0.6691936595451413,0.0877541798463624
0.6689655172413793,0.087663804789878
0.6691988950276243,0.08757342973339359
0.669432918395574,0.08748305467690917
0.6696675900277008,0.08739267962042477
0.6694386694386695,0.08730230456394035
0.6692094313453537,0.08721192950745595
0.6689798750867453,0.08712155445097153
0.66875,0.08703117939448712
0.6689847009735744,0.0869408043380027
0.6687543493389004,0.0868504292815183
0.6689895470383276,0.0867600542250339
0.6692254012561061,0.08666967916854948
0.6694619147449337,0.08657930411206508
0.6696990902729181,0.08648892905558066
0.6699369306236861,0.08639855399909625
0.6697054698457223,0.08630817894261184
0.6699438202247191,0.08621780388612743
0.6697118763176388,0.08612742882964301
0.6694796061884669,0.08603705377315861
0.6697183098591549,0.0859466787166742
0.6699576868829337,0.08585630366018979
0.6701977401129944,0.08576592860370538
0.6704384724186704,0.08567555354722096
0.670205237084218,0.08558517849073656
0.669971671388102,0.08549480343425214
0.6697377746279235,0.08540442837776774
0.6695035460992907,0.08531405332128332
0.6697443181818182,0.08522367826479892
0.6695095948827292,0.08513330320831451
0.6697508896797153,0.0850429281518301
0.6699928724162509,0.08495255309534569
0.6702355460385439,0.08486217803886127
0.6704789135096497,0.08477180298237687
0.670722977809592,0.08468142792589245
0.6709677419354839,0.08459105286940805
0.6712132089016511,0.08450067781292363
0.6709770114942529,0.08441030275643922
0.6707404744787923,0.08431992769995482
0.6709863210943124,0.0842295526434704
0.6712328767123288,0.084139177586986
0.6714801444043321,0.08404880253050158
0.6717281272595806,0.08395842747401717
0.6714905933429812,0.08386805241753276
0.6712527154236061,0.08377767736104835
0.6710144927536232,0.08368730230456393
0.6707759245830311,0.08359692724807953
0.6705370101596516,0.08350655219159513
0.6702977487291213,0.08341617713511071
0.6700581395348837,0.0833258020786263
0.6698181818181819,0.08323542702214189
0.6695778748180495,0.08314505196565748
0.6693372177713037,0.08305467690917306
0.6695842450765864,0.08296430185268866
0.6693430656934306,0.08287392679620424
0.6695906432748538,0.08278355173971984
0.6698389458272328,0.08269317668323543
0.6695970695970695,0.08260280162675102
0.6698459280997799,0.08251242657026661
0.6696035242290749,0.0824220515137822
0.6698529411764705,0.08233167645729779
0.6696100073583517,0.08224130140081337
0.6698599852616065,0.08215092634432897
0.6701107011070111,0.08206055128784455
0.6698670605612999,0.08197017623136015
0.6701183431952663,0.08187980117487574
0.6698741672834937,0.08178942611839132
0.670126019273536,0.08169905106190692
0.6703786191536748,0.0816086760054225
0.6701337295690936,0.0815183009489381
0.6698884758364312,0.08142792589245368
0.6696428571428571,0.08133755083596927
0.6698956780923994,0.08124717577948486
0.6696495152870992,0.08115680072300045
0.6694029850746268,0.08106642566651605
0.6691560866318148,0.08097605061003163
0.6694091249065071,0.08088567555354723
0.6691616766467066,0.08079530049706281
0.6689138576779026,0.0807049254405784
0.6691672918229558,0.08061455038409399
0.6694214876033058,0.08052417532760958
0.6691729323308271,0.08043380027112516
0.6689240030097818,0.08034342521464076
0.6691785983421251,0.08025305015815636
0.6689291101055806,0.08016267510167194
0.6686792452830189,0.08007230004518753
0.6689342403628118,0.07998192498870312
0.6691900075700227,0.07989154993221871
0.668939393939394,0.0798011748757343
0.66868840030326,0.07971079981924989
0.6689445709946849,0.07962042476276547
0.668693009118541,0.07953004970628107
0.6689497716894978,0.07943967464979666
0.6692073170731707,0.07934929959331224
0.6694656488549618,0.07925892453682784
0.6697247706422018,0.07916854948034342
0.6694720734506503,0.07907817442385902
0.6697318007662836,0.0789877993673746
0.6694785276073619,0.0788974243108902
0.6697388632872504,0.07880704925440578
0.6694850115295926,0.07871667419792137
0.6697459584295612,0.07862629914143697
0.6700077101002313,0.07853592408495255
0.6702702702702703,0.07844554902846815
0.6700154559505409,0.07835517397198373
0.6697602474864656,0.07826479891549933
0.6700232378001549,0.07817442385901491
0.6697674418604651,0.0780840488025305
0.6700310559006211,0.07799367374604609
0.6702954898911353,0.07790329868956168
0.6700389105058365,0.07781292363307728
0.6697819314641744,0.07772254857659286
0.6695245518316446,0.07763217352010846
0.6692667706708268,0.07754179846362404
0.6690085870413739,0.07745142340713963
0.6692728694292416,0.07736104835065521
0.6690140845070423,0.07727067329417081
0.6692789968652038,0.07718029823768639
0.6695447409733124,0.07708992318120199
0.6698113207547169,0.07699954812471758
0.6700787401574804,0.07690917306823317
0.6703470031545742,0.07681879801174876
0.6706161137440758,0.07672842295526434
0.6708860759493671,0.07663804789877994
0.6711568938193344,0.07654767284229552
0.6714285714285714,0.07645729778581112
0.6717011128775835,0.0763669227293267
0.6714399363564041,0.0762765476728423
0.6717131474103586,0.07618617261635789
0.6719872306464485,0.07609579755987347
0.6722621902478018,0.07600542250338907
0.6725380304243395,0.07591504744690465
0.6728147554129912,0.07582467239042025
0.6730923694779116,0.07573429733393583
0.6733708769107,0.07564392227745143
0.6736502820306205,0.07555354722096701
0.6739305891848265,0.0754631721644826
0.6742118027485853,0.0753727971079982
0.6739482200647249,0.07528242205151378
0.6742301458670988,0.07519204699502938
0.674512987012987,0.07510167193854496
0.6742485783915516,0.07501129688206055
0.6745321399511798,0.07492092182557614
0.6748166259168704,0.07483054676909173
0.6751020408163265,0.07474017171260731
0.6753883892068684,0.07464979665612291
0.6756756756756757,0.0745594215996385
0.6754098360655738,0.07446904654315409
0.6756978653530378,0.07437867148666968
0.6759868421052632,0.07428829643018527
0.6762767710049423,0.07419792137370086
0.6760098928277,0.07410754631721644
0.6763005780346821,0.07401717126073204
0.6760330578512397,0.07392679620424762
0.6763245033112583,0.07383642114776322
0.676056338028169,0.07374604609127881
0.6763485477178424,0.0736556710347944
0.6766417290108063,0.07356529597830999
0.6769358867610324,0.07347492092182557
0.6769616026711185,0.07329417080885675
0.677257525083612,0.07320379575237235
0.6775544388609716,0.07311342069588793
0.6778523489932886,0.07302304563940352
0.6784511784511784,0.0728422955264347
0.6781802864363943,0.0727519204699503
0.6779089376053963,0.07266154541346588
0.6782094594594594,0.07257117035698148
0.6785109983079526,0.07248079530049706
0.6782387806943269,0.07239042024401265
0.6779661016949152,0.07230004518752824
0.6782682512733447,0.07220967013104383
0.6779949022939677,0.07211929507455943
0.6782978723404255,0.07202892001807501
0.6783276450511946,0.07184816990510619
0.6786324786324787,0.07175779484862178
0.6789383561643836,0.07166741979213737
0.6792452830188679,0.07157704473565296
0.679553264604811,0.07148666967916854
0.6792777300085985,0.07139629462268414
0.6790017211703959,0.07130591956619974
0.6793103448275862,0.07121554450971532
0.6796200345423143,0.07112516945323091
0.6793431287813311,0.0710347943967465
0.6796536796536796,0.07094441934026209
0.6799653078924545,0.07085404428377767
0.6796875,0.07076366922729327
0.6794092093831451,0.07067329417080885
0.679721496953873,0.07058291911432445
0.6800348735832606,0.07049254405784004
0.6794759825327511,0.07031179394487122
0.6791958041958042,0.0702214188883868
0.6795096322241682,0.0701310438319024
0.6798245614035088,0.07004066877541798
0.6795434591747147,0.06995029371893358
0.679261862917399,0.06985991866244916
0.6789797713280563,0.06976954360596475
0.6786971830985915,0.06967916854948035
0.6784140969162996,0.06958879349299593
0.6781305114638448,0.06949841843651153
0.677846425419241,0.06940804338002711
0.6775618374558304,0.0693176683235427
0.6772767462422635,0.06922729326705829
0.6769911504424779,0.06913691821057388
0.6767050487156776,0.06904654315408947
0.6770186335403726,0.06895616809760506
0.6767317939609236,0.06886579304112066
0.6764444444444444,0.06877541798463624
0.6758682101513802,0.06859466787166742
0.6761819803746655,0.06850429281518301
0.6758928571428572,0.0684139177586986
0.6762075134168157,0.06832354270221419
0.6765232974910395,0.06823316764572977
0.6765498652291105,0.06805241753276096
0.6768676867686768,0.06796204247627655
0.6771866546438232,0.06787166741979214
0.6775067750677507,0.06778129236330772
0.6778280542986426,0.06769091730682332
0.6781504986400725,0.0676005422503389
0.6787989080982711,0.06741979213737008
0.6791248860528715,0.06732941708088568
0.6794520547945205,0.06723904202440127
0.6791590493601463,0.06714866696791685
0.6788655077767612,0.06705829191143245
0.6791934005499541,0.06696791685494803
0.6795224977043158,0.06687754179846363
0.6792279411764706,0.06678716674197921
0.6795580110497238,0.0666967916854948
0.6798892988929889,0.06660641662901039
0.6795937211449676,0.06651604157252598
0.6792975970425139,0.06642566651604158
0.6796296296296296,0.06633529145955716
0.6793327154772938,0.06624491640307276
0.6796657381615598,0.06615454134658834
0.68,0.06606416629010393
0.6803355079217148,0.06597379123361952
0.6800373134328358,0.06588341617713511
0.6797385620915033,0.0657930411206507
0.6800748362956034,0.06570266606416629
0.6804123711340206,0.06561229100768189
0.6801125703564728,0.06552191595119747
0.6804511278195489,0.06543154089471306
0.6807909604519774,0.06534116583822865
0.6811320754716981,0.06525079078174424
0.6814744801512287,0.06516041572525982
0.6818181818181818,0.06507004066877542
0.6821631878557874,0.064979665612291
0.6818613485280152,0.0648892905558066
0.6815589353612167,0.0647989154993222
0.6819047619047619,0.06470854044283778
0.6816015252621545,0.06461816538635337
0.6812977099236641,0.06452779032986895
0.6809933142311366,0.06443741527338455
0.6813397129186602,0.06434704021690013
0.6810344827586207,0.06425666516041573
0.6813819577735125,0.06416629010393131
0.6814244465832531,0.0639855399909625
0.6817743490838959,0.06389516493447808
0.6814671814671814,0.06380478987799368
0.6811594202898551,0.06371441482150926
0.6815101645692159,0.06362403976502486
0.6818622696411252,0.06353366470854044
0.6822157434402333,0.06344328965205603
0.6819066147859922,0.06335291459557162
0.682261208576998,0.06326253953908721
0.6826171875,0.06317216448260281
0.6823069403714564,0.06308178942611839
0.682664054848188,0.06299141436963399
0.6823529411764706,0.06290103931314957
0.6827111984282908,0.06281066425666516
0.6830708661417323,0.06272028920018075
0.6827586206896552,0.06262991414369634
0.682806324110672,0.06244916403072752
0.6824925816023739,0.06235878897424311
0.6818632309217046,0.062178038861274286
0.6822244289970208,0.062087663804789875
0.6819085487077535,0.06199728874830547
0.6822709163346613,0.06190691369182106
0.6819541375872383,0.06181653863533665
0.6823176823176823,0.06172616357885224
0.6826826826826827,0.061635788522367826
0.683049147442327,0.061545413465883415
0.6827309236947792,0.061455038409399004
0.6830985915492958,0.06136466335291459
0.6827794561933535,0.06127428829643018
0.6824596774193549,0.06118391323994578
0.6828282828282828,0.06109353818346137
0.6825075834175935,0.061003163126976956
0.6821862348178138,0.060912788070492545
0.6818642350557245,0.060822413014008134
0.682233502538071,0.06073203795752372
0.6826042726347915,0.06064166290103931
0.6822810590631364,0.0605512878445549
0.6826530612244898,0.06046091278807049
0.6830265848670757,0.060370537731586085
0.6827021494370522,0.060280162675101674
0.6823770491803278,0.06018978761861726
0.6827515400410678,0.06009941256213285
0.6835051546391753,0.05991866244916403
0.6831785345717234,0.05982828739267962
0.6828512396694215,0.05973791233619521
0.6825232678386763,0.0596475372797108
0.6821946169772257,0.05955716222322639
0.6825726141078838,0.05946678716674198
0.682952182952183,0.05937641211025757
0.6826222684703434,0.05928603705377316
0.6830031282586028,0.05919566199728875
0.6833855799373041,0.05910528694080434
0.6830543933054394,0.059014911884319926
0.6834381551362684,0.058924536827835515
0.683105981112277,0.058834161771351104
0.6834910620399579,0.0587437867148667
0.6831578947368421,0.05865341165838229
0.6835443037974683,0.05856303660189788
0.6839323467230444,0.05847266154541347
0.6835978835978836,0.058382286488929055
0.6839872746553552,0.058291911432444644
0.6836518046709129,0.05820153637596023
0.6844349680170576,0.05802078626299141
0.6848290598290598,0.05793041120650701
0.6852248394004282,0.057840036150022596
0.684887459807074,0.057749661093538185
0.6845493562231759,0.057659286037053774
0.6849462365591398,0.05756891098056936
0.6853448275862069,0.05747853592408495
0.6850053937432579,0.05738816086760054
0.6846652267818575,0.05729778581111613
0.6843243243243243,0.05720741075463172
0.6851248642779587,0.0570266606416629
0.6855277475516867,0.05693628558517849
0.6851851851851852,0.05684591052869408
0.6855895196506551,0.05675553547220967
0.6859956236323851,0.05666516041572526
0.6864035087719298,0.05657478535924085
0.686059275521405,0.05648441030275644
0.6864686468646864,0.056394035246272026
0.6868798235942668,0.05630366018978762
0.687292817679558,0.05621328513330321
0.6877076411960132,0.0561229100768188
0.6873614190687362,0.05603253502033439
0.6870144284128746,0.05594215996384998
0.6874304783092324,0.055851784907365566
0.6878483835005574,0.055761409850881155
0.6882681564245811,0.055671034794396744
0.6879194630872483,0.05558065973791233
0.6883408071748879,0.05549028468142793
0.6879910213243546,0.05539990962494352
0.6876404494382022,0.05530953456845911
0.6880630630630631,0.055219159511974696
0.6877113866967306,0.055128784455490284
0.688135593220339,0.05503840939900587
0.6885617214043035,0.05494803434252146
0.6886363636363636,0.05476728422955264
0.6890660592255126,0.054676909173068236
0.6887115165336374,0.054586534116583825
0.6891428571428572,0.054496159060099414
0.6892201834862385,0.05431540894713059
0.6896551724137931,0.05422503389064618
0.6900921658986175,0.05413465883416177
0.6897347174163783,0.05404428377767736
0.6901734104046243,0.05395390872119295
0.6906141367323291,0.05386353366470854
0.6910569105691057,0.05377315860822413
0.6906976744186046,0.05368278355173972
0.6911421911421911,0.05359240849525531
0.6915887850467289,0.0535020334387709
0.6920374707259953,0.05341165838228649
0.6924882629107981,0.05332128332580208
0.6921269095182139,0.053230908269317666
0.6925795053003534,0.053140533212833255
0.6922169811320755,0.05305015815634885
0.69185360094451,0.05295978309986444
0.6923076923076923,0.05286940804338003
0.6927639383155397,0.05277903298689562
0.6923990498812351,0.052688657930411206
0.6920332936979786,0.052598282873926795
0.6921241050119332,0.05241753276095797
0.6917562724014337,0.05232715770447356
0.6922155688622754,0.05223678264798916
0.6919374247894103,0.051965657478535925
0.6924004825090471,0.051875282422051514
0.6920289855072463,0.0517849073655671
0.6916565900846433,0.05169453230908269
0.6921212121212121,0.05160415725259828
0.691747572815534,0.05151378219611387
0.6913730255164034,0.051423407139629465
0.6918392204628502,0.051333032083145054
0.6923076923076923,0.05124265702666064
0.6919315403422983,0.05115228197017623
0.6920245398773006,0.05097153185720741
0.6916461916461917,0.050881156800723
0.6912669126691267,0.05079078174423859
0.6908866995073891,0.050700406687754176
0.6905055487053021,0.05061003163126977
0.6905940594059405,0.05042928151830095
0.6902106567534076,0.05033890646181654
0.6906832298136646,0.05024853140533213
0.6902985074626866,0.05015815634884772
0.6907730673316709,0.050067781292363306
0.69125,0.049977406235878895
0.6917293233082706,0.049887031179394484
0.6913425345043914,0.04979665612291008
0.6909547738693468,0.04970628106642567
0.690566037735849,0.04961590600994126
0.690176322418136,0.049525530953456846
0.6897856242118537,0.049435155896972435
0.6902654867256637,0.049344780840488024
0.6907477820025348,0.04925440578400361
0.6899618805590851,0.04907365567103479
0.6895674300254453,0.04898328061455039
0.689171974522293,0.048892905558065976
0.6887755102040817,0.048802530501581565
0.6892583120204604,0.048712155445097154
0.6897435897435897,0.04862178038861274
0.6902313624678663,0.04853140533212833
0.6907216494845361,0.04844103027564392
0.6903225806451613,0.04835065521915951
0.689922480620155,0.0482602801626751
0.6895213454075032,0.048169905106190694
0.6900129701686122,0.04807953004970628
0.6896103896103896,0.04798915499322187
0.6892067620286085,0.04789877993673746
0.6897001303780965,0.04780840488025305
0.6892950391644909,0.04771802982376864
0.6888888888888889,0.04762765476728423
0.6884816753926701,0.04753727971079982
0.6889763779527559,0.047446904654315405
0.6885676741130092,0.047356529597831
0.689064558629776,0.04726615454134659
0.6895640686922061,0.04717577948486218
0.6891534391534392,0.04708540442837777
0.6887417218543046,0.04699502937189336
0.6883289124668435,0.046904654315408946
0.6879150066401063,0.046814279258924535
0.6875,0.046723904202440124
0.6870838881491345,0.04663352914595572
0.6866666666666666,0.04654315408947131
0.6871657754010695,0.0464527790329869
0.6876675603217158,0.046362403976502486
0.687248322147651,0.046272028920018075
0.6868279569892473,0.046181653863533664
0.6864064602960969,0.04609127880704925
0.6859838274932615,0.04600090375056484
0.6860622462787551,0.04582015363759603
0.6856368563685636,0.045729778581111616
0.6852103120759837,0.045639403524627205
0.6847826086956522,0.045549028468142794
0.6852861035422343,0.04545865341165838
0.684856753069577,0.04536827835517397
0.6844262295081968,0.04527790329868956
0.6839945280437757,0.04518752824220515
0.6835616438356165,0.04509715318572074
0.6840659340659341,0.045006778129236334
0.6845730027548209,0.04491640307275192
0.6850828729281768,0.04482602801626751
0.685595567867036,0.0447356529597831
0.6861111111111111,0.04464527790329869
0.6856745479833102,0.04455490284681428
0.6861924686192469,0.04446452779032987
0.6857541899441341,0.04437415273384546
0.6862745098039216,0.044283777677361046
0.6858345021037868,0.04419340262087664
0.6853932584269663,0.04410302756439223
0.6859154929577465,0.04401265250790782
0.685472496473907,0.04392227745142341
0.6845827439886846,0.043741527338454586
0.6841359773371105,0.043651152281970175
0.6846590909090909,0.043560777225485764
0.6842105263157895,0.04347040216900135
0.6837606837606838,0.04338002711251695
0.6833095577746077,0.04328965205603254
0.6828571428571428,0.04319927699954813
0.6824034334763949,0.043108901943063715
0.6829268292682927,0.043018526886579304
0.6824712643678161,0.04292815183009489
0.6829971181556196,0.04283777677361048
0.6825396825396826,0.04274740171712607
0.6820809248554913,0.04265702666064166
0.6816208393632417,0.042566651604157256
0.6811594202898551,0.042476276547672845
0.6816860465116279,0.042385901491188434
0.6812227074235808,0.04229552643470402
0.6807580174927114,0.04220515137821961
0.6812865497076024,0.0421147763217352
0.6808199121522694,0.04202440126525079
0.6808823529411765,0.04184365115228197
0.6814159292035398,0.04175327609579756
0.6819526627218935,0.04166290103931315
0.6814814814814815,0.04157252598282874
0.6810089020771514,0.04148215092634433
0.6805349182763745,0.04139177586985992
0.6800595238095238,0.04130140081337551
0.6795827123695977,0.0412110257568911
0.6791044776119403,0.041120650700406686
0.6796407185628742,0.041030275643922275
0.679160419790105,0.04093990058743787
0.6781954887218045,0.04075915047446905
0.677710843373494,0.04066877541798464
0.6772247360482655,0.040578400361500226
0.676737160120846,0.040488025305015815
0.6762481089258698,0.040397650248531404
0.6767830045523521,0.04030727519204699
0.6773211567732116,0.04021690013556258
0.676829268292683,0.04012652507907818
0.6763358778625954,0.04003615002259377
0.6758409785932722,0.039945774966109356
0.6753445635528331,0.039855399909624944
0.6748466257668712,0.03976502485314053
0.6753846153846154,0.03967464979665612
0.674884437596302,0.03958427474017171
0.6754250386398764,0.0394938996836873
0.6749226006191951,0.03940352462720289
0.6754658385093167,0.039313149570718485
0.6749611197511665,0.039222774514234074
0.6755070202808112,0.03913239945774966
0.6755485893416928,0.03895164934478084
0.6761006289308176,0.03886127428829643
0.6766561514195584,0.03877089923181202
0.6772151898734177,0.03868052417532761
0.6767036450079239,0.038590149118843196
0.6761904761904762,0.03849977406235879
0.6756756756756757,0.03840939900587438
0.6762360446570973,0.03831902394938997
0.6757188498402555,0.03822864889290556
0.6752,0.03813827383642115
0.6746794871794872,0.03804789877993674
0.6752411575562701,0.037957523723452326
0.6758064516129032,0.037867148666967915
0.6752827140549273,0.037776773610483504
0.6747572815533981,0.0376863985539991
0.6747967479674797,0.03750564844103028
0.6753670473083198,0.037415273384545866
0.6759410801963993,0.037324898328061455
0.6754098360655738,0.037234523271577044
0.6748768472906403,0.03714414821509263
0.6743421052631579,0.03705377315860822
0.6738056013179572,0.03696339810212381
0.6732673267326733,0.03687302304563941
0.6727272727272727,0.036782647989154996
0.6733001658374793,0.036692272932670585
0.6727574750830565,0.036601897876186174
0.6733333333333333,0.03651152281970176
0.672787979966611,0.03642114776321735
0.6722408026755853,0.03633077270673294
0.6716917922948074,0.03624039765024853
0.6711409395973155,0.03615002259376412
0.6705882352941176,0.036059647537279714
0.67003367003367,0.0359692724807953
0.6694915254237288,0.03569814731134207
0.6689303904923599,0.03560777225485766
0.6678023850085179,0.035427022141888836
0.6672354948805461,0.035336647085404425
0.6666666666666666,0.03524627202892002
0.666095890410959,0.03515589697243561
0.6655231560891939,0.0350655219159512
0.6660929432013769,0.03497514685946679
0.6655172413793103,0.03488477180298238
0.6649395509499136,0.034794396746497966
0.6655112651646448,0.034704021690013555
0.6649305555555556,0.034613646633529144
0.6655052264808362,0.03452327157704473
0.6649214659685864,0.03443289652056033
0.6643356643356644,0.03434252146407592
0.6637478108581436,0.034252146407591506
0.6631578947368421,0.034161771351107095
0.6619718309859155,0.03398102123813827
0.6613756613756614,0.03389064618165386
0.6607773851590106,0.03380027112516945
0.6601769911504425,0.03370989606868504
0.6595744680851063,0.033619521012200636
0.6589698046181173,0.033529145955716225
0.6583629893238434,0.033438770899231814
0.6571428571428571,0.03325802078626299
0.6565295169946332,0.03316764572977858
0.6570915619389587,0.03307727067329417
0.6564748201438849,0.03298689561680976
0.6558558558558558,0.03289652056032535
0.6552346570397112,0.03280614550384094
0.6557971014492754,0.03271577044735653
0.6563636363636364,0.03262539539087212
0.6557377049180327,0.03253502033438771
0.6551094890510949,0.0324446452779033
0.6544789762340036,0.03235427022141889
0.6538461538461539,0.03226389516493448
0.653211009174312,0.032173520108450065
0.6525735294117647,0.032083145051965654
0.6519337016574586,0.03199276999548125
0.6524953789279113,0.03190239493899684
0.6530612244897959,0.03181201988251243
0.6536312849162011,0.03172164482602802
0.6529850746268657,0.031631269769543606
0.6522556390977443,0.03136014460009037
0.6516007532956686,0.03126976954360596
0.6502835538752363,0.031089019430637143
0.6496212121212122,0.030998644374152735
0.6501901140684411,0.030908269317668324
0.648854961832061,0.030727519204699502
0.6481835564053537,0.03063714414821509
0.6475095785440613,0.030546769091730683
0.6468330134357005,0.030456394035246272
0.6461538461538462,0.03036601897876186
0.6460348162475822,0.030185268865793043
0.6446601941747573,0.03000451875282422
0.6439688715953308,0.02991414369633981
0.64453125,0.0298237686398554
0.6438356164383562,0.02973339358337099
0.6431372549019608,0.02964301852688658
0.6424361493123772,0.02955264347040217
0.6417322834645669,0.029462268413917757
0.642292490118577,0.02937189335743335
0.6415841584158416,0.02928151830094894
0.6408730158730159,0.029191143244464528
0.642,0.029010393131495706
0.6405622489959839,0.028829643018526887
0.6411290322580645,0.028739267962042476
0.6404040404040404,0.028648892905558065
0.6396761133603239,0.028558517849073657
0.639511201629328,0.028377767736104835
0.6400817995910021,0.028287392679620424
0.6406570841889117,0.028197017623136013
0.6412371134020619,0.028106642566651605
0.6418219461697723,0.028016267510167194
0.6416666666666667,0.027835517397198372
0.6409185803757829,0.027745142340713964
0.6415094339622641,0.027654767284229553
0.6407563025210085,0.027564392227745142
0.6413502109704642,0.02747401717126073
0.6419491525423728,0.02738364211477632
0.6404255319148936,0.0272028920018075
0.6388888888888888,0.02702214188883868
0.6381156316916489,0.02693176683235427
0.6373390557939914,0.02684139177586986
0.6365591397849463,0.02675101671938545
0.6371490280777538,0.02666064166290104
0.6363636363636364,0.026570266606416627
0.6367614879649891,0.026299141436963398
0.6359649122807017,0.026208766380478987
0.6363636363636364,0.025937641211025757
0.6369710467706013,0.025847266154541346
0.6361607142857143,0.025756891098056935
0.6353467561521253,0.025666516041572527
0.6359550561797753,0.025576140985088116
0.6351351351351351,0.025485765928603705
0.6343115124153499,0.025395390872119294
0.6334841628959276,0.025305015815634886
0.6326530612244898,0.025214640759150475
0.6318181818181818,0.025124265702666064
0.631578947368421,0.024943515589697242
0.6327944572748267,0.024762765476728423
0.6310904872389791,0.0245820153637596
0.6308411214953271,0.024401265250790782
0.629976580796253,0.02431089019430637
0.6291079812206573,0.02422051513782196
0.6282352941176471,0.02413014008133755
0.6279620853080569,0.02394938996836873
0.6285714285714286,0.02385901491188432
0.6304347826086957,0.02358788974243109
0.6295399515738499,0.02349751468594668
0.6277372262773723,0.02331676457297786
0.628361858190709,0.02322638951649345
0.628992628992629,0.023136014460009038
0.6280788177339901,0.023045639403524627
0.6277915632754343,0.022864889290555808
0.628428927680798,0.022774514234071397
0.6290726817042607,0.022684139177586986
0.6297229219143576,0.022593764121102575
0.6287878787878788,0.022503389064618167
0.6278481012658228,0.022413014008133756
0.6269035532994924,0.022322638951649345
0.6275510204081632,0.022232263895164934
0.6272493573264781,0.022051513782196115
0.627906976744186,0.021961138725711704
0.6266318537859008,0.021690013556258474
0.6272965879265092,0.021599638499774063
0.626984126984127,0.02141888838680524
0.6259946949602122,0.02132851333032083
0.6266666666666667,0.021238138273836422
0.6256684491978609,0.02114776321735201
0.6226415094339622,0.02087663804789878
0.6233062330623306,0.02078626299141437
0.6222826086956522,0.02069588793492996
0.6219178082191781,0.020515137821961137
0.6225895316804407,0.02042476276547673
0.6222222222222222,0.020244012652507908
0.6211699164345403,0.020153637596023496
0.6190476190476191,0.019972887483054678
0.6186440677966102,0.019792137370085856
0.6193181818181818,0.019701762313601445
0.62,0.019611387257117037
0.6195965417867435,0.019430637144148215
0.6202898550724638,0.019340262087663804
0.6209912536443148,0.019249887031179396
0.6217008797653959,0.019159511974694985
0.6205882352941177,0.019069136918210574
0.6194690265486725,0.018978761861726163
0.6183431952662722,0.018888386805241752
0.6144578313253012,0.018436511522819703
0.6139817629179332,0.01825576140985088
0.6146788990825688,0.01816538635336647
0.6130030959752322,0.01789426118391324
0.6118012422360248,0.01780388612742883
0.6105919003115264,0.017713511070944418
0.609375,0.01762313601446001
0.610062893081761,0.0175327609579756
0.6107594936708861,0.01744238590149119
0.60828025477707,0.017261635788522366
0.6084142394822006,0.016990510619069137
0.6071428571428571,0.016900135562584725
0.6078431372549019,0.016809760506100318
0.6059602649006622,0.016538635336647085
0.6053511705685619,0.016357885223678266
0.6040268456375839,0.016267510167193855
0.6026936026936027,0.016177135110709444
0.6013513513513513,0.016086760054225033
0.6020408163265306,0.015996384997740625
0.6027397260273972,0.015906009941256214
0.6035087719298246,0.015544509715318571
0.6014234875444839,0.015273384545865342
0.6014492753623188,0.01500225937641211
0.6007326007326007,0.01482150926344329
0.6022304832713755,0.01464075915047447
0.602996254681648,0.014550384093990058
0.6007604562737643,0.014279258924536829
0.6,0.014098508811568006
0.5984555984555985,0.014008133755083597
0.6,0.013827383642114777
0.6007905138339921,0.013737008585630366
0.5992063492063492,0.013646633529145956
0.6,0.013556258472661545
0.6008064516129032,0.013465883416177136
0.6016260162601627,0.013375508359692725
0.6024590163934426,0.013285133303208314
0.6008230452674898,0.013194758246723904
0.5975103734439834,0.013014008133755084
0.5958333333333333,0.012923633077270673
0.5941422594142259,0.012833258020786264
0.5949367088607594,0.012742882964301852
0.594017094017094,0.012562132851333032
0.5948275862068966,0.012471757794848621
0.5930735930735931,0.012381382738364212
0.5921052631578947,0.012200632625395391
0.5929203539823009,0.01211025756891098
0.5945945945945946,0.01192950745594216
0.5954545454545455,0.01183913239945775
0.5963302752293578,0.01174875734297334
0.5972222222222222,0.01165838228648893
0.5934579439252337,0.011477632173520108
0.5915492957746479,0.011387257117035698
0.5924170616113744,0.011296882060551287
0.5942028985507246,0.011116131947582467
0.5922330097087378,0.011025756891098058
0.5902439024390244,0.010935381834613647
0.5911330049261084,0.010845006778129237
0.59,0.010664256665160415
0.5909090909090909,0.010573881608676006
0.5918367346938775,0.010483506552191595
0.59375,0.010302756439222774
0.5947368421052631,0.010212381382738365
0.5957446808510638,0.010122006326253954
0.5967741935483871,0.010031631269769544
0.5978260869565217,0.009941256213285133
0.5989010989010989,0.009850881156800722
0.601123595505618,0.009670131043831902
0.5988700564971752,0.009579755987347493
0.5965909090909091,0.009489380930863081
0.5988372093023255,0.009308630817894261
0.6,0.009218255761409852
0.6011904761904762,0.00912788070492544
0.6024096385542169,0.00903750564844103
0.6036585365853658,0.00894713059195662
0.6049382716049383,0.008856755535472209
0.6024844720496895,0.0087663804789878
0.6037735849056604,0.008676005422503389
0.6050955414012739,0.00858563036601898
0.6064516129032258,0.008495255309534568
0.6078431372549019,0.008404880253050159
0.6052631578947368,0.008314505196565748
0.6066666666666667,0.008224130140081337
0.6081081081081081,0.008133755083596927
0.6095890410958904,0.008043380027112516
0.6068965517241379,0.007953004970628107
0.6083916083916084,0.007862629914143696
0.6099290780141844,0.007772254857659286
0.6115107913669064,0.0076818798011748755
0.6131386861313869,0.007591504744690465
0.6090225563909775,0.007320379575237235
0.6124031007751938,0.007139629462268414
0.6141732283464567,0.007049254405784003
0.616,0.006958879349299593
0.6129032258064516,0.006868504292815183
0.6147540983606558,0.006778129236330773
0.6206896551724138,0.006507004066877542
0.6228070175438597,0.006416629010393132
0.625,0.0063262539539087215
0.6238532110091743,0.0061455038409399
0.6261682242990654,0.00605512878445549
0.6310679611650486,0.00587437867148667
0.6274509803921569,0.005784003615002259
0.6354166666666666,0.005512878445549029
0.6382978723404256,0.005422503389064619
0.6344086021505376,0.0053321283325802075
0.6373626373626373,0.005241753276095797
0.6404494382022472,0.005151378219611387
0.6363636363636364,0.005061003163126977
0.6395348837209303,0.004970628106642567
0.6352941176470588,0.0048802530501581565
0.6341463414634146,0.004699502937189336
0.6375,0.004609127880704926
0.6410256410256411,0.004518752824220515
0.6447368421052632,0.0044283777677361046
0.6486486486486487,0.004338002711251694
0.647887323943662,0.004157252598282874
0.6376811594202898,0.0039765024853140535
0.6268656716417911,0.0037957523723452327
0.6349206349206349,0.0036150022593764122
0.6290322580645161,0.0035246272028920016
0.6379310344827587,0.003343877089923181
0.6481481481481481,0.0031631269769543608
0.6415094339622641,0.00307275192046995
0.6470588235294118,0.00298237686398554
0.64,0.0028920018075011297
0.6458333333333334,0.0028016267510167195
0.6363636363636364,0.0025305015815634884
0.6190476190476191,0.002349751468594668
0.631578947368421,0.002169001355625847
0.6451612903225806,0.0018075011296882061
0.6551724137931034,0.0017171260732037957
0.6538461538461539,0.001536375960234975
0.64,0.0014460009037505649
0.625,0.0013556258472661546
0.631578947368421,0.0010845006778129236
0.6111111111111112,0.0009941256213285134
0.6,0.0008133755083596927
0.6153846153846154,0.0007230004518752824
0.6363636363636364,0.0006326253953908721
0.6666666666666666,0.0005422503389064618
0.625,0.00045187528242205153
0.6666666666666666,0.0003615002259376412
0.75,0.0002711251694532309
1.0,0.0001807501129688206
1.0,9.03750564844103e-05
1.0,0.0
