precision,recall
0.6648041336217255,1.0
0.6648239394303569,0.9999096249435155
0.6648037978486869,0.9998192498870312
0.664823607187932,0.9997288748305467
0.664843421289896,0.9996384997740624
0.6648632401562969,0.9995481247175779
0.6648830637888535,0.9994577496610936
0.6649028921892851,0.9993673746046091
0.6649227253593121,0.9992769995481248
0.6649425633006556,0.9991866244916403
0.6649624060150376,0.9990962494351558
0.6649822535041809,0.9990058743786715
0.6650021057698092,0.998915499322187
0.665021962813647,0.9988251242657027
0.6650418246374196,0.9987347492092182
0.6650616912428529,0.9986443741527339
0.665081562631674,0.9985539990962494
0.6651014388056108,0.9984636240397651
0.6651213197663917,0.9983732489832806
0.6651412055157464,0.9982828739267962
0.665161096055405,0.9981924988703118
0.6651809913870987,0.9981021238138273
0.6652008915125595,0.998011748757343
0.6651807228915663,0.9979213737008585
0.6652006265815158,0.9978309986443742
0.6652205350686913,0.9977406235878897
0.6652404483548271,0.9976502485314054
0.6652603664416586,0.9975598734749209
0.6652802893309222,0.9974694984184365
0.6653002170243549,0.9973791233619521
0.6653201495236947,0.9972887483054677
0.6653400868306801,0.9971983732489833
0.665360028947051,0.9971079981924988
0.6653398468126168,0.9970176231360145
0.6653597925085952,0.99692724807953
0.6653797430174337,0.9968368730230457
0.6653996983408748,0.9967464979665612
0.6654196584806613,0.9966561229100768
0.6653994689838282,0.9965657478535924
0.6654194327097164,0.996475372797108
0.6654394012554321,0.9963849977406236
0.6654593746227212,0.9962946226841392
0.6654793528133301,0.9962042476276548
0.6654993358290061,0.9961138725711703
0.6655193236714976,0.996023497514686
0.6655393163425535,0.9959331224582015
0.6655593138439236,0.9958427474017171
0.665579316177359,0.9957523723452327
0.6655591131516946,0.9956619972887483
0.6655791190864601,0.9955716222322639
0.6655991298567889,0.9954812471757795
0.6656191454644347,0.9953908721192951
0.6656391659111514,0.9953004970628107
0.6656591911986943,0.9952101220063263
0.6656792213288193,0.9951197469498418
0.6656590084643289,0.9950293718933574
0.6656992563032832,0.9950293718933574
0.6657192961238435,0.994938996836873
0.6657393407922588,0.9948486217803886
0.6657593903102885,0.9947582467239042
0.6657391725139125,0.9946678716674198
0.6657189522714899,0.9945774966109354
0.6657390041744812,0.994487121554451
0.6657590609305984,0.9943967464979666
0.665738835773932,0.9943063714414822
0.665758896151053,0.9942159963849977
0.6657386673122314,0.9941256213285133
0.6657789613848203,0.9941256213285133
0.665758731311664,0.9940352462720289
0.6657384987893462,0.9939448712155445
0.6657585664123986,0.9938544961590601
0.6657383302052431,0.9937641211025757
0.6657584014532243,0.9936737460460913
0.6657381615598886,0.9935833709896069
0.6657784775631321,0.9935833709896069
0.6657985585367331,0.9934929959331225
0.665778316172017,0.993402620876638
0.6657984007753817,0.9933122458201536
0.6658184902459712,0.9932218707636692
0.665838584585555,0.9931314957071848
0.6658183360601103,0.9930411206507004
0.665838434034301,0.992950745594216
0.6658585368810231,0.9928603705377316
0.6658786446020488,0.9927699954812472
0.6658583899127061,0.9926796204247628
0.6658987571991513,0.9926796204247628
0.6659188746741042,0.9925892453682783
0.6659389970286823,0.992498870311794
0.6659591242646613,0.9924084952553095
0.6659792563838176,0.9923181201988251
0.665958995511343,0.9922277451423407
0.6659387321807704,0.9921373700858563
0.6659184663916525,0.9920469950293719
0.6659385996845043,0.9919566199728875
0.6659587378640777,0.9918662449164031
0.6659384671399964,0.9917758698599186
0.6659181939555772,0.9916854948034343
0.665897918310372,0.9915951197469498
0.665877640203933,0.9915047446904655
0.6658573596358118,0.991414369633981
0.6658370766055602,0.9913239945774966
0.66581679111273,0.9912336195210122
0.6657965031568722,0.9911432444645278
0.6658166363084396,0.9910528694080434
0.6657963446475196,0.9909624943515589
0.6657760505222249,0.9908721192950746
0.6657961860804081,0.9907817442385901
0.6658163265306123,0.9906913691821058
0.6657960274555063,0.9906009941256213
0.6658161715570136,0.990510619069137
0.6658363205541041,0.9904202440126525
0.6658564744485629,0.9903298689561681
0.6658766332421756,0.9902394938996837
0.6658563267290628,0.9901491188431992
0.6658764891806467,0.9900587437867149
0.6658561789556866,0.9899683687302304
0.6658763450665693,0.9898779936737461
0.6658560311284046,0.9897876186172616
0.6658357147200097,0.9896972435607773
0.665815395840934,0.9896068685042928
0.6658355631233277,0.9895164934478085
0.6658557353120058,0.989426118391324
0.6658354114713217,0.9893357433348395
0.6658150851581508,0.9892453682783552
0.6657947563720421,0.9891549932218707
0.6658149297317029,0.9890646181653864
0.6657945972256023,0.9889742431089019
0.6658147742485092,0.9888838680524176
0.6658349561830574,0.9887934929959331
0.6658551430310408,0.9887031179394488
0.6658348043094527,0.9886127428829643
0.6658144631117604,0.9885223678264798
0.6658346523803725,0.9884319927699955
0.6658143074581431,0.988341617713511
0.665793960058451,0.9882512426570267
0.6657736101808439,0.9881608676005422
0.665753257824869,0.9880704925440579
0.6657329029900737,0.9879801174875734
0.6657125456760049,0.9878897424310891
0.6657327323669143,0.9877993673746046
0.6657123713224097,0.9877089923181201
0.665692007797271,0.9876186172616358
0.665712196905081,0.9875282422051513
0.6656918296472308,0.987437867148667
0.6657120224239839,0.9873474920921825
0.6657322201231032,0.9872571170356982
0.6657118478790833,0.9871667419792137
0.6657320492502743,0.9870763669227294
0.6657116732703444,0.9869859918662449
0.6657318783149424,0.9868956168097605
0.6657114985977319,0.9868052417532761
0.6657317073170732,0.9867148666967916
0.665711323861211,0.9866244916403073
0.6657315362566323,0.9865341165838228
0.6657111490607466,0.9864437415273385
0.6656907593778592,0.986353366470854
0.6656703672075149,0.9862629914143697
0.6656499725492588,0.9861726163578852
0.6656295754026355,0.9860822413014008
0.6656497864551556,0.9859918662449164
0.6656700024408103,0.985901491188432
0.6656496002929151,0.9858111161319476
0.665690223361406,0.9858111161319476
0.665669819957278,0.9857207410754631
0.6656900445583837,0.9856303660189788
0.66566963740691,0.9855399909624943
0.6656898656898657,0.98544961590601
0.6657100989131762,0.9853592408495255
0.6657303370786517,0.9852688657930411
0.6657505801881031,0.9851784907365567
0.665730165516399,0.9850881156800723
0.665709748350843,0.9849977406235879
0.6657299938912645,0.9849073655671035
0.6657502443792767,0.9848169905106191
0.6657704998166931,0.9847266154541346
0.6657500763825237,0.9846362403976503
0.6657907602053288,0.9846362403976503
0.6657703355130478,0.9845458653411658
0.6657499083241657,0.9844554902846814
0.6657294786382251,0.984365115228197
0.6657090464547677,0.9842747401717126
0.6656886117733358,0.9841843651152282
0.665668174593471,0.9840939900587438
0.6656884323795549,0.9840036150022594
0.6657086951204598,0.983913239945775
0.6657289628180039,0.9838228648892906
0.6657085193566142,0.9837324898328061
0.6656880733944954,0.9836421147763217
0.6657083435282604,0.9835517397198373
0.6656878938031443,0.9834613646633529
0.6656674415759207,0.9833709896068685
0.6656469868461303,0.9832806145503841
0.6656265296133137,0.9831902394938997
0.6656672581533378,0.9831902394938997
0.6656467996573247,0.9830998644374153
0.6656263386573649,0.9830094893809309
0.6656466123997796,0.9829191143244465
0.6656668911060782,0.982828739267962
0.6656464250734574,0.9827383642114776
0.6656259565350474,0.9826479891549932
0.6656054854903881,0.9825576140985088
0.6655850119390192,0.9824672390420244
0.6656052905517115,0.98237686398554
0.6655848132271892,0.9822864889290556
0.6655643333945741,0.9821961138725712
0.6655438510534052,0.9821057388160868
0.6655641308342521,0.9820153637596023
0.6655844155844156,0.981924988703118
0.6656047053057224,0.9818346136466335
0.665625,0.9817442385901491
0.6656045100802745,0.9816538635336647
0.6656248084819514,0.9815634884771803
0.6656451118602513,0.9814731134206959
0.6656246168934657,0.9813827383642115
0.6656041194139644,0.9812923633077271
0.6656449239823443,0.9812923633077271
0.6656244252345043,0.9812019882512426
0.6656039239730227,0.9811116131947583
0.665583420197437,0.9810212381382738
0.6656037284601705,0.9809308630817895
0.6655832209002821,0.980840488025305
0.665603532875368,0.9807501129688206
0.6655830215297798,0.9806597379123362
0.6656238498343762,0.9806597379123362
0.6656441717791411,0.9805693628558518
0.6656644987114984,0.9804789877993674
0.6656848306332842,0.9803886127428829
0.6656643142068119,0.9802982376863986
0.6656846498496287,0.9802078626299141
0.6656641296341763,0.9801174875734298
0.6656844689993862,0.9800271125169453
0.665663944993554,0.979936737460461
0.6656842880825198,0.9798463624039765
0.665704636168253,0.9797559873474921
0.6657249892525947,0.9796656122910077
0.6657453473373871,0.9795752372345232
0.6657657104244733,0.9794848621780389
0.665786078515697,0.9793944871215544
0.6658064516129032,0.9793041120650701
0.6657859161853262,0.9792137370085856
0.6658062930186824,0.9791233619521013
0.6657857537950955,0.9790329868956168
0.6658266748617087,0.9790329868956168
0.6658470617162527,0.9789426118391324
0.6658265199483617,0.978852236782648
0.6658469105441132,0.9787618617261635
0.6658673061550759,0.9786714866696792
0.6658467593161973,0.9785811116131947
0.6658262099501876,0.9784907365567104
0.6658466080324743,0.9784003615002259
0.6658670111336655,0.9783099864437416
0.6658874192556137,0.9782196113872571
0.6659078324001723,0.9781292363307728
0.665887275412257,0.9780388612742883
0.6659076923076923,0.9779484862178038
0.6658871315157856,0.9778581111613195
0.6659075521634763,0.977767736104835
0.6659279778393352,0.9776773610483507
0.6659484085452195,0.9775869859918662
0.6659278413988425,0.9774966109353819
0.6659072717197216,0.9774062358788974
0.6658866995073892,0.9773158608224131
0.6659071314201256,0.9772254857659286
0.6659275683665927,0.9771351107094441
0.6659069910686788,0.9770447356529598
0.6659274317747798,0.9769543605964753
0.6659478775183292,0.976863985539991
0.6659683283011892,0.9767736104835065
0.6659477446388957,0.9766832354270222
0.6659271584396377,0.9765928603705377
0.6659476117103236,0.9765024853140534
0.6659270216962525,0.9764121102575689
0.6659474787325854,0.9763217352010845
0.6659268849022871,0.9762313601446001
0.6659473457056538,0.9761409850881156
0.6659267480577137,0.9760506100316313
0.6659472126295017,0.9759602349751468
0.6659266111625038,0.9758698599186625
0.6659060071543111,0.975779484862178
0.6659264742166296,0.9756891098056937
0.6659058663870212,0.9755987347492092
0.6659263372200629,0.9755083596927248
0.6659468131054482,0.9754179846362404
0.6659262001727755,0.975327609579756
0.6659466798321402,0.9752372345232716
0.6659260630747392,0.9751468594667871
0.6659671645475868,0.9751468594667871
0.6659465465094747,0.9750564844103028
0.6659670350021606,0.9749661093538183
0.6659875285546706,0.974875734297334
0.6659669054087429,0.9747853592408495
0.6660080271688793,0.9747853592408495
0.6660285308466621,0.9746949841843651
0.6660490395898956,0.9746046091278807
0.6660284126003706,0.9745142340713963
0.6660077830625734,0.9744238590149119
0.666028294310249,0.9743334839584274
0.6660076609415544,0.9742431089019431
0.6660281759762728,0.9741527338454586
0.666007538775258,0.9740623587889743
0.6660486960820665,0.9740623587889743
0.6660280575984179,0.9739719837324898
0.6660074165636588,0.9738816086760054
0.6660279391766597,0.973791233619521
0.6660484668644906,0.9737008585630366
0.6660278207109738,0.9736104835065522
0.6660689996290342,0.9736104835065522
0.6660895374721741,0.9735201084500678
0.6660688887514686,0.9734297333935834
0.6660482374768089,0.973339358337099
0.666027583647721,0.9732489832806146
0.6660069272637308,0.9731586082241301
0.6660274650501051,0.9730682331676457
0.6660068048252397,0.9729778581111613
0.6659861420440485,0.9728874830546769
0.6660066823412943,0.9727971079981925
0.6660272277227722,0.9727067329417081
0.6660065598118695,0.9726163578852237
0.6660271089930061,0.9725259828287393
0.6660476632621479,0.9724356077722549
0.6660682226211849,0.9723452327157704
0.6660475482912332,0.972254857659286
0.6660268714011516,0.9721644826028016
0.6660474332776023,0.9720741075463172
0.6660680002477241,0.9719837324898328
0.6660473182212313,0.9718933574333484
0.6660678889990089,0.971802982376864
0.6660472031220963,0.9717126073203796
0.6660265146821955,0.9716222322638952
0.6660470879801735,0.9715318572074108
0.6660263956874651,0.9714414821509263
0.666046972795439,0.971351107094442
0.6660675550046483,0.9712607320379575
0.66608814231699,0.9711703569814731
0.6661087347343624,0.9710799819249887
0.6660880347179169,0.9709896068685043
0.6660673321346643,0.9708992318120199
0.6660879270788119,0.9708088567555355
0.6661085271317829,0.9707184816990511
0.6661291322954785,0.9706281066425666
0.6661497425718007,0.9705377315860823
0.6661703579626528,0.9704473565295978
0.6661496463581089,0.9703569814731134
0.6661702655745843,0.970266606416629
0.6661908899093956,0.9701762313601446
0.6662115193644489,0.9700858563036602
0.6661908013158712,0.9699954812471758
0.6661700806952203,0.9699051061906914
0.6661907126893469,0.9698147311342069
0.6662113498075252,0.9697243560777226
0.6661906240298044,0.9696339810212381
0.6661698956780924,0.9695436059647538
0.6661905353372252,0.9694532309082693
0.6661698031178188,0.9693628558517849
0.6661904466115908,0.9692724807953005
0.666211095235137,0.9691821057388161
0.6662317489903696,0.9690917306823317
0.6662110103144029,0.9690013556258472
0.6662316679095203,0.9689109805693629
0.6662523306401492,0.9688206055128784
0.6662937410653241,0.9688206055128784
0.6662729985082049,0.9687302304563941
0.6662936715156036,0.9686398553999096
0.6662729250854834,0.9685494803434253
0.6662936019399366,0.9684591052869408
0.6662728516353688,0.9683687302304564
0.6662935323383085,0.968278355173972
0.6662727781578457,0.9681879801174875
0.6662934627107048,0.9680976050610032
0.6662727046528988,0.9680072300045187
0.6662933930571109,0.9679168549480344
0.6662726311205127,0.9678264798915499
0.6662933233775122,0.9677361048350656
0.666272557560672,0.9676457297785811
0.6662932536718944,0.9675553547220967
0.6662724839733616,0.9674649796656123
0.6662931839402427,0.9673746046091278
0.6662724103585658,0.9672842295526435
0.6662931141825427,0.967193854496159
0.6663138231631383,0.9671034794396747
0.6662930443987795,0.9670131043831902
0.6662722630464566,0.9669227293267059
0.6662929745889388,0.9668323542702214
0.6663136912918899,0.9667419792137371
0.6662929047530056,0.9666516041572526
0.6663136253192947,0.9665612291007681
0.6663343510499097,0.9664708540442838
0.6663135593220338,0.9663804789877993
0.6663342889193569,0.966290103931315
0.6663134933000935,0.9661997288748305
0.6662926950885066,0.9661093538183462
0.6663134272534597,0.9660189787618617
0.6663341645885287,0.9659286037053774
0.6663757092088035,0.9659286037053774
0.6663549070956478,0.9658382286488929
0.6663341023882272,0.9657478535924084
0.6663548487683193,0.9656574785359241
0.6663756003243311,0.9655671034794396
0.6663963570581998,0.9654767284229553
0.6663755458515284,0.9653863533664708
0.6663963064636885,0.9652959783099865
0.6663754913583328,0.965205603253502
0.6663546736553101,0.9651152281970177
0.6663338533541342,0.9650248531405332
0.6663546152405917,0.9649344780840488
0.6663753823107171,0.9648441030275644
0.6663961545664523,0.9647537279710799
0.6663753277562742,0.9646633529145956
0.6663544983455079,0.9645729778581111
0.6663752731813924,0.9644826028016268
0.6663960532067695,0.9643922277451423
0.6663752185860604,0.964301852688658
0.6664168384235838,0.964301852688658
0.6663960024984384,0.9642114776321735
0.6664167916041979,0.9641211025756891
0.6664375859052856,0.9640307275192047
0.6664167447672602,0.9639403524627203
0.6664375429606949,0.9638499774062359
0.6664583463533529,0.9637596023497514
0.6664375,0.9636692272932671
0.66641665104069,0.9635788522367826
0.6664374570231919,0.9634884771802983
0.6664582682088153,0.9633981021238138
0.6664790845995123,0.9633077270673294
0.6664582291145573,0.963217352010845
0.666499906197236,0.963217352010845
0.6664790494058787,0.9631269769543606
0.6664998749061797,0.9630366018978762
0.6665207056174153,0.9629462268413918
0.6664998436033782,0.9628558517849074
0.6665415415415415,0.9628558517849074
0.6665623826805156,0.9627654767284229
0.6665415180526876,0.9626751016719386
0.6665623631015708,0.9625847266154541
0.6665832133692182,0.9624943515589697
0.6665623435152729,0.9624039765024853
0.6665414710485134,0.9623136014460009
0.6665205959684487,0.9622232263895165
0.6665414475331831,0.9621328513330321
0.6665623043206012,0.9620424762765477
0.6665831663326653,0.9619521012200632
0.6666040335713391,0.9618617261635789
0.6665831506420294,0.9617713511070944
0.6666040218004134,0.96168097605061
0.6665831349454956,0.9615906009941256
0.6665622454733413,0.9615002259376412
0.6665831192430604,0.9614098508811568
0.6665622258428374,0.9613194758246724
0.6665413298239017,0.961229100768188
0.6665204311857609,0.9611387257117036
0.6665413062554845,0.9610483506552192
0.666562186559679,0.9609579755987347
0.666541282678202,0.9608676005422503
0.6665621669070161,0.9607772254857659
0.6665830563742396,0.9606868504292815
0.6666039510818439,0.9605964753727971
0.6666248510318008,0.9605061003163127
0.6666457562260837,0.9604157252598283
0.666624843161857,0.9603253502033439
0.6666457522901242,0.9602349751468595
0.6666248352889502,0.960144600090375
0.6666457483526828,0.9600542250338906
0.6666666666666666,0.9599638499774062
0.6666875902328793,0.9598734749209218
0.666708519053299,0.9597830998644374
0.6667294531299052,0.959692724807953
0.666708526937084,0.9596023497514686
0.6667294649585531,0.9595119746949842
0.6667504082401708,0.9594215996384998
0.6667294767916588,0.9593312245820154
0.6667504240216094,0.9592408495255309
0.6667294886292248,0.9591504744690466
0.66670855060627,0.9590600994125621
0.6667295004712536,0.9589697243560777
0.6667504556023377,0.9588793492995933
0.6667714160015084,0.9587889742431089
0.6667504714016342,0.9586985991866245
0.6667295241687096,0.9586082241301401
0.6667714357555947,0.9586082241301401
0.66675048720689,0.9585178490736557
0.6667295360241419,0.9584274740171712
0.6667505030181087,0.9583370989606869
0.6667714752861276,0.9582467239042024
0.6667924528301887,0.958156348847718
0.6667714950625826,0.9580659737912336
0.6667505346584476,0.9579755987347492
0.6667295716172863,0.9578852236782648
0.6667505504875747,0.9577948486217804
0.6667715346378909,0.957704473565296
0.666750566322678,0.9576140985088115
0.6667295953684476,0.9575237234523272
0.666708621774701,0.9574333483958427
0.6667296072507553,0.9573429733393584
0.6667715742430919,0.9573429733393584
0.6667505980108271,0.9572525982828739
0.6667715940569127,0.9571622232263896
0.6667925953910087,0.9570718481699051
0.6668345822051508,0.9570718481699051
0.6668136020151133,0.9569814731134207
0.6668346139312256,0.9568910980569363
0.6668136297789254,0.9568007230004518
0.6668346456692913,0.9567103479439675
0.6668556668556669,0.956619972887483
0.6668766933400542,0.9565295978309987
0.6668977251244564,0.9564392227745142
0.6669187622108779,0.9563488477180299
0.6669398046013236,0.9562584726615454
0.6669188098840141,0.956168097605061
0.6669398562602447,0.9560777225485766
0.6669609079445145,0.9559873474920921
0.6669819649388321,0.9558969724356078
0.6670030272452069,0.9558065973791233
0.6670240948656491,0.955716222322639
0.66704516780217,0.9556258472661545
0.6670241625134061,0.9555354722096702
0.6670452394472838,0.9554450971531857
0.6670873296314992,0.9554450971531857
0.6670663217012683,0.9553547220967014
0.6670453111195255,0.9552643470402169
0.6670242978857683,0.9551739719837324
0.6670453828189106,0.9550835969272481
0.6670664730761947,0.9549932218707636
0.6670454545454545,0.9549028468142793
0.6670665488066675,0.9548124717577948
0.6670876483960596,0.9547220967013105
0.6670666245658352,0.954631721644826
0.6670877281626981,0.9545413465883417
0.6671088370917819,0.9544509715318572
0.6671299513551077,0.9543605964753727
0.6671089208996714,0.9542702214188884
0.6671300391760394,0.9541798463624039
0.6671511627906976,0.9540894713059196
0.6671722917456706,0.9539990962494351
0.6671934260429836,0.9539087211929508
0.6672145656846631,0.9538183461364663
0.6671935259530885,0.953727971079982
0.6671724835609509,0.9536375960234975
0.6672146696174518,0.9536375960234975
0.667235818630241,0.953547220967013
0.6672569729934855,0.9534568459105287
0.6672781327092163,0.9533664708540442
0.667257085020243,0.9532760957975599
0.6672360346681849,0.9531857207410754
0.6672571970895286,0.9530953456845911
0.6672361427486713,0.9530049706281066
0.6672783648674302,0.9530049706281066
0.6672995380039238,0.9529145955716223
0.6673207165010444,0.9528242205151378
0.6672996581845804,0.9527338454586534
0.6672785972020003,0.952643470402169
0.6672575335527982,0.9525530953456846
0.6672787134354818,0.9524627202892002
0.6672998986828774,0.9523723452327157
0.6673210892970234,0.9522819701762314
0.6673422852799594,0.9521915951197469
0.6673212136568062,0.9521012200632626
0.6673001393639935,0.9520108450067781
0.6672790624010136,0.9519204699502937
0.6672579827673594,0.9518300948938093
0.6672369004625229,0.9517397198373249
0.6672580951777454,0.9516493447808405
0.6672370088719899,0.951558969724356
0.6672159198935294,0.9514685946678717
0.6671948282418557,0.9513782196113872
0.6671737339164606,0.9512878445549029
0.6671526369168357,0.9511974694984184
0.6671738303537467,0.951107094441934
0.6671950291656099,0.9510167193854496
0.6672162333544706,0.9509263443289652
0.6672374429223744,0.9508359692724808
0.6672586578713687,0.9507455942159964
0.6672798782035017,0.950655219159512
0.6673011039208222,0.9505648441030276
0.6673223350253807,0.9504744690465432
0.6673435715192283,0.9503840939900587
0.6673224598591102,0.9502937189335743
0.6673013455191673,0.9502033438770899
0.6673225847403834,0.9501129688206055
0.6673438293550026,0.9500225937641211
0.6673650793650794,0.9499322187076367
0.6673863347726695,0.9498418436511523
0.6673652124214136,0.9497514685946679
0.6673440873872729,0.9496610935381835
0.6673653455284553,0.949570718481699
0.6673442164771645,0.9494803434252146
0.667323084741456,0.9493899683687302
0.6673019503208183,0.9492995933122458
0.6673443456162643,0.9492995933122458
0.6673656118947769,0.9492092182557614
0.6673444748046006,0.949118843199277
0.6673868835790544,0.949118843199277
0.6673657451541151,0.9490284681427926
0.66738702091146,0.9489380930863082
0.6673658784642766,0.9488477180298238
0.6673871582962492,0.9487573429733394
0.667429588657893,0.9487573429733394
0.6674084435401831,0.9486669679168549
0.6674508806511096,0.9486669679168549
0.6674297341981432,0.9485765928603705
0.6674510302721953,0.9484862178038861
0.6674298797939324,0.9483958427474017
0.6674511799503848,0.9483054676909173
0.6674724855270692,0.9482150926344329
0.6674513296857106,0.9481247175779485
0.6674301711522556,0.9480343425214641
0.6674514794782055,0.9479439674649797
0.667430316914853,0.9478535924084952
0.6674516293279023,0.9477632173520109
0.6674304627331169,0.9476728422955264
0.6674092934436665,0.947582467239042
0.6673881214590363,0.9474920921825576
0.6674094352836315,0.9474017171260732
0.6673882592639756,0.9473113420695888
0.6673670805475963,0.9472209670131044
0.6673883971215692,0.94713059195662
0.6673672143675965,0.9470402169001355
0.6673460289153557,0.9469498418436512
0.6673673482387413,0.9468594667871667
0.6674098611288062,0.9468594667871667
0.6673886729948397,0.9467690917306824
0.667410003185728,0.9466787166741979
0.6674313388134837,0.9465883416177135
0.6674101452969666,0.9464979665612291
0.6674526798801861,0.9464979665612291
0.6674314850223072,0.9464075915047447
0.6674740263879151,0.9464075915047447
0.6674953783387518,0.9463172164482603
0.6675167357347784,0.9462268413917758
0.6675380985780782,0.9461364663352915
0.6675594668707353,0.946046091278807
0.6675382653061225,0.9459557162223227
0.6675170610370559,0.9458653411658382
0.6675384320979779,0.9457749661093539
0.667517223781577,0.9456845910528694
0.6675598086124402,0.9456845910528694
0.6675811905825305,0.945594215996385
0.6675599795814191,0.9455038409399006
0.6675813656668794,0.9454134658834161
0.6675601506158657,0.9453230908269318
0.6675389328567781,0.9452327157704473
0.6675177123890981,0.945142340713963
0.6674964892123069,0.9450519656574785
0.667517875383044,0.9449615906009942
0.6675392670157068,0.9448712155445097
0.6675606641123882,0.9447808404880254
0.6675394341912,0.9446904654315409
0.667582066675182,0.9446904654315409
0.6675608354090822,0.9446000903750564
0.667603474706183,0.9446000903750564
0.6675822420951772,0.9445097153185721
0.6675610067714323,0.9444193402620876
0.6675397687344279,0.9443289652056033
0.6675185279836443,0.9442385901491188
0.6675399361022364,0.9441482150926345
0.6675613496932515,0.94405784003615
0.6675827687587882,0.9439674649796657
0.66762543943752,0.9439674649796657
0.667604193300946,0.9438770899231812
0.6676256233218258,0.9437867148666967
0.6676470588235294,0.9436963398102124
0.6676258072766801,0.9436059647537279
0.6676472469143697,0.9435155896972436
0.6676259913021233,0.9434252146407591
0.6676047329708986,0.9433348395842748
0.667583471920174,0.9432444645277903
0.6676049129989765,0.943154089471306
0.6676263595649392,0.9430637144148215
0.667647811620169,0.942973339358337
0.6676692691667733,0.9428829643018527
0.667648,0.9427925892453682
0.6676267281105991,0.9427022141888839
0.6676481884521828,0.9426118391323994
0.6676269124895974,0.9425214640759151
0.6676696542893726,0.9425214640759151
0.6676911256242797,0.9424310890194306
0.6677126024590164,0.9423407139629463
0.6676913224463656,0.9422503389064618
0.6676700397079544,0.9421599638499774
0.6676487542432589,0.942069588793493
0.6676702325283453,0.9419792137370085
0.6676917163175091,0.9418888386805242
0.66767042542286,0.9417984636240397
0.6676919133666539,0.9417080885675554
0.6676706183915412,0.9416177135110709
0.6676921104915722,0.9415273384545866
0.6676708114344315,0.9414369633981021
0.6677136081020447,0.9414369633981021
0.6677351112250786,0.9413465883416177
0.6677566198627941,0.9412562132851333
0.6677994357527571,0.9412562132851333
0.6677781340173132,0.9411658382286489
0.6677996536907587,0.9410754631721645
0.6678211788852543,0.94098508811568
0.6677998717126363,0.9408947130591957
0.6678214010777521,0.9408043380027112
0.6678429359681766,0.9407139629462269
0.667864476386037,0.9406235878897424
0.6678860223334617,0.940533212833258
0.6679075738125803,0.9404428377767736
0.6679291308255232,0.9403524627202892
0.6679506933744221,0.9402620876638048
0.6679722614614101,0.9401717126073204
0.6679938350886206,0.940081337550836
0.6679725130049451,0.9399909624943515
0.6679511881824021,0.9399005874378672
0.6679727646454265,0.9398102123813827
0.6679514357294276,0.9397198373248983
0.6679730163829104,0.9396294622684139
0.6679946025830495,0.9395390872119295
0.6679732682174527,0.9394487121554451
0.6679948586118252,0.9393583370989607
0.668037791631853,0.9393583370989607
0.668016454557141,0.9392679620424763
0.6680380560555412,0.9391775869859919
0.6680167148826743,0.9390872119295075
0.6680383205812384,0.938996836873023
0.6680599318371809,0.9389064618165386
0.6680815486526465,0.9388160867600542
0.6681031710297807,0.9387257117035698
0.6681247989707302,0.9386353366470854
0.6681464324776427,0.938544961590601
0.6681250804272294,0.9384545865341166
0.6681467181467181,0.9383642114776322
0.6681253619924062,0.9382738364211478
0.6681470039261118,0.9381834613646634
0.6681686514322498,0.9380930863081789
0.6681472898158878,0.9380027112516945
0.6681259254490439,0.9379123361952101
0.6681475758161097,0.9378219611387257
0.668169231759933,0.9377315860822413
0.6681478619268418,0.9376412110257569
0.6681695220919748,0.9375508359692725
0.668191187838186,0.9374604609127881
0.6682128591676331,0.9373700858563037
0.6681914825075704,0.9372797107998192
0.6681701030927835,0.9371893357433349
0.668191777290888,0.9370989606868504
0.6682134570765661,0.937008585630366
0.6682351424519789,0.9369182105738816
0.6682137562044737,0.9368278355173972
0.6682568334192883,0.9368278355173972
0.668235445812649,0.9367374604609128
0.668214055448098,0.9366470854044284
0.6682571410148945,0.9366470854044284
0.6682788418133746,0.936556710347944
0.6682574487295241,0.9364663352914595
0.6683005482102548,0.9364663352914595
0.6683222602077017,0.9363759602349752
0.6683653722100374,0.9363759602349752
0.6683439778078833,0.9362855851784907
0.6683657010129685,0.9361952101220063
0.6683874298251274,0.9361048350655219
0.6684091642465312,0.9360144600090375
0.6683877630050342,0.9359240849525531
0.6684095016782856,0.9358337098960687
0.6684312459651388,0.9357433348395843
0.6684529958677686,0.9356529597830998
0.6684747513883508,0.9355625847266155
0.6684965125290623,0.935472209670131
0.668475101724472,0.9353818346136467
0.6684968671274465,0.9352914595571622
0.6684754521963824,0.9352010845006778
0.6684972218632899,0.9351107094441934
0.6685189971568881,0.935020334387709
0.6684975767366721,0.9349299593312246
0.6684761535478868,0.9348395842747401
0.6685193562980676,0.9348395842747401
0.6685411414905307,0.9347492092182558
0.6685197155785391,0.9346588341617713
0.6685415050426687,0.934568459105287
0.6685200749983836,0.9344780840488025
0.6685418687358552,0.9343877089923182
0.6685636681109746,0.9342973339358337
0.668542232570172,0.9342069588793493
0.6685854731259298,0.9342069588793493
0.6685640362225097,0.9341165838228649
0.6685425965457016,0.9340262087663804
0.668564404476936,0.9339358337098961
0.6685862180524103,0.9338454586534116
0.6686080372743156,0.9337550835969273
0.668629862144845,0.9336647085404428
0.6686084142394823,0.9335743334839585
0.6685869635575118,0.933483958427474
0.6685655100983946,0.9333935833709897
0.6685440538615912,0.9333032083145052
0.6685225948465622,0.9332128332580207
0.6685444185444186,0.9331224582015364
0.6685662478953504,0.9330320831450519
0.6685447833689527,0.9329417080885676
0.6685666170088737,0.9328513330320831
0.6685451483352766,0.9327609579755988
0.6685884563062772,0.9327609579755988
0.6686103012633625,0.9326705829191143
0.6685888298561617,0.93258020786263
0.6685673556664291,0.9324898328061455
0.6685892035512928,0.932399457749661
0.6685677252106287,0.9323090826931767
0.6685462440858124,0.9322187076366922
0.6685247601763028,0.9321283325802079
0.6685466096201219,0.9320379575237234
0.6685684647302904,0.9319475824672391
0.6685469752966349,0.9318572074107546
0.6685688347059205,0.9317668323542703
0.6685906997859783,0.9316764572977858
0.6686125705390153,0.9315860822413013
0.6685910742086144,0.931495707184817
0.6685695750891988,0.9314053321283325
0.6686129492669002,0.9314053321283325
0.6685914487770064,0.9313149570718482
0.6685699454970153,0.9312245820153637
0.6685918234912395,0.9311342069588794
0.6685703160490623,0.9310438319023949
0.6685921983513987,0.9309534568459106
0.6686140863356054,0.9308630817894261
0.6685925733575695,0.9307727067329417
0.6686144656538112,0.9306823316764573
0.668592948509837,0.9305919566199728
0.6685714285714286,0.9305015815634885
0.6685499058380414,0.930411206507004
0.6685717997012405,0.9303208314505197
0.6685936992530043,0.9302304563940352
0.6686156044955499,0.9301400813375509
0.6686375154310961,0.9300497062810664
0.6686594320618624,0.929959331224582
0.6687028853652196,0.929959331224582
0.6686813543900696,0.9298689561680976
0.6686598206161446,0.9297785811116132
0.6686382840428989,0.9296882060551288
0.6686167446697868,0.9295978309986443
0.6686386685736575,0.92950745594216
0.6686605981794539,0.9294170808856755
0.6686825334894004,0.9293267058291912
0.6687044745057232,0.9292363307727067
0.6687264212306492,0.9291459557162223
0.6687048721784947,0.9290555806597379
0.6687268232385661,0.9289652056032535
0.6687487800117119,0.9288748305467691
0.6687272254034358,0.9287844554902847
0.6687056679898484,0.9286940804338003
0.6687276277253498,0.9286037053773158
0.6687495931784156,0.9285133303208315
0.6687280302044004,0.928422955264347
0.6687715643512793,0.928422955264347
0.66875,0.9283325802078626
0.6687719755176456,0.9282422051513782
0.6687939567595728,0.9281518300948938
0.668772386844676,0.9280614550384094
0.6688159437280188,0.9280614550384094
0.6688379364252215,0.927971079981925
0.6688599348534202,0.9278807049254406
0.6688819390148554,0.9277903298689562
0.668860363588975,0.9276999548124718
0.6689039489117685,0.9276999548124718
0.6688823721081786,0.9276095797559873
0.6689043863651176,0.9275192046995029
0.6689264063620364,0.9274288296430185
0.66894843210118,0.9273384545865341
0.668970463584795,0.9272480795300497
0.6689488784559207,0.9271577044735653
0.6689272905119009,0.9270673294170809
0.6689493249853258,0.9269769543605965
0.668971365207749,0.9268865793041121
0.6689934111814209,0.9267962042476277
0.6690154629085927,0.9267058291911432
0.6689938666318674,0.9266154541346588
0.6690159227355782,0.9265250790781744
0.6689943222606539,0.92643470402169
0.6689727189661924,0.9263443289652056
0.6689947780678851,0.9262539539087212
0.6689731705724917,0.9261635788522368
0.6689952340536659,0.9260732037957524
0.6689736223557065,0.925982828739268
0.6689520078354554,0.9258924536827835
0.6689303904923599,0.9258020786262992
0.6689524555903866,0.9257117035698147
0.6689745264532985,0.9256213285133303
0.6689966030833551,0.9255309534568459
0.6690186854828172,0.9254405784003615
0.6689970597843842,0.9253502033438771
0.6690191465725674,0.9252598282873927
0.669041239134697,0.9251694532309083
0.6690196078431373,0.9250790781744238
0.6690417047980128,0.9249887031179395
0.6690638075313807,0.924898328061455
0.669085916045508,0.9248079530049707
0.669064277774145,0.9247175779484862
0.6690863906873324,0.9246272028920018
0.6690647482014388,0.9245368278355174
0.669086865515437,0.924446452779033
0.6691089886170352,0.9243560777225486
0.6690873405299314,0.9242657026660641
0.6691094680363803,0.9241753276095798
0.6690878157309252,0.9240849525530953
0.6690661605915843,0.923994577496611
0.669109947643979,0.923994577496611
0.6690882911185287,0.9239042024401265
0.6690666317580836,0.9238138273836421
0.6690449695620868,0.9237234523271577
0.6690233045299817,0.9236330772706733
0.6690016366612112,0.9235427022141889
0.6690454366897997,0.9235427022141889
0.6690237674327244,0.9234523271577044
0.6690020953378732,0.9233619521012201
0.6689804204046886,0.9232715770447356
0.668958742632613,0.9231812019882513
0.6689808750327483,0.9230908269317668
0.6690030132320188,0.9230004518752825
0.6690468391745824,0.9230004518752825
0.6690251572327044,0.922910076818798
0.669003472449715,0.9228197017623136
0.6690256208636394,0.9227293267058292
0.6690477750835573,0.9226389516493447
0.669069935111752,0.9225485765928604
0.6690921009505081,0.9224582015363759
0.6691142726021111,0.9223678264798916
0.6691364500688479,0.9222774514234071
0.6691147540983606,0.9221870763669228
0.6690930552823136,0.9220967013104383
0.6691152357840887,0.922006326253954
0.6690935327298964,0.9219159511974695
0.669115717659407,0.921825576140985
0.6691379084109697,0.9217352010845007
0.6691601049868766,0.9216448260280162
0.6691383949078024,0.9215544509715319
0.6691605959178316,0.9214640759150474
0.6691388815962195,0.9213737008585631
0.6691610870421426,0.9212833258020786
0.6691393684763343,0.9211929507455943
0.6691176470588235,0.9211025756891098
0.66913985554826,0.9210122006326253
0.6691181298837744,0.920921825576141
0.6691403428121101,0.9208314505196565
0.6691625615763547,0.9207410754631722
0.6691847861788084,0.9206507004066877
0.6692070166217725,0.9205603253502034
0.669185282522996,0.9204699502937189
0.6691635455680399,0.9203795752372346
0.6691857790628902,0.9202892001807501
0.6691640378548895,0.9201988251242657
0.6691862757986066,0.9201084500677813
0.6692085195897975,0.9200180750112968
0.669186772730261,0.9199276999548125
0.6691650230111769,0.919837324898328
0.6691872698579695,0.9197469498418437
0.6692095225568855,0.9196565747853592
0.669187767181848,0.9195661997288749
0.6692317811102342,0.9195661997288749
0.6692540455203263,0.9194758246723904
0.6692322873495165,0.919385449615906
0.669254556220804,0.9192950745594216
0.6692768309534777,0.9192046995029372
0.669255067122927,0.9191143244464528
0.6692773463209162,0.9190239493899683
0.669255578226815,0.918933574333484
0.6692338072669827,0.9188431992769995
0.6692560895325872,0.9187528242205152
0.6692343143064059,0.9186624491640307
0.6692783776665788,0.9186624491640307
0.6692566010403634,0.9185720741075463
0.6692788936450444,0.9184816990510619
0.6693011921227688,0.9183913239945775
0.6692794098274272,0.9183009489380931
0.6693017127799736,0.9182105738816086
0.6693240216102253,0.9181201988251243
0.6693463363205061,0.9180298237686398
0.6693686569131408,0.9179394487121555
0.6693468661438081,0.917849073655671
0.6693250725019774,0.9177586985991866
0.6693473961766645,0.9176683235427022
0.6693255982596084,0.9175779484862178
0.6693479264191996,0.9174875734297334
0.6693702604681833,0.917397198373249
0.6693484568715379,0.9173068233167646
0.6693707954095766,0.9172164482602801
0.6693489875338038,0.9171260732037958
0.6693271767810026,0.9170356981473113
0.6693495184061222,0.9169453230908269
0.6693277033713796,0.9168549480343425
0.6693058854579045,0.9167645729778581
0.669284064665127,0.9166741979213737
0.6692622409924772,0.9165838228648893
0.6693064079720188,0.9165838228648893
0.6692845828933475,0.9164934478084049
0.6693069306930693,0.9164030727519205
0.6692851013268203,0.9163126976954361
0.6693074536211792,0.9162223226389516
0.6692856199656675,0.9161319475824672
0.6693079767564712,0.9160415725259828
0.6693303394531765,0.9159511974694984
0.6693085000990687,0.915860822413014
0.6693308672963868,0.9157704473565296
0.6693532404043073,0.9156800723000452
0.6693313953488372,0.9155896972435608
0.6693095474066733,0.9154993221870764
0.6692876965772433,0.915408947130592
0.6692658428599749,0.9153185720741075
0.6692882162447954,0.9152281970176231
0.6692663582286847,0.9151378219611387
0.669244497323022,0.9150474469046543
0.6692226335272343,0.9149570718481699
0.6692007668407484,0.9148666967916855
0.6691788972629908,0.9147763217352011
0.6692231404958677,0.9147763217352011
0.6692455200687695,0.9146859466787167
0.6692679055618015,0.9145955716222323
0.6692460317460317,0.9145051965657478
0.6692684217489085,0.9144148215092635
0.669290817676634,0.914324446452779
0.6693132195315601,0.9142340713962946
0.6692913385826772,0.9141436963398102
0.6692694547379566,0.9140533212833258
0.669313744954007,0.9140533212833258
0.6692918596955658,0.9139629462268414
0.6693142705851205,0.913872571170357
0.6692923810154233,0.9137821961138726
0.6693147964250248,0.9136918210573881
0.6692929025423728,0.9136014460009038
0.6693153224738445,0.9135110709444193
0.6692934242765379,0.913420695887935
0.6692715231788079,0.9133303208314505
0.6692939462180422,0.9132399457749661
0.6692720408028086,0.9131495707184817
0.6692944683670089,0.9130591956619973
0.6693169018750414,0.9129688206055129
0.6693393413292691,0.9128784455490284
0.6693617867320565,0.9127880704925441
0.6693398727465536,0.9126976954360596
0.6693623226832826,0.9126073203795753
0.6693847785733227,0.9125169453230908
0.6694072404190425,0.9124265702666065
0.6694297082228117,0.912336195210122
0.6694077856621792,0.9122458201536376
0.6693858601936596,0.9121554450971532
0.6694083311223136,0.9120650700406687
0.6693864013266998,0.9119746949841844
0.6694308080137986,0.9119746949841844
0.6694088767995754,0.9118843199276999
0.6694532908704883,0.9118843199276999
0.669431358237675,0.9117939448712156
0.6694094226940942,0.9117035698147311
0.6693874842391665,0.9116131947582468
0.6693655428723122,0.9115228197017623
0.6693880260188504,0.911432444645278
0.6693660803186193,0.9113420695887935
0.6693441317047265,0.911251694532309
0.6693221801765916,0.9111613194758247
0.6693446650288826,0.9110709444193402
0.6693671558536424,0.9109805693628559
0.6693451985655465,0.9108901943063714
0.6693676939426142,0.9107998192498871
0.6693457323148456,0.9107094441934026
0.6693682322460639,0.9106190691369183
0.6693462662769067,0.9105286940804338
0.6693242973888778,0.9104383190239493
0.6693023255813954,0.910347943967465
0.6693248272195641,0.9102575689109805
0.6693473348398246,0.9101671938544962
0.6693698484445626,0.9100768187980117
0.6693478694409359,0.9099864437415274
0.669370387607207,0.9098960686850429
0.6693929117627502,0.9098056936285586
0.6694154419099554,0.9097153185720741
0.6694379780512139,0.9096249435155896
0.6694159904217107,0.9095345684591053
0.6694385311335816,0.9094441934026208
0.6694165391524184,0.9093538183461365
0.6694390844367556,0.909263443289652
0.6694616357223664,0.9091730682331677
0.6694841930116473,0.9090826931766832
0.669506756306996,0.9089923181201989
0.6695513247237386,0.9089923181201989
0.6695293256108116,0.9089019430637144
0.6695519009254943,0.90881156800723
0.6695744822534461,0.9087211929507456
0.6695970695970695,0.9086308178942611
0.6695750632742773,0.9085404428377768
0.6695530540198494,0.9084500677812923
0.6695756445273466,0.908359692724808
0.6695536309127248,0.9082693176683235
0.6695762260127932,0.9081789426118392
0.6695988271358123,0.9080885675553547
0.6696214342841909,0.9079981924988703
0.6695994134506432,0.9079078174423859
0.6695773896813758,0.9078174423859015
0.6696,0.9077270673294171
0.6696226163488466,0.9076366922729326
0.6696452387303281,0.9075463172164483
0.669623207735912,0.9074559421599638
0.6696011738028544,0.9073655671034795
0.6696237993596584,0.907275192046995
0.6696464309539694,0.9071848169905106
0.6696690685882039,0.9070944419340262
0.6696470274237672,0.9070040668775418
0.6696696696696697,0.9069136918210574
0.6696923179603551,0.906823316764573
0.6697149722982444,0.9067329417080886
0.66973763268576,0.9066425666516041
0.6697155828548538,0.9065521915951198
0.6697382478632479,0.9064618165386353
0.6697161936560935,0.9063714414821509
0.6697609189261386,0.9063714414821509
0.6697388632872504,0.9062810664256665
0.6697168047021106,0.9061906913691821
0.6697615389753524,0.9061906913691821
0.6697842207228272,0.9061003163126977
0.669762159273116,0.9060099412562133
0.6697400948753925,0.9059195661997289
0.669762779819579,0.9058291911432444
0.6697407110398289,0.9057388160867601
0.6697186393102987,0.9056484410302756
0.6697413274513736,0.9055580659737912
0.6697192513368984,0.9054676909173068
0.6697419441101752,0.9053773158608224
0.6697198636090125,0.905286940804338
0.6697425610163825,0.9051965657478536
0.669765264495419,0.9051061906913692
0.6697879740485586,0.9050158156348848
0.6698106896782393,0.9049254405784004
0.6697886004816698,0.904835065521916
0.6697665083294306,0.9047446904654315
0.6697892271662763,0.9046543154089471
0.669767130620985,0.9045639403524627
0.6697898541025298,0.9044735652959783
0.6698125836680053,0.9043831902394939
0.6697904812905817,0.9042928151830095
0.6698353193198554,0.9042928151830095
0.6698132155051215,0.9042024401265251
0.6698359558085035,0.9041120650700407
0.6698587022031742,0.9040216900135563
0.6698365925529065,0.9039313149570718
0.6698144799410622,0.9038409399005874
0.6698593436034829,0.9038409399005874
0.669882100750268,0.903750564844103
0.6699048639957121,0.9036601897876186
0.6699276333422675,0.9035698147311342
0.6699055149768813,0.9034794396746498
0.6698833936469643,0.9033890646181654
0.6699282889886737,0.9033890646181654
0.6699061662198391,0.903298689561681
0.6698840404852873,0.9032083145051966
0.6699068177247436,0.9031179394487121
0.6699296010727456,0.9030275643922278
0.6699074694917527,0.9029371893357433
0.6698853349426674,0.902846814279259
0.6699081215210247,0.9027564392227745
0.6698859825620389,0.9026660641662901
0.6698638406331746,0.9025756891098057
0.6698866304420742,0.9024853140533213
0.6698644841003623,0.9023949389968369
0.6698423347869842,0.9023045639403524
0.6698201825013419,0.9022141888838681
0.669798027242837,0.9021238138273836
0.6698208173948057,0.9020334387708993
0.6698436136653466,0.9019430637144148
0.6698664160569242,0.9018526886579304
0.6698442534908701,0.901762313601446
0.6698670605612999,0.9016719385449616
0.6698898737577222,0.9015815634884772
0.6698677053253643,0.9014911884319927
0.6698455339153795,0.9014008133755084
0.6698683503492746,0.9013104383190239
0.6698911729141476,0.9012200632625396
0.6699140016124697,0.9011296882060551
0.669891822885171,0.9010393131495708
0.6698696411772611,0.9009489380930863
0.6698474564881393,0.900858563036602
0.6698252688172043,0.9007681879801175
0.6698480978626159,0.900677812923633
0.6698709330465179,0.9005874378671487
0.6698487394957984,0.9004970628106642
0.6698265429608713,0.9004066877541799
0.6698043434411349,0.9003163126976954
0.6698271804182637,0.9002259376412111
0.6698500235389064,0.9001355625847266
0.6698728728055425,0.9000451875282423
0.6698506659491457,0.8999548124717578
0.6698284561049445,0.8998644374152733
0.6698062432723358,0.899774062358789
0.6698290943345445,0.8996836873023045
0.6698519515477793,0.8995933122458202
0.6698748149145242,0.8995029371893357
0.6698525947364878,0.8994125621328514
0.6698754628071356,0.8993221870763669
0.6698532381850006,0.8992318120198826
0.6698761109614867,0.8991414369633981
0.6698989898989899,0.8990510619069136
0.669921875,0.8989606868504293
0.6698996430255271,0.8988703117939448
0.6699225328393399,0.8987799367374605
0.6699454288216667,0.898689561680976
0.6699231909446166,0.8985991866244917
0.6699683309750016,0.8985991866244917
0.6699460916442048,0.8985088115680072
0.6699238493159917,0.8984184365115229
0.6699016039897561,0.8983280614550384
0.6699245079536263,0.898237686398554
0.6699474180935688,0.8981473113420696
0.669970334412082,0.8980569362855851
0.6699932569116656,0.8979665612291008
0.6700161855948206,0.8978761861726163
0.6700391204640497,0.897785811116132
0.6700620615218564,0.8976954360596475
0.6700398030088376,0.8976050610031632
0.6700175414923762,0.8975146859466787
0.6699952769718642,0.8974243108901943
0.6699730094466937,0.8973339358337099
0.6699507389162561,0.8972435607772254
0.6699284653799433,0.8971531857207411
0.6699061888371465,0.8970628106642566
0.669951403887689,0.8970628106642566
0.6699743485891724,0.8969724356077723
0.6699520691284683,0.8968820605512878
0.6699297866594653,0.8967916854948035
0.6699075011815543,0.896701310438319
0.6699304477007225,0.8966109353818346
0.6699081577525662,0.8965205603253502
0.6699311090098609,0.8964301852688658
0.6699540664685221,0.8963398102123814
0.6699770301310634,0.896249435155897
0.6699547327883251,0.8961590600994126
0.6699324324324324,0.8960686850429281
0.6699101290627745,0.8959783099864438
0.6699330945461918,0.8958879349299593
0.6699107866991079,0.8957975598734749
0.6699560662385942,0.8957975598734749
0.6699337569284846,0.8957071848169905
0.6699567333693889,0.8956168097605061
0.669934419579474,0.8955264347040217
0.6699574007708432,0.8954360596475373
0.6699350824993238,0.8953456845910529
0.6699127612091702,0.8952553095345684
0.66989043689977,0.8951649344780841
0.6698681095705107,0.8950745594215996
0.6698457792207793,0.8949841843651152
0.6698234458499628,0.8948938093086308
0.6698011094574482,0.8948034342521464
0.6697787700426223,0.894713059195662
0.6698017457202787,0.8946226841391776
0.669824727617243,0.8945323090826932
0.6698023822414727,0.8944419340262088
0.6698253688912955,0.8943515589697244
0.6698030190211873,0.8942611839132399
0.6698260104258345,0.8941708088567555
0.6698036560595803,0.8940804338002711
0.6698266522210184,0.8939900587437867
0.6698496546119463,0.8938996836873023
0.6698272942770064,0.8938093086308179
0.6698503014292488,0.8937189335743335
0.6698279365939575,0.8936285585178491
0.6698055687284059,0.8935381834613647
0.6697831978319784,0.8934478084048803
0.6697608239040586,0.8933574333483958
0.6697838314020464,0.8932670582919114
0.669761452968284,0.893176683235427
0.6697390715011861,0.8930863081789426
0.6697166870001355,0.8929959331224582
0.6697396963123644,0.8929055580659738
0.6697173073011999,0.8928151830094894
0.6696949152542373,0.892724807953005
0.6697179278546244,0.8926344328965206
0.6697409466974095,0.8925440578400361
0.6697639717851329,0.8924536827835517
0.6697415722715865,0.8923633077270673
0.6697191697191697,0.8922729326705829
0.6696967641272641,0.8921825576140985
0.669674355495251,0.8920921825576141
0.6696519438225117,0.8920018075011297
0.6696973809200706,0.8920018075011297
0.6696749677682025,0.8919114324446453
0.6696979979640312,0.8918210573881609
0.6697210344125433,0.8917306823316764
0.6697440771162854,0.8916403072751921
0.6697671260778056,0.8915499322187076
0.6697901812996537,0.8914595571622232
0.6698132427843803,0.8913691821057388
0.6698363105345378,0.8912788070492544
0.6698593845526798,0.89118843199277
0.6698824648413615,0.8910980569362856
0.6698600353308873,0.8910076818798012
0.6698376027723041,0.8909173068233167
0.6698606863744478,0.8908269317668324
0.6698382492863939,0.8907365567103479
0.6698613376835236,0.8906461816538636
0.6698388960641697,0.8905558065973791
0.6698164513936098,0.8904654315408947
0.6698395431057927,0.8903750564844103
0.6698170939008635,0.8902846814279259
0.6697946416428668,0.8901943063714415
0.6698177366702938,0.890103931314957
0.6698408379812271,0.8900135562584727
0.669818379702061,0.8899231812019882
0.669795918367347,0.8898328061455039
0.6697734539764609,0.8897424310890194
0.6697965571205008,0.889652056032535
0.6697740881872618,0.8895616809760506
0.669751616195985,0.8894713059195662
0.6697747226570476,0.8893809308630818
0.6697522461203376,0.8892905558065973
0.6697753573859768,0.889200180750113
0.6697528763019946,0.8891098056936285
0.6697984749455338,0.8891098056936285
0.6698215988015798,0.8890194306371442
0.6698447289566876,0.8889290555806597
0.6698222434107471,0.8888386805241754
0.6698678654134315,0.8888386805241754
0.6698453783802193,0.8887483054676909
0.6698685196539274,0.8886579304112066
0.6698460280692192,0.8885675553547221
0.6698235334196362,0.8884771802982376
0.6698466780238501,0.8883868052417533
0.669824178819681,0.8882964301852688
0.669801676548763,0.8882060551287845
0.6697791712104689,0.8881156800723
0.6698023176550784,0.8880253050158157
0.6698254704117808,0.8879349299593312
0.6698029590236586,0.8878445549028469
0.6698486294831584,0.8878445549028469
0.6698261166041596,0.8877541798463624
0.6698492805019437,0.8876638047898779
0.669826763060974,0.8875734297333936
0.6698042425482573,0.8874830546769091
0.6697817189631651,0.8873926796204248
0.6697591923050685,0.8873023045639403
0.6697823565531827,0.887211929507456
0.6697598253275109,0.8871215544509715
0.6697372910269532,0.8870311793944872
0.6697147536508803,0.8869408043380027
0.6696922131986623,0.8868504292815182
0.669715377789912,0.8867600542250339
0.6697385487063964,0.8866696791685494
0.6697160021845986,0.8865793041120651
0.6697391779325413,0.8864889290555806
0.6697166268350973,0.8863985539990963
0.6696940726577438,0.8863081789426118
0.6696715153998497,0.8862178038861275
0.6696946929854518,0.886127428829643
0.669672131147541,0.8860370537731586
0.6696495662272013,0.8859466787166742
0.6696269982238011,0.8858563036601897
0.6696044271367083,0.8857659286037054
0.669581852965291,0.8856755535472209
0.6695592757089169,0.8855851784907366
0.669582450625299,0.8854948034342521
0.6696056318775203,0.8854044283777678
0.6696288194681796,0.8853140533212833
0.6696062346185397,0.8852236782647989
0.6695836466807958,0.8851333032083145
0.6696068376068376,0.88504292815183
0.6695842450765864,0.8849525530953457
0.669607440842566,0.8848621780388612
0.6695848437179399,0.8847718029823769
0.669562243502052,0.8846814279258924
0.6695854426050075,0.8845910528694081
0.6696086480569239,0.8845006778129236
0.6695860417379405,0.8844103027564392
0.6696092520358585,0.8843199276999548
0.6695866411168903,0.8842295526434704
0.6695640271028677,0.884139177586986
0.6695414099931554,0.8840488025305016
0.6695187897871175,0.8839584274740172
0.669542000410762,0.8838680524175327
0.6695193755990688,0.8837776773610484
0.6695425910709395,0.8836873023045639
0.6695884407313566,0.8836873023045639
0.6695658129023422,0.8835969272480795
0.6695890410958905,0.8835065521915951
0.6696122756541992,0.8834161771351107
0.6695896417072001,0.8833258020786263
0.6696128811236725,0.8832354270221419
0.6695902425654379,0.8831450519656575
0.6695676009045433,0.883054676909173
0.6695449561403509,0.8829643018526887
0.6695223082722226,0.8828739267962042
0.6694996572995202,0.8827835517397198
0.6695228955305731,0.8826931766832354
0.6695461401343754,0.882602801626751
0.6695693911135491,0.8825124265702666
0.6695926484707173,0.8824220515137822
0.6696159122085048,0.8823316764572978
0.6696391823295377,0.8822413014008134
0.6696165191740413,0.882150926344329
0.6695938529088913,0.8820605512878446
0.6695711835334477,0.8819701762313601
0.669594455499897,0.8818798011748757
0.6695717814987647,0.8817894261183913
0.6695950583390529,0.8816990510619069
0.6695723797103439,0.8816086760054225
0.6695496979681493,0.8815183009489381
0.669527013111828,0.8814279258924537
0.6695043251407387,0.8813375508359693
0.6695276023070585,0.8812471757794849
0.6695049097026712,0.8811568007230004
0.6695281917450725,0.881066425666516
0.6695054945054945,0.8809760506100316
0.6694827941479498,0.8808856755535472
0.6695060795493577,0.8807953004970628
0.6694833745534488,0.8807049254405784
0.6695293713500515,0.8807049254405784
0.6695066648344098,0.880614550384094
0.6694839551982409,0.8805241753276096
0.6695072503607999,0.8804338002711252
0.6694845360824743,0.8803434252146407
0.6695078361286775,0.8802530501581564
0.6694851172062968,0.8801626751016719
0.6695084221381918,0.8800723000451875
0.6695317334800247,0.8799819249887031
0.6695090083894925,0.8798915499322187
0.6695323246217332,0.8798011748757343
0.6695095948827292,0.8797107998192499
0.6694868620167836,0.8796204247627655
0.669464126023251,0.879530049706281
0.6694874441004472,0.8794396746497967
0.66951076859561,0.8793492995933122
0.6695340995113894,0.8792589245368279
0.669557436850437,0.8791685494803434
0.6695346916299559,0.879078174423859
0.6695580338703015,0.8789877993673746
0.6695813825392454,0.8788974243108902
0.6696274874337258,0.8788974243108902
0.6696047376394436,0.8788070492544058
0.6695819847117968,0.8787166741979213
0.6696053447207108,0.878626299141437
0.669582587133214,0.8785359240849525
0.6696059520529072,0.8784455490284682
0.6696293234118782,0.8783551739719837
0.6696754633776614,0.8783551739719837
0.6696527012127894,0.8782647989154994
0.6696760854583046,0.8781744238590149
0.669653318629816,0.8780840488025305
0.6696767077962363,0.8779936737460461
0.6697001034126163,0.8779032986895616
0.6696773303916161,0.8778129236330773
0.6697007309336643,0.8777225485765928
0.6696779532446038,0.8776321735201085
0.6697013587143941,0.877541798463624
0.6696785763553593,0.8774514234071397
0.6697019867549668,0.8773610483506552
0.6696791997240428,0.8772706732941709
0.6697026150555441,0.8771802982376864
0.6696798233508142,0.8770899231812019
0.6697032436162871,0.8769995481247176
0.6697266703478741,0.8769091730682331
0.6697501035482535,0.8768187980117488
0.6697273041076977,0.8767284229552643
0.6697507422495339,0.87663804789878
0.6697279381300926,0.8765476728422955
0.6697513812154696,0.8764572977858112
0.6697748307777317,0.8763669227293267
0.6697982868195634,0.8762765476728422
0.6697754749568221,0.8761861726163579
0.6697526599419649,0.8760957975598734
0.6697989359496994,0.8760957975598734
0.6697761194029851,0.8760054225033891
0.669753299702854,0.8759150474469046
0.6697767641163868,0.8758246723904203
0.6697539397290573,0.8757342973339358
0.6697774090971934,0.8756439222774515
0.6698008849557522,0.875553547220967
0.6697780543455715,0.8754631721644826
0.6697552205780667,0.8753727971079982
0.6697323836525828,0.8752824220515137
0.6697558614012034,0.8751920469950294
0.6697330197814358,0.8751016719385449
0.6697565024903155,0.8750112968820606
0.6697336561743341,0.8749209218255761
0.669710806697108,0.8748305467690918
0.6697571438455684,0.8748305467690918
0.6697806380181303,0.8747401717126073
0.6698041386947193,0.8746497966561229
0.669827645878037,0.8745594215996385
0.6698511595707858,0.874469046543154
0.6698746797756698,0.8743786714866697
0.6698982064953951,0.8742882964301852
0.6698753462603878,0.8741979213737009
0.6698988779609364,0.8741075463172164
0.6699224161817678,0.8740171712607321
0.6698995497055767,0.8739267962042476
0.6699459609255923,0.8739267962042476
0.6699695121951219,0.8738364211477632
0.66999306999307,0.8737460460912788
0.6700166343221514,0.8736556710347944
0.6700402051850824,0.87356529597831
0.6700637825845812,0.8734749209218255
0.6700873665233671,0.8733845458653412
0.6701109570041609,0.8732941708088567
0.6700880782301131,0.8732037957523724
0.6700651962824248,0.8731134206958879
0.6700423111604356,0.8730230456394035
0.670019422863485,0.8729326705829191
0.6700659035726674,0.8729326705829191
0.6700430137366449,0.8728422955264347
0.670020120724346,0.8727519204699503
0.6700437166053709,0.8726615454134659
0.6700208188757807,0.8725711703569815
0.6699979179679367,0.872480795300497
0.6700215173179704,0.8723904202440127
0.6699986116895738,0.8723000451875282
0.6699757028809441,0.8722096701310438
0.6700222160510969,0.8722096701310438
0.6699993057002014,0.8721192950745594
0.6699763921677545,0.872028920018075
0.6699534754530936,0.8719385449615906
0.6699305555555556,0.8718481699051062
0.6699076324744774,0.8717577948486218
0.6698847062091957,0.8716674197921374
0.669861776759047,0.871577044735653
0.6698853768669677,0.8714866696791685
0.6699089835336622,0.8713962946226841
0.669932596761865,0.8713059195661997
0.669909659485754,0.8712155445097153
0.6698867190214748,0.8711251694532309
0.6698637753683625,0.8710347943967465
0.6698408285257524,0.8709444193402621
0.6698873905185597,0.8709444193402621
0.6699110122358176,0.8708540442837777
0.6699346405228758,0.8707636692272933
0.6699116890341422,0.8706732941708089
0.6698887343532685,0.8705829191143244
0.6699123661148978,0.87049254405784
0.6699360044518642,0.8704021690013556
0.6699130434782609,0.8703117939448712
0.669890079309865,0.8702214188883868
0.6699137211244086,0.8701310438319024
0.6698907522093104,0.870040668775418
0.669914399053518,0.8699502937189336
0.6699380524813809,0.8698599186624492
0.6699150772657664,0.8697695436059647
0.6699387357282094,0.8696791685494804
0.6699157557613312,0.8695887934929959
0.6699394192604972,0.8694984184365115
0.6699630893516262,0.8694080433800271
0.669986766037473,0.8693176683235427
0.6700104493207941,0.8692272932670583
0.6700341392043475,0.8691369182105739
0.6700578356908926,0.8690465431540895
0.6700815387831904,0.868956168097605
0.6701052484840037,0.8688657930411207
0.6701289647960962,0.8687754179846362
0.670175683212493,0.8687754179846362
0.6701526877222338,0.8686850429281519
0.6701296890252405,0.8685946678716674
0.6701534170153417,0.868504292815183
0.6701304135574307,0.8684139177586986
0.670154146613657,0.8683235427022142
0.6701311383928571,0.8682331676457298
0.6701081269619812,0.8681427925892453
0.6701318635317101,0.868052417532761
0.6701556067266764,0.8679620424762765
0.67013258897418,0.8678716674197922
0.670109568008933,0.8677812923633077
0.6700865438302624,0.8676909173068234
0.6701102889850621,0.8676005422503389
0.670087260034904,0.8675101671938545
0.6701110102632131,0.8674197921373701
0.6700879765395894,0.8673294170808856
0.67006493959919,0.8672390420244013
0.6700886933445073,0.8671486669679168
0.6701124537263393,0.8670582919114325
0.6700894104498464,0.866967916854948
0.6700663639538945,0.8668775417984637
0.6700433142378092,0.8667871667419792
0.6700670765790945,0.8666967916854948
0.6700908455625437,0.8666064166290104
0.6701146211909421,0.8665160415725259
0.6701384034670768,0.8664256665160416
0.6701153442852149,0.8663352914595571
0.670162192393736,0.8663352914595571
0.6701391316507026,0.8662449164030728
0.6701160676828416,0.8661545413465883
0.6700930004894763,0.866064166290104
0.6701398601398602,0.866064166290104
0.6701167913840129,0.8659737912336195
0.6700937194013149,0.8658834161771352
0.67011751538892,0.8657930411206507
0.6701413180355393,0.8657026660641662
0.6701182396977542,0.8656122910076819
0.6701420474424463,0.8655219159511974
0.6701658618517741,0.8654315408947131
0.6701427771556551,0.8653411658382286
0.6701665966680667,0.8652507907817443
0.670190422850742,0.8651604157252598
0.6702142557064836,0.8650700406687755
0.6701911630838177,0.864979665612291
0.6701680672268907,0.8648892905558065
0.6701449681350234,0.8647989154993222
0.6701688029698116,0.8647085404428377
0.6701926444833626,0.8646181653863534
0.670169539021998,0.8645277903298689
0.6701933856502242,0.8644374152733846
0.6701702753836452,0.8643470402169001
0.6701941271287406,0.8642566651604158
0.670217985561085,0.8641662901039313
0.6702649656526006,0.8641662901039313
0.6702418506834911,0.8640759150474469
0.670265722498773,0.8639855399909625
0.6702896010097469,0.863895164934478
0.6702664796633941,0.8638047898779937
0.6702903633048113,0.8637144148215092
0.6702672371466648,0.8636240397650249
0.6702911259207296,0.8635336647085404
0.6702679949487863,0.8634432896520561
0.6703150213990037,0.8634432896520561
0.6702918888577042,0.8633529145955716
0.67026875306996,0.8632625395390872
0.6703157894736842,0.8632625395390872
0.6702926521159379,0.8631721644826028
0.6702695115103874,0.8630817894261184
0.6702934156956338,0.862991414369634
0.6703173265936535,0.8629010393131495
0.670294179596995,0.8628106642566652
0.6703412442072743,0.8628106642566652
0.6703180956393512,0.8627202892001807
0.6702949438202247,0.8626299141436964
0.6703188650091305,0.8625395390872119
0.6703427929193594,0.8624491640307275
0.6703667275537446,0.8623587889742431
0.670343567765053,0.8622684139177587
0.6703675075539316,0.8621780388612743
0.670344342937456,0.8620876638047898
0.6703211750650081,0.8619972887483055
0.6703451184367751,0.861906913691821
0.6703690685413005,0.8618165386353367
0.6703930253814244,0.8617261635788522
0.6703698495288989,0.8616357885223678
0.6703466704169889,0.8615454134658834
0.670393811533052,0.8615454134658834
0.6703706308460511,0.861455038409399
0.670347446898298,0.8613646633529146
0.6703242596891046,0.8612742882964302
0.6703010692177828,0.8611839132399458
0.6703482237073514,0.8611839132399458
0.6703250316589279,0.8610935381834613
0.670419363917816,0.8610935381834613
0.6703961719794526,0.861003163126977
0.6703729767769177,0.8609127880704925
0.6703969594594594,0.8608224130140081
0.6704209488948332,0.8607320379575237
0.6703977472720873,0.8606416629010393
0.6703745423824274,0.8605512878445549
0.6703985354175468,0.8604609127880705
0.6703753256812901,0.8603705377315861
0.6703521126760563,0.8602801626751017
0.6703761093111706,0.8601897876186173
0.670400112707805,0.8600994125621328
0.6704241228688178,0.8600090375056484
0.6704009018530261,0.859918662449164
0.6703776775648252,0.8598282873926796
0.6704016913319238,0.8597379123361952
0.6704257118691852,0.8596475372797108
0.6704024811447099,0.8595571622232264
0.6704265068734578,0.859466787166742
0.6704032712915962,0.8593764121102576
0.6704505393781287,0.8593764121102576
0.6704745786615894,0.8592860370537732
0.6704513399153738,0.8591956619972887
0.6704986247267085,0.8591956619972887
0.6705226775763561,0.8591052869408043
0.6704994356659142,0.8590149118843199
0.6704761904761904,0.8589245368278355
0.670500246948423,0.8588341617713511
0.6704769968952865,0.8587437867148667
0.6705243102109942,0.8587437867148667
0.6705483802667795,0.8586534116583823
0.6705251270468662,0.8585630366018979
0.670549202315403,0.8584726615454135
0.6705259442287328,0.858382286488929
0.6705026828579498,0.8582919114324447
0.670526761756814,0.8582015363759602
0.6705508474576272,0.8581111613194758
0.6705275796313299,0.8580207862629914
0.6705516705516705,0.857930411206507
0.6705283978525007,0.8578400361500226
0.6705524939946305,0.8577496610935382
0.6705292164205469,0.8576592860370538
0.6705533177867289,0.8575689109805693
0.6705774259664994,0.857478535924085
0.6705541419281877,0.8573881608676005
0.670530854598148,0.8572977858111162
0.6705075639756821,0.8572074107546317
0.6705316742081447,0.8571170356981473
0.6705083787032454,0.8570266606416629
0.6705324941659005,0.8569362855851785
0.6705091937765205,0.8568459105286941
0.670485890091237,0.8567555354722096
0.6705100091957276,0.8566651604157253
0.6705341351255748,0.8565747853592408
0.6705108249610867,0.8564844103027565
0.6705582678836765,0.8564844103027565
0.6705349561279366,0.856394035246272
0.6705116410728186,0.8563036601897877
0.670535777478944,0.8562132851333032
0.6705124575311439,0.8561229100768188
0.6705365991788192,0.8560325350203344
0.6705607476635514,0.8559421599638499
0.6705849029882452,0.8558517849073656
0.6706090651558073,0.8557614098508811
0.6705857355336781,0.8556710347943968
0.6706332341691458,0.8556710347943968
0.6706099029538853,0.8555806597379123
0.6706340772228127,0.855490284681428
0.6706582583433713,0.8553999096249435
0.670682446318475,0.8553095345684592
0.6706591070163005,0.8552191595119747
0.6706357644056985,0.8551287844554902
0.6706599560501878,0.8550384093990059
0.6706841545551223,0.8549480343425214
0.6707083599234206,0.8548576592860371
0.670732572158003,0.8547672842295526
0.6707801418439716,0.8547672842295526
0.6707567912617917,0.8546769091730683
0.6707810172377101,0.8545865341165838
0.670805250088684,0.8544961590600995
0.6707818930041153,0.854405784003615
0.6707585326048393,0.8543154089471305
0.6707351688901504,0.8542250338906462
0.6707594038325053,0.8541346588341617
0.6707836456558773,0.8540442837776774
0.6708078943631975,0.8539539087211929
0.6708321499573985,0.8538635336647086
0.6708087765390897,0.8537731586082241
0.6707853998011646,0.8536827835517398
0.6708096590909091,0.8535924084952553
0.6707862774344768,0.8535020334387708
0.6708105420188961,0.8534116583822865
0.6707871554418869,0.853321283325802
0.6707637655417407,0.8532309082693177
0.6707403723177491,0.8531405332128332
0.6707169757692034,0.8530501581563489
0.6707646389994315,0.8530501581563489
0.6707412408499751,0.8529597830998644
0.6707655128296254,0.8528694080433801
0.67074210975263,0.8527790329868956
0.6707897917110969,0.8527790329868956
0.6707663870325608,0.8526886579304112
0.6707906712172924,0.8525982828739268
0.6707672616084761,0.8525079078174423
0.6707438486701749,0.852417532760958
0.6707681365576103,0.8523271577044735
0.6707924313558117,0.8522367826479892
0.670769011880202,0.8521464075915047
0.670816733067729,0.8521464075915047
0.6707933119886161,0.8520560325350204
0.6707698875764907,0.8519656574785359
0.670794192997438,0.8518752824220515
0.6707707636467155,0.8517849073655671
0.670747330960854,0.8516945323090827
0.6707238949391415,0.8516041572525983
0.6707004555808656,0.8515137821961138
0.6706770128853136,0.8514234071396295
0.6706535668517728,0.851333032083145
0.6706778695528339,0.8512426570266607
0.6706544185715303,0.8511522819701762
0.6706787265864255,0.8510619069136918
0.6707030415271743,0.8509715318572074
0.6707273633967372,0.850881156800723
0.6707516921980763,0.8507907817442386
0.6707282314379365,0.8507004066877542
0.670704767334141,0.8506100316312698
0.6707290998503314,0.8505196565747853
0.6707534393042982,0.850429281518301
0.670777785699009,0.8503389064618165
0.6707543134179381,0.8502485314053321
0.6707786651454649,0.8501581563488477
0.6708030238197119,0.8500677812923633
0.6707795449682619,0.8499774062358789
0.670756062767475,0.8498870311793945
0.6707804251676416,0.8497966561229101
0.6707569380038525,0.8497062810664257
0.6707813057438459,0.8496159060099413
0.6708056804395918,0.8495255309534568
0.6708300620940689,0.8494351558969724
0.6708544507102577,0.849344780840488
0.6708309537407195,0.8492544057840036
0.6708074534161491,0.8491640307275192
0.670855347708125,0.8491640307275192
0.670831845769368,0.8490736556710348
0.6708562450903378,0.8489832806145504
0.6708806513820441,0.848892905558066
0.6709050646474748,0.8488025305015816
0.6708815545077869,0.8487121554450971
0.6709059731351815,0.8486217803886127
0.6709303987423182,0.8485314053321283
0.6709068820124348,0.8484410302756439
0.6708833619210978,0.8483506552191595
0.6709313129869202,0.8483506552191595
0.6709077912794853,0.8482602801626751
0.6709322276236774,0.8481699051061907
0.670908700936584,0.8480795300497063
0.6709331426528423,0.8479891549932219
0.6709096109839817,0.8478987799367375
0.6709340580746674,0.847808404880253
0.670958512160229,0.8477180298237686
0.6709829732436686,0.8476276547672842
0.6710074413279908,0.8475372797107998
0.6710319164162015,0.8474469046543154
0.6710563985113084,0.847356529597831
0.6710328537685205,0.8472661545413466
0.6710808876163207,0.8472661545413466
0.6710573412556374,0.8471757794848622
0.6710337915234822,0.8470854044283778
0.6710582844049835,0.8469950293718933
0.6710827843024921,0.846904654315409
0.671107291219023,0.8468142792589245
0.67108373325693,0.8467239042024401
0.6710601719197707,0.8466335291459557
0.67103660720682,0.8465431540894713
0.6710611162857347,0.8464527790329869
0.6710375465749499,0.8463624039765025
0.6710620610577612,0.8462720289200181
0.6710865825688074,0.8461816538635336
0.6710630062361121,0.8460912788070493
0.6710875331564987,0.8460009037505648
0.6711120671112067,0.8459105286940805
0.6711601893015918,0.8459105286940805
0.6711366081032628,0.845820153637596
0.6711611561356954,0.8457297785811116
0.6711857112115344,0.8456394035246272
0.6712102733338116,0.8455490284681428
0.6711866838857798,0.8454586534116584
0.671211251435132,0.8453682783551739
0.6711876569788303,0.8452779032986896
0.6711640591359265,0.8451875282422051
0.6711404579056915,0.8450971531857208
0.671165027636207,0.8450067781292363
0.671189604422428,0.844916403072752
0.6712141882673943,0.8448260280162675
0.6711905787735172,0.8447356529597831
0.6711669658886894,0.8446452779032987
0.6711433496121804,0.8445549028468142
0.6711197299432593,0.8444645277903299
0.6710961068811953,0.8443741527338454
0.6711443143452338,0.8443741527338454
0.6711206896551725,0.8442837776773611
0.6711452794941802,0.8441934026208766
0.6711216497808435,0.8441030275643923
0.6710980166714573,0.8440126525079078
0.6710743801652893,0.8439222774514235
0.671050740261607,0.843831902394939
0.671098972184288,0.843831902394939
0.6710753306497987,0.8437415273384545
0.6711235712745309,0.8437415273384545
0.6710999281092739,0.8436511522819702
0.6711245326430831,0.8435607772254857
0.6711491442542787,0.8434704021690014
0.6711254944264653,0.8433800271125169
0.6711501114867294,0.8432896520560326
0.6711747356305302,0.8431992769995481
0.6711510791366907,0.8431089019430638
0.6711757087350698,0.8430185268865793
0.6711520472044327,0.8429281518300948
0.6711283822682786,0.8428377767736105
0.671153015690226,0.842747401717126
0.6711293457136688,0.8426570266606417
0.6711056723293982,0.8425666516041572
0.6710819955366785,0.8424762765476729
0.6711066311469508,0.8423859014911884
0.6710829493087558,0.8422955264347041
0.6711075903787987,0.8422051513782196
0.6710839034929781,0.8421147763217351
0.6711085500252106,0.8420244012652508
0.6711332036596787,0.8419340262087663
0.6711578643994525,0.841843651152282
0.6711825322476039,0.8417532760957975
0.6712072072072072,0.8416629010393132
0.6712318892813378,0.8415725259828287
0.671280276816609,0.8415725259828287
0.6712565784730733,0.8414821509263444
0.6712328767123288,0.8413917758698599
0.6712091715336361,0.8413014008133755
0.6711854629362561,0.8412110257568911
0.671210154334343,0.8411206507004066
0.6712348528563186,0.8410302756439223
0.6712111375604126,0.8409399005874378
0.6712595585052662,0.8409399005874378
0.6712842712842713,0.8408495255309535
0.6712605527094307,0.840759150474469
0.671285270982175,0.8406687754179847
0.6713099963911945,0.8405784003615002
0.6713347289395799,0.8404880253050158
0.6713110020213687,0.8403976502485314
0.6713357400722022,0.840307275192047
0.6713604852686309,0.8402169001355626
0.6713852376137512,0.8401265250790781
0.6713615023474179,0.8400361500225938
0.6713862602037131,0.8399457749661093
0.6714110252149411,0.839855399909625
0.6714357973842041,0.8397650248531405
0.6714605767146058,0.8396746497966561
0.6715091066782307,0.8396746497966561
0.6714853632092519,0.8395842747401717
0.6714616163076478,0.8394938996836873
0.6714864083285136,0.8394035246272029
0.6715112075198844,0.8393131495707185
0.6714874539012221,0.8392227745142341
0.6715122586244304,0.8391323994577496
0.6715370705244122,0.8390420244012653
0.6715618896042828,0.8389516493447808
0.6715381276226305,0.8388612742882964
0.6715143622024455,0.838770899231812
0.6715391851798249,0.8386805241753276
0.6715640153434175,0.8385901491188432
0.6715888526963446,0.8384997740623588
0.6716136972417288,0.8384093990058744
0.6715899218071243,0.83831902394939
0.6716147719044171,0.8382286488929056
0.6715909913824317,0.8381382738364211
0.6715672074159907,0.8380478987799367
0.6715920614225699,0.8379575237234523
0.6716169226311214,0.8378671486669679
0.6716417910447762,0.8377767736104835
0.6716666666666666,0.8376863985539991
0.6716915494999275,0.8375960234975147
0.6716677538595347,0.8375056484410303
0.671692642261689,0.8374152733845459
0.6717175378815341,0.8373248983280615
0.6717424407222101,0.837234523271577
0.6717186366932559,0.8371441482150926
0.6717435451116913,0.8370537731586082
0.6717197359831726,0.8369633981021238
0.6716959234005513,0.8368730230456394
0.6716721073630758,0.836782647989155
0.6716970180657331,0.8366922729326706
0.671721935998839,0.8366018978761862
0.6717468611655417,0.8365115228197018
0.6717956161997387,0.8365115228197018
0.6717717935689917,0.8364211477632173
0.6717967332123412,0.836330772706733
0.6717729054740816,0.8362403976502485
0.6717490742757569,0.8361500225937641
0.6717978507115887,0.8361500225937641
0.6718228031953523,0.8360596475372797
0.6718477629285299,0.8359692724807953
0.6718727299142816,0.8358788974243109
0.6718488921176898,0.8357885223678265
0.6718977041557687,0.8357885223678265
0.671873864709729,0.8356981473113421
0.6718500217991571,0.8356077722548576
0.671898844560715,0.8356077722548576
0.671875,0.8355173971983733
0.6718511519732538,0.8354270221418888
0.6718761357854184,0.8353366470854044
0.6719011268629589,0.83524627202892
0.671877272066308,0.8351558969724356
0.6719022687609075,0.8350655219159512
0.6718784088429932,0.8349751468594668
0.6718545454545455,0.8348847718029824
0.6718306785948069,0.8347943967464979
0.671855677602386,0.8347040216900136
0.6718806838850491,0.8346136466335291
0.6718568102444703,0.8345232715770448
0.6718818221510697,0.8344328965205603
0.6718579433811221,0.834342521464076
0.6718340611353711,0.8342521464075915
0.6718101754130578,0.8341617713511071
0.6718590770126656,0.8341617713511071
0.6718351896338356,0.8340713962946227
0.6718602111394248,0.8339810212381382
0.6718852399330081,0.8338906461816539
0.67191027601777,0.8338002711251694
0.6719353193968971,0.8337098960686851
0.6719603700735777,0.8336195210122006
0.6719364709310797,0.8335291459557163
0.6719615272515301,0.8334387708992318
0.6720104933323617,0.8334387708992318
0.6719865908759656,0.8333483958427474
0.6720116618075802,0.833258020786263
0.6720367400495699,0.8331676457297785
0.6720128307939054,0.8330772706732942
0.6720379146919432,0.8329868956168097
0.6720630059068038,0.8328965205603254
0.6720390898483081,0.8328061455038409
0.672015170301218,0.8327157704473566
0.6719912472647702,0.8326253953908721
0.6719673207382012,0.8325350203343878
0.6719924126358795,0.8324446452779033
0.6720175118569865,0.8323542702214188
0.6720426184047289,0.8322638951649345
0.6720186834038826,0.83217352010845
0.6720437956204379,0.8320831450519657
0.6720198554639025,0.8319927699954812
0.6719959118119434,0.8319023949389969
0.6720449733518289,0.8319023949389969
0.6720210280373832,0.8318120198825124
0.6720461515992405,0.8317216448260281
0.6720712825007303,0.8316312697695436
0.6720473303630122,0.8315408947130591
0.6720724669442618,0.8314505196565748
0.67209761087163,0.8313601446000903
0.6721227621483375,0.831269769543606
0.6721479207776072,0.8311793944871215
0.6721730867626635,0.8310890194306372
0.672198260106733,0.8309986443741527
0.6722234408130437,0.8309082693176684
0.672199473530272,0.8308178942611839
0.6721755027422304,0.8307275192046994
0.6721515284481497,0.8306371441482151
0.672127550647261,0.8305467690917306
0.6721527320605661,0.8304563940352463
0.6721779208427829,0.8303660189787618
0.6722031169971464,0.8302756439222775
0.6721791306893019,0.830185268865793
0.6721551408708379,0.8300948938093087
0.6721311475409836,0.8300045187528242
0.6721563460693896,0.8299141436963398
0.6721323475587438,0.8298237686398554
0.6721575517973497,0.829733393583371
0.6721827634180274,0.8296430185268866
0.6721587580550674,0.8295526434704021
0.6721839753918266,0.8294622684139178
0.6721599648428916,0.8293718933574333
0.6721359507764431,0.829281518300949
0.6721611721611722,0.8291911432444645
0.6721864009378663,0.8291007681879801
0.6721623800102586,0.8290103931314957
0.6721876145108098,0.8289200180750113
0.6722128564098805,0.8288296430185269
0.6721888286175047,0.8287392679620424
0.6721647973022505,0.8286488929055581
0.6721900432583034,0.8285585178490736
0.6722152966194911,0.8284681427925893
0.6721912584335582,0.8283777677361048
0.6722165175297051,0.8282873926796204
0.672192474143622,0.828197017623136
0.6722177389773311,0.8281066425666516
0.6722430112260621,0.8280162675101672
0.6722189609627238,0.8279258924536828
0.6722442389549391,0.8278355173971984
0.6722201834862386,0.827745142340714
0.672269524368761,0.827745142340714
0.6722948172074585,0.8276547672842296
0.6722707583877836,0.8275643922277451
0.6722466960352423,0.8274740171712607
0.6722719929505067,0.8273836421147763
0.6722479253873834,0.8272932670582919
0.6722238542890717,0.8272028920018075
0.6722732280572897,0.8272028920018075
0.672249155281328,0.8271125169453231
0.6722250789686329,0.8270221418888387
0.6722009991184249,0.8269317668323543
0.672226304188097,0.8268413917758699
0.6722516166960611,0.8267510167193854
0.672227529947821,0.826660641662901
0.672252848217567,0.8265702666064166
0.6722781739322208,0.8264798915499322
0.6722540802823114,0.8263895164934478
0.6722299830894787,0.8262991414369634
0.6722553128906538,0.826208766380479
0.6722312104721283,0.8261183913239946
0.6722565460429538,0.8260280162675102
0.6722324383964693,0.8259376412110258
0.6722577797395718,0.8258472661545413
0.6722336668628605,0.8257568910980569
0.6722095504377897,0.8256665160415725
0.6721854304635762,0.8255761409850881
0.6722107742125405,0.8254857659286037
0.6721866490027232,0.8253953908721193
0.672211998527788,0.8253050158156349
0.6721878680800942,0.8252146407591505
0.6721637340793639,0.8251242657026661
0.6721395965248123,0.8250338906461816
0.6721890876960459,0.8250338906461816
0.6721649484536083,0.8249435155896973
0.6721903078509354,0.8248531405332128
0.6721661633645135,0.8247627654767284
0.6721915285451197,0.824672390420244
0.6722410490643878,0.824672390420244
0.6722169012009136,0.8245820153637596
0.6721927497789567,0.8244916403072752
0.6721685947977305,0.8244012652507908
0.6721939715528041,0.8243108901943064
0.6721698113207547,0.8242205151378219
0.6721951938670205,0.8241301400813376
0.672171028381865,0.8240397650248531
0.6721964167219642,0.8239493899683688
0.6721722459814187,0.8238590149118843
0.6721480716761301,0.8237686398553999
0.6721238938053097,0.8236782647989155
0.6720997123681688,0.8235878897424311
0.672075527363918,0.8234975146859467
0.672051338791768,0.8234071396294622
0.6720767244559204,0.8233167645729779
0.6720525306182676,0.8232263895164934
0.672077922077922,0.8231360144600091
0.6720537229724743,0.8230456394035246
0.6720295202952029,0.8229552643470402
0.672005314045317,0.8228648892905558
0.6719811042220254,0.8227745142340714
0.6719568908245368,0.822684139177587
0.6719822812846069,0.8225937641211025
0.6719580626107502,0.8225033890646182
0.6719338403603338,0.8224130140081337
0.6719096145325654,0.8223226389516494
0.6718853851266524,0.8222322638951649
0.6719107762759435,0.8221418888386806
0.671886541586645,0.8220515137821961
0.6719361749279752,0.8220515137821961
0.671911938534279,0.8219611387257117
0.6719373429880301,0.8218707636692273
0.671913101307914,0.8217803886127428
0.6719385115660336,0.8216900135562585
0.6719639293369798,0.821599638499774
0.6719893546240852,0.8215092634432897
0.6719651042436788,0.8214188883868052
0.6719408502772644,0.8213285133303209
0.6719165927240461,0.8212381382738364
0.6718923315832286,0.8211477632173521
0.6718680668540157,0.8210573881608676
0.6718437985356113,0.8209670131043831
0.6718195266272189,0.8208766380478988
0.6718692210962349,0.8208766380478988
0.6718449474774375,0.8207862629914143
0.671820670267071,0.82069588793493
0.6717963894643386,0.8206055128784455
0.6717721050684424,0.8205151378219612
0.6717975283060756,0.8204247627654767
0.6718229590703871,0.8203343877089924
0.6718483973647198,0.8202440126525079
0.6718738431924187,0.8201536375960234
0.671849548348882,0.8200632625395391
0.671875,0.8199728874830546
0.671850699844479,0.8198825124265703
0.6718263960894683,0.8197921373700858
0.6718020887341678,0.8197017623136015
0.6717777777777778,0.819611387257117
0.6718032301081641,0.8195210122006327
0.6718530043713418,0.8195210122006327
0.6718286899822169,0.8194306371441482
0.6718043719896258,0.8193402620876638
0.6717800503927671,0.8192498870311794
0.6718055143788912,0.8191595119746949
0.671830985915493,0.8190691369182106
0.6718564650059312,0.8189787618617261
0.6718819516535667,0.8188883868052418
0.6719074458617621,0.8187980117487573
0.6718831120670474,0.818707636692273
0.6719086121207626,0.8186172616357885
0.6718842729970327,0.8185268865793041
0.6719341197418206,0.8185268865793041
0.6719097788989464,0.8184365115228197
0.6718854344438673,0.8183461364663352
0.6719109461966605,0.8182557614098509
0.6719364655236398,0.8181653863533664
0.6719121140142518,0.8180750112968821
0.6718877588894663,0.8179846362403976
0.6718634001484781,0.8178942611839133
0.6718889218889219,0.8178038861274288
0.671864557807975,0.8177135110709444
0.6718401901084212,0.81762313601446
0.6718158187894542,0.8175327609579756
0.6717914438502673,0.8174423859014912
0.671816966275442,0.8173520108450067
0.6718424962852897,0.8172616357885224
0.6718181142729772,0.8171712607320379
0.6717937286372417,0.8170808856755536
0.6717693393772758,0.8169905106190691
0.6718192627824019,0.8169905106190691
0.6717948717948717,0.8169001355625847
0.6717704771815074,0.8168097605061003
0.6717960154623848,0.8167193854496159
0.6717716154932719,0.8166290103931315
0.671797159640122,0.8165386353366471
0.671772754312909,0.8164482602801627
0.6717483453558415,0.8163578852236782
0.6717239327681095,0.8162675101671939
0.6716995165489029,0.8161771351107094
0.6716750966974114,0.816086760054225
0.6717006397857461,0.8159963849977406
0.6716762145673685,0.8159060099412562
0.6717017635240717,0.8158156348847718
0.6717273200863287,0.8157252598282874
0.6717028877642155,0.815634884771803
0.6717284502009826,0.8155445097153186
0.6717540202501489,0.8154541346588342
0.67172958082049,0.8153637596023497
0.671705137751303,0.8152733845458653
0.6717307119451892,0.8151830094893809
0.6717562937583793,0.8150926344328965
0.6717818831942789,0.8150022593764121
0.6718074802562957,0.8149118843199277
0.6717830266001044,0.8148215092634433
0.6718086295551084,0.8147311342069589
0.671834240143102,0.8146407591504745
0.6718097793679189,0.81455038409399
0.6717853149459561,0.8144600090375056
0.6717608468763978,0.8143696339810212
0.6717864598866686,0.8142792589245368
0.6717619864290508,0.8141888838680524
0.671737509321402,0.814098508811568
0.6717631264916468,0.8140081337550836
0.6717386439919445,0.8139177586985992
0.6717141578397733,0.8138273836421148
0.6717642670645282,0.8138273836421148
0.6717898977840782,0.8137370085856304
0.6717654081480376,0.8136466335291459
0.6717409148571002,0.8135562584726616
0.6717164179104478,0.8134658834161771
0.6717420510523959,0.8133755083596927
0.6717175487049339,0.8132851333032083
0.6717431877566256,0.8131947582467239
0.6717186800059728,0.8131043831902395
0.6717443249701314,0.8130140081337551
0.6717699775952203,0.8129236330772707
0.6717956378846729,0.8128332580207862
0.671771121237021,0.8127428829643019
0.6718213058419243,0.8127428829643019
0.6718469814704124,0.8126525079078174
0.67182246133154,0.812562132851333
0.6717979375280227,0.8124717577948486
0.6717734100590389,0.8123813827383642
0.6717990881231781,0.8122910076818798
0.6717745552399462,0.8122006326253954
0.6718247738655901,0.8122006326253954
0.6718504672897196,0.812110257568911
0.671876168399013,0.8120198825124265
0.6719018771969187,0.8119295074559422
0.6719275936868876,0.8118391323994577
0.6719533178723722,0.8117487573429734
0.6719790497568275,0.8116583822864889
0.6719545046393296,0.8115680072300046
0.6719299558482377,0.8114776321735201
0.6719556919392261,0.8113872571170357
0.6719814357362078,0.8112968820605513
0.6720071872426443,0.8112065070040668
0.6720329464619993,0.8111161319475825
0.6720083870001498,0.811025756891098
0.6719838238598068,0.8109353818346137
0.6719592570401438,0.8108450067781292
0.6719346865403341,0.8107546317216449
0.6719101123595506,0.8106642566651604
0.6718855344969661,0.810573881608676
0.6719112909268,0.8104835065521916
0.6718867076277536,0.8103931314957071
0.6719124700239808,0.8103027564392228
0.6718878812860676,0.8102123813827383
0.6719136496514504,0.810122006326254
0.6719394257440587,0.8100316312697695
0.6719652095673689,0.8099412562132852
0.6719406118776244,0.8098508811568007
0.6719664016799161,0.8097605061003164
0.671992199219922,0.8096701310438319
0.6720180045011253,0.8095797559873474
0.6720438175270108,0.8094893809308631
0.6720192091243341,0.8093990058743786
0.6720450281425892,0.8093086308178943
0.6720708549125572,0.8092182557614098
0.6720966894377299,0.8091278807049255
0.6720720720720721,0.809037505648441
0.6721225317216007,0.809037505648441
0.6721483817676653,0.8089471305919567
0.6721742395794217,0.8088567555354722
0.6721496169445697,0.8087663804789877
0.6721249906106813,0.8086760054225034
0.6721003605769231,0.8085856303660189
0.6720757268424611,0.8084952553095346
0.6721262208865515,0.8084952553095346
0.6721015853933429,0.8084048802530501
0.6721274517171414,0.8083145051965658
0.6721533258173619,0.8082241301400813
0.6721286831028263,0.808133755083597
0.6721040366834549,0.8080433800271125
0.6720793865584123,0.807953004970628
0.6720547327268627,0.8078626299141437
0.6720806075644785,0.8077722548576592
0.6721311475409836,0.8077722548576592
0.6721064901857562,0.8076818798011749
0.6721323805942083,0.8075915047446904
0.6721077177674138,0.8075011296882061
0.6720830512299707,0.8074107546317216
0.6721336142040325,0.8074107546317216
0.6721089459032428,0.8073203795752373
0.6720842738901429,0.8072300045187528
0.672134848370833,0.8072300045187528
0.672160758636261,0.8071396294622684
0.6721360830949872,0.807049254405784
0.6721114038389161,0.8069588793492996
0.6721373183768727,0.8068685042928152
0.6721126336395121,0.8067781292363307
0.6720879451848505,0.8066877541798464
0.6720632530120482,0.8065973791233619
0.6721138639957828,0.8065973791233619
0.6720891700557313,0.8065070040668776
0.6721150949081048,0.8064166290103931
0.6721410275726986,0.8063262539539087
0.672166968053044,0.8062358788974243
0.6721929163526752,0.8061455038409399
0.6722188724751281,0.8060551287844555
0.672244836423941,0.805964753727971
0.6722708082026538,0.8058743786714867
0.6722460981678353,0.8057840036150022
0.672272076012367,0.8056936285585179
0.6722980616939437,0.8056032535020334
0.6722733443958365,0.805512878445549
0.6722993361496681,0.8054225033890646
0.6723253357476988,0.8053321283325802
0.6723513431934802,0.8052417532760958
0.672377358490566,0.8051513782196114
0.6723526303871991,0.805061003163127
0.6723786517702122,0.8049706281066425
0.6724046810117025,0.8048802530501582
0.6724307181152307,0.8047898779936737
0.6724567630843592,0.8046995029371893
0.6724828159226528,0.8046091278807049
0.6724580752379513,0.8045187528242205
0.6724333308151393,0.8044283777677361
0.6724593879863997,0.8043380027112517
0.6724346380534986,0.8042476276547673
0.6724607013301088,0.8041572525982829
0.6724359458846648,0.8040668775417985
0.6724620152694837,0.803976502485314
0.6724372543090414,0.8038861274288296
0.6724124896045967,0.8037957523723452
0.6724633298049297,0.8037957523723452
0.6725141776937618,0.8037957523723452
0.6724894131881428,0.8037053773158608
0.6724646449368524,0.8036150022593764
0.6725155044622598,0.8036150022593764
0.6724907344376371,0.803524627202892
0.6725416036308624,0.803524627202892
0.6725677106975336,0.8034342521464076
0.6725429371264281,0.8033438770899232
0.6725690503216042,0.8032535020334388
0.6725951714220844,0.8031631269769544
0.6726213004314586,0.8030727519204699
0.6725965177895533,0.8029823768639855
0.6725717313952608,0.8028920018075011
0.6725978647686833,0.8028016267510167
0.6726240060583113,0.8027112516945323
0.672599212359891,0.8026208766380479
0.6725744149057032,0.8025305015815635
0.6726005605635936,0.8024401265250791
0.672626714145011,0.8023497514685947
0.6726528756535576,0.8022593764121102
0.6726790450928382,0.8021690013556259
0.6726542367742914,0.8020786262991414
0.6726294246949139,0.801988251242657
0.6726555985141385,0.8018978761861726
0.6726307808946171,0.8018075011296882
0.6726569608735213,0.8017171260732038
0.6726321377113824,0.8016267510167194
0.672607310784165,0.801536375960235
0.6725824800910125,0.8014460009037505
0.6726086626716226,0.8013556258472662
0.6725838264299803,0.8012652507907817
0.6726100151745068,0.8011748757342974
0.6726362118682653,0.8010845006778129
0.6726624165148756,0.8009941256213285
0.6726886291179596,0.8009037505648441
0.6726637819782889,0.8008133755083597
0.6726389310658973,0.8007230004518753
0.6726140763799255,0.8006326253953908
0.6726651480637813,0.8006326253953908
0.6726402915938947,0.8005422503389065
0.672666514771778,0.800451875282422
0.6726927459172047,0.8003615002259377
0.6726678821027043,0.8002711251694532
0.67264301451037,0.8001807501129689
0.6726941194347363,0.8001807501129689
0.6726692500569865,0.8000903750564844
0.6726954935785394,0.8
0.672670618635051,0.7999096249435156
0.6726968683490423,0.7998192498870311
0.6727231260453094,0.7997288748305468
0.6726982437466738,0.7996384997740623
0.6726733576642335,0.799548124717578
0.6726484677971257,0.7994577496610935
0.6726996197718631,0.7994577496610935
0.6727258898691816,0.7993673746046092
0.6727521679598357,0.7992769995481247
0.6727784540474742,0.7991866244916404
0.672804748135748,0.7990962494351559
0.6728310502283105,0.7990058743786714
0.6728061496308699,0.7989154993221871
0.6728573603288172,0.7989154993221871
0.6728324579432138,0.7988251242657026
0.672858774267225,0.7987347492092183
0.672833866301203,0.7986443741527338
0.6728089545419934,0.7985539990962495
0.6727840389887298,0.798463624039765
0.6728103579588728,0.7983732489832807
0.6728366849482024,0.7982828739267962
0.672863019960384,0.7981924988703117
0.6728893629990856,0.7981021238138274
0.6729157140679775,0.7980117487573429
0.6729420731707317,0.7979213737008586
0.672968440311023,0.7978309986443741
0.6729435084241824,0.7977406235878898
0.6729185727355901,0.7976502485314053
0.6729449443342992,0.797559873474921
0.672920003050408,0.7974694984184365
0.6728950579621721,0.797379123361952
0.6728701090687209,0.7972887483054677
0.672896483332062,0.7971983732489832
0.6728715288373512,0.7971079981924989
0.6728465705348288,0.7970176231360144
0.6728216084236228,0.7969272480795301
0.6728729492560092,0.7969272480795301
0.6728479853479854,0.7968368730230456
0.6728230176295504,0.7967464979665613
0.6728494008090985,0.7966561229100768
0.6728757920451943,0.7965657478535924
0.6728508169186135,0.796475372797108
0.6728772144166157,0.7963849977406235
0.672852233676976,0.7962946226841392
0.6728272491217352,0.7962042476276547
0.6728536510846318,0.7961138725711704
0.672828660912077,0.7960234975146859
0.6728550691420276,0.7959331224582016
0.67288148544357,0.7958427474017171
0.672907909820405,0.7957523723452327
0.6729343422762364,0.7956619972887483
0.6729093410793456,0.7955716222322639
0.6729357798165138,0.7954812471757795
0.6729107729948773,0.795390872119295
0.6729372180163646,0.7953004970628107
0.6729636711281071,0.7952101220063262
0.6729386568762429,0.7951197469498419
0.6729136387975216,0.7950293718933574
0.6728886168910648,0.794938996836873
0.6729150726855394,0.7948486217803886
0.6729415365779002,0.7947582467239042
0.6729680085718659,0.7946678716674198
0.6729944886711574,0.7945774966109354
0.6730209768794978,0.794487121554451
0.6730474732006125,0.7943967464979665
0.6730224366337392,0.7943063714414822
0.6729973962321948,0.7942159963849977
0.6730489392662939,0.7942159963849977
0.6730238970588235,0.7941256213285133
0.673050406005822,0.7940352462720289
0.6730253581552134,0.7939448712155445
0.6730003064664419,0.7938544961590601
0.6729752509386254,0.7937641211025757
0.6729501915708812,0.7936737460460913
0.6729767014101778,0.7935833709896069
0.6729516363915077,0.7934929959331225
0.6729781525488693,0.793402620876638
0.6730046768381507,0.7933122458201536
0.6729796043551602,0.7932218707636692
0.6730061349693252,0.7931314957071848
0.6730326737229636,0.7930411206507004
0.6730075937715733,0.792950745594216
0.6729825099723842,0.7928603705377316
0.6730090532453583,0.7927699954812472
0.67298396378424,0.7926796204247628
0.6729588704726827,0.7925892453682784
0.672985418265541,0.7924988703117939
0.6730119742093952,0.7924084952553095
0.6730385383079994,0.7923181201988251
0.6730651105651105,0.7922277451423407
0.6730400061429778,0.7921373700858563
0.6730665847477152,0.7920469950293719
0.6730931715185499,0.7919566199728875
0.6730680596097711,0.7918662449164031
0.6730946527350953,0.7917758698599187
0.6731212540341172,0.7916854948034342
0.6730961346345962,0.7915951197469498
0.6731227422949811,0.7915047446904654
0.6731493581366746,0.791414369633981
0.6731242312423125,0.7913239945774966
0.6731508534522528,0.7912336195210122
0.673125720876586,0.7911432444645278
0.6731523494578174,0.7910528694080434
0.6731789862318284,0.790962494351559
0.6732056312024002,0.7908721192950745
0.6732574242191106,0.7908721192950745
0.673232284373317,0.7907817442385902
0.6732071406586642,0.7906913691821057
0.6732338002154841,0.7906009941256213
0.6732604679802956,0.7905106190691369
0.6733122931260103,0.7905106190691369
0.6732871439568899,0.7904202440126525
0.67326199091539,0.7903298689561681
0.6732886732886733,0.7902394938996837
0.6732635145541352,0.7901491188431993
0.6732383519445514,0.7900587437867148
0.6732650388970192,0.7899683687302305
0.6732917340728758,0.789877993673746
0.6733184374759227,0.7897876186172617
0.6732932655262752,0.7896972435607772
0.6733199753390875,0.7896068685042928
0.6733466933867736,0.7895164934478084
0.673398597086256,0.7895164934478084
0.6733734196731421,0.789426118391324
0.6734001542020046,0.7893357433348396
0.6733749710848947,0.7892453682783551
0.6734268969771746,0.7892453682783551
0.6734017120382509,0.7891549932218708
0.6733765232145612,0.7890646181653863
0.6734032705954952,0.788974243108902
0.6733780760626398,0.7888838680524175
0.6734048298742381,0.7887934929959332
0.6734315919438228,0.7887031179394487
0.6734063898749807,0.7886127428829643
0.67338118391603,0.7885223678264799
0.6733559740660697,0.7884319927699954
0.6733307603241991,0.7883416177135111
0.6733055426895167,0.7882512426570266
0.673280321161121,0.7881608676005423
0.6733070805343216,0.7880704925440578
0.6732818532818533,0.7879801174875735
0.6732566221329832,0.787889742431089
0.673283386112613,0.7877993673746047
0.673310158362302,0.7877089923181202
0.6733369388858843,0.7876186172616357
0.6733637276871958,0.7875282422051514
0.673390524770075,0.7874378671486669
0.6733652805688669,0.7873474920921826
0.6733920841063699,0.7872571170356981
0.6733668341708543,0.7871667419792138
0.6733936441660867,0.7870763669227293
0.6734204624545665,0.786985991866245
0.6734472890401423,0.7868956168097605
0.6734220297029703,0.786805241753276
0.6733967664578016,0.7867148666967917
0.6734488627572335,0.7867148666967917
0.6734235976789168,0.7866244916403072
0.6734504372049833,0.7865341165838229
0.6734772850398576,0.7864437415273384
0.6735041411873984,0.7863533664708541
0.6735310056514671,0.7862629914143696
0.6735057293279653,0.7861726163578853
0.6734804490902052,0.7860822413014008
0.6734551649372774,0.7859918662449163
0.6734820322180917,0.785901491188432
0.6735089078233927,0.7858111161319475
0.6734836160818034,0.7857207410754632
0.673458320421444,0.7856303660189787
0.6734330208414039,0.7855399909624944
0.6734852006818534,0.7855399909624944
0.6735120892746436,0.7854496159060099
0.6735389862036893,0.7853592408495256
0.6735658914728683,0.7852688657930411
0.6735405845414373,0.7851784907365567
0.6735928050860599,0.7851784907365567
0.673567496316973,0.7850881156800723
0.6736197270471465,0.7850881156800723
0.6735944164404808,0.7849977406235878
0.6735691019078641,0.7849073655671035
0.673596028544834,0.784816990510619
0.6736229635376261,0.7847266154541347
0.6736499068901304,0.7846362403976502
0.6736768586062394,0.7845458653411659
0.673651532790066,0.7844554902846814
0.6736784910346969,0.784365115228197
0.6736531594472908,0.7842747401717126
0.6736801242236025,0.7841843651152282
0.6737070973753688,0.7840939900587438
0.6737340789064927,0.7840036150022593
0.6737864077669903,0.7840036150022593
0.6737610688208793,0.783913239945775
0.6737880671224363,0.7838228648892905
0.6738150738150738,0.7837324898328062
0.6738420889027044,0.7836421147763217
0.673869112389243,0.7835517397198373
0.6738437621453556,0.7834613646633529
0.673896144278607,0.7834613646633529
0.6738707921946668,0.7833709896068685
0.6739231845747162,0.7833709896068685
0.673950233281493,0.7832806145503841
0.6739248775176919,0.7831902394938997
0.6739519327992534,0.7830998644374153
0.6739265712507778,0.7830094893809308
0.6739536331103159,0.7829191143244465
0.6739282657745274,0.782828739267962
0.6739553342152361,0.7827383642114776
0.6739299610894942,0.7826479891549932
0.6739045840143202,0.7825576140985088
0.6739316571962326,0.7824672390420244
0.6739062743266386,0.78237686398554
0.6739333540952974,0.7822864889290556
0.6739604422987073,0.7821961138725712
0.67398753894081,0.7821057388160868
0.6740146440255491,0.7820153637596023
0.6739892498247254,0.7819249887031179
0.674016361511492,0.7818346136466335
0.674043481648874,0.7817442385901491
0.6740180798004988,0.7816538635336647
0.674045206547155,0.7815634884771803
0.6740977472912931,0.7815634884771803
0.6740723417524166,0.7814731134206959
0.6740994854202401,0.7813827383642115
0.6741266375545851,0.7812923633077271
0.6741012243624737,0.7812019882512427
0.6740758072063641,0.7811116131947582
0.6741029641185647,0.7810212381382738
0.6740775411498556,0.7809308630817894
0.6741047046890848,0.780840488025305
0.674131876706984,0.7807501129688206
0.6741064460746059,0.7806597379123362
0.674081011472723,0.7805693628558518
0.6741336247268186,0.7805693628558518
0.6741081882757005,0.7804789877993674
0.6740827478532396,0.780388612742883
0.6741099312929419,0.7802982376863985
0.674137123223489,0.7802078626299142
0.6741643236488597,0.7801174875734297
0.6741388737014762,0.7800271125169453
0.6741660807749394,0.7799367374604609
0.674140625,0.7798463624039765
0.6741932963512774,0.7798463624039765
0.6741678387248008,0.7797559873474921
0.6741423771196374,0.7796656122910077
0.674169597499023,0.7795752372345233
0.6741968263894317,0.7794848621780388
0.6741713570981863,0.7793944871215545
0.6741985926505082,0.77930411206507
0.6742258367219268,0.7792137370085856
0.6742003597403613,0.7791233619521012
0.6741748787736587,0.7790329868956168
0.6741493938208839,0.7789426118391324
0.6741766408511304,0.778852236782648
0.6742038964087317,0.7787618617261636
0.6742311604976915,0.7786714866696791
0.6742056659884176,0.7785811116131948
0.6741801674884558,0.7784907365567103
0.6742329367564183,0.7784907365567103
0.6742074363992172,0.778400361500226
0.6742347138495264,0.7783099864437415
0.6742619998433952,0.7782196113872571
0.6742892943848383,0.7781292363307727
0.6743165974778726,0.7780388612742883
0.674291085696381,0.7779484862178039
0.6742655699177438,0.7778581111613194
0.6742400501410216,0.7777677361048351
0.6742145263652746,0.7776773610483506
0.6741889985895627,0.7775869859918663
0.6741634668129457,0.7774966109353818
0.6741907673015126,0.7774062358788975
0.6742180763502391,0.777315860822413
0.6742453939631518,0.7772254857659286
0.6742727201442797,0.7771351107094442
0.6742471769134254,0.7770447356529597
0.6742745098039216,0.7769543605964754
0.6742489607028003,0.7768639855399909
0.6742763003059543,0.7767736104835066
0.6742507453318688,0.7766832354270221
0.6742251863475873,0.7765928603705378
0.6742525308012242,0.7765024853140533
0.674226965939413,0.776412110257569
0.6742013970645946,0.7763217352010845
0.6741758241758242,0.7762313601446
0.674203171612498,0.7761409850881157
0.6741775928397582,0.7760506100316312
0.6742049469964664,0.7759602349751469
0.6741793623370504,0.7758698599186624
0.6742067232170907,0.7757794848621781
0.67418113266829,0.7756891098056936
0.6742085002749627,0.7755987347492093
0.6741829038340666,0.7755083596927248
0.6742102781706742,0.7754179846362403
0.6742376611128575,0.775327609579756
0.674212056904818,0.7752372345232715
0.6741864486715925,0.7751468594667872
0.6742138364779874,0.7750564844103027
0.6741882223445239,0.7749661093538184
0.6741626041830476,0.7748757342973339
0.6742156168907761,0.7748757342973339
0.6741899968543568,0.7747853592408496
0.6741643727880456,0.7746949841843651
0.674138744690892,0.7746046091278807
0.6741131125619445,0.7745142340713963
0.6741661422278162,0.7745142340713963
0.6741935483870968,0.7744238590149118
0.6742209631728046,0.7743334839584275
0.6741953254111906,0.774243108901943
0.6741696836140406,0.7741527338454587
0.6741440377804014,0.7740623587889742
0.6741183879093199,0.7739719837324899
0.6741458038104235,0.7738816086760054
0.674120148019841,0.773791233619521
0.6741475706748563,0.7737008585630366
0.6741219089620413,0.7736104835065521
0.6741750019689691,0.7736104835065521
0.6741493383742911,0.7735201084500678
0.6741236707365105,0.7734297333935833
0.6741511069093201,0.773339358337099
0.6741254333438387,0.7732489832806145
0.6741528762805359,0.7731586082241302
0.6741271967846166,0.7730682331676457
0.6741546464885315,0.7729778581111613
0.6741821048482459,0.7728874830546769
0.674156417533901,0.7727971079981925
0.6741838826683488,0.7727067329417081
0.674211356466877,0.7726163578852236
0.6742388389335857,0.7725259828287393
0.6742663300725781,0.7724356077722548
0.6742406311637081,0.7723452327157705
0.6742681290933481,0.772254857659286
0.6742956357035751,0.7721644826028016
0.6742699289660615,0.7720741075463172
0.6743231509985003,0.7720741075463172
0.6742974423744869,0.7719837324898328
0.6742717296913239,0.7718933574333484
0.6742992499013029,0.771802982376864
0.6743267788043907,0.7717126073203796
0.6743010582846312,0.7716222322638951
0.6743285939968404,0.7715318572074108
0.6743561384104914,0.7714414821509263
0.6743304100497748,0.7713511070944419
0.6743046776232617,0.7712607320379575
0.6743322269638059,0.7711703569814731
0.674359785014227,0.7710799819249887
0.6743340447395463,0.7709896068685043
0.6743083003952569,0.7708992318120199
0.6743358633776091,0.7708088567555355
0.6743101130702933,0.7707184816990511
0.6743376828786082,0.7706281066425666
0.6743652614094756,0.7705377315860822
0.6743395032431577,0.7704473565295978
0.6743928486670359,0.7704473565295978
0.674367088607595,0.7703569814731134
0.6743946827029593,0.770266606416629
0.674368916673261,0.7701762313601446
0.6743431465653688,0.7700858563036602
0.674370745607092,0.7699954812471758
0.6743449695242618,0.7699051061906914
0.6743191893603546,0.769814731134207
0.6742934051144011,0.7697243560777225
0.6743210072056378,0.7696339810212381
0.6743486180407064,0.7695436059647537
0.674322825914779,0.7694532309082693
0.6742970297029703,0.7693628558517849
0.6742712294043093,0.7692724807953005
0.6742454250178246,0.7691821057388161
0.6742730370018224,0.7690917306823317
0.674300657738331,0.7690013556258473
0.6742748454588683,0.7689109805693628
0.6742490290877388,0.7688206055128785
0.6743024730500952,0.7688206055128785
0.6742766547760602,0.768730230456394
0.6742508324084351,0.7686398553999096
0.674278464954012,0.7685494803434252
0.6742526365871065,0.7684591052869408
0.6742268041237114,0.7683687302304564
0.6742544416243654,0.768278355173972
0.6742820878946534,0.7681879801174876
0.674256247520825,0.7680976050610031
0.6742839006585734,0.7680072300045188
0.6743115625743988,0.7679168549480343
0.6743392332724819,0.76782647989155
0.6743669127570057,0.7677361048350655
0.674341060654176,0.7676457297785811
0.6743946010321556,0.7676457297785811
0.6743687470223916,0.7675553547220967
0.6743964421855146,0.7674649796656123
0.6743705821618616,0.7673746046091279
0.6743447180301827,0.7672842295526434
0.6743188497894987,0.7671938544961591
0.6742929774388307,0.7671034794396746
0.6742671009771987,0.7670131043831903
0.6742412204036231,0.7669227293267058
0.6742689129052766,0.7668323542702215
0.6742966142107774,0.766741979213737
0.6742707256974804,0.7666516041572526
0.6742448330683625,0.7665612291007682
0.6742984338977661,0.7665612291007682
0.6743261509103919,0.7664708540442837
0.6743538767395626,0.7663804789877994
0.6743816113894854,0.7662901039313149
0.6743557111040407,0.7661997288748306
0.6743298066979556,0.7661093538183461
0.6743038981702466,0.7660189787618618
0.67427798551993,0.7659286037053773
0.6743316359007002,0.7659286037053773
0.6743057213336516,0.765838228648893
0.67427980264205,0.7657478535924085
0.6742538798249105,0.765657478535924
0.674227952881248,0.7655671034794397
0.6742556917688266,0.7654767284229552
0.6742297587771674,0.7653863533664709
0.67425750457839,0.7652959783099864
0.6742315655359133,0.7652056032535021
0.6742852592179661,0.7652056032535021
0.6743130227001195,0.7651152281970176
0.6743407950290767,0.7650248531405333
0.674314850223072,0.7649344780840488
0.6742889012827663,0.7648441030275643
0.6743166786198104,0.76475372797108
0.6742907236212943,0.7646633529145955
0.6743444648123057,0.7646633529145955
0.6743185078909613,0.7645729778581112
0.6742925468314069,0.7644826028016267
0.6742665816326531,0.7643922277451424
0.6742406122937097,0.7643018526886579
0.6742146388135863,0.7642114776321736
0.6741886611912926,0.7641211025756891
0.6741626794258373,0.7640307275192046
0.6742164446925593,0.7640307275192046
0.6741904609985644,0.7639403524627203
0.674164473159448,0.7638499774062358
0.6741922616673315,0.7637596023497515
0.6742200590441235,0.763669227293267
0.6742478652940707,0.7635788522367827
0.6743016759776537,0.7635788522367827
0.6742756804214223,0.7634884771802982
0.674249680715198,0.7633981021238139
0.6742236768579868,0.7633077270673294
0.6742514970059881,0.763217352010845
0.6742254870648355,0.7631269769543606
0.6741994729697357,0.7630366018978761
0.6742272981391263,0.7629462268413918
0.6742551321990574,0.7628558517849073
0.6742291100814827,0.762765476728423
0.6742030838060238,0.7626751016719385
0.6741770533716842,0.7625847266154542
0.6742048905226147,0.7624943515589697
0.6741788539918485,0.7624039765024853
0.674206698105667,0.7623136014460009
0.6742345511231913,0.7622232263895165
0.6742085065558043,0.7621328513330321
0.6742363665440588,0.7620424762765476
0.6742103158736505,0.7619521012200633
0.6742642354446577,0.7619521012200633
0.6742381828361194,0.7618617261635788
0.6742921132618781,0.7618617261635788
0.6742660587153028,0.7617713511070945
0.67424,0.76168097605061
0.6742678828612578,0.7615906009941256
0.6742418180363288,0.7615002259376412
0.6742697078831532,0.7614098508811568
0.674243636945734,0.7613194758246724
0.6742175618346274,0.761229100768188
0.6741914825488312,0.7611387257117036
0.6742193755004003,0.7610483506552191
0.6741932900952838,0.7609579755987348
0.674167200512492,0.7608676005422503
0.674141106751021,0.7607772254857659
0.6741150088098671,0.7606868504292815
0.6740889066880257,0.7605964753727971
0.6741167988464312,0.7605061003163127
0.674090690594456,0.7604157252598283
0.6741185897435897,0.7603253502033439
0.6740924753586025,0.7602349751468594
0.6740663567879468,0.7601446000903751
0.6741203815019636,0.7601446000903751
0.6740942609810837,0.7600542250338906
0.6740681362725451,0.7599638499774062
0.674096047462519,0.7598734749209218
0.6740699166132136,0.7597830998644374
0.6740978348035285,0.759692724807953
0.6740716978105702,0.7596023497514686
0.6740455566249599,0.7595119746949842
0.6740194112456886,0.7594215996384998
0.6740473325310871,0.7593312245820154
0.6740752627778224,0.759240849525531
0.6740491092922485,0.7591504744690465
0.6740229516090201,0.7590600994125621
0.6739967897271268,0.7589697243560777
0.6739706236455574,0.7588793492995933
0.6739985550293008,0.7587889742431089
0.6740264953833802,0.7586985991866245
0.6740806166693432,0.7586985991866245
0.6740544447121176,0.7586082241301401
0.6740282685512368,0.7585178490736557
0.6740562248995984,0.7584274740171713
0.6740300425737007,0.7583370989606868
0.6740580059452077,0.7582467239042024
0.6741121645508598,0.7582467239042024
0.67408597830454,0.758156348847718
0.6740597878495661,0.7580659737912336
0.6741139596560315,0.7580659737912336
0.674141950004019,0.7579755987347492
0.6741157556270096,0.7578852236782648
0.6740895570383472,0.7577948486217804
0.6740633542370156,0.757704473565296
0.6740371472219989,0.7576140985088116
0.6740109359922805,0.7575237234523271
0.6739847205468436,0.7574333483958428
0.6740389255267814,0.7574333483958428
0.6740127081154991,0.7573429733393583
0.6740407046898882,0.757252598282874
0.6740144810941271,0.7571622232263895
0.6740424847119407,0.7570718481699051
0.6740967248732599,0.7570718481699051
0.6740704973442782,0.7569814731134207
0.6740442655935613,0.7568910980569363
0.6740722852773082,0.7568007230004519
0.6741003139843813,0.7567103479439674
0.674074074074074,0.7566199728874831
0.6740478299379983,0.7565295978309986
0.6740758637352018,0.7564392227745143
0.6740496134020618,0.7563488477180298
0.6740233588401128,0.7562584726615454
0.6740513977281882,0.756168097605061
0.6740251369642282,0.7560777225485766
0.6740531829170024,0.7559873474920922
0.6740812379110251,0.7558969724356077
0.6740549689691303,0.7558065973791234
0.6740830310358726,0.7557162223226389
0.674111102152705,0.7556258472661546
0.6741654571843251,0.7556258472661546
0.6741391823240062,0.7555354722096701
0.6741672715541576,0.7554450971531858
0.6742216486530086,0.7554450971531858
0.6741953698475438,0.7553547220967013
0.6741690868021942,0.7552643470402169
0.6741971921897693,0.7551739719837325
0.6742253066494512,0.755083596927248
0.6741990154144137,0.7549932218707637
0.6742534301856336,0.7549932218707637
0.6742815628027123,0.7549028468142792
0.6742552676192782,0.7548124717577949
0.6742289681898919,0.7547220967013104
0.6742026645135244,0.7546317216448261
0.6742571059431525,0.7546317216448261
0.6742308002907211,0.7545413465883416
0.6742589451579032,0.7544509715318573
0.6742870991194765,0.7543605964753728
0.6743152621798497,0.7542702214188883
0.6743434343434344,0.754179846362404
0.6743171165346694,0.7540894713059195
0.6743452958292919,0.7539990962494352
0.6743734842360549,0.7539087211929507
0.6744280054976151,0.7539087211929507
0.6744016817593791,0.7538183461364664
0.6743753537640494,0.7537279710799819
0.6744035584310554,0.7536375960234976
0.6744317722235703,0.7535472209670131
0.6744599951460238,0.7534568459105286
0.6744336569579288,0.7533664708540443
0.6744618870367374,0.7532760957975598
0.674435542607429,0.7531857207410755
0.674409193913888,0.753095345684591
0.6743828409550789,0.7530049706281067
0.6744110742329799,0.7529145955716222
0.6743847150259067,0.7528242205151379
0.6743583515504817,0.7527338454586534
0.6743865900072881,0.752643470402169
0.6744148376123755,0.7525530953456846
0.6743884658998867,0.7524627202892001
0.6743620899149453,0.7523723452327158
0.6743903427043668,0.7522819701762313
0.6744186046511628,0.752191595119747
0.6743922204213938,0.7521012200632625
0.674365831915066,0.7520108450067782
0.6743394391311396,0.7519204699502937
0.6743940990516333,0.7519204699502937
0.6743677042801557,0.7518300948938093
0.6744223753546817,0.7518300948938093
0.674450660828671,0.7517397198373249
0.6744242620823873,0.7516493447808404
0.6744525547445256,0.7515589697243561
0.674480856586632,0.7514685946678716
0.6744544495822179,0.7513782196113873
0.6744280382930391,0.7512878445549028
0.6744563453424213,0.7511974694984185
0.6744846615809121,0.751107094441934
0.674539404269134,0.751107094441934
0.674512987012987,0.7510167193854496
0.6744865654679763,0.7509263443289652
0.6744601396330573,0.7508359692724808
0.6744337095071852,0.7507455942159964
0.6744620381648396,0.7506552191595119
0.6744903760253391,0.7505648441030276
0.6744639376218323,0.7504744690465431
0.6745187230931687,0.7504744690465431
0.6745470793728167,0.7503840939900588
0.6745754448687739,0.7502937189335743
0.6746038195855343,0.7502033438770899
0.6746322035275949,0.7501129688206055
0.6746605966994553,0.7500225937641211
0.6746341463414635,0.7499322187076367
0.6746076916822505,0.7498418436511523
0.6745812327207676,0.7497514685946679
0.6745547694559648,0.7496610935381834
0.6745283018867925,0.7495707184816991
0.6745018300122001,0.7494803434252146
0.6744753538311371,0.7493899683687303
0.6744488733425527,0.7492995933122458
0.6744772597835815,0.7492092182557614
0.6745056554642364,0.749118843199277
0.6744791666666666,0.7490284681427926
0.6745075695914049,0.7489380930863082
0.6745359817648974,0.7488477180298238
0.6745644031916626,0.7487573429733394
0.6745379040794723,0.7486669679168549
0.6745928338762215,0.7486669679168549
0.6746212738230982,0.7485765928603706
0.6745947707094567,0.7484862178038861
0.6745682632779407,0.7483958427474017
0.674541751527495,0.7483054676909173
0.6745152354570637,0.7482150926344329
0.6745436766623207,0.7481247175779485
0.674517154266156,0.7480343425214641
0.6745721271393643,0.7480343425214641
0.6745456027386095,0.7479439674649797
0.6745740604874868,0.7478535924084952
0.674547529757052,0.7477632173520109
0.6745759947814742,0.7476728422955264
0.6745494577183397,0.747582467239042
0.674577930022021,0.7474920921825576
0.6746064116159556,0.7474017171260732
0.6745798662098221,0.7473113420695888
0.6746083550913838,0.7472209670131044
0.6746368532724009,0.74713059195662
0.6746653607574273,0.7470402169001356
0.6746388049955105,0.7469498418436512
0.6746673197812066,0.7468594667871667
0.67472240365774,0.7468594667871667
0.6746958438801339,0.7467690917306823
0.6746692797648212,0.7466787166741979
0.6747243772968559,0.7466787166741979
0.6747529200359389,0.7465883416177135
0.6747814721019525,0.7464979665612291
0.6748100334994689,0.7464075915047447
0.6747834613498938,0.7463172164482603
0.6747568848573997,0.7462268413917759
0.6747303040209218,0.7461364663352915
0.6747037188393952,0.746046091278807
0.6747588687264999,0.746046091278807
0.6747322815335568,0.7459557162223226
0.6747608535688006,0.7458653411658382
0.6747894349497097,0.7457749661093538
0.6748180256808702,0.7456845910528694
0.6747914281040406,0.745594215996385
0.6748200261780105,0.7455038409399006
0.6747934222367667,0.7454134658834162
0.6747668139420717,0.7453230908269318
0.6747954173486088,0.7452327157704474
0.674768802684344,0.7451423407139629
0.6747421836634474,0.7450519656574786
0.674715560284849,0.7449615906009941
0.6747441670077773,0.7448712155445097
0.6747175372523334,0.7447808404880253
0.6746909031360027,0.7446904654315409
0.6746642646577137,0.7446000903750565
0.6746376218163951,0.7445097153185721
0.6746928746928746,0.7445097153185721
0.6747481366205258,0.7445097153185721
0.674721494102228,0.7444193402620877
0.6746948472188089,0.7443289652056032
0.6747234739860712,0.7442385901491189
0.6747521101368515,0.7441482150926344
0.6747254548434682,0.74405784003615
0.6747540983606557,0.7439674649796656
0.6747827512707001,0.7438770899231812
0.6747560875625154,0.7437867148666968
0.6747847478474784,0.7436963398102124
0.6747580777431523,0.743605964753728
0.6747314032641679,0.7435155896972435
0.6747600689032893,0.7434252146407592
0.6747333880229697,0.7433348395842747
0.674706702764788,0.7432444645277904
0.6747353737589235,0.7431540894713059
0.6747086820942064,0.7430637144148216
0.6747373604727511,0.7429733393583371
0.674710662398424,0.7428829643018527
0.6747393481651752,0.7427925892453683
0.674712643678161,0.7427022141888838
0.6747413368369191,0.7426118391323995
0.6747146259341381,0.742521464075915
0.6746879106438897,0.7424310890194307
0.6747433264887064,0.7424310890194307
0.6747720364741642,0.7423407139629462
0.6748007558951606,0.7422503389064619
0.6748294847563481,0.7421599638499774
0.6748582230623819,0.742069588793493
0.6748314976163078,0.7419792137370086
0.6748602433410062,0.7418888386805241
0.6748889985199803,0.7417984636240398
0.6748622646163966,0.7417080885675553
0.6748355263157895,0.741617713511071
0.6748087836170737,0.7415273384545865
0.6748375421567822,0.7414369633981022
0.6748930569266206,0.7414369633981022
0.6748663101604279,0.7413465883416177
0.6748950876326832,0.7412562132851334
0.674923874578224,0.7411658382286489
0.6749526710017285,0.7410754631721644
0.6749814769078785,0.7409850881156801
0.6749547176025029,0.7408947130591956
0.6749835309617919,0.7408043380027113
0.6750123538132103,0.7407139629462268
0.6750411861614497,0.7406235878897425
0.6750144163440152,0.740533212833258
0.6750432561588531,0.7404428377767737
0.6750721054800165,0.7403524627202892
0.6750453271798252,0.7402620876638047
0.6750185444655072,0.7401717126073204
0.6750473992251257,0.7400813375508359
0.6750206100577082,0.7399909624943516
0.6750494722955145,0.7399005874378671
0.6750226766718892,0.7398102123813828
0.6749958766287316,0.7397198373248983
0.675024744308809,0.739629462268414
0.6749979378041738,0.7395390872119295
0.674971126876753,0.739448712155445
0.6749443115254516,0.7393583370989607
0.6749174917491749,0.7392679620424762
0.6748906675468272,0.7391775869859919
0.674863838917313,0.7390872119295074
0.674892703862661,0.7389968368730231
0.6749215783391118,0.7389064618165386
0.674950462351387,0.7388160867600543
0.6749793559042114,0.7387257117035698
0.6750082590023125,0.7386353366470854
0.6750371716504213,0.738544961590601
0.6750660938532717,0.7384545865341166
0.6750950256156008,0.7383642114776322
0.6751239669421487,0.7382738364211477
0.6750971154640879,0.7381834613646634
0.6751260643134661,0.7380930863081789
0.675155022736668,0.7380027112516946
0.6751839907384437,0.7379123361952101
0.6751571286801191,0.7378219611387257
0.6751302621784798,0.7377315860822413
0.6751033912324235,0.7376412110257569
0.6751592356687898,0.7376412110257569
0.675132362673726,0.7375508359692725
0.6751613437034586,0.737460460912788
0.675190334326382,0.7373700858563037
0.6752193345472604,0.7372797107998192
0.6752483443708609,0.7371893357433349
0.6752773638019539,0.7370989606868504
0.6752504761116171,0.737008585630366
0.67527950310559,0.7369182105738816
0.6752526089117111,0.7368278355173972
0.6752257102625694,0.7367374604609128
0.6751988071570576,0.7366470854044284
0.6752278376139188,0.736556710347944
0.6752009279973485,0.7364663352914596
0.6752568776930726,0.7364663352914596
0.6752299660230381,0.7363759602349752
0.6752859273993038,0.7363759602349752
0.6752590136759221,0.7362855851784907
0.6752320954907162,0.7361952101220063
0.6752051728425765,0.7361048350655219
0.6752342260177432,0.7360144600090375
0.6752072968490879,0.7359240849525531
0.6751803632141968,0.7358337098960687
0.6752363576049096,0.7358337098960687
0.6752094219125819,0.7357433348395843
0.6752384902530071,0.7356529597830999
0.6752115480338476,0.7355625847266155
0.6752406239628278,0.735472209670131
0.6752697095435685,0.7353818346136466
0.6752427587351647,0.7352914595571622
0.6752158034528553,0.7352010845006778
0.6751888436955259,0.7351107094441934
0.6752179327521793,0.735020334387709
0.6752470314705639,0.7349299593312246
0.6752761398554937,0.7348395842747402
0.675249169435216,0.7347492092182558
0.6752221945344298,0.7346588341617714
0.6751952151520186,0.7345684591052869
0.6752243270189432,0.7344780840488025
0.6752534485624065,0.7343877089923181
0.675282579787234,0.7342973339358337
0.6753117206982544,0.7342069588793493
0.6753408713002993,0.7341165838228649
0.6753138771098361,0.7340262087663805
0.6752868784300682,0.7339358337098961
0.6752598752598753,0.7338454586534117
0.675232867598137,0.7337550835969272
0.6752620196306771,0.7336647085404429
0.675235005407204,0.7335743334839584
0.6752911813643927,0.7335743334839584
0.6752641650719694,0.733483958427474
0.6753203528041272,0.733483958427474
0.6752933344428727,0.7333935833709896
0.6753225135247607,0.7333032083145052
0.675351702322484,0.7332128332580208
0.6753809008408959,0.7331224582015364
0.675353871773522,0.733032083145052
0.675410109084853,0.733032083145052
0.6753830779480346,0.7329417080885675
0.6754122938530734,0.7328513330320832
0.6754415194935022,0.7327609579755987
0.675414479713405,0.7326705829191144
0.6754437130239147,0.7325802078626299
0.6754729560796733,0.7324898328061455
0.6754459076512752,0.7323994577496611
0.6754188547136785,0.7323090826931767
0.6754481033764068,0.7322187076366923
0.6754210438552609,0.7321283325802078
0.6754503002001334,0.7320379575237235
0.6754232340922358,0.731947582467239
0.6754524981232797,0.7318572074107547
0.6754254254254254,0.7317668323542702
0.6753983482105614,0.7316764572977859
0.6754276178556529,0.7315860822413014
0.6754005340453939,0.731495707184817
0.6754298113837423,0.7314053321283326
0.6754590984974959,0.7313149570718481
0.6754320060105184,0.7312245820153638
0.6754883953915511,0.7312245820153638
0.6755177020708083,0.7311342069588793
0.6755470185401704,0.731043831902395
0.675576344804544,0.7309534568459105
0.6755492440063486,0.7308630817894262
0.675578577993149,0.7307727067329417
0.6756079217849085,0.7306823316764574
0.6756372753865441,0.7305919566199729
0.6756101638248078,0.7305015815634884
0.6755830477305024,0.7304112065070041
0.6756124069893822,0.7303208314505196
0.6755852842809364,0.7302304563940353
0.6755581570365415,0.7301400813375508
0.6755310252550594,0.7300497062810665
0.6755875219536673,0.7300497062810665
0.6755603880896621,0.729959331224582
0.6755897607495399,0.7298689561680977
0.6755626202626955,0.7297785811116132
0.6755920006694001,0.7296882060551287
0.6756213909113733,0.7295978309986444
0.6756507909935549,0.7295074559421599
0.675707349740499,0.7295074559421599
0.6756802009208874,0.7294170808856756
0.675709620698317,0.7293267058291911
0.675682465248702,0.7292363307727068
0.6756553052508165,0.7291459557162223
0.6756847307144652,0.729055580659738
0.6756575640810856,0.7289652056032535
0.6756303928960375,0.728874830546769
0.6756598240469208,0.7287844554902847
0.6756892650632699,0.7286940804338002
0.6756620851491787,0.7286037053773159
0.6756349006789037,0.7285133303208314
0.6756077116512993,0.7284229552643471
0.6755805180652192,0.7283325802078626
0.6755533199195171,0.7282422051513783
0.675526117213046,0.7281518300948938
0.6755555555555556,0.7280614550384094
0.6755283461925529,0.727971079981925
0.6755011322653695,0.7278807049254405
0.6754739137728569,0.7277903298689562
0.675503355704698,0.7276999548124717
0.6755328075180399,0.7276095797559874
0.6755055802634892,0.7275192046995029
0.6754783484390735,0.7274288296430186
0.6755078059425885,0.7273384545865341
0.6755372733378107,0.7272480795300497
0.6755667506297229,0.7271577044735653
0.675539507935175,0.7270673294170809
0.6755689930293105,0.7269769543605965
0.6755984880302394,0.726886579304112
0.6756279929429555,0.7267962042476277
0.6756575077724561,0.7267058291911432
0.6757142857142857,0.7267058291911432
0.6756870325237415,0.7266154541346589
0.6757165672018156,0.7265250790781744
0.6757461118116855,0.72643470402169
0.6757188498402555,0.7263443289652056
0.6757756663583621,0.7263443289652056
0.675748402287252,0.7262539539087212
0.6757779646761984,0.7261635788522368
0.6757506939187484,0.7260732037957524
0.675780264154118,0.725982828739268
0.6757529867070503,0.7258924536827835
0.675782564792999,0.7258020786262992
0.6757552806530337,0.7257117035698147
0.6757279919205521,0.7256213285133303
0.6757006985943944,0.7255309534568459
0.6756734006734006,0.7254405784003615
0.6757029802997138,0.7253502033438771
0.6757325698888514,0.7252598282873927
0.6757052631578947,0.7251694532309083
0.6756779518275223,0.7250790781744239
0.675650635896572,0.7249887031179395
0.6756802291298122,0.724898328061455
0.6756529064869419,0.7248079530049706
0.6756825075834176,0.7247175779484862
0.6757121186583516,0.7246272028920018
0.675684787189212,0.7245368278355174
0.6756574511126096,0.724446452779033
0.6756301104273792,0.7243560777225486
0.6756597251496501,0.7242657026660642
0.6756893498608652,0.7241753276095798
0.6757189845660792,0.7240849525530954
0.6757486292703501,0.7239945774966109
0.6758056352286148,0.7239945774966109
0.6757782839787395,0.7239042024401265
0.6757509281133985,0.7238138273836421
0.6758079486963126,0.7238138273836421
0.6757805907172996,0.7237234523271577
0.6757532281205165,0.7236330772706733
0.675810263335584,0.7236330772706733
0.6757828986241242,0.7235427022141889
0.6758125791473195,0.7234523271577045
0.6757852077001013,0.7233619521012201
0.6757578316304991,0.7232715770447357
0.6757304509373416,0.7231812019882512
0.6757030656194578,0.7230908269317669
0.6757327476982853,0.7230004518752824
0.6757053556343977,0.722910076818798
0.6757350456235215,0.7228197017623136
0.6757647456481325,0.7227293267058292
0.6757373447139357,0.7226389516493448
0.675709939148073,0.7225485765928604
0.6756825289493703,0.722458201536376
0.6756551141166526,0.7223678264798915
0.6756848156915793,0.7222774514234072
0.6757145273127009,0.7221870763669227
0.675744248985115,0.7220967013104383
0.6757168231413346,0.7220063262539539
0.6757465527451146,0.7219159511974695
0.6757191201353638,0.7218255761409851
0.6757488576747335,0.7217352010845007
0.6757214182956757,0.7216448260280163
0.6757511637748624,0.7215544509715318
0.6757809193261661,0.7214640759150475
0.6758106849547032,0.721373700858563
0.675840460665594,0.7212833258020787
0.6758702464639621,0.7211929507455942
0.6758427918007792,0.7211025756891098
0.6758153324862346,0.7210122006326254
0.6758451241209862,0.720921825576141
0.6758176580240637,0.7208314505196566
0.675790187272265,0.7207410754631721
0.6757627118644067,0.7206507004066878
0.6757925072046109,0.7205603253502033
0.6758223126483554,0.720469950293719
0.6757948283170835,0.7203795752372345
0.6758246417366234,0.7202892001807502
0.6758544652701213,0.7201988251242657
0.6758269720101782,0.7201084500677813
0.6758568035290126,0.7200180750112969
0.6758866451722383,0.7199276999548124
0.6759164969450102,0.7198373248983281
0.6759463588524869,0.7197469498418436
0.6760037348272643,0.7197469498418436
0.6759762308998302,0.7196565747853593
0.6760061130922058,0.7195661997288748
0.6760360054347826,0.7194758246723905
0.6760084925690021,0.719385449615906
0.6760383929329823,0.7192950745594217
0.6760683034576501,0.7192046995029372
0.6760982241481859,0.7191143244464527
0.6760707002039429,0.7190239493899684
0.6761006289308176,0.7189335743334839
0.6760730981725457,0.7188431992769996
0.676045562733764,0.7187528242205151
0.6760180226132789,0.7186624491640308
0.6760479551058584,0.7185720741075463
0.6760778977804235,0.718481699051062
0.6761078506421706,0.7183913239945775
0.6761378136962994,0.718300948938093
0.6761677869480133,0.7182105738816087
0.6761402314499659,0.7181201988251242
0.6761126712620202,0.7180298237686399
0.6761426504383352,0.7179394487121554
0.676200204290092,0.7179394487121554
0.6761726398229335,0.7178490736556711
0.6761450706623532,0.7177586985991866
0.6762026394210302,0.7177586985991866
0.676175068119891,0.7176683235427023
0.6762050757962869,0.7175779484862178
0.6762350936967632,0.7174875734297333
0.6762075134168157,0.717397198373249
0.6762651218265463,0.717397198373249
0.6762951601908657,0.7173068233167645
0.6762675756284618,0.7172164482602802
0.6762399863644111,0.7171260732037957
0.6762123923975113,0.7170356981473114
0.6761847937265598,0.7169453230908269
0.6762148337595908,0.7168549480343426
0.6761872282377014,0.7167645729778581
0.6762448840381992,0.7167645729778581
0.6762172763707683,0.7166741979213737
0.6762473347547975,0.7165838228648893
0.6762197202320027,0.7164934478084048
0.6762497867258147,0.7164030727519205
0.6762798634812287,0.716312697695436
0.6763099505034988,0.7162223226389517
0.6762823248271742,0.7161319475824672
0.6763400477978833,0.7161319475824672
0.6763124199743918,0.7160415725259829
0.6762847874338398,0.7159511974694984
0.6762571501750192,0.715860822413014
0.6762295081967213,0.7157704473565296
0.6762018614977372,0.7156800723000452
0.6762596071733561,0.7156800723000452
0.6762319583226578,0.7155896972435608
0.6762043047488896,0.7154993221870763
0.6762620654309388,0.7154993221870763
0.6762921828278513,0.715408947130592
0.6762645249487355,0.7153185720741075
0.6762946504870962,0.7152281970176232
0.6763247863247863,0.7151378219611387
0.6763549324670884,0.7150474469046543
0.676327263400872,0.7149570718481699
0.6763850889192886,0.7149570718481699
0.6764152556866769,0.7148666967916855
0.6764454327745467,0.7147763217352011
0.6764756201881951,0.7146859466787167
0.6765058179329226,0.7145955716222323
0.6764781381021648,0.7145051965657478
0.6764504535341435,0.7144148215092635
0.6764227642276422,0.714324446452779
0.6764529658478131,0.7142340713962946
0.676483177810119,0.7141436963398102
0.6764554794520548,0.7140533212833258
0.676485699606097,0.7139629462268414
0.6765159301130524,0.713872571170357
0.6764882226980728,0.7137821961138726
0.6764605105362343,0.7136918210573882
0.6764907470870459,0.7136014460009038
0.6764630280181647,0.7135110709444193
0.6764932727740166,0.7134206958879349
0.6765235278992029,0.7133303208314505
0.6764957997599863,0.7132399457749661
0.6764680668666953,0.7131495707184817
0.6764983280459573,0.7130591956619973
0.6765285996055227,0.7129688206055129
0.6765008576329331,0.7128784455490285
0.6764731109014496,0.7127880704925441
0.6765033885219182,0.7126976954360597
0.6764756348661634,0.7126073203795752
0.6764478764478764,0.7125169453230908
0.6764201132658315,0.7124265702666064
0.676392345318802,0.712336195210122
0.6764226246674105,0.7122458201536376
0.6764529144132544,0.7121554450971532
0.676510989010989,0.7121554450971532
0.6764832145616897,0.7120650700406688
0.6764554353426069,0.7119746949841844
0.6764857437306767,0.7118843199277
0.676516062532211,0.7117939448712155
0.6765463917525774,0.7117035698147312
0.6765186012544033,0.7116131947582467
0.676490805980409,0.7115228197017623
0.6764630059293633,0.7114324446452779
0.6764933390631714,0.7113420695887935
0.6764655320612,0.7112516945323091
0.6764958734525447,0.7111613194758247
0.6764680594961741,0.7110709444193403
0.6764402407566638,0.7109805693628558
0.6764124172327801,0.7108901943063715
0.6763845889232886,0.710799819249887
0.676414932048856,0.7107094441934027
0.676445285615967,0.7106190691369182
0.6764174481631249,0.7105286940804338
0.6763896059198072,0.7104383190239494
0.6764199655765921,0.710347943967465
0.6763921163611326,0.7102575689109806
0.6763642623515235,0.7101671938544961
0.6764224842902643,0.7101671938544961
0.6764528626775721,0.7100768187980118
0.676425004305149,0.7099864437415273
0.6764553909748536,0.709896068685043
0.6764857881136951,0.7098056936285585
0.6765440606426049,0.7098056936285585
0.6765161957270848,0.7097153185720741
0.6765466138204377,0.7096249435155897
0.6765770423991727,0.7095345684591053
0.6765491683185383,0.7094441934026209
0.6766074814687123,0.7094441934026209
0.6766379310344828,0.7093538183461364
0.6766683911019141,0.7092634432896521
0.6766988616764401,0.7091730682331676
0.6766709788702027,0.7090826931766833
0.6767014577762442,0.7089923181201988
0.6767319472004141,0.7089019430637145
0.6767624471481577,0.70881156800723
0.6767929576249245,0.7087211929507456
0.6767650612808562,0.7086308178942612
0.6767955801104972,0.7085404428377767
0.6767676767676768,0.7084500677812924
0.6767397686064583,0.7083596927248079
0.6767702936096719,0.7082693176683236
0.6767423784437343,0.7081789426118391
0.6767144584556918,0.7080885675553548
0.676772911807895,0.7080885675553548
0.676744989633725,0.7079981924988703
0.6767755313634007,0.707907817442386
0.6767476021774821,0.7078174423859015
0.6767781522772448,0.707727067329417
0.6767502160760588,0.7076366922729327
0.6768087129397528,0.7076366922729327
0.6767807745504841,0.7075463172164482
0.6768113435932906,0.7074559421599639
0.676841923209962,0.7073655671034794
0.6768139756118654,0.7072751920469951
0.6767860231793807,0.7071848169905106
0.6768166089965398,0.7070944419340263
0.6767886495371572,0.7070040668775418
0.6767606852396608,0.7069136918210573
0.6767327161027948,0.706823316764573
0.6767047421253028,0.7067329417080885
0.6767633059281696,0.7067329417080885
0.6767353297559286,0.7066425666516042
0.6767659279778393,0.7065521915951197
0.6767965367965368,0.7064618165386354
0.6767685513897307,0.7063714414821509
0.6768271562175269,0.7063714414821509
0.6768577862463191,0.7062810664256666
0.6768297964486791,0.7061906913691821
0.6768018018018018,0.7061003163126977
0.676773802304427,0.7060099412562133
0.6767457979552937,0.7059195661997288
0.6767764298093587,0.7058291911432445
0.676748418407141,0.70573881608676
0.6768070722828913,0.70573881608676
0.6767790586807663,0.7056484410302757
0.6768377253814147,0.7056484410302757
0.676868389110456,0.7055580659737912
0.6768990634755463,0.7054676909173069
0.676871043274651,0.7053773158608224
0.6768430182133565,0.705286940804338
0.6768736988202637,0.7051965657478536
0.6768456666955843,0.7051061906913692
0.6768763557483731,0.7050158156348848
0.6768483165567512,0.7049254405784003
0.676879014060059,0.704835065521916
0.6769097222222222,0.7047446904654315
0.6768816737564025,0.7046543154089472
0.6768536204202118,0.7045639403524627
0.6768843348384855,0.7044735652959783
0.6769150599270454,0.7043831902394939
0.6769457956914524,0.7042928151830095
0.676976542137272,0.7042024401265251
0.6769484751064384,0.7041120650700406
0.6769792300338924,0.7040216900135563
0.6769511559186512,0.7039313149570718
0.6770099956540635,0.7039313149570718
0.6769819193324061,0.7038409399005875
0.6769538381291836,0.703750564844103
0.6769257520431229,0.7036601897876186
0.6769565217391305,0.7035698147311342
0.6769284285590051,0.7034794396746498
0.6769592067495869,0.7033890646181654
0.6769311064718163,0.703298689561681
0.6769899956502827,0.703298689561681
0.6769618931616496,0.7032083145051966
0.677020795266684,0.7032083145051966
0.6769926905673512,0.7031179394487121
0.6769645809764163,0.7030275643922278
0.6769364664926023,0.7029371893357433
0.676967270194986,0.7028468142792589
0.6769391486027684,0.7027564392227745
0.6769110221138778,0.7026660641662901
0.6769699608184588,0.7026660641662901
0.6769418321142459,0.7025756891098057
0.6769136985108422,0.7024853140533213
0.6768855600069674,0.7023949389968369
0.6769163763066202,0.7023045639403525
0.6769472033455306,0.7022141888838681
0.676919055502309,0.7021238138273836
0.6768909027535727,0.7020334387708992
0.6769217360990064,0.7019430637144148
0.6769525801952581,0.7018526886579304
0.6769244180978119,0.701762313601446
0.6769552707297933,0.7016719385449616
0.6769271014998256,0.7015815634884772
0.6768989273567629,0.7014911884319928
0.6769297863061492,0.7014008133755084
0.6769606560237286,0.701310438319024
0.6769324725178851,0.7012200632625395
0.6769633507853403,0.7011296882060551
0.6769942398324315,0.7010393131495707
0.6769660469581915,0.7009489380930863
0.6769378491620112,0.7008585630366019
0.6769096464426014,0.7007681879801175
0.6769405395966123,0.7006778129236331
0.6769123297240657,0.7005874378671487
0.6768841149244608,0.7004970628106643
0.6768558951965066,0.7004066877541798
0.6768867924528302,0.7003163126976955
0.6768585655630296,0.700225937641211
0.676830333741045,0.7001355625847266
0.6768894713848842,0.7001355625847266
0.676861237329605,0.7000451875282422
0.676892151721727,0.6999548124717578
0.676923076923077,0.6998644374152734
0.6768948334644637,0.699774062358789
0.6769540129393251,0.699774062358789
0.6769257672466555,0.6996836873023046
0.6768975166142007,0.6995933122458201
0.6768692610406646,0.6995029371893358
0.6769002011720459,0.6994125621328513
0.6769311521301723,0.699322187076367
0.676962113920728,0.6992318120198825
0.6769338466923346,0.6991414369633981
0.6769648170838438,0.6990510619069137
0.6769365426695843,0.6989606868504293
0.6769082633053222,0.6988703117939449
0.6769392400630363,0.6987799367374604
0.6769109535066982,0.6986895616809761
0.6769419388738068,0.6985991866244916
0.6769136451217376,0.6985088115680073
0.6768853464132434,0.6984184365115228
0.6768570427470217,0.6983280614550385
0.6768880322411074,0.698237686398554
0.676919032597266,0.6981473113420696
0.6769500438212095,0.6980569362855852
0.6769217284599878,0.6979665612291007
0.6768934081346424,0.6978761861726164
0.6769244257408381,0.6977858111161319
0.6768960982025427,0.6976954360596476
0.676867765696247,0.6976050610031631
0.6768394282206437,0.6975146859466788
0.6768110857744255,0.6974243108901943
0.6767827383562846,0.69733393583371
0.6767543859649123,0.6972435607772255
0.6767854009475347,0.697153185720741
0.6768164268164268,0.6970628106642567
0.6767880649407635,0.6969724356077722
0.6768190994470289,0.6968820605512879
0.6768501448511983,0.6967916854948034
0.6768217734855136,0.6967013104383191
0.6767933971375889,0.6966109353818346
0.6768244489329938,0.6965205603253503
0.6767960653434042,0.6964301852688658
0.6767676767676768,0.6963398102123813
0.6767392832044975,0.696249435155897
0.6767703391319627,0.6961590600994125
0.6767419383182497,0.6960686850429282
0.676713532513181,0.6959783099864437
0.6766851217154407,0.6958879349299594
0.6766567059237124,0.6957975598734749
0.6766877637130801,0.6957071848169906
0.6766593406593406,0.6956168097605061
0.6767188324248286,0.6956168097605061
0.6766904071045459,0.6955264347040216
0.6766619767850862,0.6954360596475373
0.6766930518909411,0.6953456845910528
0.6766646143020494,0.6952553095345685
0.6766361717100633,0.695164934478084
0.676667253211332,0.6950745594215997
0.6766983456529391,0.6949841843651152
0.6767294490406619,0.6948938093086309
0.6767009946307543,0.6948034342521464
0.6767605633802817,0.6948034342521464
0.6767916886775841,0.694713059195662
0.6767632297261601,0.6946226841391776
0.6767943637164244,0.6945323090826931
0.6768255086761209,0.6944419340262088
0.6767970401691332,0.6943515589697243
0.6767685666461105,0.69426118391324
0.6767997180368315,0.6941708088567555
0.676771237222418,0.6940804338002712
0.6768023973206416,0.6939900587437867
0.6768620537681798,0.6939900587437867
0.6768335684062059,0.6938996836873023
0.6768647504849233,0.6938093086308179
0.6768362578255885,0.6937189335743335
0.6768077601410935,0.6936285585178491
0.6767792574301085,0.6935381834613646
0.6768104436799859,0.6934478084048803
0.6767819336626676,0.6933574333483958
0.6767534186149096,0.6932670582919115
0.6767248985353803,0.693176683235427
0.6766963734227477,0.6930863081789426
0.6766678432756795,0.6929959331224582
0.6766393080928427,0.6929055580659738
0.6766107678729038,0.6928151830094894
0.6766419491525424,0.692724807953005
0.6766134016067803,0.6926344328965206
0.6765848490199541,0.6925440578400361
0.6766160367361357,0.6924536827835518
0.676587476817098,0.6923633077270673
0.6765589118530295,0.6922729326705829
0.6765901060070671,0.6921825576140985
0.6765615337043909,0.6920921825576141
0.6765927365909693,0.6920018075011297
0.676623950508175,0.6919114324446453
0.676655175461858,0.6918210573881609
0.6766864114578729,0.6917306823316764
0.676657824933687,0.6916403072751921
0.6766292333539659,0.6915499322187076
0.6766604758114443,0.6914595571622232
0.6766917293233082,0.6913691821057388
0.6766631280962491,0.6912788070492544
0.6766345218083695,0.69118843199277
0.676605910458326,0.6910980569362856
0.6766371681415929,0.6910076818798012
0.6766684368914853,0.6909173068233168
0.6766997167138811,0.6908269317668324
0.6766710934041611,0.690736556710348
0.6767310076146626,0.690736556710348
0.6767023820065527,0.6906461816538635
0.676673751328374,0.6905558065973791
0.6766451155787796,0.6904654315408947
0.6766764106652493,0.6903750564844103
0.6766477675407513,0.6902846814279259
0.6766790714159135,0.6901943063714415
0.676650420912716,0.6901039313149571
0.6766817335814943,0.6900135562584727
0.6766530756957986,0.6899231812019883
0.6766843971631206,0.6898328061455038
0.676655731891125,0.6897424310890194
0.6766270615357333,0.689652056032535
0.6765983860955928,0.6895616809760506
0.6765697055693508,0.6894713059195662
0.6766010289160901,0.6893809308630818
0.6765723409917502,0.6892905558065974
0.6765436479772888,0.689200180750113
0.6765749778172139,0.6891098056936286
0.676546277398172,0.6890194306371441
0.6765776160468625,0.6889290555806598
0.6765489082194213,0.6888386805241753
0.676520195295162,0.688748305467691
0.6765515404421557,0.6886579304112065
0.6765828967232039,0.6885675553547221
0.6765541740674955,0.6884771802982377
0.676525446309619,0.6883868052417533
0.6765568090965621,0.6882964301852689
0.6765280739161336,0.6882060551287844
0.6765594455304781,0.6881156800723001
0.6766195681151693,0.6881156800723001
0.6765908282971916,0.6880253050158156
0.6766222222222222,0.6879349299593313
0.676653627311522,0.6878445549028468
0.6766850435710475,0.6877541798463624
0.6767164710067591,0.687663804789878
0.6766877168015654,0.6875734297333936
0.6766589574808752,0.6874830546769092
0.6766903914590747,0.6873926796204247
0.6767218366257342,0.6873023045639404
0.6766930675447184,0.6872119295074559
0.6766642933428266,0.6871215544509716
0.6766957450596404,0.6870311793944871
0.676727207977208,0.6869408043380028
0.6767586821015138,0.6868504292815183
0.6767901674385465,0.686760054225034
0.6767613788189186,0.6866696791685495
0.6767325850703724,0.686579304112065
0.6767928730512249,0.686579304112065
0.6768243785084203,0.6864889290555807
0.6768558951965066,0.6863985539990962
0.6768874231214903,0.6863081789426119
0.6768586200748796,0.6862178038861274
0.6768901569186876,0.6861274288296431
0.6769217050115927,0.6860370537731586
0.6769820743779542,0.6860370537731586
0.6769532643596147,0.6859466787166743
0.6769848349687779,0.6858563036601898
0.6770164168451106,0.6857659286037053
0.6770480099946458,0.685675553547221
0.6770191878625613,0.6855851784907365
0.6770796144234202,0.6855851784907365
0.6770507899669731,0.6854948034342522
0.6770824033568431,0.6854044283777677
0.6771140280382177,0.6853140533212834
0.6771456640171475,0.6852236782647989
0.6771168274383709,0.6851333032083146
0.6771484723959263,0.6850429281518301
0.6771196283391405,0.6849525530953456
0.6770907791279486,0.6848621780388613
0.6771512822804039,0.6848621780388613
0.6771224307417337,0.6847718029823768
0.6771540936717912,0.6846814279258925
0.6771252346473585,0.684591052869408
0.6771569065713009,0.6845006778129237
0.6771280400572246,0.6844103027564392
0.6770991683805777,0.6843199276999549
0.6771308469725427,0.6842295526434704
0.6771625368995438,0.684139177586986
0.677133655394525,0.6840488025305016
0.6771047687214816,0.6839584274740171
0.6770758768790265,0.6838680524175328
0.6771075711473062,0.6837776773610483
0.6770786717980847,0.683687302304564
0.6770497672753312,0.6835969272480795
0.6770814682184423,0.6835065521915952
0.6771131805157593,0.6834161771351107
0.6771449041733835,0.6833258020786263
0.677115987460815,0.6832354270221419
0.6771766391974203,0.6832354270221419
0.6772083855939796,0.6831450519656574
0.6772401433691756,0.6830546769091731
0.6772112196433372,0.6829643018526886
0.6771822907331063,0.6828739267962043
0.6771533566370889,0.6827835517397198
0.6772140552169237,0.6827835517397198
0.6771851187808158,0.6826931766832355
0.6772168923159688,0.682602801626751
0.6772486772486772,0.6825124265702666
0.6772197309417041,0.6824220515137822
0.6771907794421025,0.6823316764572978
0.677161822748475,0.6822413014008134
0.677132860859424,0.682150926344329
0.6771646478241364,0.6820605512878446
0.6771356783919598,0.6819701762313601
0.6771067037602082,0.6818798011748758
0.6770777239274816,0.6817894261183913
0.6770487388923795,0.6816990510619069
0.6770805278750337,0.6816086760054225
0.677112328275119,0.6815183009489381
0.6770833333333334,0.6814279258924537
0.6770543331836552,0.6813375508359693
0.6770861403036019,0.6812471757794849
0.6770571325907294,0.6811568007230004
0.6770889487870619,0.6810664256665161
0.6771207764198418,0.6809760506100316
0.6770917587849375,0.6808856755535472
0.6770627359338487,0.6807953004970628
0.6770337078651686,0.6807049254405784
0.6770046745774901,0.680614550384094
0.6769756360694057,0.6805241753276096
0.6769465923395073,0.6804338002711252
0.6770074633576117,0.6804338002711252
0.6770393020955122,0.6803434252146408
0.6770711522892867,0.6802530501581564
0.6771030139451192,0.6801626751016719
0.6770739607701998,0.6800723000451875
0.6771058315334774,0.6799819249887031
0.6770767707677077,0.6798915499322187
0.677047704770477,0.6798011748757343
0.6770186335403726,0.6797107998192499
0.6770505086882146,0.6796204247627655
0.6770214298577345,0.6795300497062811
0.6770533141210374,0.6794396746497967
0.6770852098720951,0.6793492995933123
0.6770561210701739,0.6792589245368278
0.677027027027027,0.6791685494803434
0.6770880259482837,0.6791685494803434
0.6770589295368535,0.679078174423859
0.6770298278814094,0.6789877993673746
0.6770007209805335,0.6788974243108902
0.6769716088328076,0.6788070492544058
0.677003515730641,0.6787166741979214
0.676974395961053,0.678626299141437
0.6769452709404021,0.6785359240849526
0.6769771845973487,0.6784455490284681
0.676948051948052,0.6783551739719837
0.6769189140434744,0.6782647989154993
0.6768897708821937,0.6781744238590149
0.6769216889209672,0.6780840488025305
0.6769536184804187,0.6779936737460461
0.6769244653009656,0.6779032986895617
0.6768953068592057,0.6778129236330773
0.6769272431846903,0.6777225485765929
0.6769591910436981,0.6776321735201084
0.6769300225733634,0.6775417984636241
0.6769008488351093,0.6774514234071396
0.6768716698275083,0.6773610483506552
0.676842485549133,0.6772706732941708
0.6768132959985548,0.6771802982376864
0.6768452434727618,0.677089923181202
0.6769063968196602,0.677089923181202
0.6768772024939008,0.6769995481247176
0.6769091730682332,0.6769091730682332
0.6769411552020248,0.6768187980117487
0.6769731489015459,0.6767284229552644
0.6769439421338156,0.6766380478987799
0.6769759450171822,0.6765476728422956
0.6769467305779144,0.6764572977858111
0.676917510853835,0.6763669227293267
0.6769787426503845,0.6763669227293267
0.6769495205355528,0.6762765476728423
0.676920293133086,0.6761861726163579
0.6769523120079631,0.6760957975598735
0.6769843424744321,0.676005422503389
0.6770163845387888,0.6759150474469047
0.676987144667753,0.6758246723904202
0.6770191959434987,0.6757342973339359
0.6770512588299221,0.6756439222774514
0.6770220088760076,0.675553547220967
0.6770540809855965,0.6754631721644826
0.6770248233375612,0.6753727971079982
0.6770569046756071,0.6752824220515138
0.6770889976436469,0.6751920469950293
0.6771503670805764,0.6751920469950293
0.6771211022480058,0.675101671938545
0.677182485722056,0.675101671938545
0.6771532184950136,0.6750112968820605
0.6771239459606492,0.6749209218255762
0.6770946681175191,0.6748305467690917
0.6771267912207509,0.6747401717126074
0.6770975056689342,0.6746497966561229
0.6770682148040639,0.6745594215996386
0.6771003447650155,0.6744690465431541
0.6770710461845567,0.6743786714866696
0.6770417422867514,0.6742882964301853
0.6770124330701516,0.6741979213737008
0.6770445674866116,0.6741075463172165
0.6770767135724013,0.674017171260732
0.6771088713338781,0.6739267962042477
0.6771410407774044,0.6738364211477632
0.6771117166212534,0.6737460460912789
0.6771438953488372,0.6736556710347944
0.6771760857713974,0.6735652959783099
0.6772082878953108,0.6734749209218256
0.6772405017269587,0.6733845458653411
0.6772111626215799,0.6732941708088568
0.6771818181818182,0.6732037957523723
0.6772140389161666,0.673113420695888
0.6771846867327453,0.6730230456394035
0.6772169167803547,0.6729326705829192
0.6771875568491905,0.6728422955264347
0.6771581915764577,0.6727519204699502
0.6771904285324356,0.6726615454134659
0.6772226772226773,0.6725711703569814
0.6772549376535906,0.6724807953004971
0.6772255598033862,0.6723904202440126
0.6771961766044606,0.6723000451875283
0.6772284439588455,0.6722096701310438
0.6771990529958113,0.6721192950745595
0.6772607230671159,0.6721192950745595
0.677231329690346,0.672028920018075
0.6772636181453817,0.6719385449615906
0.6772959183673469,0.6718481699051062
0.6772665148063781,0.6717577948486217
0.6772371058866411,0.6716674197921374
0.6772076916066709,0.6715770447356529
0.6772399963540242,0.6714866696791686
0.6772105742935278,0.6713962946226841
0.6771811468684474,0.6713059195661998
0.6771517140773158,0.6712155445097153
0.6771222759186651,0.6711251694532309
0.6770928323910268,0.6710347943967465
0.6771545827633378,0.6710347943967465
0.6771251368113828,0.670944419340262
0.6770956854875491,0.6708540442837777
0.6771279992701396,0.6707636692272932
0.6770985401459854,0.6706732941708089
0.677069075645588,0.6705829191143244
0.677130863296222,0.6705829191143244
0.6771631982475356,0.6704925440578401
0.6771955450063903,0.6704021690013556
0.6772279035792549,0.6703117939448712
0.6771984293671811,0.6702214188883868
0.6772307973330898,0.6701310438319024
0.6772013153087322,0.670040668775418
0.6771718278980543,0.6699502937189336
0.6771423350995798,0.6698599186624492
0.6771747076023392,0.6697695436059647
0.6772070919393164,0.6696791685494804
0.6771775888858422,0.6695887934929959
0.6771480804387568,0.6694984184365115
0.6771185665965811,0.6694080433800271
0.6771509554722501,0.6693176683235427
0.6771833561957019,0.6692272932670583
0.6771538320834095,0.6691369182105739
0.6771243025702003,0.6690465431540895
0.677156710273534,0.668956168097605
0.6771271729185727,0.6688657930411207
0.6770976301582945,0.6687754179846362
0.6771300448430493,0.6686850429281518
0.6771004942339374,0.6685946678716674
0.677162471395881,0.6685946678716674
0.6772244599047967,0.6685946678716674
0.6771949098233087,0.668504292815183
0.6771653543307087,0.6684139177586986
0.6771357934255104,0.6683235427022142
0.6771682388497116,0.6682331676457298
0.6771386700860964,0.6681427925892454
0.6771090959054685,0.668052417532761
0.6771711249541956,0.668052417532761
0.6772035917170607,0.6679620424762766
0.6771740126454687,0.6678716674197921
0.6771444281524927,0.6677812923633077
0.6771769019248396,0.6676909173068233
0.677147309560913,0.6676005422503389
0.6771797927936187,0.6675101671938545
0.6771501925545571,0.6674197921373701
0.6771205868867491,0.6673294170808857
0.6770909757887014,0.6672390420244013
0.6771234635846634,0.6671486669679169
0.6770938446014128,0.6670582919114324
0.6770642201834862,0.666967916854948
0.6770967149935768,0.6668775417984636
0.6770670826833073,0.6667871667419792
0.6770995869664984,0.6666967916854948
0.6771617404075638,0.6666967916854948
0.677132103185532,0.6666064166290104
0.6771646313469838,0.666516041572526
0.6771349862258953,0.6664256665160416
0.6771675238795004,0.6663352914595572
0.6772000734888848,0.6662449164030727
0.6771704180064309,0.6661545413465884
0.677140757074605,0.6660641662901039
0.677173313729094,0.6659737912336195
0.6772058823529412,0.6658834161771351
0.6771762110488097,0.6657930411206507
0.6772384629527487,0.6657930411206507
0.6772087891881953,0.6657026660641663
0.6772413793103448,0.6656122910076819
0.677211697627368,0.6655219159511975
0.6772442972774099,0.665431540894713
0.6772146076717873,0.6653411658382287
0.6772472168552764,0.6652507907817442
0.6772798380417778,0.6651604157252599
0.6772501380452789,0.6650700406687754
0.6772204325816843,0.664979665612291
0.6772827687776142,0.664979665612291
0.6773154115264224,0.6648892905558066
0.6772857011324924,0.6647989154993222
0.6773183534395433,0.6647085404428378
0.6773510177765497,0.6646181653863533
0.6773836941501612,0.664527790329869
0.6773539708863092,0.6644374152733845
0.6773242421450291,0.6643470402169002
0.6772945079248065,0.6642566651604157
0.6773271889400921,0.6641662901039314
0.6773598820058997,0.6640759150474469
0.6773301373651701,0.6639855399909625
0.6773003872395353,0.6638951649344781
0.6773330874216157,0.6638047898779936
0.677365799667958,0.6637144148215093
0.6773985239852398,0.6636240397650248
0.6774312603801439,0.6635336647085405
0.6774014948786564,0.663443289652056
0.6774342408860176,0.6633529145955717
0.6774669989845842,0.6632625395390872
0.677529542097489,0.6632625395390872
0.6774997691810544,0.6631721644826029
0.6775325514821313,0.6630817894261184
0.677565345894523,0.6629914143696339
0.6775355625346389,0.6629010393131496
0.6775683665927569,0.6628106642566651
0.677601182775827,0.6627202892001808
0.677634011090573,0.6626299141436963
0.6776042148072835,0.662539539087212
0.6776370527872793,0.6624491640307275
0.6776072485207101,0.6623587889742432
0.6776400961716293,0.6622684139177587
0.6776729559748428,0.6621780388612742
0.6777058279370953,0.6620876638047899
0.6776760107317976,0.6619972887483054
0.6776461880088823,0.6619069136918211
0.6776790671848972,0.6618165386353366
0.6777119585338763,0.6617261635788523
0.677744862062581,0.6616357885223678
0.6777150263864457,0.6615454134658835
0.6776851851851852,0.661455038409399
0.6777180959436933,0.6613646633529146
0.6777510188958874,0.6612742882964302
0.6777211672070403,0.6611839132399457
0.6776913099870299,0.6610935381834614
0.6777242401779096,0.6610031631269769
0.6776943749420814,0.6609127880704926
0.6777273148577254,0.6608224130140081
0.6776974416017798,0.6607320379575238
0.677730391247914,0.6606416629010393
0.6777005099675475,0.6605512878445549
0.6777334693499026,0.6604609127880705
0.6777664409609498,0.660370537731586
0.6777994248074961,0.6602801626751017
0.6778324208963533,0.6601897876186172
0.6778654292343388,0.6600994125621329
0.6778984498282744,0.6600090375056484
0.6778685480876346,0.6599186624491641
0.6778386407947266,0.6598282873926796
0.6778087279480037,0.6597379123361952
0.6778417533432393,0.6596475372797108
0.6778747910087312,0.6595571622232264
0.6779078409513192,0.659466787166742
0.6779708259778872,0.659466787166742
0.6779409031778479,0.6593764121102575
0.6779109748164669,0.6592860370537732
0.6779440468445023,0.6591956619972887
0.6779141104294478,0.6591052869408044
0.6779471922647824,0.6590149118843199
0.6779172477917248,0.6589245368278355
0.6779503394401563,0.6588341617713511
0.677953488372093,0.6586534116583823
0.6779866021585411,0.6585630366018979
0.6780197282709846,0.6584726615454135
0.6779897626803164,0.658382286488929
0.6779597915115413,0.6582919114324447
0.6779298147631015,0.6582015363759602
0.6779629457219998,0.6581111613194758
0.6779329608938548,0.6580207862629914
0.6779661016949152,0.657930411206507
0.6779992548435171,0.6578400361500226
0.6779692594317652,0.6577496610935382
0.6779392584311533,0.6576592860370538
0.677972418934029,0.6575689109805694
0.6779424098406486,0.657478535924085
0.6780055917986952,0.657478535924085
0.6779755802031876,0.6573881608676005
0.677945563012677,0.6572977858111161
0.677915540225599,0.6572074107546317
0.6779487179487179,0.6571170356981473
0.6779819080481209,0.6570266606416629
0.6780451408319343,0.6570266606416629
0.678015110530734,0.6569362855851785
0.6780483254034891,0.6568459105286941
0.6780815526733227,0.6567555354722097
0.6781147923471769,0.6566651604157253
0.6781480444319985,0.6565747853592409
0.6781813089347399,0.6564844103027564
0.6782145858623587,0.656394035246272
0.6781845349271572,0.6563036601897876
0.6782178217821783,0.6562132851333032
0.6782511210762332,0.6561229100768188
0.678284432816296,0.6560325350203344
0.6783177570093458,0.65594215996385
0.6782876904383587,0.6558517849073656
0.6783210245863326,0.6557614098508812
0.678354371201496,0.6556710347943967
0.6783877302908444,0.6555806597379124
0.6784211018613787,0.6554902846814279
0.6783910196445276,0.6553999096249435
0.6783609317990458,0.6553095345684591
0.6784244011976048,0.6553095345684591
0.6783943108449518,0.6552191595119747
0.6784277023865232,0.6551287844554903
0.6783976038936728,0.6550384093990059
0.6783674997659833,0.6549480343425215
0.678400898792248,0.654857659286037
0.6783707865168539,0.6547672842295527
0.678340668601929,0.6546769091730682
0.6783740751147326,0.6545865341165839
0.6784074941451991,0.6544961590600994
0.6783773655611767,0.654405784003615
0.6784107946026986,0.6543154089471306
0.6783806578577453,0.6542250338906462
0.6784140969162996,0.6541346588341618
0.6783839520059992,0.6540442837776773
0.6784475485141089,0.6540442837776773
0.678417401087568,0.653953908721193
0.6783872480075012,0.6538635336647085
0.6784508627156789,0.6538635336647085
0.6784207071180718,0.6537731586082242
0.6784541787824782,0.6536827835517397
0.6784240150093809,0.6535924084952554
0.6783938455765082,0.6535020334387709
0.6783636704822669,0.6534116583822865
0.6783334897250634,0.6533212833258021
0.6783971471471472,0.6533212833258021
0.6783669638667292,0.6532309082693176
0.6783367749202177,0.6531405332128333
0.6783065803060171,0.6530501581563488
0.678276380022531,0.6529597830998645
0.6782461740681626,0.65286940804338
0.6783098591549296,0.65286940804338
0.6782796506714246,0.6527790329868957
0.6782494365138994,0.6526886579304112
0.6782192166807551,0.6525982828739268
0.6781889911703927,0.6525079078174424
0.6781587599812119,0.6524175327609579
0.6781285231116122,0.6523271577044736
0.6780982805599924,0.6522367826479891
0.678068032324751,0.6521464075915048
0.6780377784042854,0.6520560325350203
0.6780712472976783,0.651965657478536
0.6780409851475842,0.6518752824220515
0.6781047287769107,0.6518752824220515
0.6780744640842422,0.6517849073655672
0.6781079556140681,0.6516945323090827
0.6781414597441685,0.6516041572525982
0.6781749764816557,0.6515137821961139
0.678208505833647,0.6514234071396294
0.6782420478072652,0.6513330320831451
0.6782756024096386,0.6512426570266606
0.6782453167655088,0.6511522819701763
0.6782150254189419,0.6510619069136918
0.6782485875706215,0.6509715318572075
0.6782182879743855,0.650881156800723
0.6781879826709362,0.6507907817442385
0.6781576716586606,0.6507004066877542
0.6782215523737755,0.6507004066877542
0.6782551347277181,0.6506100316312697
0.6782248186186752,0.6505196565747854
0.6781944967960799,0.6504292815183009
0.6781641692583168,0.6503389064618166
0.67813383600377,0.6502485314053321
0.6781674208144797,0.6501581563488478
0.6782010182915331,0.6500677812923633
0.6782346284420974,0.6499774062358789
0.6782682512733447,0.6498870311793945
0.6783018867924528,0.64979665612291
0.6782715350504764,0.6497062810664257
0.6782411775806756,0.6496159060099412
0.6782748206870517,0.6495255309534569
0.6783084764961299,0.6494351558969724
0.6783421450151057,0.6493447808404881
0.6783117741478614,0.6492544057840036
0.6783454528284069,0.6491640307275192
0.6783150736683038,0.6490736556710348
0.6783487625165313,0.6489832806145504
0.6783183750590458,0.648892905558066
0.6783824640967498,0.648892905558066
0.6784161784161784,0.6488025305015815
0.6784499054820415,0.6487121554450972
0.6785140372435958,0.6487121554450972
0.6784836453015693,0.6486217803886127
0.6785173978819969,0.6485314053321284
0.6784869976359338,0.6484410302756439
0.6784565916398714,0.6483506552191595
0.6784261798921782,0.6482602801626751
0.6783957623912221,0.6481699051061907
0.6784295175023651,0.6480795300497063
0.6783990916832245,0.6479891549932218
0.6784328570076654,0.6478987799367375
0.678402422865796,0.647808404880253
0.6784361984096933,0.6477180298237687
0.6784057559405472,0.6476276547672842
0.6784395417100654,0.6475372797107998
0.678409090909091,0.6474469046543154
0.6784428869103997,0.647356529597831
0.678476695718075,0.6472661545413466
0.6785105173393974,0.6471757794848622
0.678480053065479,0.6470854044283778
0.6784495830174374,0.6469950293718933
0.6784834123222749,0.646904654315409
0.678517254455821,0.6468142792589245
0.6785511094253746,0.6467239042024401
0.6785206258890469,0.6466335291459557
0.6784901365705615,0.6465431540894713
0.6785544911315565,0.6465431540894713
0.6785239992411307,0.6464527790329869
0.6785578747628084,0.6463624039765025
0.6785917631429114,0.6462720289200181
0.6785612603207745,0.6461816538635337
0.6785307517084282,0.6460912788070493
0.6785646478071008,0.6460009037505648
0.6785985567793391,0.6459105286940804
0.6785680372234356,0.645820153637596
0.6786019565010922,0.6457297785811116
0.6785714285714286,0.6456394035246272
0.6785408948418353,0.6455490284681428
0.6785103553106593,0.6454586534116584
0.678479809976247,0.645368278355174
0.6784492588369442,0.6452779032986896
0.6784831781030223,0.6451875282422052
0.678452618572379,0.6450971531857207
0.6784220532319392,0.6450067781292363
0.6784559802243773,0.6449164030727519
0.678425406484739,0.6448260280162675
0.6784593437945792,0.6447356529597831
0.6784287616511319,0.6446452779032987
0.6784932940169314,0.6446452779032987
0.678462709284627,0.6445549028468143
0.6785272571591666,0.6445549028468143
0.6784966698382493,0.6444645277903299
0.6785306433193757,0.6443741527338455
0.6785646297353893,0.644283777677361
0.6785986290936786,0.6441934026208767
0.6786326414016378,0.6441030275643922
0.6786972669269593,0.6441030275643922
0.6786666666666666,0.6440126525079078
0.6786360605771978,0.6439222774514234
0.678670096217967,0.643831902394939
0.6787041448308718,0.6437415273384546
0.6787688202782542,0.6437415273384546
0.6787382064233298,0.6436511522819702
0.6787722810027643,0.6435607772254858
0.678806368576604,0.6434704021690013
0.6787757437070938,0.643380027112517
0.678745112997044,0.6432896520560325
0.6787144764447836,0.6431992769995482
0.6787485692483785,0.6431089019430637
0.6787826750620111,0.6430185268865793
0.6788167938931298,0.6429281518300949
0.6788509257491888,0.6428377767736105
0.6788850706376479,0.6427474017171261
0.678854415274463,0.6426570266606416
0.6788885706101404,0.6425666516041573
0.6788579067990833,0.6424762765476728
0.6788920725883476,0.6423859014911885
0.6789262514329385,0.642295526434704
0.6789604433403401,0.6422051513782197
0.6789946483180428,0.6421147763217352
0.6790288663735423,0.6420244012652508
0.678998183730045,0.6419340262087664
0.6790324122765082,0.6418436511522819
0.6790017211703959,0.6417532760957976
0.6790359602142311,0.6416629010393131
0.6790702123589056,0.6415725259828288
0.6791044776119403,0.6414821509263443
0.6791387559808613,0.64139177586986
0.6791730474732006,0.6413014008133755
0.6791423375131617,0.6412110257568912
0.6791116216733678,0.6411206507004067
0.6791459211030256,0.6410302756439222
0.6791151967825337,0.6409399005874379
0.679084466577284,0.6408495255309534
0.6790537304855857,0.6407591504744691
0.6790229885057472,0.6406687754179846
0.6790572906687105,0.6405784003615003
0.6790916059793024,0.6404880253050158
0.6791259344450834,0.6403976502485315
0.6790951787597048,0.640307275192047
0.6790644171779141,0.6402169001355625
0.6790336496980155,0.6401265250790782
0.6790679835075271,0.6400361500225937
0.6790372075182202,0.6399457749661094
0.679071551889507,0.6398553999096249
0.6791059094397545,0.6397650248531406
0.6791402801765496,0.6396746497966561
0.679109490451972,0.6395842747401718
0.6791746641074856,0.6395842747401718
0.679143871772723,0.6394938996836873
0.6791782662954785,0.6394035246272028
0.679147465437788,0.6393131495707185
0.6791166586653865,0.639222774514234
0.6791510611735331,0.6391323994577497
0.6791202458701499,0.6390420244012652
0.6790894246470079,0.6389516493447809
0.679123835142665,0.6388612742882964
0.6790930053804766,0.6387708992318121
0.6790621696934755,0.6386805241753276
0.6790965881787602,0.6385901491188432
0.6791310198981063,0.6384997740623588
0.6791654648591482,0.6384093990058743
0.6791999230695259,0.63831902394939
0.6791690709751875,0.6382286488929055
0.6792343945368856,0.6382286488929055
0.6792035398230089,0.6381382738364212
0.6791726791726792,0.6380478987799367
0.6792071586644857,0.6379575237234524
0.6791762894534257,0.6378671486669679
0.6791454143008373,0.6377767736104835
0.6791145332050048,0.6376863985539991
0.6790836461642121,0.6375960234975147
0.6791181284297679,0.6375056484410303
0.6790872328134027,0.6374152733845458
0.6791217257318952,0.6373248983280615
0.6791562319398959,0.637234523271577
0.6791907514450867,0.6371441482150927
0.6791598419886309,0.6370537731586082
0.6791289265754481,0.6369633981021238
0.6791634541249036,0.6368730230456394
0.6791979949874687,0.636782647989155
0.6791670683505254,0.6366922729326706
0.6792016199016488,0.6366018978761862
0.6792361847815604,0.6365115228197018
0.6792052469135802,0.6364211477632173
0.6792707629979743,0.6364211477632173
0.6793362917229404,0.6364211477632173
0.6793053545586107,0.636330772706733
0.6793399594711956,0.6362403976502485
0.6793090137039182,0.6361500225937641
0.679278061963131,0.6360596475372797
0.6792471042471042,0.6359692724807953
0.6792817146167214,0.6358788974243109
0.679316338354577,0.6357885223678265
0.679350975468418,0.6356981473113421
0.6793856259659969,0.6356077722548577
0.6793546517244711,0.6355173971983733
0.6793236714975845,0.6354270221418888
0.679358330112099,0.6353366470854044
0.6793930021264257,0.63524627202892
0.6793620106331562,0.6351558969724356
0.6793310131477185,0.6350655219159512
0.6793000096683748,0.6349751468594668
0.6792690001933862,0.6348847718029824
0.6793036750483559,0.634794396746498
0.6792726569300707,0.6347040216900136
0.6793073425558672,0.6346136466335291
0.6792763157894737,0.6345232715770447
0.6793110121927618,0.6344328965205603
0.6793457220286488,0.6343425214640759
0.6793804453049371,0.6342521464075915
0.6794151820294345,0.6341617713511071
0.6793841386656337,0.6340713962946227
0.6794499322099554,0.6340713962946227
0.6794188861985472,0.6339810212381383
0.6793878341728012,0.6338906461816539
0.6794536471955827,0.6338906461816539
0.6794884216645674,0.6338002711251695
0.6795232096133347,0.633709896068685
0.6794921496414034,0.6336195210122006
0.6795580110497238,0.6336195210122006
0.6795269484296239,0.6335291459557162
0.6794958797867183,0.6334387708992318
0.6795617607135932,0.6334387708992318
0.6795306894211189,0.6333483958427474
0.6795655125594026,0.633258020786263
0.6795344325897187,0.6331676457297786
0.679569266589057,0.6330772706732942
0.6796041141082865,0.6329868956168098
0.6796389751552795,0.6328965205603253
0.6796078811996505,0.632806145503841
0.679642753130764,0.6327157704473565
0.6796116504854369,0.6326253953908721
0.6796465333074383,0.6325350203343877
0.6796814296814296,0.6324446452779033
0.6797163396153099,0.6323542702214189
0.679685222967065,0.6322638951649345
0.679654100272056,0.6321735201084501
0.67962297152852,0.6320831450519656
0.6796578870638545,0.6319927699954813
0.6796928161757558,0.6319023949389968
0.6796616760645537,0.6318120198825125
0.6796305298979096,0.631721644826028
0.6795993776740568,0.6316312697695436
0.6796343123905855,0.6315408947130592
0.679603151444412,0.6314505196565748
0.6795719844357977,0.6313601446000904
0.6795408113629731,0.6312697695436059
0.6795096322241682,0.6311793944871216
0.6795445698715453,0.6310890194306371
0.6795133819951338,0.6309986443741528
0.6795795211212771,0.6309986443741528
0.6796144859813084,0.6309082693176683
0.6795832927660403,0.630817894261184
0.6795520934761441,0.6307275192046995
0.6795870666147253,0.6306371441482151
0.6796220533800896,0.6305467690917307
0.6795908426692645,0.6304563940352462
0.6795596258768511,0.6303660189787619
0.6795946209315923,0.6302756439222774
0.6795633953805672,0.6301852688657931
0.6795321637426901,0.6300948938093086
0.679500926016181,0.6300045187528243
0.6795359266842157,0.6299141436963398
0.6795046801872074,0.6298237686398555
0.6795396918275795,0.629733393583371
0.6795084365551546,0.6296430185268865
0.6794771751853297,0.6295526434704022
0.6795121951219513,0.6294622684139177
0.6794809249682896,0.6293718933574334
0.6795159558895286,0.6292815183009489
0.679551000488043,0.6291911432444646
0.6795860587718442,0.6291007681879801
0.6795547744581136,0.6290103931314958
0.6796211307489503,0.6290103931314958
0.67958984375,0.6289200180750113
0.6796249267435046,0.6288296430185268
0.6795936309465663,0.6287392679620425
0.6795623290347792,0.628648892905558
0.6795974203634942,0.6285585178490737
0.6796325254104769,0.6284681427925892
0.6796012120027368,0.6283777677361049
0.6796676441837732,0.6283777677361049
0.679636328086812,0.6282873926796204
0.6796714579055442,0.6281970176231361
0.6797066014669927,0.6281066425666516
0.679773082942097,0.6281066425666516
0.6797417587792233,0.6280162675101671
0.6797769298503082,0.6279258924536828
0.6798121146883257,0.6278355173971983
0.6797807790174203,0.627745142340714
0.679749437212489,0.6276547672842295
0.6797180892717306,0.6275643922277452
0.6796867351933431,0.6274740171712607
0.6796553749755238,0.6273836421147764
0.6796240086164692,0.6272932670582919
0.6795926361143753,0.6272028920018075
0.6795612574674371,0.6271125169453231
0.6795298726738491,0.6270221418888386
0.6795650470219435,0.6269317668323543
0.6795336533751347,0.6268413917758698
0.6795022535763277,0.6267510167193855
0.6795688388045076,0.6267510167193855
0.6796040380280309,0.626660641662901
0.6795726328170947,0.6265702666064167
0.6795412214488775,0.6264798915499322
0.6795764290616727,0.6263895164934478
0.6795450088252598,0.6262991414369634
0.6796116504854369,0.6262991414369634
0.6795802275402119,0.626208766380479
0.6796154600745536,0.6261183913239946
0.6796507064364207,0.6260280162675101
0.6796859666339549,0.6259376412110258
0.679654529394445,0.6258472661545413
0.679689800726416,0.625756891098057
0.679658354604359,0.6256665160415725
0.6796269023073147,0.6255761409850881
0.6795954438334643,0.6254857659286037
0.6796307208799843,0.6253953908721193
0.6795992535114429,0.6253050158156349
0.6796345417035072,0.6252146407591505
0.6796030654352525,0.6251242657026661
0.6796383647798742,0.6250338906461816
0.6796068796068796,0.6249435155896973
0.6796421901110783,0.6248531405332128
0.6796775145020155,0.6247627654767284
0.679646017699115,0.624672390420244
0.6796145147015439,0.6245820153637596
0.6795830055074744,0.6244916403072752
0.6796183356285658,0.6244012652507908
0.6796536796536796,0.6243108901943064
0.6796221588113746,0.624220515137822
0.6795906317654005,0.6241301400813376
0.6796259842519685,0.6240397650248531
0.6796613506595787,0.6239493899683687
0.6796967309964553,0.6238590149118843
0.6796651895617922,0.6237686398553999
0.6797321252708293,0.6237686398553999
0.6797675334909378,0.6236782647989155
0.6797359866023052,0.6235878897424311
0.679704433497537,0.6234975146859467
0.6796728741747955,0.6234071396294623
0.6797082881639893,0.6233167645729779
0.6796767198896116,0.6232263895164935
0.6797121451104101,0.623136014460009
0.6797791580400276,0.623136014460009
0.6797475843028988,0.6230456394035246
0.6797160043388226,0.6229552643470402
0.6797514547785778,0.6228648892905558
0.6797198658512527,0.6227745142340714
0.679688270691526,0.622684139177587
0.6797237296497287,0.6225937641211026
0.6797592026053488,0.6225033890646182
0.679727595736281,0.6224130140081338
0.6797630799605133,0.6223226389516493
0.6797985781990521,0.622232263895165
0.679766959612916,0.6221418888386805
0.67973533478175,0.6220515137821961
0.6798024691358024,0.6220515137821961
0.679770841564599,0.6219611387257117
0.6797392077447397,0.6218707636692273
0.679774725817607,0.6217803886127429
0.6797430830039526,0.6216900135562585
0.679778612373987,0.6215996384997741
0.6798141557928035,0.6215092634432896
0.6798497132687364,0.6214188883868053
0.6798852848101266,0.6213285133303208
0.6798536247651074,0.6212381382738364
0.6798892076367593,0.621147763217352
0.6798575385833003,0.6210573881608676
0.679825863263085,0.6209670131043832
0.6797941816742529,0.6208766380478988
0.6797624938149431,0.6207862629914144
0.6797307996832938,0.6206958879349299
0.6797663828944763,0.6206055128784456
0.6798019801980199,0.6205151378219611
0.6797702742845826,0.6204247627654768
0.6798058829355254,0.6203343877089923
0.6798415056958891,0.620244012652508
0.6798771425740612,0.6201536375960235
0.6799127935784363,0.6200632625395391
0.6798810703666998,0.6199728874830547
0.6799167327517843,0.6198825124265702
0.6798850004956876,0.6197921373700859
0.6798532619472536,0.6197017623136014
0.6798889329631099,0.6196113872571171
0.6798571853614995,0.6195210122006326
0.6798254314620115,0.6194306371441483
0.6798611111111111,0.6193402620876638
0.679829348149618,0.6192498870311794
0.6798650391981741,0.619159511974695
0.6799007444168734,0.6190691369182105
0.6799364638141566,0.6189787618617262
0.6799721973984708,0.6188883868052417
0.679940417080437,0.6187980117487574
0.6799086304498957,0.6187076366922729
0.6798768375049662,0.6186172616357886
0.6799125769918538,0.6185268865793041
0.6799483306836248,0.6184365115228198
0.6799165258869124,0.6183461364663353
0.6798847147684357,0.6182557614098508
0.6798528973263095,0.6181653863533665
0.6798210735586481,0.618075011296882
0.6798568303837741,0.6179846362403977
0.6798249975141692,0.6178942611839132
0.6797931583134447,0.6178038861274289
0.6798289238114184,0.6177135110709444
0.6798647035415838,0.6176231360144601
0.6798328524524923,0.6175327609579756
0.6798009950248757,0.6174423859014911
0.6797691312568415,0.6173520108450068
0.6798049168906141,0.6172616357885223
0.6798407167745146,0.617171260732038
0.6798088410991637,0.6170808856755535
0.6798446524596694,0.6169905106190692
0.6798127676526242,0.6169001355625847
0.6798804780876494,0.6169001355625847
0.6799163179916318,0.6168097605061004
0.6798844276178141,0.6167193854496159
0.6798525308888003,0.6166290103931314
0.6798883795096672,0.6165386353366471
0.6798564736369979,0.6164482602801626
0.6798923337653275,0.6163578852236783
0.6798604187437687,0.6162675101671938
0.6798284973576628,0.6161771351107095
0.6797965696051057,0.616086760054225
0.6797646354841926,0.6159963849977407
0.6797326949930181,0.6159060099412562
0.6797007481296758,0.6158156348847718
0.6796687948922586,0.6157252598282874
0.6796368352788587,0.615634884771803
0.6796048692875674,0.6155445097153186
0.6795728969164754,0.6154541346588341
0.6796087433875636,0.6153637596023498
0.6795767618287083,0.6152733845458653
0.6796126198083067,0.615183009489381
0.6796484921110445,0.6150926344328965
0.6797163687206631,0.6150926344328965
0.6796843787455054,0.6150022593764121
0.6797202797202797,0.6149118843199277
0.6796882805475073,0.6148215092634433
0.679656274980016,0.6147311342069589
0.6796242630158889,0.6146407591504744
0.6796601699150425,0.6145503840939901
0.6796960911726482,0.6144600090375056
0.6796640671865627,0.6143696339810213
0.6797,0.6142792589245368
0.6796679667966796,0.6141888838680524
0.679703911173352,0.614098508811568
0.679671868747499,0.6140081337550836
0.6797078246948169,0.6139177586985992
0.6797437950360288,0.6138273836421148
0.6797117405665098,0.6137370085856304
0.6797797797797798,0.6137370085856304
0.6797477224947442,0.613646633529146
0.6797837188344849,0.6135562584726616
0.6798197295943916,0.6134658834161771
0.6797876602564102,0.6133755083596927
0.6797555844936392,0.6132851333032083
0.6798236826287317,0.6132851333032083
0.6797916040476906,0.6131947582467239
0.6797595190380762,0.6131043831902395
0.6797274275979557,0.6130140081337551
0.6796953297253959,0.6129236330772707
0.6797634559486819,0.6129236330772707
0.6797313552526063,0.6128332580207863
0.6796992481203008,0.6127428829643019
0.6796671345498295,0.6126525079078174
0.679703168872844,0.612562132851333
0.6796710460334972,0.6124717577948486
0.6796389167502508,0.6123813827383642
0.6796067810211656,0.6122910076818798
0.679642821310324,0.6122006326253954
0.6796788760662318,0.612110257568911
0.6797149452976011,0.6120198825124266
0.6796827946195543,0.6119295074559422
0.6796506374861961,0.6118391323994578
0.6796184738955823,0.6117487573429733
0.6795863038457677,0.6116583822864889
0.6795541273348061,0.6115680072300045
0.6795219443607512,0.6114776321735201
0.6794897549216553,0.6113872571170357
0.6795258187663251,0.6112968820605513
0.6795618971061094,0.6112065070040669
0.6795979899497487,0.6111161319475825
0.679565785506081,0.6110257568910981
0.6795335745878569,0.6109353818346136
0.6795013571931235,0.6108450067781293
0.6794691333199276,0.6107546317216448
0.6795374560080443,0.6107546317216448
0.6795052292839904,0.6106642566651604
0.6794729960776426,0.610573881608676
0.6794407563870448,0.6104835065521916
0.6794085102102404,0.6103931314957072
0.6793762575452716,0.6103027564392228
0.6793439983901801,0.6102123813827384
0.6794123566109881,0.6102123813827384
0.6794807285901178,0.6102123813827384
0.6794484702093397,0.6101220063262539
0.6794162053346754,0.6100316312697696
0.6794523306151213,0.6099412562132851
0.679488470446078,0.6098508811568008
0.679524624836338,0.6097605061003163
0.6795607937947014,0.6096701310438319
0.6795285109812613,0.6095797559873475
0.6795646916565901,0.6094893809308631
0.6796008869179601,0.6093990058743787
0.6796370967741936,0.6093086308178942
0.6796733212341198,0.6092182557614099
0.6796410204699002,0.6091278807049254
0.6796087131908027,0.6090375056484411
0.6795763993948563,0.6089471305919566
0.6796126298799556,0.6088567555354722
0.6796488749873878,0.6087663804789878
0.6796165489404642,0.6086760054225034
0.6796528058134841,0.608585630366019
0.6796204703744827,0.6084952553095345
0.6795881284070261,0.6084048802530502
0.6795557799091368,0.6083145051965657
0.6795920428153085,0.6082241301400814
0.6795596849121389,0.6081337550835969
0.6795959595959596,0.6080433800271126
0.6795635922820487,0.6079530049706281
0.6795998787511367,0.6078626299141437
0.6796361798888327,0.6077722548576593
0.6796724957040332,0.6076818798011748
0.6797088262056415,0.6075915047446905
0.6796764408493428,0.607501129688206
0.6797127831715211,0.6074107546317217
0.6797491401982602,0.6073203795752372
0.6797855119384865,0.6072300045187529
0.67975311140342,0.6071396294622684
0.6798218984011334,0.6071396294622684
0.6797894949903855,0.6070492544057841
0.6798258933090394,0.6069588793492996
0.6797934804616319,0.6068685042928151
0.6797610610509264,0.6067781292363308
0.6798298906439855,0.6067781292363308
0.6797974683544303,0.6066877541798463
0.679833890408184,0.606597379123362
0.6798014586709886,0.6065070040668775
0.6798378926038501,0.6064166290103932
0.6798743413052291,0.6063262539539087
0.6798418972332015,0.6062358788974244
0.6798783578307146,0.6061455038409399
0.6799148332150461,0.6060551287844554
0.6798823767998378,0.6059647537279711
0.6798499138018457,0.6058743786714866
0.679817444219067,0.6057840036150023
0.6798863982148291,0.6057840036150023
0.6798539257455873,0.6056936285585178
0.6798214466876331,0.6056032535020335
0.6798579401319127,0.605512878445549
0.6798254515932616,0.6054225033890647
0.6798619569630532,0.6053321283325802
0.6798984771573604,0.6052417532760958
0.6799350121852152,0.6051513782196114
0.6799715620556571,0.6050610031631269
0.6800406297613002,0.6050610031631269
0.6800081267777326,0.6049706281066426
0.6800447063604959,0.6048802530501581
0.6800121938827355,0.6047898779936738
0.6800487854456754,0.6046995029371893
0.6800853918877706,0.604609127880705
0.6800528670191135,0.6045187528242205
0.680089485458613,0.6044283777677361
0.6800569510830876,0.6043380027112517
0.6800935815278202,0.6042476276547672
0.6800610376398779,0.6041572525982829
0.6800976800976801,0.6040668775417984
0.680134337472013,0.6039765024853141
0.6801017811704835,0.6038861274288296
0.6801384505751807,0.6037957523723453
0.6801751349149782,0.6037053773158608
0.680142566191446,0.6036150022593764
0.6801099908340972,0.603524627202892
0.6800774088409045,0.6034342521464076
0.6801140994295028,0.6033438770899232
0.6801508049724883,0.6032535020334387
0.6801182105370427,0.6031631269769544
0.6800856094578067,0.6030727519204699
0.680053001732749,0.6029823768639856
0.6800203873598369,0.6028920018075011
0.6800897135283923,0.6028920018075011
0.6801264402977465,0.6028016267510167
0.6800938201101366,0.6027112516945323
0.6801305589555283,0.6026208766380479
0.6801673127933074,0.6025305015815635
0.6802040816326531,0.6024401265250791
0.6801714460659251,0.6023497514685947
0.6802408654827515,0.6023497514685947
0.680277664352797,0.6022593764121102
0.6802450229709035,0.6021690013556259
0.6802123749234225,0.6020786262991414
0.6801797202083121,0.601988251242657
0.6802491830065359,0.601988251242657
0.6802165253804514,0.6018978761861726
0.680253345591991,0.6018075011296882
0.6802206783816919,0.6017171260732038
0.6801880044957597,0.6016267510167194
0.6802248339294839,0.601536375960235
0.6801921504497138,0.6014460009037506
0.6802289920261705,0.6013556258472662
0.6802658486707567,0.6012652507907817
0.6802331526740976,0.6011748757342973
0.6802700214789813,0.6010845006778129
0.680306905370844,0.6009941256213285
0.6803765091057908,0.6009941256213285
0.6803438043589481,0.6009037505648441
0.6803807184525638,0.6008133755083597
0.6803480040941658,0.6007230004518753
0.680315283038182,0.6006326253953909
0.6803849303849304,0.6006326253953909
0.6803522064093376,0.6005422503389065
0.6803194757321319,0.600451875282422
0.6803891449052739,0.600451875282422
0.6803564113068414,0.6003615002259376
0.6803933620159803,0.6002711251694532
0.6803606187890585,0.6001807501129688
0.6803975817194384,0.6000903750564844
0.6804345598032182,0.6
0.6804018040180402,0.5999096249435156
0.6804387943407832,0.5998192498870312
0.6804060289141802,0.5997288748305468
0.6804430314839504,0.5996384997740624
0.6804102564102564,0.5995481247175779
0.6804472712351252,0.5994577496610936
0.6804843012517956,0.5993673746046091
0.6805213464696224,0.5992769995481247
0.6805911936775121,0.5992769995481247
0.6805584068979675,0.5991866244916403
0.6805954825462013,0.5990962494351559
0.680632573423701,0.5990058743786715
0.680599774057718,0.5989154993221871
0.6806696795398521,0.5989154993221871
0.6806368772470467,0.5988251242657027
0.6806040682145058,0.5987347492092182
0.6806411837237978,0.5986443741527339
0.6806083650190115,0.5985539990962494
0.6806454928564086,0.598463624039765
0.6806126644736842,0.5983732489832806
0.6806826359617559,0.5983732489832806
0.680649804647337,0.5982828739267962
0.6806169665809768,0.5981924988703118
0.6806869600987248,0.5981924988703118
0.6806541190990435,0.5981021238138274
0.6806212713433449,0.598011748757343
0.6805884168295443,0.5979213737008585
0.6805555555555556,0.5978309986443742
0.6805226875192921,0.5977406235878897
0.6804898127186664,0.5976502485314054
0.6805269658295595,0.5975598734749209
0.6804940813175502,0.5974694984184366
0.680461190035001,0.5973791233619521
0.6804282919798209,0.5972887483054677
0.6803953871499177,0.5971983732489833
0.68043254376931,0.5971079981924988
0.6804697156983931,0.5970176231360145
0.6804367981868754,0.59692724807953
0.6804038738924376,0.5968368730230457
0.680370942812983,0.5967464979665612
0.6803380049464138,0.5966561229100769
0.6803751803751804,0.5965657478535924
0.6803422327595093,0.596475372797108
0.6803794205588205,0.5963849977406236
0.6803464631882863,0.5962946226841391
0.6804166236980509,0.5962946226841391
0.6804538421866941,0.5962042476276548
0.6804208788941614,0.5961138725711703
0.6803879088001651,0.596023497514686
0.6804251367247962,0.5959331224582015
0.6803921568627451,0.5958427474017172
0.6804293971924029,0.5957523723452327
0.6804666529010943,0.5956619972887484
0.6804336602994321,0.5955716222322639
0.6804709284312713,0.5954812471757794
0.6804379260483371,0.5953908721192951
0.6804752066115702,0.5953004970628106
0.6804421944415745,0.5952101220063263
0.680409175449473,0.5951197469498418
0.6803761496331507,0.5950293718933575
0.6804134366925064,0.594938996836873
0.680450739170888,0.5948486217803887
0.6804880570778616,0.5947582467239042
0.6805253904230013,0.5946678716674197
0.6805627392158891,0.5945774966109354
0.680529691702876,0.5944871215544509
0.6804966373512674,0.5943967464979666
0.6805339956535238,0.5943063714414821
0.6805713694234551,0.5942159963849978
0.6805383022774327,0.5941256213285133
0.6805052282845016,0.594035246272029
0.6804721474425347,0.5939448712155445
0.6804390597494046,0.59385449615906
0.6804059652029826,0.5937641211025757
0.6803728638011393,0.5936737460460912
0.6804433395483738,0.5936737460460912
0.6804807293825114,0.5935833709896069
0.6805181347150259,0.5934929959331224
0.6805555555555556,0.5934026208766381
0.6805224422100135,0.5933122458201536
0.6805598755832037,0.5932218707636693
0.6805267523849026,0.5931314957071848
0.6805641982991081,0.5930411206507004
0.6805310652421948,0.592950745594216
0.6805685237057786,0.5928603705377316
0.6806059977171319,0.5927699954812472
0.6806434872859367,0.5926796204247627
0.6806809924218831,0.5925892453682784
0.6807185131346692,0.5924988703117939
0.6807560494340015,0.5924084952553096
0.6807228915662651,0.5923181201988251
0.6806897268100135,0.5922277451423407
0.6807272727272727,0.5921373700858563
0.6806940980881131,0.5920469950293719
0.6806609165540891,0.5919566199728875
0.6806984720922981,0.591866244916403
0.6806652806652806,0.5917758698599187
0.6806320823370413,0.5916854948034342
0.6806696474992201,0.5915951197469499
0.6807072282891315,0.5915047446904654
0.6806740170584564,0.591414369633981
0.6806407989181317,0.5913239945774966
0.6806783893455416,0.5912336195210122
0.6806451612903226,0.5911432444645278
0.6806119263190759,0.5910528694080434
0.680578684429642,0.590962494351559
0.6806162814907349,0.5908721192950745
0.6805830296720458,0.5907817442385902
0.6805497709287797,0.5906913691821057
0.6805165052587733,0.5906009941256213
0.6804832326598625,0.5905106190691369
0.6805208333333334,0.5904202440126525
0.6804875507865402,0.5903298689561681
0.6805251641137856,0.5902394938996837
0.6805627931214174,0.5901491188431993
0.6806004378192432,0.5900587437867149
0.6805671392827356,0.5899683687302305
0.6805338338025232,0.589877993673746
0.6805005213764338,0.5897876186172616
0.6804672020022943,0.5896972435607772
0.6804338756779308,0.5896068685042928
0.6805048503181391,0.5896068685042928
0.6804715209680785,0.5895164934478084
0.6805091819699499,0.589426118391324
0.6804758426380048,0.5893357433348396
0.6804424963473179,0.5892453682783552
0.6804801670146138,0.5891549932218708
0.6804468107318091,0.5890646181653864
0.680484494100449,0.5889742431089019
0.6804511278195489,0.5888838680524175
0.6804888238980572,0.5887934929959331
0.6805265357292102,0.5887031179394487
0.6804931564099885,0.5886127428829643
0.680564263322884,0.5886127428829643
0.6805308809697983,0.5885223678264799
0.680497491638796,0.5884319927699955
0.6804640953276889,0.5883416177135111
0.6804306920342881,0.5882512426570267
0.6803972817564036,0.5881608676005422
0.6803638644918444,0.5880704925440579
0.6804015896256014,0.5879801174875734
0.680439330543933,0.587889742431089
0.6804770872567483,0.5877993673746046
0.680514859773964,0.5877089923181202
0.6805526481055055,0.5876186172616358
0.6805904522613065,0.5875282422051514
0.680628272251309,0.587437867148667
0.6806661080854629,0.5873474920921825
0.6806326594741804,0.5872571170356982
0.6806705081194343,0.5871667419792137
0.6807083726291523,0.5870763669227294
0.6806749109201425,0.5869859918662449
0.6807127882599581,0.5868956168097605
0.680750681484588,0.5868052417532761
0.6807172066687638,0.5867148666967917
0.6806837248322147,0.5866244916403073
0.680650235972732,0.5865341165838228
0.6806881359488094,0.5864437415273385
0.6807260518308677,0.586353366470854
0.6806925498426023,0.5862629914143697
0.6807304785894207,0.5861726163578852
0.6807684232626496,0.5860822413014009
0.6808063838723225,0.5859918662449164
0.680772865693584,0.585901491188432
0.6807393404746902,0.5858111161319476
0.680705808213423,0.5857207410754631
0.680672268907563,0.5856303660189788
0.6806387225548902,0.5855399909624943
0.6806051691531835,0.58544961590601
0.6806431273644389,0.5853592408495255
0.680609563846558,0.5852688657930412
0.6806475349521707,0.5851784907365567
0.6806855220271265,0.5850881156800724
0.680651945320715,0.5849977406235879
0.6807235250815017,0.5849977406235879
0.6806899453092133,0.5849073655671034
0.6807279612876078,0.5848169905106191
0.6806943713834824,0.5847266154541346
0.6806607744107744,0.5846362403976503
0.6806271703672524,0.5845458653411658
0.6805935592506841,0.5844554902846815
0.6805599410588359,0.584365115228197
0.6805979576797557,0.5842747401717127
0.680564329332491,0.5841843651152282
0.6806359903127304,0.5841843651152282
0.6806023588879528,0.5840939900587437
0.680568720379147,0.5840036150022594
0.6806404044659785,0.5840036150022594
0.68060676287791,0.5839132399457749
0.6806448214097566,0.5838228648892906
0.6806111696522655,0.5837324898328061
0.6805775108019813,0.5836421147763218
0.6806155792136608,0.5835517397198373
0.6805819101834282,0.583461364663353
0.6806199915647406,0.5833709896068685
0.6805863123484129,0.583280614550384
0.680552626028264,0.5831902394938997
0.6805189326020462,0.5830998644374152
0.6804852320675105,0.5830094893809309
0.680557020782783,0.5830094893809309
0.6805233171555181,0.5829191143244464
0.6805614183199662,0.5828287392679621
0.6805277044854882,0.5827383642114776
0.6805658186424575,0.5826479891549933
0.680637668918919,0.5826479891549933
0.6806039488966318,0.5825576140985088
0.680642095258211,0.5824672390420244
0.6806083650190115,0.58237686398554
0.680646524403127,0.5822864889290555
0.6806846999154691,0.5821961138725712
0.6807566310895065,0.5821961138725712
0.6807228915662651,0.5821057388160867
0.680689144910686,0.5820153637596024
0.6806553911205074,0.5819249887031179
0.6806935927257348,0.5818346136466336
0.6807318104906938,0.5817442385901491
0.6808038075092544,0.5817442385901491
0.6807700444256399,0.5816538635336647
0.6807362741986671,0.5815634884771803
0.6807024968260685,0.5814731134206959
0.6807745212146863,0.5814731134206959
0.6807407407407408,0.5813827383642115
0.68077900084674,0.581292363307727
0.680817277154351,0.5812019882512427
0.680855569673867,0.5811116131947582
0.6808938784155899,0.5810212381382739
0.6808600783815274,0.5809308630817894
0.6808984002542642,0.580840488025305
0.680864589955499,0.5807501129688206
0.6808307724912578,0.5806597379123362
0.6807969478592624,0.5805693628558518
0.6808352766588933,0.5804789877993674
0.6808014417470581,0.580388612742883
0.6807675996607294,0.5802982376863985
0.6807337503976248,0.5802078626299142
0.6807720861172977,0.5801174875734297
0.6807382265591854,0.5800271125169453
0.6807765754296626,0.5799367374604609
0.6808149405772496,0.5798463624039765
0.6807810676005518,0.5797559873474921
0.6808194459186923,0.5796656122910077
0.6807855626326964,0.5795752372345233
0.6807516721520331,0.5794848621780389
0.6807900605288308,0.5793944871215545
0.6807561597281223,0.57930411206507
0.6807222517259692,0.5792137370085856
0.6807945612916932,0.5792137370085856
0.6808329791755207,0.5791233619521012
0.6808714133900107,0.5790329868956168
0.6809098639455783,0.5789426118391324
0.6809483308526473,0.578852236782648
0.6809144072301967,0.5787618617261636
0.6809528873763693,0.5786714866696792
0.6809189534141672,0.5785811116131948
0.6808850122327412,0.5784907365567103
0.6808510638297872,0.5784003615002259
0.6808171082030003,0.5783099864437415
0.6808555922102799,0.5782196113872571
0.6808940926024482,0.5781292363307727
0.6809326093899712,0.5780388612742883
0.6808986371379898,0.5779484862178039
0.6808646576509424,0.5778581111613195
0.6809031845776973,0.5777677361048351
0.6809417279215937,0.5776773610483507
0.6809802876931274,0.5775869859918662
0.681018863902803,0.5774966109353818
0.6810574565611343,0.5774062358788974
0.6810960656786438,0.577315860822413
0.681062060140755,0.5772254857659286
0.6811006825938567,0.5771351107094442
0.6811393215276296,0.5770447356529598
0.6811053024645257,0.5769543605964754
0.6810712761416987,0.576863985539991
0.6811099252934899,0.5767736104835065
0.681075888568684,0.5766832354270222
0.6811145510835913,0.5765928603705377
0.6811532301121196,0.5765024853140533
0.6811191798376762,0.5764121102575689
0.6810851222898644,0.5763217352010845
0.6811578722495193,0.5763217352010845
0.6811238115585941,0.5762313601446001
0.6810897435897436,0.5761409850881157
0.6811284462491985,0.5760506100316313
0.6811671654553227,0.5759602349751468
0.6811330839123464,0.5758698599186625
0.6811718165294558,0.575779484862178
0.6811377245508982,0.5756891098056937
0.6811764705882353,0.5755987347492092
0.6811423681677184,0.5755083596927248
0.6811082584510055,0.5754179846362404
0.6811470147656752,0.575327609579756
0.6811857876712328,0.5752372345232716
0.6812245771783344,0.5751468594667871
0.6811904507012098,0.5750564844103028
0.6812292536674162,0.5749661093538183
0.6811951167273506,0.574875734297334
0.6811609724750991,0.5747853592408495
0.6811268209083119,0.5746949841843652
0.6810926620246385,0.5746046091278807
0.681131468981035,0.5745142340713963
0.6811702925731433,0.5744238590149119
0.6811361200428725,0.5743334839584274
0.6811749571183533,0.5742431089019431
0.6811407740967085,0.5741527338454586
0.6811796246648794,0.5740623587889743
0.6812184919017483,0.5739719837324898
0.6812573758180452,0.5738816086760055
0.6812962764245091,0.573791233619521
0.6812620734063104,0.5737008585630367
0.681300987548304,0.5736104835065522
0.6812667740203973,0.5735201084500677
0.681232553145802,0.5734297333935834
0.6812714776632303,0.5733393583370989
0.6812372462678552,0.5732489832806146
0.6812761843377376,0.5731586082241301
0.6813151391425809,0.5730682331676458
0.6813541106931758,0.5729778581111613
0.6813198624247635,0.572887483054677
0.6813588475596646,0.5727971079981925
0.6813978494623656,0.572706732941708
0.6814711259275191,0.572706732941708
0.6814368681436869,0.5726163578852237
0.6814026029902119,0.5725259828287392
0.681368330464716,0.5724356077722549
0.6814073595868302,0.5723452327157704
0.6813730765092004,0.5722548576592861
0.6814121192551932,0.5721644826028016
0.6814854682454252,0.5721644826028016
0.6814511788136506,0.5720741075463173
0.6814559552013785,0.5718933574333483
0.681421647819063,0.571802982376864
0.6813873330461008,0.5717126073203795
0.6814264167205344,0.5716222322638952
0.6813920913694645,0.5715318572074107
0.6814311887056795,0.5714414821509264
0.6814703028996443,0.5713511070944419
0.6815094339622642,0.5712607320379576
0.6815485819044538,0.5711703569814731
0.6815877467371373,0.5710799819249887
0.6816269284712483,0.5709896068685043
0.6816661271177296,0.5708992318120198
0.6817053426875337,0.5708088567555355
0.6816709844559585,0.570718481699051
0.6816366188060023,0.5706281066425667
0.6816022457352624,0.5705377315860822
0.6815678652413346,0.5704473565295979
0.6815334773218142,0.5703569814731134
0.6814990819742953,0.570266606416629
0.6815726938863685,0.570266606416629
0.681538295344064,0.5701762313601446
0.6815038893690579,0.5700858563036602
0.6815775256618044,0.5700858563036602
0.6815431164901664,0.5699954812471758
0.6815086998811196,0.5699051061906913
0.6814742758322525,0.569814731134207
0.6815479407631607,0.569814731134207
0.6815135135135135,0.5697243560777225
0.68155276816609,0.5696339810212382
0.6815183302692766,0.5695436059647537
0.681557598702001,0.5694532309082693
0.6815968841285297,0.5693628558517849
0.6816361865598961,0.5692724807953005
0.6816755060071437,0.5691821057388161
0.6817148424813251,0.5690917306823317
0.6817886530965787,0.5690917306823317
0.681754195993503,0.5690013556258473
0.6817197314273338,0.5689109805693628
0.6816852593956461,0.5688206055128785
0.6816507798960139,0.568730230456394
0.6816162929260102,0.5686398553999096
0.6815817984832069,0.5685494803434252
0.681547296565175,0.5684591052869408
0.6815866478812181,0.5683687302304564
0.6816260162601626,0.568278355173972
0.6815915004336514,0.5681879801174876
0.6815569771224114,0.5680976050610032
0.6815963561435853,0.5680072300045188
0.6815618221258134,0.5679168549480343
0.6816012150141029,0.5678264798915499
0.681640625,0.5677361048350655
0.6816800520946386,0.5676457297785811
0.6816455009226093,0.5675553547220967
0.6816109422492401,0.5674649796656123
0.6816849419172728,0.5674649796656123
0.6816503800217155,0.5673746046091279
0.6816158106200456,0.5672842295526435
0.6816898349261512,0.5672842295526435
0.6816552623004236,0.5671938544961591
0.6816206821638062,0.5671034794396747
0.6816601477618427,0.5670131043831902
0.6816255568836249,0.5669227293267058
0.6815909584872853,0.5668323542702214
0.6815563525703728,0.566741979213737
0.681595825633221,0.5666516041572526
0.6815612089584693,0.5665612291007682
0.6816006959547629,0.5664708540442838
0.6815660685154975,0.5663804789877994
0.6815314335436155,0.566290103931315
0.6815709312445605,0.5661997288748305
0.6815362854966815,0.5661093538183462
0.6815757971487648,0.5660189787618617
0.6815411406181976,0.5659286037053773
0.6815064765429412,0.5658382286488929
0.6814718049205313,0.5657478535924085
0.681437125748503,0.5656574785359241
0.6814766416203855,0.5655671034794397
0.6814419516445219,0.5654767284229553
0.6814072541117525,0.5653863533664708
0.6814814814814815,0.5653863533664708
0.6814467806950648,0.5652959783099865
0.6814863245069195,0.565205603253502
0.6814516129032258,0.5651152281970176
0.68141689373297,0.5650248531405332
0.6814564482721029,0.5649344780840488
0.6814217182730048,0.5648441030275644
0.6813869807000327,0.56475372797108
0.6814265459701166,0.5646633529145956
0.681391797556719,0.5645729778581111
0.6813570415621251,0.5644826028016268
0.6813222779838534,0.5643922277451423
0.6812875068194217,0.564301852688658
0.6813270762850595,0.5642114776321735
0.6812922942588955,0.5641211025756891
0.6813318777292576,0.5640307275192047
0.681371478488753,0.5639403524627203
0.6813366823195369,0.5638499774062359
0.6813762971054069,0.5637596023497514
0.6813414900589906,0.5636692272932671
0.6814159292035398,0.5636692272932671
0.6814555786252868,0.5635788522367826
0.681495245382009,0.5634884771802983
0.6815349294850771,0.5633981021238138
0.681574630945872,0.5633077270673295
0.6815398075240595,0.563217352010845
0.6815795230802888,0.5631269769543606
0.6815446887649054,0.5630366018978762
0.6815098468271334,0.5629462268413917
0.6814749972644709,0.5628558517849074
0.6814401400744146,0.5627654767284229
0.6814052752544599,0.5626751016719386
0.6814449917898193,0.5625847266154541
0.6814101160499234,0.5624943515589698
0.6814498466929478,0.5624039765024853
0.6814149600262841,0.562313601446001
0.6813800657174152,0.5622232263895165
0.6814198071866784,0.562132851333032
0.681384901939301,0.5620424762765477
0.6814246575342465,0.5619521012200632
0.6814644305601227,0.5618617261635789
0.681504221028396,0.5617713511070944
0.6814692982456141,0.5616809760506101
0.6814343678034872,0.5615906009941256
0.6813994296994955,0.5615002259376413
0.6814741691345837,0.5615002259376413
0.6814392277314612,0.5614098508811568
0.6814042786615468,0.5613194758246723
0.6813693219223174,0.561229100768188
0.6814091308165057,0.5611387257117035
0.68137416309955,0.5610483506552192
0.6813391877058178,0.5609579755987347
0.6813042046327807,0.5608676005422504
0.681379007465964,0.5608676005422504
0.6814188447177685,0.5607772254857659
0.6814586994727593,0.5606868504292816
0.6815335603647149,0.5606868504292816
0.6814985717424742,0.5605964753727971
0.6815384615384615,0.5605061003163126
0.6815783688722796,0.5604157252598283
0.6816182937554969,0.5603253502033438
0.6816582361996921,0.5602349751468595
0.6816232266578687,0.560144600090375
0.6816631833681663,0.5600542250338907
0.6817031576631093,0.5599638499774062
0.6816681338028169,0.5598734749209219
0.6816331022339606,0.5597830998644374
0.6816730875068795,0.559692724807953
0.6816380449141347,0.5596023497514686
0.6816029946053066,0.5595119746949841
0.6815679365778463,0.5594215996384998
0.6815328708292039,0.5593312245820153
0.6814977973568281,0.559240849525531
0.6814627161581672,0.5591504744690465
0.6814276272306675,0.5590600994125622
0.6814676068752754,0.5589697243560777
0.6814325068870524,0.5588793492995933
0.6814725008266285,0.5587889742431089
0.6815476190476191,0.5587889742431089
0.6815125124021607,0.5586985991866245
0.6814773980154355,0.5586082241301401
0.681552541625317,0.5586082241301401
0.6815925885077755,0.5585178490736556
0.6816326530612244,0.5584274740171713
0.6816727352973629,0.5583370989606868
0.681637607592143,0.5582467239042025
0.6816024721333186,0.558156348847718
0.6815673289183223,0.5580659737912336
0.6816074188562596,0.5579755987347492
0.6816475265017667,0.5578852236782648
0.6816123688569851,0.5577948486217804
0.6816876518665783,0.5577948486217804
0.6817277949624393,0.557704473565296
0.6816926306485471,0.5576140985088116
0.6816574585635359,0.5575237234523271
0.6816222787048293,0.5574333483958428
0.6815870910698497,0.5573429733393583
0.6816272385584788,0.5572525982828739
0.6816674038036267,0.5571622232263895
0.6816322017029747,0.5570718481699051
0.6817075868170759,0.5570718481699051
0.6817477876106195,0.5569814731134207
0.6817880061960611,0.5568910980569363
0.6817527940688282,0.5568007230004519
0.6817930271167681,0.5567103479439675
0.6818332779807373,0.5566199728874831
0.6817980513728964,0.5565295978309986
0.6817628169637914,0.5564392227745142
0.6818030789677705,0.5563488477180298
0.6817678334071776,0.5562584726615454
0.6817325800376648,0.556168097605061
0.6817728531855956,0.5560777225485766
0.6817375886524822,0.5559873474920922
0.6817023163027818,0.5558969724356078
0.6816670361338949,0.5558065973791234
0.6817426005986033,0.5558065973791234
0.6817829027608382,0.555716222322639
0.6817476158793524,0.5556258472661545
0.6817879325643301,0.5555354722096701
0.6818282671400044,0.5554450971531857
0.6818686196182867,0.5553547220967013
0.6818333148374209,0.5552643470402169
0.6817980022197558,0.5551739719837325
0.6817626817626817,0.5550835969272481
0.6818030420783835,0.5549932218707637
0.6818434203220433,0.5549028468142793
0.6818838165056093,0.5548124717577948
0.6818484781159743,0.5547220967013105
0.6819242306410399,0.5547220967013105
0.6818888888888889,0.554631721644826
0.6819293176261392,0.5545413465883416
0.6818939646548849,0.5544509715318572
0.6818586038239217,0.5543605964753728
0.6818990438069824,0.5542702214188884
0.6818636717446903,0.554179846362404
0.6818282918149466,0.5540894713059196
0.6819041263485708,0.5540894713059196
0.681868743047831,0.5539990962494351
0.6818333518745133,0.5539087211929508
0.6818738177367308,0.5538183461364663
0.6818384153127086,0.553727971079982
0.6818030050083472,0.5536375960234975
0.6817675868210151,0.5535472209670131
0.6817321607480797,0.5534568459105287
0.6818080605655756,0.5534568459105287
0.68184855233853,0.5533664708540443
0.681813119501058,0.5532760957975599
0.6818536259329397,0.5531857207410754
0.6818941504178273,0.5530953456845911
0.6819346929677923,0.5530049706281066
0.6818992420864913,0.5529145955716223
0.6818637833017501,0.5528242205151378
0.6819043371613335,0.5527338454586534
0.6818688670829617,0.552643470402169
0.6819094356457729,0.5525530953456846
0.6818739542665923,0.5524627202892002
0.6818384649709951,0.5523723452327157
0.6818029677563315,0.5522819701762314
0.6818435442472939,0.5521915951197469
0.6818841388547829,0.5521012200632626
0.6819247515909345,0.5520108450067781
0.6820008932559178,0.5520108450067781
0.6819653824678951,0.5519204699502938
0.6819298637480455,0.5518300948938093
0.681970509383378,0.551739719837325
0.6819349793319183,0.5516493447808405
0.6819756397362834,0.551558969724356
0.6820163183189896,0.5514685946678717
0.6819807735300693,0.5513782196113872
0.6819452207937395,0.5512878445549029
0.6819859107681986,0.5511974694984184
0.6819503466785954,0.5511070944419341
0.6819910514541387,0.5510167193854496
0.6819554760040273,0.5509263443289653
0.6819198925934213,0.5508359692724808
0.6818843012196486,0.5507455942159963
0.6819250139899272,0.550655219159512
0.6818894112379673,0.5505648441030275
0.6819301388266905,0.5504744690465432
0.6818945246892845,0.5503840939900587
0.6818589025755879,0.5502937189335744
0.6818232724829209,0.5502033438770899
0.6818640080654195,0.5501129688206056
0.681828366569572,0.5500225937641211
0.6817927170868348,0.5499322187076366
0.6817570596145226,0.5498418436511523
0.6817978031831428,0.5497514685946678
0.6817621342898779,0.5496610935381835
0.6818028927009755,0.549570718481699
0.6817672123794573,0.5494803434252147
0.6818079856437864,0.5493899683687302
0.6817722938867078,0.5492995933122459
0.6817365941216065,0.5492092182557614
0.6817008863457871,0.549118843199277
0.681665170556553,0.5490284681427926
0.681705948372615,0.5489380930863081
0.6816702211247053,0.5488477180298238
0.6816344858554109,0.5487573429733393
0.6816752750954412,0.548666967916855
0.6816395283548569,0.5485765928603705
0.6816803324722004,0.5484862178038862
0.6816445742529769,0.5483958427474017
0.6816853932584269,0.5483054676909173
0.6816496235532082,0.5482150926344329
0.6816138458080467,0.5481247175779485
0.6815780600202316,0.5480343425214641
0.681618887015177,0.5479439674649796
0.6815830897234091,0.5478535924084953
0.6816239316239316,0.5477632173520108
0.6816647919010124,0.5476728422955265
0.6817056705670567,0.547582467239042
0.6816698548441544,0.5474920921825576
0.6816340310600946,0.5474017171260732
0.6816749212066636,0.5473113420695888
0.681639085894405,0.5472209670131044
0.6816032425129476,0.54713059195662
0.6816441441441441,0.5470402169001356
0.6816082892217592,0.5469498418436511
0.6815724262221221,0.5468594667871668
0.6815365551425031,0.5467690917306823
0.6815774647887324,0.5466787166741979
0.6815415821501014,0.5465883416177135
0.6815056914234193,0.5464979665612291
0.6815466125577725,0.5464075915047447
0.681510710259301,0.5463172164482603
0.681587552147931,0.5463172164482603
0.681551646368967,0.5462268413917759
0.6815157324912597,0.5461364663352914
0.6814798105120686,0.5460460912788071
0.681443880428652,0.5459557162223226
0.6814848245515063,0.5458653411658382
0.6814488828706838,0.5457749661093538
0.681489841986456,0.5456845910528694
0.6814538887007563,0.545594215996385
0.6814179272973583,0.5455038409399006
0.6813819577735125,0.5454134658834162
0.6814229249011857,0.5453230908269318
0.6813869437542354,0.5452327157704474
0.6813509544787077,0.545142340713963
0.6813149570718482,0.5450519656574785
0.6812789515309005,0.5449615906009941
0.6813199231551588,0.5448712155445097
0.6812839059674503,0.5447808404880253
0.6812478806375042,0.5446904654315409
0.6812118471625593,0.5446000903750565
0.6812888637648389,0.5446000903750565
0.6812528267752148,0.5445097153185721
0.6812938249264873,0.5444193402620877
0.6813348416289593,0.5443289652056033
0.6812987894558208,0.5442385901491188
0.6812627291242362,0.5441482150926344
0.681226660631436,0.54405784003615
0.6812676853423882,0.5439674649796656
0.6813087286312691,0.5438770899231812
0.6812726449275363,0.5437867148666968
0.681349790510701,0.5437867148666968
0.6813137032842582,0.5436963398102124
0.6812776078831124,0.543605964753728
0.6812415043044857,0.5435155896972436
0.6812825742125538,0.5434252146407591
0.6812464589235128,0.5433348395842748
0.6812103354487761,0.5432444645277903
0.6811742037855605,0.543154089471306
0.6811380639310813,0.5430637144148215
0.681101915882553,0.5429733393583371
0.6810657596371882,0.5428829643018527
0.6811429867331897,0.5428829643018527
0.6811068269448854,0.5427925892453683
0.6811479128856625,0.5427022141888839
0.6811890174722033,0.5426118391323994
0.681152842391921,0.5425214640759151
0.6811166591012257,0.5424310890194306
0.6810804675973215,0.5423407139629463
0.681044267877412,0.5422503389064618
0.6810080599386991,0.5421599638499774
0.6810491654365846,0.542069588793493
0.6810129457188281,0.5419792137370086
0.6810540663334848,0.5418888386805242
0.681095205635083,0.5417984636240397
0.6811363636363637,0.5417080885675554
0.6811775403500796,0.5416177135110709
0.6811412981698306,0.5415273384545866
0.6811050477489768,0.5414369633981021
0.6810687890847072,0.5413465883416178
0.6810325221742097,0.5412562132851333
0.681073703366697,0.5411658382286489
0.6811149032992037,0.5410754631721645
0.6810786210035271,0.54098508811568
0.6811198361215431,0.5408947130591957
0.6811610700056915,0.5408043380027112
0.681202322668792,0.5407139629462269
0.6812435941236761,0.5406235878897424
0.6812848843831871,0.5405332128332581
0.68132619346018,0.5404428377767736
0.6812898814949864,0.5403524627202893
0.6812535612535613,0.5402620876638048
0.681294882024393,0.5401717126073203
0.6812585499316005,0.540081337550836
0.6812222095542128,0.5399909624943515
0.6811858608893957,0.5399005874378672
0.6811495039343141,0.5398102123813827
0.6811131386861314,0.5397198373248984
0.6810767651420098,0.5396294622684139
0.6811180832857958,0.5395390872119296
0.6810816978548608,0.5394487121554451
0.6810453041195937,0.5393583370989606
0.6810089020771514,0.5392679620424763
0.680972491724689,0.5391775869859918
0.6809360730593608,0.5390872119295075
0.6809773920986527,0.538996836873023
0.6809409615165011,0.5389064618165387
0.6809822958309537,0.5388160867600542
0.6809458533241947,0.5387257117035699
0.6809094024905746,0.5386353366470854
0.6808729433272395,0.538544961590601
0.6809142857142857,0.5384545865341166
0.6809556470050298,0.5383642114776321
0.6809191722876414,0.5382738364211478
0.6809605488850772,0.5381834613646633
0.6809240622140896,0.538093086308179
0.6808875671966145,0.5380027112516945
0.6809289554970828,0.5379123361952102
0.6809703627417325,0.5378219611387257
0.6809338521400778,0.5377315860822413
0.6809752747252747,0.5376412110257569
0.6809387521465369,0.5375508359692724
0.6809022212044882,0.5374604609127881
0.6808656818962556,0.5373700858563036
0.6808291342189647,0.5372797107998193
0.68079257816974,0.5371893357433348
0.6808705612829324,0.5371893357433348
0.6808340016038492,0.5370989606868505
0.6807974335472043,0.537008585630366
0.680838872335549,0.5369182105738816
0.6808803301237965,0.5368278355173972
0.6809218069250172,0.5367374604609128
0.68088521958491,0.5366470854044284
0.6809267117788738,0.5365567103479439
0.6809682230125043,0.5364663352914596
0.6809316200091785,0.5363759602349751
0.6809731466605462,0.5362855851784908
0.6809365316194192,0.5361952101220063
0.6808999081726355,0.5361048350655219
0.6809414466130884,0.5360144600090375
0.6809830041341295,0.5359240849525531
0.6809463649936832,0.5358337098960687
0.6809097174362508,0.5357433348395843
0.6809512867647058,0.5356529597830999
0.6809928752011032,0.5355625847266154
0.6810344827586207,0.5354722096701311
0.6810761094504484,0.5353818346136466
0.6811177552897885,0.5352914595571622
0.6810810810810811,0.5352010845006778
0.6811227424364431,0.5351107094441934
0.681164422966287,0.535020334387709
0.6811277330264672,0.5349299593312246
0.6810910346415008,0.5348395842747402
0.6811327270634281,0.5347492092182557
0.681174438687392,0.5346588341617714
0.6811377245508982,0.5345684591052869
0.6811010019578486,0.5344780840488025
0.6811427254924548,0.5343877089923181
0.6811059907834102,0.5342973339358337
0.6811477298916802,0.5342069588793493
0.6811894882434302,0.5341165838228649
0.6811527377521613,0.5340262087663805
0.6811159787871801,0.5339358337098961
0.6810792113455552,0.5338454586534117
0.6810424354243543,0.5337550835969272
0.6810056510206435,0.5336647085404428
0.6810474103126082,0.5335743334839584
0.6810106137517306,0.533483958427474
0.6809738086996654,0.5333935833709896
0.6809369951534734,0.5333032083145052
0.6809001731102136,0.5332128332580208
0.6808633425669437,0.5331224582015364
0.6808265035207203,0.533032083145052
0.6808682600161644,0.5329417080885676
0.6808314087759815,0.5328513330320831
0.6807945490241367,0.5327609579755987
0.6807576807576807,0.5326705829191143
0.680720803973663,0.5325802078626299
0.6807625649913345,0.5324898328061455
0.6807256759879824,0.5323994577496611
0.6807674526121128,0.5323090826931767
0.6807305513813432,0.5322187076366923
0.6806936416184971,0.5321283325802079
0.6807354301572618,0.5320379575237234
0.6806985081531167,0.531947582467239
0.6806615776081425,0.5318572074107546
0.6807033780657104,0.5317668323542702
0.6807451978708632,0.5316764572977858
0.680787037037037,0.5315860822413014
0.6807500868156037,0.531495707184817
0.680791941646405,0.5314053321283326
0.680833815865663,0.5313149570718482
0.6807968496641186,0.5312245820153637
0.6808387395736794,0.5311342069588794
0.6808017610937319,0.5310438319023949
0.6807647740440325,0.5309534568459106
0.6808066759388038,0.5308630817894261
0.6807696765967312,0.5307727067329417
0.6807326686760955,0.5306823316764573
0.6807745825602969,0.5305919566199729
0.6807375623332946,0.5305015815634885
0.6807794919382902,0.530411206507004
0.6807424593967517,0.5303208314505197
0.6807844047342771,0.5302304563940352
0.6807473598700243,0.5301400813375509
0.6807893209518282,0.5300497062810664
0.6808313015209567,0.529959331224582
0.6807942405945193,0.5298689561680976
0.6807571710602718,0.5297785811116132
0.6808362369337979,0.5297785811116132
0.680799163665931,0.5296882060551288
0.68084117578715,0.5295978309986443
0.680804090169649,0.52950745594216
0.6807669959325974,0.5294170808856755
0.6808090201092643,0.5293267058291912
0.6808510638297872,0.5292363307727067
0.6808139534883721,0.5291459557162224
0.6808560130262852,0.5290555806597379
0.6808188903105734,0.5289652056032536
0.6807817589576547,0.5288748305467691
0.680823830579474,0.5287844554902846
0.6808659217877095,0.5286940804338003
0.6808287742986847,0.5286037053773158
0.6807916181606519,0.5285133303208315
0.6807544533705903,0.528422955264347
0.6807172799254774,0.5283325802078627
0.6806800978222896,0.5282422051513782
0.6807221898660454,0.5281518300948939
0.6807643015262729,0.5280614550384094
0.6808436261943603,0.5280614550384094
0.6808064328166881,0.5279710799819249
0.6807692307692308,0.5278807049254406
0.6808113779435766,0.5277903298689561
0.6807741634604174,0.5276999548124718
0.6807369402985075,0.5276095797559873
0.6807790996034523,0.527519204699503
0.6808585092732999,0.527519204699503
0.6808212785814279,0.5274288296430185
0.6807840392019601,0.5273384545865342
0.6808262340996616,0.5272480795300497
0.6807889822595705,0.5271577044735652
0.6807517217228901,0.5270673294170809
0.6807144524865748,0.5269769543605964
0.6806771745475774,0.5268865793041121
0.6807566557683326,0.5268865793041121
0.6807988787666434,0.5267962042476276
0.6807615932718141,0.5267058291911433
0.6808038322233906,0.5266154541346588
0.6808460909197148,0.5265250790781745
0.6808087891538102,0.52643470402169
0.6807714786674459,0.5263443289652056
0.6807341594575637,0.5262539539087212
0.6806968315211037,0.5261635788522367
0.680776426566885,0.5261635788522367
0.6807390948427084,0.5260732037957524
0.6807017543859649,0.5259828287392679
0.6807440336920917,0.5258924536827836
0.6807863327872689,0.5258020786262991
0.6807489760093622,0.5257117035698148
0.6807912911155332,0.5256213285133303
0.6807539217981737,0.5255309534568459
0.6807962529274004,0.5254405784003615
0.6807588710621852,0.525350203343877
0.6808012182265433,0.5252598282873927
0.6808435852372583,0.5251694532309082
0.6808859721082855,0.5250790781744239
0.6808485700890764,0.5249887031179394
0.6808909730363423,0.5248983280614551
0.6809333958724203,0.5248079530049706
0.6809758386113066,0.5247175779484862
0.6810183012670108,0.5246272028920018
0.6809808752786578,0.5245368278355174
0.6810607838535555,0.5245368278355174
0.6810233540664241,0.524446452779033
0.6809859154929577,0.5243560777225486
0.6809484681300623,0.5242657026660642
0.6810284104249824,0.5242657026660642
0.6810709253170503,0.5241753276095797
0.6810334703464475,0.5240849525530954
0.6810760014096089,0.5239945774966109
0.6811185524615204,0.5239042024401265
0.6810810810810811,0.5238138273836421
0.681043600893172,0.5237234523271577
0.6810061118946874,0.5236330772706733
0.6810486715259817,0.5235427022141889
0.6810111699000588,0.5234523271577045
0.6810537457367988,0.52336195210122
0.6810963416068698,0.5232715770447357
0.6810588235294117,0.5231812019882512
0.6810212966231322,0.5230908269317668
0.6811014356319134,0.5230908269317668
0.6810639049076145,0.5230004518752824
0.6811440677966102,0.5230004518752824
0.6811065332548558,0.522910076818798
0.681068989875206,0.5228197017623136
0.6811116344795102,0.5227293267058292
0.6811542991755006,0.5226389516493448
0.6811167393096949,0.5225485765928604
0.6811594202898551,0.522458201536376
0.681121847749234,0.5223678264798916
0.6811645450259312,0.5222774514234071
0.6812072624381043,0.5221870763669227
0.6811696733875722,0.5220967013104383
0.6812124071234815,0.5220063262539539
0.6811748053786271,0.5219159511974695
0.6812175554506843,0.5218255761409851
0.6812603257021478,0.5217352010845007
0.6812227074235808,0.5216448260280163
0.6812654940384842,0.5215544509715319
0.6813083008619671,0.5214640759150474
0.6813511279083501,0.521373700858563
0.6813939751919669,0.5212833258020786
0.6814368427271653,0.5211929507455942
0.6813991964074687,0.5211025756891098
0.6813615411889847,0.5210122006326254
0.6813238770685579,0.520921825576141
0.6812862040430311,0.5208314505196566
0.6813290765046707,0.5207410754631722
0.6812913907284768,0.5206507004066877
0.6812536960378475,0.5205603253502034
0.6812159924296192,0.5204699502937189
0.681178279900627,0.5203795752372345
0.6811405584477047,0.5202892001807501
0.6811028280676843,0.5201988251242657
0.681145697715706,0.5201084500677813
0.6811885876642595,0.5200180750112969
0.68115084063462,0.5199276999548125
0.6811130846654825,0.519837324898328
0.6811559872083383,0.5197469498418437
0.6812366737739872,0.5197469498418437
0.6811989100817438,0.5196565747853592
0.6812418533001541,0.5195661997288749
0.6812040767954491,0.5194758246723904
0.6812470365101944,0.519385449615906
0.6812900165994783,0.5192950745594216
0.6813330170777988,0.5192046995029372
0.6814138299134148,0.5192046995029372
0.6813760379596678,0.5191143244464528
0.6813382370387946,0.5190239493899683
0.6813812744749022,0.518933574333484
0.6813434607168288,0.5188431992769995
0.6814243323442136,0.5188431992769995
0.681386514719848,0.5187528242205152
0.6813486881158732,0.5186624491640307
0.6813108525290905,0.5185720741075464
0.6812730079562997,0.5184816990510619
0.6812351543942993,0.5183913239945775
0.6812782133523402,0.5183009489380931
0.6813212927756654,0.5182105738816086
0.6813643926788685,0.5181201988251243
0.6813265184832996,0.5180298237686398
0.6812886352829292,0.5179394487121555
0.6813317479191439,0.517849073655671
0.6812938518254251,0.5177586985991867
0.6813369810871892,0.5176683235427022
0.6813801308744795,0.5175779484862179
0.6813422179914327,0.5174875734297334
0.6813042960847316,0.5173971983732489
0.6813474586358766,0.5173068233167646
0.6813095238095238,0.5172164482602801
0.6813527030245297,0.5171260732037958
0.6813959028108623,0.5170356981473113
0.6814391231832261,0.516945323090827
0.6814011676396997,0.5168549480343425
0.6813632030505243,0.5167645729778582
0.6814064362336114,0.5166741979213737
0.6813684586959113,0.5165838228648892
0.6813304721030042,0.5164934478084049
0.6812924764516514,0.5164030727519204
0.681254471738612,0.5163126976954361
0.6812977099236641,0.5162223226389516
0.6812596922342836,0.5161319475824673
0.6812216654736339,0.5160415725259828
0.6812649164677804,0.5159511974694985
0.6813081881117212,0.515860822413014
0.6813514804202483,0.5157704473565295
0.6813134328358209,0.5156800723000452
0.6813567419085155,0.5155896972435607
0.6814000716760243,0.5154993221870764
0.6814434221531843,0.5154089471305919
0.6814867933548464,0.5153185720741076
0.6815682524503944,0.5153185720741076
0.6815301852958757,0.5152281970176231
0.6815735979911515,0.5151378219611388
0.6816170314555675,0.5150474469046543
0.6816604857040316,0.5149570718481699
0.6817039607514659,0.5148666967916855
0.681665868836764,0.514776321735201
0.6816277678037104,0.5146859466787167
0.6815896576490305,0.5145955716222322
0.6816331417624522,0.5145051965657479
0.6816766467065868,0.5144148215092634
0.6816385195831837,0.5143244464527791
0.6816003833253473,0.5142340713962946
0.6815622379297951,0.5141436963398102
0.6816057519472738,0.5140533212833258
0.6816492868272803,0.5139629462268414
0.6816111244305921,0.513872571170357
0.6815729528833473,0.5137821961138725
0.6815347721822542,0.5136918210573882
0.6814965823240197,0.5136014460009037
0.681458383305349,0.5135110709444194
0.6815401223461677,0.5135110709444194
0.6815019193857965,0.5134206958879349
0.6814637072585483,0.5133303208314505
0.6815072602904116,0.5132399457749661
0.6815890542486798,0.5132399457749661
0.6815508342335854,0.5131495707184817
0.6815944291031336,0.5130591956619973
0.6816380449141347,0.5129688206055129
0.6816816816816816,0.5128784455490285
0.681643440653532,0.512788070492544
0.6816051904361408,0.5126976954360597
0.6815669310261956,0.5126073203795752
0.6816105769230769,0.5125169453230908
0.6815723043635052,0.5124265702666064
0.6815340226015869,0.512336195210122
0.6814957316340027,0.5122458201536376
0.6814574314574314,0.5121554450971532
0.6815010825114265,0.5120650700406688
0.6814627691567424,0.5119746949841844
0.6814244465832531,0.5118843199277
0.6813861147876309,0.5117939448712155
0.6814297749428331,0.5117035698147311
0.681391429947039,0.5116131947582467
0.6814351071514568,0.5115228197017623
0.6814788053949904,0.5114324446452779
0.6815225246928451,0.5113420695887935
0.6814841585351162,0.5112516945323091
0.6814457831325301,0.5111613194758247
0.6814895155459146,0.5110709444193403
0.6814511269133422,0.5109805693628559
0.6814127290260367,0.5108901943063714
0.681374321880651,0.510799819249887
0.6814564745599229,0.510799819249887
0.6814180634269866,0.5107094441934026
0.681379643029426,0.5106190691369182
0.6813412133638885,0.5105286940804338
0.6813027744270205,0.5104383190239494
0.681346525096525,0.510347943967465
0.681308072885242,0.5102575689109806
0.6813518406759204,0.5101671938544962
0.6813133751810719,0.5100768187980117
0.6812749003984063,0.5099864437415274
0.6813186813186813,0.5098960686850429
0.681280193236715,0.5098056936285585
0.6812416958569876,0.5097153185720741
0.6812854899118038,0.5096249435155897
0.6813293051359517,0.5095345684591053
0.6812907904278462,0.5094441934026209
0.6813346228239845,0.5093538183461365
0.6812960947890219,0.509263443289652
0.6813399443705406,0.5091730682331677
0.6813838151687432,0.5090826931766832
0.6814277071990321,0.5089923181201989
0.6814716204768244,0.5089019430637144
0.6815155550175523,0.50881156800723
0.6814769975786925,0.5087211929507456
0.681520949382417,0.5086308178942612
0.6815649224806202,0.5085404428377768
0.6816089168887812,0.5084500677812923
0.6815703380588877,0.508359692724808
0.6815317498788173,0.5082693176683235
0.6815757575757576,0.5081789426118392
0.6815371560189114,0.5080885675553547
0.6814985451018428,0.5079981924988703
0.681459924821147,0.5079078174423859
0.6815039417828987,0.5078174423859015
0.6815479801043309,0.5077270673294171
0.681592039800995,0.5076366922729326
0.6815533980582524,0.5075463172164483
0.6815147469353077,0.5074559421599638
0.6814760864287448,0.5073655671034795
0.6814374165351463,0.507275192046995
0.6814814814814815,0.5071848169905107
0.6814427981539957,0.5070944419340262
0.6814041054293696,0.5070040668775418
0.6814481836957842,0.5069136918210574
0.681492283388018,0.5068233167645729
0.6815364045216968,0.5067329417080886
0.6814976902504255,0.5066425666516041
0.6815418287937743,0.5065521915951198
0.681503101058008,0.5064618165386353
0.6815472570246929,0.506371441482151
0.6815914344810804,0.5062810664256665
0.6816356334428624,0.5061906913691822
0.6815968841285297,0.5061003163126977
0.6815581253804017,0.5060099412562132
0.6815193571950329,0.5059195661997289
0.6815635655138821,0.5058291911432444
0.6815247838265741,0.5057388160867601
0.6814859926918392,0.5056484410302756
0.6815302144249513,0.5055580659737913
0.6814914097721457,0.5054676909173068
0.6815356489945156,0.5053773158608225
0.681496830814237,0.505286940804338
0.6815410875396245,0.5051965657478535
0.6815853658536586,0.5051061906913692
0.681546530064642,0.5050158156348847
0.681507684801171,0.5049254405784004
0.681590825911919,0.5049254405784004
0.6816351433801098,0.5048350655219159
0.6815962899682695,0.5047446904654316
0.681640625,0.5046543154089471
0.6816017580271029,0.5045639403524628
0.6816461106362193,0.5044735652959783
0.6816904849151093,0.5043831902394939
0.6816516002931835,0.5042928151830095
0.6816127061698228,0.504202440126525
0.6816570939753147,0.5041120650700407
0.6816181862625275,0.5040216900135562
0.6816625916870416,0.5039313149570719
0.68170701883101,0.5038409399005874
0.6816680934327993,0.5037505648441031
0.6817125382262997,0.5036601897876186
0.6817570047718097,0.5035698147311342
0.6817180616740088,0.5034794396746498
0.6817625458996328,0.5033890646181653
0.6818460031827641,0.5033890646181653
0.6818070519098922,0.503298689561681
0.6817680910983225,0.5032083145051965
0.6817291207445506,0.5031179394487122
0.6816901408450704,0.5030275643922277
0.6817346563763322,0.5029371893357434
0.6817791937262591,0.5028468142792589
0.6818237529108959,0.5027564392227745
0.6818683339463038,0.5026660641662901
0.6819129368485591,0.5025756891098057
0.6819575616337544,0.5024853140533213
0.681918547595682,0.5023949389968368
0.6818795239847871,0.5023045639403525
0.681840490797546,0.502214188883868
0.6818851251840943,0.5021238138273837
0.6818460783110347,0.5020334387708992
0.6818070218512153,0.5019430637144148
0.6817679558011049,0.5018526886579304
0.6818125997789513,0.501762313601446
0.6817735200196512,0.5016719385449616
0.6817344306596241,0.5015815634884772
0.6816953316953317,0.5014911884319928
0.6816562231232338,0.5014008133755083
0.6817008725574536,0.501310438319024
0.6816617502458211,0.5012200632625395
0.6817064175067618,0.5011296882060551
0.6817511067388097,0.5010393131495707
0.6817119665477801,0.5009489380930863
0.6816728167281673,0.5008585630366019
0.6816336572764178,0.5007681879801175
0.6816783560969607,0.5006778129236331
0.6817230769230769,0.5005874378671487
0.6816838995568686,0.5004970628106643
0.6816447125446263,0.5004066877541798
0.6816055158827875,0.5003163126976954
0.6816894471124246,0.5003163126976954
0.6816502463054187,0.500225937641211
0.6816949987681695,0.5001355625847266
0.6817397732873337,0.5000451875282422
0.6817005545286506,0.49995481247175777
0.6817453469739924,0.49986443741527337
0.6817901615090618,0.49977406235878896
0.6817509247842171,0.49968368730230456
0.6817116783820446,0.49959331224582015
0.6817565067225854,0.49950293718933575
0.6818013571869217,0.49941256213285135
0.6818462297914353,0.49932218707636694
0.6818911245525244,0.49923181201988254
0.6818518518518518,0.4991414369633981
0.6818125694530189,0.4990510619069137
0.6818574780783007,0.49896068685042927
0.6818181818181818,0.49887031179394487
0.6817788758492896,0.49877993673746046
0.6818237983442481,0.49868956168097606
0.6817844784972813,0.49859918662449165
0.6817451489309109,0.49850881156800725
0.6817900853010261,0.49841843651152284
0.6818350438976134,0.4983280614550384
0.6818800247371676,0.498237686398554
0.6819250278361995,0.4981473113420696
0.6818856718634001,0.4980569362855852
0.681930693069307,0.49796656122910077
0.6820151008788217,0.49796656122910077
0.6819757365684576,0.49787618617261636
0.6820208023774146,0.49778581111613196
0.6819814241486069,0.49769543605964756
0.6820265081134647,0.49760506100316315
0.6819871159563925,0.4975146859466787
0.6820322180916977,0.4974243108901943
0.682077342588002,0.4973339358337099
0.682122489461939,0.4972435607772255
0.6821676587301587,0.4971531857207411
0.6821282401091405,0.49706281066425667
0.6820888117092533,0.49697243560777227
0.6821339950372208,0.49688206055128786
0.6820945526740291,0.49679168549480346
0.6821792007942418,0.49679168549480346
0.6821397542509618,0.496701310438319
0.6821849782743638,0.4966109353818346
0.6821455177551528,0.4965205603253502
0.6821907600596125,0.4964301852688658
0.6822360248447205,0.4963398102123814
0.6821965461548019,0.496249435155897
0.6822418292531378,0.4961590600994126
0.6822871348663766,0.49606868504292817
0.6823324630113142,0.49597830998644377
0.6823778137047631,0.4958879349299593
0.6823383084577115,0.4957975598734749
0.6822987933822615,0.4957071848169905
0.6823441582680104,0.4956168097605061
0.6823046291687407,0.4955264347040217
0.6822650902302427,0.4954360596475373
0.6822255414488424,0.4953456845910529
0.6822709163346613,0.4952553095345685
0.6823163138231632,0.4951649344780841
0.6822767467928759,0.4950745594215996
0.6823221627008845,0.4949841843651152
0.6822825816097683,0.4948938093086308
0.6823280159521435,0.4948034342521464
0.6822884207902281,0.494713059195662
0.6822488157566692,0.4946226841391776
0.6823338735818476,0.4946226841391776
0.6824189526184539,0.4946226841391776
0.6823793490460157,0.4945323090826932
0.6823397355949115,0.4944419340262088
0.6823001122614444,0.4943515589697244
0.6822604790419161,0.4942611839132399
0.6823059645620164,0.4941708088567555
0.6823514727908138,0.4940804338002711
0.682311821245787,0.4939900587437867
0.6823573479835185,0.4938996836873023
0.6824028974647184,0.4938093086308179
0.6824484697064335,0.4937189335743335
0.6824940647257278,0.4936285585178491
0.6824543864033992,0.4935381834613647
0.6824146981627297,0.49344780840488023
0.682375,0.4933574333483958
0.6824206051512878,0.4932670582919114
0.6823808928348131,0.493176683235427
0.682426516572858,0.4930863081789426
0.6824721631427499,0.4929959331224582
0.6825178325616318,0.4929055580659738
0.6825635248466642,0.4928151830094894
0.6826092400150244,0.492724807953005
0.6825694966190834,0.49263443289652054
0.6825297432686287,0.49254405784003613
0.6824899799599199,0.4924536827835517
0.6825357053370082,0.4923633077270673
0.6825814536340852,0.4922729326705829
0.6825416718887078,0.4921825576140985
0.6825018801704688,0.4920921825576141
0.6824620784756174,0.4920018075011297
0.6824222668004012,0.4919114324446453
0.6824680210684725,0.49182105738816084
0.6825137982940291,0.49173068233167644
0.6825595984943539,0.49164030727519203
0.6825197640858326,0.49154993221870763
0.6825655830299987,0.4914595571622232
0.6825257343710771,0.4913691821057388
0.6825715720743345,0.4912788070492544
0.6825317091548412,0.49118843199277
0.6825775656324582,0.4910980569362856
0.6825376884422111,0.49100768187980115
0.6825835637094747,0.49091730682331675
0.6825436722382807,0.49082693176683234
0.6825895663104965,0.49073655671034794
0.6826753834548654,0.49073655671034794
0.682635483465359,0.49064618165386353
0.6825955734406438,0.49055580659737913
0.6825556533769337,0.4904654315408947
0.6826015851050447,0.4903750564844103
0.6826475399521832,0.4902846814279259
0.6826076013088347,0.49019430637144146
0.6826535750251762,0.49010393131495705
0.6826136220571573,0.49001355625847265
0.6826596146581035,0.48992318120198824
0.6826196473551638,0.48983280614550384
0.6825796699836252,0.48974243108901944
0.6826256772080131,0.48965205603253503
0.682585685483871,0.48956168097605063
0.6826317116208722,0.4894713059195662
0.68267776096823,0.48938093086308176
0.6827238335435056,0.48929055580659736
0.6826838188926725,0.48920018075011296
0.6827299104326984,0.48910980569362855
0.6827760252365931,0.48901943063714415
0.682822163321974,0.48892905558065974
0.6828683247064764,0.48883868052417534
0.6829145094077536,0.48874830546769094
0.682874463248295,0.48865793041120653
0.682834406972338,0.48856755535472207
0.6827943405760485,0.48847718029823767
0.6827542640555907,0.48838680524175326
0.6827141774071266,0.48829643018526886
0.6827603640040445,0.48820605512878446
0.6828065739570164,0.48811568007230005
0.6828528072837633,0.48802530501581565
0.6828126976097129,0.48793492995933124
0.682772577789021,0.48784455490284684
0.6827324478178368,0.4877541798463624
0.6827786916360875,0.487663804789878
0.6827385472032397,0.48757342973339357
0.6826983926085306,0.48748305467690917
0.6827446512216736,0.48739267962042476
0.6827044821473791,0.48730230456394036
0.6826643028998354,0.48721192950745595
0.6827105763141229,0.48712155445097155
0.682756873178766,0.48703117939448715
0.6828031935115955,0.4869408043380027
0.6827629911280101,0.4868504292815183
0.6827227785524147,0.4867600542250339
0.6826825557809331,0.4866696791685495
0.6827691137314569,0.4866696791685495
0.6827288866345422,0.48657930411206507
0.6827752409944191,0.48648892905558067
0.6828216188784573,0.48639855399909626
0.682781372922218,0.48630817894261186
0.682741116751269,0.48621780388612745
0.682700850361721,0.486127428829643
0.6827472387964961,0.4860370537731586
0.6827936507936508,0.4859466787166742
0.682753365506731,0.4858563036601898
0.6827130699860282,0.4857659286037054
0.6826727642276422,0.485675553547221
0.6826324482276712,0.48558517849073657
0.682592121982211,0.48549480343425216
0.6826385358413828,0.48540442837776776
0.6825981949917377,0.4853140533212833
0.682557843885075,0.4852236782647989
0.6825174825174826,0.4851333032083145
0.6824771108850458,0.4850429281518301
0.6825639069057612,0.4850429281518301
0.6825235309081659,0.4849525530953457
0.6824831446380868,0.4848621780388613
0.6824427480916031,0.4847718029823769
0.6825295839165288,0.4847718029823769
0.6825760468372152,0.48468142792589247
0.6825356415478615,0.48459105286940807
0.6824952259707193,0.4845006778129236
0.6824548001018589,0.4844103027564392
0.6824143639373488,0.4843199276999548
0.6823739174732553,0.4842295526434704
0.6823334607056426,0.484139177586986
0.6823799210090458,0.4840488025305016
0.6824264049955397,0.4839584274740172
0.6824729126832377,0.4838680524175328
0.6824324324324325,0.4837776773610484
0.6824789594491201,0.4836873023045639
0.6825255102040816,0.4835969272480795
0.6824850108432198,0.4835065521915951
0.6824445011482521,0.4834161771351107
0.6824039811152227,0.4833258020786263
0.6823634507401736,0.4832354270221419
0.6824100076589227,0.4831450519656575
0.6823694625303205,0.4830546769091731
0.6823289070480082,0.4829643018526887
0.6822883412080194,0.4828739267962042
0.6822477650063857,0.4827835517397198
0.6822943280531426,0.4826931766832354
0.6822537370640092,0.482602801626751
0.6823003194888179,0.4825124265702666
0.6822597137014315,0.4824220515137822
0.6822190975329158,0.4823316764572978
0.6822656949239227,0.4822413014008134
0.6822250639386189,0.482150926344329
0.6822716807367614,0.48206055128784453
0.6822310349238838,0.4819701762313601
0.6821903787103377,0.4818798011748757
0.6822370104939851,0.4817894261183913
0.6823243312428005,0.4817894261183913
0.6822836661546339,0.4816990510619069
0.6822429906542056,0.4816086760054225
0.682202304737516,0.4815183009489381
0.6821616084005635,0.4814279258924537
0.6821209016393442,0.4813375508359693
0.6820801844498527,0.48124717577948484
0.6821268417680973,0.48115680072300043
0.6820861096873398,0.48106642566651603
0.6820453671664745,0.4809760506100316
0.6820920394821177,0.4808856755535472
0.6820512820512821,0.4807953004970628
0.682097973839446,0.4807049254405784
0.6820572014877517,0.480614550384094
0.6821039127645927,0.4805241753276096
0.6821506480174515,0.48043380027112514
0.6821974072647927,0.48034342521464074
0.6821566110397946,0.48025305015815634
0.6821158043394531,0.48016267510167193
0.6821625786567356,0.4800723000451875
0.6822093770070649,0.4799819249887031
0.6821685508735869,0.4798915499322187
0.6822153687997944,0.4798011748757343
0.6821745276956689,0.4797107998192499
0.6822213652140378,0.47962042476276545
0.6821805091283106,0.47953004970628105
0.682227366255144,0.47943967464979664
0.6822742474916388,0.47934929959331224
0.6823211528564076,0.47925892453682784
0.6823680823680823,0.47916854948034343
0.6824150360453141,0.479078174423859
0.6824620139067731,0.4789877993673746
0.6824211204121056,0.4788974243108902
0.6824681179956202,0.47880704925440576
0.6824272094820922,0.47871667419792135
0.6824742268041237,0.47862629914143695
0.6825212683681361,0.47853592408495255
0.6824803403377594,0.47844554902846814
0.6825274016763379,0.47835517397198374
0.6825744872952405,0.47826479891549933
0.6825335397316822,0.47817442385901493
0.6825806451612904,0.4780840488025305
0.6825396825396826,0.47799367374604607
0.6826277749096541,0.47799367374604607
0.6826749289956107,0.47790329868956166
0.6827221074380165,0.47781292363307726
0.6827693102557478,0.47772254857659285
0.6828165374677002,0.47763217352010845
0.6827755523969505,0.47754179846362405
0.682734556733006,0.47745142340713964
0.6827817993795243,0.47736104835065524
0.6827407886231416,0.47727067329417083
0.6827880512091038,0.4771802982376864
0.6828353382486095,0.47708992318120197
0.6827943078913324,0.47699954812471757
0.6827532669168068,0.47690917306823316
0.6828005694318623,0.47681879801174876
0.6828478964401294,0.47672842295526435
0.682895247960637,0.47663804789877995
0.682983682983683,0.47663804789877995
0.6829426240124337,0.47654767284229554
0.6829015544041451,0.47645729778581114
0.6828604741546832,0.4763669227293267
0.6828193832599119,0.4762765476728423
0.6827782817156927,0.4761861726163579
0.6827371695178849,0.47609579755987347
0.6827845475758362,0.47600542250338906
0.6827434201996629,0.47591504744690466
0.6827022821576764,0.47582467239042026
0.6826611334457269,0.47573429733393585
0.6827496757457847,0.47573429733393585
0.6827085225061617,0.47564392227745145
0.6827559361619308,0.475553547220967
0.6828033744321869,0.4754631721644826
0.6828508373361029,0.4753727971079982
0.682809659828616,0.4752824220515138
0.6828571428571428,0.47519204699502937
0.6829046505585866,0.47510167193854497
0.682863453293491,0.47501129688206056
0.6828222453222453,0.47492092182557616
0.6828697686508968,0.47483054676909175
0.6828285454309112,0.4747401717126073
0.6827873114924597,0.4746497966561229
0.682876088935119,0.4746497966561229
0.6828348504551366,0.4745594215996385
0.6828824141519251,0.4744690465431541
0.6829300026021338,0.4743786714866697
0.6828887443070918,0.4742882964301853
0.6828474752732951,0.47419792137370087
0.6828061954965509,0.47410754631721647
0.6827649049726634,0.47401717126073206
0.6828125,0.4739267962042476
0.682771194165907,0.4738364211477632
0.6827298775722844,0.4737460460912788
0.6827774882751433,0.4736556710347944
0.6827361563517915,0.47356529597831
0.6826948136565025,0.4734749209218256
0.6827424400417101,0.4733845458653412
0.6827900912646675,0.4732941708088568
0.6828377673448096,0.47320379575237237
0.6828854683015915,0.4731134206958879
0.6828440965427267,0.4730230456394035
0.6828918178259168,0.4729326705829191
0.682850430696946,0.4728422955264347
0.6828090327633468,0.4727519204699503
0.6827676240208878,0.4726615454134659
0.6828153564899452,0.4725711703569815
0.6828631138975967,0.4724807953004971
0.6829108962633917,0.4723904202440127
0.6828694629557036,0.4723000451875282
0.6829172657168997,0.4722096701310438
0.6830065359477124,0.4722096701310438
0.6829650934762714,0.4721192950745594
0.6829236401673641,0.472028920018075
0.6828821760167386,0.4719385449615906
0.6829300196206671,0.4718481699051062
0.6828885400313972,0.4717577948486218
0.6828470495878581,0.4716674197921374
0.6829364040827008,0.4716674197921374
0.6829842931937172,0.471577044735653
0.683032207384132,0.4714866696791685
0.6829907031556894,0.4713962946226841
0.6829491880565741,0.4713059195661997
0.6829971181556196,0.4712155445097153
0.6829555875802437,0.4711251694532309
0.6830035381994496,0.4710347943967465
0.6830515139598899,0.4709444193402621
0.6830995148813426,0.4708540442837777
0.6831890899554157,0.4708540442837777
0.6831475409836065,0.4707636692272933
0.6831955922865014,0.47067329417080883
0.6832436688098674,0.4705829191143244
0.6832020997375328,0.47049254405784
0.683250196902074,0.4704021690013556
0.6832086123145595,0.4703117939448712
0.6831670168067226,0.4702214188883868
0.6832151300236406,0.4701310438319024
0.6832632685233841,0.470040668775418
0.683311432325887,0.4699502937189336
0.6833596214511041,0.46985991866244914
0.6834078359190113,0.46976954360596473
0.6834560757496054,0.46967916854948033
0.6835043409629045,0.4695887934929959
0.6835526315789474,0.4694984184365115
0.6836009476177941,0.4694080433800271
0.683649289099526,0.4693176683235427
0.6836976560442455,0.4692272932670583
0.683655998946398,0.4691369182105739
0.6836143308746049,0.46904654315408945
0.6835726518245291,0.46895616809760504
0.6835309617918314,0.46886579304112064
0.6834892607721702,0.46877541798463623
0.683447548761202,0.46868504292815183
0.6834058257545802,0.4685946678716674
0.6834541858932103,0.468504292815183
0.6834124472573839,0.4684139177586986
0.6834608282774993,0.4683235427022142
0.6834190740007915,0.46823316764572975
0.6834674759203061,0.46814279258924535
0.6835576669305885,0.46814279258924535
0.6835159033918438,0.46805241753276094
0.6835643564356436,0.46796204247627654
0.6836128350719662,0.46787166741979214
0.6836613393210936,0.46778129236330773
0.6836195508586526,0.46769091730682333
0.6836680761099366,0.4676005422503389
0.6837166270155961,0.4675101671938545
0.6837652035959809,0.46741979213737006
0.6838138058714626,0.46732941708088566
0.6837719878322973,0.46723904202440125
0.6838206111919566,0.46714866696791685
0.683778777454353,0.46705829191143244
0.6837369326452296,0.46696791685494804
0.6836950767601906,0.46687754179846364
0.6836532097948379,0.46678716674197923
0.6837018403283464,0.4666967916854948
0.6836599576271186,0.46660641662901037
0.6836180638326049,0.46651604157252596
0.6836667108226255,0.46642566651604156
0.6837153835961309,0.46633529145955716
0.6836734693877551,0.46624491640307275
0.6837221633085896,0.46615454134658835
0.6837708830548926,0.46606416629010394
0.6837289484153295,0.46597379123361954
0.68377768934872,0.46588341617713513
0.6838264561496616,0.4657930411206507
0.6838752488387525,0.46570266606416627
0.6839240674366123,0.46561229100768187
0.6838821030270844,0.46552191595119746
0.6838401274731112,0.46543154089471306
0.6837981407702524,0.46534116583822865
0.6837561429140656,0.46525079078174425
0.683804968779062,0.46516041572525985
0.6838958277969706,0.46516041572525985
0.6838538205980066,0.46507004066877544
0.6839026983915991,0.464979665612291
0.6838606753522999,0.4648892905558066
0.6839095744680851,0.4647989154993222
0.6839584996009577,0.46470854044283777
0.6840074507716871,0.46461816538635337
0.6840564280010647,0.46452779032986896
0.6841054313099042,0.46443741527338456
0.6841544607190413,0.46434704021690015
0.6842035162493341,0.46425666516041575
0.6841614493139736,0.4641662901039313
0.6842105263157895,0.4640759150474469
0.6841684434968017,0.4639855399909625
0.6841263494602159,0.4638951649344781
0.6841754432742301,0.4638047898779937
0.6841333333333334,0.46371441482150927
0.6842245632751034,0.46371441482150927
0.6841824486529742,0.46362403976502486
0.684140322795785,0.46353366470854046
0.6840981856990395,0.46344328965205606
0.6840560373582388,0.4633529145955716
0.6841051648204991,0.4632625395390872
0.6840630005339028,0.4631721644826028
0.684020824989988,0.4630817894261184
0.6839786381842456,0.462991414369634
0.6840277777777778,0.4629010393131496
0.6840769436281058,0.46281066425666517
0.6841261357562801,0.46272028920018077
0.6841753541833734,0.46262991414369636
0.6842245989304813,0.4625395390872119
0.6841823773231716,0.4624491640307275
0.6842316437073692,0.4623587889742431
0.6841894060995185,0.4622684139177587
0.6841471571906355,0.4621780388612743
0.6841048969761842,0.4620876638047899
0.6840626254516259,0.4619972887483055
0.6841118993441306,0.4619069136918211
0.6840696117804551,0.46181653863533667
0.6841189073379753,0.4617261635788522
0.6840766037230481,0.4616357885223678
0.684125920964501,0.4615454134658834
0.6840836012861736,0.461455038409399
0.6840412702666488,0.4613646633529146
0.6840906044766117,0.4612742882964302
0.6840482573726542,0.4611839132399458
0.6840058989140635,0.4610935381834614
0.6839635290962724,0.461003163126977
0.6840128755364807,0.4609127880704925
0.6839704896042924,0.4608224130140081
0.6839280922994365,0.4607320379575237
0.6838856836173353,0.4606416629010393
0.6839350422762045,0.4605512878445549
0.6838926174496645,0.4604609127880705
0.6838501812323802,0.4603705377315861
0.6838995568685377,0.4602801626751017
0.683948959032908,0.4601897876186173
0.6839065018807093,0.4600994125621328
0.6839559258263908,0.4600090375056484
0.684005376344086,0.459918662449164
0.6840548534552299,0.4598282873926796
0.6840123705795348,0.4597379123361952
0.6839698762775686,0.4596475372797108
0.6840193704600485,0.4595571622232264
0.6839768599488766,0.459466787166742
0.684026375992464,0.4593764121102576
0.6839838492597577,0.45928603705377313
0.6840759186969982,0.45928603705377313
0.6840333871836295,0.45919566199728873
0.6839908442170459,0.4591052869408043
0.6839482897926206,0.4590149118843199
0.6839057239057239,0.4589245368278355
0.6838631465517241,0.4588341617713511
0.6838205577259868,0.4587437867148667
0.6839126919967664,0.4587437867148667
0.683870098369492,0.4586534116583823
0.6839196657231433,0.4585630366018979
0.683969259808548,0.45847266154541344
0.6840188806473365,0.45838228648892904
0.6839762611275965,0.45829191143244463
0.6840259039395574,0.45820153637596023
0.6839832681149642,0.4581111613194758
0.6840329329194224,0.4580207862629914
0.6839902807775378,0.457930411206507
0.6839476171189416,0.4578400361500226
0.6840399675938428,0.4578400361500226
0.6840896812533765,0.4577496610935382
0.6841394217778979,0.45765928603705375
0.684096743683286,0.45756891098056934
0.6840540540540541,0.45747853592408494
0.6840113528855251,0.45738816086760054
0.6839686401730197,0.45729778581111613
0.6840183883180098,0.4572074107546317
0.6840681633757101,0.4571170356981473
0.6840254294603003,0.4570266606416629
0.6840752266269787,0.4569362855851785
0.6841250507511165,0.45684591052869405
0.6840822956145101,0.45675553547220965
0.6840395289021254,0.45666516041572525
0.6839967506092608,0.45657478535924084
0.6840465872156013,0.45648441030275644
0.6840037924962752,0.45639403524627203
0.6839609861826064,0.45630366018978763
0.6839181682698822,0.4562132851333032
0.6839680173465239,0.4561229100768188
0.6839251829764164,0.45603253502033436
0.6839750542299349,0.45594215996384996
0.6840249525359371,0.45585178490736555
0.6840748779164406,0.45576140985088115
0.6841248303934871,0.45567103479439675
0.6840819649884652,0.45558065973791234
0.6841319397312339,0.45549028468142794
0.6841819416157502,0.45539990962494353
0.6841390548614883,0.45530953456845913
0.6840961564579655,0.45521915951197467
0.6841890790546047,0.45521915951197467
0.6841461757913327,0.45512878445549027
0.6841962223128143,0.45503840939900586
0.6842462960445834,0.45494803434252146
0.6842033713974986,0.45485765928603705
0.6842963970088375,0.45485765928603705
0.68425346750068,0.45476728422955265
0.68430359085963,0.45467690917306824
0.6842606448102299,0.45458653411658384
0.6842176870748299,0.45449615906009944
0.6841747176486597,0.454405784003615
0.6842248536817749,0.4543154089471306
0.6841818676830929,0.45422503389064617
0.684138869979578,0.45413465883416176
0.6840958605664488,0.45404428377767736
0.6841460092617815,0.45395390872119296
0.6841029832447896,0.45386353366470855
0.6840599455040872,0.45377315860822415
0.6840168960348821,0.45368278355173974
0.6839738348323794,0.4535924084952553
0.6840239912758996,0.4535020334387709
0.6839809134287662,0.4534116583822865
0.6839378238341969,0.45332128332580207
0.6839879978177851,0.45323090826931767
0.6839448915564043,0.45314053321283326
0.6839017735334243,0.45305015815634886
0.6839519650655022,0.45295978309986445
0.6839088303534872,0.45286940804338005
0.6838656838656839,0.4527790329868956
0.6839158929546696,0.4526886579304112
0.6839661294728216,0.4525982828739268
0.6839229613440787,0.4525079078174424
0.6839732203852985,0.452417532760958
0.6840235069017356,0.45232715770447357
0.6839803171131766,0.45223678264798917
0.6839371155160628,0.45214640759150476
0.683893902105551,0.45205603253502036
0.6838506768767948,0.4519656574785359
0.683900971139379,0.4518752824220515
0.6838577291381669,0.4517849073655671
0.6839080459770115,0.4516945323090827
0.6839583903640843,0.4516041572525983
0.6840087623220154,0.4515137821961139
0.6839654936327537,0.4514234071396295
0.6839222130923035,0.45133303208314507
0.6838789206957951,0.45124265702666067
0.6838356164383562,0.4511522819701762
0.6838859961633325,0.4510619069136918
0.6839364035087719,0.4509715318572074
0.6839868384973952,0.450881156800723
0.6840373011519474,0.4507907817442386
0.6840877914951989,0.4507004066877542
0.6840444505419124,0.4506100316312698
0.6841383095499451,0.4506100316312698
0.6841888553390063,0.4505196565747854
0.6842394288852279,0.450429281518301
0.6842900302114804,0.4503389064618165
0.6842466694135421,0.4502485314053321
0.6842032967032967,0.4501581563488477
0.6842539159109645,0.4500677812923633
0.6842105263157895,0.4499774062358789
0.6841671247938428,0.4498870311793945
0.6841237113402062,0.4497966561229101
0.6841743434621201,0.4497062810664257
0.6841309130913091,0.4496159060099413
0.684181568088033,0.4495255309534568
0.684232250963126,0.4494351558969724
0.6841887986789597,0.449344780840488
0.6842395044735031,0.4492544057840036
0.6841960352422908,0.4491640307275192
0.6841525540410299,0.4490736556710348
0.6841090608647755,0.4489832806145504
0.6841597796143251,0.448892905558066
0.6841162694586032,0.4488025305015816
0.6840727473133095,0.4487121554450971
0.6840292131734876,0.4486217803886127
0.6839856670341786,0.4485314053321283
0.6840363937138131,0.4484410302756439
0.6839928305528746,0.4483506552191595
0.6840435801958351,0.4482602801626751
0.684094357842461,0.4481699051061907
0.6840507726269316,0.4480795300497063
0.6841015732818106,0.4479891549932219
0.684152401987852,0.44789877993673743
0.6841087946983294,0.44780840488025303
0.684203258768296,0.44780840488025303
0.6841596464576716,0.4477180298237686
0.6842105263157895,0.4476276547672842
0.6841668969328544,0.4475372797107998
0.6841232554926074,0.4474469046543154
0.6840796019900498,0.447356529597831
0.6841741534208707,0.447356529597831
0.684225079496751,0.4472661545413466
0.6842760337436039,0.4471757794848622
0.6842323651452282,0.44708540442837774
0.6841886844653479,0.44699502937189334
0.6841449916989485,0.44690465431540893
0.6841959590368115,0.44681427925892453
0.6842469545957918,0.4467239042024401
0.6842032396511145,0.4466335291459557
0.6842542584129622,0.4465431540894713
0.6842105263157895,0.4464527790329869
0.6843053054439673,0.4464527790329869
0.6842615683014686,0.4463624039765025
0.6843126385809313,0.44627202892001805
0.68436373717771,0.44618165386353364
0.6843199778178289,0.44609127880704924
0.6842762063227953,0.44600090375056484
0.6842324226875607,0.44591052869408043
0.6841886269070735,0.44582015363759603
0.6841448189762797,0.4457297785811116
0.6841009988901221,0.4456394035246272
0.684057166643541,0.4455490284681428
0.6840133222314738,0.44545865341165836
0.683969465648855,0.44536827835517395
0.6840205469943079,0.44527790329868955
0.6839766731463482,0.44518752824220514
0.683932787112901,0.44509715318572074
0.6839838866509237,0.44500677812923634
0.6840350145894123,0.44491640307275193
0.6839911061700945,0.4448260280162675
0.6839471855455177,0.4447356529597831
0.683998331711386,0.44464527790329866
0.6840495063273536,0.44455490284681426
0.6840055632823365,0.44446452779032986
0.6840567612687813,0.44437415273384545
0.6841079877539661,0.44428377767736105
0.6841592427616926,0.44419340262087664
0.6842105263157895,0.44410302756439224
0.6843058069906698,0.44410302756439224
0.6842618384401115,0.44401265250790783
0.6842178576403399,0.44392227745142343
0.6841738645862357,0.44383190239493897
0.6842691932562351,0.44383190239493897
0.6843205574912892,0.44374152733845457
0.6842765542235851,0.44365115228197016
0.6843279419966537,0.44356077722548576
0.6842839213498815,0.44347040216900135
0.6842398884239889,0.44338002711251695
0.6841958432138373,0.44328965205603255
0.6841517857142857,0.44319927699954814
0.6841077159201897,0.44310890194306374
0.6840636338264025,0.4430185268865793
0.6840195394277739,0.4429281518300949
0.6840709200055842,0.44283777677361047
0.6840268081541468,0.44274740171712607
0.6840782122905028,0.44265702666064166
0.6841296451522771,0.44256665160415726
0.684085510688836,0.44247627654767285
0.684136967155835,0.44238590149118845
0.6840928152082751,0.44229552643470404
0.6840486509156997,0.4422051513782196
0.6841001258565236,0.4421147763217352
0.684055944055944,0.4420244012652508
0.6841074426412983,0.4419340262087664
0.6841589700531766,0.44184365115228197
0.6842105263157895,0.44175327609579756
0.6841663166736666,0.44166290103931316
0.6842178966531298,0.44157252598282876
0.6842695055329878,0.44148215092634435
0.6843653684505464,0.44148215092634435
0.6843211433375368,0.4413917758698599
0.6843728100911002,0.4413014008133755
0.6843285674236053,0.4412110257568911
0.6843802579921481,0.4411206507004067
0.6844319775596073,0.4410302756439223
0.6843877121615934,0.44093990058743787
0.6843434343434344,0.44084952553095347
0.6842991440999018,0.44075915047446906
0.6842548414257648,0.44066877541798466
0.6843065693430657,0.4405784003615002
0.6842622490523655,0.4404880253050158
0.6843140008425783,0.4403976502485314
0.6842696629213483,0.440307275192047
0.6843214386063501,0.4402169001355626
0.684277083040607,0.4401265250790782
0.684328882642305,0.4400361500225938
0.684284509418049,0.43994577496610937
0.6843363329583803,0.43985539990962497
0.6843881856540084,0.4397650248531405
0.6844400675295442,0.4396746497966561
0.6844919786096256,0.4395842747401717
0.6844475721323012,0.4394938996836873
0.6844031531531531,0.4394035246272029
0.6844995072504576,0.4394035246272029
0.684551471623715,0.4393131495707185
0.6845070422535211,0.4392227745142341
0.6846034652767995,0.4392227745142341
0.6845590307128768,0.4391323994577497
0.6845145836268846,0.4390420244012653
0.6845665961945032,0.4389516493447808
0.6846186380938953,0.4388612742882964
0.6845741680767061,0.438770899231812
0.6846262341325811,0.4386805241753276
0.6845817463676118,0.4385901491188432
0.6846338366022294,0.4384997740623588
0.6845893310753599,0.4384093990058744
0.6846414455110107,0.43831902394939
0.6846935893815307,0.4382286488929056
0.6847457627118644,0.4381382738364211
0.684797965526985,0.4380478987799367
0.6848501978518937,0.4379575237234523
0.68490245971162,0.4378671486669679
0.6849547511312217,0.4377767736104835
0.685007072135785,0.4376863985539991
0.6849625123779884,0.4375960234975147
0.6849179400113187,0.4375056484410303
0.6849702802151146,0.4374152733845459
0.6849256900212314,0.43732489832806143
0.684881087202718,0.437234523271577
0.6849334466156896,0.4371441482150926
0.6848888259453335,0.4370537731586082
0.6848441926345609,0.4369633981021238
0.6847995466779997,0.4368730230456394
0.6848519200793538,0.436782647989155
0.6849043231750531,0.4366922729326706
0.6849567559903588,0.4366018978761862
0.6849120816789563,0.43651152281970174
0.6849645390070922,0.43642114776321733
0.6849198467867783,0.43633077270673293
0.6849723286504895,0.4362403976502485
0.6849276185069543,0.4361500225937641
0.6849801249290176,0.4360596475372797
0.6849353968479341,0.4359692724807953
0.6849879278511575,0.4358788974243109
0.6849431818181818,0.4357885223678265
0.685040488705782,0.4357885223678265
0.684995737425405,0.43569814731134204
0.6850483229107447,0.43560777225485764
0.6851009382996872,0.43551739719837324
0.6850561637992322,0.43542702214188883
0.6851535836177475,0.43542702214188883
0.6852062588904694,0.4353366470854044
0.6851614738938683,0.43524627202892
0.6852141739006689,0.4351558969724356
0.6851693709080557,0.4350655219159512
0.6852669039145908,0.4350655219159512
0.6853644646924829,0.4350655219159512
0.6853196639612701,0.4349751468594668
0.6853724540663723,0.43488477180298235
0.6853276353276353,0.43479439674649795
0.6853804502707324,0.43470402169001354
0.685335613510047,0.43461364663352914
0.685290763968073,0.43452327157704473
0.6853435985172512,0.43443289652056033
0.6852987309282761,0.4343425214640759
0.6852538505419281,0.4342521464075915
0.6853067047075606,0.4341617713511071
0.6852618062491083,0.43407139629462266
0.6853146853146853,0.43398102123813825
0.6852697687696261,0.43389064618165385
0.6853226727584237,0.43380027112516945
0.6853756069694373,0.43370989606868504
0.6854285714285714,0.43361952101220064
0.6853836262323189,0.43352914595571623
0.6853386681909117,0.43343877089923183
0.6853916523727844,0.4333483958427474
0.6853466761972837,0.43325802078626297
0.6853996853996854,0.43316764572977856
0.6854527249320554,0.43307727067329416
0.6855057948204321,0.43298689561680975
0.6855588950908831,0.43289652056032535
0.6855138849126825,0.43280614550384094
0.6854688618468145,0.43271577044735654
0.6854238258877434,0.43262539539087214
0.6853787770299298,0.43253502033438773
0.6853337152678316,0.4324446452779033
0.6852886405959032,0.43235427022141887
0.685243553008596,0.43226389516493446
0.6851984525003583,0.43217352010845006
0.6852515407768381,0.43208314505196566
0.6852064220183486,0.43199276999548125
0.6851612903225807,0.43190239493899685
0.6852143983938047,0.43181201988251244
0.6852675369387462,0.43172164482602804
0.685222381635581,0.4316312697695436
0.6851772133735112,0.4315408947130592
0.6851320321469575,0.43145051965657477
0.6850868379503373,0.43136014460009037
0.6851399856424982,0.43126976954360596
0.6851931638661497,0.43117939448712156
0.6852463726476081,0.43108901943063715
0.6852996120132203,0.43099864437415275
0.6853528819893633,0.43090826931766835
0.6853076480736056,0.4308178942611839
0.6852624011502516,0.4307275192046995
0.6852171412136899,0.4306371441482151
0.6851718682583058,0.4305467690917307
0.685225147460797,0.43045639403524627
0.6852784573319902,0.43036601897876187
0.6852331606217616,0.43027564392227746
0.6851878508708795,0.43018526886579306
0.6852411807055435,0.43009489380930865
0.6851958525345622,0.4300045187528242
0.6852492077211179,0.4299141436963398
0.6852038611151131,0.4298237686398554
0.6853025936599424,0.4298237686398554
0.6852572416774751,0.429733393583371
0.6853106530200375,0.4296430185268866
0.6853640951694304,0.4295526434704022
0.685417568152315,0.42946226841391777
0.6853721869590306,0.42937189335743337
0.6853267926706103,0.42928151830094896
0.6852813852813853,0.4291911432444645
0.6853348729792148,0.4291007681879801
0.6853883915680046,0.4290103931314957
0.6853429602888087,0.4289200180750113
0.6852975158867707,0.4288296430185269
0.685252058356204,0.4287392679620425
0.6853055916775033,0.4286488929055581
0.6852601156069364,0.4285585178490737
0.685214626391097,0.42846814279258927
0.6852681798467544,0.4283777677361048
0.6852226720647774,0.4282873926796204
0.6852762510847555,0.428197017623136
0.6853298611111112,0.4281066425666516
0.685383502170767,0.4280162675101672
0.6853379649732233,0.4279258924536828
0.6853916316780079,0.4278355173971984
0.6853460758760498,0.427745142340714
0.6853997682502897,0.4276547672842296
0.68535419382877,0.4275643922277451
0.6853086062011011,0.4274740171712607
0.6853623188405797,0.4273836421147763
0.6854160626268484,0.4272932670582919
0.6853704509206902,0.4272028920018075
0.685469837587007,0.4272028920018075
0.6854242204496012,0.4271125169453231
0.685378590078329,0.4270221418888387
0.6853329464674307,0.4269317668323543
0.6852872896111434,0.4268413917758699
0.6852416195037004,0.4267510167193854
0.6852953984613152,0.426660641662901
0.6853948896631823,0.426660641662901
0.6853492086539857,0.4265702666064166
0.6854030501089324,0.4264798915499322
0.6853573503776874,0.4263895164934478
0.685311637367427,0.4262991414369634
0.6852659110723627,0.426208766380479
0.6852201714867026,0.4261183913239946
0.6851744186046511,0.4260280162675102
0.6852740223869749,0.4260280162675102
0.6853279046095682,0.42593764121102573
0.685282140779523,0.4258472661545413
0.685336048879837,0.4257568910980569
0.6853899883585565,0.4256665160415725
0.6853442002619706,0.4255761409850881
0.6852983988355167,0.4254857659286037
0.6852525840733731,0.4253953908721193
0.6853065385175476,0.4253050158156349
0.685260704922808,0.4252146407591505
0.6853146853146853,0.42512426570266604
0.6852688328719219,0.42503389064618163
0.6852229670649956,0.42494351558969723
0.6852769679300291,0.4248531405332128
0.6853310002916302,0.4247627654767284
0.6852851101064605,0.424672390420244
0.6852392065344224,0.4245820153637596
0.6851932895696572,0.4244916403072752
0.6851473592063029,0.4244012652507908
0.6851014154384941,0.42431089019430634
0.6852014010507881,0.42431089019430634
0.6851554517588673,0.42422051513782194
0.6852095196379033,0.42413014008133754
0.6851635514018691,0.42403976502485313
0.6851175697385716,0.42394938996836873
0.6850715746421268,0.4238590149118843
0.6850255661066472,0.4237686398553999
0.6850796434312436,0.4236782647989155
0.6850336159017831,0.4235878897424311
0.6850877192982456,0.42349751468594665
0.6851418543433753,0.42340713962946225
0.6852420652332895,0.42340713962946225
0.6851960210649503,0.42331676457297784
0.6852502194907814,0.42322638951649344
0.685304449648712,0.42313601446000904
0.6853587115666179,0.42304563940352463
0.685312637282179,0.4229552643470402
0.6854130052724078,0.4229552643470402
0.6853669254430936,0.4228648892905558
0.6853208321125109,0.4227745142340714
0.6852747252747253,0.42268413917758696
0.6853290341492012,0.42259376412110256
0.6852829082380534,0.42250338906461815
0.6852367688022284,0.42241301400813375
0.6852910984015251,0.42232263895164934
0.6853454598797125,0.42223226389516494
0.685399853264857,0.42214188883868053
0.6853536835926035,0.42205151378219613
0.6854081033470346,0.4219611387257117
0.6853619145499926,0.42187076366922727
0.6854625550660793,0.42187076366922727
0.6854163606990747,0.42178038861274286
0.6854708388423681,0.42169001355625846
0.6855253490080823,0.42159963849977405
0.6855798912244598,0.42150926344328965
0.6856344655197765,0.42141888838680525
0.6856890719223415,0.42132851333032084
0.6857437104604973,0.42123813827383644
0.6856974690994703,0.42114776321735203
0.6856512141280353,0.4210573881608676
0.6856049455401825,0.42096701310438317
0.6855586633298985,0.42087663804789877
0.6855123674911661,0.42078626299141436
0.685466058017965,0.42069588793492996
0.685419734904271,0.42060551287844555
0.6854743665291692,0.42051513782196115
0.6855290303566166,0.42042476276547674
0.6854826823876198,0.42033438770899234
0.6854363207547169,0.4202440126525079
0.685491005603067,0.4201536375960235
0.6855457227138643,0.4200632625395391
0.685499336185278,0.41997288748305467
0.6855540799763907,0.41988251242657026
0.6855076741440378,0.41979213737008586
0.6854612546125461,0.41970176231360146
0.6854148213758489,0.41961138725711705
0.6853683744278753,0.41952101220063265
0.6853219137625517,0.4194306371441482
0.6852754393738,0.4193402620876638
0.6852289512555392,0.4192498870311794
0.6851824494016842,0.419159511974695
0.6852371804344614,0.41906913691821057
0.6852919438285292,0.41897876186172617
0.6852454169130692,0.41888838680524176
0.6851988762383557,0.41879801174875736
0.6851523217982846,0.41870763669227296
0.685207100591716,0.4186172616357885
0.6852619118082273,0.4185268865793041
0.6853167554766134,0.4184365115228197
0.6853716316257032,0.4183461364663353
0.6854265402843602,0.4182557614098509
0.6854814814814815,0.4181653863533665
0.6854348792413691,0.41807501129688207
0.6853882631890931,0.41798463624039767
0.6854432256151793,0.41789426118391326
0.685396590066716,0.4178038861274288
0.6854515794156903,0.4177135110709444
0.6854049243547908,0.41762313601446
0.6853582554517134,0.4175327609579756
0.6853115727002967,0.4174423859014912
0.6854132660632142,0.4174423859014912
0.6853665776194716,0.4173520108450068
0.6854216152019003,0.4172616357885224
0.6853749072011879,0.417171260732038
0.6853281853281853,0.41708088567555357
0.6853832442067737,0.4169905106190691
0.6853365027484772,0.4169001355625847
0.6852897473997028,0.4168097605061003
0.6852429781542577,0.4167193854496159
0.6851961950059453,0.4166290103931315
0.6852512637526018,0.4165386353366471
0.6852044609665427,0.4164482602801627
0.6852595567455005,0.4163578852236783
0.6852127343052663,0.4162675101671939
0.6852678571428571,0.4161771351107094
0.685323012801429,0.416086760054225
0.6853782013103038,0.4159963849977406
0.6854334226988382,0.4159060099412562
0.6853865633844779,0.4158156348847718
0.6853396901072706,0.4157252598282874
0.6852928028609745,0.415634884771803
0.6853480399463407,0.4155445097153186
0.6853011329755516,0.4154541346588342
0.6852542120172954,0.4153637596023497
0.6852072770653146,0.4152733845458653
0.6851603281133483,0.4151830094893809
0.6851133651551312,0.4150926344328965
0.6851686063861534,0.4150022593764121
0.6852238805970149,0.4149118843199277
0.6851768920734438,0.4148215092634433
0.6851298895192595,0.4147311342069589
0.6851851851851852,0.4146407591504745
0.6852405138930385,0.41455038409399003
0.6851934857313611,0.41446000903750563
0.685248841727694,0.4143696339810212
0.6853042308267304,0.4142792589245368
0.6852571770334929,0.4141888838680524
0.6852101091670405,0.414098508811568
0.6852655198204937,0.4140081337550836
0.6853209636390842,0.4139177586985992
0.685376440652597,0.4138273836421148
0.6853293413173652,0.41373700858563034
0.6853848457622043,0.41364663352914594
0.6854403834631516,0.41355625847266153
0.6854959544501049,0.4134658834161771
0.6854488236175633,0.4133755083596927
0.6854016786570744,0.4132851333032083
0.6854572713643179,0.4131947582467239
0.685410106462738,0.4131043831902395
0.6855128974205159,0.4131043831902395
0.6854657267136643,0.4130140081337551
0.6855213803450863,0.41292363307727065
0.6854741896758704,0.41283325802078624
0.6855298709096368,0.41274288296430184
0.6855855855855856,0.41265250790781743
0.685641333733854,0.41256213285133303
0.6855941114616193,0.4124717577948486
0.6856498873027799,0.4123813827383642
0.6856026450255486,0.4122910076818798
0.6856584485868912,0.4122006326253954
0.6857142857142857,0.41211025756891095
0.6857701564380265,0.41201988251242655
0.685722882503385,0.41192950745594215
0.6857787810383748,0.41183913239945774
0.6858347132319735,0.41174875734297334
0.6858906791145912,0.41165838228648893
0.6859466787166743,0.41156800723000453
0.685899367279301,0.4114776321735201
0.6859553948161543,0.4113872571170357
0.6859080633006782,0.41129688206055126
0.6859641187999397,0.41120650700406686
0.6860202081134067,0.41111613194758245
0.685972850678733,0.41102575689109805
0.686028968014484,0.41093538183461364
0.6859815904632564,0.41084500677812924
0.6859341986115304,0.41075463172164484
0.6858867924528302,0.41066425666516043
0.6859429261663899,0.41057388160867603
0.6859990937924785,0.41048350655219157
0.68595166163142,0.41039313149570716
0.6859042151382384,0.41030275643922276
0.6860078573587186,0.41030275643922276
0.6859604050173794,0.41021238138273836
0.6859129383313181,0.41012200632625395
0.6858654572940287,0.41003163126976955
0.6858179618990021,0.40994125621328514
0.6857704521397248,0.40985088115680074
0.6858266525487823,0.40976050610031634
0.6857791225416037,0.4096701310438319
0.6857315781510062,0.40957975598734747
0.6857878008173149,0.40948938093086307
0.6857402361489555,0.40939900587437866
0.6857964869775893,0.40930863081789426
0.6858527718873069,0.40921825576140985
0.6858051810331768,0.40912788070492545
0.6858614941657827,0.40903750564844105
0.6858138829948469,0.40894713059195664
0.6857662573897226,0.4088567555354722
0.6858702243784112,0.4088567555354722
0.685822592873389,0.4087663804789878
0.6858789625360231,0.4086760054225034
0.6859353664087392,0.40858563036601897
0.6858877086494689,0.40849525530953457
0.6858400364243437,0.40840488025305016
0.6857923497267759,0.40831450519656576
0.6857446485501746,0.40822413014008135
0.6858010630220197,0.40813375508359695
0.6857533414337789,0.4080433800271125
0.6857056053471062,0.4079530049706281
0.6857620422428202,0.4078626299141437
0.6857142857142857,0.4077722548576593
0.6858185134518924,0.4077722548576593
0.6857707509881423,0.4076818798011749
0.6858272506082725,0.40759150474469047
0.6858837846060237,0.40750112968820607
0.6858359957401491,0.40741075463172166
0.685892558210318,0.40732037957523726
0.6859969558599696,0.40732037957523726
0.6859491551225453,0.4072300045187528
0.686005786508299,0.4071396294622684
0.6859579652756626,0.407049254405784
0.6859101294744859,0.4069588793492996
0.6859667834831632,0.4068685042928152
0.6860234720317024,0.4067781292363308
0.6860801951516999,0.4066877541798464
0.6861369528747903,0.40659737912336197
0.6860890787065284,0.40650700406687756
0.6860411899313501,0.4064166290103931
0.6861458651205371,0.4064166290103931
0.6860979703952388,0.4063262539539087
0.686050061050061,0.4062358788974243
0.6860021370783087,0.4061455038409399
0.6859541984732824,0.4060551287844555
0.6859062452282791,0.4059647537279711
0.6859630365052696,0.4058743786714867
0.6859150626336694,0.4057840036150023
0.6859718826405868,0.40569362855851787
0.6859238881247134,0.4056032535020334
0.6858758789361051,0.405512878445549
0.6858278550680325,0.4054225033890646
0.6857798165137615,0.4053321283325802
0.6857317632665545,0.4052417532760958
0.6856836953196697,0.4051513782196114
0.685788588037326,0.4051513782196114
0.6857405140758874,0.405061003163127
0.6857973676155494,0.4049706281066426
0.6858542559706062,0.4048802530501582
0.6859111791730474,0.4047898779936737
0.6858630724460101,0.4046995029371893
0.685920024513559,0.4046091278807049
0.6858718970272755,0.4045187528242205
0.6859288779889638,0.4044283777677361
0.6859858938975775,0.4043380027112517
0.686042944785276,0.4042476276547673
0.6859947844761467,0.4041572525982829
0.6859466093893832,0.4040668775417985
0.6860036832412523,0.403976502485314
0.6860607921400061,0.4038861274288296
0.686012590204207,0.4037957523723452
0.6859643734643734,0.4037053773158608
0.6859161419136846,0.4036150022593764
0.6858678955453149,0.403524627202892
0.6858196343524351,0.4034342521464076
0.6857713583282115,0.4033438770899232
0.685723067465806,0.4032535020334388
0.6856747617583769,0.40316312697695433
0.6856264411990777,0.40307275192046993
0.6855781057810578,0.4029823768639855
0.6856351891725623,0.4028920018075011
0.6855868327949546,0.4028016267510167
0.6856439452223418,0.4027112516945323
0.6857010928120671,0.4026208766380479
0.6857582755966127,0.4025305015815635
0.6857098860486603,0.4024401265250791
0.6857670979667283,0.40234975146859464
0.685824345146379,0.40225937641211024
0.6857759284943751,0.40216900135562583
0.685727496917386,0.40207862629914143
0.6856790504085093,0.401988251242657
0.6856305889608387,0.4018978761861726
0.6856878470080198,0.4018075011296882
0.6857451403887689,0.4017171260732038
0.6856966517512729,0.4016267510167194
0.6856481481481481,0.40153637596023495
0.6855996295724649,0.40144600090375054
0.6856569399413308,0.40135562584726614
0.685608400247066,0.40126525079078174
0.6855598455598456,0.40117487573429733
0.6856171790514445,0.4010845006778129
0.6855686032138443,0.4009941256213285
0.6855200123628497,0.4009037505648441
0.6854714064914992,0.4008133755083597
0.6854227855928273,0.40072300045187526
0.685374149659864,0.40063262539539085
0.6853254986856347,0.40054225033890645
0.6854314877822456,0.40054225033890645
0.6853828306264501,0.40045187528242204
0.6853341584158416,0.40036150022593764
0.6853915196533581,0.40027112516945323
0.6854489164086688,0.40018075011296883
0.6854002167518192,0.4000903750564844
0.6854576428682051,0.4
0.6854089219330854,0.39990962494351556
0.6853601859024012,0.39981924988703116
0.6854176352084302,0.39972887483054675
0.6853688778673279,0.39963849977406235
0.685320105410014,0.39954812471757795
0.6852713178294574,0.39945774966109354
0.6852225151186231,0.39936737460460914
0.6852799751822554,0.39927699954812473
0.6853374709076804,0.39918662449164033
0.685395002328108,0.39909624943515587
0.6853461657870227,0.39900587437867147
0.6854037267080745,0.39891549932218706
0.6854613233923579,0.39882512426570266
0.6855189558732132,0.39873474920921825
0.6855766241840224,0.39864437415273385
0.6855277475516867,0.39855399909624944
0.6855854454983673,0.39846362403976504
0.6856431793435993,0.39837324898328064
0.6855942750466708,0.3982828739267962
0.6856520385932151,0.3981924988703118
0.6857098381070984,0.39810212381382737
0.6856609061186362,0.39801174875734296
0.6857187353994705,0.39792137370085856
0.6857766007166225,0.39783099864437416
0.6858345021037868,0.39774062358788975
0.685785536159601,0.39765024853140535
0.6857365549493375,0.39755987347492094
0.685794479962576,0.3974694984184365
0.6858524411168304,0.3973791233619521
0.6858034321372855,0.3972887483054677
0.6858614232209738,0.39719837324898327
0.685919450515142,0.39710799819249887
0.6858704137392662,0.39701762313601446
0.6859284710292051,0.39692724807953006
0.6859865645992813,0.39683687302304566
0.686044694483513,0.39674649796656125
0.6859956236323851,0.3966561229100768
0.6860537836147592,0.3965657478535924
0.6861119799812324,0.396475372797108
0.6861702127659575,0.3963849977406236
0.6862284820031299,0.3962946226841392
0.6862867877269881,0.39620424762765477
0.6863451299718133,0.39611387257117037
0.6862960062646829,0.39602349751468596
0.6864035087719298,0.39602349751468596
0.6863543788187373,0.39593312245820156
0.6864619241617048,0.39593312245820156
0.686412787964269,0.3958427474017171
0.6865203761755486,0.3958427474017171
0.6865788648479147,0.3957523723452327
0.6866373902132998,0.3956619972887483
0.6866959523062441,0.3955716222322639
0.6867545511613308,0.3954812471757795
0.6868131868131868,0.3953908721192951
0.6868718592964824,0.3953004970628107
0.686822679440867,0.39521012200632627
0.6867734841344644,0.39511974694984187
0.6868813825608798,0.39511974694984187
0.686940122583687,0.3950293718933574
0.6869988995440969,0.394938996836873
0.6869496855345912,0.3948486217803886
0.6870577134769618,0.3948486217803886
0.687008493236867,0.3947582467239042
0.6869592575114047,0.3946678716674198
0.6869100062932662,0.3945774966109354
0.6868607395751377,0.394487121554451
0.686811457349701,0.3943967464979666
0.6867621596096333,0.3943063714414822
0.6867128463476071,0.3942159963849977
0.686771653543307,0.3941256213285133
0.6868304977945809,0.3940352462720289
0.6868893791364639,0.3939448712155445
0.6868400315208826,0.3938544961590601
0.6868989437174838,0.3937641211025757
0.6869578930768018,0.3936737460460913
0.6869085173501577,0.3935833709896069
0.6869674976333228,0.3934929959331225
0.686918100047341,0.393402620876638
0.6869771112865035,0.3933122458201536
0.6869276918219135,0.3932218707636692
0.6868782567503553,0.3931314957071848
0.6869867340492736,0.3931314957071848
0.687045813586098,0.3930411206507004
0.6871049304677623,0.392950745594216
0.687164084729687,0.3928603705377316
0.6871146245059289,0.3927699954812472
0.6870651486401012,0.3926796204247628
0.6871243277443847,0.39258924536827833
0.6871835443037975,0.3924988703117939
0.6872427983539094,0.3924084952553095
0.6871932879531423,0.3923181201988251
0.6872525732383215,0.3922277451423407
0.6873614190687362,0.3922277451423407
0.6873118960874386,0.3921373700858563
0.6873712565362067,0.3920469950293719
0.6874306546203836,0.3919566199728875
0.6874900903757729,0.3918662449164031
0.6874405328258801,0.39177586985991864
0.687390959555908,0.39168549480343423
0.6873413705583756,0.3915951197469498
0.6874008251348778,0.3915047446904654
0.6874603174603174,0.391414369633981
0.6875198475706573,0.3913239945774966
0.6875794155019059,0.3912336195210122
0.6875297855440826,0.3911432444645278
0.6874801398156974,0.3910528694080434
0.6874304783092324,0.39096249435155894
0.6873808010171647,0.39087211929507454
0.6874403815580287,0.39078174423859013
0.687390682143425,0.39069136918210573
0.6874502942579926,0.3906009941256213
0.6874005727012409,0.3905106190691369
0.6874602164226608,0.3904202440126525
0.6875198981216173,0.3903298689561681
0.6875796178343949,0.3902394938996837
0.687639375597324,0.39014911884319925
0.6875896128723913,0.39005874378671485
0.6876494023904383,0.38996836873023044
0.6877092300334768,0.38987799367374604
0.6876594387755102,0.38978761861726163
0.6877192982456141,0.38969724356077723
0.6876694847663104,0.3896068685042928
0.6877293760970161,0.3895164934478084
0.6877893056664006,0.389426118391324
0.6878492735110969,0.38933574333483956
0.6879092796677847,0.38924536827835515
0.6879693241731906,0.38915499322187075
0.6879194630872483,0.38906461816538634
0.6878695860636087,0.38897424310890194
0.68792965627498,0.38888386805241754
0.6879897649128418,0.38879349299593313
0.6880499120140777,0.38870311793944873
0.688,0.3886127428829643
0.6880601792573624,0.38852236782647986
0.6881203970541147,0.38843199276999546
0.6880704563650921,0.38834161771351106
0.6881307063911581,0.38825124265702665
0.6881909950328473,0.38816086760054225
0.6881410256410256,0.38807049254405784
0.6882013465854441,0.38798011748757344
0.6882617062219372,0.38788974243108904
0.6883221045877447,0.38779936737460463
0.688382541720154,0.38770899231812017
0.6884430176565008,0.38761861726163577
0.6885035324341683,0.38752824220515136
0.6884535089127991,0.38743786714866696
0.6885640860905878,0.38743786714866696
0.6885140562248996,0.38734749209218255
0.6885746424554073,0.38725711703569815
0.6885245901639344,0.38716674197921375
0.6884745217810642,0.38707636692272934
0.6884244372990354,0.38698599186624494
0.688374336710082,0.3868956168097605
0.6883242200064329,0.3868052417532761
0.6883848133848134,0.38671486669679167
0.6883346741753822,0.38662449164030727
0.6882845188284519,0.38653411658382286
0.6882343473362305,0.38644374152733846
0.6881841596909208,0.38635336647085405
0.6881339558847207,0.38626299141436965
0.6881945562892575,0.38617261635788525
0.6881443298969072,0.3860822413014008
0.6882049629390912,0.3859918662449164
0.6882656350741457,0.385901491188432
0.6883263463398903,0.3858111161319476
0.6882760845024996,0.38572074107546317
0.6882258064516129,0.38563036601897877
0.6881755121793838,0.38553999096249436
0.6882362433435534,0.38544961590600996
0.6882970137207426,0.38535924084952555
0.6883578233489424,0.3852688657930411
0.6883074935400517,0.3851784907365567
0.6883683360258481,0.3850881156800723
0.6883179835191469,0.3849977406235879
0.688267614738203,0.3849073655671035
0.6882172296751252,0.3848169905106191
0.6882780921584478,0.38472661545413467
0.6882276843467011,0.38463624039765026
0.6882885797476544,0.38454586534116586
0.6882381491668015,0.3844554902846814
0.6882990775206345,0.384365115228197
0.688360045329448,0.3842747401717126
0.6884210526315789,0.3841843651152282
0.6884820994654139,0.3840939900587438
0.6884316267012314,0.3840036150022594
0.6884927066450567,0.383913239945775
0.6884422110552764,0.38382286488929057
0.6885033241446409,0.38373248983280617
0.6884528057087252,0.3836421147763217
0.6885644768856448,0.3836421147763217
0.6886256693168912,0.3835517397198373
0.6885751379422266,0.3834613646633529
0.6885245901639344,0.3833709896068685
0.6885858093846403,0.3832806145503841
0.6885352387138681,0.3831902394938997
0.6885964912280702,0.3830998644374153
0.6886577835554111,0.3830094893809309
0.6887191157347204,0.3829191143244465
0.6886685091854983,0.382828739267962
0.6886178861788618,0.3827383642114776
0.6885672467067816,0.3826479891549932
0.6886285993167399,0.3825576140985088
0.6885779368695086,0.3824672390420244
0.6886393229166666,0.38237686398554
0.6885886374735471,0.3822864889290556
0.6885379355258874,0.3821961138725712
0.6885993485342019,0.3821057388160868
0.6885486235543248,0.3820153637596023
0.6886100700668079,0.3819249887031179
0.6886715566422168,0.3818346136466335
0.6887330833197456,0.3817442385901491
0.6887946501386397,0.3816538635336647
0.6887438825448613,0.3815634884771803
0.6886930983847284,0.3814731134206959
0.6888054830287206,0.3814731134206959
0.6887546923453566,0.3813827383642115
0.6888163265306122,0.3812923633077271
0.6887655127367733,0.38120198825124263
0.6888271806599151,0.3811116131947582
0.6888888888888889,0.3810212381382738
0.6889506374632233,0.3809308630817894
0.6890124264224984,0.380840488025305
0.6890742558063461,0.3807501129688206
0.6890233927695076,0.3806597379123362
0.6889725130890052,0.3805693628558518
0.6889216167566683,0.3804789877993674
0.6890343698854338,0.3804789877993674
0.6889834670158782,0.38038861274288294
0.6889325474787165,0.38029823768639853
0.6889944317065182,0.38020786262991413
0.6890563564875491,0.3801174875734297
0.6891183218616846,0.3800271125169453
0.6891803278688524,0.3799367374604609
0.6891293654697491,0.3798463624039765
0.689191405609316,0.3797559873474921
0.6891404199475065,0.3796656122910077
0.6890894175553732,0.37957523723452324
0.6892024942566459,0.37957523723452324
0.6892646093237033,0.37948486217803884
0.6892135938269578,0.37939448712155444
0.6891625615763547,0.37930411206507003
0.6892757431433733,0.37930411206507003
0.6892247043363995,0.3792137370085856
0.6891736487596517,0.3791233619521012
0.6891225764048636,0.3790329868956168
0.6891847468770546,0.3789426118391324
0.6892469582374219,0.378852236782648
0.6893092105263158,0.37876186172616355
0.6892581016614575,0.37867148666967915
0.6892069759789404,0.37858111161319474
0.6892692560895326,0.37849073655671034
0.6892181069958848,0.37840036150022593
0.6891669410602568,0.37830998644374153
0.6892292490118577,0.3782196113872571
0.6891780596277385,0.3781292363307727
0.6892404020431702,0.3780388612742883
0.6891891891891891,0.37794848621780386
0.6891379594527773,0.37785811116131945
0.6892515661061656,0.37785811116131945
0.6893139841688655,0.37776773610483505
0.6893764434180139,0.37767736104835065
0.6894389438943894,0.37758698599186624
0.6893876877372503,0.37749661093538184
0.6894502228826151,0.37740623587889743
0.6893989431968296,0.37731586082241303
0.6894615130492237,0.3772254857659286
0.6895754171485214,0.3772254857659286
0.6895241242564442,0.37713511070944417
0.6895867768595041,0.37704473565295976
0.6896494708994709,0.37695436059647536
0.6897122064174661,0.37686398553999095
0.689660876757651,0.37677361048350655
0.6896095301125083,0.37668323542702215
0.6896722939424031,0.37659286037053774
0.6897350993377483,0.37650248531405334
0.6896837224706077,0.37641211025756893
0.6896323285856244,0.3763217352010845
0.6895809176743416,0.37623136014460007
0.6895294897282969,0.37614098508811566
0.6894780447390224,0.37605061003163126
0.6894265826980445,0.37596023497514686
0.6894893899204244,0.37586985991866245
0.6894379041618306,0.37577948486217805
0.6893864013266998,0.37568910980569364
0.6893348814065351,0.37559873474920924
0.6893977103036336,0.3755083596927248
0.6893461666113508,0.3754179846362404
0.6892946058091286,0.37532760957975597
0.6892430278884463,0.37523723452327157
0.689191432840777,0.37514685946678716
0.6891398206575888,0.37505648441030276
0.6890881913303438,0.37496610935381836
0.6890365448504984,0.37487573429733395
0.6890993685609837,0.37478535924084955
0.689047698188466,0.37469498418436514
0.6889960106382979,0.3746046091278807
0.6889443059019119,0.3745142340713963
0.6890071511724597,0.3744238590149119
0.6889554224883566,0.37433348395842747
0.6890700382631841,0.37433348395842747
0.689018302828619,0.37424310890194307
0.6889665501747378,0.37415273384545866
0.6890294656234394,0.37406235878897426
0.688977688977689,0.37397198373248985
0.6889258950874272,0.37388160867600545
0.6888740839440373,0.373791233619521
0.6889370209930024,0.3737008585630366
0.689,0.3736104835065522
0.6890630210070023,0.3735201084500678
0.6890111722527931,0.3734297333935834
0.6889593062041361,0.37333935833709897
0.6889074228523769,0.37324898328061457
0.6889704655431337,0.37315860822413016
0.6890335503254882,0.37306823316764576
0.6890966772416096,0.3729778581111613
0.6891598463337231,0.3728874830546769
0.689107918476445,0.3727971079981925
0.6890559732664996,0.3727067329417081
0.6890040106951871,0.3726163578852237
0.6890672016048145,0.3725259828287393
0.6891304347826087,0.3724356077722549
0.6890784412109048,0.37234523271577047
0.6891937102709936,0.37234523271577047
0.6891417098879036,0.37225485765928606
0.6890896921017403,0.3721644826028016
0.6890376569037657,0.3720741075463172
0.6891009542943245,0.3719837324898328
0.6891642940880924,0.3718933574333484
0.6892276763276931,0.371802982376864
0.6891756032171582,0.3717126073203796
0.6891235126529244,0.3716222322638952
0.68918692372171,0.3715318572074108
0.6891348088531187,0.37144148215092637
0.6891982556189198,0.3713511070944419
0.689261744966443,0.3712607320379575
0.68932527693857,0.3711703569814731
0.6893888515782405,0.3710799819249887
0.6893366918555835,0.3709896068685043
0.6892845146120256,0.3708992318120199
0.6892323198387368,0.3708088567555355
0.6892959166526634,0.3707184816990511
0.6893595562279374,0.3706281066425667
0.6894232386077014,0.3705377315860822
0.6893710057181298,0.3704473565295978
0.6894347240915208,0.3703569814731134
0.6894984853584651,0.370266606416629
0.6895622895622896,0.3701762313601446
0.6896261367463793,0.3700858563036602
0.6895738588512716,0.3699954812471758
0.6895215633423181,0.3699051061906914
0.6895854398382204,0.369814731134207
0.6895331198381932,0.3697243560777225
0.6895970325408869,0.3696339810212381
0.6896609883622871,0.3695436059647537
0.689608636977058,0.3694532309082693
0.6895562679264383,0.3693628558517849
0.689620253164557,0.3692724807953005
0.6895678595543552,0.3691821057388161
0.6895154482525747,0.3690917306823317
0.6894630192502533,0.3690013556258473
0.6894105725384225,0.36891098056936283
0.6894745734076703,0.36882060551287843
0.6895386175426736,0.368730230456394
0.6894861392832995,0.3686398553999096
0.6894336432797972,0.3685494803434252
0.6894977168949772,0.3684591052869408
0.6895618338690577,0.3683687302304564
0.6895093062605753,0.368278355173972
0.6894567608732443,0.3681879801174876
0.6895209073980024,0.36809760506100314
0.6894683372841178,0.36800723000451874
0.6895850973751059,0.36800723000451874
0.689649330848721,0.36791685494803433
0.6895967468654693,0.36782647989154993
0.6895441450601593,0.3677361048350655
0.6896084082047804,0.3676457297785811
0.6896727149397999,0.3675553547220967
0.6896200814111262,0.3674649796656123
0.6895674300254453,0.3673746046091279
0.6895147607736681,0.36728422955264345
0.6896317665026303,0.36728422955264345
0.6896961466644034,0.36719385449615904
0.6896434634974533,0.36710347943967464
0.6897078804347826,0.36701310438319024
0.689772341148488,0.36692272932670583
0.6898368456832087,0.36683235427022143
0.6897841237463879,0.366741979213737
0.689731383883033,0.3666516041572526
0.6896786260839993,0.3665612291007682
0.689625850340136,0.36647085404428376
0.6895730566422861,0.36638047898779935
0.6896375701888718,0.36629010393131495
0.6895847515316542,0.36619972887483054
0.689531914893617,0.36610935381834614
0.6894790602655771,0.36601897876186174
0.689426187638345,0.36592860370537733
0.6893732970027248,0.3658382286488929
0.6894378194207836,0.3657478535924085
0.6893849037314704,0.36565747853592406
0.6893319700068167,0.36556710347943966
0.6893965223320832,0.36547672842295525
0.6893435635123615,0.36538635336647085
0.6892905866302865,0.36529597830998645
0.689237591676616,0.36520560325350204
0.6893551688843398,0.36520560325350204
0.6893021668657225,0.36511522819701764
0.6893667861409797,0.36502485314053323
0.68943144954755,0.36493447808404883
0.6894961571306576,0.36484410302756437
0.6894431158182439,0.36475372797107997
0.6893900563813429,0.36466335291459556
0.6894547940522987,0.36457297785811116
0.6895195759958967,0.36448260280162675
0.6894664842681258,0.36439222774514235
0.6895313034553541,0.36430185268865795
0.6894781864841745,0.36421147763217354
0.6894250513347022,0.36412110257568914
0.6894899007189319,0.3640307275192047
0.6894367402841979,0.3639403524627203
0.6895016269909231,0.36384997740623587
0.6895665581634401,0.36375960234975147
0.6896315338474721,0.36366922729326706
0.6895783339046966,0.36357885223678266
0.6895251157208984,0.36348847718029825
0.6894718792866941,0.36339810212381385
0.6895368782161235,0.36330772706732944
0.689601921757035,0.363217352010845
0.689548652823065,0.3631269769543606
0.6894953656024717,0.3630366018978762
0.6895604395604396,0.3629462268413918
0.6896255582274132,0.36285585178490737
0.6895722384470022,0.36276547672842296
0.6896373947413645,0.36267510167193856
0.689584049501547,0.36258472661545416
0.6895306859205776,0.36249435155896975
0.6894773039889959,0.3624039765024853
0.6895424836601307,0.3623136014460009
0.6896077081899519,0.3622232263895165
0.6896729776247849,0.3621328513330321
0.6897382920110193,0.3620424762765477
0.6896848630962631,0.36195210122006327
0.6896314157767827,0.36186172616357887
0.6896967608545831,0.36177135110709446
0.6896432879545062,0.36168097605061006
0.689708670918807,0.3615906009941256
0.6897740989825832,0.3615002259376412
0.6898395721925134,0.3614098508811568
0.6899050905953408,0.3613194758246724
0.6899706542378733,0.361229100768188
0.6899171270718232,0.3611387257117036
0.6899827288428325,0.3610483506552192
0.6899291760234928,0.36095797559873477
0.6899948159668222,0.36086760054225037
0.6899412374697546,0.3607772254857659
0.6898876404494382,0.3606868504292815
0.6900069156293223,0.3606868504292815
0.6899533114300536,0.3605964753727971
0.689899688689035,0.3605061003163127
0.6898460473966441,0.3604157252598283
0.6897923875432526,0.3603253502033439
0.6897387091192247,0.3602349751468595
0.6896850121149186,0.3601446000903751
0.6897506925207756,0.3600542250338907
0.6896969696969697,0.3599638499774062
0.6896432282646345,0.3598734749209218
0.6897089397089398,0.3597830998644374
0.6897746967071057,0.359692724807953
0.6897209221702202,0.3596023497514686
0.6896671289875174,0.3595119746949842
0.6896133171492977,0.3594215996384998
0.689559486645855,0.3593312245820154
0.6895056374674762,0.359240849525531
0.6895714037827521,0.3591504744690465
0.6895175286358903,0.3590600994125621
0.6896372157611526,0.3590600994125621
0.6897569444444445,0.3590600994125621
0.6897030734502517,0.3589697243560777
0.6896491837443557,0.3588793492995933
0.6897689768976898,0.3588793492995933
0.6898349261511729,0.3587889742431089
0.6899009212584738,0.3586985991866245
0.6898470097357441,0.3586082241301401
0.6899130434782609,0.3585178490736557
0.6899791231732777,0.3584274740171713
0.6899251783539238,0.35833709896068683
0.6899912967798085,0.3582467239042024
0.6900574612571827,0.358156348847718
0.6900034831069314,0.3580659737912336
0.6900696864111499,0.3579755987347492
0.6900156821745949,0.3578852236782648
0.6899616591146741,0.3577948486217804
0.6900278940027894,0.357704473565296
0.6899738448125545,0.3576140985088116
0.689919776770143,0.35752372345232714
0.6898656898656899,0.35743334839584273
0.6899860432658758,0.35743334839584273
0.6900523560209424,0.3573429733393583
0.6901187150837989,0.3572525982828739
0.6900646062510913,0.3571622232263895
0.690010478519036,0.3570718481699051
0.6899563318777293,0.3569814731134207
0.6900227153590774,0.3568910980569363
0.6900891452543262,0.3568007230004519
0.6901556216121699,0.35671034794396744
0.6902221444813713,0.35661997288748304
0.6901679496151155,0.35652959783099863
0.6902345117255863,0.35643922277451423
0.6901802905653772,0.3563488477180298
0.6901260504201681,0.3562584726615454
0.6901926444833625,0.356168097605061
0.6902592852137351,0.3560777225485766
0.6902050113895216,0.3559873474920922
0.6901507185418857,0.35589697243560775
0.6902173913043478,0.35580659737912335
0.6902841108383023,0.35571622232263894
0.6902297842483774,0.35562584726615454
0.6901754385964912,0.35553547220967013
0.6902421902421902,0.35544509715318573
0.6903089887640449,0.3553547220967013
0.6903758342114507,0.3552643470402169
0.6903214473915334,0.3551739719837325
0.6903883324547532,0.35508359692724806
0.6903339191564147,0.35499322187076365
0.6904008438818565,0.35490284681427925
0.6904678156876539,0.35481247175779485
0.6905348346235046,0.35472209670131044
0.6904803800809431,0.35463172164482604
0.6905474388311917,0.35454134658834163
0.6906145448142279,0.35445097153185723
0.6906816980799718,0.3543605964753728
0.6906272022551092,0.35427022141888836
0.6905726872246696,0.35417984636240396
0.6905181529784984,0.35408947130591956
0.6905853314527504,0.35399909624943515
0.690652557319224,0.35390872119295075
0.6907198306280875,0.35381834613646634
0.6907871514295799,0.35372797107998194
0.6907325684024713,0.35363759602349754
0.690677966101695,0.35354722096701313
0.6906233445170404,0.35345684591052867
0.6905687036382904,0.35336647085404427
0.6905140434552199,0.35327609579755986
0.6905813748012016,0.35318572074107546
0.6905266878755744,0.35309534568459106
0.6904719816156973,0.35300497062810665
0.6905393457117595,0.35291459557162225
0.690484612663601,0.35282422051513784
0.690429860251194,0.35273384545865344
0.6904972571226332,0.352643470402169
0.6904424778761062,0.3525530953456846
0.6905099150141643,0.35246272028920017
0.6904551089073845,0.35237234523271577
0.6905225863596103,0.35228197017623136
0.6904677533664068,0.35219159511974696
0.6904129009392167,0.35210122006326255
0.6904804112745967,0.35201084500677815
0.690547969498138,0.35192046995029375
0.6906155756608124,0.3518300948938093
0.6905606813342796,0.3517397198373249
0.6906283280085197,0.3516493447808405
0.6905734067104562,0.3515589697243561
0.6905184659090909,0.35146859466787167
0.6905861456483127,0.35137821961138727
0.6906538734896944,0.35128784455490286
0.6905988981695397,0.35119746949841846
0.690543903306079,0.35110709444193405
0.6904888888888889,0.3510167193854496
0.6904338549075392,0.3509263443289652
0.6905016008537886,0.3508359692724808
0.6906244440491016,0.3508359692724808
0.6905693950177936,0.3507455942159964
0.6905143263925966,0.350655219159512
0.6904592381630473,0.3505648441030276
0.6905270655270656,0.35047446904654317
0.6905949412183826,0.35038409399005876
0.6906628652886672,0.35029371893357436
0.6906077348066298,0.3502033438770899
0.6906756997682296,0.3501129688206055
0.6906205420827389,0.3500225937641211
0.690565364722668,0.3499322187076367
0.6906333630686887,0.3498418436511523
0.6905781584582441,0.3497514685946679
0.6905229341424237,0.3496610935381835
0.6904676901106748,0.34957071848169907
0.6905357142857143,0.34948034342521467
0.6906037870668096,0.3493899683687302
0.690548508129355,0.3492995933122458
0.6904932094353109,0.3492092182557614
0.690437890974084,0.349118843199277
0.6903825527350733,0.3490284681427926
0.6904506437768241,0.3489380930863082
0.6903952781255589,0.3488477180298238
0.6904634102701735,0.3487573429733394
0.6905315911938429,0.348666967916855
0.6904761904761905,0.3485765928603705
0.6905444126074498,0.3484862178038861
0.6906126836259405,0.3483958427474017
0.6906810035842293,0.3483054676909173
0.6906255601362251,0.3482150926344329
0.6906939214631522,0.3481247175779485
0.6906384505021521,0.3480343425214641
0.6905829596412556,0.3479439674649797
0.6905274488697524,0.3478535924084953
0.6905958363244795,0.3477632173520108
0.6905402979716389,0.3476728422955264
0.6906087268809481,0.347582467239042
0.6905531609195402,0.3474920921825576
0.6904975749955092,0.3474017171260732
0.690566037735849,0.3473113420695888
0.690510424155284,0.3472209670131044
0.6905789284430062,0.34713059195662
0.690523287178565,0.3470402169001356
0.6905918330635006,0.34694984184365113
0.6906604282886449,0.3468594667871667
0.6906047516198704,0.3467690917306823
0.6906733885487937,0.3466787166741979
0.6907420749279539,0.3465883416177135
0.6906863628175104,0.3464979665612291
0.6907550910073887,0.3464075915047447
0.6906993511175198,0.3463172164482603
0.6907681211684097,0.3462268413917759
0.6908369408369408,0.34613646633529144
0.6909058101768315,0.34604609127880703
0.6908500270709258,0.34595571622232263
0.6907942238267148,0.3458653411658382
0.6907384004332912,0.3457749661093538
0.6908072963698754,0.3456845910528694
0.6908762420957543,0.345594215996385
0.6909452376649196,0.3455038409399006
0.691014283131441,0.3454134658834162
0.6910833785494664,0.34532309082693174
0.6911525239732224,0.34523271577044734
0.6910966340933767,0.34514234071396294
0.6910407239819004,0.34505196565747853
0.6911658218682114,0.34505196565747853
0.6912350597609562,0.34496159060099413
0.6911791342148161,0.3448712155445097
0.6911231884057971,0.3447808404880253
0.6911924610366075,0.3446904654315409
0.6911364872213159,0.3446000903750565
0.69108049311095,0.34450971531857205
0.6911498005077983,0.34441934026208765
0.6910937783421005,0.34432896520560324
0.6910377358490566,0.34423859014911884
0.6909816730176012,0.34414821509263444
0.6909255898366606,0.34405784003615003
0.6908694862951534,0.3439674649796656
0.6909388051570728,0.3438770899231812
0.691008174386921,0.3437867148666968
0.6910775940396148,0.34369633981021236
0.6911470641701509,0.34360596475372795
0.6912165848336062,0.34351558969724355
0.6912861560851373,0.34342521464075915
0.6912299854439592,0.34333483958427474
0.6912995995631598,0.34324446452779034
0.6913692643845594,0.34315408947130593
0.6913130577308323,0.34306371441482153
0.6913827655310621,0.3429733393583371
0.6913265306122449,0.34288296430185267
0.6913962814436748,0.34279258924536826
0.6913400182315406,0.34270221418888386
0.6912837345003647,0.34261183913239945
0.691353520612915,0.34252146407591505
0.6912972085385879,0.34243108901943065
0.6913670377806169,0.34234071396294624
0.6914369180208143,0.34225033890646184
0.6915068493150685,0.34215996384997743
0.6915768317193496,0.342069588793493
0.6915204678362573,0.34197921373700857
0.6914640833485651,0.34188883868052417
0.6914076782449726,0.34179846362403976
0.6914776883686906,0.34170808856755536
0.6915477497255763,0.34161771351107095
0.6916178623718887,0.34152733845458655
0.6916880263639692,0.34143696339810214
0.6916315693096502,0.34134658834161774
0.6917017768822129,0.3412562132851333
0.6916452913155002,0.3411658382286489
0.6917155425219942,0.3410754631721645
0.6916590284142988,0.34098508811568007
0.6917293233082706,0.34089471305919566
0.6916727806309612,0.34080433800271126
0.6916162172078518,0.34071396294622686
0.691559633027523,0.34062358788974245
0.6916865479904569,0.34062358788974245
0.6916299559471366,0.34053321283325805
0.6917569304204149,0.34053321283325805
0.6918273645546373,0.3404428377767736
0.6917707567964732,0.3403524627202892
0.6918412348401323,0.3402620876638048
0.6917845984194082,0.3401717126073204
0.6917279411764706,0.34008133755083597
0.6917984553144538,0.33999096249435157
0.6917417693581019,0.33990058743786716
0.6916850625459897,0.33981021238138276
0.6917556128082444,0.33971983732489835
0.6918262150220913,0.3396294622684139
0.6917694715522004,0.3395390872119295
0.6917127071823205,0.3394487121554451
0.6916559219009025,0.3393583370989607
0.6915991156963891,0.3392679620424763
0.6916697382970881,0.3391775869859919
0.6917404129793511,0.33908721192950747
0.691683569979716,0.33899683687302307
0.6916267060125415,0.33890646181653866
0.6915698210662239,0.3388160867600542
0.6915129151291513,0.3387257117035698
0.6914559881897029,0.3386353366470854
0.6913990402362495,0.338544961590601
0.6913420712571534,0.3384545865341166
0.691285081240768,0.3383642114776322
0.6913557443664573,0.3382738364211478
0.6912987252909661,0.3381834613646634
0.6913694326372205,0.33809308630817897
0.6913123844731978,0.3380027112516945
0.6912553152153817,0.3379123361952101
0.6913260588126503,0.3378219611387257
0.6912689604143544,0.3377315860822413
0.691339748334567,0.3376412110257569
0.6914105886708627,0.3375508359692725
0.6913534530642473,0.3374604609127881
0.6912962962962963,0.3373700858563037
0.691239118355251,0.3372797107998193
0.6913099870298314,0.3371893357433348
0.6912527798369162,0.3370989606868504
0.6913236929922135,0.337008585630366
0.6912664565177081,0.3369182105738816
0.6912091988130564,0.3368278355173972
0.6911519198664441,0.3367374604609128
0.6910946196660482,0.3366470854044284
0.6911655530809205,0.336556710347944
0.691108223501021,0.3364663352914596
0.6911792014856082,0.3363759602349751
0.6911218424962853,0.3362855851784907
0.6912502322125209,0.3362855851784907
0.6911928651059086,0.3361952101220063
0.6911354766771975,0.3361048350655219
0.6912065439672802,0.3360144600090375
0.6911491260691707,0.3359240849525531
0.6912202380952381,0.3358337098960687
0.6911627906976744,0.3357433348395843
0.6912339475153545,0.3356529597830999
0.6913051573263824,0.33556258472661543
0.6913764201899795,0.335472209670131
0.6914477361654555,0.3353818346136466
0.6913902348117779,0.3352914595571622
0.6914615958240119,0.3352010845006778
0.6915330100708691,0.3351107094441934
0.6914754709942175,0.335020334387709
0.6915469303974622,0.3349299593312246
0.6916184431584842,0.3348395842747402
0.6916900093370681,0.33474920921825574
0.691632424355622,0.33465883416177133
0.6915748178591444,0.33456845910528693
0.6915171898355755,0.3344780840488025
0.6914595402728462,0.3343877089923181
0.6914018691588785,0.3342973339358337
0.6914734480179506,0.3342069588793493
0.6914157471479334,0.3341165838228649
0.691487371375117,0.3340262087663805
0.6914296407185628,0.33393583370989605
0.6913718884521804,0.33384545865341164
0.6914435498970231,0.33375508359692724
0.6913857677902622,0.33366470854044283
0.691457474709629,0.33357433348395843
0.6915292353823088,0.333483958427474
0.6914714151827553,0.3333935833709896
0.6914135733033371,0.3333032083145052
0.6914853713428357,0.3332128332580208
0.6914274995310449,0.33312245820153635
0.6914993432163633,0.33303208314505195
0.6915712408485076,0.33294170808856755
0.6915133308298911,0.33285133303208314
0.6915852742299023,0.33276095797559874
0.691527334210032,0.33267058291911433
0.6914693724163848,0.33258020786262993
0.6914113888366848,0.3324898328061455
0.6913533834586466,0.3323994577496611
0.691425347875141,0.33230908269317666
0.6914973664409331,0.33221870763669226
0.691439322671684,0.33212833258020785
0.6915113871635611,0.33203795752372345
0.6914533132530121,0.33194758246723904
0.6913952174731689,0.33185720741075464
0.6913370998116761,0.33176683235427024
0.6914091936699321,0.33167645729778583
0.6913510457885811,0.3315860822413014
0.6914231856738926,0.33149570718481697
0.6914953799735999,0.33140533212833256
0.6914371935118823,0.33131495707184816
0.6913789850971515,0.33122458201536376
0.6913207547169812,0.33113420695887935
0.6912625023589356,0.33104383190239495
0.6913347177647725,0.33095345684591054
0.6914069877242682,0.33086308178942614
0.6914793122992632,0.33077270673294173
0.6915516915516916,0.3306823316764573
0.691624125543581,0.33059195661997287
0.6915658093797277,0.33050158156348847
0.6915074711556648,0.33041120650700406
0.6914491108588725,0.33032083145051966
0.6913907284768211,0.33023045639403525
0.6914631837970849,0.33014008133755085
0.691404770920106,0.33004970628106645
0.6913463359212271,0.32995933122458204
0.6912878787878788,0.3298689561680976
0.6913603637741569,0.3297785811116132
0.6914329037149356,0.3296882060551288
0.6913744075829384,0.32959783099864437
0.6913158892681077,0.32950745594215997
0.6912573487578229,0.32941708088567556
0.6911987860394537,0.32932670582919116
0.6912713472485769,0.32923633077270675
0.6913439635535308,0.32914595571622235
0.6914166350170907,0.3290555806597379
0.6914893617021277,0.3289652056032535
0.6915621436716077,0.3288748305467691
0.6916349809885931,0.3287844554902847
0.6915763453127971,0.3286940804338003
0.6916492295986304,0.32860370537731587
0.6915905631659056,0.32851333032083146
0.6915318744053283,0.32842295526434706
0.6916047972587093,0.32833258020786266
0.6915460776846916,0.3282422051513782
0.6916190476190476,0.3281518300948938
0.6916920731707317,0.3280614550384094
0.691765154403355,0.327971079981925
0.6917063870352717,0.3278807049254406
0.6916475972540046,0.3277903298689562
0.6915887850467289,0.32769995481247177
0.6915299504006105,0.32760957975598737
0.6916030534351145,0.32751920469950296
0.6915441878221035,0.3274288296430185
0.6914852997327224,0.3273384545865341
0.6915584415584416,0.3272480795300497
0.6914995224450812,0.3271577044735653
0.691572711637684,0.3270673294170809
0.6916459567960237,0.3269769543605965
0.6915869980879541,0.3268865793041121
0.6915280168292216,0.3267962042476277
0.6916013009374402,0.32670582919114327
0.6915422885572139,0.3266154541346588
0.6914832535885167,0.3265250790781744
0.6914241960183767,0.32643470402169
0.6914975105323631,0.3263443289652056
0.6914384217582838,0.3262539539087212
0.6915117838666411,0.3261635788522368
0.6914526638558834,0.3260732037957524
0.6915260736196319,0.325982828739268
0.6914669223394055,0.3258924536827836
0.6914077483697737,0.3258020786262991
0.6914811972371451,0.3257117035698147
0.6914219919401267,0.3256213285133303
0.6913627639155471,0.3255309534568459
0.6914362519201229,0.3254405784003615
0.6913769925100826,0.3253502033438771
0.6913177103342297,0.3252598282873927
0.6912584053794428,0.3251694532309083
0.6911990776325904,0.3250790781744239
0.6912725874663591,0.3249887031179394
0.6913461538461538,0.324898328061455
0.6914197768372451,0.3248079530049706
0.6913604002309024,0.3247175779484862
0.6914934565050038,0.3247175779484862
0.6915671929149018,0.3246272028920018
0.6916409861325116,0.3245368278355174
0.691581583509921,0.324446452779033
0.6915221579961465,0.3243560777225486
0.6914627095779534,0.3242657026660642
0.6914032382420972,0.32417532760957973
0.6913437439753229,0.32408495255309533
0.6912842267643656,0.3239945774966109
0.6912246865959498,0.3239042024401265
0.6911651234567902,0.3238138273836421
0.6911055373335906,0.3237234523271577
0.6910459282130451,0.3236330772706733
0.6909862960818375,0.3235427022141889
0.6909266409266409,0.3234523271577045
0.6908669627341185,0.32336195210122004
0.6908072614909231,0.32327157704473564
0.6907475371836971,0.32318120198825123
0.6906877897990726,0.32309082693176683
0.690761499806726,0.3230004518752824
0.6907017204716799,0.322910076818798
0.6906419180201083,0.3228197017623136
0.6905820924385999,0.3227293267058292
0.690522243713733,0.3226389516493448
0.6904623718320758,0.32254857659286035
0.6905360944455197,0.32245820153637594
0.6906098741529526,0.32236782647989154
0.6906837110207243,0.32227745142340714
0.6907576051152877,0.32218707636692273
0.6908315565031983,0.3220967013104383
0.6909654905001938,0.3220967013104383
0.690905565251115,0.3220063262539539
0.6909796314258002,0.3219159511974695
0.6909196740395809,0.3218255761409851
0.6908596933824956,0.32173520108450065
0.6907996894409938,0.32164482602801625
0.690873786407767,0.32155445097153185
0.6908137502427656,0.32146407591504744
0.690887895861667,0.32137370085856304
0.6909620991253644,0.32128332580207863
0.6909020217729394,0.32119295074559423
0.6908419210577484,0.3211025756891098
0.690781796966161,0.3210122006326254
0.6908560311284047,0.32092182557614096
0.6909303230829117,0.32083145051965656
0.6910046728971962,0.32074107546317215
0.691079080638878,0.32065070040668775
0.6910188973309955,0.32056032535020335
0.690958690568979,0.32046995029371894
0.6910331384015594,0.32037957523723454
0.6909728992006239,0.32028920018075013
0.6909126365054602,0.32019882512426573
0.6908523503023211,0.32010845006778127
0.6907920405774483,0.32001807501129687
0.6908665105386417,0.31992769995481246
0.6908061682607847,0.31983732489832806
0.6907458024209293,0.31974694984184365
0.6908203125,0.31965657478535925
0.690759914045712,0.31956619972887484
0.6908344733242134,0.31947582467239044
0.6909090909090909,0.31938544961590604
0.6908486507626125,0.3192950745594216
0.690788186974379,0.3192046995029372
0.6908628448444532,0.31911432444645277
0.6909375611665688,0.31902394938996836
0.6908770555990603,0.31893357433348396
0.690951821386604,0.31884319927699956
0.6910266457680251,0.31875282422051515
0.6911015288122305,0.31866244916403075
0.6911764705882353,0.31857207410754634
0.6911159050794273,0.3184816990510619
0.6911908966058465,0.3183913239945775
0.6911302982731554,0.3183009489380931
0.6910696761530912,0.31821057388160867
0.6910090302316451,0.31812019882512427
0.6910840534171249,0.31802982376863986
0.6911591355599214,0.31793944871215546
0.6912342767295597,0.31784907365567105
0.6913094769956744,0.31775869859918665
0.6913847364280095,0.3176683235427022
0.6913240212472949,0.3175779484862178
0.6913993308403857,0.3174875734297334
0.6913385826771653,0.317397198373249
0.6914139424970461,0.3173068233167646
0.6914893617021277,0.31721644826028017
0.691564840362633,0.31712607320379577
0.6916403785488959,0.31703569814731136
0.6915795701045159,0.31694532309082696
0.6915187376725839,0.3168549480343425
0.691594317284925,0.3167645729778581
0.6915334517465956,0.3166741979213737
0.6916090819348469,0.3165838228648893
0.6915481832543444,0.3164934478084049
0.6914872605174798,0.3164030727519205
0.6915629322268326,0.3163126976954361
0.691638663767543,0.31622232263895167
0.6915776986951364,0.31613194758246727
0.6916534810126582,0.3160415725259828
0.6917293233082706,0.3159511974694984
0.6916683158519691,0.315860822413014
0.6917442090675113,0.3157704473565296
0.6916831683168316,0.3156800723000452
0.6917591125198098,0.3155896972435608
0.6916980384386764,0.3154993221870764
0.6917740336967294,0.315408947130592
0.6918500892325996,0.3153185720741076
0.6917889726299088,0.3152281970176231
0.6917278317794089,0.3151378219611387
0.6918650793650793,0.3151378219611387
0.6919412465263993,0.3150474469046543
0.6918800873535835,0.3149570718481699
0.691956305858987,0.3148666967916855
0.6918951132300357,0.3147763217352011
0.6919713831478538,0.3146859466787167
0.6920477137176938,0.3145955716222323
0.6921241050119332,0.3145051965657479
0.692200557103064,0.3144148215092634
0.692139303482587,0.314324446452779
0.692078025477707,0.3142340713962946
0.6921545201115094,0.3141436963398102
0.6922310756972112,0.3140533212833258
0.6921697549312612,0.3139629462268414
0.692246362367949,0.313872571170357
0.6921850079744817,0.3137821961138726
0.6922616673314719,0.3136918210573882
0.6922002792738879,0.3136014460009037
0.6921388667198723,0.3135110709444193
0.6922155688622754,0.3134206958879349
0.6922923322683706,0.3133303208314505
0.6922308767725185,0.3132399457749661
0.6923076923076923,0.3131495707184817
0.6924460431654677,0.3131495707184817
0.6923845692584449,0.3130591956619973
0.6924615076984603,0.3129688206055129
0.6925385077015404,0.3128784455490285
0.692615569341605,0.31278807049254403
0.6925540432345877,0.31269769543605963
0.6926311573888666,0.3126073203795752
0.6927083333333334,0.3125169453230908
0.692646764175516,0.3124265702666064
0.6927239927841251,0.312336195210122
0.6926623897353649,0.3122458201536376
0.692600761981151,0.3121554450971532
0.6925391095066186,0.3120650700406688
0.6924774322968906,0.31197469498418434
0.6924157303370787,0.31188431992769994
0.6923540036122817,0.31179394487121553
0.6924312387070869,0.31170356981473113
0.692570281124498,0.31170356981473113
0.6925085358505724,0.3116131947582467
0.6924467657693852,0.3115228197017623
0.692524115755627,0.3114324446452779
0.6924623115577889,0.3113420695887935
0.6924004825090471,0.3112516945323091
0.6923386285944099,0.31116131947582465
0.6922767497988737,0.31107094441934025
0.6923541247484909,0.31098056936285584
0.6922922117126182,0.31089019430637144
0.6922302737520128,0.31079981924988703
0.6923076923076923,0.31070944419340263
0.692245720040282,0.3106190691369182
0.6921837228041902,0.3105286940804338
0.6922611850060459,0.3104383190239494
0.6923387096774194,0.31034794396746496
0.6924162968939088,0.31025756891098055
0.6924939467312349,0.31016719385449615
0.6924318869828456,0.31007681879801174
0.6923698021800565,0.30998644374152734
0.6924474959612278,0.30989606868504294
0.6923853766915775,0.30980569362855853
0.6924631238634068,0.3097153185720741
0.6924009700889249,0.3096249435155897
0.6924787707238172,0.30953456845910526
0.6925566343042071,0.30944419340262086
0.6926345609065155,0.30935381834613646
0.6925723537745395,0.30926344328965205
0.6926503340757239,0.30917306823316765
0.692588092345079,0.30908269317668324
0.6926661264181524,0.30899231812019884
0.6926038500506586,0.30890194306371443
0.6927442237535468,0.30890194306371443
0.6926819379687816,0.30881156800723003
0.6926196269261963,0.30872119295074557
0.6925572906104238,0.30863081789426117
0.6926977687626775,0.30863081789426117
0.692775974025974,0.30854044283777676
0.6927136188349908,0.30845006778129236
0.6926512383272432,0.30835969272480795
0.6925888324873096,0.30826931766832355
0.6925264012997563,0.30817894261183915
0.6926046322633076,0.30808856755535474
0.6926829268292682,0.30799819249887034
0.6927612850752338,0.3079078174423859
0.692839707078926,0.3078174423859015
0.6929181929181929,0.30772706732941707
0.6929967426710097,0.30763669227293267
0.6930753564154786,0.30754631721644826
0.6931540342298288,0.30745594215996386
0.6932327761924174,0.30736556710347945
0.6933115823817292,0.30727519204699505
0.693390452876377,0.30718481699051065
0.6933278922668843,0.3070944419340262
0.693469387755102,0.3070944419340262
0.6935483870967742,0.3070040668775418
0.6936274509803921,0.3069136918210574
0.6937065794850837,0.306823316764573
0.6937857726901063,0.30673294170808857
0.6937231649969331,0.30664256665160416
0.6938024135815095,0.30655219159511976
0.6937397708674304,0.30646181653863536
0.6938190749079001,0.30637144148215095
0.6938984438984439,0.3062810664256665
0.6939778779188857,0.3061906913691821
0.6939151813153043,0.3061003163126977
0.6939946710391474,0.3060099412562133
0.6939319393193932,0.3059195661997289
0.693869181874103,0.30582919114324447
0.6938063986874488,0.30573881608676007
0.693885925318014,0.30564844103027566
0.6938231069156577,0.30555806597379126
0.69376026272578,0.3054676909173068
0.6938398357289528,0.3053773158608224
0.6937769562538509,0.305286940804338
0.6938565851653996,0.3051965657478536
0.6937936703658035,0.3051061906913692
0.6937307297019527,0.3050158156348848
0.6938104050997327,0.3049254405784004
0.6937474290415467,0.30483506552191597
0.6938271604938272,0.30474469046543157
0.6937641490018522,0.3046543154089471
0.6938439365863702,0.3045639403524627
0.6939237899073121,0.3044735652959783
0.6938607334157396,0.3043831902394939
0.6939406430338005,0.3042928151830095
0.694020618556701,0.3042024401265251
0.6939575170138172,0.3041120650700407
0.6938943894389439,0.3040216900135563
0.6939744118860917,0.3039313149570719
0.6939112487100103,0.3038409399005874
0.6938480594549958,0.303750564844103
0.6939281288723668,0.3036601897876186
0.6940082644628099,0.3035698147311342
0.6940884663083919,0.3034794396746498
0.6941687344913151,0.3033890646181654
0.694105480868666,0.303298689561681
0.6940422010757137,0.3032083145051966
0.6939788950962136,0.3031179394487122
0.6941225165562914,0.3031179394487122
0.6940592009935831,0.3030275643922277
0.694139573410644,0.3029371893357433
0.6942200124300808,0.3028468142792589
0.694300518134715,0.3027564392227745
0.6943810906075057,0.3026660641662901
0.6944617299315494,0.3025756891098057
0.6943983402489626,0.3024853140533213
0.6944790369447904,0.3023949389968369
0.6945598006644518,0.3023045639403525
0.6946406314914831,0.30221418888386803
0.6945771867857885,0.3021238138273836
0.694658075244232,0.3020334387708992
0.6945945945945946,0.3019430637144148
0.6946755407653911,0.3018526886579304
0.6946120241314749,0.301762313601446
0.694548481065335,0.3016719385449616
0.6944849115504682,0.3015815634884772
0.694421315570358,0.3014911884319928
0.6945022907122033,0.30140081337550834
0.6945833333333333,0.30131043831902393
0.6946644435181325,0.30122006326253953
0.6947456213511259,0.3011296882060551
0.6948268669169796,0.3010393131495707
0.6947631963279783,0.3009489380930863
0.6946994991652755,0.3008585630366019
0.6946357754122313,0.3007681879801175
0.6945720250521921,0.3006778129236331
0.6945082480684903,0.30058743786714864
0.694589513265093,0.30049706281066424
0.6945256999582115,0.30040668775417984
0.6944618599791014,0.30031631269769543
0.6943979933110368,0.300225937641211
0.6943340999372779,0.3001355625847266
0.6942701798410706,0.3000451875282422
0.6942062330056473,0.2999548124717578
0.6941422594142259,0.2998644374152734
0.6942875078468299,0.2998644374152734
0.6943688507431443,0.29977406235878895
0.6944502617801047,0.29968368730230455
0.6945317410433689,0.29959331224582014
0.6946132886187382,0.29950293718933574
0.6945492662473794,0.29941256213285133
0.6946308724832215,0.29932218707636693
0.6947125472093999,0.2992318120198825
0.6946484784889821,0.2991414369633981
0.6947302120512282,0.2990510619069137
0.6946661066778664,0.29896068685042926
0.6947478991596638,0.29887031179394485
0.6946837570918261,0.29877993673746045
0.694619588062211,0.29868956168097605
0.6947014297729184,0.29859918662449164
0.6947833403449727,0.29850881156800724
0.6947191247633074,0.29841843651152283
0.6946548821548821,0.29832806145503843
0.694590612502631,0.298237686398554
0.6945263157894737,0.29814731134206957
0.6946082561078348,0.29805693628558516
0.6946902654867256,0.29796656122910076
0.6946259220231823,0.29787618617261635
0.6945615514333895,0.29778581111613195
0.6946436102910164,0.29769543605964754
0.6947257383966244,0.29760506100316314
0.6946613209537877,0.29751468594667874
0.694743508549715,0.29742431089019433
0.6948257655755016,0.2973339358337099
0.6947613012251795,0.29724356077722547
0.694843617920541,0.29715318572074106
0.6949260042283298,0.29706281066425666
0.6950084602368867,0.29697243560777226
0.6949439390734081,0.29688206055128785
0.6948793906051629,0.29679168549480345
0.6949618966977138,0.29670131043831904
0.6950444726810674,0.29661093538183464
0.6951271186440678,0.2965205603253502
0.6952098346757101,0.2964301852688658
0.69529262086514,0.29633981021238137
0.6953754773016546,0.29624943515589697
0.6953108423509442,0.29615906009941256
0.6952461799660441,0.29606868504292816
0.6951814901294842,0.29597830998644375
0.6951167728237791,0.29588793492995935
0.6951996601529312,0.29579755987347495
0.6951349054599533,0.2957071848169905
0.6952178533475026,0.2956168097605061
0.6953008717839677,0.2955264347040217
0.6952360697575499,0.2954360596475373
0.6953191489361702,0.29534568459105287
0.6954022988505747,0.29525530953456847
0.6954855195911414,0.29516493447808406
0.6955688112484022,0.29507455942159966
0.6955039420413381,0.29498418436511525
0.6954390451832907,0.2948938093086308
0.6953741206565764,0.2948034342521464
0.6955223880597015,0.2948034342521464
0.6954574536148432,0.294713059195662
0.6953924914675768,0.2946226841391776
0.6954758856167307,0.2945323090826932
0.695410885805763,0.2944419340262088
0.6954943412342516,0.29435155896972437
0.6954293037163606,0.29426118391323997
0.6955128205128205,0.29417080885675556
0.6954477452447104,0.2940804338002711
0.6955313234979688,0.2939900587437867
0.6954662104362703,0.2938996836873023
0.6955498502353444,0.2938093086308179
0.6954846993366146,0.2937189335743335
0.6955684007707129,0.2936285585178491
0.6955032119914347,0.2935381834613647
0.6955869751499572,0.2934478084048803
0.6955217484465396,0.29335743334839587
0.6956055734190782,0.2932670582919114
0.6955403087478559,0.293176683235427
0.695475016084066,0.2930863081789426
0.6955588929414289,0.2929959331224582
0.6954935622317596,0.2929055580659738
0.6955775010734221,0.2928151830094894
0.6956615120274914,0.292724807953005
0.695745595186936,0.2926344328965206
0.6956802063185042,0.2925440578400362
0.695829750644884,0.2925440578400362
0.6957643517523113,0.2924536827835517
0.6956989247311828,0.2923633077270673
0.6957831325301205,0.2922729326705829
0.6957176673122445,0.2921825576140985
0.6958019375672766,0.2920921825576141
0.6958862804221408,0.2920018075011297
0.6958207669108143,0.2919114324446453
0.6957552251669898,0.2918210573881609
0.6956896551724138,0.2917306823316765
0.6958396206078896,0.2917306823316765
0.6959240888505499,0.291640307275192
0.6960086299892125,0.2915499322187076
0.6960932441182819,0.2914595571622232
0.696027633851468,0.2913691821057388
0.6961123110151188,0.2912788070492544
0.6961970613656007,0.29118843199277
0.6961314026366976,0.2910980569362856
0.6960657155209684,0.2910076818798012
0.696,0.2909173068233168
0.6960847934241834,0.29082693176683233
0.6960190393768931,0.2907365567103479
0.6959532568708072,0.2906461816538635
0.6958874458874459,0.2905558065973791
0.6958216064083135,0.2904654315408947
0.6957557384148982,0.2903750564844103
0.6956898418886723,0.2902846814279259
0.6957746478873239,0.2901943063714415
0.6957087126137841,0.2901039313149571
0.6957935819601041,0.29001355625847264
0.6958785249457701,0.28992318120198823
0.6959635416666666,0.28983280614550383
0.6960486322188449,0.2897424310890194
0.696133796698523,0.289652056032535
0.6962190352020861,0.2895616809760506
0.6961530102151706,0.2894713059195662
0.696304347826087,0.2894713059195662
0.6962383126766688,0.2893809308630818
0.6961722488038278,0.2892905558065974
0.6962576153176675,0.28920018075011295
0.6961915125136018,0.28910980569362854
0.69612538093165,0.28901943063714414
0.6960592205530155,0.28892905558065973
0.695993031358885,0.28883868052417533
0.695926813330429,0.2887483054676909
0.6960122030943561,0.2886579304112065
0.6959459459459459,0.2885675553547221
0.6960313999127781,0.2884771802982377
0.6961169284467714,0.28838680524175325
0.6960506218634083,0.28829643018526885
0.6959842863378437,0.28820605512878444
0.6959179218511242,0.28811568007230004
0.6958515283842794,0.28802530501581564
0.6957851059183228,0.28793492995933123
0.6958706576360061,0.2878445549028468
0.6958041958041958,0.2877541798463624
0.6957377049180328,0.287663804789878
0.6958233107369342,0.28757342973339356
0.6959089914679502,0.28748305467690916
0.6958424507658644,0.28739267962042475
0.6959281961471103,0.28730230456394035
0.6958616159404423,0.28721192950745594
0.695947426067908,0.28712155445097154
0.6958808063102542,0.28703117939448713
0.6959666812801403,0.28694080433800273
0.6959000219250164,0.2868504292815183
0.6959859618337355,0.28676005422503387
0.696071977177968,0.28666967916854946
0.6961580680570801,0.28657930411206506
0.6960913482652613,0.28648892905558065
0.6961775043936731,0.28639855399909625
0.6962637362637363,0.28630817894261185
0.6963500439753738,0.28621780388612744
0.6962832636903453,0.28612742882964304
0.6963696369636964,0.28603705377315863
0.6963028169014085,0.2859466787166742
0.6962359674224081,0.28585630366018977
0.696322395948029,0.28576592860370537
0.6962555066079296,0.28567555354722096
0.6961885877946684,0.28558517849073656
0.6961216394887616,0.28549480343425215
0.6962081128747796,0.28540442837776775
0.6961411245865491,0.28531405332128335
0.6962276637988087,0.28522367826479894
0.6961606354810238,0.2851333032083145
0.6960935775766939,0.2850429281518301
0.6960264900662252,0.2849525530953457
0.696113074204947,0.28486217803886127
0.6961997348652231,0.28477180298237686
0.6962864721485411,0.28468142792589246
0.696219323457882,0.28459105286940806
0.6961521450685537,0.28450067781292365
0.6962389380530973,0.28441030275643925
0.6961717194069484,0.2843199276999548
0.6962585787026788,0.2842295526434704
0.6961913197519929,0.284139177586986
0.6962782454585733,0.2840488025305016
0.6962109461555507,0.28395842747401717
0.6961436170212766,0.28386805241753277
0.6960762580359122,0.28377767736104836
0.6960088691796009,0.28368730230456396
0.6959414504324684,0.28359692724807956
0.6958740017746229,0.2835065521915951
0.6959609409675988,0.2834161771351107
0.6960479573712256,0.2833258020786263
0.6961350510884051,0.2832354270221419
0.6960675405465452,0.2831450519656575
0.696,0.2830546769091731
0.695932429428762,0.28296430185268867
0.6960195686012898,0.28287392679620427
0.6959519572953736,0.28278355173971986
0.6958843159065629,0.2826931766832354
0.6959715112397062,0.282602801626751
0.6960587842351369,0.2825124265702666
0.6959910913140311,0.2824220515137822
0.696078431372549,0.2823316764572978
0.69601069757076,0.2822413014008134
0.6959429335711101,0.282150926344329
0.6958751393534002,0.2820605512878446
0.6959625250948026,0.28197017623136017
0.6958946898705934,0.2818798011748757
0.6959821428571429,0.2817894261183913
0.695914266577361,0.2816990510619069
0.6960017869108778,0.2816086760054225
0.6960893854748603,0.2815183009489381
0.6960214573088959,0.2814279258924537
0.6959534987704001,0.2813375508359693
0.6958855098389982,0.2812471757794849
0.6958174904942965,0.2811568007230005
0.6957494407158836,0.281066425666516
0.6958370635631155,0.2809760506100316
0.6959247648902821,0.2808856755535472
0.6958566629339306,0.2807953004970628
0.6957885304659498,0.2807049254405784
0.6957203674658302,0.280614550384094
0.6956521739130435,0.2805241753276096
0.6958081147724725,0.2805241753276096
0.6957399103139014,0.2804338002711252
0.695671675263512,0.2803434252146408
0.6956034096007178,0.2802530501581563
0.6956912028725314,0.2801626751016719
0.6956228956228956,0.2800723000451875
0.6957107567931732,0.2799819249887031
0.69579869692204,0.2798915499322187
0.6958867161159811,0.2798011748757343
0.6959748144816731,0.2797107998192499
0.695906432748538,0.2796204247627655
0.6958380202474691,0.2795300497062811
0.6957695769576958,0.27943967464979663
0.695701102858429,0.27934929959331223
0.6957892366584103,0.2792589245368278
0.6958774498760982,0.2791685494803434
0.6958089229382605,0.279078174423859
0.6958972046889089,0.2789877993673746
0.6958286358511838,0.2788974243108902
0.6957600360847993,0.2788070492544058
0.6956914053688247,0.2787166741979214
0.6956227436823105,0.27862629914143694
0.695554051004288,0.27853592408495254
0.6954853273137698,0.27844554902846813
0.6954165725897494,0.2783551739719837
0.6955048565620059,0.2782647989154993
0.6955932203389831,0.2781744238590149
0.6956816640289396,0.2780840488025305
0.6957701877403303,0.2779936737460461
0.6958587915818059,0.2779032986895617
0.6959474756622142,0.27781292363307725
0.6958786231884058,0.27772254857659284
0.6959673765292252,0.27763217352010844
0.6960562103354487,0.27754179846362403
0.6959873044661075,0.27745142340713963
0.696076207756861,0.2773610483506552
0.696165191740413,0.2772706732941708
0.6962542565266743,0.2771802982376864
0.6961852861035422,0.277089923181202
0.6961162843515785,0.27699954812471755
0.6960472512494321,0.27690917306823315
0.6962054078618496,0.27690917306823315
0.6962946124119118,0.27681879801174875
0.6962255570713961,0.27672842295526434
0.6963148316651502,0.27663804789877994
0.6962457337883959,0.27654767284229553
0.6961766044606281,0.27645729778581113
0.6961074436603688,0.2763669227293267
0.6962659380692168,0.2763669227293267
0.6961967661125028,0.2762765476728423
0.696127562642369,0.27618617261635786
0.6962169553327257,0.27609579755987346
0.6961477091406428,0.27600542250338905
0.6962371721778792,0.27591504744690465
0.6963267168605978,0.27582467239042024
0.6964163433006163,0.27573429733393584
0.6965060516099566,0.27564392227745144
0.6965958419008453,0.27555354722096703
0.696526508226691,0.27546317216448263
0.6964571428571429,0.27537279710799817
0.696546992911045,0.27528242205151376
0.6967063129002745,0.27528242205151376
0.696636925188744,0.27519204699502936
0.6967269398031586,0.27510167193854496
0.6968170368674147,0.27501129688206055
0.6967475950526798,0.27492092182557615
0.6968377635197067,0.27483054676909174
0.6969280146721687,0.27474017171260734
0.6968585186883742,0.27464979665612294
0.6967889908256881,0.2745594215996385
0.6968793024323084,0.27446904654315407
0.6968097314666054,0.27437867148666967
0.6967401285583104,0.27428829643018526
0.6966704936854191,0.27419792137370086
0.6966008268259072,0.27410754631721646
0.6965311279577303,0.27401717126073205
0.6966214663295794,0.27392679620424765
0.696551724137931,0.27383642114776324
0.6964819498735342,0.2737460460912788
0.6965723487462618,0.2736556710347944
0.696662830840046,0.27356529597831
0.6967533962698595,0.27347492092182557
0.6968440451508869,0.27338454586534117
0.6967741935483871,0.27329417080885676
0.6968649147072383,0.27320379575237236
0.6969557195571956,0.27311342069588795
0.6970466082141209,0.27302304563940355
0.6969766905146549,0.2729326705829191
0.6969067405355494,0.2728422955264347
0.6968367582544447,0.2727519204699503
0.6967667436489607,0.2726615454134659
0.6966966966966966,0.2725711703569815
0.696626617375231,0.27248079530049707
0.6967876126646637,0.27248079530049707
0.6967175219602404,0.27239042024401267
0.6968085106382979,0.27230004518752826
0.6967383761276891,0.27220967013104386
0.6968294376301782,0.2721192950745594
0.6967592592592593,0.272028920018075
0.6968503937007874,0.2719385449615906
0.6967801714153348,0.2718481699051062
0.6967099165894347,0.2717577948486218
0.6968011126564673,0.2716674197921374
0.6967308138186877,0.271577044735653
0.6966604823747681,0.27148666967916857
0.6967517401392112,0.27139629462268416
0.6966813645857508,0.2713059195661997
0.6966109563602599,0.2712155445097153
0.6967726956117948,0.2712155445097153
0.6968641114982579,0.2711251694532309
0.6969556123634674,0.2710347943967465
0.6970471983259707,0.2709444193402621
0.697138869504536,0.2708540442837777
0.6970684039087948,0.2707636692272933
0.6969979055154759,0.2706732941708089
0.6970896391152502,0.27058291911432447
0.6971814581877475,0.27049254405784
0.6971109040074557,0.2704021690013556
0.6972027972027972,0.2703117939448712
0.6971321986477035,0.2702214188883868
0.6970615671641791,0.2701310438319024
0.6971535230984601,0.270040668775418
0.6972455648926237,0.2699502937189336
0.6971748774223675,0.2698599186624492
0.6971041569360112,0.2697695436059648
0.697196261682243,0.2696791685494803
0.6971254966113578,0.2695887934929959
0.697054698457223,0.2694984184365115
0.6969838671966332,0.2694080433800271
0.6970760233918128,0.2693176683235427
0.6970051474029013,0.2692272932670583
0.6969342382401124,0.2691369182105739
0.6970973782771536,0.2691369182105739
0.6971896955503513,0.2690465431540895
0.6971187631763879,0.2689561680976051
0.6972111553784861,0.2688657930411206
0.6971401781528364,0.2687754179846362
0.6970691676436108,0.2686850429281518
0.6971616232699976,0.2685946678716674
0.6972541656888055,0.268504292815183
0.6971830985915493,0.2684139177586986
0.6971119981216248,0.2683235427022142
0.6972046041813483,0.2682331676457298
0.6971334586466166,0.2681427925892454
0.6972261401034321,0.26805241753276093
0.6973189087488241,0.26796204247627653
0.6974117647058824,0.2678716674197921
0.697340550717816,0.2677812923633077
0.6972693032015066,0.2676909173068233
0.697362223268959,0.2676005422503389
0.6974552309142319,0.2675101671938545
0.6975483262611976,0.2674197921373701
0.6974770101391181,0.2673294170808857
0.6974056603773585,0.26723904202440124
0.6974988201982067,0.26714866696791684
0.6975920679886686,0.26705829191143243
0.6975206611570248,0.26696791685494803
0.6976139853531774,0.2668775417984636
0.6975425330812854,0.2667871667419792
0.6976359338061465,0.2666967916854948
0.6977294228949859,0.2666064166290104
0.6978230004732607,0.266516041572526
0.6979166666666666,0.26642566651604155
0.6980104216011369,0.26633529145955714
0.6981042654028436,0.26624491640307274
0.6981981981981982,0.26615454134658834
0.698292220113852,0.26606416629010393
0.698220640569395,0.2659737912336195
0.698314740090197,0.2658834161771351
0.6982431149097815,0.2657930411206507
0.6983372921615202,0.2657026660641663
0.6982656212877167,0.26561229100768186
0.698359876396482,0.26552191595119745
0.6984542211652794,0.26543154089471305
0.698382492863939,0.26534116583822864
0.6983107304306447,0.26525079078174424
0.6984051416329445,0.26516041572525983
0.6983333333333334,0.26507004066877543
0.6982614908311503,0.264979665612291
0.698427822772749,0.264979665612291
0.6985224022878932,0.2648892905558066
0.6986170720076299,0.26479891549932216
0.6987118320610687,0.26470854044283776
0.698639942734431,0.26461816538635335
0.6985680190930788,0.26452779032986895
0.6986628462273161,0.26443741527338455
0.6987577639751553,0.26434704021690014
0.6988527724665392,0.26425666516041574
0.6987807793449677,0.26416629010393133
0.69887586701746,0.26407591504744693
0.6988038277511962,0.26398553999096247
0.6987317540081359,0.26389516493447807
0.6988989947343226,0.26389516493447807
0.6988269092650228,0.26380478987799366
0.6987547892720306,0.26371441482150926
0.6986826347305389,0.26362403976502485
0.6987778576563624,0.26353366470854045
0.698705656759348,0.26344328965205605
0.6986334212419084,0.26335291459557164
0.6985611510791367,0.26326253953908724
0.6984888462461022,0.2631721644826028
0.6985841132709383,0.2630817894261184
0.6986794717887155,0.26299141436963397
0.6986071085494716,0.26290103931314956
0.6987025468524748,0.26281066425666516
0.6986301369863014,0.26272028920018076
0.6985576923076923,0.26262991414369635
0.6986531986531986,0.26253953908721195
0.6987487969201155,0.26244916403072754
0.6988444872412133,0.2623587889742431
0.6987719720683843,0.2622684139177587
0.6986994219653179,0.2621780388612743
0.6987951807228916,0.26208766380478987
0.6987225837551218,0.26199728874830547
0.698818422956354,0.26190691369182106
0.6987457790641582,0.26181653863533666
0.6986731001206272,0.26172616357885226
0.6987690079652426,0.26163578852236785
0.6986962819893772,0.2615454134658834
0.6986235208886742,0.261455038409399
0.6985507246376812,0.2613646633529146
0.6984778932109205,0.2612742882964302
0.6984050265828903,0.2611839132399458
0.6983321247280638,0.26109353818346137
0.6984280532043531,0.26100316312697697
0.6985240745221388,0.26091278807049256
0.6986201888162672,0.26082241301400816
0.6987163962218454,0.2607320379575237
0.6986434108527132,0.2606416629010393
0.6987396994667959,0.2605512878445549
0.6988360814742968,0.2604609127880705
0.6987630366238176,0.2603705377315861
0.6988595001213298,0.2602801626751017
0.6987864077669903,0.2601897876186173
0.6989560572954601,0.2601897876186173
0.6988829528897523,0.26009941256213287
0.6989795918367347,0.26000903750564847
0.698906439854192,0.259918662449164
0.6990031607099441,0.2598282873926796
0.6990999756750182,0.2597379123361952
0.6990267639902676,0.2596475372797108
0.6989535166707228,0.2595571622232264
0.6988802336903602,0.259466787166742
0.6990504017531045,0.259466787166742
0.6989771066731613,0.2593764121102576
0.6990740740740741,0.2592860370537732
0.6991711360312043,0.2591956619972888
0.6990977810290173,0.2591052869408043
0.6992682926829268,0.2591052869408043
0.6993655441678868,0.2590149118843199
0.699462890625,0.2589245368278355
0.6993894993894993,0.2588341617713511
0.6993160723009282,0.2587437867148667
0.6994134897360704,0.2586534116583823
0.6995110024449878,0.2585630366018979
0.6996086105675147,0.2584726615454135
0.6997063142437592,0.2583822864889291
0.6996328029375765,0.2582919114324446
0.6997305902522655,0.2582015363759602
0.699657030867222,0.2581111613194758
0.699583435432492,0.2580207862629914
0.6995098039215686,0.257930411206507
0.6996076508092202,0.2578400361500226
0.6995339710571499,0.2577496610935382
0.6996319018404908,0.2576592860370538
0.6995581737849779,0.2575689109805694
0.6997299287994108,0.2575689109805694
0.699656188605108,0.25747853592408493
0.6995824121837386,0.2573881608676005
0.6996805111821086,0.2572977858111161
0.69960668633235,0.2572074107546317
0.6997787066633883,0.2572074107546317
0.6998769987699877,0.2571170356981473
0.6998031496062992,0.2570266606416629
0.6997292640905735,0.2569362855851785
0.6996553421959626,0.2568459105286941
0.6995813838955922,0.2567555354722097
0.6995073891625616,0.25666516041572524
0.6994333579699433,0.25657478535924083
0.6995316736504806,0.2564844103027564
0.6994575936883629,0.256394035246272
0.6996300863131936,0.256394035246272
0.699728596101653,0.2563036601897876
0.6996544916090819,0.2562132851333032
0.6995803505307332,0.2561229100768188
0.6995061728395062,0.2560325350203344
0.6994319585082737,0.25594215996385
0.6995305164319249,0.25585178490736554
0.6996291718170581,0.25576140985088114
0.6995548961424333,0.25567103479439673
0.6994805837249567,0.25558065973791233
0.6995793120514724,0.2554902846814279
0.6996781381530082,0.2553999096249435
0.6997770621748823,0.2553095345684591
0.6998760842627013,0.2552191595119747
0.6998016856717898,0.2551287844554903
0.6999007936507936,0.25503840939900585
0.6998263458198958,0.25494803434252145
0.6999255398361877,0.25485765928603704
0.7000248323814254,0.25476728422955264
0.6999503229011426,0.25467690917306823
0.6998757763975155,0.25458653411658383
0.6998011928429424,0.2544961590600994
0.6997265722097937,0.254405784003615
0.6996519144704128,0.2543154089471306
0.6995772195971152,0.25422503389064616
0.699502487562189,0.25413465883416175
0.699427718337895,0.25404428377767735
0.6993529118964659,0.25395390872119294
0.6994521912350598,0.25386353366470854
0.6993773349937733,0.25377315860822414
0.6994767007226513,0.25368278355173973
0.6995761655447519,0.25359240849525533
0.699501246882793,0.2535020334387709
0.6994262908455974,0.25341165838228646
0.6993512974051896,0.25332128332580206
0.6992762665335662,0.25323090826931766
0.699201198202696,0.25314053321283325
0.6993006993006993,0.25305015815634885
0.6992255808143892,0.25295978309986444
0.6991504247876063,0.25286940804338004
0.699325168707823,0.25286940804338004
0.6995,0.25286940804338004
0.6994248562140535,0.25277903298689564
0.699524643482612,0.25268865793041123
0.6994494494494494,0.25259828287392677
0.6993742177722153,0.25250790781744237
0.699549323985979,0.25250790781744237
0.6996492985971944,0.25241753276095796
0.699749373433584,0.25232715770447356
0.6998495486459378,0.25223678264798916
0.6997742663656885,0.25214640759150475
0.6999498243853487,0.25214640759150475
0.6998745294855709,0.25205603253502035
0.6999748932965102,0.25196565747853594
0.6998995479658463,0.25187528242205154
0.7,0.2517849073655671
0.6999246041719025,0.2516945323090827
0.6998491704374057,0.25160415725259827
0.6999496981891348,0.25151378219611387
0.7000503271263211,0.25142340713962946
0.7001510574018127,0.25133303208314506
0.7002518891687658,0.25124265702666065
0.7003528225806451,0.25115228197017625
0.7002772876228889,0.25106190691369185
0.7004538577912254,0.25106190691369185
0.7003783102143758,0.2509715318572074
0.7004794347716377,0.250881156800723
0.7004038364462393,0.2507907817442386
0.7005050505050505,0.2507004066877542
0.7006063668519454,0.25061003163126977
0.7005307050796058,0.25051965657478537
0.7006321112515803,0.25042928151830096
0.7007336200354162,0.25033890646181656
0.7006578947368421,0.25024853140533215
0.7007594936708861,0.2501581563488477
0.7008611955420466,0.2500677812923633
0.7007854066379529,0.24997740623587889
0.7007095793208312,0.24988703117939448
0.7006337135614702,0.24979665612291008
0.7007354805985291,0.24970628106642567
0.7008373509261608,0.24961590600994127
0.7007614213197969,0.24952553095345684
0.7008633824276282,0.24943515589697243
0.7009654471544715,0.24934478084048803
0.701067615658363,0.24925440578400362
0.7011698880976602,0.2491640307275192
0.701093869244467,0.2490736556710348
0.7011962331382031,0.24898328061455038
0.7011201629327902,0.24889290555806598
0.7012226184411615,0.24880253050158158
0.7011464968152866,0.24871215544509714
0.7012490440989039,0.24862178038861274
0.7011728709841918,0.24853140533212834
0.7012755102040816,0.24844103027564393
0.7013782542113323,0.2483506552191595
0.7013020168496298,0.2482602801626751
0.7012257405515833,0.2481699051061907
0.7011494252873564,0.2480795300497063
0.7010730710270823,0.24798915499322188
0.7009966777408638,0.24789877993673745
0.7010994630529276,0.24780840488025305
0.7010230179028133,0.24771802982376864
0.7011258955987717,0.24762765476728424
0.7012288786482335,0.2475372797107998
0.7011523687580026,0.2474469046543154
0.7012554445298488,0.247356529597831
0.7011788826242953,0.2472661545413466
0.7011022814662907,0.2471757794848622
0.701025641025641,0.24708540442837776
0.7012054372916132,0.24708540442837776
0.7013853258081068,0.24708540442837776
0.7013086989992302,0.24699502937189335
0.7012320328542094,0.24690465431540895
0.7013353877760657,0.24681427925892455
0.7014388489208633,0.24672390420244011
0.7015424164524422,0.2466335291459557
0.7014656724093598,0.2465431540894713
0.7015693336763571,0.2464527790329869
0.7014925373134329,0.2463624039765025
0.7016731016731017,0.2463624039765025
0.7015962924819773,0.24627202892001807
0.7015194437290755,0.24618165386353366
0.7014425553838227,0.24609127880704926
0.7013656274156145,0.24600090375056485
0.7012886597938144,0.24591052869408042
0.701392470345539,0.24582015363759602
0.701315450090276,0.2457297785811116
0.7014193548387097,0.2456394035246272
0.7015233668990447,0.2455490284681428
0.701627486437613,0.24545865341165837
0.7015503875968992,0.24536827835517397
0.7016546018614271,0.24527790329868956
0.7017589239524056,0.24518752824220516
0.7016817593790426,0.24509715318572073
0.7017861765467254,0.24500677812923632
0.7017089590885551,0.24491640307275192
0.7016317016317016,0.24482602801626752
0.7018134715025907,0.24482602801626752
0.7017362010883649,0.2447356529597831
0.7016588906168999,0.24464527790329868
0.7015815400570391,0.24455490284681428
0.7016861219195849,0.24446452779032987
0.7017908123540099,0.24437415273384547
0.7018956115294729,0.24428377767736104
0.7018181818181818,0.24419340262087663
0.7017407118732139,0.24410302756439223
0.7016632016632016,0.24401265250790782
0.7017680707228289,0.24392227745142342
0.7018730489073881,0.243831902394939
0.7017954722872756,0.24374152733845458
0.7017178552837064,0.24365115228197018
0.7016401978651393,0.24356077722548578
0.7015625,0.24347040216900134
0.70166753517457,0.24338002711251694
0.7015897836851707,0.24328965205603253
0.7015119916579771,0.24319927699954813
0.7016171100678142,0.24310890194306373
0.7015392642838507,0.2430185268865793
0.7014613778705637,0.2429281518300949
0.7015665796344648,0.2428377767736105
0.7014886393314181,0.24274740171712608
0.70141065830721,0.24265702666064165
0.7015159435441715,0.24256665160415725
0.701437908496732,0.24247627654767284
0.701543290609469,0.24238590149118844
0.7014652014652014,0.24229552643470403
0.7013870714472651,0.2422051513782196
0.7013089005235602,0.2421147763217352
0.7014143530644317,0.2420244012652508
0.7015199161425576,0.2419340262087664
0.7014416775884665,0.24184365115228196
0.7013633980073414,0.24175327609579755
0.7014690451206715,0.24166290103931315
0.701390711099449,0.24157252598282875
0.7013123359580052,0.24148215092634434
0.7014180672268907,0.2413917758698599
0.7013396375098503,0.2413014008133755
0.7014454664914586,0.2412110257568911
0.7015514067841178,0.2411206507004067
0.7016574585635359,0.24103027564392226
0.7015789473684211,0.24093990058743786
0.701763622005791,0.24093990058743786
0.7016850974196945,0.24084952553095346
0.7017913593256059,0.24075915047446905
0.7017127799736496,0.24066877541798465
0.7018191405220142,0.24057840036150022
0.7019256132946452,0.2404880253050158
0.7018469656992085,0.2403976502485314
0.7017682765901293,0.240307275192047
0.7016895459345301,0.24021690013556257
0.7017960908610671,0.24012652507907817
0.7019027484143763,0.24003615002259376
0.7018239492466296,0.23994577496610936
0.7017451084082496,0.23985539990962496
0.7018518518518518,0.23976502485314052
0.7017729558084149,0.23967464979665612
0.7016940179989413,0.23958427474017172
0.7018008474576272,0.2394938996836873
0.7017218543046357,0.23940352462720288
0.7016428192898782,0.23931314957071848
0.7015637423800689,0.23922277451423407
0.7014846235418876,0.23913239945774967
0.7015915119363395,0.23904202440126526
0.7016985138004246,0.23895164934478083
0.701805629314923,0.23886127428829643
0.7019920318725099,0.23886127428829643
0.701912858660999,0.23877089923181202
0.702020202020202,0.23868052417532762
0.70194097314544,0.2385901491188432
0.702048417132216,0.23849977406235878
0.7021559755123769,0.23840939900587438
0.702076677316294,0.23831902394938997
0.702184336707512,0.23822864889290557
0.7023714361843858,0.23822864889290557
0.7022921108742004,0.23813827383642114
0.7024,0.23804789877993673
0.7023206188316885,0.23795752372345233
0.7022411953041622,0.23786714866696793
0.7021617293835068,0.2377767736104835
0.7020822210357714,0.2376863985539991
0.7020026702269693,0.23759602349751469
0.7019230769230769,0.23750564844103028
0.7018434410900347,0.23741527338454588
0.7020309994655265,0.23741527338454588
0.7021390374331551,0.23732489832806145
0.702059374164215,0.23723452327157704
0.7019796682718031,0.23714414821509264
0.7020877944325482,0.23705377315860823
0.7021960364220675,0.2369633981021238
0.7021162603803911,0.2368730230456394
0.7020364415862809,0.236782647989155
0.7019565800053605,0.2366922729326706
0.7018766756032172,0.23660189787618618
0.701796728345401,0.23651152281970175
0.7017167381974249,0.23642114776321735
0.7016367051247653,0.23633077270673294
0.701744966442953,0.23624039765024854
0.701853344077357,0.2361500225937641
0.7019618382155335,0.2360596475372797
0.7020704490454424,0.2359692724807953
0.7021791767554479,0.2358788974243109
0.7023681377825619,0.2358788974243109
0.7022880215343204,0.2357885223678265
0.7023969835712361,0.23569814731134206
0.7025060630557801,0.23560777225485766
0.7024258760107817,0.23551739719837325
0.702345645726611,0.23542702214188885
0.7024548152144592,0.23533664708540442
0.7023745277927684,0.23524627202892
0.7024838012958964,0.2351558969724356
0.7025931928687196,0.2350655219159512
0.7027027027027027,0.2349751468594668
0.7026223303595567,0.23488477180298237
0.7025419145484045,0.23479439674649796
0.7024614552339735,0.23470402169001356
0.7025710419485791,0.23461364663352915
0.7026807473598701,0.23452327157704472
0.7027905716607965,0.23443289652056032
0.702710027100271,0.23434252146407591
0.7026294388723231,0.2342521464075915
0.7025488069414316,0.2341617713511071
0.7026587086272382,0.23407139629462267
0.7025780189959294,0.23398102123813827
0.7026880260657073,0.23389064618165387
0.7026072786529061,0.23380027112516946
0.7027173913043478,0.23370989606868503
0.7028276237085372,0.23361952101220063
0.7027468044601577,0.23352914595571622
0.7026659412404788,0.23343877089923182
0.7027762656505171,0.2333483958427474
0.7026953444051184,0.23325802078626298
0.7026143790849673,0.23316764572977858
0.702724795640327,0.23307727067329417
0.7026437721449986,0.23298689561680977
0.7025627044711014,0.23289652056032534
0.702754295064085,0.23289652056032534
0.7026732133115112,0.23280614550384093
0.7025920873124147,0.23271577044735653
0.7027838427947598,0.23271577044735653
0.7027027027027027,0.23262539539087213
0.7026215182960132,0.23253502033438772
0.7025402895383774,0.2324446452779033
0.7026509975403116,0.23235427022141888
0.7025697102241663,0.23226389516493448
0.7026805251641138,0.23217352010845008
0.7025991792065663,0.23208314505196564
0.7025177887246853,0.23199276999548124
0.7026286966046003,0.23190239493899684
0.7027397260273973,0.23181201988251243
0.7026582625376816,0.23172164482602803
0.7027693995064437,0.2316312697695436
0.702880658436214,0.2315408947130592
0.7029920395278616,0.2314505196565748
0.7029104887424492,0.23136014460009038
0.7028288931612194,0.23126976954360595
0.7029403682330311,0.23117939448712155
0.7030519659059664,0.23108901943063714
0.7029702970297029,0.23099864437415274
0.7030820033021464,0.23090826931766834
0.7031938325991189,0.2308178942611839
0.7031120903332415,0.2307275192046995
0.703030303030303,0.2306371441482151
0.7029484706530724,0.2305467690917307
0.7028665931642778,0.23045639403524626
0.7030603804797353,0.23045639403524626
0.7029784886927745,0.23036601897876186
0.7030905077262694,0.23027564392227745
0.7030085564449351,0.23018526886579305
0.702926559911651,0.23009489380930864
0.7028445180889257,0.2300045187528242
0.7029566178502349,0.2299141436963398
0.7028745163073521,0.2298237686398554
0.7027923693668786,0.229733393583371
0.7029045643153526,0.22964301852688657
0.7030168834763355,0.22955264347040216
0.7031293270562171,0.22946226841391776
0.7030470914127424,0.22937189335743335
0.7029648101967304,0.22928151830094895
0.7028824833702882,0.22919114324446452
0.702800110895481,0.22910076818798011
0.7027176927343317,0.2290103931314957
0.7028301886792453,0.2289200180750113
0.7027477102414654,0.22882964301852687
0.7029428095502499,0.22882964301852687
0.7028603165787282,0.22873926796204247
0.702973048068908,0.22864889290555807
0.7028904947192884,0.22855851784907366
0.7030859049207673,0.22855851784907366
0.7030033370411568,0.22846814279258926
0.703116304952699,0.22837776773610483
0.7032293986636972,0.22828739267962042
0.7033426183844012,0.22819701762313602
0.7032599609919198,0.2281066425666516
0.7031772575250836,0.22801626751016718
0.7030945079453582,0.22792589245368278
0.7030117122141663,0.22783551739719837
0.703125,0.22774514234071397
0.7032384142936907,0.22765476728422956
0.7031555431443731,0.22756439222774513
0.7030726256983241,0.22747401717126073
0.7029896619167365,0.22738364211477632
0.7031861375069871,0.22738364211477632
0.703103159071848,0.22729326705829192
0.7032167832167833,0.2272028920018075
0.7034135422495803,0.2272028920018075
0.7033305345647914,0.22711251694532308
0.7034444133295995,0.22702214188883868
0.7036414565826331,0.22702214188883868
0.7035584197254133,0.22693176683235428
0.703672553966919,0.22684139177586987
0.7035894559730791,0.22675101671938544
0.7035063113604488,0.22666064166290104
0.7036205444849846,0.22657026660641663
0.7037349059253019,0.22647989154993223
0.7036516853932584,0.2263895164934478
0.7037661607644744,0.2262991414369634
0.7036828788304751,0.226208766380479
0.703599550056243,0.22611839132399458
0.7035161744022503,0.22602801626751018
0.7034327518289252,0.22593764121102575
0.7035472972972973,0.22584726615454134
0.7036619718309859,0.22575689109805694
0.7037767756482526,0.22566651604157253
0.7036932619114745,0.2255761409850881
0.70360970107163,0.2254857659286037
0.7035260930888575,0.2253953908721193
0.7034424379232506,0.2253050158156349
0.7033587355348575,0.2252146407591505
0.7032749858836815,0.22512426570266605
0.7031911889296809,0.22503389064618165
0.7031073446327684,0.22494351558969725
0.7032221594120972,0.22485314053321284
0.7033371040723982,0.2247627654767284
0.7032531824611032,0.224672390420244
0.7031692133559706,0.2245820153637596
0.7030851967166714,0.2244916403072752
0.7030011325028312,0.2244012652507908
0.7031161473087819,0.22431089019430636
0.7030320204023803,0.22422051513782196
0.7031471505528778,0.22413014008133755
0.7032624113475178,0.22403976502485315
0.7033778030087994,0.22394938996836872
0.7032935831913686,0.2238590149118843
0.7032093155353593,0.2237686398553999
0.703125,0.2236782647989155
0.7030406365444729,0.2235878897424311
0.7029562251279136,0.22349751468594667
0.7028717657094115,0.22340713962946226
0.7029871977240398,0.22331676457297786
0.7029026750142288,0.22322638951649346
0.7030182232346242,0.22313601446000902
0.7031339031339031,0.22304563940352462
0.7030493017953833,0.22295526434704022
0.7029646522234891,0.2228648892905558
0.7028799543769604,0.2227745142340714
0.7027952082144895,0.22268413917758698
0.7029109589041096,0.22259376412110257
0.703026841804683,0.22250338906461817
0.7029420165666952,0.22241301400813376
0.7030580165761646,0.22232263895164933
0.7031741492708036,0.22223226389516493
0.7030892448512586,0.22214188883868052
0.7030042918454935,0.22205151378219612
0.7029192902117917,0.22196113872571172
0.7028342399083882,0.22187076366922728
0.7027491408934707,0.22178038861274288
0.7028653295128939,0.22169001355625848
0.7029816513761468,0.22159963849977407
0.7028964726125609,0.22150926344328964
0.7028112449799196,0.22141888838680523
0.703012912482066,0.22141888838680523
0.7029276693455798,0.22132851333032083
0.7028423772609819,0.22123813827383643
0.7027570361861,0.22114776321735202
0.702671646078713,0.2210573881608676
0.7027881575165278,0.2209670131043832
0.7027027027027027,0.22087663804789878
0.7029048029910843,0.22087663804789878
0.702819332566168,0.22078626299141438
0.7029360967184801,0.22069588793492995
0.7028505614742298,0.22060551287844554
0.7029674445404782,0.22051513782196114
0.7030844623810897,0.22042476276547673
0.7029988465974625,0.22033438770899233
0.702913181424863,0.2202440126525079
0.703030303030303,0.2201536375960235
0.7031475599191452,0.2200632625395391
0.7030618139803582,0.21997288748305469
0.7029760184917654,0.21988251242657025
0.7028901734104046,0.21979213737008585
0.7028042786932639,0.21970176231360145
0.7029216083309228,0.21961138725711704
0.7028356481481481,0.21952101220063264
0.7027496382054993,0.2194306371441482
0.7028670721112077,0.2193402620876638
0.7029846421327152,0.2192498870311794
0.7031023485068135,0.219159511974695
0.703016241299304,0.21906913691821056
0.7029300841311286,0.21897876186172616
0.7030478955007257,0.21888838680524175
0.7031658437409236,0.21879801174875735
0.7032839290903807,0.21870763669227294
0.7031976744186047,0.2186172616357885
0.7031113695841814,0.2185268865793041
0.7030250145433391,0.2184365115228197
0.7029386092522548,0.2183461364663353
0.7028521536670547,0.21825576140985087
0.7029702970297029,0.21816538635336646
0.7028837751237984,0.21807501129688206
0.7027972027972028,0.21798463624039766
0.7027105800058292,0.21789426118391325
0.7026239067055393,0.21780388612742882
0.7027421236872812,0.21771351107094442
0.7026553837175372,0.21762313601446
0.7028604786923526,0.21762313601446
0.7027737226277372,0.2175327609579756
0.7026869158878505,0.21744238590149118
0.7026000584282793,0.21735201084500677
0.7027185033615901,0.21726163578852237
0.7026315789473684,0.21717126073203796
0.7025446036852881,0.21708088567555356
0.7024575775307197,0.21699051061906913
0.7023705004389815,0.21690013556258472
0.7022833723653396,0.21680976050610032
0.7024018746338606,0.21671938544961591
0.7025205158264948,0.21662901039313148
0.7024333040164175,0.21653863533664708
0.7023460410557185,0.21644826028016267
0.7024647887323944,0.21635788522367827
0.7025836758661186,0.21626751016719387
0.702496328928047,0.21617713511070943
0.7024089306698003,0.21608676005422503
0.702527924750147,0.21599638499774063
0.702440458688621,0.21590600994125622
0.7025595763459841,0.2158156348847718
0.7026788342655285,0.21572525982828739
0.7025912838633687,0.21563488477180298
0.7025036818851251,0.21554450971531858
0.7024160282852092,0.21545413465883417
0.7023283230179782,0.21536375960234974
0.7022405660377359,0.21527338454586534
0.7021527572987319,0.21518300948938093
0.7020648967551623,0.21509263443289653
0.7019769843611685,0.2150022593764121
0.7018890200708382,0.2149118843199277
0.7020082693443591,0.2148215092634433
0.7019202363367799,0.21473113420695888
0.7018321513002365,0.21464075915047448
0.70174401418859,0.21455038409399005
0.7016558249556476,0.21446000903750564
0.7017751479289941,0.21436963398102124
0.7016868896123113,0.21427925892453684
0.7015985790408525,0.2141888838680524
0.7015102161681966,0.214098508811568
0.7014218009478673,0.2140081337550836
0.7013333333333334,0.2139177586985992
0.7014527127186481,0.2138273836421148
0.7015722337585286,0.21373700858563036
0.7014836795252225,0.21364663352914595
0.7016918967052538,0.21364663352914595
0.7018117018117018,0.21355625847266155
0.7017231134878193,0.21346588341617714
0.7016344725111441,0.2133755083596927
0.7015457788347206,0.2132851333032083
0.7014570324115373,0.2131947582467239
0.701368233194527,0.2131043831902395
0.7014880952380952,0.2130140081337551
0.7016081000595593,0.21292363307727066
0.7015192135835567,0.21283325802078626
0.701430274135876,0.21274288296430185
0.7013412816691506,0.21265250790781745
0.7015503875968992,0.21265250790781745
0.7014613778705637,0.21256213285133302
0.7015816174276336,0.21247175779484861
0.7017020005971932,0.2123813827383642
0.7016129032258065,0.2122910076818798
0.7015237526142815,0.2122006326253954
0.7014345487148834,0.21211025756891097
0.701644245142003,0.21211025756891097
0.7015550239234449,0.21201988251242657
0.7014657493269518,0.21192950745594216
0.7016756433273489,0.21192950745594216
0.7015863513917988,0.21183913239945776
0.701497005988024,0.21174875734297333
0.701617735170761,0.21165838228648892
0.7017386091127098,0.21156800723000452
0.7018596280743852,0.2114776321735201
0.7017701770177017,0.2113872571170357
0.7016806722689075,0.21129688206055128
0.7018018018018019,0.21120650700406687
0.7017122258936618,0.21111613194758247
0.7018334836188759,0.21102575689109807
0.7017438364401684,0.21093538183461363
0.7018652226233454,0.21084500677812923
0.701775504062594,0.21075463172164483
0.701685731487056,0.21066425666516042
0.7018072289156626,0.21057388160867602
0.7017173847544441,0.21048350655219158
0.701627486437613,0.21039313149570718
0.7015375339161893,0.21030275643922278
0.7017490952955368,0.21030275643922278
0.7018708509354254,0.21021238138273837
0.7017808632659222,0.21012200632625394
0.7019027484143763,0.21003163126976954
0.7018126888217523,0.20994125621328513
0.7019347037484885,0.20985088115680073
0.701844572119746,0.20976050610031632
0.7017543859649122,0.2096701310438319
0.7016641452344932,0.2095797559873475
0.7015738498789347,0.20948938093086308
0.7014834998486225,0.20939900587437868
0.7013930950938825,0.20930863081789425
0.7013026355649803,0.20921825576140984
0.7012121212121212,0.20912788070492544
0.7013341419041843,0.20903750564844104
0.7012435547467395,0.20894713059195663
0.7013657056145676,0.2088567555354722
0.7012750455373407,0.2087663804789878
0.701397326852977,0.2086760054225034
0.7015197568389058,0.208585630366019
0.7016423357664233,0.20849525530953456
0.7015515667782172,0.20840488025305015
0.7014607425441266,0.20831450519656575
0.7015834348355664,0.20822413014008134
0.7014925373134329,0.20813375508359694
0.7014015843997562,0.2080433800271125
0.701310576043889,0.2079530049706281
0.7012195121951219,0.2078626299141437
0.7011283928026838,0.2077722548576593
0.7013422818791947,0.2077722548576593
0.7012511443393348,0.20768187980117486
0.7011599511599511,0.20759150474469046
0.7012828344532682,0.20750112968820605
0.7014058679706602,0.20741075463172165
0.7015290519877676,0.20732037957523725
0.7014377485469563,0.20723000451875281
0.7013463892288861,0.2071396294622684
0.7012549739822467,0.207049254405784
0.7011635027556644,0.2069588793492996
0.7012867647058824,0.20686850429281517
0.7014101778050276,0.20677812923633077
0.7013186139221098,0.20668775417984636
0.7012269938650306,0.20659737912336196
0.7011353175820804,0.20650700406687755
0.7012588271415413,0.20641662901039312
0.7011670761670762,0.20632625395390872
0.7013824884792627,0.20632625395390872
0.7012907191149355,0.2062358788974243
0.7011988933292346,0.2061455038409399
0.7013226699477084,0.20605512878445548
0.7014465989535241,0.20596475372797107
0.7013546798029556,0.20587437867148667
0.7015706806282722,0.20587437867148667
0.7014787430683919,0.20578400361500226
0.701386748844376,0.20569362855851786
0.7012946979038225,0.20560325350203343
0.7012025901942646,0.20551287844554902
0.7011104256631708,0.20542250338906462
0.701018204257945,0.20533212833258022
0.701142327878975,0.20524175327609578
0.7012666048810627,0.20515137821961138
0.7011742892459827,0.20506100316312698
0.7010819165378671,0.20497062810664257
0.7009894867037724,0.20488025305015817
0.7008969996906897,0.20478987799367374
0.7008044554455446,0.20469950293718933
0.7010213556174559,0.20469950293718933
0.7009287925696595,0.20460912788070493
0.7008361721895323,0.20451875282422052
0.7009606445615122,0.2044283777677361
0.7010852713178295,0.2043380027112517
0.7009925558312655,0.20424762765476728
0.7008997828110456,0.20415725259828288
0.7008069522036002,0.20406687754179847
0.7007140639552933,0.20397650248531404
0.7006211180124223,0.20388612742882964
0.7005281143212178,0.20379575237234523
0.7007458048477315,0.20379575237234523
0.7008706467661692,0.20370537731586083
0.7007776049766719,0.2036150022593764
0.7006845052893591,0.203524627202892
0.7005913476501712,0.2034342521464076
0.7004981320049813,0.2033438770899232
0.7004048582995951,0.20325350203343878
0.7005297600498598,0.20316312697695435
0.7004364089775561,0.20307275192046995
0.7005614472863381,0.20298237686398554
0.7006866416978776,0.20289200180750114
0.7008119925046846,0.2028016267510167
0.7007185254607935,0.2027112516945323
0.7008440137542982,0.2026208766380479
0.700750469043152,0.2025305015815635
0.7009696590553645,0.2025305015815635
0.7008760951188986,0.2024401265250791
0.7007824726134585,0.20234975146859466
0.7009082367679298,0.20225937641211025
0.7008145363408521,0.20216900135562585
0.7007207771858351,0.20207862629914145
0.7008466603951082,0.201988251242657
0.700972701600251,0.2018978761861726
0.7008788449466415,0.2018075011296882
0.7007849293563579,0.2017171260732038
0.7006909547738693,0.2016267510167194
0.7008170961659334,0.20153637596023496
0.7009433962264151,0.20144600090375056
0.7010698552548773,0.20135562584726616
0.7009757632987095,0.20126525079078175
0.7008816120906801,0.20117487573429732
0.7007874015748031,0.20108450067781292
0.700913961550583,0.2009941256213285
0.7010406811731315,0.2009037505648441
0.7009463722397477,0.2008133755083597
0.7008520037866834,0.20072300045187527
0.7010732323232324,0.20072300045187527
0.7009788443321756,0.20063262539539087
0.700884396715098,0.20054225033890646
0.7007898894154818,0.20045187528242206
0.7006953223767383,0.20036150022593763
0.7006006955422067,0.20027112516945322
0.7008222643896268,0.20027112516945322
0.700727617842455,0.20018075011296882
0.7008547008547008,0.20009037505648442
0.700759974667511,0.2
0.7008871989860583,0.19990962494351558
0.7007923930269414,0.19981924988703118
0.7009197589597209,0.19972887483054677
0.7010472865756903,0.19963849977406237
0.700952380952381,0.19954812471757793
0.7010800508259212,0.19945774966109353
0.7009850651414045,0.19936737460460913
0.7011128775834659,0.19927699954812472
0.7010178117048346,0.19918662449164032
0.7009226853324849,0.1990962494351559
0.7008274984086569,0.19900587437867148
0.7009554140127389,0.19891549932218708
0.7008601465434852,0.19882512426570267
0.7010834926704907,0.19882512426570267
0.7009882052916799,0.19873474920921824
0.7008928571428571,0.19864437415273384
0.7007974481658692,0.19855399909624943
0.7007019783024888,0.19846362403976503
0.7006064474944143,0.19837324898328063
0.7005108556832694,0.1982828739267962
0.7004152028106037,0.1981924988703118
0.7003194888178914,0.19810212381382739
0.7002237136465325,0.19801174875734298
0.700351774864087,0.19792137370085855
0.700255918106206,0.19783099864437415
0.70016,0.19774062358788974
0.7000640204865557,0.19765024853140534
0.7002881844380403,0.19765024853140534
0.7001921844971173,0.19755987347492093
0.700096123037488,0.1974694984184365
0.7,0.1973791233619521
0.7001282873636947,0.1972887483054677
0.7002567394094994,0.1971983732489833
0.7001605136436597,0.19710799819249886
0.7002891101831031,0.19701762313601445
0.7001928020565553,0.19692724807953005
0.7000964320154291,0.19683687302304564
0.7,0.19674649796656124
0.6999035059504664,0.1966561229100768
0.6998069498069498,0.1965657478535924
0.6997103315094947,0.196475372797108
0.6998389694041868,0.1963849977406236
0.6999677731227844,0.19629462268413916
0.7000967429861336,0.19620424762765476
0.7,0.19611387257117036
0.7001291155584248,0.19602349751468595
0.7002583979328165,0.19593312245820155
0.7001615508885299,0.19584274740171712
0.7000646412411118,0.1957523723452327
0.6999676689298415,0.1956619972887483
0.6998706338939198,0.1955716222322639
0.6997735360724685,0.19548124717577947
0.6996763754045308,0.19539087211929507
0.6995791518290709,0.19530049706281066
0.6994818652849741,0.19521012200632626
0.6993845157110463,0.19511974694984185
0.6992871030460143,0.19502937189335742
0.6991896272285251,0.19493899683687302
0.6993188452805709,0.19484862178038861
0.6992212848799481,0.1947582467239042
0.6993506493506494,0.19466787166741978
0.6994801819363223,0.19457749661093537
0.699382515437114,0.19448712155445097
0.6992847854356307,0.19439674649796657
0.6990891346779441,0.19421599638499773
0.6989912137975919,0.19412562132851333
0.6988932291666666,0.19403524627202892
0.6987951807228916,0.19394487121554452
0.6986970684039088,0.19385449615906009
0.6985988921472792,0.19376412110257568
0.6985006518904824,0.19367374604609128
0.6986301369863014,0.19358337098960687
0.6987597911227154,0.19349299593312247
0.6986614430297095,0.19340262087663804
0.6985630306988896,0.19331224582015363
0.6986928104575163,0.19322187076366923
0.6985943118666231,0.19313149570718482
0.6987242394504416,0.1930411206507004
0.6986256544502618,0.192950745594216
0.6985270049099837,0.19286037053773158
0.6984282907662083,0.19276999548124718
0.6983295119554537,0.19267962042476278
0.6982306684141546,0.19258924536827834
0.6983606557377049,0.19249887031179394
0.6982617251557888,0.19240849525530954
0.6981627296587927,0.19231812019882513
0.6980636691828027,0.1922277451423407
0.6981937602627257,0.1921373700858563
0.6980946123521682,0.1920469950293719
0.6982248520710059,0.1919566199728875
0.6983552631578948,0.19186624491640308
0.6982560052648897,0.19177586985991865
0.6983865656898255,0.19168549480343425
0.6982872200263505,0.19159511974694984
0.6981878088962109,0.19150474469046544
0.6983184965380811,0.191414369633981
0.6982189973614775,0.1913239945774966
0.6983498349834983,0.1912336195210122
0.6984808454425363,0.1911432444645278
0.6983812355467459,0.1910528694080434
0.6985123966942148,0.19096249435155896
0.6984126984126984,0.19087211929507455
0.698312934171353,0.19078174423859015
0.6982131039046989,0.19069136918210575
0.6981132075471698,0.19060099412562131
0.6982444518052335,0.1905106190691369
0.6981444665341285,0.1904202440126525
0.69804441498177,0.1903298689561681
0.6981757877280266,0.1902394938996837
0.6980756469807564,0.19014911884319927
0.6982071713147411,0.19005874378671486
0.6984390567917635,0.19005874378671486
0.6983388704318937,0.18996836873023046
0.6982386174808907,0.18987799367374605
0.6983704689058863,0.18978761861726162
0.698270126413839,0.18969724356077722
0.6981697171381032,0.1896068685042928
0.6983016983016983,0.1895164934478084
0.698201199200533,0.189426118391324
0.6983333333333334,0.18933574333483957
0.6985661887295765,0.18933574333483957
0.6984656437625083,0.18924536827835517
0.6985981308411215,0.18915499322187077
0.6984974958263773,0.18906461816538636
0.6983967935871743,0.18897424310890193
0.698296024056131,0.18888386805241753
0.6981951871657754,0.18879349299593312
0.6980942828485457,0.18870311793944872
0.6979933110367893,0.1886127428829643
0.6978922716627635,0.18852236782647988
0.6977911646586346,0.18843199276999548
0.6979236436704621,0.18834161771351107
0.697822445561139,0.18825124265702667
0.6980563002680965,0.18825124265702667
0.6981891348088531,0.18816086760054224
0.6980878899698088,0.18807049254405783
0.6982208794897616,0.18798011748757343
0.6981195433176629,0.18788974243108902
0.698018139066174,0.18779936737460462
0.6979166666666666,0.1877089923181202
0.6980497646267653,0.18761861726163578
0.6979482004709048,0.18752824220515138
0.6981830417227456,0.18752824220515138
0.6980814540558734,0.18743786714866698
0.697979797979798,0.18734749209218257
0.6981132075471698,0.18725711703569814
0.6980114593865858,0.18716674197921374
0.6981450252951096,0.18707636692272933
0.6980431848852902,0.18698599186624493
0.6979412757340533,0.1868956168097605
0.6980749746707193,0.1868052417532761
0.697972972972973,0.1867148666967917
0.6978709023318689,0.18662449164030728
0.6980047345282381,0.18653411658382288
0.6979025710419485,0.18644374152733845
0.6980365605958023,0.18635336647085404
0.698170731707317,0.18626299141436964
0.6983050847457627,0.18617261635788523
0.6982027806035944,0.1860822413014008
0.6981004070556309,0.1859918662449164
0.698234894772573,0.185901491188432
0.698132427843803,0.1858111161319476
0.6982670744138634,0.18572074107546319
0.6984019041142469,0.18563036601897875
0.698536917318816,0.18553999096249435
0.6986721144024515,0.18544961590600995
0.6985694822888283,0.18535924084952554
0.6984667802385008,0.1852688657930411
0.6987048398091343,0.1852688657930411
0.6986021138765769,0.1851784907365567
0.6984993178717599,0.1850881156800723
0.6983964517229615,0.1849977406235879
0.698531922157733,0.1849073655671035
0.6984289617486339,0.18481699051061906
0.6983259309873591,0.18472661545413466
0.6985645933014354,0.18472661545413466
0.6984615384615385,0.18463624039765025
0.698358413132695,0.18454586534116585
0.6984941820670774,0.18445549028468142
0.6983909619993153,0.184365115228197
0.6982876712328767,0.1842747401717126
0.6984235777930089,0.1841843651152282
0.6983201919780596,0.1840939900587438
0.6982167352537723,0.18400361500225937
0.6981132075471698,0.18391323994577496
0.698009608785175,0.18382286488929056
0.6981456043956044,0.18373248983280616
0.6980419099965648,0.18364211477632172
0.698178068064627,0.18355173971983732
0.6980742778541953,0.18346136466335292
0.6979704162366701,0.1833709896068685
0.6978664831383344,0.1832806145503841
0.6980027548209367,0.18319023949389968
0.6978987254564244,0.18309986443741527
0.6980351602895554,0.18300948938093087
0.6979310344827586,0.18291911432444646
0.6980676328502415,0.18282873926796203
0.6982044198895028,0.18273836421147763
0.6981001727115717,0.18264798915499322
0.6982371240926374,0.18255761409850882
0.6981327800829875,0.18246723904202442
0.6982698961937717,0.18237686398553998
0.698165455174801,0.18228648892905558
0.6983027364045722,0.18219611387257117
0.6984402079722704,0.18210573881608677
0.6983356449375867,0.18201536375960234
0.6982310093652445,0.18192498870311793
0.6983686220062478,0.18183461364663353
0.6982638888888889,0.18174423859014913
0.6984016678248783,0.18165386353366472
0.6985396383866481,0.1815634884771803
0.6984347826086956,0.1814731134206959
0.6985729202923773,0.18138273836421148
0.6987112504353884,0.18129236330772708
0.6986062717770035,0.18120198825124265
0.6985012199372603,0.18111161319475824
0.6983960948396095,0.18102123813827384
0.6982908964073945,0.18093086308178943
0.698185624563852,0.18084048802530503
0.6980802792321117,0.1807501129688206
0.6979748603351955,0.1806597379123362
0.6978693677960182,0.1805693628558518
0.6980076896190144,0.18047898779936739
0.6981462049667716,0.18038861274288295
0.6982849142457123,0.18029823768639855
0.6984238178633976,0.18020786262991415
0.6985629162285314,0.18011748757342974
0.6987022097509645,0.18002711251694534
0.6985964912280702,0.1799367374604609
0.6988416988416989,0.1799367374604609
0.6987359550561798,0.1798463624039765
0.6986301369863014,0.1797559873474921
0.6987697715289982,0.1796656122910077
0.6986638537271449,0.17957523723452326
0.6988036593947924,0.17948486217803886
0.6986976416754663,0.17939448712155445
0.6985915492957746,0.17930411206507005
0.6987315010570825,0.17921373700858564
0.698625308424392,0.1791233619521012
0.6987654320987654,0.1790329868956168
0.6986591390261115,0.1789426118391324
0.6985527709142252,0.178852236782648
0.6986930413281526,0.17876186172616357
0.6985865724381626,0.17867148666967916
0.6984800282785436,0.17858111161319476
0.6983734087694484,0.17849073655671036
0.6982667138309162,0.17840036150022595
0.6984070796460177,0.17830998644374152
0.6985476443499823,0.17821961138725712
0.6984408221119773,0.1781292363307727
0.6983339241403758,0.1780388612742883
0.6982269503546099,0.17794848621780388
0.698474636395885,0.17794848621780388
0.6983676366217175,0.17785811116131947
0.6985085227272727,0.17776773610483507
0.6984014209591475,0.17767736104835066
0.6982942430703625,0.17758698599186626
0.698186988979737,0.17749661093538183
0.6983279971540377,0.17740623587889742
0.6984692061231755,0.17731586082241302
0.698610616316352,0.17722548576592861
0.6985032074126871,0.17713511070944418
0.698644793152639,0.17704473565295978
0.6987865810135617,0.17695436059647537
0.6986790431988575,0.17686398553999097
0.6985714285714286,0.17677361048350657
0.698463737048946,0.17668323542702213
0.6983559685489635,0.17659286037053773
0.6984978540772532,0.17650248531405333
0.6983899821109123,0.17641211025756892
0.6982820329277022,0.1763217352010845
0.6981740064446831,0.17623136014460009
0.6980659025787965,0.17614098508811568
0.697957721246865,0.17605061003163128
0.698099677303693,0.17596023497514687
0.6979913916786227,0.17586985991866244
0.6981335247666905,0.17577948486217804
0.6980251346499102,0.17568910980569363
0.6979166666666666,0.17559873474920923
0.6978081207330219,0.1755083596927248
0.6976994967649173,0.1754179846362404
0.697841726618705,0.175327609579756
0.6977329974811083,0.17523723452327158
0.6976241900647948,0.17514685946678718
0.6975153042851998,0.17505648441030275
0.6976576576576576,0.17496610935381834
0.697548666186013,0.17487573429733394
0.6974395961053012,0.17478535924084954
0.6973304473304474,0.1746949841843651
0.6972212197762541,0.1746046091278807
0.6971119133574007,0.1745142340713963
0.6970025279884435,0.1744238590149119
0.696893063583815,0.1743334839584275
0.6970354302241504,0.17424310890194306
0.697178002894356,0.17415273384545865
0.6970684039087948,0.17406235878897425
0.6972111553784861,0.17397198373248984
0.6971014492753623,0.1738816086760054
0.6969916636462486,0.173791233619521
0.696881798404641,0.1737008585630366
0.69677185346391,0.1736104835065522
0.6969147005444646,0.1735201084500678
0.6968046477850399,0.17342973339358336
0.6966945150744642,0.17333935833709896
0.6968375136314068,0.17324898328061455
0.6967272727272728,0.17315860822413015
0.6968704512372634,0.17306823316764572
0.6970138383102695,0.17297785811116131
0.696903460837887,0.1728874830546769
0.6970470288005833,0.1727971079981925
0.6973012399708242,0.1727971079981925
0.6971908062750821,0.1727067329417081
0.6970802919708029,0.17261635788522367
0.696969696969697,0.17252598282873927
0.6968590211833455,0.17243560777225486
0.6967482645232006,0.17234523271577046
0.6966374269005848,0.17225485765928603
0.696526508226691,0.17216448260280162
0.6964155084125823,0.17207410754631722
0.6963044273691914,0.1719837324898328
0.6964481874771146,0.1718933574333484
0.6963369963369963,0.17180298237686398
0.696225723708318,0.17171260732037957
0.6961143695014663,0.17162223226389517
0.6962582538517975,0.17153185720741077
0.6961467889908257,0.17144148215092633
0.696290855673889,0.17135110709444193
0.6961792799412196,0.17126073203795752
0.6960676221977214,0.17117035698147312
0.6962118425891872,0.17107998192498872
0.6963562753036437,0.17098960686850428
0.6965009208103131,0.17089923181201988
0.6963890935887989,0.17080885675553548
0.6962771839292297,0.17071848169905107
0.696165191740413,0.17062810664256664
0.6960531169310218,0.17053773158608224
0.6959409594095941,0.17044735652959783
0.695828719084533,0.17035698147311343
0.6957163958641064,0.17026660641662902
0.6956039896564462,0.1701762313601446
0.6954915003695491,0.1700858563036602
0.6957486136783734,0.1700858563036602
0.6956360946745562,0.16999548124717578
0.6955234924158342,0.16990510619069138
0.6954108068097705,0.16981473113420695
0.6955555555555556,0.16972435607772254
0.6957005189028911,0.16963398102123814
0.6958456973293768,0.16954360596475374
0.6957328385899815,0.16945323090826933
0.6956198960653304,0.1693628558517849
0.6955068696620869,0.1692724807953005
0.6953937592867756,0.1691821057388161
0.6952805648457823,0.1690917306823317
0.6951672862453532,0.16900135562584725
0.6950539233915954,0.16891098056936285
0.6950856291883842,0.16873023045639404
0.6952309985096871,0.16863985539990964
0.6953765846383296,0.1685494803434252
0.6952629615814995,0.1684591052869408
0.6951492537313433,0.1683687302304564
0.6950354609929078,0.168278355173972
0.6949215832710979,0.16818798011748756
0.6948076204706761,0.16809760506100316
0.6946935724962631,0.16800723000451875
0.6945794392523365,0.16791685494803435
0.6947250280583613,0.16782647989154995
0.6948708348932984,0.1677361048350655
0.6947565543071161,0.1676457297785811
0.6946421880854252,0.1675553547220967
0.6947881514810649,0.1674649796656123
0.6949343339587242,0.16737460460912787
0.6948198198198198,0.16728422955264347
0.694705219677056,0.16719385449615906
0.6945905334335086,0.16710347943967466
0.6944757609921083,0.16701310438319025
0.6943609022556391,0.16692272932670582
0.6942459571267394,0.16683235427022142
0.6941309255079007,0.166741979213737
0.6940158073014678,0.1666516041572526
0.6939006024096386,0.16656122910076818
0.6940467219291635,0.16647085404428377
0.6939313984168866,0.16638047898779937
0.693815987933635,0.16629010393131496
0.6937004903809884,0.16619972887483056
0.6935849056603773,0.16610935381834613
0.6934692336730842,0.16601897876186172
0.6933534743202417,0.16592860370537732
0.6934996220710506,0.16583822864889292
0.6936459909228442,0.16574785359240848
0.6935300794551645,0.16565747853592408
0.6936766376372586,0.16556710347943968
0.6938234179613489,0.16547672842295527
0.6937073540561031,0.16538635336647087
0.6935912021236253,0.16529597830998644
0.6934749620637329,0.16520560325350203
0.693621867881549,0.16511522819701763
0.6937689969604863,0.16502485314053322
0.693652603572786,0.1649344780840488
0.6935361216730038,0.1648441030275644
0.693419551160137,0.16475372797107998
0.693302891933029,0.16466335291459558
0.6931861438903693,0.16457297785811117
0.693069306930693,0.16448260280162674
0.692952380952381,0.16439222774514234
0.6930995043842928,0.16430185268865793
0.6932468523464327,0.16421147763217353
0.6931297709923664,0.1641211025756891
0.6932773109243697,0.1640307275192047
0.6931601069927398,0.1639403524627203
0.6933078393881453,0.16384997740623589
0.6931905126243305,0.16375960234975148
0.6930730960581707,0.16366922729326705
0.6932209881271544,0.16357885223678265
0.6931034482758621,0.16348847718029824
0.6932515337423313,0.16339810212381384
0.6933998465080583,0.1633077270673294
0.6932821497120921,0.163217352010845
0.6931643625192012,0.1631269769543606
0.6930464848252017,0.1630366018978762
0.6929285165257494,0.1629462268413918
0.693076923076923,0.16285585178490736
0.693225558121632,0.16276547672842295
0.6933744221879815,0.16267510167193855
0.6932562620423892,0.16258472661545414
0.6934053220208253,0.1624943515589697
0.6932870370370371,0.1624039765024853
0.6934362934362934,0.1623136014460009
0.6933178833526458,0.1622232263895165
0.6934673366834171,0.1621328513330321
0.6936170212765957,0.16204247627654766
0.6937669376693767,0.16195210122006326
0.6936483346243222,0.16186172616357886
0.6937984496124031,0.16177135110709445
0.6939487975174554,0.16168097605061002
0.6938300349243306,0.16159060099412562
0.6937111801242236,0.1615002259376412
0.6935922330097087,0.1614098508811568
0.6934731934731935,0.1613194758246724
0.693354061406918,0.16122910076818797
0.6935044729677169,0.16113872571170357
0.6933852140077821,0.16104835065521916
0.6932658622031919,0.16095797559873476
0.6931464174454829,0.16086760054225033
0.6930268796260226,0.16077722548576592
0.6929072486360094,0.16068685042928152
0.6927875243664717,0.16059647537279712
0.6929379633242294,0.1605061003163127
0.6928181108508977,0.16041572525982828
0.69296875,0.16032535020334387
0.6931196247068022,0.16023497514685947
0.6929996089166992,0.16014460009037507
0.6931506849315069,0.16005422503389063
0.6930305403288959,0.15996384997740623
0.6929103016059538,0.15987347492092183
0.6930615444923559,0.15978309986443742
0.6932130247155748,0.15969272480795302
0.6933647428347075,0.1596023497514686
0.693516699410609,0.15951197469498418
0.6933962264150944,0.15942159963849978
0.6936688950058986,0.15942159963849978
0.6935483870967742,0.15933122458201537
0.6937007874015748,0.15924084952553094
0.6935801496652225,0.15915047446904654
0.6934594168636722,0.15906009941256213
0.6933385888845093,0.15896972435607773
0.693491124260355,0.15887934929959333
0.6936439005132254,0.1587889742431089
0.693522906793049,0.1586985991866245
0.6934018174634532,0.15860822413014009
0.6932806324110672,0.15851784907365568
0.6931593515223409,0.15842747401717125
0.6930379746835443,0.15833709896068685
0.6929165017807677,0.15824672390420244
0.6927949326999209,0.15815634884771804
0.6929477020602218,0.15806597379123363
0.6928260007927071,0.1579755987347492
0.6927042030134813,0.1578852236782648
0.6928571428571428,0.1577948486217804
0.6927352123858674,0.157704473565296
0.6928883591577275,0.15761409850881156
0.6927662957074722,0.15752372345232715
0.6926441351888668,0.15743334839584275
0.692521877486078,0.15734297333935834
0.6923995224830879,0.15725259828287394
0.692552767821585,0.1571622232263895
0.6924302788844622,0.1570718481699051
0.6925837320574163,0.1569814731134207
0.6924611088950937,0.1568910980569363
0.6923383878691142,0.15680072300045186
0.6922155688622754,0.15671034794396746
0.6923691570115861,0.15661997288748306
0.6922462030375699,0.15652959783099865
0.6921231507397041,0.15643922277451425
0.692,0.15634884771802982
0.6918767507002801,0.1562584726615454
0.6917534027221778,0.156168097605061
0.6919070512820513,0.1560777225485766
0.6917835671342686,0.15598734749209217
0.6919374247894103,0.15589697243560777
0.6918138041733547,0.15580659737912336
0.6916900843034925,0.15571622232263896
0.691566265060241,0.15562584726615455
0.6917202572347267,0.15553547220967012
0.6918744971842317,0.15544509715318572
0.6917505030181087,0.15535472209670131
0.6919049536850584,0.1552643470402169
0.6921837228041902,0.1552643470402169
0.6920596533655784,0.15517397198373248
0.6919354838709677,0.15508359692724807
0.692090395480226,0.15499322187076367
0.6922455573505655,0.15490284681427927
0.6924009700889249,0.15481247175779486
0.6922765871411242,0.15472209670131043
0.6924322136786726,0.15463172164482603
0.6923076923076923,0.15454134658834162
0.6921830700688538,0.15445097153185722
0.6920583468395461,0.15436059647537279
0.6919335224969598,0.15427022141888838
0.6920892494929006,0.15417984636240398
0.6922452293950467,0.15408947130591957
0.6924014628199918,0.15399909624943517
0.6925579503863359,0.15390872119295074
0.6927146927146928,0.15381834613646633
0.6925895765472313,0.15372797107998193
0.6924643584521385,0.15363759602349752
0.6923390383048085,0.1535472209670131
0.6924959216965743,0.1534568459105287
0.6926530612244898,0.15336647085404428
0.6925275622703144,0.15327609579755988
0.6924019607843137,0.15318572074107548
0.6922762566407846,0.15309534568459104
0.6924335378323109,0.15300497062810664
0.6925910765452312,0.15291459557162224
0.6924651924651924,0.15282422051513783
0.6923392052437526,0.1527338454586534
0.6924969249692496,0.152643470402169
0.6923707957342083,0.1525530953456846
0.6922445629872794,0.1524627202892002
0.6924024640657084,0.15237234523271578
0.6922760887428102,0.15228197017623135
0.6924342105263158,0.15219159511974695
0.6925925925925925,0.15210122006326254
0.6924660354055167,0.15201084500677814
0.6926246394725999,0.1519204699502937
0.6924979389942292,0.1518300948938093
0.6923711340206186,0.1517397198373249
0.6925299215848122,0.1516493447808405
0.6926889714993805,0.1515589697243561
0.6925619834710743,0.15146859466787166
0.6924348904505995,0.15137821961138725
0.692594124948283,0.15128784455490285
0.6924668874172185,0.15119746949841845
0.6923395445134576,0.15110709444193401
0.6924989639452963,0.1510167193854496
0.6923714759535655,0.1509263443289652
0.6922438822065533,0.1508359692724808
0.6924034869240349,0.1507455942159964
0.692563356875779,0.15065521915951197
0.6927234927234928,0.15056484410302756
0.6925956738768719,0.15047446904654316
0.6924677486475239,0.15038409399005875
0.6927560366361366,0.15038409399005875
0.6929166666666666,0.15029371893357432
0.692788661942476,0.15020334387708992
0.6929495202336253,0.1501129688206055
0.6928213689482471,0.1500225937641211
0.6929824561403509,0.1499322187076367
0.6931438127090301,0.14984184365115227
0.6933054393305439,0.14975146859466787
0.6934673366834171,0.14966109353818347
0.6933389191453707,0.14957071848169906
0.6935010482180294,0.14948034342521463
0.6933724832214765,0.14938996836873022
0.6935348446683459,0.14929959331224582
0.6934061318773624,0.14920921825576142
0.6935687263556116,0.149118843199277
0.6934398654331371,0.14902846814279258
0.6936026936026936,0.14893809308630818
0.6934736842105264,0.14884771802982377
0.6936367467340918,0.14875734297333937
0.6938000843525939,0.14866696791685494
0.6936708860759494,0.14857659286037053
0.6935415787252005,0.14848621780388613
0.6934121621621622,0.14839584274740172
0.6932826362484157,0.14830546769091732
0.693446088794926,0.1482150926344329
0.69331641285956,0.14812471757794848
0.6934801016088061,0.14803434252146408
0.6936440677966101,0.14794396746497968
0.6935142009325985,0.14785359240849524
0.693384223918575,0.14776321735201084
0.6932541366143402,0.14767284229552644
0.6934182590233545,0.14758246723904203
0.6932880203908242,0.14749209218255763
0.6934523809523809,0.1474017171260732
0.6933219906422798,0.1473113420695888
0.6934865900383141,0.1472209670131044
0.6933560477001703,0.14713059195661998
0.6932253941201534,0.14704021690013555
0.6930946291560103,0.14694984184365115
0.6929637526652452,0.14685946678716674
0.6928327645051194,0.14676909173068234
0.692997438087105,0.14667871667419793
0.6928662964545066,0.1465883416177135
0.6930312099187687,0.1464979665612291
0.6928999144568007,0.1464075915047447
0.6930650684931506,0.1463172164482603
0.6932305055698372,0.14622684139177586
0.6930990141448778,0.14613646633529145
0.692967409948542,0.14604609127880705
0.6931330472103004,0.14595571622232265
0.6932989690721649,0.14586534116583824
0.6931671680275032,0.1457749661093538
0.6930352536543423,0.1456845910528694
0.6932013769363167,0.145594215996385
0.693069306930693,0.1455038409399006
0.6929371231696813,0.14541346588341617
0.6928048255062473,0.14532309082693176
0.6926724137931034,0.14523271577044736
0.6928386540120793,0.14514234071396295
0.6927060854553302,0.14505196565747855
0.6928725701943844,0.14496159060099412
0.6927398444252377,0.1448712155445097
0.6929065743944637,0.1447808404880253
0.6930735930735931,0.1446904654315409
0.6929406669553919,0.14460009037505647
0.6931079323797139,0.14450971531857207
0.6929748482220295,0.14441934026208766
0.6931423611111112,0.14432896520560326
0.6930091185410334,0.14423859014911886
0.6928757602085144,0.14414821509263442
0.6930434782608695,0.14405784003615002
0.6929099608525446,0.14396746497966562
0.6930779277318241,0.1438770899231812
0.6932461873638345,0.14378671486669678
0.6931124673060157,0.14369633981021238
0.6929786306149149,0.14360596475372797
0.6928446771378709,0.14351558969724357
0.6927106067219555,0.14342521464075916
0.6925764192139738,0.14333483958427473
0.6924421144604631,0.14324446452779033
0.6926104066462615,0.14315408947130592
0.6927789934354486,0.14306371441482152
0.6926444833625219,0.1429733393583371
0.6928133216476775,0.14288296430185268
0.6926786497150372,0.14279258924536828
0.6925438596491228,0.14270221418888387
0.6924089512944274,0.14261183913239947
0.6925779534475187,0.14252146407591504
0.6924428822495606,0.14243108901943063
0.6923076923076923,0.14234071396294623
0.6924769027716674,0.14225033890646183
0.6926464112725671,0.1421599638499774
0.6925110132158591,0.142069588793493
0.6923754958131335,0.14197921373700859
0.6922398589065256,0.14188883868052418
0.6924095322153575,0.14179846362403978
0.6925795053003534,0.14170808856755535
0.6927497789566756,0.14161771351107094
0.6926138876603273,0.14152733845458654
0.6924778761061947,0.14143696339810213
0.6923417441345728,0.1413465883416177
0.6922054915854738,0.1412562132851333
0.6920691182986265,0.1411658382286489
0.6919326241134752,0.1410754631721645
0.6917960088691796,0.14098508811568009
0.691659272404614,0.14089471305919565
0.6915224145583666,0.14080433800271125
0.6916925810750777,0.14071396294622684
0.6918630502445531,0.14062358788974244
0.6920338228749444,0.140533212833258
0.6918967052537845,0.1404428377767736
0.6920677361853832,0.1403524627202892
0.6919304502897905,0.1402620876638048
0.691793041926851,0.1401717126073204
0.6919642857142857,0.14008133755083596
0.6918267083519428,0.13999096249435156
0.6916890080428955,0.13990058743786715
0.691551184622262,0.13981021238138275
0.6914132379248659,0.13971983732489832
0.6915846016114593,0.1396294622684139
0.6914464845499328,0.1395390872119295
0.6913082437275986,0.1394487121554451
0.6911698789780367,0.1393583370989607
0.6910313901345292,0.13926796204247627
0.6912028725314183,0.13917758698599186
0.6913746630727763,0.13908721192950746
0.6912359550561797,0.13899683687302306
0.6914080071974809,0.13890646181653862
0.6912691269126913,0.13881608676005422
0.6911301215668618,0.13872571170356982
0.6913023884632717,0.1386353366470854
0.6911632100991885,0.138544961590601
0.6913357400722022,0.13845458653411657
0.691196388261851,0.13836421147763217
0.6913691821057388,0.13827383642114777
0.6912296564195298,0.13818346136466336
0.6914027149321267,0.13809308630817893
0.6912630149388864,0.13800271125169453
0.6911231884057971,0.13791233619521012
0.6912964641885766,0.13782196113872572
0.691156462585034,0.13773158608224131
0.691016333938294,0.13764121102575688
0.6908760780753518,0.13755083596927248
0.6910495229441163,0.13746046091278807
0.6909090909090909,0.13737008585630367
0.690768531150523,0.13727971079981924
0.6906278434940856,0.13718933574333483
0.6904870277651343,0.13709896068685043
0.6906605922551253,0.13700858563036603
0.6905195989061076,0.13691821057388162
0.6906934306569343,0.1368278355173972
0.6905522592423551,0.13673746046091279
0.6907263590680676,0.13664708540442838
0.6905850091407678,0.13655671034794398
0.6907593778591034,0.13646633529145955
0.6906178489702517,0.13637596023497514
0.6907924874026569,0.13628558517849074
0.6906507791017416,0.13619521012200633
0.6905089408528198,0.13610483506552193
0.6906837999082148,0.1360144600090375
0.6905417814508723,0.1359240849525531
0.690399632521819,0.1358337098960687
0.6902573529411765,0.13574333483958428
0.6901149425287356,0.13565295978309985
0.6899724011039559,0.13556258472661545
0.6898297284859641,0.13547220967013104
0.6896869244935543,0.13538183461364664
0.6895439889451865,0.13529145955716224
0.6897187644075611,0.1352010845006778
0.689893862482695,0.1351107094441934
0.6897506925207756,0.135020334387709
0.6899260628465804,0.1349299593312246
0.6901017576318224,0.13483958427474016
0.6902777777777778,0.13474920921825576
0.6901343214451134,0.13465883416177135
0.6899907321594069,0.13456845910528695
0.6898470097357441,0.13447808404880254
0.6897031539888683,0.1343877089923181
0.6898792943361188,0.1342973339358337
0.6897352531351603,0.1342069588793493
0.6895910780669146,0.1341165838228649
0.6897674418604651,0.13402620876638047
0.6899441340782123,0.13393583370989606
0.690121155638397,0.13384545865341166
0.6899766899766899,0.13375508359692725
0.6898320895522388,0.13366470854044285
0.6896873541763883,0.13357433348395842
0.6895424836601307,0.13348395842747401
0.6893974778141055,0.1333935833709896
0.6895745675549322,0.1333032083145052
0.6897519887693028,0.13321283325802077
0.6899297423887588,0.13312245820153637
0.6901078293483357,0.13303208314505197
0.6899624765478424,0.13294170808856756
0.689816987329892,0.13285133303208316
0.6896713615023474,0.13276095797559873
0.6895255988727101,0.13267058291911432
0.6893796992481203,0.13258020786262992
0.689233662435355,0.1324898328061455
0.6890874882408279,0.13239945774966108
0.6892655367231638,0.13230908269317668
0.689119170984456,0.13221870763669227
0.6892975011786893,0.13212833258020787
0.6894761680037753,0.13203795752372346
0.6893295561850803,0.13194758246723903
0.6895085066162571,0.13185720741075463
0.6893617021276596,0.13176683235427022
0.6892147587511825,0.13167645729778582
0.6890676762896356,0.1315860822413014
0.6892468024632875,0.13149570718481698
0.6890995260663507,0.13140533212833258
0.6889521100047415,0.13131495707184818
0.6888045540796964,0.13122458201536377
0.688656858092074,0.13113420695887934
0.6886882129277566,0.13095345684591053
0.6888677450047573,0.13086308178942613
0.689047619047619,0.1307727067329417
0.6888994759409243,0.1306823316764573
0.6887511916110581,0.1305919566199729
0.6886027658559848,0.13050158156348848
0.688782816229117,0.13041120650700408
0.6889632107023411,0.13032083145051965
0.689143950263032,0.13023045639403524
0.6889952153110048,0.13014008133755084
0.6888463379607468,0.13004970628106644
0.6890273119310014,0.129959331224582
0.6888782358581016,0.1298689561680976
0.6887290167865707,0.1297785811116132
0.6889102256361018,0.1296882060551288
0.6890917827967323,0.1295978309986444
0.6892736892736893,0.12950745594215995
0.6894559460760713,0.12941708088567555
0.6893063583815029,0.12932670582919115
0.689156626506024,0.12923633077270674
0.6893391220453449,0.1291459557162223
0.6891891891891891,0.1290555806597379
0.6893719806763285,0.1289652056032535
0.6892218463025617,0.1288748305467691
0.6890715667311412,0.1287844554902847
0.6889211417513305,0.12869408043380026
0.6887705711519845,0.12860370537731586
0.6886198547215496,0.12851333032083145
0.688468992248062,0.12842295526434705
0.6886517943743938,0.12833258020786262
0.6885007278020379,0.1282422051513782
0.6883495145631068,0.1281518300948938
0.6881981544439048,0.1280614550384094
0.6883811375789985,0.127971079981925
0.6882295719844358,0.12788070492544057
0.688412852969815,0.12779032986895617
0.6885964912280702,0.12769995481247176
0.688780487804878,0.12760957975598736
0.68896484375,0.12751920469950292
0.6888128969223254,0.12742882964301852
0.6886608015640274,0.12733845458653412
0.6888454011741683,0.1272480795300497
0.6886930983847284,0.1271577044735653
0.6885406464250735,0.12706732941708088
0.6887254901960784,0.12697695436059647
0.6885728298185385,0.12688657930411207
0.6884200196270854,0.12679620424762766
0.6886051080550099,0.12670582919114323
0.6887905604719764,0.12661545413465883
0.6889763779527559,0.12652507907817442
0.6891625615763547,0.12643470402169002
0.689009364218827,0.12634432896520562
0.6888560157790927,0.12625395390872118
0.6887025160335472,0.12616357885223678
0.6885488647581441,0.12607320379575238
0.688395061728395,0.12598282873926797
0.6882411067193676,0.12589245368278354
0.6880869995056846,0.12580207862629914
0.6879327398615233,0.12571170356981473
0.6877783275606135,0.12562132851333033
0.687964338781575,0.12553095345684592
0.6878097125867195,0.1254405784003615
0.6876549330689142,0.1253502033438771
0.6875,0.12525982828739268
0.6873449131513648,0.12516945323090828
0.6875310481867859,0.12507907817442385
0.6877175534559921,0.12498870311793944
0.6875621890547263,0.12489832806145504
0.6874066699850672,0.12480795300497063
0.6875934230194319,0.12471757794848622
0.6874376869391825,0.12462720289200181
0.687624750499002,0.1245368278355174
0.6874687968047928,0.12444645277903299
0.6876561719140429,0.12435607772254857
0.6878439219609805,0.12426570266606417
0.6876876876876877,0.12417532760957975
0.6878757515030061,0.12408495255309535
0.6880641925777332,0.12399457749661094
0.6882530120481928,0.12390420244012652
0.6880964339527875,0.12381382738364212
0.6882855706385118,0.1237234523271577
0.688475088072471,0.1236330772706733
0.6883182275931521,0.12354270221418888
0.688508064516129,0.12345232715770448
0.6886982845610494,0.12336195210122006
0.6885411408379606,0.12327157704473565
0.6887316826680141,0.12318120198825125
0.6885743174924166,0.12309082693176683
0.6887651821862348,0.12300045187528243
0.6886075949367089,0.12291007681879801
0.6884498480243161,0.1228197017623136
0.6882919412062849,0.12272932670582919
0.6881338742393509,0.12263895164934478
0.6879756468797564,0.12254857659286036
0.6878172588832487,0.12245820153637596
0.6880081300813008,0.12236782647989156
0.6881993896236012,0.12227745142340714
0.6880407124681934,0.12218707636692273
0.6878818737270875,0.12209670131043832
0.6877228731533367,0.12200632625395391
0.6875637104994903,0.1219159511974695
0.6874043855175931,0.12182557614098509
0.6875957120980092,0.12173520108450067
0.6874361593462717,0.12164482602801627
0.6872764435360246,0.12155445097153186
0.6871165644171779,0.12146407591504745
0.6869565217391305,0.12137370085856304
0.6867963152507677,0.12128332580207862
0.6869877049180327,0.12119295074559422
0.6868272680676576,0.1211025756891098
0.6870189840944074,0.1210122006326254
0.686858316221766,0.12092182557614098
0.6866974833076528,0.12083145051965657
0.6865364850976362,0.12074107546317217
0.6863753213367609,0.12065070040668775
0.6862139917695473,0.12056032535020335
0.6864057672502575,0.12046995029371893
0.6862442040185471,0.12037957523723453
0.6860824742268041,0.12028920018075011
0.6859205776173285,0.1201988251242657
0.6857585139318886,0.12010845006778129
0.6855962829117191,0.12001807501129688
0.6859504132231405,0.12001807501129688
0.6857881136950904,0.11992769995481248
0.685980341438179,0.11983732489832806
0.6858178053830227,0.11974694984184366
0.6856551009839461,0.11965657478535924
0.6854922279792746,0.11956619972887483
0.685329186106791,0.11947582467239042
0.6851659751037344,0.11938544961590601
0.6853582554517134,0.1192950745594216
0.6851948051948052,0.11920469950293719
0.685031185031185,0.11911432444645279
0.6852237252861603,0.11902394938996837
0.6854166666666667,0.11893357433348396
0.6852527357998958,0.11884319927699954
0.6850886339937435,0.11875282422051514
0.6852818371607515,0.11866244916403072
0.6851174934725849,0.11857207410754632
0.6853110297961317,0.1184816990510619
0.6851464435146444,0.1183913239945775
0.684981684981685,0.11830094893809309
0.6848167539267016,0.11821057388160867
0.6850104821802935,0.11812019882512427
0.6852046169989506,0.11802982376863985
0.6850393700787402,0.11793944871215545
0.6848739495798319,0.11784907365567103
0.6847083552285864,0.11775869859918663
0.6845425867507886,0.11766832354270221
0.6843766438716465,0.1175779484862178
0.6842105263157895,0.1174875734297334
0.684044233807267,0.11739719837324898
0.6838777660695469,0.11730682331676458
0.6840717299578059,0.11721644826028016
0.6839050131926121,0.11712607320379576
0.6837381203801478,0.11703569814731134
0.6835710512414157,0.11694532309082693
0.6837652035959809,0.11685494803434252
0.6835978835978836,0.11676457297785811
0.683792372881356,0.1166741979213737
0.6839872746553552,0.11658382286488929
0.6841825902335457,0.11649344780840488
0.6843783209351754,0.11640307275192047
0.6845744680851064,0.11631269769543606
0.6844065992549229,0.11622232263895164
0.6842385516506923,0.11613194758246724
0.6840703249866809,0.11604157252598282
0.6842666666666667,0.11595119746949842
0.6840981856990395,0.11586082241301401
0.6842948717948718,0.1157704473565296
0.6841261357562801,0.11568007230004519
0.6839572192513369,0.11558969724356077
0.684154175588865,0.11549932218707637
0.6839850026780931,0.11540894713059195
0.6841823056300268,0.11531857207410755
0.6843800322061192,0.11522819701762313
0.6845781837721655,0.11513782196113873
0.6844086021505377,0.11504744690465432
0.6846071044133477,0.1149570718481699
0.6848060344827587,0.1148666967916855
0.6846361185983828,0.11477632173520108
0.6844660194174758,0.11468594667871668
0.6842957366432811,0.11459557162223226
0.684494867639114,0.11450519656574785
0.6843243243243243,0.11441482150926344
0.6841535965386696,0.11432444645277903
0.6843530048727666,0.11423407139629463
0.6841820151679306,0.11414369633981021
0.6843817787418656,0.1140533212833258
0.6845819761129207,0.11396294622684139
0.6847826086956522,0.11387257117035698
0.6849836779107725,0.11378219611387257
0.6848121937942298,0.11369182105738816
0.684640522875817,0.11360144600090374
0.6844686648501362,0.11351107094441934
0.6842966194111232,0.11342069588793494
0.6844978165938864,0.11333032083145052
0.6846994535519125,0.11323994577496611
0.6845270639693821,0.1131495707184817
0.6843544857768052,0.11305919566199729
0.6841817186644773,0.11296882060551287
0.6843835616438356,0.11287844554902847
0.6845858475041141,0.11278807049254405
0.6844127332601537,0.11269769543605965
0.6846153846153846,0.11260732037957524
0.6848184818481848,0.11251694532309083
0.6846450192625206,0.11242657026660642
0.6844713656387665,0.112336195210122
0.684297520661157,0.1122458201536376
0.6841234840132304,0.11215544509715318
0.6843267108167771,0.11206507004066878
0.6845303867403315,0.11197469498418436
0.6843559977888336,0.11188431992769995
0.6841814159292036,0.11179394487121555
0.6843853820598007,0.11170356981473113
0.684589800443459,0.11161319475824673
0.6844148641153632,0.11152281970176231
0.6842397336293008,0.1114324446452779
0.6840644086618545,0.11134206958879349
0.6838888888888889,0.11125169453230908
0.6837131739855475,0.11116131947582467
0.6835372636262514,0.11107094441934026
0.6837416481069042,0.11098056936285586
0.6839464882943144,0.11089019430637144
0.6841517857142857,0.11079981924988704
0.6843575418994413,0.11070944419340262
0.6845637583892618,0.11061906913691821
0.6843872411863459,0.1105286940804338
0.684593837535014,0.11043831902394939
0.6844170403587444,0.11034794396746497
0.6842400448681997,0.11025756891098057
0.6840628507295174,0.11016719385449616
0.6842696629213483,0.11007681879801175
0.6840921866216976,0.10998644374152734
0.6839145106861643,0.10989606868504292
0.6837366347777153,0.10980569362855852
0.6835585585585585,0.1097153185720741
0.6837655016910936,0.1096249435155897
0.6839729119638827,0.10953456845910528
0.6841807909604519,0.10944419340262088
0.6840022611644997,0.10935381834613647
0.6838235294117647,0.10926344328965205
0.6836445953593662,0.10917306823316765
0.6838526912181303,0.10908269317668323
0.6840612592172434,0.10899231812019883
0.6838819523269013,0.10890194306371441
0.683702441794435,0.10881156800723
0.6835227272727272,0.10872119295074559
0.6833428084138715,0.10863081789426118
0.6835515082527035,0.10854044283777678
0.683371298405467,0.10845006778129236
0.6831908831908832,0.10835969272480796
0.6833998859098688,0.10826931766832354
0.6832191780821918,0.10817894261183914
0.683038263849229,0.10808856755535472
0.6828571428571428,0.10799819249887031
0.683066361556064,0.1079078174423859
0.6832760595647194,0.10781744238590149
0.6830945558739255,0.10772706732941709
0.6833046471600689,0.10763669227293267
0.6835152211372775,0.10754631721644826
0.6837262794709603,0.10745594215996385
0.6839378238341969,0.10736556710347944
0.684149855907781,0.10727519204699502
0.6843623773802654,0.10718481699051062
0.6841801385681293,0.1070944419340262
0.683997689196996,0.1070040668775418
0.6838150289017341,0.1069136918210574
0.6836321573163678,0.10682331676457298
0.6834490740740741,0.10673294170808857
0.6836616454229433,0.10664256665160415
0.6838747099767981,0.10655219159511975
0.6836912362159024,0.10646181653863533
0.6835075493612079,0.10637144148215093
0.6833236490412551,0.10628106642566651
0.6835369400814427,0.1061906913691821
0.6837507280139778,0.1061003163126977
0.6839650145772594,0.10600994125621328
0.684179801517805,0.10591956619972888
0.684395090590298,0.10582919114324446
0.6842105263157895,0.10573881608676006
0.6840257460503218,0.10564844103027564
0.6838407494145199,0.10555806597379123
0.6840562719812426,0.10546769091730682
0.6838709677419355,0.10537731586082241
0.6840869054609513,0.10528694080433801
0.6839012925969448,0.10519656574785359
0.6841176470588235,0.10510619069136919
0.6843345111896348,0.10501581563488477
0.6845518867924528,0.10492544057840036
0.6847697756788665,0.10483506552191595
0.6849881796690307,0.10474469046543154
0.6848018923713779,0.10465431540894712
0.6846153846153846,0.10456394035246272
0.6848341232227488,0.10447356529597832
0.6846473029045643,0.1043831902394939
0.6844602609727165,0.1042928151830095
0.6846793349168646,0.10420244012652508
0.6844919786096256,0.10411206507004067
0.6847114812611541,0.10402169001355625
0.684931506849315,0.10393131495707185
0.6847437425506555,0.10384093990058743
0.684964200477327,0.10375056484410303
0.6847761194029851,0.10366018978761862
0.6845878136200717,0.1035698147311342
0.6843992827256425,0.1034794396746498
0.6846199880311191,0.10338906461816538
0.6844311377245509,0.10329868956168098
0.6842420611144397,0.10320831450519656
0.684052757793765,0.10311793944871216
0.6842737094837935,0.10302756439222774
0.6844951923076923,0.10293718933574333
0.6847172081829122,0.10284681427925893
0.6849397590361446,0.10275643922277451
0.6847498493068114,0.10266606416629011
0.6845597104945718,0.10257568910980569
0.6847826086956522,0.10248531405332129
0.685006045949214,0.10239493899683687
0.6852300242130751,0.10230456394035246
0.6854545454545454,0.10221418888386805
0.6852637962401456,0.10212381382738364
0.6854887674559805,0.10203343877089924
0.6852976913730255,0.10194306371441482
0.6851063829787234,0.10185268865793042
0.6853317102860621,0.101762313601446
0.6855575868372943,0.1016719385449616
0.6853658536585366,0.10158156348847718
0.6855921855921856,0.10149118843199277
0.6858190709046454,0.10140081337550835
0.6856269113149847,0.10131043831902395
0.6858542559706062,0.10122006326253954
0.6860821581851625,0.10112968820605513
0.6858895705521473,0.10103931314957072
0.6861179361179361,0.1009489380930863
0.6859250153657037,0.1008585630366019
0.6857318573185732,0.10076818798011748
0.6859605911330049,0.10067781292363308
0.6857670979667283,0.10058743786714866
0.6855733662145499,0.10049706281066426
0.6853793954349168,0.10040668775417985
0.6851851851851852,0.10031631269769543
0.6854140914709518,0.10022593764121103
0.6852195423623995,0.10013556258472661
0.6854489164086688,0.10004518752824221
0.6852540272614622,0.09995481247175779
0.6854838709677419,0.09986443741527339
0.6852886405959032,0.09977406235878897
0.6850931677018633,0.09968368730230456
0.6853233830845771,0.09959331224582016
0.6851275668948351,0.09950293718933574
0.684931506849315,0.09941256213285134
0.6851620947630923,0.09932218707636692
0.6849656893325016,0.09923181201988251
0.684769038701623,0.0991414369633981
0.685,0.09905106190691369
0.6848030018761726,0.09896068685042927
0.6850344395742016,0.09887031179394487
0.6848370927318296,0.09877993673746047
0.6846394984326019,0.09868956168097605
0.6844416562107905,0.09859918662449164
0.6846733668341709,0.09850881156800723
0.6844751728472659,0.09841843651152282
0.6847073631214601,0.0983280614550384
0.6845088161209067,0.098237686398554
0.6843100189035917,0.09814731134206958
0.6841109709962169,0.09805693628558518
0.6839116719242903,0.09796656122910077
0.6837121212121212,0.09787618617261636
0.6835123183828175,0.09778581111613195
0.6833122629582806,0.09769543605964753
0.683111954459203,0.09760506100316313
0.6833438885370487,0.09751468594667871
0.6831432192648923,0.09742431089019431
0.6829422954977806,0.09733393583370989
0.682741116751269,0.09724356077722549
0.6825396825396826,0.09715318572074108
0.6823379923761118,0.09706281066425666
0.6821360457724094,0.09697243560777226
0.6819338422391857,0.09688206055128784
0.6817313812858052,0.09679168549480344
0.6815286624203821,0.09670131043831902
0.681325685149777,0.09661093538183461
0.6811224489795918,0.0965205603253502
0.6809189534141672,0.09643018526886579
0.6807151979565773,0.09633981021238139
0.6809462915601023,0.09624943515589697
0.6811779769526248,0.09615906009941257
0.680973734785394,0.09606868504292815
0.6812059012187299,0.09597830998644374
0.6814386640976237,0.09588793492995933
0.6812339331619537,0.09579755987347492
0.6810289389067524,0.0957071848169905
0.6808236808236808,0.0956168097605061
0.6806181584030908,0.0955264347040217
0.6808510638297872,0.09543605964753728
0.6808785529715762,0.09525530953456846
0.680672268907563,0.09516493447808405
0.6809061488673139,0.09507455942159963
0.680699481865285,0.09498418436511523
0.6809338521400778,0.09489380930863081
0.6807268007787152,0.0948034342521464
0.6805194805194805,0.094713059195662
0.6803118908382066,0.09462268413917758
0.6805465191932336,0.09453230908269318
0.6801302931596092,0.09435155896972436
0.6799217731421121,0.09426118391323994
0.6801566579634465,0.09417080885675554
0.6799477465708688,0.09408043380027112
0.6797385620915033,0.09399005874378671
0.6795291039895357,0.09389968368730231
0.6797642436149313,0.09380930863081789
0.68,0.09371893357433349
0.680236375574524,0.09362855851784907
0.6800262812089356,0.09353818346136467
0.6802631578947368,0.09344780840488025
0.6800526662277815,0.09335743334839584
0.6802900461437047,0.09326705829191144
0.6805280528052805,0.09317668323542702
0.6803170409511229,0.09308630817894262
0.6801057501652347,0.0929959331224582
0.6798941798941799,0.0929055580659738
0.6796823295830576,0.09281518300948938
0.6794701986754967,0.09272480795300497
0.6792577866136514,0.09263443289652055
0.6794956867949569,0.09254405784003615
0.6797342192691029,0.09245368278355175
0.6795212765957447,0.09236330772706733
0.6797603195739015,0.09227293267058292
0.6795469686875416,0.0921825576140985
0.6797865243495663,0.0920921825576141
0.6795727636849133,0.09200180750112968
0.6798128342245989,0.09191143244464528
0.679384203480589,0.09173068233167646
0.6791694574681849,0.09164030727519205
0.6789544235924933,0.09154993221870764
0.6787391012743126,0.09145955716222323
0.6785234899328859,0.09136918210573881
0.678763440860215,0.09127880704925441
0.6785474108944183,0.09118843199276999
0.6787878787878788,0.09109805693628559
0.6785714285714286,0.09100768187980117
0.6788124156545209,0.09091730682331677
0.6785955435516543,0.09082693176683236
0.6783783783783783,0.09073655671034794
0.6781609195402298,0.09064618165386354
0.6779431664411367,0.09055580659737912
0.6777251184834123,0.09046543154089472
0.6775067750677507,0.0903750564844103
0.6772881355932203,0.0902846814279259
0.6775288526816021,0.09019430637144148
0.6777702243371856,0.09010393131495707
0.6775510204081633,0.09001355625847267
0.6773315180394827,0.08992318120198825
0.6771117166212534,0.08983280614550385
0.6768916155419223,0.08974243108901943
0.6766712141882674,0.08965205603253502
0.6769125683060109,0.0895616809760506
0.6771545827633378,0.0894713059195662
0.676933607118412,0.08938093086308178
0.6771761480466073,0.08929055580659738
0.676954732510288,0.08920018075011298
0.6771978021978022,0.08910980569362856
0.6769759450171822,0.08901943063714415
0.6772195457673779,0.08892905558065974
0.6774638180565128,0.08883868052417533
0.6772413793103448,0.08874830546769091
0.6774861878453039,0.08865793041120651
0.677731673582296,0.08856755535472209
0.6779778393351801,0.08847718029823769
0.6777546777546778,0.08838680524175328
0.6775312066574203,0.08829643018526886
0.6773074253990284,0.08820605512878446
0.6775538568450312,0.08811568007230004
0.6773296244784422,0.08802530501581564
0.6775766016713092,0.08793492995933122
0.6773519163763067,0.08784455490284682
0.677599441730635,0.0877541798463624
0.6778476589797344,0.087663804789878
0.6776223776223776,0.08757342973339359
0.6773967809657103,0.08748305467690917
0.677170868347339,0.08739267962042477
0.6769446391030133,0.08730230456394035
0.6771929824561403,0.08721192950745595
0.6769662921348315,0.08712155445097153
0.6772151898734177,0.08703117939448712
0.6769880365939479,0.0869408043380027
0.6767605633802817,0.0868504292815183
0.6765327695560254,0.0867600542250339
0.6763046544428772,0.08666967916854948
0.6765536723163842,0.08657930411206508
0.6763250883392227,0.08648892905558066
0.6765746638358103,0.08639855399909625
0.6763456090651558,0.08630817894261184
0.6761162296243799,0.08621780388612743
0.6763662171753017,0.08612742882964301
0.6766169154228856,0.08603705377315861
0.6768683274021352,0.0859466787166742
0.6766381766381766,0.08585630366018979
0.6764076977904491,0.08576592860370538
0.6766595289079229,0.08567555354722096
0.6769120800571837,0.08558517849073656
0.6766809728183119,0.08549480343425214
0.6769340974212035,0.08540442837776774
0.6771879483500718,0.08531405332128332
0.6769562096195262,0.08522367826479892
0.6772106398274622,0.08513330320831451
0.6774658027357812,0.0850429281518301
0.6777217015140591,0.08495255309534569
0.6779783393501805,0.08486217803886127
0.67823571945047,0.08477180298237687
0.6780028943560058,0.08468142792589245
0.6782608695652174,0.08459105286940805
0.6785195936139332,0.08450067781292363
0.6782861292665214,0.08441030275643922
0.6780523255813954,0.08431992769995482
0.6778181818181818,0.0842295526434704
0.6775836972343523,0.084139177586986
0.6778425655976676,0.08404880253050158
0.6778670562454346,0.08386805241753276
0.6781272860277981,0.08377767736104835
0.6786500366837858,0.08359692724807953
0.6784140969162996,0.08350655219159513
0.6781778104335048,0.08341617713511071
0.6784400294334069,0.0833258020786263
0.6787030213706706,0.08323542702214189
0.6784660766961652,0.08314505196565748
0.6782287822878229,0.08305467690917306
0.6784922394678492,0.08296430185268866
0.6787564766839378,0.08287392679620424
0.6790214974054856,0.08278355173971984
0.6792873051224945,0.08269317668323543
0.6795539033457249,0.08260280162675102
0.6798212956068503,0.08251242657026661
0.6795827123695977,0.0824220515137822
0.6793437733035048,0.08233167645729779
0.6796116504854369,0.08224130140081337
0.679372197309417,0.08215092634432897
0.6791323859386686,0.08206055128784455
0.6794007490636704,0.08197017623136015
0.679160419790105,0.08187980117487574
0.6794294294294294,0.08178942611839132
0.6791885800150262,0.08169905106190692
0.6789473684210526,0.0816086760054225
0.6787057938299473,0.0815183009489381
0.678975131876413,0.08142792589245368
0.6787330316742082,0.08133755083596927
0.6790030211480362,0.08124717577948486
0.6787603930461074,0.08115680072300045
0.6785173978819969,0.08106642566651605
0.6787878787878788,0.08097605061003163
0.6790591805766313,0.08088567555354723
0.6788154897494305,0.08079530049706281
0.6785714285714286,0.0807049254405784
0.6783269961977186,0.08061455038409399
0.6785986290936786,0.08052417532760958
0.6783536585365854,0.08043380027112516
0.6786259541984733,0.08034342521464076
0.6788990825688074,0.08025305015815636
0.6786534047436878,0.08016267510167194
0.678407350689127,0.08007230004518753
0.678680981595092,0.07998192498870312
0.6784343821949348,0.07989154993221871
0.6787086856264412,0.0798011748757343
0.6784615384615384,0.07971079981924989
0.6782140107775212,0.07962042476276547
0.6779661016949152,0.07953004970628107
0.6782407407407407,0.07943967464979666
0.678516228748068,0.07934929959331224
0.6782675947409126,0.07925892453682784
0.6785437645236251,0.07916854948034342
0.6782945736434108,0.07907817442385902
0.6785714285714286,0.0789877993673746
0.6783216783216783,0.0788974243108902
0.6785992217898833,0.07880704925440578
0.6788776305533905,0.07871667419792137
0.6791569086651054,0.07862629914143697
0.6794370602032838,0.07853592408495255
0.6791862284820032,0.07844554902846815
0.6794670846394985,0.07835517397198373
0.6797488226059655,0.07826479891549933
0.6794972505891594,0.07817442385901491
0.6797797010228167,0.0780840488025305
0.6800630417651694,0.07799367374604609
0.6803472770323599,0.07790329868956168
0.6800947867298578,0.07781292363307728
0.6798418972332015,0.07772254857659286
0.6795886075949367,0.07763217352010846
0.6793349168646081,0.07754179846362404
0.679080824088748,0.07745142340713963
0.6788263283108644,0.07736104835065521
0.6785714285714286,0.07727067329417081
0.6788553259141494,0.07718029823768639
0.6785998408910103,0.07708992318120199
0.678343949044586,0.07699954812471758
0.6786283891547049,0.07690917306823317
0.6783719074221868,0.07681879801174876
0.6781150159744409,0.07672842295526434
0.6778577138289369,0.07663804789877994
0.678142514011209,0.07654767284229552
0.6778846153846154,0.07645729778581112
0.6781701444622793,0.0763669227293267
0.6779116465863454,0.0762765476728423
0.6781979082864039,0.07618617261635789
0.6784850926672039,0.07609579755987347
0.678773204196933,0.07600542250338907
0.6782538399353274,0.07582467239042025
0.6779935275080906,0.07573429733393583
0.6777327935222672,0.07564392227745143
0.6777597402597403,0.0754631721644826
0.6780487804878049,0.0753727971079982
0.677786818551668,0.07528242205151378
0.6775244299674267,0.07519204699502938
0.6778140293637847,0.07510167193854496
0.6775510204081633,0.07501129688206055
0.6772875816993464,0.07492092182557614
0.6770237121831562,0.07483054676909173
0.6773136773136773,0.07474017171260731
0.6767842493847416,0.0745594215996385
0.6765188834154351,0.07446904654315409
0.6768092105263158,0.07437867148666968
0.6765432098765433,0.07428829643018527
0.6762767710049423,0.07419792137370086
0.6765676567656765,0.07410754631721644
0.6763005780346821,0.07401717126073204
0.6765922249793217,0.07392679620424762
0.6763245033112583,0.07383642114776322
0.676056338028169,0.07374604609127881
0.675787728026534,0.0736556710347944
0.6755186721991702,0.07356529597830999
0.6758104738154613,0.07347492092182557
0.6761032472939217,0.07338454586534117
0.6763969974979149,0.07329417080885675
0.676126878130217,0.07320379575237235
0.6764214046822743,0.07311342069588793
0.6767169179229481,0.07302304563940352
0.677013422818792,0.07293267058291912
0.6767422334172963,0.0728422955264347
0.6761984861227922,0.07266154541346588
0.6764953664700927,0.07257117035698148
0.6762225969645869,0.07248079530049706
0.6759493670886076,0.07239042024401265
0.6756756756756757,0.07230004518752824
0.6754015215553677,0.07220967013104383
0.6756985605419137,0.07211929507455943
0.6754237288135593,0.07202892001807501
0.6751484308736218,0.0719385449615906
0.6748726655348047,0.07184816990510619
0.6745964316057774,0.07175779484862178
0.6748936170212766,0.07166741979213737
0.6751918158567775,0.07157704473565296
0.6754910333048676,0.07148666967916854
0.6752136752136753,0.07139629462268414
0.675513698630137,0.07130591956619974
0.675235646958012,0.07121554450971532
0.6755364806866953,0.07112516945323091
0.6758383490971626,0.0710347943967465
0.6761412575366064,0.07094441934026209
0.6764452113891286,0.07085404428377767
0.6761658031088082,0.07076366922729327
0.6764705882352942,0.07067329417080885
0.6767764298093587,0.07058291911432445
0.6768027801911382,0.07040216900135562
0.6765217391304348,0.07031179394487122
0.6762402088772846,0.0702214188883868
0.6759581881533101,0.0701310438319024
0.6756756756756757,0.07004066877541798
0.6759825327510917,0.06995029371893358
0.6762904636920385,0.06985991866244916
0.6760070052539404,0.06976954360596475
0.6757230499561788,0.06967916854948035
0.6754385964912281,0.06958879349299593
0.675153643546971,0.06949841843651153
0.6754617414248021,0.06940804338002711
0.6751760563380281,0.0693176683235427
0.6754850088183422,0.06922729326705829
0.675198587819947,0.06913691821057388
0.6749116607773852,0.06904654315408947
0.6752212389380531,0.06895616809760506
0.675531914893617,0.06886579304112066
0.6752440106477373,0.06877541798463624
0.6749555950266429,0.06868504292815183
0.6746666666666666,0.06859466787166742
0.6749777382012466,0.06850429281518301
0.6746880570409982,0.0684139177586986
0.675,0.06832354270221419
0.6753130590339893,0.06823316764572977
0.6756272401433692,0.06814279258924537
0.6753363228699552,0.06805241753276096
0.6750448833034112,0.06796204247627655
0.6747529200359389,0.06787166741979214
0.6750675067506751,0.06778129236330772
0.6747747747747748,0.06769091730682332
0.6744815148782687,0.0676005422503389
0.6747967479674797,0.0675101671938545
0.6751131221719457,0.06741979213737008
0.6748188405797102,0.06732941708088568
0.6745240253853128,0.06723904202440127
0.6742286751361162,0.06714866696791685
0.6745454545454546,0.06705829191143245
0.6742493175614195,0.06696791685494803
0.6745670009115771,0.06687754179846363
0.6742700729927007,0.06678716674197921
0.673972602739726,0.0666967916854948
0.6736745886654479,0.06660641662901039
0.6733760292772186,0.06651604157252598
0.6730769230769231,0.06642566651604158
0.6724770642201835,0.06624491640307276
0.6727941176470589,0.06615454134658834
0.672493100275989,0.06606416629010393
0.6721915285451197,0.06597379123361952
0.672509225092251,0.06588341617713511
0.6728280961182994,0.0657930411206507
0.6725254394079556,0.06570266606416629
0.6728452270620945,0.06561229100768189
0.6731662024141133,0.06552191595119747
0.6728624535315985,0.06543154089471306
0.6731843575418994,0.06534116583822865
0.6735074626865671,0.06525079078174424
0.6738317757009346,0.06516041572525982
0.6735266604303087,0.06507004066877542
0.6732209737827716,0.064979665612291
0.6729147141518276,0.0648892905558066
0.6726078799249531,0.0647989154993222
0.6729323308270677,0.06470854044283778
0.6726246472248354,0.06461816538635337
0.672316384180791,0.06452779032986895
0.67233238904627,0.06434704021690013
0.6720226843100189,0.06425666516041573
0.6717123935666982,0.06416629010393131
0.6720379146919432,0.0640759150474469
0.6717267552182163,0.0639855399909625
0.6720532319391636,0.06389516493447808
0.6723809523809524,0.06380478987799368
0.6720686367969495,0.06371441482150926
0.6717557251908397,0.06362403976502486
0.6714422158548233,0.06353366470854044
0.6717703349282297,0.06344328965205603
0.6720997123681688,0.06335291459557162
0.6717850287907869,0.06326253953908721
0.6721153846153847,0.06317216448260281
0.6724470134874759,0.06308178942611839
0.6727799227799228,0.06299141436963399
0.6731141199226306,0.06290103931314957
0.6727976766698935,0.06281066425666516
0.6731328806983511,0.06272028920018075
0.6728155339805825,0.06262991414369634
0.6724975704567542,0.06253953908721192
0.6728334956183057,0.06244916403072752
0.672514619883041,0.06235878897424311
0.6725317693059628,0.062178038861274286
0.6722113502935421,0.062087663804789875
0.6725490196078432,0.06199728874830547
0.6719056974459725,0.06181653863533665
0.6719211822660098,0.061635788522367826
0.6722606120434353,0.061545413465883415
0.6719367588932806,0.061455038409399004
0.6716122650840751,0.06136466335291459
0.6719524281466799,0.06127428829643018
0.6722939424031777,0.06118391323994578
0.6719681908548708,0.06109353818346137
0.6713147410358565,0.060912788070492545
0.6716566866267465,0.060822413014008134
0.672,0.06073203795752372
0.6716716716716716,0.06064166290103931
0.6710130391173521,0.06046091278807049
0.6706827309236948,0.060370537731586085
0.6710261569416499,0.060280162675101674
0.6706948640483383,0.06018978761861726
0.6703629032258065,0.06009941256213285
0.6707070707070707,0.06000903750564844
0.6710526315789473,0.05991866244916403
0.6707193515704154,0.05982828739267962
0.6703853955375254,0.05973791233619521
0.6707317073170732,0.0596475372797108
0.6703967446592065,0.05955716222322639
0.6707441386340469,0.05946678716674198
0.6704081632653062,0.05937641211025757
0.6700715015321757,0.05928603705377316
0.6704196519959058,0.05919566199728875
0.6707692307692308,0.05910528694080434
0.6707818930041153,0.058924536827835515
0.6711340206185566,0.058834161771351104
0.6707946336429309,0.0587437867148667
0.671147880041365,0.05865341165838229
0.6715025906735751,0.05856303660189788
0.671161825726141,0.05847266154541347
0.6708203530633438,0.058382286488929055
0.6701352757544224,0.05820153637596023
0.6697916666666667,0.05811116131947582
0.6701461377870563,0.05802078626299141
0.6705020920502092,0.05793041120650701
0.6701570680628273,0.057840036150022596
0.670514165792235,0.057749661093538185
0.6708727655099895,0.057659286037053774
0.6705263157894736,0.05756891098056936
0.6701791359325606,0.05747853592408495
0.669831223628692,0.05738816086760054
0.6701902748414377,0.05729778581111613
0.6698412698412698,0.05720741075463172
0.6705632306057385,0.0570266606416629
0.6702127659574468,0.05693628558517849
0.6698615548455804,0.05684591052869408
0.6695095948827292,0.05675553547220967
0.6691568836712913,0.05666516041572526
0.6688034188034188,0.05657478535924085
0.6684491978609626,0.05648441030275644
0.6680942184154176,0.056394035246272026
0.6684549356223176,0.05630366018978762
0.6680988184747583,0.05621328513330321
0.6684607104413348,0.0561229100768188
0.668824163969795,0.05603253502033439
0.6691891891891892,0.05594215996384998
0.6695557963163596,0.055851784907365566
0.6691973969631236,0.055761409850881155
0.6688382193268186,0.055671034794396744
0.6692056583242655,0.05558065973791233
0.6688453159041394,0.05549028468142793
0.6692139737991266,0.05539990962494352
0.6688524590163935,0.05530953456845911
0.668859649122807,0.055128784455490284
0.6684961580680571,0.05503840939900587
0.6681318681318681,0.05494803434252146
0.6685022026431718,0.05485765928603705
0.6688741721854304,0.05476728422955264
0.6688815060908084,0.054586534116583825
0.6692563817980022,0.054496159060099414
0.6688888888888889,0.054405784003615
0.6685205784204672,0.05431540894713059
0.6681514476614699,0.05422503389064618
0.6685267857142857,0.05413465883416177
0.668903803131991,0.05404428377767736
0.6692825112107623,0.05395390872119295
0.6689113355780022,0.05386353366470854
0.668918918918919,0.05368278355173972
0.6685456595264938,0.05359240849525531
0.668552036199095,0.05341165838228649
0.6681766704416761,0.05332128332580208
0.6678004535147393,0.053230908269317666
0.6674233825198638,0.053140533212833255
0.6670454545454545,0.05305015815634885
0.6666666666666666,0.05295978309986444
0.6662870159453302,0.05286940804338003
0.6666666666666666,0.05277903298689562
0.6662857142857143,0.052688657930411206
0.665903890160183,0.052598282873926795
0.6655211912943871,0.052507907817442384
0.6659012629161883,0.05241753276095797
0.666283084004603,0.05232715770447356
0.6658986175115207,0.05223678264798916
0.6655132641291811,0.05214640759150475
0.6647398843930635,0.051965657478535925
0.6651216685979142,0.051875282422051514
0.6651162790697674,0.05169453230908269
0.6647264260768335,0.05160415725259828
0.6651108518086347,0.05151378219611387
0.6654970760233918,0.051423407139629465
0.6651053864168618,0.051333032083145054
0.6647127784290738,0.05124265702666064
0.6650998824911868,0.05115228197017623
0.6654888103651354,0.05106190691369182
0.6650943396226415,0.05097153185720741
0.66548463356974,0.050881156800723
0.6658767772511849,0.05079078174423859
0.6654804270462633,0.050700406687754176
0.665083135391924,0.05061003163126977
0.6654761904761904,0.05051965657478536
0.66507747318236,0.05042928151830095
0.665868263473054,0.05024853140533213
0.6654676258992805,0.05015815634884772
0.6650660264105642,0.050067781292363306
0.6646634615384616,0.049977406235878895
0.6642599277978339,0.049887031179394484
0.6646562123039808,0.04979665612291008
0.6650544135429263,0.04970628106642567
0.6654545454545454,0.04961590600994126
0.6658566221142163,0.049525530953456846
0.6662606577344702,0.049435155896972435
0.6666666666666666,0.049344780840488024
0.6670746634026927,0.04925440578400361
0.6674846625766871,0.0491640307275192
0.6678966789667896,0.04907365567103479
0.6679012345679012,0.048892905558065976
0.6683168316831684,0.048802530501581565
0.667905824039653,0.048712155445097154
0.6674968866749689,0.04844103027564392
0.6670822942643392,0.04835065521915951
0.6675,0.0482602801626751
0.6679197994987469,0.048169905106190694
0.6675031367628608,0.04807953004970628
0.6679245283018868,0.04798915499322187
0.6683480453972257,0.04789877993673746
0.6687737041719343,0.04780840488025305
0.6692015209125475,0.04771802982376864
0.6687817258883249,0.04762765476728423
0.6683608640406608,0.04753727971079982
0.6679389312977099,0.047446904654315405
0.6675159235668789,0.047356529597831
0.6670918367346939,0.04726615454134659
0.6670934699103713,0.04708540442837777
0.6675224646983312,0.04699502937189336
0.6670951156812339,0.046904654315408946
0.6675257731958762,0.046814279258924535
0.6670967741935484,0.046723904202440124
0.667098445595855,0.04654315408947131
0.6675324675324675,0.0464527790329869
0.6671001300390117,0.046362403976502486
0.666232073011734,0.046181653863533664
0.6657963446475196,0.04609127880704925
0.6662303664921466,0.04600090375056484
0.6657929226736566,0.04591052869408043
0.6662286465177398,0.04582015363759603
0.6657894736842105,0.045729778581111616
0.6662269129287599,0.045639403524627205
0.6666666666666666,0.045549028468142794
0.6662251655629139,0.04545865341165838
0.6657824933687002,0.04536827835517397
0.6662234042553191,0.04527790329868956
0.6657789613848203,0.04518752824220515
0.6662216288384513,0.04509715318572074
0.6666666666666666,0.045006778129236334
0.6666666666666666,0.04482602801626751
0.6662180349932705,0.0447356529597831
0.6666666666666666,0.04464527790329869
0.6671177266576455,0.04455490284681428
0.6675712347354138,0.04446452779032987
0.6671195652173914,0.04437415273384546
0.6680327868852459,0.04419340262087664
0.6684931506849315,0.04410302756439223
0.6689560439560439,0.04401265250790782
0.6694214876033058,0.04392227745142341
0.6689655172413793,0.043831902394939
0.669432918395574,0.043741527338454586
0.6689750692520776,0.043651152281970175
0.6685159500693482,0.043560777225485764
0.6689847009735744,0.04347040216900135
0.6689944134078212,0.04328965205603254
0.6694796061884669,0.043018526886579304
0.6699576868829337,0.04292815183009489
0.669971671388102,0.04274740171712607
0.6704545454545454,0.04265702666064166
0.6709401709401709,0.042566651604157256
0.6704707560627675,0.042476276547672845
0.670958512160229,0.042385901491188434
0.670487106017192,0.04229552643470402
0.6709770114942529,0.04220515137821961
0.6705035971223021,0.0421147763217352
0.670995670995671,0.04202440126525079
0.6710144927536232,0.04184365115228197
0.6705370101596516,0.04175327609579756
0.6710334788937409,0.04166290103931315
0.6705539358600583,0.04157252598282874
0.6710526315789473,0.04148215092634433
0.6715542521994134,0.04139177586985992
0.6720588235294118,0.04130140081337551
0.6715758468335787,0.0412110257568911
0.6715976331360947,0.041030275643922275
0.6711111111111111,0.04093990058743787
0.6716196136701337,0.04084952553095346
0.6711309523809523,0.04075915047446905
0.6716417910447762,0.04066877541798464
0.6721556886227545,0.040578400361500226
0.671664167916042,0.040488025305015815
0.6721804511278195,0.040397650248531404
0.6726998491704375,0.04030727519204699
0.6722054380664653,0.04021690013556258
0.6717095310136157,0.04012652507907818
0.6712121212121213,0.04003615002259377
0.6707132018209409,0.039945774966109356
0.6712328767123288,0.039855399909624944
0.6712538226299695,0.03967464979665612
0.6707503828483921,0.03958427474017171
0.6702453987730062,0.0394938996836873
0.6707692307692308,0.03940352462720289
0.6712962962962963,0.039313149570718485
0.6707882534775889,0.039222774514234074
0.671850699844479,0.03904202440126525
0.6713395638629284,0.03895164934478084
0.671875,0.03886127428829643
0.6724137931034483,0.03877089923181202
0.6718995290423861,0.03868052417532761
0.6713836477987422,0.038590149118843196
0.6708661417322834,0.03849977406235879
0.6703470031545742,0.03840939900587438
0.6708860759493671,0.03831902394938997
0.6703645007923931,0.03822864889290556
0.6698412698412698,0.03813827383642115
0.6703821656050956,0.03804789877993674
0.670926517571885,0.037957523723452326
0.6709470304975923,0.037776773610483504
0.6704180064308681,0.0376863985539991
0.6698872785829307,0.03759602349751469
0.6688206785137318,0.037415273384545866
0.6682847896440129,0.037324898328061455
0.6682926829268293,0.03714414821509263
0.6683006535947712,0.03696339810212381
0.6677577741407529,0.03687302304563941
0.6672131147540984,0.036782647989154996
0.6666666666666666,0.036692272932670585
0.6661184210526315,0.036601897876186174
0.6666666666666666,0.03651152281970176
0.6661157024793388,0.03642114776321735
0.6666666666666666,0.03633077270673294
0.6672212978369384,0.03624039765024853
0.666110183639399,0.036059647537279714
0.6672268907563025,0.03587889742431089
0.6677908937605397,0.03578852236782648
0.6683587140439933,0.03569814731134207
0.6689303904923599,0.03560777225485766
0.6689419795221843,0.035427022141888836
0.6695205479452054,0.035336647085404425
0.6689536878216124,0.03524627202892002
0.6683848797250859,0.03515589697243561
0.6689655172413793,0.0350655219159512
0.6683937823834197,0.03497514685946679
0.6678200692041523,0.03488477180298238
0.6684027777777778,0.034794396746497966
0.6678260869565218,0.034704021690013555
0.6672473867595818,0.034613646633529144
0.6666666666666666,0.03452327157704473
0.6672504378283712,0.03443289652056033
0.6678383128295254,0.03434252146407592
0.6684303350970018,0.034252146407591506
0.6678445229681979,0.034161771351107095
0.6690391459074733,0.03398102123813827
0.6684491978609626,0.03389064618165386
0.6678571428571428,0.03380027112516945
0.667262969588551,0.03370989606868504
0.6678635547576302,0.033619521012200636
0.6672661870503597,0.033529145955716225
0.6678700361010831,0.033438770899231814
0.6672694394213382,0.0333483958427474
0.6678765880217786,0.03325802078626299
0.668488160291439,0.03316764572977858
0.6678832116788321,0.03307727067329417
0.6684981684981685,0.03298689561680976
0.6691176470588235,0.03289652056032535
0.6685082872928176,0.03280614550384094
0.6685185185185185,0.03262539539087212
0.6691449814126395,0.03253502033438771
0.6691588785046729,0.03235427022141889
0.6685393258426966,0.03226389516493448
0.6679174484052532,0.032173520108450065
0.6685499058380414,0.032083145051965654
0.6679245283018868,0.03199276999548125
0.667296786389414,0.03190239493899684
0.6679316888045541,0.03181201988251243
0.6673003802281369,0.03172164482602802
0.6666666666666666,0.031631269769543606
0.6673076923076923,0.03136014460009037
0.6666666666666666,0.03126976954360596
0.6653771760154739,0.031089019430637143
0.6647286821705426,0.030998644374152735
0.6647173489278753,0.030817894261183913
0.6640625,0.030727519204699502
0.6634050880626223,0.03063714414821509
0.6627450980392157,0.030546769091730683
0.6620825147347741,0.030456394035246272
0.6614173228346457,0.03036601897876186
0.6620553359683794,0.03027564392227745
0.6620278330019881,0.03009489380930863
0.6613545816733067,0.03000451875282422
0.6606786427145709,0.02991414369633981
0.66,0.0298237686398554
0.6593186372745491,0.02973339358337099
0.6586345381526104,0.02964301852688658
0.6592741935483871,0.02955264347040217
0.6585858585858586,0.029462268413917757
0.6578947368421053,0.02937189335743335
0.6591836734693878,0.029191143244464528
0.6591375770020534,0.029010393131495706
0.6584362139917695,0.028920018075011298
0.6590909090909091,0.028829643018526887
0.6597510373443983,0.028739267962042476
0.6604166666666667,0.028648892905558065
0.6610878661087866,0.028558517849073657
0.6610526315789473,0.028377767736104835
0.6603375527426161,0.028287392679620424
0.6596194503171248,0.028197017623136013
0.6602972399150743,0.028106642566651605
0.6595744680851063,0.028016267510167194
0.6581196581196581,0.027835517397198372
0.6573875802997858,0.027745142340713964
0.6580645161290323,0.027654767284229553
0.6587473002159827,0.027564392227745142
0.658008658008658,0.02747401717126073
0.6557734204793029,0.0272028920018075
0.6564551422319475,0.02711251694532309
0.6571428571428571,0.02702214188883868
0.6578366445916115,0.02693176683235427
0.6585365853658537,0.02684139177586986
0.6592427616926503,0.02675101671938545
0.6591928251121076,0.026570266606416627
0.6584269662921348,0.02647989154993222
0.6591422121896162,0.02638951649344781
0.6598639455782312,0.026299141436963398
0.6590909090909091,0.026208766380478987
0.6598173515981736,0.02611839132399458
0.6612903225806451,0.025937641211025757
0.6612529002320185,0.025756891098056935
0.6619718309859155,0.025485765928603705
0.6611764705882353,0.025395390872119294
0.6611374407582938,0.025214640759150475
0.6619047619047619,0.025124265702666064
0.6626794258373205,0.025033890646181653
0.6618705035971223,0.024943515589697242
0.6610576923076923,0.024853140533212834
0.6602409638554216,0.024762765476728423
0.6610169491525424,0.024672390420244012
0.6618004866180048,0.0245820153637596
0.6609756097560976,0.024491640307275193
0.6601466992665037,0.024401265250790782
0.6593137254901961,0.02431089019430637
0.6592592592592592,0.02413014008133755
0.6600496277915633,0.02403976502485314
0.6592039800995025,0.02394938996836873
0.66,0.02385901491188432
0.6608040201005025,0.02376863985539991
0.6599496221662469,0.0236782647989155
0.6590909090909091,0.02358788974243109
0.6590330788804071,0.023407139629462267
0.6581632653061225,0.02331676457297786
0.6572890025575447,0.02322638951649345
0.6555269922879178,0.023045639403524627
0.654639175257732,0.022955264347040216
0.655440414507772,0.022864889290555808
0.65625,0.022774514234071397
0.6570680628272252,0.022684139177586986
0.6561679790026247,0.022593764121102575
0.656084656084656,0.022413014008133756
0.6550802139037433,0.022141888838680523
0.6559139784946236,0.022051513782196115
0.6567567567567567,0.021961138725711704
0.6558265582655827,0.021870763669227293
0.654891304347826,0.021780388612742882
0.6539509536784741,0.021690013556258474
0.6538461538461539,0.021509263443289652
0.6546961325966851,0.02141888838680524
0.6527777777777778,0.021238138273836422
0.6536312849162011,0.02114776321735201
0.6544943820224719,0.0210573881608676
0.655367231638418,0.02096701310438319
0.65625,0.02087663804789878
0.6561604584527221,0.02069588793492996
0.6570605187319885,0.02060551287844555
0.6588921282798834,0.02042476276547673
0.6578947368421053,0.02033438770899232
0.656891495601173,0.020244012652507908
0.6558823529411765,0.020153637596023496
0.6548672566371682,0.02006326253953909
0.655786350148368,0.019972887483054678
0.6547619047619048,0.019882512426570267
0.6555891238670695,0.019611387257117037
0.6565349544072948,0.019521012200632626
0.6554878048780488,0.019430637144148215
0.656441717791411,0.019340262087663804
0.6574074074074074,0.019249887031179396
0.6563467492260062,0.019159511974694985
0.6573208722741433,0.019069136918210574
0.65625,0.018978761861726163
0.6572327044025157,0.018888386805241752
0.6582278481012658,0.018798011748757344
0.6571428571428571,0.018707636692272933
0.6549520766773163,0.01852688657930411
0.6559485530546624,0.018436511522819703
0.6548387096774193,0.018346136466335292
0.6558441558441559,0.01825576140985088
0.6547231270358306,0.01816538635336647
0.6557377049180327,0.01807501129688206
0.6546052631578947,0.01798463624039765
0.6556291390728477,0.01789426118391324
0.654485049833887,0.01780388612742883
0.6533333333333333,0.017713511070944418
0.6543624161073825,0.01762313601446001
0.6554054054054054,0.0175327609579756
0.6542372881355932,0.01744238590149119
0.6541095890410958,0.017261635788522366
0.6551724137931034,0.01717126073203796
0.6539792387543253,0.017080885675553548
0.6550522648083623,0.016990510619069137
0.6538461538461539,0.016900135562584725
0.6514084507042254,0.016719385449615907
0.6524822695035462,0.016629010393131496
0.6535714285714286,0.016538635336647085
0.6534296028880866,0.016357885223678266
0.6521739130434783,0.016267510167193855
0.6531365313653137,0.015996384997740625
0.654275092936803,0.015906009941256214
0.6566037735849056,0.015725259828287392
0.6577946768060836,0.01563488477180298
0.6589147286821705,0.015363759602349751
0.66015625,0.015273384545865342
0.6588235294117647,0.01518300948938093
0.6600790513833992,0.015092634432896521
0.6613545816733067,0.01500225937641211
0.66,0.0149118843199277
0.6612903225806451,0.01482150926344329
0.659919028340081,0.014731134206958879
0.6612244897959184,0.01464075915047447
0.6598360655737705,0.014550384093990058
0.6584362139917695,0.014460009037505649
0.6597510373443983,0.014369633981021238
0.6583333333333333,0.014279258924536829
0.6596638655462185,0.014188883868052417
0.6610169491525424,0.014098508811568006
0.6623931623931624,0.014008133755083597
0.6637931034482759,0.013917758698599186
0.6623376623376623,0.013827383642114777
0.6608695652173913,0.013737008585630366
0.6607929515418502,0.013556258472661545
0.6607142857142857,0.013375508359692725
0.6621004566210046,0.013104383190239493
0.663594470046083,0.013014008133755084
0.6651162790697674,0.012923633077270673
0.6650943396226415,0.012742882964301852
0.6666666666666666,0.012652507907817443
0.6634615384615384,0.012471757794848621
0.6618357487922706,0.012381382738364212
0.6601941747572816,0.0122910076818798
0.6617647058823529,0.012200632625395391
0.6633663366336634,0.01211025756891098
0.665,0.01201988251242657
0.6683673469387755,0.01183913239945775
0.6701030927835051,0.01174875734297334
0.6683937823834197,0.01165838228648893
0.6701570680628273,0.011568007230004519
0.671957671957672,0.011477632173520108
0.6737967914438503,0.011387257117035698
0.6756756756756757,0.011296882060551287
0.6775956284153005,0.011206507004066878
0.6836158192090396,0.010935381834613647
0.6857142857142857,0.010845006778129237
0.6839080459770115,0.010754631721644826
0.686046511627907,0.010664256665160415
0.6804733727810651,0.010393131495707185
0.6785714285714286,0.010302756439222774
0.6809815950920245,0.010031631269769544
0.6790123456790124,0.009941256213285133
0.6770186335403726,0.009850881156800722
0.6792452830188679,0.009760506100316313
0.6815286624203821,0.009670131043831902
0.6818181818181818,0.009489380930863081
0.6797385620915033,0.009399005874378672
0.6754966887417219,0.009218255761409852
0.6778523489932886,0.00912788070492544
0.6756756756756757,0.00903750564844103
0.673469387755102,0.00894713059195662
0.6712328767123288,0.008856755535472209
0.676056338028169,0.008676005422503389
0.6785714285714286,0.00858563036601898
0.6739130434782609,0.008404880253050159
0.6715328467153284,0.008314505196565748
0.674074074074074,0.008224130140081337
0.6691729323308271,0.008043380027112516
0.6717557251908397,0.007953004970628107
0.6744186046511628,0.007862629914143696
0.6771653543307087,0.007772254857659286
0.6693548387096774,0.007501129688206055
0.6694214876033058,0.007320379575237235
0.6666666666666666,0.0072300045187528245
0.6724137931034483,0.007049254405784003
0.6785714285714286,0.006868504292815183
0.6756756756756757,0.006778129236330773
0.6727272727272727,0.006687754179846362
0.6759259259259259,0.006597379123361952
0.6761904761904762,0.006416629010393132
0.6730769230769231,0.0063262539539087215
0.6764705882352942,0.0062358788974243105
0.68,0.0061455038409399
0.6914893617021277,0.00587437867148667
0.7,0.005693628558517849
0.6966292134831461,0.005603253502033439
0.7011494252873564,0.005512878445549029
0.6976744186046512,0.005422503389064619
0.6941176470588235,0.0053321283325802075
0.6867469879518072,0.005151378219611387
0.6829268292682927,0.005061003163126977
0.6790123456790124,0.004970628106642567
0.6883116883116883,0.004789877993673746
0.6842105263157895,0.004699502937189336
0.68,0.004609127880704926
0.676056338028169,0.004338002711251694
0.6865671641791045,0.004157252598282874
0.6984126984126984,0.0039765024853140535
0.711864406779661,0.0037957523723452327
0.7142857142857143,0.0036150022593764122
0.7222222222222222,0.0035246272028920016
0.7169811320754716,0.0034342521464075914
0.7115384615384616,0.003343877089923181
0.723404255319149,0.00307275192046995
0.7272727272727273,0.0028920018075011297
0.7317073170731707,0.0027112516945323093
0.7435897435897436,0.0026208766380478987
0.78125,0.0022593764121102574
0.7741935483870968,0.002169001355625847
0.7931034482758621,0.002078626299141437
0.8076923076923077,0.0018978761861726163
0.8,0.0018075011296882061
0.7916666666666666,0.0017171260732037957
0.8181818181818182,0.0016267510167193855
0.85,0.001536375960234975
0.8333333333333334,0.0013556258472661546
0.875,0.0012652507907817442
0.8571428571428571,0.0010845006778129236
0.8461538461538461,0.0009941256213285134
0.8333333333333334,0.0009037505648441031
0.8,0.0007230004518752824
0.875,0.0006326253953908721
0.8571428571428571,0.0005422503389064618
0.8333333333333334,0.00045187528242205153
0.8,0.0003615002259376412
1.0,0.0002711251694532309
1.0,0.0001807501129688206
1.0,9.03750564844103e-05
1.0,0.0
