fold,held_out_subject,text,true_label_id,pred_label_id,true_label_name,pred_label_name,logit_negative,logit_neutral,logit_positive
1,ZAB,Presents a good case while failing to provide a reason for us to care beyond the very basic dictums of human decency.,1,0,neutral,negative,-0.6408122181892395,-0.7902601957321167,-0.7913930416107178
1,ZAB,"Beautifully crafted, engaging filmmaking that should attract upscale audiences hungry for quality and a nostalgic, twisty yarn that will keep them guessing.",2,0,positive,negative,-0.5829930901527405,-0.8291069865226746,-0.7255644202232361
1,ZAB,"Bread, My Sweet has so many flaws it would be easy for critics to shred it.",0,0,negative,negative,-0.4187473952770233,-0.9138136506080627,-0.8875900506973267
1,ZAB,"Slow, silly and unintentionally hilarious.",1,0,neutral,negative,-0.4621298909187317,-0.9648690819740295,-0.8034963607788086
1,ZAB,"Ultimately feels empty and unsatisfying, like swallowing a Communion wafer without the wine.",0,0,negative,negative,-0.4242805540561676,-1.0410934686660767,-0.9399466514587402
1,ZAB,Exudes the fizz of a Busby Berkeley musical and the visceral excitement of a sports extravaganza.,2,0,positive,negative,-0.1620231568813324,-0.9377326369285583,-0.8750471472740173
1,ZAB,The film rehashes several old themes and is capped with pointless extremes -- it's insanely violent and very graphic.,0,0,negative,negative,-0.25810933113098145,-0.7391403317451477,-0.7745163440704346
1,ZAB,"Ryan Gosling is, in a word, brilliant as the conflicted Daniel.",2,0,positive,negative,-0.24140360951423645,-0.9744707345962524,-0.8125477433204651
1,ZAB,"If Deuces Wild had been tweaked up a notch it would have become a camp adventure, one of those movies that's so bad it starts to become good.",1,0,neutral,negative,-0.4242812395095825,-0.7951231598854065,-0.6922203302383423
1,ZAB,The film's stagecrafts are intimate and therefore bolder than the otherwise calculated artifice that defines and overwhelms the film's production design.,1,0,neutral,negative,-0.3186803460121155,-0.7919025421142578,-0.730644702911377
1,ZAB,"Frida is certainly no disaster, but neither is it the Kahlo movie Frida fans have been looking for.",1,0,neutral,negative,-0.335538387298584,-0.9326940178871155,-0.8796791434288025
1,ZAB,The film often achieves a mesmerizing poetry.,2,0,positive,negative,-0.20560623705387115,-0.969337522983551,-0.820019006729126
1,ZAB,A work of astonishing delicacy and force.,2,0,positive,negative,-0.19548726081848145,-0.9373169541358948,-0.8097038269042969
1,ZAB,"The movie's plot is almost entirely witless and inane, carrying every gag two or three times beyond its limit to sustain a laugh.",0,0,negative,negative,-0.44001504778862,-0.798271119594574,-0.7584351897239685
1,ZAB,"For the most part, the ingredients are there.",1,0,neutral,negative,-0.3478669822216034,-0.9312188029289246,-0.8545753955841064
1,ZAB,"But if you've paid a matinee price and bought a big tub of popcorn, there's guilty fun to be had here.",1,0,neutral,negative,-0.4187030792236328,-0.8047083020210266,-0.8288112282752991
1,ZAB,"There's not much to Fatale, outside of its stylish surprises... but that's OK.",1,0,neutral,negative,-0.26691940426826477,-0.8595090508460999,-0.8477429747581482
1,ZAB,"The acting is stiff, the story lacks all trace of wit, the sets look like they were borrowed from Gilligan's Island -- and the CGI Scooby might well be the worst special-effects creation of the year.",0,0,negative,negative,-0.5125540494918823,-0.7434057593345642,-0.7190495729446411
1,ZAB,"This version moves beyond the original's nostalgia for the communal film experiences of yesteryear to a deeper realization of cinema's inability to stand in for true, lived experience.",1,0,neutral,negative,-0.3330901861190796,-0.8171135783195496,-0.7378772497177124
1,ZAB,"There's no palpable chemistry between Lopez and male lead Ralph Fiennes, plus the script by Working Girl scribe Kevin Wade is workmanlike in the extreme.",0,0,negative,negative,-0.32578590512275696,-0.7710651755332947,-0.6389495730400085
1,ZAB,"A first-class, thoroughly involving B movie that effectively combines two surefire, beloved genres -- the prison flick and the fight film.",2,0,positive,negative,-0.2514936625957489,-0.7849027514457703,-0.7384727001190186
1,ZAB,The film is so bad it doesn't improve upon the experience of staring at a blank screen.,0,0,negative,negative,-0.15061670541763306,-0.9019532203674316,-0.8651525974273682
1,ZAB,Weiss and Speck never make a convincing case for the relevance of these two 20th-century footnotes.,1,0,neutral,negative,-0.08978792279958725,-0.780882716178894,-0.7812998294830322
1,ZAB,Another Best of the Year selection.,2,0,positive,negative,-0.7227109670639038,-1.3511738777160645,-1.045998454093933
1,ZAB,It's all a rather shapeless good time...,1,0,neutral,negative,-0.041025396436452866,-0.8412787318229675,-0.7731773257255554
1,ZAB,"Same song, second verse, coulda been better, but it coulda been worse.",1,0,neutral,negative,-0.20941990613937378,-0.9218094348907471,-0.8611822724342346
1,ZAB,I love the robust middle of this picture.,2,0,positive,negative,-0.28467094898223877,-0.8635790944099426,-0.7637954950332642
1,ZAB,The soundtrack alone is worth the price of admission.,2,0,positive,negative,-0.41507160663604736,-1.1155496835708618,-0.9026744961738586
1,ZAB,Mostly Martha could have used a little trimming -- 10 or 15 minutes could be cut and no one would notice -- but it's a pleasurable trifle.,1,0,neutral,negative,-0.385513573884964,-0.7970792651176453,-0.7592272758483887
1,ZAB,"For the rest of us, sitting through Dahmer's two hours amounts to little more than punishment.",0,0,negative,negative,-0.2659379541873932,-0.8627815842628479,-0.8844295740127563
1,ZAB,"Featuring a dangerously seductive performance from the great Daniel Auteuil, ``Sade'' covers the same period as Kaufmann's ``Quills'' with more unsettlingly realistic results.",2,0,positive,negative,-0.3994583785533905,-0.7850028276443481,-0.7308617234230042
1,ZAB,"The movie is for fans who can't stop loving anime, and the fanatical excess built into it.",1,0,neutral,negative,-0.04169785603880882,-0.818967878818512,-0.8733975887298584
1,ZAB,"The Ring is worth a look, if you don't demand much more than a few cheap thrills from your Halloween entertainment.",1,0,neutral,negative,-0.039061542600393295,-0.6503559947013855,-0.6810439825057983
1,ZAB,"Beautifully observed, miraculously unsentimental comedy-drama.",2,0,positive,negative,-0.4367065131664276,-0.8811761736869812,-0.7664475440979004
1,ZAB,"What makes How I Killed My Father compelling, besides its terrific performances, is Fontaine's willingness to wander into the dark areas of parent-child relationships without flinching.",2,0,positive,negative,-0.3305850327014923,-0.6693596243858337,-0.6512061357498169
1,ZAB,"This hastily mounted production exists only to capitalize on Hopkins' inclination to play Hannibal Lecter again, even though Harris has no immediate inclination to provide a fourth book.",0,0,negative,negative,-0.5263844728469849,-0.6576612591743469,-0.6505237817764282
1,ZAB,Bullock's complete lack of focus and ability quickly derails the film.,0,0,negative,negative,-0.2593825161457062,-0.8026494383811951,-0.80282062292099
1,ZAB,"... a plotline that's as lumpy as two-day old porridge... the filmmakers' paws, sad to say, were all over this ``un-bear-able'' project!",0,0,negative,negative,-0.28563639521598816,-0.8122912049293518,-0.7884174585342407
1,ZAB,Crush could be the worst film a man has made about women since Valley of the Dolls.,0,0,negative,negative,-0.07439056783914566,-0.7496166825294495,-0.8112378120422363
1,ZAB,"Reassuring, retro uplifter.",2,0,positive,negative,-0.08698534220457077,-0.7671566605567932,-0.660456120967865
1,ZAB,Flaccid drama and exasperatingly slow journey.,0,0,negative,negative,-0.11502333730459213,-0.681607186794281,-0.6535156965255737
1,ZAB,The Movie will reach far beyond its core demographic.,2,0,positive,negative,-0.2723824083805084,-0.8019310235977173,-0.8125894069671631
1,ZAB,How did it ever get made?,0,0,negative,negative,-0.3139139711856842,-0.8262465000152588,-0.6701489686965942
1,ZAB,I like the new footage and still love the old stuff.,2,0,positive,negative,-0.3837601840496063,-0.8574278950691223,-0.8208514451980591
1,ZAB,"It briefly flirts with player masochism, but the point of real interest -- audience sadism -- is evaded completely.",1,0,neutral,negative,-0.2889109253883362,-0.7712838053703308,-0.8187421560287476
1,ZAB,Could The Country Bears really be as bad as its trailers?,0,0,negative,negative,-0.3942300081253052,-0.756107747554779,-0.8112310767173767
1,ZAB,"At times, the movie looks genuinely pretty.",2,0,positive,negative,-0.21199630200862885,-0.8161190748214722,-0.7385998964309692
1,ZAB,It depends on how well flatulence gags fit into your holiday concept.,1,0,neutral,negative,-0.3266839385032654,-0.7819439172744751,-0.8053362965583801
1,ZAB,"The stupidest, most insulting movie of 2002's first quarter.",0,0,negative,negative,-0.48799848556518555,-0.9274834990501404,-0.9537073373794556
1,ZAB,The film seems a dead weight.,0,0,negative,negative,-0.17421650886535645,-0.7586793303489685,-0.5322996973991394
1,ZAB,"Sparkling, often hilarious romantic jealousy comedy... Attal looks so much like a young Robert DeNiro that it seems the film should instead be called `My Husband Is Travis Bickle'.",2,0,positive,negative,-0.26607760787010193,-0.6239627003669739,-0.48924559354782104
1,ZAB,"I did go back and check out the last 10 minutes, but these were more repulsive than the first 30 or 40 minutes.",0,0,negative,negative,0.06066945567727089,-0.7301285862922668,-0.6189143061637878
1,ZAB,"A lousy movie that's not merely unwatchable, but also unlistenable.",0,0,negative,negative,0.0012133166892454028,-0.7526352405548096,-0.5559815168380737
1,ZAB,One of the best films of the year with its exploration of the obstacles to happiness faced by five contemporary individuals... a psychological masterpiece.,2,0,positive,negative,-0.0985565111041069,-0.6513190269470215,-0.4912126958370209
1,ZAB,"A strong script, powerful direction and splendid production design allows us to be transported into the life of Wladyslaw Szpilman, who is not only a pianist, but a good human being.",2,0,positive,negative,-0.17138710618019104,-0.6202993392944336,-0.38494157791137695
1,ZAB,"But here's the real damn: It isn't funny, either.",0,0,negative,negative,0.19557258486747742,-0.7178113460540771,-0.48764675855636597
1,ZAB,"Qutting may be a flawed film, but it is nothing if not sincere.",1,0,neutral,negative,0.09114701300859451,-0.7059337496757507,-0.4508041739463806
1,ZAB,It's a fanboy `what if?',1,0,neutral,negative,-0.13957560062408447,-0.7481662631034851,-0.4211087226867676
1,ZAB,... something appears to have been lost in the translation this time.,0,0,negative,negative,0.0014660105807706714,-0.696808397769928,-0.4669453203678131
1,ZAB,"Like a documentary version of Fight Club, shorn of social insight, intellectual pretension and cinematic interest.",1,0,neutral,negative,-0.016312982887029648,-0.6592814326286316,-0.48242247104644775
1,ZAB,"Stephen Rea, Aidan Quinn, and Alan Bates play Desmond's legal eagles, and when joined by Brosnan, the sight of this grandiloquent quartet lolling in pretty Irish settings is a pleasant enough thing, `tis.",2,0,positive,negative,-0.15740326046943665,-0.5175666213035583,-0.27251723408699036
1,ZAB,"It's a powerful though flawed movie, guaranteed to put a lump in your throat while reaffirming Washington as possibly the best actor working in movies today.",2,0,positive,negative,-0.10933207720518112,-0.6232051849365234,-0.34226223826408386
1,ZAB,An intriguing and entertaining introduction to Johnson.,2,0,positive,negative,-0.07942282408475876,-0.8283979892730713,-0.4895150661468506
1,ZAB,Everything was as superficial as the forced New Jersey lowbrow accent Uma had.,0,0,negative,negative,0.03972088173031807,-0.8279117941856384,-0.4842241704463959
1,ZAB,"Despite the holes in the story and the somewhat predictable plot, moments of the movie caused me to jump in my chair...",1,0,neutral,negative,0.06860368698835373,-0.645618736743927,-0.29853355884552
1,ZAB,`How many more voyages can this limping but dearly-loved franchise survive?',1,0,neutral,negative,0.13947908580303192,-0.7463831901550293,-0.5293378829956055
1,ZAB,If only the story about a multi-million dollar con bothered to include the con.,1,0,neutral,negative,-0.006004582159221172,-0.6907157301902771,-0.48105186223983765
1,ZAB,"It is supremely unfunny and unentertaining to watch middle-age and older men drink to excess, piss on trees, b.s. one another and put on a show in drag.",0,0,negative,negative,-0.1260005384683609,-0.5579537749290466,-0.28151559829711914
1,ZAB,"Showtime is one of the hapless victims of the arrogant ``if we put together a wry white man and a chatty black man and give them guns, the movie will be funny'' syndrome.",0,0,negative,negative,-0.08608580380678177,-0.541791558265686,-0.27299124002456665
1,ZAB,"Whatever heartwarming scene the impressively discreet filmmakers may have expected to record with their mini DV, they show a remarkable ability to document both sides of this emotional car-wreck.",2,0,positive,negative,-0.15873464941978455,-0.6410815119743347,-0.3311782777309418
1,ZAB,"A zombie movie in every sense of the word -- mindless, lifeless, meandering, loud, painful, obnoxious.",0,0,negative,negative,0.08760731667280197,-0.7533184885978699,-0.46509408950805664
1,ZAB,"It has fun with the quirks of family life, but it also treats the subject with fondness and respect.",2,0,positive,negative,0.11534202843904495,-0.6844239830970764,-0.43534767627716064
1,ZAB,"Novak manages to capture a cruelly hilarious vein of black comedy in the situation with his cast of non-actors and a gritty, no-budget approach.",2,0,positive,negative,-0.016767900437116623,-0.6458292603492737,-0.2906365990638733
1,ZAB,"Since Lee is a sentimentalist, the film is more worshipful than your random E!",1,0,neutral,negative,0.03984931483864784,-0.7679007649421692,-0.579646646976471
1,ZAB,"The movie is almost completely lacking in suspense, surprise and consistent emotional conviction.",0,0,negative,negative,0.04375389590859413,-0.7696267366409302,-0.4551472067832947
1,ZAB,"High Crimes knows the mistakes that bad movies make and is determined not to make them, and maybe that is nobility of a sort.",1,0,neutral,negative,-0.09131971746683121,-0.6430281400680542,-0.4297826886177063
1,ZAB,But it's too long and too convoluted and it ends in a muddle.,0,0,negative,negative,-0.16054657101631165,-0.8342808485031128,-0.5225462913513184
1,ZAB,This thing works on no level whatsoever for me.,0,0,negative,negative,0.09060987085103989,-0.8921427130699158,-0.3868473172187805
1,ZAB,... a bland murder-on-campus yawner.,0,0,negative,negative,-0.14822879433631897,-0.9029207825660706,-0.43841034173965454
1,ZAB,"One of the finest, most humane and important Holocaust movies ever made.",2,0,positive,negative,0.07801515609025955,-0.6524816155433655,-0.4751906394958496
1,ZAB,"Suffers from rambling, repetitive dialogue and the visual drabness endemic to digital video.",0,0,negative,negative,0.10782965272665024,-0.7205352187156677,-0.47947433590888977
1,ZAB,"The twist that ends the movie is the one with the most emotional resonance, but twists are getting irritating, and this is the kind of material where the filmmakers should be very careful about raising eyebrows.",1,0,neutral,negative,-0.1461648792028427,-0.5372422337532043,-0.3393594026565552
1,ZAB,"Angel presents events partly from the perspective of Aurelie and Christelle, and infuses the film with the sensibility of a particularly nightmarish fairytale.",1,0,neutral,negative,0.04595671966671944,-0.7065359354019165,-0.3817710876464844
1,ZAB,Features one of the most affecting depictions of a love affair ever committed to film.,2,0,positive,negative,0.06545101851224899,-0.7411020994186401,-0.4763113260269165
1,ZAB,It is intensely personal and yet -- unlike Quills -- deftly shows us the temper of the times.,2,0,positive,negative,0.02104002609848976,-0.7481779456138611,-0.5087006688117981
1,ZAB,"Even as I valiantly struggled to remain interested, or at least conscious, I could feel my eyelids... getting... very... heavy...",0,0,negative,negative,-0.009514386765658855,-0.6761183738708496,-0.4420197010040283
1,ZAB,"... a solid, well-formed satire.",2,0,positive,negative,-0.21373334527015686,-0.7883100509643555,-0.4612500071525574
1,ZAB,Deserves high marks for political courage but barely gets by on its artistic merits.,1,0,neutral,negative,0.14178842306137085,-0.7594022750854492,-0.487271249294281
1,ZAB,Read My Lips is to be viewed and treasured for its extraordinary intelligence and originality as well as its lyrical variations on the game of love.,2,0,positive,negative,-0.026361119002103806,-0.606171727180481,-0.2831823229789734
1,ZAB,"... creates a visceral sense of its characters' lives and conflicted emotions that carries it far above... what could have been a melodramatic, Lifetime Channel-style anthology.",1,0,neutral,negative,-0.05990913137793541,-0.6259302496910095,-0.3517923355102539
1,ZAB,Reeks of rot and hack work from start to finish.,1,0,neutral,negative,-0.08785029500722885,-0.8327877521514893,-0.37102001905441284
1,ZAB,Just how these families interact may surprise you.,1,0,neutral,negative,-0.06284939497709274,-0.830627977848053,-0.37332671880722046
1,ZAB,"The Movie is what happens when you blow up small potatoes to 10 times their natural size, and it ain't pretty.",0,0,negative,negative,0.029194343835115433,-0.6196168661117554,-0.34732645750045776
1,ZAB,"Even a hardened voyeur would require the patience of Job to get through this interminable, shapeless documentary about the swinging subculture.",0,0,negative,negative,-0.038572411984205246,-0.6739780902862549,-0.3989710807800293
1,ZAB,"Creepy, authentic and dark.",1,0,neutral,negative,-0.050552573055028915,-0.824438214302063,-0.3930484652519226
1,ZAB,A lame romantic comedy about an unsympathetic character and someone who would not likely be so stupid as to get involved with her.,0,0,negative,negative,-0.05042704567313194,-0.6577923893928528,-0.39465203881263733
1,ZAB,"Rob Schneider's infantile cross-dressing routines fill The Hot Chick, the latest gimmick from this unimaginative comedian.",0,2,negative,positive,-0.7549740076065063,-0.8334275484085083,-0.6422538757324219
1,ZAB,"The film is a contrivance, as artificial as the video games Japanese teens play in a nightclub sequence, but it's an enjoyable one.",1,0,neutral,negative,-0.7574101686477661,-0.8930739760398865,-0.7596580982208252
1,ZAB,"At its worst the screenplay is callow, but at its best it is a young artist's thoughtful consideration of fatherhood.",1,0,neutral,negative,-0.5417724847793579,-0.9919222593307495,-0.7379105687141418
1,ZAB,At 78 minutes it just zings along with vibrance and warmth.,2,0,positive,negative,-0.2504796087741852,-1.0677413940429688,-0.7341601848602295
1,ZAB,"Only an epic documentary could get it all down, and Spike Lee's Jim Brown: All American at long last gives its subject a movie worthy of his talents.",2,2,positive,positive,-0.5644863843917847,-0.8339120745658875,-0.5624555349349976
1,ZAB,"As quiet, patient and tenacious as Mr. Lopez himself, who approaches his difficult, endless work with remarkable serenity and discipline.",2,0,positive,negative,-0.5158397555351257,-0.9216111302375793,-0.7575727105140686
1,ZAB,"Instead of hiding Pinocchio from critics, Miramax should have hidden it from everyone.",0,0,negative,negative,-0.4250990152359009,-1.1634578704833984,-0.7320151329040527
1,ZAB,What a great shame that such a talented director as Chen Kaige has chosen to make his English-language debut with a film so poorly plotted and scripted.,0,2,negative,positive,-0.7972711324691772,-0.8277106285095215,-0.5698230862617493
1,ZAB,Jeffs has created a breathtakingly assured and stylish work of spare dialogue and acute expressiveness.,2,0,positive,negative,-0.22097471356391907,-0.8689124584197998,-0.6089348196983337
1,ZAB,"Just about the best straight-up, old-school horror film of the last 15 years.",2,0,positive,negative,-0.12884891033172607,-0.9792128205299377,-0.7043651938438416
1,ZAB,"Gosling creates a staggeringly compelling character, a young man whose sharp intellect is at the very root of his contradictory, self-hating, self-destructive ways.",2,0,positive,negative,-0.5048069953918457,-0.9037745594978333,-0.6227750182151794
1,ZAB,"I thought the relationships were wonderful, the comedy was funny, and the love `real'.",2,0,positive,negative,-0.42534270882606506,-0.9385769367218018,-0.646207332611084
1,ZAB,Better at putting you to sleep than a sound machine.,0,0,negative,negative,-0.38510292768478394,-0.8910659551620483,-0.5842495560646057
1,ZAB,Feels less like a cousin to Blade Runner than like a bottom-feeder sequel in the Escape From New York series.,0,0,negative,negative,-0.24463999271392822,-0.8149639964103699,-0.4807239770889282
1,ZAB,"Elegantly produced and expressively performed, the six musical numbers crystallize key plot moments into minutely detailed wonders of dreamlike ecstasy.",2,0,positive,negative,-0.5637920498847961,-0.8661436438560486,-0.5809023380279541
1,ZAB,"Ultimate X is a ride, basically the kind of greatest-hits reel that might come with a subscription to ESPN the Magazine.",1,0,neutral,negative,-0.36568912863731384,-0.7875039577484131,-0.5273699760437012
1,ZAB,"Celebrated at Sundance, this slight comedy of manners has winning performances and a glossy, glib charm that's hard to beat.",2,0,positive,negative,-0.4078572392463684,-0.8687845468521118,-0.6333234906196594
1,ZAB,"Apparently, romantic comedy with a fresh point of view just doesn't figure in the present Hollywood program.",0,0,negative,negative,-0.22435367107391357,-0.8321770429611206,-0.6452681422233582
1,ZAB,That Haynes can both maintain and dismantle the facades that his genre and his character construct is a wonderous accomplishment of veracity and narrative grace.,2,0,positive,negative,-0.38006797432899475,-0.7486793398857117,-0.5810753703117371
1,ZAB,"Some elements of it really blow the big one, but other parts are decent.",1,0,neutral,negative,-0.11848082393407822,-0.9943915605545044,-0.5421465039253235
1,ZAB,"No French people were harmed during the making of this movie, but they were insulted and the audience was put through torture for an hour and a half.",0,2,negative,positive,-0.5793452262878418,-0.820422351360321,-0.5288182497024536
1,ZAB,"I was feeling this movie until it veered off too far into the Exxon zone, and left me behind at the station looking for a return ticket to realism.",0,0,negative,negative,-0.30310192704200745,-0.8988873362541199,-0.5634463429450989
1,ZAB,The simplicity of The Way Home has few equals this side of Aesop.,1,0,neutral,negative,-0.1372377574443817,-0.834619402885437,-0.4225381016731262
1,ZAB,Exceptionally well acted by Diane Lane and Richard Gere.,2,0,positive,negative,-0.4278055727481842,-1.0751656293869019,-0.6920943856239319
1,ZAB,"Dong shows how intolerance has the power to deform families, then tear them apart.",1,0,neutral,negative,-0.3888964354991913,-0.9512622952461243,-0.7422194480895996
1,ZAB,"A stupid, derivative horror film that substitutes extreme gore for suspense.",0,0,negative,negative,-0.4068996012210846,-1.1596860885620117,-0.7978779077529907
1,ZAB,It's a great American adventure and a wonderful film to bring to IMAX.,2,0,positive,negative,-0.17352259159088135,-0.9590080380439758,-0.6285231113433838
1,ZAB,It's 51 times better than this.,1,2,neutral,positive,-0.7129210233688354,-1.0545984506607056,-0.5161391496658325
1,ZAB,"It's like an old Warner Bros. costumer jived with sex -- this could be the movie Errol Flynn always wanted to make, though Bette Davis, cast as Joan, would have killed him.",1,0,neutral,negative,-0.33043429255485535,-0.7997218370437622,-0.4072904884815216
1,ZAB,"A miraculous movie, I'm Going Home is so slight, yet overflows with wisdom and emotion.",2,0,positive,negative,-0.07177384942770004,-0.8834766149520874,-0.5054812431335449
1,ZAB,"A fiercely clever and subtle film, capturing the precarious balance between the extravagant confidence of the exiled aristocracy and the cruel earnestness of the victorious revolutionaries.",2,0,positive,negative,-0.3174380958080292,-0.7777701020240784,-0.47694432735443115
1,ZAB,"It's as if you're watching a movie that was made in 1978 but not released then because it was so weak, and it has been unearthed and released now, when it has become even weaker.",0,2,negative,positive,-0.525593638420105,-0.7751894593238831,-0.4877593517303467
1,ZAB,Anemic chronicle of money grubbing New Yorkers and their serial loveless hook ups.,1,0,neutral,negative,-0.16149801015853882,-1.0144141912460327,-0.6047041416168213
1,ZAB,"Thanks to a small star with big heart, this family film sequel is plenty of fun for all.",2,0,positive,negative,-0.09742420166730881,-0.8922623991966248,-0.5897935032844543
1,ZAB,And I've decided to leave a light on every night from now on.,1,0,neutral,negative,-0.02666410431265831,-0.9300140142440796,-0.6231196522712708
1,ZAB,Festers in just such a dungpile that you'd swear you were watching monkeys flinging their feces at you.,0,0,negative,negative,-0.41457533836364746,-0.9728308916091919,-0.6723421812057495
1,ZAB,under-rehearsed and lifeless,0,2,negative,positive,-0.5410324335098267,-1.0317049026489258,-0.5322583317756653
1,ZAB,Exactly what you'd expect from a guy named Kaos.,1,0,neutral,negative,-0.33473601937294006,-0.9862285256385803,-0.53083735704422
1,ZAB,"If legendary shlockmeister Ed Wood had ever made a movie about a vampire, it probably would look a lot like this alarming production, adapted from Anne Rice's novel The Vampire Chronicles.",1,0,neutral,negative,-0.42094871401786804,-0.8084862232208252,-0.4919505715370178
1,ZAB,"For those for whom the name Woody Allen was once a guarantee of something fresh, sometimes funny, and usually genuinely worthwhile, Hollywood Ending is a depressing experience.",0,0,negative,negative,-0.27017661929130554,-0.7842956781387329,-0.3968682885169983
1,ZAB,Bella is the picture of health with boundless energy until a few days before she dies.,1,0,neutral,negative,0.009134267456829548,-0.8888528347015381,-0.5995157361030579
1,ZAB,"The fun of the movie is the chance it affords to watch Jackson, who also served as executive producer, take his smooth, shrewd, powerful act abroad.",2,0,positive,negative,-0.44836997985839844,-0.8313668966293335,-0.49634674191474915
1,ZAB,What should have been a cutting Hollywood satire is instead about as fresh as last week's issue of Variety.,0,0,negative,negative,-0.2795916497707367,-0.8292748928070068,-0.5093159675598145
1,ZAB,"Cox offers plenty of glimpses at existing photos, but there are no movies of Nijinsky, so instead the director treats us to an aimless hodgepodge.",0,0,negative,negative,-0.5163307189941406,-0.9101917147636414,-0.5784832239151001
1,ZAB,Aaliyah rarely dampens her diva persona enough to spark genuine chemistry with Townsend.,1,0,neutral,negative,0.018531370908021927,-0.7381724715232849,-0.4671826958656311
1,ZAB,Mr. Soderbergh's direction and visual style struck me as unusually and unimpressively fussy and pretentious.,0,0,negative,negative,-0.20023107528686523,-0.7953736186027527,-0.6027651429176331
1,ZAB,Mazel tov to a film about a family's joyous life acting on the Yiddish stage.,2,0,positive,negative,-0.2755163013935089,-0.8429653644561768,-0.610292911529541
1,ZAB,... would be a total loss if not for two supporting performances taking place at the movie's edges.,1,0,neutral,negative,-0.2616210877895355,-1.0135029554367065,-0.7038873434066772
1,ZAB,An inspiring and heart-affecting film about the desperate attempts of Vietnamese refugees living in U.S. relocation camps to keep their hopes alive in 1975.,2,0,positive,negative,-0.1871728003025055,-0.7426741123199463,-0.4498823881149292
1,ZAB,"Loud, chaotic and largely unfunny.",0,0,negative,negative,-0.12945452332496643,-0.8376928567886353,-0.2721625566482544
1,ZAB,The immersive powers of the giant screen and its hyper-realistic images are put to perfect use in the breathtakingly beautiful outer-space documentary Space Station 3D.,2,0,positive,negative,0.25234681367874146,-0.44010651111602783,-0.21212096512317657
1,ZAB,It's everything you don't go to the movies for.,0,0,negative,negative,0.3138655126094818,-0.6257513165473938,-0.3097068667411804
1,ZAB,"Harris is supposed to be the star of the story, but comes across as pretty dull and wooden.",1,0,neutral,negative,0.4824322760105133,-0.4640835225582123,-0.38538897037506104
1,ZAB,Allen's funniest and most likeable movie in years.,2,0,positive,negative,0.17515787482261658,-0.6590865254402161,-0.28812795877456665
1,ZAB,"For those who pride themselves on sophisticated, discerning taste, this might not seem like the proper cup of tea, however it is almost guaranteed that even the stuffiest cinema goers will laugh their 1*** off for an hour-and-a-half.",2,0,positive,negative,0.21152740716934204,-0.47368568181991577,-0.21941088140010834
1,ZAB,"There is a refreshing absence of cynicism in Stuart Little 2 -- quite a rarity, even in the family film market.",2,0,positive,negative,0.32952725887298584,-0.34248092770576477,-0.30141985416412354
1,ZAB,There are plot holes big enough for Shamu the killer whale to swim through.,0,0,negative,negative,0.33822527527809143,-0.679501473903656,-0.5066035985946655
1,ZAB,... always remains movingly genuine.,2,0,positive,negative,0.12589243054389954,-0.7154072523117065,-0.350841760635376
1,ZAB,"Stitch is a bad mannered, ugly and destructive little ****.",0,0,negative,negative,0.2896900177001953,-0.5732764005661011,-0.3515671491622925
1,ZAB,The cast is top-notch and I predict there will be plenty of female audience members drooling over Michael Idemoto as Michael.,2,0,positive,negative,0.34616607427597046,-0.48581743240356445,-0.3252173662185669
1,ZAB,Kirshner and Monroe seem to be in a contest to see who can out-bad-act the other.,0,0,negative,negative,0.34062013030052185,-0.6590515971183777,-0.5028793215751648
1,ZAB,This is one of those war movies that focuses on human interaction rather than battle and action sequences... and it's all the stronger because of it.,2,0,positive,negative,0.1999378800392151,-0.32273221015930176,-0.26631179451942444
1,ZAB,"Like life on the island, the movie grows boring despite the scenery.",0,0,negative,negative,0.53594571352005,-0.49193739891052246,-0.37211012840270996
1,ZAB,It's anchored by splendid performances from an honored screen veteran and a sparkling newcomer who instantly transform themselves into a believable mother/daughter pair.,2,0,positive,negative,0.35769397020339966,-0.30198273062705994,-0.14928896725177765
1,ZAB,An atonal estrogen opera that demonizes feminism while gifting the most sympathetic male of the piece with a nice vomit bath at his wedding.,0,0,negative,negative,0.2805987298488617,-0.41931313276290894,-0.2515752911567688
1,ZAB,"Even by the intentionally low standards of frat-boy humor, Sorority Boys is a bowser.",0,0,negative,negative,0.3843211233615875,-0.5894160866737366,-0.4175732731819153
1,ZAB,"Director of photography Benoit Delhomme shot the movie in delicious colors, and the costumes and sets are grand.",2,0,positive,negative,0.48389530181884766,-0.3742212653160095,-0.2924526333808899
1,ZAB,The only entertainment you'll derive from this choppy and sloppy affair will be from unintentional giggles -- several of them.,0,0,negative,negative,0.17779305577278137,-0.6809197664260864,-0.49557578563690186
1,ZAB,The film serves as a valuable time capsule to remind us of the devastating horror suffered by an entire people.,1,0,neutral,negative,0.22088438272476196,-0.4486072063446045,-0.30727505683898926
1,ZAB,"A bittersweet contemporary comedy about benevolent deception, which, while it may not rival the filmmaker's period pieces, is still very much worth seeing.",2,0,positive,negative,0.11749858409166336,-0.4346460998058319,-0.29764458537101746
1,ZAB,Attal pushes too hard to make this a comedy or serious drama.,0,0,negative,negative,0.32539841532707214,-0.6032572388648987,-0.47014719247817993
1,ZAB,Isabelle Huppert excels as the enigmatic Mika and Anna Mouglalis is a stunning new young talent in one of Chabrol's most intense psychological mysteries.,2,0,positive,negative,0.1658695936203003,-0.35417503118515015,-0.21764199435710907
1,ZAB,A small movie with a big impact.,2,0,positive,negative,0.25571367144584656,-0.7162467241287231,-0.2583867311477661
1,ZAB,Photographed with melancholy richness and eloquently performed yet also decidedly uncinematic.,1,0,neutral,negative,0.08407799154520035,-0.6252031922340393,-0.4912277162075043
1,ZAB,"Hey Arnold! is now stretched to barely feature length, with a little more attention paid to the animation.",1,0,neutral,negative,0.38392093777656555,-0.32654276490211487,-0.2950819134712219
1,ZAB,"After that, it just gets stupid and maudlin.",0,0,negative,negative,0.3850679099559784,-0.6073336005210876,-0.39984238147735596
1,ZAB,"The stunning, dreamlike visuals will impress even those viewers who have little patience for Euro-film pretension.",2,0,positive,negative,0.394291490316391,-0.4338776469230652,-0.25854912400245667
1,ZAB,"Plods along, minus the twisted humor and eye-popping visuals that have made Miike... a cult hero.",1,0,neutral,negative,0.42113277316093445,-0.5273311734199524,-0.43257173895835876
1,ZAB,"Impresses as a skillfully assembled, highly polished and professional adaptation... just about as chilling and unsettling as `Manhunter' was.",2,0,positive,negative,0.2933431565761566,-0.4162527918815613,-0.3186156749725342
1,ZAB,"For the most part, it's a work of incendiary genius, steering clear of knee-jerk reactions and quick solutions.",2,0,positive,negative,0.4941652715206146,-0.4289526045322418,-0.35741907358169556
1,ZAB,"It's badly acted, blandly directed, and could have been scripted by someone who just graduated from elementary school.",0,0,negative,negative,0.23335716128349304,-0.4513649046421051,-0.3201366066932678
1,ZAB,"The sort of picture in which, whenever one of the characters has some serious soul searching to do, they go to a picture-perfect beach during sunset.",1,0,neutral,negative,0.3484187424182892,-0.6092423796653748,-0.45496755838394165
1,ZAB,... a roller-coaster ride of a movie,2,0,positive,negative,-0.17658686637878418,-0.7176595330238342,-0.4978180527687073
1,ZAB,"A colorful, vibrant introduction to a universal human impulse, lushly photographed and beautifully recorded.",2,0,positive,negative,0.15040433406829834,-0.4626067280769348,-0.4179639220237732
1,ZAB,Audiard successfully maintains suspense on different levels throughout a film that is both gripping and compelling.,2,0,positive,negative,0.13873425126075745,-0.49304360151290894,-0.36923834681510925
1,ZAB,After that it becomes long and tedious like a classroom play in a college history course.,0,0,negative,negative,0.13193118572235107,-0.662788987159729,-0.42719653248786926
1,ZAB,"This is cool, slick stuff, ready to quench the thirst of an audience that misses the summer blockbusters.",2,0,positive,negative,0.16693755984306335,-0.4128597378730774,-0.44360965490341187
1,ZAB,"Blade II has a brilliant director and charismatic star, but it suffers from rampant vampire devaluation.",1,0,neutral,negative,-0.08035453408956528,-0.5899161696434021,-0.3568955957889557
1,ZAB,"A loud, ugly, irritating movie without any of its satirical salvos hitting a discernible target.",0,0,negative,negative,0.26066485047340393,-0.4926513731479645,-0.3412522077560425
1,ZAB,"For VeggieTales fans, this is more appetizing than a side dish of asparagus.",2,0,positive,negative,0.15694108605384827,-0.5459508895874023,-0.3721722364425659
1,ZAB,"While it regards 1967 as the key turning point of the 20th century, and returns again and again to images of dissidents in the streets, it's alarmingly current.",1,0,neutral,negative,0.07558897882699966,-0.3999563157558441,-0.19025234878063202
1,ZAB,A truly wonderful tale combined with stunning animation.,2,0,positive,negative,0.06260908395051956,-0.6280979514122009,-0.35310015082359314
1,ZAB,"Nothing sticks, really, except a lingering creepiness one feels from being dragged through a sad, sordid universe of guns, drugs, avarice and damaged dreams.",0,0,negative,negative,-0.003984059207141399,-0.3128211498260498,-0.15731747448444366
1,ZAB,``Simone'' is a fun and funky look into an artificial creation in a world that thrives on artificiality.,2,0,positive,negative,0.3471001088619232,-0.46874797344207764,-0.3855873644351959
1,ZAB,"It's a hoot watching The Rock chomp on jumbo ants, pull an arrow out of his back, and leap unscathed through raging fire!",2,0,positive,negative,0.23114699125289917,-0.3184557259082794,-0.14565689861774445
1,ZAB,"While Tattoo borrows heavily from both Seven and The Silence of the Lambs, it manages to maintain both a level of sophisticated intrigue and human-scale characters that suck the audience in.",2,0,positive,negative,0.24737796187400818,-0.2965439558029175,-0.15040408074855804
1,ZAB,A portrait of an artist.,1,0,neutral,negative,0.2874676287174225,-0.5802702307701111,-0.20135824382305145
1,ZAB,"As written by Michael Berg and Michael J. Wilson from a story by Wilson, this relentless, all-wise-guys-all-the-time approach tries way too hard and gets tiring in no time at all.",0,0,negative,negative,-0.4542751610279083,-0.7853925824165344,-0.5905960202217102
1,ZAB,"It's the best film of the year so far, the benchmark against which all other Best Picture contenders should be measured.",2,2,positive,positive,-0.5402026772499084,-0.6106734871864319,-0.47384917736053467
1,ZAB,This is one of the biggest disappointments of the year.,0,0,negative,negative,-0.6491565108299255,-1.0607508420944214,-0.6962512731552124
1,ZAB,It never fails to engage us.,2,2,positive,positive,-0.8525047898292542,-1.1030817031860352,-0.733135461807251
1,ZAB,"Denis forges out of the theories of class - based rage and sisterly obsession a razor-sided tuning fork that rings with cultural, sexual and social discord.",1,0,neutral,negative,-0.5621846914291382,-0.6783797144889832,-0.6653804779052734
1,ZAB,"Like the best of Godard's movies... it is visually ravishing, penetrating, impenetrable.",2,0,positive,negative,-0.36925074458122253,-0.9384953379631042,-0.6926573514938354
1,ZAB,The cumulative effect of the movie is repulsive and depressing.,0,0,negative,negative,-0.1736055314540863,-0.8082544803619385,-0.7179530262947083
1,ZAB,"Feels like nothing quite so much as a middle-aged moviemaker's attempt to surround himself with beautiful, half-naked women.",1,0,neutral,negative,-0.19974857568740845,-0.5970950126647949,-0.758013904094696
1,ZAB,"A very long movie, dull in stretches, with entirely too much focus on meal preparation and igloo construction.",0,0,negative,negative,-0.39401400089263916,-0.7470291256904602,-0.6143302321434021
1,ZAB,"In XXX, Diesel is that rare creature -- an action hero with table manners, and one who proves that elegance is more than tattoo deep.",2,0,positive,negative,-0.2559513449668884,-0.5086740255355835,-0.5616194009780884
1,ZAB,I'm not sure which will take longer to heal: the welt on Johnny Knoxville's stomach from a riot-control projectile or my own tortured psyche.,0,0,negative,negative,-0.4009561240673065,-0.4705389738082886,-0.49147698283195496
1,ZAB,"While Serving Sara does have a long way to go before it reaches the level of crudity in the latest Austin Powers extravaganza, there's nothing here to match that movie's intermittent moments of inspiration.",1,0,neutral,negative,-0.34169912338256836,-0.39860400557518005,-0.5996870994567871
1,ZAB,"It's difficult to conceive of anyone who has reached puberty actually finding the characters in Slackers or their antics amusing, let alone funny.",0,0,negative,negative,-0.23902568221092224,-0.43791672587394714,-0.5328441262245178
1,ZAB,"It never is, not fully.",1,0,neutral,negative,-0.3606753945350647,-0.7291726469993591,-0.5580958127975464
1,ZAB,"Not only is Undercover Brother as funny, if not more so, than both Austin Powers films, but it's also one of the smarter, savvier spoofs to come along in some time.",2,0,positive,negative,-0.24572977423667908,-0.3716757893562317,-0.5618942379951477
1,ZAB,It should be mentioned that the set design and interiors of the haunted vessel are more than effectively creepy and moodily lit.,2,0,positive,negative,-0.1956237256526947,-0.4616601765155792,-0.5813665390014648
1,ZAB,"With the exception of some fleetingly amusing improvisations by Cedric the Entertainer as Perry's boss, there isn't a redeeming moment here.",0,0,negative,negative,-0.23360896110534668,-0.5041688084602356,-0.5042552947998047
1,ZAB,It's a funny little movie with clever dialogue and likeable characters.,2,0,positive,negative,-0.11081837862730026,-0.5147203207015991,-0.5597715377807617
1,ZAB,"``13 Conversations'' holds its goodwill close, but is relatively slow to come to the point.",1,0,neutral,negative,-0.2104867398738861,-0.6614916920661926,-0.6977449655532837
1,ZAB,"Not the kind of film that will appeal to a mainstream American audience, but there is a certain charm about the film that makes it a suitable entry into the fest circuit.",2,0,positive,negative,-0.3435627520084381,-0.3667176067829132,-0.4183553457260132
1,ZAB,"You come away wishing, though, that the movie spent a lot less time trying to make a credible case for reports from the afterlife and a lot more time on the romantic urgency that's at the center of the story.",1,0,neutral,negative,-0.4390213191509247,-0.5041809678077698,-0.5347288846969604
1,ZAB,The movie is virtually without context -- journalistic or historical.,0,0,negative,negative,-0.06404390186071396,-0.6086333394050598,-0.6248204112052917
1,ZAB,"After sitting through this sloppy, made-for-movie comedy special, it makes me wonder if Lawrence hates criticism so much that he refuses to evaluate his own work.",0,0,negative,negative,-0.1374516785144806,-0.4094431400299072,-0.501215934753418
1,ZAB,Genuinely touching because it's realistic about all kinds of love.,2,0,positive,negative,-0.15148305892944336,-0.750901997089386,-0.6406653523445129
1,ZAB,"For all the complications, it's all surprisingly predictable.",1,0,neutral,negative,-0.3415133059024811,-0.7173935770988464,-0.600178599357605
1,ZAB,"Armed with a game supporting cast, from the pitch-perfect Forster to the always hilarious Meara and Levy, Like Mike shoots and scores, doing its namesake proud.",2,0,positive,negative,-0.1514747440814972,-0.3711235523223877,-0.4944479763507843
1,ZAB,It will guarantee to have you leaving the theater with a smile on your face.,2,0,positive,negative,-0.1995687186717987,-0.62297123670578,-0.5807420015335083
1,ZAB,"The misery of these people becomes just another voyeuristic spectacle, to be consumed and forgotten.",0,0,negative,negative,-0.055381473153829575,-0.5576345324516296,-0.4995558261871338
1,ZAB,"A thoroughly awful movie -- dumb, narratively chaotic, visually sloppy... a weird amalgam of `The Thing' and a geriatric `Scream.'",0,0,negative,negative,-0.12478151172399521,-0.43810054659843445,-0.5498533248901367
1,ZAB,"One of those staggeringly well-produced, joylessly extravagant pictures that keep whooshing you from one visual marvel to the next, hastily, emptily.",1,0,neutral,negative,-0.17919665575027466,-0.46445080637931824,-0.45718079805374146
1,ZAB,"Measured against practically any like-themed film other than its Oscar-sweeping franchise predecessor The Silence of the Lambs, Red Dragon rates as an exceptional thriller.",2,0,positive,negative,-0.20310810208320618,-0.45713987946510315,-0.5189186930656433
1,ZAB,"The movie has no respect for laws, political correctness or common decency, but it displays something more important: respect for its flawed, crazy people.",1,0,neutral,negative,-0.16518482565879822,-0.3641151487827301,-0.4041775166988373
1,ZAB,"In a strange way, Egoyan has done too much.",1,0,neutral,negative,-0.24974006414413452,-0.5184370875358582,-0.49787116050720215
1,ZAB,"After seeing the film, I can tell you that there's no other reason why anyone should bother remembering it.",0,0,negative,negative,-0.08605291694402695,-0.5451533198356628,-0.5511053800582886
1,ZAB,The film is darkly funny in its observation of just how much more grueling and time-consuming the illusion of work is than actual work.,2,0,positive,negative,-0.10299994796514511,-0.5234589576721191,-0.602712869644165
1,ZAB,"In some ways, Lagaan is quintessential Bollywood.",1,0,neutral,negative,-0.06786742061376572,-0.6149718761444092,-0.5753554105758667
1,ZAB,"Pacino and Williams seem to keep upping the ante on each other, just as their characters do in the film.",2,0,positive,negative,-0.09586497396230698,-0.3600560426712036,-0.45704081654548645
1,ZAB,"It would be disingenuous to call Reno a great film, but you can say that about most of the flicks moving in and out of the multiplex.",1,0,neutral,negative,-0.22708472609519958,-0.3368676006793976,-0.3867795765399933
1,ZAB,"Some movies can get by without being funny simply by structuring the scenes as if they were jokes: a setup, delivery and payoff.",1,0,neutral,negative,-0.1479356288909912,-0.3654049038887024,-0.4206678867340088
1,ZAB,Narc can only remind us of brilliant crime dramas without becoming one itself.,1,0,neutral,negative,-0.12252768129110336,-0.5234835743904114,-0.4824190139770508
1,ZAB,Narc is a no-bull throwback to 1970s action films.,2,0,positive,negative,-0.071908138692379,-0.616556704044342,-0.5500988960266113
1,ZAB,Intriguing and downright intoxicating.,2,0,positive,negative,-0.255323201417923,-0.719542920589447,-0.47128310799598694
1,ZAB,"The wonderful combination of the sweetness and the extraordinary technical accomplishments of the first film are maintained, but its overall impact falls a little flat with a storyline that never quite delivers the original magic.",1,0,neutral,negative,-0.17847025394439697,-0.3210870325565338,-0.35954007506370544
1,ZAB,Perhaps the most annoying thing about Who Is Cletis Tout? is that it's a crime movie made by someone who obviously knows nothing about crime.,0,0,negative,negative,-0.25615042448043823,-0.3678523600101471,-0.45993945002555847
1,ZAB,"In addition to scoring high for originality of plot -- putting together familiar themes of family, forgiveness and love in a new way -- Lilo & Stitch has a number of other assets to commend it to movie audiences both innocent and jaded.",2,0,positive,negative,-0.20656520128250122,-0.29339051246643066,-0.3759461045265198
1,ZAB,The quirky drama touches the heart and the funnybone thanks to the energetic and always surprising performance by Rachel Griffiths.,2,0,positive,negative,-0.17026770114898682,-0.45012861490249634,-0.4126339852809906
1,ZAB,"At its worst, it implodes in a series of very bad special effects.",0,0,negative,negative,-0.22796422243118286,-0.6910461783409119,-0.5155121088027954
1,ZAB,Bad and baffling from the get-go.,0,0,negative,negative,-0.29852965474128723,-0.5492258667945862,-0.373859703540802
1,ZAB,"The movie is a blast of educational energy, as bouncy animation and catchy songs escort you through the entire 85 minutes.",2,0,positive,negative,-0.16241297125816345,-0.5828360915184021,-0.568108320236206
1,ZAB,"To my taste, the film's comic characters come perilously close to being Amoses and Andys for a new generation.",1,0,neutral,negative,-0.3073013126850128,-1.0648143291473389,-0.5243622064590454
1,ZAB,"Although the sequel has all the outward elements of the original, the first film's lovely flakiness is gone, replaced by the forced funniness found in the dullest kiddie flicks.",0,2,negative,positive,-0.49775561690330505,-0.7771193385124207,-0.3487042188644409
1,ZAB,"The real charm of this trifle is the deadpan comic face of its star, Jean Reno, who resembles Sly Stallone in a hot sake half-sleep.",1,2,neutral,positive,-0.4322211444377899,-0.7740128636360168,-0.25001055002212524
1,ZAB,"... a cute and sometimes side-splittingly funny blend of Legally Blonde and Drop Dead Gorgeous, starring Piper Perabo in what could be her breakthrough role.",2,2,positive,positive,-0.4361068606376648,-0.9005705118179321,-0.3085921108722687
1,ZAB,"This method almost never fails him, and it works superbly here.",2,2,positive,positive,-0.6075267791748047,-1.119262933731079,-0.5080282688140869
1,ZAB,Few films capture so perfectly the hopes and dreams of little boys on baseball fields as well as the grown men who sit in the stands.,2,2,positive,positive,-0.6405947804450989,-0.8139939904212952,-0.4635554552078247
1,ZAB,Steers has an unexpectedly adamant streak of warm-blooded empathy for all his disparate Manhattan denizens -- especially the a**holes.,1,0,neutral,negative,-0.40133050084114075,-1.0194467306137085,-0.4168090224266052
1,ZAB,"The Emperor's Club is one of those films that possesses all the good intentions in the world, but...",1,0,neutral,negative,-0.18672122061252594,-0.8497843742370605,-0.3698270916938782
1,ZAB,The most compelling performance of the year adds substantial depth to this shocking testament to anti-Semitism and neo-fascism.,2,0,positive,negative,-0.2883109152317047,-1.087201476097107,-0.5542816519737244
1,ZAB,"LaBute can't avoid a fatal mistake in the modern era: He's changed the male academic from a lower-class Brit to an American, a choice that upsets the novel's exquisite balance and shreds the fabric of the film.",1,2,neutral,positive,-0.5310568809509277,-0.7075896859169006,-0.216474249958992
1,ZAB,A biopic about Crane's life in the classic tradition but evolves into what has become of us all in the era of video.,1,2,neutral,positive,-0.5196128487586975,-0.6844834685325623,-0.2105458825826645
1,ZAB,"A work of extraordinary journalism, but it is also a work of deft and subtle poetry.",2,0,positive,negative,-0.37532490491867065,-0.9612938761711121,-0.5890461802482605
1,ZAB,... think of it as American Pie On Valium.,1,0,neutral,negative,-0.507242739200592,-1.070313811302185,-0.602495551109314
1,ZAB,Gere gives a good performance in a film that doesn't merit it.,1,0,neutral,negative,-0.3021104633808136,-1.254841923713684,-0.5427337884902954
1,ZAB,The Pianist is Polanski's best film.,2,2,positive,positive,-0.5160963535308838,-0.712093710899353,0.10978598892688751
1,ZAB,Maybe Thomas Wolfe was right: You can't go home again.,1,0,neutral,negative,-0.22510865330696106,-1.0557149648666382,-0.4800029397010803
1,ZAB,"The director, with his fake backdrops and stately pacing, never settles on a consistent tone.",0,2,negative,positive,-0.4964364767074585,-0.9463214874267578,-0.47530123591423035
1,ZAB,"Why he was given free reign over this project -- he wrote, directed, starred and produced -- is beyond me.",0,0,negative,negative,-0.20786041021347046,-1.1171587705612183,-0.5881831049919128
1,ZAB,"If you enjoy being rewarded by a script that assumes you aren't very bright, then Blood Work is for you.",0,0,negative,negative,-0.23194223642349243,-1.0644150972366333,-0.45455503463745117
1,ZAB,"Like Rudy Yellow Lodge, Eyre needs to take a good sweat to clarify his cinematic vision before his next creation and remember the lessons of the trickster spider.",0,2,negative,positive,-0.6177928447723389,-0.4447034001350403,-0.28723135590553284
1,ZAB,But his showboating wise-cracker stock persona sure is getting old.,1,0,neutral,negative,-0.28352585434913635,-1.00406014919281,-0.49071934819221497
1,ZAB,"Circuit queens won't learn a thing, they'll be too busy cursing the film's strategically placed white sheets.",1,0,neutral,negative,-0.5837982892990112,-1.1883474588394165,-0.6708707213401794
1,ZAB,"A lot of talent is wasted in this crass, low-wattage endeavor.",0,0,negative,negative,-0.3727607727050781,-1.2494641542434692,-0.6438611745834351
1,ZAB,"Alain Choquart's camera barely stops moving, portraying both the turmoil of the time and giving Conduct a perpetual sense of urgency, which, for a film that takes nearly three hours to unspool, is both funny and irritating.",1,2,neutral,positive,-0.5382546782493591,-0.7421854138374329,-0.22732554376125336
1,ZAB,The second coming of Harry Potter is a film far superior to its predecessor.,2,0,positive,negative,-0.2278248518705368,-1.0417982339859009,-0.4266864061355591
1,ZAB,This stuck pig of a movie flails limply between bizarre comedy and pallid horror.,0,0,negative,negative,-0.30516692996025085,-1.137271761894226,-0.5164210796356201
1,ZAB,"The film just might turn on many people to opera, in general, an art form at once visceral and spiritual, wonderfully vulgar and sublimely lofty -- and as emotionally grand as life.",2,2,positive,positive,-0.5827879309654236,-0.6010106205940247,-0.22405953705310822
1,ZAB,"The delicious trimmings... arrive early and stay late, filling nearly every minute... with a lighthearted glow, some impudent snickers, and a glorious dose of humankind's liberating ability to triumph over a Scrooge or two.",2,2,positive,positive,-0.69549560546875,-0.6299058794975281,-0.19828961789608002
1,ZAB,"The inhospitability of the land emphasizes the spare precision of the narratives and helps to give them an atavistic power, as if they were tales that had been handed down since the beginning of time.",1,2,neutral,positive,-0.6085079908370972,-0.5342026948928833,-0.15514667332172394
1,ZAB,Even more baffling is that it's funny.,1,0,neutral,negative,-0.1616007387638092,-0.891876757144928,-0.27781200408935547
1,ZAB,"Parker should be commended for taking a fresh approach to familiar material, but his determination to remain true to the original text leads him to adopt a somewhat mannered tone... that ultimately dulls the human tragedy at the story's core.",1,2,neutral,positive,-0.687402606010437,-0.6598896384239197,-0.26760974526405334
1,ZAB,"Hard, endearing, caring, warm.",2,2,positive,positive,-0.5862086415290833,-0.9898625016212463,-0.4941991865634918
1,ZAB,"I have no problem with ``difficult'' movies, or movies that ask the audience to meet them halfway and connect the dots instead of having things all spelled out.",1,2,neutral,positive,-0.5731569528579712,-0.9208731055259705,-0.22500036656856537
1,ZAB,The way Coppola professes his love for movies -- both colorful pop junk and the classics that unequivocally qualify as art -- is giddily entertaining.,2,2,positive,positive,-0.5412665009498596,-0.7289429306983948,-0.3380923271179199
1,ZAB,Both the crime story and the love story are unusual.,1,0,neutral,negative,-0.22091570496559143,-1.2532410621643066,-0.6777745485305786
1,ZAB,It's never a good sign when a film's star spends the entirety of the film in a coma.,0,2,negative,positive,-0.6384516358375549,-1.1062787771224976,-0.5925469398498535
1,ZAB,A creaky staircase gothic.,1,2,neutral,positive,-0.45824140310287476,-1.185318112373352,-0.3872387111186981
1,ZAB,"If there's a way to effectively teach kids about the dangers of drugs, I think it's in projects like the (unfortunately R-rated) Paid.",1,0,neutral,negative,-0.18167439103126526,-1.0712296962738037,-0.5371196269989014
1,ZAB,"If you're a WWF fan, or you related to the people who watched the robots getting butchered in A.I., you'll probably like Rollerball.",1,0,neutral,negative,-0.2825629413127899,-0.8072502017021179,-0.4054888188838959
1,ZAB,Norton holds the film together.,1,2,neutral,positive,-0.5506513118743896,-1.0125244855880737,-0.5100016593933105
1,ZAB,"A breathtaking adventure for all ages, Spirit tells its poignant and uplifting story in a stunning fusion of music and images.",2,0,positive,negative,-0.15441332757472992,-0.7652273774147034,-0.38916856050491333
1,ZAB,It won't bust your gut -- and it's not intended to -- it's merely a blandly cinematic surgical examination of what makes a joke a joke.,1,2,neutral,positive,-0.3592715561389923,-0.5991103053092957,-0.2279404252767563
1,ZAB,Largely a for-fans artifact.,1,2,neutral,positive,-0.5865845680236816,-1.1352611780166626,-0.5038301944732666
1,ZAB,A movie so bad that it quickly enters the pantheon of wreckage that includes Battlefield Earth and Showgirls.,0,0,negative,negative,-0.1753806471824646,-0.6584968566894531,-0.2956450581550598
1,ZAB,"If you're over 25, have an IQ over 90, and have a driver's license, you should be able to find better entertainment.",0,2,negative,positive,-0.2964329123497009,-0.7420395016670227,-0.2822355031967163
1,ZAB,A solid piece of journalistic work that draws a picture of a man for whom political expedience became a deadly foreign policy.,1,0,neutral,negative,-0.25112977623939514,-0.8074657917022705,-0.3799818754196167
1,ZAB,"The doofus-on-the-loose banter of Welcome to Collinwood has a cocky, after-hours loopiness to it.",1,0,neutral,negative,-0.4764682352542877,-0.7480737566947937,-0.5655746459960938
1,ZAB,It's the funniest American comedy since Graffiti Bridge.,2,0,positive,negative,0.08244611322879791,-0.877590537071228,-0.1954856663942337
1,ZAB,Samuel Beckett applied to the Iranian voting process.,1,0,neutral,negative,0.004660342819988728,-0.9370830059051514,-0.14175552129745483
1,ZAB,A strangely compelling and brilliantly acted psychological drama.,2,2,positive,positive,-0.021786782890558243,-0.9444761276245117,-0.015319454483687878
1,ZAB,"Often gruelling and heartbreaking to witness, but Seldahl and Wollter's sterling performances raise this far above the level of the usual maudlin disease movie.",2,0,positive,negative,-0.11654611676931381,-0.8065139055252075,-0.48354601860046387
1,ZAB,"This enthralling documentary... is at once playful and haunting, an in-depth portrait of an iconoclastic artist who was fundamentally unknowable even to his closest friends.",2,0,positive,negative,-0.06236180290579796,-0.7247075438499451,-0.31005603075027466
1,ZAB,"I didn't laugh at the ongoing efforts of Cube, and his skinny buddy Mike Epps, to make like Laurel and Hardy'n the hood.",0,0,negative,negative,-0.1692000925540924,-1.0009582042694092,-0.5696489810943604
1,ZAB,"At its best when the guarded, resentful Betty and the manipulative yet needy Margot are front and center.",1,0,neutral,negative,0.06413781642913818,-0.8661122918128967,-0.4309059977531433
1,ZAB,Ford deserves to be remembered at Oscar time for crafting this wonderful portrait of a conflicted soldier.,2,0,positive,negative,0.11045858263969421,-0.9705809354782104,-0.528010904788971
1,ZAB,"That is essentially what's missing from Blackboards -- the sense of something bigger, some ultimate point.",1,0,neutral,negative,0.2224254310131073,-0.7103687524795532,-0.39301320910453796
1,ZAB,"It's a bizarre curiosity memorable mainly for the way it fritters away its potentially interesting subject matter via a banal script, unimpressive acting and indifferent direction.",1,0,neutral,negative,0.1435510516166687,-0.6164444088935852,-0.2194715142250061
1,ZAB,"While obviously an extremely personal work, it remains inextricably stuck in an emotionally unavailable rut.",1,0,neutral,negative,0.08823739737272263,-0.8149189949035645,-0.5189096927642822
1,ZAB,"A dim-witted and lazy spin-off of the Animal Planet documentary series, Crocodile Hunter is entertainment opportunism at its most glaring.",0,0,negative,negative,0.138554185628891,-0.6619358658790588,-0.3456541895866394
1,ZAB,"The good is very, very good... The rest runs from mildly unimpressive to despairingly awful.",1,0,neutral,negative,0.17875240743160248,-0.7829599976539612,-0.5413321852684021
1,ZAB,"Methodical, measured, and gently tedious in its comedy, Secret Ballot is a purposefully reductive movie -- which may be why it's so successful at lodging itself in the brain.",2,0,positive,negative,0.12391138821840286,-0.5905856490135193,-0.307861328125
1,ZAB,One of the most exciting action films to come out of China in recent years.,2,0,positive,negative,0.283246785402298,-0.6935076713562012,-0.5208950042724609
1,ZAB,Adam Sandler's Eight Crazy Nights grows on you -- like a rash.,0,0,negative,negative,-0.11949697136878967,-1.061407446861267,-0.3182264566421509
1,ZAB,"The film feels formulaic, its plot and pacing typical Hollywood war-movie stuff, while the performances elicit more of a sense of deja vu than awe.",0,0,negative,negative,-0.12338528782129288,-0.7736186385154724,-0.3872576057910919
1,ZAB,"... pitiful, slapdash disaster.",0,2,negative,positive,-0.2162887156009674,-0.9547032117843628,-0.028025345876812935
1,ZAB,"As it stands, there's some fine sex onscreen, and some tense arguing, but not a whole lot more.",1,0,neutral,negative,0.1662762463092804,-0.7977136969566345,-0.35489174723625183
1,ZAB,It's neither as romantic nor as thrilling as it should be.,0,0,negative,negative,0.1497209221124649,-0.8996259570121765,-0.5324007868766785
1,ZAB,Returning director Rob Minkoff... and screenwriter Bruce Joel Rubin... have done a fine job of updating White's dry wit to a new age.,2,0,positive,negative,0.17712603509426117,-0.6881929636001587,-0.29702118039131165
1,ZAB,"The Venezuelans say things like ``si, pretty much'' and ``por favor, go home'' when talking to Americans.",1,0,neutral,negative,-0.04112357273697853,-0.7298097610473633,-0.4216112494468689
1,ZAB,"If you already like this sort of thing, this is that sort of thing all over again.",1,0,neutral,negative,0.06787518411874771,-0.8923617601394653,-0.4181085228919983
1,ZAB,An awful movie that will only satisfy the most emotionally malleable of filmgoers.,0,0,negative,negative,0.12101346999406815,-0.8353551626205444,-0.40872806310653687
1,ZAB,"This is an extraordinary film, not least because it is Japanese and yet feels universal.",2,0,positive,negative,0.028559673577547073,-0.7822440266609192,-0.3597491383552551
1,ZAB,"Aptly named, this shimmering, beautifully costumed and filmed production doesn't work for me.",1,0,neutral,negative,0.08200087398290634,-1.0437250137329102,-0.46898627281188965
1,ZAB,"If Borstal Boy isn't especially realistic, it is an engaging nostalgia piece.",1,0,neutral,negative,0.20463982224464417,-0.9498218297958374,-0.36509189009666443
1,ZAB,Griffiths proves she's that rare luminary who continually raises the standard of her profession.,2,0,positive,negative,0.344812273979187,-0.7827358841896057,-0.45247653126716614
1,ZAB,"The asylum material is gripping, as are the scenes of Jia with his family.",2,0,positive,negative,0.21509858965873718,-0.8664258718490601,-0.3496741056442261
1,ZAB,"... by the time it's done with us, Mira Nair's new movie has its audience giddy with the delight of discovery, of having been immersed in a foreign culture only to find that human nature is pretty much the same all over.",2,0,positive,negative,-0.09750872105360031,-0.56097811460495,-0.27292996644973755
1,ZAB,... about as exciting to watch as two last-place basketball teams playing one another on the final day of the season.,0,0,negative,negative,0.020498517900705338,-0.8262360692024231,-0.3182016611099243
1,ZAB,Girls gone wild and gone civil again,1,0,neutral,negative,0.2823358476161957,-0.9108619093894958,-0.14546139538288116
1,ZAB,To say Analyze That is De Niro's best film since Meet the Parents sums up the sad state of his recent career.,1,0,neutral,negative,-0.08585911244153976,-0.7382262945175171,-0.3342689275741577
1,ZAB,"Like being trapped inside a huge video game, where exciting, inane images keep popping past your head and the same illogical things keep happening over and over again.",1,0,neutral,negative,-0.07951193302869797,-0.7236681580543518,-0.38544780015945435
1,ZAB,`Enigma' is the kind of engaging historical drama that Hollywood appears to have given up on in favor of sentimental war movies in the vein of `We Were Soldiers.',1,0,neutral,negative,-0.2131253182888031,-0.6753647327423096,-0.3883472979068756
1,ZAB,The Rock has a great presence but one battle after another is not the same as one battle followed by killer CGI effects.,1,0,neutral,negative,-0.07664009183645248,-0.7336285710334778,-0.4187738597393036
1,ZAB,Visually sumptuous but intellectually stultifying.,1,0,neutral,negative,-0.010519753210246563,-0.7518152594566345,-0.18313445150852203
1,ZAB,"So young, so smart, such talent, such a wise ***.",2,0,positive,negative,-0.16442137956619263,-0.947573721408844,-0.47229668498039246
1,ZAB,"The problem is that for the most part, the film is deadly dull.",0,0,negative,negative,0.1352340430021286,-0.9161346554756165,-0.6892661452293396
1,ZAB,A thinly veiled look at different aspects of Chinese life clashing with each other.,1,0,neutral,negative,-0.07633725553750992,-0.8974536061286926,-0.4412972927093506
1,ZAB,An exhilarating experience.,2,0,positive,negative,-0.24487599730491638,-1.0772058963775635,-0.4468071460723877
1,ZAB,Its vision of that awkward age when sex threatens to overwhelm everything else is acute enough to make everyone who has been there squirm with recognition.,1,0,neutral,negative,0.026427190750837326,-0.6068891286849976,-0.3533773124217987
1,ZAB,Remarkably accessible and affecting.,2,0,positive,negative,-0.15693946182727814,-0.8998401165008545,-0.1689927875995636
1,ZAB,"The climactic events are so well realized that you may forget all about the original conflict, just like the movie does.",1,0,neutral,negative,0.3571512997150421,-0.6518015265464783,-0.47942182421684265
1,ZAB,Distinctly sub-par... more likely to drown a viewer in boredom than to send any shivers down his spine.,0,0,negative,negative,-0.06163104996085167,-0.8885769248008728,-0.5762354135513306
1,ZAB,Godard's ode to tackling life's wonderment is a rambling and incoherent manifesto about the vagueness of topical excess... In Praise of Love remains a ponderous and pretentious endeavor that's unfocused and tediously exasperating.,0,0,negative,negative,0.020811859518289566,-0.5066685080528259,-0.2109898179769516
1,ZAB,"We never truly come to care about the main characters and whether or not they'll wind up together, and Michele's spiritual quest is neither amusing nor dramatic enough to sustain interest.",0,0,negative,negative,-0.09225793182849884,-0.5231541991233826,-0.33101820945739746
1,ZAB,"Most haunting about ``Fence'' is its conclusion, when we hear the ultimate fate of these girls and realize, much to our dismay, that this really did happen.",2,0,positive,negative,-0.029687445610761642,-0.6316277384757996,-0.3580551743507385
1,ZAB,"Bogdanovich taps deep into the Hearst mystique, entertainingly reenacting a historic scandal.",2,0,positive,negative,0.2795588970184326,-0.8153508901596069,-0.5360832214355469
1,ZAB,"``My god, I'm behaving like an idiot!''",1,0,neutral,negative,-0.12880772352218628,-1.176652431488037,-0.7714602947235107
1,ZAB,"Devos and Cassel have tremendous chemistry -- their sexual and romantic tension, while never really vocalized, is palpable.",2,0,positive,negative,-0.1323806196451187,-0.9477075934410095,-0.555497407913208
1,ZAB,"As a girl-meets-girl romantic comedy, Kissing Jessica Steinis quirky, charming and often hilarious.",2,0,positive,negative,-0.049598630517721176,-0.9073992967605591,-0.7451735734939575
1,ZAB,Gollum's `performance' is incredible!,2,0,positive,negative,0.2248545140028,-0.8150840401649475,-0.3115678131580353
1,ZAB,"... a haunting vision, with images that seem more like disturbing hallucinations.",0,0,negative,negative,0.10512428730726242,-1.030342698097229,-0.6146541237831116
1,ZAB,"As a remake, it's a pale imitation.",0,0,negative,negative,-0.037048157304525375,-0.9316696524620056,-0.5710427165031433
1,ZAB,Adults will certainly want to spend their time in the theater thinking up grocery lists and ways to tell their kids how not to act like Pinocchio.,1,0,neutral,negative,-0.11035196483135223,-0.7375339865684509,-0.4905671179294586
1,ZAB,"Not as distinctive or even as humorous as its needs to be to stand out, but it has clearly been made with affection and care.",1,0,neutral,negative,-0.07301929593086243,-0.8872253894805908,-0.6331080198287964
1,ZAB,A generic family comedy unlikely to be appreciated by anyone outside the under-10 set.,0,0,negative,negative,0.25150200724601746,-0.7080923914909363,-0.40833723545074463
1,ZAB,"An amalgam of The Fugitive, Blade Runner, and Total Recall, only without much energy or tension.",1,0,neutral,negative,0.0862865075469017,-0.9543513655662537,-0.6151224970817566
1,ZAB,"Everything its title implies, a standard-issue crime drama spat out from the Tinseltown assembly line.",1,0,neutral,negative,-0.012747402302920818,-0.9043430685997009,-0.6063958406448364
1,ZAB,"This odd, poetic road movie, spiked by jolts of pop music, pretty much takes place in Morton's ever-watchful gaze -- and it's a tribute to the actress, and to her inventive director, that the journey is such a mesmerizing one.",2,0,positive,negative,-0.2578088045120239,-0.6705146431922913,-0.43226760625839233
1,ZAB,"Co-writer/director Jonathan Parker's attempts to fashion a Brazil-like, hyper-real satire fall dreadfully short.",0,0,negative,negative,0.12863695621490479,-0.9870730638504028,-0.6879011392593384
1,ZAB,"An amateurish, quasi-improvised acting exercise shot on ugly digital video.",0,0,negative,negative,0.10302498936653137,-0.9637933373451233,-0.633148193359375
1,ZAB,"``The Kid Stays in the Picture'' is a great story, terrifically told by the man who wrote it but this Cliff Notes edition is a cheat.",1,0,neutral,negative,-0.06477755308151245,-0.6096076369285583,-0.30703696608543396
1,ZAB,"A gratingly unfunny groaner littered with zero-dimensional, unlikable characters and hackneyed, threadbare comic setups.",0,0,negative,negative,0.04129133000969887,-1.0553520917892456,-0.7009151577949524
1,ZAB,"While this gentle and affecting melodrama will have luvvies in raptures, it's far too slight and introspective to appeal to anything wider than a niche audience.",1,0,neutral,negative,-0.15590694546699524,-0.7841572165489197,-0.4457522928714752
1,ZAB,Griffin & Co. manage to be spectacularly outrageous.,2,0,positive,negative,0.006286849267780781,-1.1402329206466675,-0.5471822619438171
1,ZAB,"A profoundly stupid affair, populating its hackneyed and meanspirited storyline with cardboard characters and performers who value cash above credibility.",0,0,negative,negative,-0.1385507732629776,-0.8272818922996521,-0.608559250831604
1,ZAB,"Warm Water Under a Red Bridge is a quirky and poignant Japanese film that explores the fascinating connections between women, water, nature, and sexuality.",2,0,positive,negative,0.023707855492830276,-0.8337752223014832,-0.5937435626983643
1,ZAB,It isn't that Stealing Harvard is a horrible movie -- if only it were that grand a failure!,0,0,negative,negative,-0.07525048404932022,-0.9574472308158875,-0.7002584338188171
1,ZAB,It just doesn't have much else... especially in a moral sense.,1,0,neutral,negative,0.06745650619268417,-1.0135632753372192,-0.7159013748168945
1,ZAB,Those unfamiliar with Mormon traditions may find The Singles Ward occasionally bewildering.,1,0,neutral,negative,0.029526252299547195,-0.9555832147598267,-0.6929463148117065
1,ZAB,"Viewed as a comedy, a romance, a fairy tale, or a drama, there's nothing remotely triumphant about this motion picture.",1,0,neutral,negative,-0.15167400240898132,-0.96466064453125,-0.6894904375076294
1,ZAB,"But the talented cast alone will keep you watching, as will the fight scenes.",2,0,positive,negative,0.11978936940431595,-1.0737361907958984,-0.5951430797576904
1,ZAB,It's solid and affecting and exactly as thought-provoking as it should be.,2,0,positive,negative,0.09065405279397964,-0.9565735459327698,-0.5275804400444031
1,ZAB,"Thanks largely to Williams, all the interesting developments are processed in 60 minutes -- the rest is just an overexposed waste of film.",0,0,negative,negative,0.24359935522079468,-0.8351203799247742,-0.6299775838851929
1,ZAB,"Cantet perfectly captures the hotel lobbies, two-lane highways, and roadside cafes that permeate Vincent's days",2,0,positive,negative,0.3315339982509613,-0.8829115629196167,-0.6363348960876465
1,ZAB,"An important movie, a reminder of the power of film to move us and to make us examine our values.",2,0,positive,negative,0.10995488613843918,-0.9539426565170288,-0.6465872526168823
1,ZAB,"Too much of this well-acted but dangerously slow thriller feels like a preamble to a bigger, more complicated story, one that never materializes.",0,0,negative,negative,-0.05046927556395531,-0.866386353969574,-0.5433575510978699
1,ZAB,A richly imagined and admirably mature work from a gifted director who definitely has something on his mind.,2,0,positive,negative,0.20193658769130707,-0.9008064866065979,-0.6132155060768127
1,ZAB,"The art direction is often exquisite, and the anthropomorphic animal characters are beautifully realized through clever makeup design, leaving one to hope that the eventual DVD release will offer subtitles and the original Italian-language soundtrack.",2,0,positive,negative,-0.15750816464424133,-0.7225258946418762,-0.41580867767333984
1,ZAB,"... Jones, despite a definitely distinctive screen presence, just isn't able to muster for a movie that, its title notwithstanding, should have been a lot nastier if it wanted to fully capitalize on its lead's specific gifts.",1,0,neutral,negative,-0.36593249440193176,-0.7489057779312134,-0.48402392864227295
1,ZAB,But what's nice is that there's a casual intelligence that permeates the script.,2,0,positive,negative,0.22579653561115265,-0.7182228565216064,-0.5195411443710327
1,ZAB,Wedding feels a bit anachronistic.,0,0,negative,negative,0.041028935462236404,-0.8234678506851196,-0.3861171007156372
1,ZAB,"An action/thriller of the finest kind, evoking memories of Day of the Jackal, The French Connection, and Heat.",2,0,positive,negative,0.08288978785276413,-0.8291560411453247,-0.6404096484184265
1,ZAB,"This picture is murder by numbers, and as easy to be bored by as your ABC's, despite a few whopping shootouts.",0,0,negative,negative,0.03262956067919731,-0.7210289835929871,-0.5069277286529541
1,ZAB,"Every individual will see the movie through the prism of his or her own beliefs and prejudices, but the one thing most will take away is the sense that peace is possible.",2,0,positive,negative,-0.24798813462257385,-0.7510064244270325,-0.42611244320869446
1,ZAB,"Feels slight, as if it were an extended short, albeit one made by the smartest kids in class.",1,0,neutral,negative,0.15736745297908783,-0.7952703237533569,-0.6368162035942078
1,ZAB,The picture doesn't know it's a comedy.,1,0,neutral,negative,0.18373167514801025,-0.9499250054359436,-0.5081358551979065
1,ZAB,A classy item by a legend who may have nothing left to prove but still has the chops and drive to show how its done.,2,0,positive,negative,0.10391304641962051,-0.8814080357551575,-0.6497833728790283
1,ZAB,"Starts out mediocre, spirals downward, and thuds to the bottom of the pool with an utterly incompetent conclusion.",0,0,negative,negative,0.03730853274464607,-0.8482152223587036,-0.6925883293151855
1,ZAB,The sort of movie that gives tastelessness a bad rap.,0,0,negative,negative,0.07916396856307983,-1.099812626838684,-0.7045373916625977
1,ZAB,Its engaging simplicity is driven by appealing leads.,2,0,positive,negative,0.061819884926080704,-1.051918387413025,-0.5525683760643005
1,ZAB,"Fans of the TV series will be disappointed, and everyone else will be slightly bored.",1,0,neutral,negative,-0.022872645407915115,-0.9465598464012146,-0.7713800668716431
1,ZAB,"It's a head-turner -- thoughtfully written, beautifully read and, finally, deeply humanizing.",2,0,positive,negative,0.1483461707830429,-0.9171400666236877,-0.6285035610198975
1,ZAB,"It's not a particularly good film, but neither is it a monsterous one.",1,0,neutral,negative,0.17827878892421722,-0.9106674790382385,-0.5843874216079712
1,ZAB,Men in Black II achieves ultimate insignificance -- it's the sci-fi comedy spectacle as Whiffle-Ball epic.,0,0,negative,negative,-0.038576699793338776,-1.0388295650482178,-0.6833927035331726
1,ZAB,Martyr gets royally screwed and comes back for more.,1,0,neutral,negative,0.1960708349943161,-0.9652588963508606,-0.5044424533843994
2,ZDM,Presents a good case while failing to provide a reason for us to care beyond the very basic dictums of human decency.,1,2,neutral,positive,0.6976843476295471,-1.1907463073730469,0.9635422825813293
2,ZDM,"Beautifully crafted, engaging filmmaking that should attract upscale audiences hungry for quality and a nostalgic, twisty yarn that will keep them guessing.",2,2,positive,positive,0.22611136734485626,-0.6361205577850342,1.5305571556091309
2,ZDM,"Bread, My Sweet has so many flaws it would be easy for critics to shred it.",0,0,negative,negative,0.9998575448989868,-0.6061425805091858,0.9825072884559631
2,ZDM,"Slow, silly and unintentionally hilarious.",1,2,neutral,positive,0.7805257439613342,-1.0309538841247559,1.149484634399414
2,ZDM,Exudes the fizz of a Busby Berkeley musical and the visceral excitement of a sports extravaganza.,2,2,positive,positive,0.13674959540367126,-0.4401713013648987,1.1930863857269287
2,ZDM,The film rehashes several old themes and is capped with pointless extremes -- it's insanely violent and very graphic.,0,2,negative,positive,0.8520224094390869,-0.14793236553668976,0.8690224885940552
2,ZDM,"Ryan Gosling is, in a word, brilliant as the conflicted Daniel.",2,2,positive,positive,1.0955917835235596,-1.1789335012435913,2.845787525177002
2,ZDM,"If Deuces Wild had been tweaked up a notch it would have become a camp adventure, one of those movies that's so bad it starts to become good.",1,2,neutral,positive,0.4693654477596283,-0.8516301512718201,1.4336073398590088
2,ZDM,The film's stagecrafts are intimate and therefore bolder than the otherwise calculated artifice that defines and overwhelms the film's production design.,1,2,neutral,positive,0.3004165589809418,-0.5972191095352173,0.9105621576309204
2,ZDM,"Frida is certainly no disaster, but neither is it the Kahlo movie Frida fans have been looking for.",1,2,neutral,positive,1.4039695262908936,-1.1457473039627075,1.510168433189392
2,ZDM,The film often achieves a mesmerizing poetry.,2,1,positive,neutral,-0.5176629424095154,0.5805834531784058,-0.13714046776294708
2,ZDM,A work of astonishing delicacy and force.,2,2,positive,positive,-0.5690591931343079,-0.380329430103302,0.5748459100723267
2,ZDM,"The movie's plot is almost entirely witless and inane, carrying every gag two or three times beyond its limit to sustain a laugh.",0,2,negative,positive,0.6428310871124268,-0.8050907850265503,0.7954200506210327
2,ZDM,"For the most part, the ingredients are there.",1,2,neutral,positive,0.012373807840049267,-0.27822428941726685,1.1385902166366577
2,ZDM,"But if you've paid a matinee price and bought a big tub of popcorn, there's guilty fun to be had here.",1,0,neutral,negative,0.6904584169387817,-0.680413544178009,0.6430390477180481
2,ZDM,"There's not much to Fatale, outside of its stylish surprises... but that's OK.",1,2,neutral,positive,0.5715489387512207,-0.68903648853302,1.0481274127960205
2,ZDM,"The acting is stiff, the story lacks all trace of wit, the sets look like they were borrowed from Gilligan's Island -- and the CGI Scooby might well be the worst special-effects creation of the year.",0,2,negative,positive,0.2932581305503845,-0.8078690767288208,1.3187626600265503
2,ZDM,"This version moves beyond the original's nostalgia for the communal film experiences of yesteryear to a deeper realization of cinema's inability to stand in for true, lived experience.",1,2,neutral,positive,-0.25111570954322815,0.019656952470541,0.2945241630077362
2,ZDM,"There's no palpable chemistry between Lopez and male lead Ralph Fiennes, plus the script by Working Girl scribe Kevin Wade is workmanlike in the extreme.",0,2,negative,positive,0.3616465926170349,-0.36424127221107483,0.5842552185058594
2,ZDM,"A first-class, thoroughly involving B movie that effectively combines two surefire, beloved genres -- the prison flick and the fight film.",2,2,positive,positive,1.7076646089553833,-1.5865720510482788,2.6314311027526855
2,ZDM,The film is so bad it doesn't improve upon the experience of staring at a blank screen.,0,2,negative,positive,1.2487938404083252,-0.8589927554130554,1.574709177017212
2,ZDM,Weiss and Speck never make a convincing case for the relevance of these two 20th-century footnotes.,1,2,neutral,positive,0.7234164476394653,-0.16188447177410126,1.2156391143798828
2,ZDM,Another Best of the Year selection.,2,1,positive,neutral,-0.3768349289894104,0.13547976315021515,-0.44275811314582825
2,ZDM,It's all a rather shapeless good time...,1,2,neutral,positive,-0.10678845643997192,-0.7284945845603943,0.7367764711380005
2,ZDM,"Same song, second verse, coulda been better, but it coulda been worse.",1,0,neutral,negative,1.276819109916687,-1.1455612182617188,1.198668122291565
2,ZDM,I love the robust middle of this picture.,2,2,positive,positive,0.6375234127044678,-0.9995541572570801,2.659036636352539
2,ZDM,"That's not vintage Spielberg and that, finally, is minimally satisfying.",1,2,neutral,positive,0.7620061039924622,-0.25869423151016235,0.8246226906776428
2,ZDM,The soundtrack alone is worth the price of admission.,2,0,positive,negative,0.3191632628440857,-0.22933532297611237,-0.42227649688720703
2,ZDM,Mostly Martha could have used a little trimming -- 10 or 15 minutes could be cut and no one would notice -- but it's a pleasurable trifle.,1,0,neutral,negative,0.6862607598304749,-0.7602177858352661,0.6158347129821777
2,ZDM,"For the rest of us, sitting through Dahmer's two hours amounts to little more than punishment.",0,0,negative,negative,1.3633073568344116,-0.6300488114356995,1.2026886940002441
2,ZDM,"Featuring a dangerously seductive performance from the great Daniel Auteuil, ``Sade'' covers the same period as Kaufmann's ``Quills'' with more unsettlingly realistic results.",2,2,positive,positive,0.28235259652137756,-0.6584003567695618,1.0257524251937866
2,ZDM,"The movie is for fans who can't stop loving anime, and the fanatical excess built into it.",1,2,neutral,positive,1.0268583297729492,-0.9121816158294678,1.409000277519226
2,ZDM,"The Ring is worth a look, if you don't demand much more than a few cheap thrills from your Halloween entertainment.",1,2,neutral,positive,-0.6212713122367859,-0.12130697816610336,1.2544926404953003
2,ZDM,"Beautifully observed, miraculously unsentimental comedy-drama.",2,2,positive,positive,0.9098141193389893,-0.3661981225013733,1.9889636039733887
2,ZDM,"What makes How I Killed My Father compelling, besides its terrific performances, is Fontaine's willingness to wander into the dark areas of parent-child relationships without flinching.",2,2,positive,positive,0.9240094423294067,-0.8916941285133362,1.6312251091003418
2,ZDM,"This hastily mounted production exists only to capitalize on Hopkins' inclination to play Hannibal Lecter again, even though Harris has no immediate inclination to provide a fourth book.",0,2,negative,positive,0.6217290759086609,-0.27467218041419983,1.203487515449524
2,ZDM,Bullock's complete lack of focus and ability quickly derails the film.,0,2,negative,positive,0.6923810839653015,-0.870612382888794,1.4253623485565186
2,ZDM,"... a plotline that's as lumpy as two-day old porridge... the filmmakers' paws, sad to say, were all over this ``un-bear-able'' project!",0,2,negative,positive,1.2463457584381104,-0.7880648374557495,1.2669652700424194
2,ZDM,Crush could be the worst film a man has made about women since Valley of the Dolls.,0,2,negative,positive,0.36103755235671997,-0.17136375606060028,1.3321739435195923
2,ZDM,"Reassuring, retro uplifter.",2,0,positive,negative,1.077928900718689,-0.9662184119224548,0.6768006086349487
2,ZDM,Flaccid drama and exasperatingly slow journey.,0,2,negative,positive,-0.19137945771217346,0.26089638471603394,0.9665676951408386
2,ZDM,The Movie will reach far beyond its core demographic.,2,0,positive,negative,0.3100767731666565,0.22020867466926575,-0.44771748781204224
2,ZDM,I like the new footage and still love the old stuff.,2,2,positive,positive,1.1556777954101562,-0.8537639379501343,1.9826973676681519
2,ZDM,"It briefly flirts with player masochism, but the point of real interest -- audience sadism -- is evaded completely.",1,0,neutral,negative,0.6396170854568481,-0.24861043691635132,0.4274624288082123
2,ZDM,Could The Country Bears really be as bad as its trailers?,0,2,negative,positive,0.7431893944740295,-0.7066078782081604,1.2064465284347534
2,ZDM,"At times, the movie looks genuinely pretty.",2,2,positive,positive,0.33652228116989136,-0.36386990547180176,3.2383816242218018
2,ZDM,It depends on how well flatulence gags fit into your holiday concept.,1,2,neutral,positive,-0.16270840167999268,-0.026456434279680252,2.027376174926758
2,ZDM,The film seems a dead weight.,0,2,negative,positive,0.5530235767364502,-0.7380353212356567,1.1103144884109497
2,ZDM,"Sparkling, often hilarious romantic jealousy comedy... Attal looks so much like a young Robert DeNiro that it seems the film should instead be called `My Husband Is Travis Bickle'.",2,2,positive,positive,0.40035730600357056,-1.2232489585876465,2.5061826705932617
2,ZDM,"I did go back and check out the last 10 minutes, but these were more repulsive than the first 30 or 40 minutes.",0,2,negative,positive,1.0996118783950806,-0.8389062285423279,1.2151460647583008
2,ZDM,"A lousy movie that's not merely unwatchable, but also unlistenable.",0,2,negative,positive,1.340461015701294,-0.7960711717605591,1.524006724357605
2,ZDM,One of the best films of the year with its exploration of the obstacles to happiness faced by five contemporary individuals... a psychological masterpiece.,2,2,positive,positive,0.23296691477298737,-0.6964050531387329,1.778817057609558
2,ZDM,"A strong script, powerful direction and splendid production design allows us to be transported into the life of Wladyslaw Szpilman, who is not only a pianist, but a good human being.",2,2,positive,positive,0.10976464301347733,-0.3880820870399475,0.43077391386032104
2,ZDM,"But here's the real damn: It isn't funny, either.",0,2,negative,positive,1.2341011762619019,-1.9713037014007568,1.8695582151412964
2,ZDM,"Qutting may be a flawed film, but it is nothing if not sincere.",1,2,neutral,positive,1.135814905166626,-0.42961394786834717,3.4965949058532715
2,ZDM,It's a fanboy `what if?',1,2,neutral,positive,0.34790584444999695,-1.1611113548278809,1.1600182056427002
2,ZDM,... something appears to have been lost in the translation this time.,0,2,negative,positive,0.5711666941642761,-0.35534411668777466,1.3613967895507812
2,ZDM,"Like a documentary version of Fight Club, shorn of social insight, intellectual pretension and cinematic interest.",1,2,neutral,positive,0.09259072691202164,-0.1245783343911171,0.7992744445800781
2,ZDM,"Stephen Rea, Aidan Quinn, and Alan Bates play Desmond's legal eagles, and when joined by Brosnan, the sight of this grandiloquent quartet lolling in pretty Irish settings is a pleasant enough thing, `tis.",2,2,positive,positive,-0.08009892702102661,-0.5748827457427979,1.164658784866333
2,ZDM,"It's a powerful though flawed movie, guaranteed to put a lump in your throat while reaffirming Washington as possibly the best actor working in movies today.",2,2,positive,positive,0.2849394381046295,-0.7388084530830383,1.0617331266403198
2,ZDM,An intriguing and entertaining introduction to Johnson.,2,2,positive,positive,1.3907784223556519,-0.6331564784049988,2.0788702964782715
2,ZDM,Everything was as superficial as the forced New Jersey lowbrow accent Uma had.,0,0,negative,negative,0.7029648423194885,-0.5725809335708618,0.49312323331832886
2,ZDM,"Despite the holes in the story and the somewhat predictable plot, moments of the movie caused me to jump in my chair...",1,2,neutral,positive,0.7431514263153076,-0.4318034052848816,1.3114808797836304
2,ZDM,`How many more voyages can this limping but dearly-loved franchise survive?',1,0,neutral,negative,1.5389890670776367,-0.7693307399749756,0.8552989363670349
2,ZDM,"It is supremely unfunny and unentertaining to watch middle-age and older men drink to excess, piss on trees, b.s. one another and put on a show in drag.",0,2,negative,positive,-0.07877378165721893,-0.22852803766727448,-0.03182751312851906
2,ZDM,"Only a few minutes elapse before the daddy of all slashers arrives, still with the boiler suit and white mask, which look remarkably clean for a guy who has been mass-murdering since 1978 but has never been seen doing laundry.",1,2,neutral,positive,0.25645968317985535,-1.2664138078689575,0.5192009210586548
2,ZDM,"Showtime is one of the hapless victims of the arrogant ``if we put together a wry white man and a chatty black man and give them guns, the movie will be funny'' syndrome.",0,0,negative,negative,0.37546855211257935,-0.8356988430023193,0.23966963589191437
2,ZDM,"Whatever heartwarming scene the impressively discreet filmmakers may have expected to record with their mini DV, they show a remarkable ability to document both sides of this emotional car-wreck.",2,2,positive,positive,-0.13822928071022034,-0.24691161513328552,0.9599039554595947
2,ZDM,"A zombie movie in every sense of the word -- mindless, lifeless, meandering, loud, painful, obnoxious.",0,2,negative,positive,0.18936555087566376,-0.3624608814716339,1.380433440208435
2,ZDM,"It has fun with the quirks of family life, but it also treats the subject with fondness and respect.",2,2,positive,positive,0.47508764266967773,-0.6117382645606995,0.8295499086380005
2,ZDM,"Novak manages to capture a cruelly hilarious vein of black comedy in the situation with his cast of non-actors and a gritty, no-budget approach.",2,1,positive,neutral,-0.1647767722606659,0.09761860221624374,-0.13294222950935364
2,ZDM,"Since Lee is a sentimentalist, the film is more worshipful than your random E!",1,2,neutral,positive,0.2168913632631302,-0.5087817907333374,0.5971170663833618
2,ZDM,"The movie is almost completely lacking in suspense, surprise and consistent emotional conviction.",0,2,negative,positive,0.44384634494781494,-0.645331859588623,0.4776484966278076
2,ZDM,"High Crimes knows the mistakes that bad movies make and is determined not to make them, and maybe that is nobility of a sort.",1,0,neutral,negative,-0.15459643304347992,-0.3497081696987152,-0.5662614703178406
2,ZDM,But it's too long and too convoluted and it ends in a muddle.,0,2,negative,positive,1.6916431188583374,-1.466141939163208,3.2659738063812256
2,ZDM,This thing works on no level whatsoever for me.,0,2,negative,positive,-0.16149547696113586,-0.5867079496383667,1.2361198663711548
2,ZDM,... a bland murder-on-campus yawner.,0,2,negative,positive,0.22242847084999084,-1.2636321783065796,1.1718095541000366
2,ZDM,"One of the finest, most humane and important Holocaust movies ever made.",2,2,positive,positive,-0.08094097673892975,-0.023008380085229874,0.3280313014984131
2,ZDM,"Suffers from rambling, repetitive dialogue and the visual drabness endemic to digital video.",0,0,negative,negative,0.5547190308570862,-0.6341035962104797,0.5466131567955017
2,ZDM,"Angel presents events partly from the perspective of Aurelie and Christelle, and infuses the film with the sensibility of a particularly nightmarish fairytale.",1,0,neutral,negative,0.5284276008605957,0.034487899392843246,-0.32280099391937256
2,ZDM,Features one of the most affecting depictions of a love affair ever committed to film.,2,1,positive,neutral,-1.058091163635254,0.856452226638794,-0.5478116869926453
2,ZDM,It is intensely personal and yet -- unlike Quills -- deftly shows us the temper of the times.,2,0,positive,negative,0.7020450234413147,-0.5442829132080078,-0.027950558811426163
2,ZDM,"Even as I valiantly struggled to remain interested, or at least conscious, I could feel my eyelids... getting... very... heavy...",0,1,negative,neutral,-0.8139174580574036,0.688541829586029,-0.7244864702224731
2,ZDM,"... a solid, well-formed satire.",2,2,positive,positive,1.13747239112854,-1.1582531929016113,1.3857252597808838
2,ZDM,Deserves high marks for political courage but barely gets by on its artistic merits.,1,2,neutral,positive,1.0890984535217285,-0.7740231156349182,1.2828978300094604
2,ZDM,Read My Lips is to be viewed and treasured for its extraordinary intelligence and originality as well as its lyrical variations on the game of love.,2,2,positive,positive,0.8906697034835815,-0.778105616569519,1.639093279838562
2,ZDM,"... creates a visceral sense of its characters' lives and conflicted emotions that carries it far above... what could have been a melodramatic, Lifetime Channel-style anthology.",1,2,neutral,positive,0.6812176704406738,-0.9115092754364014,0.9085237979888916
2,ZDM,Reeks of rot and hack work from start to finish.,1,2,neutral,positive,1.0769243240356445,-0.6490724086761475,1.7486255168914795
2,ZDM,Just how these families interact may surprise you.,1,2,neutral,positive,0.4560043215751648,-0.39105165004730225,1.2056697607040405
2,ZDM,"The Movie is what happens when you blow up small potatoes to 10 times their natural size, and it ain't pretty.",0,2,negative,positive,0.9166319370269775,-1.5607149600982666,1.8425484895706177
2,ZDM,"Even a hardened voyeur would require the patience of Job to get through this interminable, shapeless documentary about the swinging subculture.",0,2,negative,positive,0.1515069156885147,-0.4589155316352844,1.1277529001235962
2,ZDM,"Creepy, authentic and dark.",1,2,neutral,positive,1.088250994682312,-1.81349515914917,2.8883633613586426
2,ZDM,A lame romantic comedy about an unsympathetic character and someone who would not likely be so stupid as to get involved with her.,0,2,negative,positive,0.9655969142913818,-0.27074575424194336,1.1340807676315308
2,ZDM,"Rob Schneider's infantile cross-dressing routines fill The Hot Chick, the latest gimmick from this unimaginative comedian.",0,0,negative,negative,0.19952087104320526,-0.9250987768173218,0.15225215256214142
2,ZDM,"The film is a contrivance, as artificial as the video games Japanese teens play in a nightclub sequence, but it's an enjoyable one.",1,2,neutral,positive,0.3507784605026245,-0.4979950189590454,1.2705539464950562
2,ZDM,"At its worst the screenplay is callow, but at its best it is a young artist's thoughtful consideration of fatherhood.",1,2,neutral,positive,0.12033388763666153,-0.515512228012085,1.3884984254837036
2,ZDM,At 78 minutes it just zings along with vibrance and warmth.,2,2,positive,positive,-0.837826132774353,-0.29554885625839233,1.9634758234024048
2,ZDM,"Only an epic documentary could get it all down, and Spike Lee's Jim Brown: All American at long last gives its subject a movie worthy of his talents.",2,2,positive,positive,0.2798774838447571,-1.2013475894927979,0.8923904895782471
2,ZDM,"As quiet, patient and tenacious as Mr. Lopez himself, who approaches his difficult, endless work with remarkable serenity and discipline.",2,2,positive,positive,0.6348066926002502,-1.3554821014404297,1.751663088798523
2,ZDM,"Instead of hiding Pinocchio from critics, Miramax should have hidden it from everyone.",0,2,negative,positive,0.7819614410400391,-0.7242253422737122,0.7987115383148193
2,ZDM,What a great shame that such a talented director as Chen Kaige has chosen to make his English-language debut with a film so poorly plotted and scripted.,0,2,negative,positive,0.012291262857615948,-1.0644826889038086,0.8535772562026978
2,ZDM,Jeffs has created a breathtakingly assured and stylish work of spare dialogue and acute expressiveness.,2,2,positive,positive,0.34672462940216064,-0.1809382289648056,0.6322202682495117
2,ZDM,"Just about the best straight-up, old-school horror film of the last 15 years.",2,2,positive,positive,0.12916064262390137,-0.23224996030330658,2.5978360176086426
2,ZDM,"Gosling creates a staggeringly compelling character, a young man whose sharp intellect is at the very root of his contradictory, self-hating, self-destructive ways.",2,2,positive,positive,-0.24237160384655,-0.650951623916626,1.8651208877563477
2,ZDM,"I thought the relationships were wonderful, the comedy was funny, and the love `real'.",2,2,positive,positive,1.2437254190444946,-0.6330373287200928,2.501727342605591
2,ZDM,Better at putting you to sleep than a sound machine.,0,2,negative,positive,1.006406307220459,-0.9781712889671326,2.407987117767334
2,ZDM,Feels less like a cousin to Blade Runner than like a bottom-feeder sequel in the Escape From New York series.,0,2,negative,positive,0.373214453458786,-1.0618526935577393,1.3938935995101929
2,ZDM,"Elegantly produced and expressively performed, the six musical numbers crystallize key plot moments into minutely detailed wonders of dreamlike ecstasy.",2,2,positive,positive,0.5646963119506836,-0.47848790884017944,1.2232736349105835
2,ZDM,"Ultimate X is a ride, basically the kind of greatest-hits reel that might come with a subscription to ESPN the Magazine.",1,2,neutral,positive,0.813214898109436,-0.6455355882644653,1.6648353338241577
2,ZDM,"Celebrated at Sundance, this slight comedy of manners has winning performances and a glossy, glib charm that's hard to beat.",2,2,positive,positive,0.35159027576446533,-0.730002224445343,1.1476991176605225
2,ZDM,"Apparently, romantic comedy with a fresh point of view just doesn't figure in the present Hollywood program.",0,2,negative,positive,0.9767546653747559,-0.7748568058013916,1.1675866842269897
2,ZDM,That Haynes can both maintain and dismantle the facades that his genre and his character construct is a wonderous accomplishment of veracity and narrative grace.,2,2,positive,positive,-0.07939059287309647,-0.9835620522499084,1.0444360971450806
2,ZDM,"Some elements of it really blow the big one, but other parts are decent.",1,2,neutral,positive,0.9713835120201111,-0.6653075218200684,1.4988209009170532
2,ZDM,"No French people were harmed during the making of this movie, but they were insulted and the audience was put through torture for an hour and a half.",0,2,negative,positive,-0.1005231961607933,-0.8221702575683594,1.3611834049224854
2,ZDM,"I was feeling this movie until it veered off too far into the Exxon zone, and left me behind at the station looking for a return ticket to realism.",0,2,negative,positive,0.2979458272457123,-0.7022713422775269,1.3017187118530273
2,ZDM,The simplicity of The Way Home has few equals this side of Aesop.,1,2,neutral,positive,0.4115908145904541,-0.840924859046936,1.0226994752883911
2,ZDM,Exceptionally well acted by Diane Lane and Richard Gere.,2,2,positive,positive,0.43141505122184753,-0.6208469271659851,1.196530818939209
2,ZDM,"Dong shows how intolerance has the power to deform families, then tear them apart.",1,2,neutral,positive,-0.06710679084062576,-0.1949068009853363,1.586714744567871
2,ZDM,"A stupid, derivative horror film that substitutes extreme gore for suspense.",0,2,negative,positive,0.5297632217407227,-0.3541443943977356,1.999663233757019
2,ZDM,It's a great American adventure and a wonderful film to bring to IMAX.,2,2,positive,positive,-0.09042154997587204,-0.09469758719205856,0.3654032349586487
2,ZDM,It's 51 times better than this.,1,0,neutral,negative,0.4575720429420471,-0.22440677881240845,0.2563908100128174
2,ZDM,"It's like an old Warner Bros. costumer jived with sex -- this could be the movie Errol Flynn always wanted to make, though Bette Davis, cast as Joan, would have killed him.",1,2,neutral,positive,-0.05312327668070793,-0.9084139466285706,1.945056676864624
2,ZDM,"A miraculous movie, I'm Going Home is so slight, yet overflows with wisdom and emotion.",2,2,positive,positive,0.29598304629325867,-0.41167736053466797,1.2352367639541626
2,ZDM,"A fiercely clever and subtle film, capturing the precarious balance between the extravagant confidence of the exiled aristocracy and the cruel earnestness of the victorious revolutionaries.",2,0,positive,negative,0.7559898495674133,-0.10831699520349503,0.557226300239563
2,ZDM,"It's as if you're watching a movie that was made in 1978 but not released then because it was so weak, and it has been unearthed and released now, when it has become even weaker.",0,2,negative,positive,0.5819980502128601,-0.8189760446548462,1.1200124025344849
2,ZDM,Anemic chronicle of money grubbing New Yorkers and their serial loveless hook ups.,1,2,neutral,positive,0.546969473361969,-0.8201861381530762,1.0231889486312866
2,ZDM,"Thanks to a small star with big heart, this family film sequel is plenty of fun for all.",2,2,positive,positive,-0.23036956787109375,0.6850625872612,1.4239376783370972
2,ZDM,And I've decided to leave a light on every night from now on.,1,2,neutral,positive,0.0036780638620257378,-0.4996988773345947,1.6816306114196777
2,ZDM,Festers in just such a dungpile that you'd swear you were watching monkeys flinging their feces at you.,0,2,negative,positive,0.2923819422721863,-0.4235877990722656,0.40955427289009094
2,ZDM,under-rehearsed and lifeless,0,2,negative,positive,0.6499930024147034,-0.5840648412704468,2.107351303100586
2,ZDM,Exactly what you'd expect from a guy named Kaos.,1,2,neutral,positive,0.3620559275150299,-0.15208867192268372,1.0568453073501587
2,ZDM,"If legendary shlockmeister Ed Wood had ever made a movie about a vampire, it probably would look a lot like this alarming production, adapted from Anne Rice's novel The Vampire Chronicles.",1,2,neutral,positive,0.18935257196426392,-0.6415010690689087,1.001888394355774
2,ZDM,"For those for whom the name Woody Allen was once a guarantee of something fresh, sometimes funny, and usually genuinely worthwhile, Hollywood Ending is a depressing experience.",0,2,negative,positive,0.08058575540781021,-0.864466667175293,0.9628219604492188
2,ZDM,What should have been a cutting Hollywood satire is instead about as fresh as last week's issue of Variety.,0,0,negative,negative,0.6365662217140198,0.02830369397997856,0.3901579976081848
2,ZDM,"Cox offers plenty of glimpses at existing photos, but there are no movies of Nijinsky, so instead the director treats us to an aimless hodgepodge.",0,2,negative,positive,0.27787768840789795,-1.1195584535598755,0.6737707257270813
2,ZDM,Aaliyah rarely dampens her diva persona enough to spark genuine chemistry with Townsend.,1,0,neutral,negative,0.4613818824291229,0.22471345961093903,0.2836982011795044
2,ZDM,Mr. Soderbergh's direction and visual style struck me as unusually and unimpressively fussy and pretentious.,0,0,negative,negative,0.5886529088020325,-0.24783237278461456,0.23685477674007416
2,ZDM,Mazel tov to a film about a family's joyous life acting on the Yiddish stage.,2,2,positive,positive,-0.23355644941329956,0.20129849016666412,0.4346594214439392
2,ZDM,... would be a total loss if not for two supporting performances taking place at the movie's edges.,1,0,neutral,negative,0.615567147731781,-0.8341242671012878,0.4606002867221832
2,ZDM,An inspiring and heart-affecting film about the desperate attempts of Vietnamese refugees living in U.S. relocation camps to keep their hopes alive in 1975.,2,2,positive,positive,0.42012864351272583,-0.9301844835281372,1.2460455894470215
2,ZDM,"Loud, chaotic and largely unfunny.",0,2,negative,positive,0.25238656997680664,-1.07890784740448,0.4913158416748047
2,ZDM,The immersive powers of the giant screen and its hyper-realistic images are put to perfect use in the breathtakingly beautiful outer-space documentary Space Station 3D.,2,2,positive,positive,0.8133438229560852,-1.6090264320373535,2.5467000007629395
2,ZDM,It's everything you don't go to the movies for.,0,2,negative,positive,1.6308491230010986,-1.764876365661621,2.6530277729034424
2,ZDM,"Harris is supposed to be the star of the story, but comes across as pretty dull and wooden.",1,2,neutral,positive,1.4210306406021118,-0.1881094127893448,2.035126209259033
2,ZDM,Allen's funniest and most likeable movie in years.,2,2,positive,positive,0.5409270524978638,-0.9833722710609436,0.6988866329193115
2,ZDM,"For those who pride themselves on sophisticated, discerning taste, this might not seem like the proper cup of tea, however it is almost guaranteed that even the stuffiest cinema goers will laugh their 1*** off for an hour-and-a-half.",2,2,positive,positive,0.2271071821451187,-1.6286394596099854,1.4635398387908936
2,ZDM,"There is a refreshing absence of cynicism in Stuart Little 2 -- quite a rarity, even in the family film market.",2,0,positive,negative,1.0534439086914062,-0.7322001457214355,0.3734077215194702
2,ZDM,There are plot holes big enough for Shamu the killer whale to swim through.,0,2,negative,positive,0.91402268409729,-0.751704752445221,1.1463979482650757
2,ZDM,... always remains movingly genuine.,2,0,positive,negative,1.88437020778656,-0.5156707763671875,1.0770533084869385
2,ZDM,"Stitch is a bad mannered, ugly and destructive little ****.",0,2,negative,positive,1.4620774984359741,-1.39908766746521,1.6568576097488403
2,ZDM,The cast is top-notch and I predict there will be plenty of female audience members drooling over Michael Idemoto as Michael.,2,2,positive,positive,1.0308479070663452,-1.1131317615509033,2.075098752975464
2,ZDM,Kirshner and Monroe seem to be in a contest to see who can out-bad-act the other.,0,0,negative,negative,1.0320374965667725,-0.6181467175483704,0.6475276947021484
2,ZDM,This is one of those war movies that focuses on human interaction rather than battle and action sequences... and it's all the stronger because of it.,2,2,positive,positive,0.17401373386383057,-0.8945658206939697,1.0538322925567627
2,ZDM,"Like life on the island, the movie grows boring despite the scenery.",0,2,negative,positive,0.909720778465271,-0.6214849948883057,2.9620728492736816
2,ZDM,It's anchored by splendid performances from an honored screen veteran and a sparkling newcomer who instantly transform themselves into a believable mother/daughter pair.,2,2,positive,positive,0.5128180980682373,-1.6236894130706787,1.3933131694793701
2,ZDM,An atonal estrogen opera that demonizes feminism while gifting the most sympathetic male of the piece with a nice vomit bath at his wedding.,0,2,negative,positive,0.5897635817527771,-1.2826884984970093,0.8876241445541382
2,ZDM,"Even by the intentionally low standards of frat-boy humor, Sorority Boys is a bowser.",0,2,negative,positive,1.802417516708374,-1.2241557836532593,2.160815477371216
2,ZDM,"Director of photography Benoit Delhomme shot the movie in delicious colors, and the costumes and sets are grand.",2,2,positive,positive,0.40934866666793823,-0.4415750503540039,0.6875466704368591
2,ZDM,The only entertainment you'll derive from this choppy and sloppy affair will be from unintentional giggles -- several of them.,0,0,negative,negative,0.47537434101104736,-0.4486413598060608,0.20355123281478882
2,ZDM,The film serves as a valuable time capsule to remind us of the devastating horror suffered by an entire people.,1,2,neutral,positive,1.32462739944458,-1.1958013772964478,1.8449699878692627
2,ZDM,"A bittersweet contemporary comedy about benevolent deception, which, while it may not rival the filmmaker's period pieces, is still very much worth seeing.",2,2,positive,positive,0.9472363591194153,-0.8855026960372925,1.27495276927948
2,ZDM,Attal pushes too hard to make this a comedy or serious drama.,0,2,negative,positive,0.7155579924583435,-1.0679166316986084,1.0384764671325684
2,ZDM,Isabelle Huppert excels as the enigmatic Mika and Anna Mouglalis is a stunning new young talent in one of Chabrol's most intense psychological mysteries.,2,2,positive,positive,0.9229206442832947,-0.72571861743927,1.1636601686477661
2,ZDM,A small movie with a big impact.,2,2,positive,positive,0.3774496614933014,-1.0939542055130005,2.6029365062713623
2,ZDM,This bold and lyrical first feature from Raja Amari expands the pat notion that middle-aged women just wanna have fun into a rousing treatise of sensual empowerment.,2,2,positive,positive,0.44714683294296265,-0.9945499897003174,1.0877399444580078
2,ZDM,Photographed with melancholy richness and eloquently performed yet also decidedly uncinematic.,1,2,neutral,positive,0.6546199321746826,-0.5562424659729004,1.332926630973816
2,ZDM,"Hey Arnold! is now stretched to barely feature length, with a little more attention paid to the animation.",1,0,neutral,negative,0.9079403877258301,-0.8690861463546753,0.867627739906311
2,ZDM,"After that, it just gets stupid and maudlin.",0,0,negative,negative,0.5861341953277588,-0.656408429145813,0.12454967945814133
2,ZDM,"The stunning, dreamlike visuals will impress even those viewers who have little patience for Euro-film pretension.",2,2,positive,positive,0.8703804016113281,-0.9141159653663635,1.4373507499694824
2,ZDM,"Plods along, minus the twisted humor and eye-popping visuals that have made Miike... a cult hero.",1,0,neutral,negative,0.6312629580497742,-0.4513612985610962,0.3702343702316284
2,ZDM,"Impresses as a skillfully assembled, highly polished and professional adaptation... just about as chilling and unsettling as `Manhunter' was.",2,2,positive,positive,0.5537980794906616,-1.1125097274780273,0.7848791480064392
2,ZDM,"For the most part, it's a work of incendiary genius, steering clear of knee-jerk reactions and quick solutions.",2,2,positive,positive,0.6098242998123169,-0.7838805913925171,1.020497441291809
2,ZDM,"It's badly acted, blandly directed, and could have been scripted by someone who just graduated from elementary school.",0,2,negative,positive,1.2607008218765259,-1.2224329710006714,1.7777913808822632
2,ZDM,"The sort of picture in which, whenever one of the characters has some serious soul searching to do, they go to a picture-perfect beach during sunset.",1,2,neutral,positive,0.6723054647445679,-1.3897911310195923,2.0010080337524414
2,ZDM,"Despite its raucous intent, XXX is as conventional as a Nike ad and as rebellious as spring break.",1,2,neutral,positive,1.4951380491256714,-1.3330976963043213,2.452503204345703
2,ZDM,... a roller-coaster ride of a movie,2,0,positive,negative,0.5912459492683411,-0.8147512674331665,0.3710029125213623
2,ZDM,"A colorful, vibrant introduction to a universal human impulse, lushly photographed and beautifully recorded.",2,2,positive,positive,1.475400686264038,-0.9377559423446655,1.7496520280838013
2,ZDM,Audiard successfully maintains suspense on different levels throughout a film that is both gripping and compelling.,2,2,positive,positive,0.9355064630508423,-0.7534799575805664,1.2465039491653442
2,ZDM,After that it becomes long and tedious like a classroom play in a college history course.,0,0,negative,negative,0.8721176385879517,-0.44451904296875,0.339699923992157
2,ZDM,"This is cool, slick stuff, ready to quench the thirst of an audience that misses the summer blockbusters.",2,2,positive,positive,0.6214431524276733,-0.7500735521316528,0.8478115797042847
2,ZDM,"Blade II has a brilliant director and charismatic star, but it suffers from rampant vampire devaluation.",1,2,neutral,positive,0.49818873405456543,-0.27306509017944336,0.8803572654724121
2,ZDM,"A loud, ugly, irritating movie without any of its satirical salvos hitting a discernible target.",0,2,negative,positive,1.0447180271148682,-0.8216086626052856,1.1665325164794922
2,ZDM,"For VeggieTales fans, this is more appetizing than a side dish of asparagus.",2,2,positive,positive,1.115811824798584,-0.8306265473365784,1.4125474691390991
2,ZDM,A truly wonderful tale combined with stunning animation.,2,2,positive,positive,0.8531651496887207,-1.0243128538131714,2.234910249710083
2,ZDM,"Nothing sticks, really, except a lingering creepiness one feels from being dragged through a sad, sordid universe of guns, drugs, avarice and damaged dreams.",0,2,negative,positive,1.1377850770950317,-1.1373783349990845,1.8145290613174438
2,ZDM,``Simone'' is a fun and funky look into an artificial creation in a world that thrives on artificiality.,2,2,positive,positive,0.9451857805252075,-1.1013463735580444,1.1582119464874268
2,ZDM,"It's a hoot watching The Rock chomp on jumbo ants, pull an arrow out of his back, and leap unscathed through raging fire!",2,2,positive,positive,1.2819585800170898,-0.4193744659423828,2.1049890518188477
2,ZDM,A portrait of an artist.,1,2,neutral,positive,1.6032932996749878,-1.8887953758239746,2.0276758670806885
2,ZDM,"As written by Michael Berg and Michael J. Wilson from a story by Wilson, this relentless, all-wise-guys-all-the-time approach tries way too hard and gets tiring in no time at all.",0,2,negative,positive,0.5045527219772339,-1.0208841562271118,1.9375543594360352
2,ZDM,"It's the best film of the year so far, the benchmark against which all other Best Picture contenders should be measured.",2,0,positive,negative,1.5939091444015503,-0.5298219323158264,1.4623851776123047
2,ZDM,This is one of the biggest disappointments of the year.,0,0,negative,negative,0.6951720714569092,-0.5197473764419556,0.1715056151151657
2,ZDM,It never fails to engage us.,2,2,positive,positive,0.9468052387237549,-1.3121044635772705,2.653778314590454
2,ZDM,"Denis forges out of the theories of class - based rage and sisterly obsession a razor-sided tuning fork that rings with cultural, sexual and social discord.",1,2,neutral,positive,-0.16165435314178467,-0.6585737466812134,1.0007466077804565
2,ZDM,The movie slides downhill as soon as macho action conventions assert themselves.,0,2,negative,positive,-0.00040204921970143914,-0.6332060098648071,1.4130661487579346
2,ZDM,"More romantic, more emotional and ultimately more satisfying than the teary-eyed original.",2,2,positive,positive,0.21629151701927185,-0.2708350718021393,1.7149070501327515
2,ZDM,"Like the best of Godard's movies... it is visually ravishing, penetrating, impenetrable.",2,2,positive,positive,0.6128125190734863,-1.3957914113998413,2.2548828125
2,ZDM,The cumulative effect of the movie is repulsive and depressing.,0,2,negative,positive,1.4324949979782104,-1.1513404846191406,3.385711431503296
2,ZDM,"Feels like nothing quite so much as a middle-aged moviemaker's attempt to surround himself with beautiful, half-naked women.",1,2,neutral,positive,-0.17397582530975342,0.5203084945678711,0.864106297492981
2,ZDM,"A very long movie, dull in stretches, with entirely too much focus on meal preparation and igloo construction.",0,2,negative,positive,1.0158852338790894,-0.4096319079399109,1.0868929624557495
2,ZDM,"In XXX, Diesel is that rare creature -- an action hero with table manners, and one who proves that elegance is more than tattoo deep.",2,2,positive,positive,0.5812860131263733,-0.9361495971679688,2.09844708442688
2,ZDM,I'm not sure which will take longer to heal: the welt on Johnny Knoxville's stomach from a riot-control projectile or my own tortured psyche.,0,2,negative,positive,0.5761228203773499,-0.6921889185905457,1.548160195350647
2,ZDM,"It's difficult to conceive of anyone who has reached puberty actually finding the characters in Slackers or their antics amusing, let alone funny.",0,2,negative,positive,0.10191980749368668,-0.06515517085790634,1.4951133728027344
2,ZDM,"It never is, not fully.",1,2,neutral,positive,0.8031792640686035,0.08258739858865738,1.7761863470077515
2,ZDM,"Not only is Undercover Brother as funny, if not more so, than both Austin Powers films, but it's also one of the smarter, savvier spoofs to come along in some time.",2,2,positive,positive,0.3274267911911011,-0.6474388837814331,0.7247962951660156
2,ZDM,It should be mentioned that the set design and interiors of the haunted vessel are more than effectively creepy and moodily lit.,2,2,positive,positive,0.846560001373291,-0.9777323007583618,1.6860449314117432
2,ZDM,"With the exception of some fleetingly amusing improvisations by Cedric the Entertainer as Perry's boss, there isn't a redeeming moment here.",0,2,negative,positive,1.1921508312225342,-0.245155930519104,1.4211355447769165
2,ZDM,It's a funny little movie with clever dialogue and likeable characters.,2,2,positive,positive,0.22905024886131287,-0.2159985452890396,1.4971928596496582
2,ZDM,"``13 Conversations'' holds its goodwill close, but is relatively slow to come to the point.",1,2,neutral,positive,-0.41058850288391113,0.22392615675926208,0.6199749112129211
2,ZDM,"Not the kind of film that will appeal to a mainstream American audience, but there is a certain charm about the film that makes it a suitable entry into the fest circuit.",2,2,positive,positive,0.3133728504180908,-0.7444957494735718,1.2034492492675781
2,ZDM,"You come away wishing, though, that the movie spent a lot less time trying to make a credible case for reports from the afterlife and a lot more time on the romantic urgency that's at the center of the story.",1,2,neutral,positive,-0.8386766910552979,-0.23649394512176514,0.11364186555147171
2,ZDM,The movie is virtually without context -- journalistic or historical.,0,2,negative,positive,1.444839596748352,-0.8508235216140747,1.9499597549438477
2,ZDM,"After sitting through this sloppy, made-for-movie comedy special, it makes me wonder if Lawrence hates criticism so much that he refuses to evaluate his own work.",0,2,negative,positive,0.9046827554702759,-1.3031140565872192,2.243434429168701
2,ZDM,Genuinely touching because it's realistic about all kinds of love.,2,2,positive,positive,0.41139447689056396,-0.8728302717208862,2.139944553375244
2,ZDM,"For all the complications, it's all surprisingly predictable.",1,2,neutral,positive,-0.5471986532211304,-1.4091256856918335,2.4195339679718018
2,ZDM,"Armed with a game supporting cast, from the pitch-perfect Forster to the always hilarious Meara and Levy, Like Mike shoots and scores, doing its namesake proud.",2,1,positive,neutral,-0.623566746711731,0.6787636280059814,0.6383112072944641
2,ZDM,It will guarantee to have you leaving the theater with a smile on your face.,2,2,positive,positive,0.9633398056030273,-1.0311423540115356,2.0521068572998047
2,ZDM,"The misery of these people becomes just another voyeuristic spectacle, to be consumed and forgotten.",0,2,negative,positive,1.0456101894378662,-0.7886943817138672,1.361030101776123
2,ZDM,"A thoroughly awful movie -- dumb, narratively chaotic, visually sloppy... a weird amalgam of `The Thing' and a geriatric `Scream.'",0,2,negative,positive,0.5245445966720581,-0.8595236539840698,3.2128336429595947
2,ZDM,"One of those staggeringly well-produced, joylessly extravagant pictures that keep whooshing you from one visual marvel to the next, hastily, emptily.",1,2,neutral,positive,-0.04573237895965576,-0.2627336382865906,0.4030115604400635
2,ZDM,"Measured against practically any like-themed film other than its Oscar-sweeping franchise predecessor The Silence of the Lambs, Red Dragon rates as an exceptional thriller.",2,2,positive,positive,0.36719876527786255,-0.9016910195350647,0.8157789707183838
2,ZDM,"The movie has no respect for laws, political correctness or common decency, but it displays something more important: respect for its flawed, crazy people.",1,2,neutral,positive,0.19565308094024658,-0.8987711668014526,1.2926278114318848
2,ZDM,"In a strange way, Egoyan has done too much.",1,2,neutral,positive,0.8893820643424988,-0.8888077735900879,1.554967999458313
2,ZDM,"After seeing the film, I can tell you that there's no other reason why anyone should bother remembering it.",0,2,negative,positive,1.4086543321609497,-0.4476357102394104,1.71592378616333
2,ZDM,The film is darkly funny in its observation of just how much more grueling and time-consuming the illusion of work is than actual work.,2,2,positive,positive,0.11179147660732269,-0.4240112602710724,0.5739524364471436
2,ZDM,"In some ways, Lagaan is quintessential Bollywood.",1,2,neutral,positive,-0.13678300380706787,0.5924696922302246,0.6324268579483032
2,ZDM,"Pacino and Williams seem to keep upping the ante on each other, just as their characters do in the film.",2,0,positive,negative,0.7468742728233337,-0.26881852746009827,0.5746817588806152
2,ZDM,"It would be disingenuous to call Reno a great film, but you can say that about most of the flicks moving in and out of the multiplex.",1,2,neutral,positive,0.796390175819397,-1.1242735385894775,2.3384530544281006
2,ZDM,"Some movies can get by without being funny simply by structuring the scenes as if they were jokes: a setup, delivery and payoff.",1,2,neutral,positive,-0.1486101895570755,-0.6898371577262878,2.1810855865478516
2,ZDM,Narc can only remind us of brilliant crime dramas without becoming one itself.,1,2,neutral,positive,1.0953925848007202,-1.3181177377700806,2.0166962146759033
2,ZDM,Narc is a no-bull throwback to 1970s action films.,2,2,positive,positive,0.14133375883102417,-0.25340813398361206,0.5017443299293518
2,ZDM,Intriguing and downright intoxicating.,2,0,positive,negative,1.200087547302246,-0.8890048265457153,0.9946359992027283
2,ZDM,"The wonderful combination of the sweetness and the extraordinary technical accomplishments of the first film are maintained, but its overall impact falls a little flat with a storyline that never quite delivers the original magic.",1,2,neutral,positive,0.41261348128318787,-0.724246621131897,1.9677352905273438
2,ZDM,Perhaps the most annoying thing about Who Is Cletis Tout? is that it's a crime movie made by someone who obviously knows nothing about crime.,0,2,negative,positive,0.9196394681930542,-0.6675216555595398,1.4188772439956665
2,ZDM,"In addition to scoring high for originality of plot -- putting together familiar themes of family, forgiveness and love in a new way -- Lilo & Stitch has a number of other assets to commend it to movie audiences both innocent and jaded.",2,2,positive,positive,0.37862011790275574,-0.8974474668502808,2.3742282390594482
2,ZDM,The quirky drama touches the heart and the funnybone thanks to the energetic and always surprising performance by Rachel Griffiths.,2,2,positive,positive,-0.5910405516624451,0.4915335774421692,0.6185694336891174
2,ZDM,"At its worst, it implodes in a series of very bad special effects.",0,2,negative,positive,1.257071614265442,-0.8908708095550537,3.3870222568511963
2,ZDM,Bad and baffling from the get-go.,0,2,negative,positive,-0.2796025276184082,-1.4306035041809082,2.285167932510376
2,ZDM,"The movie is a blast of educational energy, as bouncy animation and catchy songs escort you through the entire 85 minutes.",2,2,positive,positive,0.89456707239151,-1.1760947704315186,2.3625473976135254
2,ZDM,The original wasn't a good movie but this remake makes it look like a masterpiece!,0,0,negative,negative,1.84811270236969,-1.095141887664795,0.8074890971183777
2,ZDM,"To my taste, the film's comic characters come perilously close to being Amoses and Andys for a new generation.",1,2,neutral,positive,0.968697726726532,-1.1624597311019897,1.0518478155136108
2,ZDM,"Although the sequel has all the outward elements of the original, the first film's lovely flakiness is gone, replaced by the forced funniness found in the dullest kiddie flicks.",0,0,negative,negative,0.8392933011054993,-1.2391605377197266,0.7307230234146118
2,ZDM,"The real charm of this trifle is the deadpan comic face of its star, Jean Reno, who resembles Sly Stallone in a hot sake half-sleep.",1,0,neutral,negative,1.210450291633606,-0.4946404993534088,0.6925213932991028
2,ZDM,"... a cute and sometimes side-splittingly funny blend of Legally Blonde and Drop Dead Gorgeous, starring Piper Perabo in what could be her breakthrough role.",2,2,positive,positive,1.0668200254440308,-1.259466528892517,1.6358469724655151
2,ZDM,"This method almost never fails him, and it works superbly here.",2,2,positive,positive,1.1193655729293823,-1.2672924995422363,1.2862486839294434
2,ZDM,Few films capture so perfectly the hopes and dreams of little boys on baseball fields as well as the grown men who sit in the stands.,2,2,positive,positive,1.3798155784606934,-1.40174400806427,2.263704538345337
2,ZDM,Steers has an unexpectedly adamant streak of warm-blooded empathy for all his disparate Manhattan denizens -- especially the a**holes.,1,0,neutral,negative,1.1930999755859375,-0.3624627888202667,1.1790196895599365
2,ZDM,"The Emperor's Club is one of those films that possesses all the good intentions in the world, but...",1,0,neutral,negative,1.8715746402740479,-1.2567046880722046,1.571694016456604
2,ZDM,The most compelling performance of the year adds substantial depth to this shocking testament to anti-Semitism and neo-fascism.,2,0,positive,negative,0.7316329479217529,-0.7833461165428162,0.39608490467071533
2,ZDM,"LaBute can't avoid a fatal mistake in the modern era: He's changed the male academic from a lower-class Brit to an American, a choice that upsets the novel's exquisite balance and shreds the fabric of the film.",1,0,neutral,negative,0.23215600848197937,-0.6117123365402222,-0.04714429751038551
2,ZDM,... think of it as American Pie On Valium.,1,0,neutral,negative,0.9477297067642212,-1.3556864261627197,0.7778160572052002
2,ZDM,Gere gives a good performance in a film that doesn't merit it.,1,0,neutral,negative,0.9416218400001526,-0.7847615480422974,0.2721472680568695
2,ZDM,The Pianist is Polanski's best film.,2,0,positive,negative,1.201596736907959,-0.8951936364173889,0.7002924084663391
2,ZDM,Maybe Thomas Wolfe was right: You can't go home again.,1,2,neutral,positive,1.1839947700500488,-0.24413807690143585,1.567337155342102
2,ZDM,"The director, with his fake backdrops and stately pacing, never settles on a consistent tone.",0,0,negative,negative,1.0349384546279907,-0.29851382970809937,0.35116004943847656
2,ZDM,"Why he was given free reign over this project -- he wrote, directed, starred and produced -- is beyond me.",0,0,negative,negative,0.8613144755363464,-0.917582631111145,0.8163869976997375
2,ZDM,"If you enjoy being rewarded by a script that assumes you aren't very bright, then Blood Work is for you.",0,0,negative,negative,0.5272661447525024,-0.6772134304046631,-0.11434746533632278
2,ZDM,"Like Rudy Yellow Lodge, Eyre needs to take a good sweat to clarify his cinematic vision before his next creation and remember the lessons of the trickster spider.",0,0,negative,negative,1.238726258277893,-0.6209558844566345,0.8513420820236206
2,ZDM,But his showboating wise-cracker stock persona sure is getting old.,1,0,neutral,negative,0.7979002594947815,-0.5141774415969849,0.360288143157959
2,ZDM,"Circuit queens won't learn a thing, they'll be too busy cursing the film's strategically placed white sheets.",1,2,neutral,positive,1.1511108875274658,-0.565231204032898,1.3289436101913452
2,ZDM,"A lot of talent is wasted in this crass, low-wattage endeavor.",0,2,negative,positive,1.1269291639328003,-1.3333078622817993,2.216090202331543
2,ZDM,The second coming of Harry Potter is a film far superior to its predecessor.,2,0,positive,negative,1.2032265663146973,-0.9327285885810852,0.6081018447875977
2,ZDM,This stuck pig of a movie flails limply between bizarre comedy and pallid horror.,0,0,negative,negative,0.872879147529602,-0.8588893413543701,0.49415096640586853
2,ZDM,"The film just might turn on many people to opera, in general, an art form at once visceral and spiritual, wonderfully vulgar and sublimely lofty -- and as emotionally grand as life.",2,2,positive,positive,0.9770882725715637,-0.5498456358909607,1.5848723649978638
2,ZDM,"The delicious trimmings... arrive early and stay late, filling nearly every minute... with a lighthearted glow, some impudent snickers, and a glorious dose of humankind's liberating ability to triumph over a Scrooge or two.",2,0,positive,negative,1.0089491605758667,-0.6097679138183594,0.09109985828399658
2,ZDM,"The inhospitability of the land emphasizes the spare precision of the narratives and helps to give them an atavistic power, as if they were tales that had been handed down since the beginning of time.",1,0,neutral,negative,0.8808330297470093,-0.42169439792633057,0.4714851975440979
2,ZDM,Even more baffling is that it's funny.,1,2,neutral,positive,-0.7695665955543518,0.5324592590332031,0.6062777042388916
2,ZDM,"Parker should be commended for taking a fresh approach to familiar material, but his determination to remain true to the original text leads him to adopt a somewhat mannered tone... that ultimately dulls the human tragedy at the story's core.",1,2,neutral,positive,0.4816543459892273,-1.7086931467056274,1.2150009870529175
2,ZDM,"Hard, endearing, caring, warm.",2,0,positive,negative,1.4852439165115356,-0.3268163800239563,0.03618149086833
2,ZDM,"I have no problem with ``difficult'' movies, or movies that ask the audience to meet them halfway and connect the dots instead of having things all spelled out.",1,2,neutral,positive,-0.0514712892472744,-0.8215190172195435,0.12978039681911469
2,ZDM,The way Coppola professes his love for movies -- both colorful pop junk and the classics that unequivocally qualify as art -- is giddily entertaining.,2,2,positive,positive,1.4048436880111694,-1.112579584121704,1.8992371559143066
2,ZDM,Both the crime story and the love story are unusual.,1,0,neutral,negative,1.599223017692566,-1.3372833728790283,1.539332628250122
2,ZDM,It's never a good sign when a film's star spends the entirety of the film in a coma.,0,0,negative,negative,1.3583639860153198,-0.67655348777771,0.5027801990509033
2,ZDM,A creaky staircase gothic.,1,0,neutral,negative,0.2523233890533447,-0.537878155708313,-0.04324808344244957
2,ZDM,"If there's a way to effectively teach kids about the dangers of drugs, I think it's in projects like the (unfortunately R-rated) Paid.",1,0,neutral,negative,0.24956223368644714,-1.1976572275161743,0.22869065403938293
2,ZDM,"If you're a WWF fan, or you related to the people who watched the robots getting butchered in A.I., you'll probably like Rollerball.",1,0,neutral,negative,0.39550572633743286,0.2566443979740143,-0.5570071935653687
2,ZDM,Norton holds the film together.,1,2,neutral,positive,0.8180122971534729,-1.166077971458435,1.806698203086853
2,ZDM,"A breathtaking adventure for all ages, Spirit tells its poignant and uplifting story in a stunning fusion of music and images.",2,0,positive,negative,1.0002033710479736,-0.4786035716533661,0.29530465602874756
2,ZDM,It won't bust your gut -- and it's not intended to -- it's merely a blandly cinematic surgical examination of what makes a joke a joke.,1,1,neutral,neutral,0.14366042613983154,0.39363783597946167,-0.12630516290664673
2,ZDM,Largely a for-fans artifact.,1,1,neutral,neutral,0.8129996061325073,1.3762280941009521,0.3689582347869873
2,ZDM,A movie so bad that it quickly enters the pantheon of wreckage that includes Battlefield Earth and Showgirls.,0,0,negative,negative,-0.05445445701479912,-0.147415891289711,-0.38109999895095825
2,ZDM,"If you're over 25, have an IQ over 90, and have a driver's license, you should be able to find better entertainment.",0,0,negative,negative,1.4490233659744263,-0.5983092784881592,0.28548216819763184
2,ZDM,A solid piece of journalistic work that draws a picture of a man for whom political expedience became a deadly foreign policy.,1,0,neutral,negative,1.0740801095962524,-0.21215377748012543,0.5342757701873779
2,ZDM,"The doofus-on-the-loose banter of Welcome to Collinwood has a cocky, after-hours loopiness to it.",1,2,neutral,positive,2.007350206375122,-1.4084773063659668,2.1479148864746094
2,ZDM,It's the funniest American comedy since Graffiti Bridge.,2,2,positive,positive,0.13814517855644226,-0.8782225847244263,0.4678284227848053
2,ZDM,Samuel Beckett applied to the Iranian voting process.,1,2,neutral,positive,0.569302499294281,-0.6315488815307617,0.9378430247306824
2,ZDM,A strangely compelling and brilliantly acted psychological drama.,2,2,positive,positive,0.3642612397670746,-1.0693495273590088,0.9058884382247925
2,ZDM,"Often gruelling and heartbreaking to witness, but Seldahl and Wollter's sterling performances raise this far above the level of the usual maudlin disease movie.",2,0,positive,negative,0.7461198568344116,-0.6083534955978394,0.5346781015396118
2,ZDM,"This enthralling documentary... is at once playful and haunting, an in-depth portrait of an iconoclastic artist who was fundamentally unknowable even to his closest friends.",2,2,positive,positive,0.9999628067016602,-1.5508509874343872,2.136155128479004
2,ZDM,"I didn't laugh at the ongoing efforts of Cube, and his skinny buddy Mike Epps, to make like Laurel and Hardy'n the hood.",0,0,negative,negative,0.41133251786231995,-0.48674479126930237,0.08213736861944199
2,ZDM,"At its best when the guarded, resentful Betty and the manipulative yet needy Margot are front and center.",1,2,neutral,positive,0.7099882364273071,-0.6640189290046692,1.1566760540008545
2,ZDM,Ford deserves to be remembered at Oscar time for crafting this wonderful portrait of a conflicted soldier.,2,1,positive,neutral,0.49944382905960083,0.772901177406311,0.4588611423969269
2,ZDM,"That is essentially what's missing from Blackboards -- the sense of something bigger, some ultimate point.",1,0,neutral,negative,0.6297058463096619,-0.363211989402771,0.29603081941604614
2,ZDM,"It's a bizarre curiosity memorable mainly for the way it fritters away its potentially interesting subject matter via a banal script, unimpressive acting and indifferent direction.",1,2,neutral,positive,0.3809228539466858,-0.5522158145904541,0.9550278782844543
2,ZDM,"While obviously an extremely personal work, it remains inextricably stuck in an emotionally unavailable rut.",1,2,neutral,positive,0.4050905108451843,0.03058261051774025,0.9180502891540527
2,ZDM,"A dim-witted and lazy spin-off of the Animal Planet documentary series, Crocodile Hunter is entertainment opportunism at its most glaring.",0,2,negative,positive,0.4861435890197754,-0.5484030246734619,0.9038863182067871
2,ZDM,"The good is very, very good... The rest runs from mildly unimpressive to despairingly awful.",1,2,neutral,positive,0.03098093904554844,0.28844600915908813,0.7340171337127686
2,ZDM,"Methodical, measured, and gently tedious in its comedy, Secret Ballot is a purposefully reductive movie -- which may be why it's so successful at lodging itself in the brain.",2,2,positive,positive,-0.2210654318332672,-0.5891510248184204,1.051094889640808
2,ZDM,One of the most exciting action films to come out of China in recent years.,2,2,positive,positive,0.28944480419158936,-1.2539427280426025,1.1461905241012573
2,ZDM,Adam Sandler's Eight Crazy Nights grows on you -- like a rash.,0,2,negative,positive,0.899441123008728,-1.2530745267868042,1.8473974466323853
2,ZDM,"The film feels formulaic, its plot and pacing typical Hollywood war-movie stuff, while the performances elicit more of a sense of deja vu than awe.",0,2,negative,positive,0.2811710834503174,-0.8970236778259277,0.3507605791091919
2,ZDM,"... pitiful, slapdash disaster.",0,0,negative,negative,0.3355814814567566,-1.1694196462631226,0.28551727533340454
2,ZDM,"As it stands, there's some fine sex onscreen, and some tense arguing, but not a whole lot more.",1,2,neutral,positive,0.5875598788261414,0.03988116607069969,0.6295408606529236
2,ZDM,It's neither as romantic nor as thrilling as it should be.,0,2,negative,positive,-0.5751407146453857,0.4658660590648651,1.5814050436019897
2,ZDM,Returning director Rob Minkoff... and screenwriter Bruce Joel Rubin... have done a fine job of updating White's dry wit to a new age.,2,2,positive,positive,0.12737330794334412,-0.9288736581802368,0.9083888530731201
2,ZDM,"The Venezuelans say things like ``si, pretty much'' and ``por favor, go home'' when talking to Americans.",1,2,neutral,positive,0.06055865064263344,-0.2436061054468155,0.2593895196914673
2,ZDM,"If you already like this sort of thing, this is that sort of thing all over again.",1,0,neutral,negative,0.6125248670578003,-0.5656570196151733,0.6083399653434753
2,ZDM,An awful movie that will only satisfy the most emotionally malleable of filmgoers.,0,2,negative,positive,0.5945417881011963,-0.615830659866333,1.3279448747634888
2,ZDM,"This is an extraordinary film, not least because it is Japanese and yet feels universal.",2,2,positive,positive,0.33581066131591797,-0.6240167021751404,1.6509186029434204
2,ZDM,"Aptly named, this shimmering, beautifully costumed and filmed production doesn't work for me.",1,1,neutral,neutral,-0.02081415243446827,0.7393803596496582,-0.6177194714546204
2,ZDM,"If Borstal Boy isn't especially realistic, it is an engaging nostalgia piece.",1,2,neutral,positive,0.5024389028549194,-1.4833285808563232,1.2553057670593262
2,ZDM,"The asylum material is gripping, as are the scenes of Jia with his family.",2,2,positive,positive,0.9526965022087097,-0.49529045820236206,1.615230917930603
2,ZDM,"... by the time it's done with us, Mira Nair's new movie has its audience giddy with the delight of discovery, of having been immersed in a foreign culture only to find that human nature is pretty much the same all over.",2,2,positive,positive,0.3495873212814331,-0.7195700407028198,0.806147575378418
2,ZDM,... about as exciting to watch as two last-place basketball teams playing one another on the final day of the season.,0,2,negative,positive,-0.05991363897919655,-0.6241720914840698,0.8427891135215759
2,ZDM,Girls gone wild and gone civil again,1,2,neutral,positive,0.7126068472862244,-1.591907262802124,1.589395523071289
2,ZDM,To say Analyze That is De Niro's best film since Meet the Parents sums up the sad state of his recent career.,1,2,neutral,positive,0.9663065671920776,-1.0642552375793457,1.2985727787017822
2,ZDM,"Like being trapped inside a huge video game, where exciting, inane images keep popping past your head and the same illogical things keep happening over and over again.",1,2,neutral,positive,0.06296159327030182,-0.6129975914955139,0.48650413751602173
2,ZDM,`Enigma' is the kind of engaging historical drama that Hollywood appears to have given up on in favor of sentimental war movies in the vein of `We Were Soldiers.',1,2,neutral,positive,0.06724207103252411,-0.8740466833114624,0.3247077465057373
2,ZDM,The Rock has a great presence but one battle after another is not the same as one battle followed by killer CGI effects.,1,2,neutral,positive,0.7146540284156799,-1.058254599571228,1.0938955545425415
2,ZDM,Visually sumptuous but intellectually stultifying.,1,0,neutral,negative,0.2856326401233673,-0.43979355692863464,0.2514682412147522
2,ZDM,"So young, so smart, such talent, such a wise ***.",2,2,positive,positive,0.6996740102767944,-0.5268533825874329,1.4366339445114136
2,ZDM,"The problem is that for the most part, the film is deadly dull.",0,2,negative,positive,1.1136491298675537,-0.8038387298583984,1.2007325887680054
2,ZDM,A thinly veiled look at different aspects of Chinese life clashing with each other.,1,2,neutral,positive,0.7218591570854187,-0.68016517162323,2.167358160018921
2,ZDM,An exhilarating experience.,2,2,positive,positive,-0.09609343111515045,-0.5375844240188599,0.8278106451034546
2,ZDM,Remarkably accessible and affecting.,2,2,positive,positive,-0.03727958723902702,-1.5612964630126953,1.1373833417892456
2,ZDM,"The climactic events are so well realized that you may forget all about the original conflict, just like the movie does.",1,2,neutral,positive,0.8032138347625732,-1.009892463684082,1.410365104675293
2,ZDM,Distinctly sub-par... more likely to drown a viewer in boredom than to send any shivers down his spine.,0,0,negative,negative,0.4961414933204651,0.28371259570121765,-0.07194804400205612
2,ZDM,Godard's ode to tackling life's wonderment is a rambling and incoherent manifesto about the vagueness of topical excess... In Praise of Love remains a ponderous and pretentious endeavor that's unfocused and tediously exasperating.,0,2,negative,positive,0.5317748785018921,-0.8301327228546143,1.197853446006775
2,ZDM,"We never truly come to care about the main characters and whether or not they'll wind up together, and Michele's spiritual quest is neither amusing nor dramatic enough to sustain interest.",0,2,negative,positive,0.19723404943943024,-0.8168994784355164,0.6250501871109009
2,ZDM,"Most haunting about ``Fence'' is its conclusion, when we hear the ultimate fate of these girls and realize, much to our dismay, that this really did happen.",2,2,positive,positive,0.28371933102607727,-0.8651124238967896,1.023128628730774
2,ZDM,"Bogdanovich taps deep into the Hearst mystique, entertainingly reenacting a historic scandal.",2,2,positive,positive,1.3070632219314575,-1.2273592948913574,2.1169886589050293
2,ZDM,"Peralta's mythmaking could have used some informed, adult hindsight.",1,0,neutral,negative,2.1089978218078613,-1.2065025568008423,-0.3521917462348938
2,ZDM,"``My god, I'm behaving like an idiot!''",1,0,neutral,negative,0.9935253858566284,-0.5895035266876221,0.18442945182323456
2,ZDM,"Devos and Cassel have tremendous chemistry -- their sexual and romantic tension, while never really vocalized, is palpable.",2,0,positive,negative,0.705629825592041,0.019523080438375473,0.4948367178440094
2,ZDM,"As a girl-meets-girl romantic comedy, Kissing Jessica Steinis quirky, charming and often hilarious.",2,2,positive,positive,-0.2656756043434143,-0.36240941286087036,0.08922689408063889
2,ZDM,Gollum's `performance' is incredible!,2,0,positive,negative,0.4335586726665497,-0.3820357322692871,0.19782991707324982
2,ZDM,"... a haunting vision, with images that seem more like disturbing hallucinations.",0,0,negative,negative,0.00792777445167303,-0.5120875835418701,-0.296434223651886
2,ZDM,"As a remake, it's a pale imitation.",0,2,negative,positive,0.3154892921447754,-1.5111520290374756,0.5046902894973755
2,ZDM,Adults will certainly want to spend their time in the theater thinking up grocery lists and ways to tell their kids how not to act like Pinocchio.,1,0,neutral,negative,0.5800129175186157,-0.2137925773859024,-0.04303194209933281
2,ZDM,"Not as distinctive or even as humorous as its needs to be to stand out, but it has clearly been made with affection and care.",1,2,neutral,positive,-0.1451675146818161,-0.09350795298814774,-0.012256105430424213
2,ZDM,A generic family comedy unlikely to be appreciated by anyone outside the under-10 set.,0,1,negative,neutral,0.06781751662492752,0.14376462996006012,-0.7640451192855835
2,ZDM,"An amalgam of The Fugitive, Blade Runner, and Total Recall, only without much energy or tension.",1,0,neutral,negative,1.1241421699523926,-0.281814843416214,0.9978786110877991
2,ZDM,"Everything its title implies, a standard-issue crime drama spat out from the Tinseltown assembly line.",1,0,neutral,negative,0.7789571285247803,-0.7562682628631592,0.2623007297515869
2,ZDM,"This odd, poetic road movie, spiked by jolts of pop music, pretty much takes place in Morton's ever-watchful gaze -- and it's a tribute to the actress, and to her inventive director, that the journey is such a mesmerizing one.",2,0,positive,negative,0.4757579565048218,-0.6726410388946533,0.366184264421463
2,ZDM,"Co-writer/director Jonathan Parker's attempts to fashion a Brazil-like, hyper-real satire fall dreadfully short.",0,0,negative,negative,1.4966202974319458,-0.6717745661735535,0.7328941822052002
2,ZDM,"An amateurish, quasi-improvised acting exercise shot on ugly digital video.",0,2,negative,positive,0.27536681294441223,-0.6529331803321838,0.7544777393341064
2,ZDM,"``The Kid Stays in the Picture'' is a great story, terrifically told by the man who wrote it but this Cliff Notes edition is a cheat.",1,0,neutral,negative,0.8648050427436829,0.05209686979651451,0.03309577330946922
2,ZDM,"A gratingly unfunny groaner littered with zero-dimensional, unlikable characters and hackneyed, threadbare comic setups.",0,0,negative,negative,0.9406858682632446,-0.5865613222122192,0.43772926926612854
2,ZDM,"While this gentle and affecting melodrama will have luvvies in raptures, it's far too slight and introspective to appeal to anything wider than a niche audience.",1,0,neutral,negative,0.491968035697937,-0.5558285713195801,0.01895427331328392
2,ZDM,Griffin & Co. manage to be spectacularly outrageous.,2,0,positive,negative,0.48329848051071167,-0.040020156651735306,0.4055362939834595
2,ZDM,"A profoundly stupid affair, populating its hackneyed and meanspirited storyline with cardboard characters and performers who value cash above credibility.",0,0,negative,negative,0.9700668454170227,-0.773086428642273,0.14726980030536652
2,ZDM,"Warm Water Under a Red Bridge is a quirky and poignant Japanese film that explores the fascinating connections between women, water, nature, and sexuality.",2,0,positive,negative,0.3305171728134155,-0.3744644820690155,0.21667788922786713
2,ZDM,It isn't that Stealing Harvard is a horrible movie -- if only it were that grand a failure!,0,0,negative,negative,1.3079438209533691,-0.0018606827361509204,0.31936216354370117
2,ZDM,It just doesn't have much else... especially in a moral sense.,1,2,neutral,positive,-0.5076562166213989,-0.6885666847229004,0.6746034622192383
2,ZDM,Those unfamiliar with Mormon traditions may find The Singles Ward occasionally bewildering.,1,1,neutral,neutral,-0.0386960543692112,0.060616154223680496,-0.4082733392715454
2,ZDM,"Viewed as a comedy, a romance, a fairy tale, or a drama, there's nothing remotely triumphant about this motion picture.",1,2,neutral,positive,0.6036030650138855,-0.523554265499115,0.8370469808578491
2,ZDM,"But the talented cast alone will keep you watching, as will the fight scenes.",2,0,positive,negative,0.9957917928695679,-0.6132625341415405,0.7588868141174316
2,ZDM,It's solid and affecting and exactly as thought-provoking as it should be.,2,2,positive,positive,0.8239494562149048,-1.2227792739868164,0.9299625754356384
2,ZDM,"Thanks largely to Williams, all the interesting developments are processed in 60 minutes -- the rest is just an overexposed waste of film.",0,0,negative,negative,0.7893144488334656,-0.6007282733917236,-0.48900696635246277
2,ZDM,"Cantet perfectly captures the hotel lobbies, two-lane highways, and roadside cafes that permeate Vincent's days",2,2,positive,positive,0.8591830730438232,0.2067883312702179,1.0376691818237305
2,ZDM,"An important movie, a reminder of the power of film to move us and to make us examine our values.",2,0,positive,negative,0.5632977485656738,-0.016027022153139114,-0.03554501011967659
2,ZDM,"Too much of this well-acted but dangerously slow thriller feels like a preamble to a bigger, more complicated story, one that never materializes.",0,0,negative,negative,0.39065900444984436,0.16459937393665314,0.17532266676425934
2,ZDM,A richly imagined and admirably mature work from a gifted director who definitely has something on his mind.,2,2,positive,positive,0.45139825344085693,0.04015226289629936,0.5225356817245483
2,ZDM,"The art direction is often exquisite, and the anthropomorphic animal characters are beautifully realized through clever makeup design, leaving one to hope that the eventual DVD release will offer subtitles and the original Italian-language soundtrack.",2,2,positive,positive,0.41075384616851807,-0.7750722169876099,0.7774561047554016
2,ZDM,"... Jones, despite a definitely distinctive screen presence, just isn't able to muster for a movie that, its title notwithstanding, should have been a lot nastier if it wanted to fully capitalize on its lead's specific gifts.",1,2,neutral,positive,0.4275559186935425,-0.5574884414672852,0.5900612473487854
2,ZDM,But what's nice is that there's a casual intelligence that permeates the script.,2,0,positive,negative,0.8264959454536438,-0.35503339767456055,-0.2614978849887848
2,ZDM,Wedding feels a bit anachronistic.,0,1,negative,neutral,-0.6504435539245605,1.1802597045898438,-0.33587634563446045
2,ZDM,"An action/thriller of the finest kind, evoking memories of Day of the Jackal, The French Connection, and Heat.",2,0,positive,negative,0.1135711520910263,0.059043463319540024,-0.0392257459461689
2,ZDM,"Every individual will see the movie through the prism of his or her own beliefs and prejudices, but the one thing most will take away is the sense that peace is possible.",2,2,positive,positive,-0.08001785725355148,-1.091851830482483,0.3220643997192383
2,ZDM,"Feels slight, as if it were an extended short, albeit one made by the smartest kids in class.",1,0,neutral,negative,1.1399502754211426,-0.7485699653625488,0.8269275426864624
2,ZDM,The picture doesn't know it's a comedy.,1,0,neutral,negative,0.6443865299224854,-0.15991650521755219,0.37526801228523254
2,ZDM,A classy item by a legend who may have nothing left to prove but still has the chops and drive to show how its done.,2,0,positive,negative,0.3513893485069275,-0.49535056948661804,0.0021332306787371635
2,ZDM,"Starts out mediocre, spirals downward, and thuds to the bottom of the pool with an utterly incompetent conclusion.",0,0,negative,negative,0.5226635336875916,-0.11574912816286087,-0.042056549340486526
2,ZDM,The sort of movie that gives tastelessness a bad rap.,0,2,negative,positive,0.5721298456192017,-1.3063774108886719,1.4367107152938843
2,ZDM,Its engaging simplicity is driven by appealing leads.,2,0,positive,negative,0.47559112310409546,-0.4986480474472046,0.32349348068237305
2,ZDM,"Fans of the TV series will be disappointed, and everyone else will be slightly bored.",1,0,neutral,negative,0.732963502407074,-0.41605207324028015,-0.46494919061660767
2,ZDM,"It's a head-turner -- thoughtfully written, beautifully read and, finally, deeply humanizing.",2,2,positive,positive,-0.4631584882736206,0.4656903147697449,0.7220557332038879
2,ZDM,"It's not a particularly good film, but neither is it a monsterous one.",1,0,neutral,negative,0.2423216551542282,-0.1180531457066536,-0.5023208260536194
2,ZDM,Men in Black II achieves ultimate insignificance -- it's the sci-fi comedy spectacle as Whiffle-Ball epic.,0,0,negative,negative,0.7491986751556396,-0.41853809356689453,-0.47612348198890686
2,ZDM,Martyr gets royally screwed and comes back for more.,1,1,neutral,neutral,-0.49046704173088074,0.025961142033338547,-0.9261332750320435
3,ZDN,Presents a good case while failing to provide a reason for us to care beyond the very basic dictums of human decency.,1,1,neutral,neutral,-0.8048197627067566,-0.001034533022902906,-0.6009954810142517
3,ZDN,"Beautifully crafted, engaging filmmaking that should attract upscale audiences hungry for quality and a nostalgic, twisty yarn that will keep them guessing.",2,1,positive,neutral,-0.5662874579429626,-0.12354018539190292,-0.20199957489967346
3,ZDN,"Bread, My Sweet has so many flaws it would be easy for critics to shred it.",0,0,negative,negative,-0.2801528871059418,-0.9541440010070801,-0.8434131741523743
3,ZDN,"Slow, silly and unintentionally hilarious.",1,1,neutral,neutral,-0.7694531083106995,0.12553562223911285,-1.4981824159622192
3,ZDN,"Ultimately feels empty and unsatisfying, like swallowing a Communion wafer without the wine.",0,1,negative,neutral,-1.0093189477920532,0.4297272264957428,-1.7089922428131104
3,ZDN,Exudes the fizz of a Busby Berkeley musical and the visceral excitement of a sports extravaganza.,2,1,positive,neutral,-1.1443719863891602,0.059218328446149826,-0.8684773445129395
3,ZDN,The film rehashes several old themes and is capped with pointless extremes -- it's insanely violent and very graphic.,0,0,negative,negative,-0.4105728268623352,-1.0309672355651855,-0.7135527729988098
3,ZDN,"Ryan Gosling is, in a word, brilliant as the conflicted Daniel.",2,1,positive,neutral,-0.4797618091106415,0.09752321988344193,-0.24320296943187714
3,ZDN,"If Deuces Wild had been tweaked up a notch it would have become a camp adventure, one of those movies that's so bad it starts to become good.",1,0,neutral,negative,-0.49949154257774353,-0.5124422311782837,-0.8012071847915649
3,ZDN,The film's stagecrafts are intimate and therefore bolder than the otherwise calculated artifice that defines and overwhelms the film's production design.,1,0,neutral,negative,-0.3452414274215698,-0.7440057396888733,-0.9853283762931824
3,ZDN,"Frida is certainly no disaster, but neither is it the Kahlo movie Frida fans have been looking for.",1,0,neutral,negative,-0.5523651838302612,-1.021457314491272,-0.7733945846557617
3,ZDN,The film often achieves a mesmerizing poetry.,2,0,positive,negative,0.2698259651660919,0.20085403323173523,-1.891220211982727
3,ZDN,A work of astonishing delicacy and force.,2,1,positive,neutral,-0.7508171796798706,-0.366853803396225,-0.9664477109909058
3,ZDN,"The movie's plot is almost entirely witless and inane, carrying every gag two or three times beyond its limit to sustain a laugh.",0,2,negative,positive,-0.5664312243461609,-0.9763485789299011,-0.5523796677589417
3,ZDN,"For the most part, the ingredients are there.",1,1,neutral,neutral,-1.493820071220398,-0.2724582552909851,-1.1252615451812744
3,ZDN,"But if you've paid a matinee price and bought a big tub of popcorn, there's guilty fun to be had here.",1,0,neutral,negative,-0.21115966141223907,-1.2992547750473022,-1.071178674697876
3,ZDN,"There's not much to Fatale, outside of its stylish surprises... but that's OK.",1,0,neutral,negative,0.39461788535118103,-1.3601619005203247,-1.924346923828125
3,ZDN,"The acting is stiff, the story lacks all trace of wit, the sets look like they were borrowed from Gilligan's Island -- and the CGI Scooby might well be the worst special-effects creation of the year.",0,2,negative,positive,-0.13505704700946808,-0.31884145736694336,0.10441476106643677
3,ZDN,"This version moves beyond the original's nostalgia for the communal film experiences of yesteryear to a deeper realization of cinema's inability to stand in for true, lived experience.",1,1,neutral,neutral,-1.0029808282852173,0.06745528429746628,-1.4022923707962036
3,ZDN,"There's no palpable chemistry between Lopez and male lead Ralph Fiennes, plus the script by Working Girl scribe Kevin Wade is workmanlike in the extreme.",0,1,negative,neutral,-0.2971414625644684,-0.29181626439094543,-1.0256131887435913
3,ZDN,"A first-class, thoroughly involving B movie that effectively combines two surefire, beloved genres -- the prison flick and the fight film.",2,2,positive,positive,-0.9672753214836121,-1.0760149955749512,-0.3896298408508301
3,ZDN,The film is so bad it doesn't improve upon the experience of staring at a blank screen.,0,0,negative,negative,-0.5810220837593079,-0.7066303491592407,-0.8812339901924133
3,ZDN,Another Best of the Year selection.,2,2,positive,positive,-0.9499316811561584,-0.9969878196716309,-0.4165817201137543
3,ZDN,It's all a rather shapeless good time...,1,2,neutral,positive,-1.3988407850265503,-0.6482924818992615,-0.5429770946502686
3,ZDN,"Same song, second verse, coulda been better, but it coulda been worse.",1,0,neutral,negative,-0.09883390367031097,-0.5254682302474976,-1.191144585609436
3,ZDN,I love the robust middle of this picture.,2,1,positive,neutral,-1.2148884534835815,-0.36281755566596985,-1.5691087245941162
3,ZDN,"That's not vintage Spielberg and that, finally, is minimally satisfying.",1,1,neutral,neutral,-0.4612399637699127,-0.26471763849258423,-1.5455055236816406
3,ZDN,The soundtrack alone is worth the price of admission.,2,0,positive,negative,0.12051095068454742,-1.2581785917282104,-1.172952651977539
3,ZDN,Mostly Martha could have used a little trimming -- 10 or 15 minutes could be cut and no one would notice -- but it's a pleasurable trifle.,1,0,neutral,negative,-0.3715945780277252,-1.0505378246307373,-0.6226463317871094
3,ZDN,"For the rest of us, sitting through Dahmer's two hours amounts to little more than punishment.",0,0,negative,negative,-0.32103076577186584,-0.628363311290741,-1.9759714603424072
3,ZDN,"Featuring a dangerously seductive performance from the great Daniel Auteuil, ``Sade'' covers the same period as Kaufmann's ``Quills'' with more unsettlingly realistic results.",2,0,positive,negative,-0.5033605694770813,-0.746596097946167,-1.068787693977356
3,ZDN,"The movie is for fans who can't stop loving anime, and the fanatical excess built into it.",1,0,neutral,negative,-0.2583356201648712,-1.1619971990585327,-0.4059778153896332
3,ZDN,"The Ring is worth a look, if you don't demand much more than a few cheap thrills from your Halloween entertainment.",1,1,neutral,neutral,-0.8571872115135193,0.2472638636827469,-1.4949158430099487
3,ZDN,"Beautifully observed, miraculously unsentimental comedy-drama.",2,1,positive,neutral,-1.0404905080795288,0.10652615875005722,-1.4669010639190674
3,ZDN,"What makes How I Killed My Father compelling, besides its terrific performances, is Fontaine's willingness to wander into the dark areas of parent-child relationships without flinching.",2,2,positive,positive,-0.4734392762184143,-1.0817620754241943,-0.4303343594074249
3,ZDN,"This hastily mounted production exists only to capitalize on Hopkins' inclination to play Hannibal Lecter again, even though Harris has no immediate inclination to provide a fourth book.",0,2,negative,positive,-0.8215795755386353,-0.5226319432258606,-0.38941624760627747
3,ZDN,Bullock's complete lack of focus and ability quickly derails the film.,0,0,negative,negative,-0.5975190997123718,-0.7520203590393066,-1.3004621267318726
3,ZDN,"... a plotline that's as lumpy as two-day old porridge... the filmmakers' paws, sad to say, were all over this ``un-bear-able'' project!",0,0,negative,negative,0.01192928571254015,-0.47316107153892517,-1.0324106216430664
3,ZDN,Crush could be the worst film a man has made about women since Valley of the Dolls.,0,1,negative,neutral,-0.3059646785259247,-0.217080220580101,-1.8424880504608154
3,ZDN,"Reassuring, retro uplifter.",2,1,positive,neutral,-0.6903924345970154,0.8247705698013306,-1.8295122385025024
3,ZDN,Flaccid drama and exasperatingly slow journey.,0,0,negative,negative,-0.7793119549751282,-0.7989850640296936,-0.9259458184242249
3,ZDN,The Movie will reach far beyond its core demographic.,2,0,positive,negative,-0.868151843547821,-1.096217155456543,-1.2905914783477783
3,ZDN,How did it ever get made?,0,1,negative,neutral,-1.0665572881698608,-0.6328891515731812,-1.6592055559158325
3,ZDN,I like the new footage and still love the old stuff.,2,0,positive,negative,-0.7598677277565002,-1.211875319480896,-1.1721011400222778
3,ZDN,"It briefly flirts with player masochism, but the point of real interest -- audience sadism -- is evaded completely.",1,1,neutral,neutral,-0.6841096878051758,-0.34523797035217285,-0.912248432636261
3,ZDN,Could The Country Bears really be as bad as its trailers?,0,1,negative,neutral,-0.5452007055282593,0.6397492289543152,-1.8916816711425781
3,ZDN,"At times, the movie looks genuinely pretty.",2,1,positive,neutral,-1.1361969709396362,-0.4787348210811615,-0.9816665649414062
3,ZDN,It depends on how well flatulence gags fit into your holiday concept.,1,1,neutral,neutral,-0.7998529076576233,0.41782066226005554,-1.6490296125411987
3,ZDN,"The stupidest, most insulting movie of 2002's first quarter.",0,1,negative,neutral,-1.1421895027160645,-0.6263518929481506,-1.0973302125930786
3,ZDN,The film seems a dead weight.,0,1,negative,neutral,-0.7952440977096558,-0.03832037374377251,-1.8917615413665771
3,ZDN,"Sparkling, often hilarious romantic jealousy comedy... Attal looks so much like a young Robert DeNiro that it seems the film should instead be called `My Husband Is Travis Bickle'.",2,0,positive,negative,-0.2682521939277649,-0.45050129294395447,-2.0971872806549072
3,ZDN,"I did go back and check out the last 10 minutes, but these were more repulsive than the first 30 or 40 minutes.",0,1,negative,neutral,-0.6342659592628479,-0.267545610666275,-1.2091171741485596
3,ZDN,"A lousy movie that's not merely unwatchable, but also unlistenable.",0,1,negative,neutral,-0.4103403389453888,0.03454437479376793,-1.8887863159179688
3,ZDN,One of the best films of the year with its exploration of the obstacles to happiness faced by five contemporary individuals... a psychological masterpiece.,2,1,positive,neutral,-0.802336573600769,-0.5746034383773804,-1.2681390047073364
3,ZDN,"A strong script, powerful direction and splendid production design allows us to be transported into the life of Wladyslaw Szpilman, who is not only a pianist, but a good human being.",2,0,positive,negative,-0.37780994176864624,-0.8010667562484741,-1.0296708345413208
3,ZDN,"But here's the real damn: It isn't funny, either.",0,1,negative,neutral,-1.4914665222167969,0.036252934485673904,-1.345248818397522
3,ZDN,"Qutting may be a flawed film, but it is nothing if not sincere.",1,0,neutral,negative,-0.0659668892621994,-0.18441835045814514,-2.8283610343933105
3,ZDN,It's a fanboy `what if?',1,1,neutral,neutral,-0.2121356576681137,0.297448068857193,-2.8972885608673096
3,ZDN,... something appears to have been lost in the translation this time.,0,0,negative,negative,-0.4189700782299042,-0.9478052854537964,-1.1313830614089966
3,ZDN,"Like a documentary version of Fight Club, shorn of social insight, intellectual pretension and cinematic interest.",1,0,neutral,negative,-0.25528934597969055,-0.47596049308776855,-1.4675546884536743
3,ZDN,"Stephen Rea, Aidan Quinn, and Alan Bates play Desmond's legal eagles, and when joined by Brosnan, the sight of this grandiloquent quartet lolling in pretty Irish settings is a pleasant enough thing, `tis.",2,1,positive,neutral,-0.510319173336029,-0.29389744997024536,-1.5981354713439941
3,ZDN,"It's a powerful though flawed movie, guaranteed to put a lump in your throat while reaffirming Washington as possibly the best actor working in movies today.",2,1,positive,neutral,-0.6768115162849426,-0.4484734833240509,-1.1910780668258667
3,ZDN,An intriguing and entertaining introduction to Johnson.,2,0,positive,negative,0.3467842936515808,-1.6385562419891357,-1.251741647720337
3,ZDN,Everything was as superficial as the forced New Jersey lowbrow accent Uma had.,0,1,negative,neutral,-0.4788142740726471,0.0821651816368103,-2.1298086643218994
3,ZDN,"Despite the holes in the story and the somewhat predictable plot, moments of the movie caused me to jump in my chair...",1,1,neutral,neutral,0.12174119055271149,0.30661484599113464,-2.4914355278015137
3,ZDN,`How many more voyages can this limping but dearly-loved franchise survive?',1,0,neutral,negative,-0.5125859975814819,-0.8347890973091125,-1.2455424070358276
3,ZDN,If only the story about a multi-million dollar con bothered to include the con.,1,0,neutral,negative,-0.2437545210123062,-1.0584056377410889,-1.227613925933838
3,ZDN,"It is supremely unfunny and unentertaining to watch middle-age and older men drink to excess, piss on trees, b.s. one another and put on a show in drag.",0,1,negative,neutral,-0.8399285078048706,-0.4427732825279236,-1.2422230243682861
3,ZDN,"Only a few minutes elapse before the daddy of all slashers arrives, still with the boiler suit and white mask, which look remarkably clean for a guy who has been mass-murdering since 1978 but has never been seen doing laundry.",1,1,neutral,neutral,-0.8405764698982239,-0.4194532632827759,-1.0667436122894287
3,ZDN,"Showtime is one of the hapless victims of the arrogant ``if we put together a wry white man and a chatty black man and give them guns, the movie will be funny'' syndrome.",0,1,negative,neutral,-0.3829995393753052,-0.019902897998690605,-1.2305021286010742
3,ZDN,"Whatever heartwarming scene the impressively discreet filmmakers may have expected to record with their mini DV, they show a remarkable ability to document both sides of this emotional car-wreck.",2,0,positive,negative,-0.6731715202331543,-0.9297732710838318,-1.0497791767120361
3,ZDN,"A zombie movie in every sense of the word -- mindless, lifeless, meandering, loud, painful, obnoxious.",0,1,negative,neutral,-0.23709113895893097,0.11359424144029617,-2.8565449714660645
3,ZDN,"It has fun with the quirks of family life, but it also treats the subject with fondness and respect.",2,0,positive,negative,0.12963534891605377,-1.2722423076629639,-0.7751933336257935
3,ZDN,"Novak manages to capture a cruelly hilarious vein of black comedy in the situation with his cast of non-actors and a gritty, no-budget approach.",2,1,positive,neutral,-0.804270327091217,-0.2512418329715729,-0.7403474450111389
3,ZDN,"Since Lee is a sentimentalist, the film is more worshipful than your random E!",1,0,neutral,negative,-0.5709162950515747,-0.9142597913742065,-1.247284173965454
3,ZDN,"The movie is almost completely lacking in suspense, surprise and consistent emotional conviction.",0,0,negative,negative,0.0659039169549942,0.018429750576615334,-2.511936664581299
3,ZDN,"High Crimes knows the mistakes that bad movies make and is determined not to make them, and maybe that is nobility of a sort.",1,0,neutral,negative,-0.7818407416343689,-0.8296359181404114,-0.9131562113761902
3,ZDN,But it's too long and too convoluted and it ends in a muddle.,0,1,negative,neutral,-1.2125152349472046,-0.5170879364013672,-0.937657356262207
3,ZDN,This thing works on no level whatsoever for me.,0,1,negative,neutral,-1.136719822883606,-0.40396398305892944,-1.4848114252090454
3,ZDN,... a bland murder-on-campus yawner.,0,1,negative,neutral,-0.9141905307769775,-0.10783683508634567,-2.2153167724609375
3,ZDN,"One of the finest, most humane and important Holocaust movies ever made.",2,1,positive,neutral,-0.8339223861694336,-0.7513843774795532,-0.988511323928833
3,ZDN,"Suffers from rambling, repetitive dialogue and the visual drabness endemic to digital video.",0,0,negative,negative,-0.4633340835571289,-0.8293440937995911,-1.6489676237106323
3,ZDN,"The twist that ends the movie is the one with the most emotional resonance, but twists are getting irritating, and this is the kind of material where the filmmakers should be very careful about raising eyebrows.",1,0,neutral,negative,-0.4600600302219391,-0.7863369584083557,-0.6709126234054565
3,ZDN,"Angel presents events partly from the perspective of Aurelie and Christelle, and infuses the film with the sensibility of a particularly nightmarish fairytale.",1,0,neutral,negative,-0.5643072724342346,-1.1101369857788086,-0.9420594573020935
3,ZDN,Features one of the most affecting depictions of a love affair ever committed to film.,2,1,positive,neutral,-0.8904004096984863,-0.684784471988678,-1.1254212856292725
3,ZDN,It is intensely personal and yet -- unlike Quills -- deftly shows us the temper of the times.,2,1,positive,neutral,-0.520244836807251,-0.21047279238700867,-1.7996556758880615
3,ZDN,"Even as I valiantly struggled to remain interested, or at least conscious, I could feel my eyelids... getting... very... heavy...",0,0,negative,negative,-0.756980299949646,-0.7578043341636658,-1.093060851097107
3,ZDN,"... a solid, well-formed satire.",2,0,positive,negative,-0.4201493561267853,-1.5268745422363281,-0.7850968241691589
3,ZDN,Deserves high marks for political courage but barely gets by on its artistic merits.,1,1,neutral,neutral,-0.5641144514083862,-0.3964412212371826,-1.4448115825653076
3,ZDN,Read My Lips is to be viewed and treasured for its extraordinary intelligence and originality as well as its lyrical variations on the game of love.,2,0,positive,negative,-0.5101761221885681,-0.9604718089103699,-1.4871500730514526
3,ZDN,"... creates a visceral sense of its characters' lives and conflicted emotions that carries it far above... what could have been a melodramatic, Lifetime Channel-style anthology.",1,1,neutral,neutral,-0.956987202167511,-0.18214590847492218,-1.5107108354568481
3,ZDN,Reeks of rot and hack work from start to finish.,1,0,neutral,negative,-0.4045628011226654,-0.5426943898200989,-1.9589288234710693
3,ZDN,Just how these families interact may surprise you.,1,1,neutral,neutral,-0.8260315656661987,-0.8177199959754944,-1.385193943977356
3,ZDN,"The Movie is what happens when you blow up small potatoes to 10 times their natural size, and it ain't pretty.",0,0,negative,negative,-0.4549674689769745,-0.7660965919494629,-1.7079784870147705
3,ZDN,"Even a hardened voyeur would require the patience of Job to get through this interminable, shapeless documentary about the swinging subculture.",0,1,negative,neutral,-1.1607105731964111,0.026783453300595284,-1.255650281906128
3,ZDN,"Creepy, authentic and dark.",1,1,neutral,neutral,-1.3567419052124023,0.7390198707580566,-3.0867037773132324
3,ZDN,A lame romantic comedy about an unsympathetic character and someone who would not likely be so stupid as to get involved with her.,0,1,negative,neutral,-0.9706271290779114,-0.3549554944038391,-1.2189855575561523
3,ZDN,"The film is a contrivance, as artificial as the video games Japanese teens play in a nightclub sequence, but it's an enjoyable one.",1,2,neutral,positive,-0.6123479008674622,-1.0216015577316284,-0.5843932032585144
3,ZDN,"At its worst the screenplay is callow, but at its best it is a young artist's thoughtful consideration of fatherhood.",1,1,neutral,neutral,-0.6877186298370361,-0.1870015412569046,-0.9879748821258545
3,ZDN,At 78 minutes it just zings along with vibrance and warmth.,2,1,positive,neutral,-0.9984061121940613,-0.8842937350273132,-1.1351187229156494
3,ZDN,"Only an epic documentary could get it all down, and Spike Lee's Jim Brown: All American at long last gives its subject a movie worthy of his talents.",2,1,positive,neutral,-0.8169642090797424,-0.1797231137752533,-0.8276309967041016
3,ZDN,"As quiet, patient and tenacious as Mr. Lopez himself, who approaches his difficult, endless work with remarkable serenity and discipline.",2,1,positive,neutral,-1.0380486249923706,-0.1260143518447876,-0.7159179449081421
3,ZDN,"Instead of hiding Pinocchio from critics, Miramax should have hidden it from everyone.",0,0,negative,negative,-0.4032082259654999,-0.5976293683052063,-1.0926339626312256
3,ZDN,What a great shame that such a talented director as Chen Kaige has chosen to make his English-language debut with a film so poorly plotted and scripted.,0,0,negative,negative,-0.5835813879966736,-1.0185413360595703,-0.6098893880844116
3,ZDN,Jeffs has created a breathtakingly assured and stylish work of spare dialogue and acute expressiveness.,2,0,positive,negative,-0.5383760333061218,-0.7015809416770935,-1.0479717254638672
3,ZDN,"Just about the best straight-up, old-school horror film of the last 15 years.",2,1,positive,neutral,-0.9507412314414978,-0.6413065791130066,-0.758685290813446
3,ZDN,"Gosling creates a staggeringly compelling character, a young man whose sharp intellect is at the very root of his contradictory, self-hating, self-destructive ways.",2,1,positive,neutral,-0.9631422758102417,-0.03465719893574715,-1.1838047504425049
3,ZDN,"I thought the relationships were wonderful, the comedy was funny, and the love `real'.",2,0,positive,negative,-0.41966089606285095,-0.8938426971435547,-0.5403323173522949
3,ZDN,Better at putting you to sleep than a sound machine.,0,1,negative,neutral,-0.6650142073631287,0.11261684447526932,-1.9399160146713257
3,ZDN,Feels less like a cousin to Blade Runner than like a bottom-feeder sequel in the Escape From New York series.,0,1,negative,neutral,-1.0966517925262451,-0.4121854305267334,-0.8630953431129456
3,ZDN,"Elegantly produced and expressively performed, the six musical numbers crystallize key plot moments into minutely detailed wonders of dreamlike ecstasy.",2,1,positive,neutral,-0.7050649523735046,-0.07395782321691513,-1.3362610340118408
3,ZDN,"Ultimate X is a ride, basically the kind of greatest-hits reel that might come with a subscription to ESPN the Magazine.",1,1,neutral,neutral,-1.0908831357955933,-0.13816212117671967,-0.6957352757453918
3,ZDN,"Celebrated at Sundance, this slight comedy of manners has winning performances and a glossy, glib charm that's hard to beat.",2,1,positive,neutral,-0.7420716881752014,-0.14148500561714172,-1.7200208902359009
3,ZDN,"Apparently, romantic comedy with a fresh point of view just doesn't figure in the present Hollywood program.",0,0,negative,negative,-0.6825460195541382,-0.9055033326148987,-0.8022375702857971
3,ZDN,That Haynes can both maintain and dismantle the facades that his genre and his character construct is a wonderous accomplishment of veracity and narrative grace.,2,1,positive,neutral,-1.0045456886291504,-0.2782309949398041,-0.736153781414032
3,ZDN,"Some elements of it really blow the big one, but other parts are decent.",1,0,neutral,negative,-0.6136097311973572,-0.7752159237861633,-0.8408022522926331
3,ZDN,"No French people were harmed during the making of this movie, but they were insulted and the audience was put through torture for an hour and a half.",0,2,negative,positive,-0.7163483500480652,-0.4879474341869354,-0.4445573389530182
3,ZDN,"I was feeling this movie until it veered off too far into the Exxon zone, and left me behind at the station looking for a return ticket to realism.",0,2,negative,positive,-0.7538848519325256,-0.8233796954154968,-0.5609100461006165
3,ZDN,The simplicity of The Way Home has few equals this side of Aesop.,1,1,neutral,neutral,-0.972749650478363,-0.3291473686695099,-1.5412781238555908
3,ZDN,Exceptionally well acted by Diane Lane and Richard Gere.,2,1,positive,neutral,-1.002102017402649,-0.25933653116226196,-1.4549802541732788
3,ZDN,"Dong shows how intolerance has the power to deform families, then tear them apart.",1,1,neutral,neutral,-1.0121172666549683,-0.09826198220252991,-1.3065991401672363
3,ZDN,"A stupid, derivative horror film that substitutes extreme gore for suspense.",0,1,negative,neutral,-0.5079261064529419,-0.2892206609249115,-1.0414254665374756
3,ZDN,It's a great American adventure and a wonderful film to bring to IMAX.,2,1,positive,neutral,-1.0820555686950684,0.18004098534584045,-0.9227683544158936
3,ZDN,It's 51 times better than this.,1,1,neutral,neutral,-2.013310194015503,0.07606922835111618,-0.5692711472511292
3,ZDN,"It's like an old Warner Bros. costumer jived with sex -- this could be the movie Errol Flynn always wanted to make, though Bette Davis, cast as Joan, would have killed him.",1,1,neutral,neutral,-0.483474999666214,-0.4474908709526062,-1.1554667949676514
3,ZDN,"A miraculous movie, I'm Going Home is so slight, yet overflows with wisdom and emotion.",2,1,positive,neutral,-1.002524495124817,-0.4883783161640167,-0.757301390171051
3,ZDN,"A fiercely clever and subtle film, capturing the precarious balance between the extravagant confidence of the exiled aristocracy and the cruel earnestness of the victorious revolutionaries.",2,2,positive,positive,-0.7195623517036438,-0.9136357307434082,-0.48517724871635437
3,ZDN,"It's as if you're watching a movie that was made in 1978 but not released then because it was so weak, and it has been unearthed and released now, when it has become even weaker.",0,1,negative,neutral,-0.745572030544281,0.20577681064605713,-1.1961674690246582
3,ZDN,Anemic chronicle of money grubbing New Yorkers and their serial loveless hook ups.,1,1,neutral,neutral,-1.1061238050460815,-0.04737664386630058,-1.737695574760437
3,ZDN,"Thanks to a small star with big heart, this family film sequel is plenty of fun for all.",2,1,positive,neutral,-0.9869567155838013,-0.20857109129428864,-0.6534871459007263
3,ZDN,And I've decided to leave a light on every night from now on.,1,0,neutral,negative,-0.5910562872886658,-0.860796332359314,-0.8981319069862366
3,ZDN,Festers in just such a dungpile that you'd swear you were watching monkeys flinging their feces at you.,0,2,negative,positive,-0.7172203660011292,-1.053292155265808,-0.3874637484550476
3,ZDN,under-rehearsed and lifeless,0,1,negative,neutral,-1.332083821296692,1.0730093717575073,-1.9635670185089111
3,ZDN,Exactly what you'd expect from a guy named Kaos.,1,1,neutral,neutral,-0.9486643075942993,-0.2657844126224518,-1.2226996421813965
3,ZDN,"If legendary shlockmeister Ed Wood had ever made a movie about a vampire, it probably would look a lot like this alarming production, adapted from Anne Rice's novel The Vampire Chronicles.",1,1,neutral,neutral,-1.2288405895233154,-0.24384987354278564,-0.4859856069087982
3,ZDN,"For those for whom the name Woody Allen was once a guarantee of something fresh, sometimes funny, and usually genuinely worthwhile, Hollywood Ending is a depressing experience.",0,2,negative,positive,-1.0509716272354126,-0.5206994414329529,-0.4296985864639282
3,ZDN,Bella is the picture of health with boundless energy until a few days before she dies.,1,1,neutral,neutral,-0.44630101323127747,-0.16863328218460083,-1.406389832496643
3,ZDN,"The fun of the movie is the chance it affords to watch Jackson, who also served as executive producer, take his smooth, shrewd, powerful act abroad.",2,1,positive,neutral,-1.0721975564956665,-0.3976234495639801,-0.5481276512145996
3,ZDN,What should have been a cutting Hollywood satire is instead about as fresh as last week's issue of Variety.,0,1,negative,neutral,-1.0744738578796387,0.057154346257448196,-1.3090386390686035
3,ZDN,"Cox offers plenty of glimpses at existing photos, but there are no movies of Nijinsky, so instead the director treats us to an aimless hodgepodge.",0,2,negative,positive,-0.7619055509567261,-1.019026279449463,-0.6379191279411316
3,ZDN,Aaliyah rarely dampens her diva persona enough to spark genuine chemistry with Townsend.,1,1,neutral,neutral,-0.8118245005607605,-0.18562579154968262,-1.1805192232131958
3,ZDN,Mr. Soderbergh's direction and visual style struck me as unusually and unimpressively fussy and pretentious.,0,0,negative,negative,-0.49867138266563416,-0.6882950663566589,-0.9730339050292969
3,ZDN,Mazel tov to a film about a family's joyous life acting on the Yiddish stage.,2,0,positive,negative,-0.14685721695423126,-0.47465354204177856,-1.5400505065917969
3,ZDN,... would be a total loss if not for two supporting performances taking place at the movie's edges.,1,0,neutral,negative,-0.393587201833725,-0.8742667436599731,-0.9053598642349243
3,ZDN,An inspiring and heart-affecting film about the desperate attempts of Vietnamese refugees living in U.S. relocation camps to keep their hopes alive in 1975.,2,1,positive,neutral,-0.7791664600372314,-0.16046394407749176,-1.0909738540649414
3,ZDN,"Loud, chaotic and largely unfunny.",0,1,negative,neutral,-1.2821986675262451,-0.14881135523319244,-1.6514147520065308
3,ZDN,The immersive powers of the giant screen and its hyper-realistic images are put to perfect use in the breathtakingly beautiful outer-space documentary Space Station 3D.,2,0,positive,negative,-0.6825269460678101,-0.7149463891983032,-1.3666247129440308
3,ZDN,The original wasn't a good movie but this remake makes it look like a masterpiece!,0,2,negative,positive,-1.3430501222610474,-0.9816004633903503,-0.4114331305027008
3,ZDN,"To my taste, the film's comic characters come perilously close to being Amoses and Andys for a new generation.",1,0,neutral,negative,0.12373189628124237,-1.2805989980697632,-0.7367926239967346
3,ZDN,"Although the sequel has all the outward elements of the original, the first film's lovely flakiness is gone, replaced by the forced funniness found in the dullest kiddie flicks.",0,0,negative,negative,-0.5593722462654114,-0.7024100422859192,-1.1432158946990967
3,ZDN,"The real charm of this trifle is the deadpan comic face of its star, Jean Reno, who resembles Sly Stallone in a hot sake half-sleep.",1,1,neutral,neutral,-1.244282603263855,-0.5108473300933838,-1.137561559677124
3,ZDN,"... a cute and sometimes side-splittingly funny blend of Legally Blonde and Drop Dead Gorgeous, starring Piper Perabo in what could be her breakthrough role.",2,1,positive,neutral,-1.2841699123382568,-0.43922069668769836,-1.2215391397476196
3,ZDN,"This method almost never fails him, and it works superbly here.",2,0,positive,negative,-0.2951648235321045,-1.2989827394485474,-0.9226332902908325
3,ZDN,Few films capture so perfectly the hopes and dreams of little boys on baseball fields as well as the grown men who sit in the stands.,2,1,positive,neutral,-1.4232699871063232,-0.21387116611003876,-1.450283169746399
3,ZDN,Steers has an unexpectedly adamant streak of warm-blooded empathy for all his disparate Manhattan denizens -- especially the a**holes.,1,1,neutral,neutral,-1.4281941652297974,-0.15993769466876984,-1.3101263046264648
3,ZDN,"The Emperor's Club is one of those films that possesses all the good intentions in the world, but...",1,1,neutral,neutral,-0.8786591291427612,-0.411140114068985,-1.141597867012024
3,ZDN,The most compelling performance of the year adds substantial depth to this shocking testament to anti-Semitism and neo-fascism.,2,1,positive,neutral,-0.6912545561790466,-0.5189824104309082,-0.8521283864974976
3,ZDN,"LaBute can't avoid a fatal mistake in the modern era: He's changed the male academic from a lower-class Brit to an American, a choice that upsets the novel's exquisite balance and shreds the fabric of the film.",1,1,neutral,neutral,-0.9058327078819275,-0.5414666533470154,-0.9568100571632385
3,ZDN,A biopic about Crane's life in the classic tradition but evolves into what has become of us all in the era of video.,1,1,neutral,neutral,-0.8352920413017273,-0.7125564217567444,-0.9669371247291565
3,ZDN,"A work of extraordinary journalism, but it is also a work of deft and subtle poetry.",2,2,positive,positive,-1.2196086645126343,-0.9233847856521606,-0.8078802227973938
3,ZDN,... think of it as American Pie On Valium.,1,1,neutral,neutral,-1.8223083019256592,0.322755366563797,-1.2549002170562744
3,ZDN,Gere gives a good performance in a film that doesn't merit it.,1,0,neutral,negative,-0.857833981513977,-0.9550697803497314,-0.9538235068321228
3,ZDN,The Pianist is Polanski's best film.,2,1,positive,neutral,-1.7794626951217651,-0.3804853856563568,-0.689298689365387
3,ZDN,Maybe Thomas Wolfe was right: You can't go home again.,1,2,neutral,positive,-1.1981340646743774,-1.0481526851654053,-0.5919675827026367
3,ZDN,"The director, with his fake backdrops and stately pacing, never settles on a consistent tone.",0,0,negative,negative,-0.2836952805519104,-1.0116345882415771,-0.5628675222396851
3,ZDN,"Why he was given free reign over this project -- he wrote, directed, starred and produced -- is beyond me.",0,0,negative,negative,-0.5441622138023376,-0.7191488742828369,-0.7452213168144226
3,ZDN,"If you enjoy being rewarded by a script that assumes you aren't very bright, then Blood Work is for you.",0,0,negative,negative,-0.5433663725852966,-0.6152018308639526,-1.0145390033721924
3,ZDN,"Like Rudy Yellow Lodge, Eyre needs to take a good sweat to clarify his cinematic vision before his next creation and remember the lessons of the trickster spider.",0,2,negative,positive,-0.8948841691017151,-1.0801609754562378,-0.7149147391319275
3,ZDN,But his showboating wise-cracker stock persona sure is getting old.,1,1,neutral,neutral,-1.3137314319610596,-0.5201998949050903,-0.6107098460197449
3,ZDN,"Circuit queens won't learn a thing, they'll be too busy cursing the film's strategically placed white sheets.",1,0,neutral,negative,0.10533218085765839,-1.2953157424926758,-1.1313883066177368
3,ZDN,"A lot of talent is wasted in this crass, low-wattage endeavor.",0,1,negative,neutral,-0.7596505880355835,-0.599685549736023,-0.9354581236839294
3,ZDN,"Alain Choquart's camera barely stops moving, portraying both the turmoil of the time and giving Conduct a perpetual sense of urgency, which, for a film that takes nearly three hours to unspool, is both funny and irritating.",1,1,neutral,neutral,-1.7094985246658325,0.25673338770866394,-1.8590664863586426
3,ZDN,The second coming of Harry Potter is a film far superior to its predecessor.,2,1,positive,neutral,-0.6376786828041077,-0.5843701362609863,-1.4553697109222412
3,ZDN,This stuck pig of a movie flails limply between bizarre comedy and pallid horror.,0,1,negative,neutral,-0.48734042048454285,-0.13202965259552002,-1.6083767414093018
3,ZDN,"The film just might turn on many people to opera, in general, an art form at once visceral and spiritual, wonderfully vulgar and sublimely lofty -- and as emotionally grand as life.",2,1,positive,neutral,-0.6719416975975037,-0.5301353931427002,-1.0497328042984009
3,ZDN,"The delicious trimmings... arrive early and stay late, filling nearly every minute... with a lighthearted glow, some impudent snickers, and a glorious dose of humankind's liberating ability to triumph over a Scrooge or two.",2,1,positive,neutral,-0.7451460957527161,-0.45637863874435425,-1.0507705211639404
3,ZDN,"The inhospitability of the land emphasizes the spare precision of the narratives and helps to give them an atavistic power, as if they were tales that had been handed down since the beginning of time.",1,2,neutral,positive,-0.7609438300132751,-1.2837212085723877,-0.7515190243721008
3,ZDN,Even more baffling is that it's funny.,1,1,neutral,neutral,-2.1549227237701416,0.4204396605491638,-1.7629854679107666
3,ZDN,"Parker should be commended for taking a fresh approach to familiar material, but his determination to remain true to the original text leads him to adopt a somewhat mannered tone... that ultimately dulls the human tragedy at the story's core.",1,1,neutral,neutral,-1.9537369012832642,0.9611556529998779,-2.1204981803894043
3,ZDN,"Hard, endearing, caring, warm.",2,1,positive,neutral,-1.2434295415878296,-0.7809575796127319,-1.4148476123809814
3,ZDN,"I have no problem with ``difficult'' movies, or movies that ask the audience to meet them halfway and connect the dots instead of having things all spelled out.",1,1,neutral,neutral,-0.7566397190093994,-0.40265700221061707,-0.9699410796165466
3,ZDN,The way Coppola professes his love for movies -- both colorful pop junk and the classics that unequivocally qualify as art -- is giddily entertaining.,2,1,positive,neutral,-0.9428166747093201,-0.33683931827545166,-1.3619471788406372
3,ZDN,Both the crime story and the love story are unusual.,1,0,neutral,negative,-0.6899131536483765,-1.0269122123718262,-0.7714850306510925
3,ZDN,It's never a good sign when a film's star spends the entirety of the film in a coma.,0,1,negative,neutral,-1.2393602132797241,-0.4325787127017975,-0.9483458399772644
3,ZDN,A creaky staircase gothic.,1,1,neutral,neutral,-1.5903613567352295,0.6350952982902527,-1.426866054534912
3,ZDN,"If there's a way to effectively teach kids about the dangers of drugs, I think it's in projects like the (unfortunately R-rated) Paid.",1,1,neutral,neutral,-0.8755272626876831,-0.499352365732193,-1.258710265159607
3,ZDN,"If you're a WWF fan, or you related to the people who watched the robots getting butchered in A.I., you'll probably like Rollerball.",1,1,neutral,neutral,-1.420906662940979,0.6386576890945435,-2.1355040073394775
3,ZDN,Norton holds the film together.,1,1,neutral,neutral,-1.2788559198379517,-0.48813435435295105,-0.7971751093864441
3,ZDN,"A breathtaking adventure for all ages, Spirit tells its poignant and uplifting story in a stunning fusion of music and images.",2,0,positive,negative,0.1812829226255417,-1.4128743410110474,-1.3929979801177979
3,ZDN,It won't bust your gut -- and it's not intended to -- it's merely a blandly cinematic surgical examination of what makes a joke a joke.,1,1,neutral,neutral,-1.5997469425201416,-0.06052850931882858,-1.7301504611968994
3,ZDN,Largely a for-fans artifact.,1,1,neutral,neutral,-2.138385772705078,-0.10334789007902145,-0.8022536635398865
3,ZDN,A movie so bad that it quickly enters the pantheon of wreckage that includes Battlefield Earth and Showgirls.,0,0,negative,negative,-0.34185370802879333,-0.7780029773712158,-0.8823812007904053
3,ZDN,"If you're over 25, have an IQ over 90, and have a driver's license, you should be able to find better entertainment.",0,1,negative,neutral,-0.5577732920646667,-0.553617000579834,-0.9390357136726379
3,ZDN,A solid piece of journalistic work that draws a picture of a man for whom political expedience became a deadly foreign policy.,1,1,neutral,neutral,-0.6046013236045837,-0.4074481427669525,-0.7496848702430725
3,ZDN,"The doofus-on-the-loose banter of Welcome to Collinwood has a cocky, after-hours loopiness to it.",1,1,neutral,neutral,-1.6873116493225098,0.2871136963367462,-0.3115113079547882
3,ZDN,It's the funniest American comedy since Graffiti Bridge.,2,1,positive,neutral,-1.7994407415390015,-0.3135347068309784,-0.3610728085041046
3,ZDN,Samuel Beckett applied to the Iranian voting process.,1,1,neutral,neutral,-1.333598017692566,0.48142725229263306,-1.7972583770751953
3,ZDN,A strangely compelling and brilliantly acted psychological drama.,2,2,positive,positive,-1.3126784563064575,-0.7547370791435242,-0.5968173742294312
3,ZDN,"Often gruelling and heartbreaking to witness, but Seldahl and Wollter's sterling performances raise this far above the level of the usual maudlin disease movie.",2,1,positive,neutral,-1.647787094116211,0.21124175190925598,-0.4664858877658844
3,ZDN,"This enthralling documentary... is at once playful and haunting, an in-depth portrait of an iconoclastic artist who was fundamentally unknowable even to his closest friends.",2,1,positive,neutral,-0.7016383409500122,0.025454873219132423,-1.2273399829864502
3,ZDN,"I didn't laugh at the ongoing efforts of Cube, and his skinny buddy Mike Epps, to make like Laurel and Hardy'n the hood.",0,0,negative,negative,-0.43902280926704407,-0.8626978993415833,-0.9826666116714478
3,ZDN,"At its best when the guarded, resentful Betty and the manipulative yet needy Margot are front and center.",1,1,neutral,neutral,-0.6620774865150452,-0.2759768068790436,-1.042603611946106
3,ZDN,Ford deserves to be remembered at Oscar time for crafting this wonderful portrait of a conflicted soldier.,2,1,positive,neutral,-0.9993791580200195,-0.15197423100471497,-0.5101172924041748
3,ZDN,"That is essentially what's missing from Blackboards -- the sense of something bigger, some ultimate point.",1,0,neutral,negative,-0.502100944519043,-1.1753225326538086,-1.3967912197113037
3,ZDN,"It's a bizarre curiosity memorable mainly for the way it fritters away its potentially interesting subject matter via a banal script, unimpressive acting and indifferent direction.",1,1,neutral,neutral,-0.33494216203689575,-0.14364761114120483,-1.5758826732635498
3,ZDN,"While obviously an extremely personal work, it remains inextricably stuck in an emotionally unavailable rut.",1,0,neutral,negative,-0.1443924754858017,-0.8055914640426636,-1.1295137405395508
3,ZDN,"A dim-witted and lazy spin-off of the Animal Planet documentary series, Crocodile Hunter is entertainment opportunism at its most glaring.",0,1,negative,neutral,-0.23577655851840973,-0.022355368360877037,-1.5381625890731812
3,ZDN,"The good is very, very good... The rest runs from mildly unimpressive to despairingly awful.",1,0,neutral,negative,-0.13992981612682343,-0.8021122217178345,-0.9247016310691833
3,ZDN,"Methodical, measured, and gently tedious in its comedy, Secret Ballot is a purposefully reductive movie -- which may be why it's so successful at lodging itself in the brain.",2,2,positive,positive,-1.3602336645126343,-0.756249189376831,-0.30458447337150574
3,ZDN,One of the most exciting action films to come out of China in recent years.,2,1,positive,neutral,-1.112744688987732,-0.3456591069698334,-0.6711849570274353
3,ZDN,Adam Sandler's Eight Crazy Nights grows on you -- like a rash.,0,1,negative,neutral,-1.1973395347595215,-0.001895186840556562,-1.4146931171417236
3,ZDN,"The film feels formulaic, its plot and pacing typical Hollywood war-movie stuff, while the performances elicit more of a sense of deja vu than awe.",0,1,negative,neutral,-2.047468662261963,-0.32861730456352234,-0.5814539194107056
3,ZDN,"... pitiful, slapdash disaster.",0,1,negative,neutral,-2.0133185386657715,0.6613724231719971,-0.2917284369468689
3,ZDN,"As it stands, there's some fine sex onscreen, and some tense arguing, but not a whole lot more.",1,1,neutral,neutral,-0.8741486072540283,-0.2870626449584961,-0.7091451287269592
3,ZDN,It's neither as romantic nor as thrilling as it should be.,0,0,negative,negative,-0.9508385062217712,-0.9667855501174927,-1.3937697410583496
3,ZDN,Returning director Rob Minkoff... and screenwriter Bruce Joel Rubin... have done a fine job of updating White's dry wit to a new age.,2,0,positive,negative,-0.5613689422607422,-0.7210690379142761,-1.0779483318328857
3,ZDN,"The Venezuelans say things like ``si, pretty much'' and ``por favor, go home'' when talking to Americans.",1,1,neutral,neutral,-1.4537134170532227,-0.1959076225757599,-0.9159924387931824
3,ZDN,"If you already like this sort of thing, this is that sort of thing all over again.",1,1,neutral,neutral,-1.0118969678878784,-0.46831443905830383,-0.8145373463630676
3,ZDN,An awful movie that will only satisfy the most emotionally malleable of filmgoers.,0,0,negative,negative,-0.0182869303971529,-1.276012659072876,-1.2948404550552368
3,ZDN,"This is an extraordinary film, not least because it is Japanese and yet feels universal.",2,0,positive,negative,-0.6526399254798889,-0.7248649597167969,-0.9028801321983337
3,ZDN,"Aptly named, this shimmering, beautifully costumed and filmed production doesn't work for me.",1,0,neutral,negative,-0.5692430138587952,-1.0349797010421753,-0.6259029507637024
3,ZDN,"If Borstal Boy isn't especially realistic, it is an engaging nostalgia piece.",1,2,neutral,positive,-1.0678644180297852,-0.8800100684165955,-0.26602408289909363
3,ZDN,Griffiths proves she's that rare luminary who continually raises the standard of her profession.,2,1,positive,neutral,-1.654466152191162,0.04770844802260399,-0.22083990275859833
3,ZDN,"The asylum material is gripping, as are the scenes of Jia with his family.",2,1,positive,neutral,-2.625213384628296,0.2264746129512787,-0.6234071254730225
3,ZDN,... about as exciting to watch as two last-place basketball teams playing one another on the final day of the season.,0,1,negative,neutral,-1.7697380781173706,0.03193279728293419,-0.549027144908905
3,ZDN,"Like being trapped inside a huge video game, where exciting, inane images keep popping past your head and the same illogical things keep happening over and over again.",1,1,neutral,neutral,-1.0890616178512573,0.06391613930463791,-0.8786938190460205
3,ZDN,`Enigma' is the kind of engaging historical drama that Hollywood appears to have given up on in favor of sentimental war movies in the vein of `We Were Soldiers.',1,1,neutral,neutral,-0.67873215675354,-0.4644492268562317,-1.0171403884887695
3,ZDN,The Rock has a great presence but one battle after another is not the same as one battle followed by killer CGI effects.,1,1,neutral,neutral,-0.5584743618965149,-0.12049932032823563,-1.540604591369629
3,ZDN,Visually sumptuous but intellectually stultifying.,1,1,neutral,neutral,-1.7668607234954834,0.28128525614738464,-0.9334960579872131
3,ZDN,"So young, so smart, such talent, such a wise ***.",2,1,positive,neutral,-1.4897416830062866,-0.16240590810775757,-1.1644692420959473
3,ZDN,"The problem is that for the most part, the film is deadly dull.",0,0,negative,negative,-0.46662530303001404,-0.7312046885490417,-1.0081783533096313
3,ZDN,A thinly veiled look at different aspects of Chinese life clashing with each other.,1,1,neutral,neutral,-1.1400271654129028,-0.593646764755249,-0.9477785229682922
3,ZDN,An exhilarating experience.,2,1,positive,neutral,-1.3592063188552856,-0.5375694036483765,-0.9721466302871704
3,ZDN,Its vision of that awkward age when sex threatens to overwhelm everything else is acute enough to make everyone who has been there squirm with recognition.,1,1,neutral,neutral,-1.1708180904388428,-0.1936759054660797,-0.8792024254798889
3,ZDN,Remarkably accessible and affecting.,2,1,positive,neutral,-1.9230159521102905,0.05406828597187996,-0.839911937713623
3,ZDN,"The climactic events are so well realized that you may forget all about the original conflict, just like the movie does.",1,0,neutral,negative,-0.31603819131851196,-0.9823428392410278,-0.9645537734031677
3,ZDN,Distinctly sub-par... more likely to drown a viewer in boredom than to send any shivers down his spine.,0,0,negative,negative,-0.13635320961475372,-0.7831652164459229,-0.9532573819160461
3,ZDN,Godard's ode to tackling life's wonderment is a rambling and incoherent manifesto about the vagueness of topical excess... In Praise of Love remains a ponderous and pretentious endeavor that's unfocused and tediously exasperating.,0,1,negative,neutral,-0.44250038266181946,-0.38506782054901123,-1.2226977348327637
3,ZDN,"We never truly come to care about the main characters and whether or not they'll wind up together, and Michele's spiritual quest is neither amusing nor dramatic enough to sustain interest.",0,1,negative,neutral,-0.8756387829780579,-0.2940511107444763,-0.5344722270965576
3,ZDN,"Most haunting about ``Fence'' is its conclusion, when we hear the ultimate fate of these girls and realize, much to our dismay, that this really did happen.",2,0,positive,negative,-0.6023995280265808,-0.7119284272193909,-0.8567271828651428
3,ZDN,"Bogdanovich taps deep into the Hearst mystique, entertainingly reenacting a historic scandal.",2,0,positive,negative,-0.8046053647994995,-0.9131295084953308,-0.8654769062995911
3,ZDN,"Peralta's mythmaking could have used some informed, adult hindsight.",1,1,neutral,neutral,-1.4706782102584839,-0.3639886677265167,-0.6104785203933716
3,ZDN,"``My god, I'm behaving like an idiot!''",1,1,neutral,neutral,-1.2914830446243286,-0.24629051983356476,-1.1295065879821777
3,ZDN,"Devos and Cassel have tremendous chemistry -- their sexual and romantic tension, while never really vocalized, is palpable.",2,2,positive,positive,-0.6020130515098572,-1.1346218585968018,-0.525650680065155
3,ZDN,"As a girl-meets-girl romantic comedy, Kissing Jessica Steinis quirky, charming and often hilarious.",2,1,positive,neutral,-1.2144583463668823,-0.7361704111099243,-0.7555963397026062
3,ZDN,Gollum's `performance' is incredible!,2,2,positive,positive,-1.2652393579483032,-0.7665036916732788,-0.40429627895355225
3,ZDN,"... a haunting vision, with images that seem more like disturbing hallucinations.",0,0,negative,negative,-0.7405648827552795,-0.9886999726295471,-0.9509305357933044
3,ZDN,"As a remake, it's a pale imitation.",0,1,negative,neutral,-1.1228629350662231,-0.6621610522270203,-0.9301562309265137
3,ZDN,Adults will certainly want to spend their time in the theater thinking up grocery lists and ways to tell their kids how not to act like Pinocchio.,1,0,neutral,negative,-0.6566452383995056,-0.9826460480690002,-0.9281396865844727
3,ZDN,"Not as distinctive or even as humorous as its needs to be to stand out, but it has clearly been made with affection and care.",1,0,neutral,negative,-0.3545893728733063,-1.0627832412719727,-0.9633112549781799
3,ZDN,A generic family comedy unlikely to be appreciated by anyone outside the under-10 set.,0,0,negative,negative,-0.7853987812995911,-0.7940860986709595,-0.7882456183433533
3,ZDN,"An amalgam of The Fugitive, Blade Runner, and Total Recall, only without much energy or tension.",1,0,neutral,negative,-0.5424712896347046,-1.244357705116272,-0.7364019751548767
3,ZDN,"Everything its title implies, a standard-issue crime drama spat out from the Tinseltown assembly line.",1,1,neutral,neutral,-1.084856629371643,-0.6323264837265015,-1.1876962184906006
3,ZDN,"This odd, poetic road movie, spiked by jolts of pop music, pretty much takes place in Morton's ever-watchful gaze -- and it's a tribute to the actress, and to her inventive director, that the journey is such a mesmerizing one.",2,2,positive,positive,-0.9285862445831299,-0.7523177862167358,-0.5329490900039673
3,ZDN,"Co-writer/director Jonathan Parker's attempts to fashion a Brazil-like, hyper-real satire fall dreadfully short.",0,1,negative,neutral,-0.9301670789718628,-0.663158118724823,-1.0372048616409302
3,ZDN,"An amateurish, quasi-improvised acting exercise shot on ugly digital video.",0,1,negative,neutral,-1.377862811088562,-0.5842688679695129,-0.6490452289581299
3,ZDN,"``The Kid Stays in the Picture'' is a great story, terrifically told by the man who wrote it but this Cliff Notes edition is a cheat.",1,0,neutral,negative,-0.580871045589447,-0.8419764637947083,-0.9931455254554749
3,ZDN,"While this gentle and affecting melodrama will have luvvies in raptures, it's far too slight and introspective to appeal to anything wider than a niche audience.",1,1,neutral,neutral,-0.8728847503662109,-0.7050222158432007,-0.9311844110488892
3,ZDN,Griffin & Co. manage to be spectacularly outrageous.,2,1,positive,neutral,-1.6287856101989746,-0.2573123872280121,-1.025425672531128
3,ZDN,"A profoundly stupid affair, populating its hackneyed and meanspirited storyline with cardboard characters and performers who value cash above credibility.",0,1,negative,neutral,-0.8748692870140076,-0.5716936588287354,-0.769141435623169
3,ZDN,"Warm Water Under a Red Bridge is a quirky and poignant Japanese film that explores the fascinating connections between women, water, nature, and sexuality.",2,0,positive,negative,-0.5654383301734924,-0.8548390865325928,-0.7788575291633606
3,ZDN,It isn't that Stealing Harvard is a horrible movie -- if only it were that grand a failure!,0,0,negative,negative,-0.606403648853302,-0.9526067972183228,-1.1119143962860107
3,ZDN,It just doesn't have much else... especially in a moral sense.,1,0,neutral,negative,-0.5225472450256348,-1.2271095514297485,-0.7665436267852783
3,ZDN,Those unfamiliar with Mormon traditions may find The Singles Ward occasionally bewildering.,1,2,neutral,positive,-1.0702781677246094,-1.0315930843353271,-0.5707305073738098
3,ZDN,"Viewed as a comedy, a romance, a fairy tale, or a drama, there's nothing remotely triumphant about this motion picture.",1,2,neutral,positive,-0.8213621973991394,-1.1423285007476807,-0.5758598446846008
3,ZDN,"But the talented cast alone will keep you watching, as will the fight scenes.",2,1,positive,neutral,-1.6677745580673218,0.42247503995895386,-1.6069819927215576
3,ZDN,It's solid and affecting and exactly as thought-provoking as it should be.,2,0,positive,negative,-0.5093002915382385,-1.3199869394302368,-0.7037766575813293
3,ZDN,"Thanks largely to Williams, all the interesting developments are processed in 60 minutes -- the rest is just an overexposed waste of film.",0,0,negative,negative,-0.40732890367507935,-1.1674473285675049,-0.6207912564277649
3,ZDN,"Cantet perfectly captures the hotel lobbies, two-lane highways, and roadside cafes that permeate Vincent's days",2,0,positive,negative,-0.6242085695266724,-1.0781992673873901,-0.6776525974273682
3,ZDN,"An important movie, a reminder of the power of film to move us and to make us examine our values.",2,0,positive,negative,-0.6788768172264099,-0.8879309892654419,-0.7649894952774048
3,ZDN,"Too much of this well-acted but dangerously slow thriller feels like a preamble to a bigger, more complicated story, one that never materializes.",0,0,negative,negative,-0.27712109684944153,-1.227712631225586,-0.8346216082572937
3,ZDN,A richly imagined and admirably mature work from a gifted director who definitely has something on his mind.,2,0,positive,negative,-0.5660516023635864,-0.9826225638389587,-1.0107700824737549
3,ZDN,"The art direction is often exquisite, and the anthropomorphic animal characters are beautifully realized through clever makeup design, leaving one to hope that the eventual DVD release will offer subtitles and the original Italian-language soundtrack.",2,2,positive,positive,-0.8459485173225403,-0.8423134684562683,-0.5523448586463928
3,ZDN,"... Jones, despite a definitely distinctive screen presence, just isn't able to muster for a movie that, its title notwithstanding, should have been a lot nastier if it wanted to fully capitalize on its lead's specific gifts.",1,0,neutral,negative,-0.6025031208992004,-1.2921420335769653,-0.7162128686904907
3,ZDN,But what's nice is that there's a casual intelligence that permeates the script.,2,2,positive,positive,-1.4581741094589233,-0.9484931826591492,-0.13950727880001068
3,ZDN,Wedding feels a bit anachronistic.,0,1,negative,neutral,-1.708351731300354,-0.8480204939842224,-1.0419492721557617
3,ZDN,"An action/thriller of the finest kind, evoking memories of Day of the Jackal, The French Connection, and Heat.",2,1,positive,neutral,-0.9478628635406494,-0.6562249064445496,-0.7107160687446594
3,ZDN,"This picture is murder by numbers, and as easy to be bored by as your ABC's, despite a few whopping shootouts.",0,0,negative,negative,-0.667266845703125,-0.8615611791610718,-1.0844013690948486
3,ZDN,"Every individual will see the movie through the prism of his or her own beliefs and prejudices, but the one thing most will take away is the sense that peace is possible.",2,0,positive,negative,-0.6822011470794678,-0.9101307988166809,-0.8221026062965393
3,ZDN,"Feels slight, as if it were an extended short, albeit one made by the smartest kids in class.",1,2,neutral,positive,-0.8151769042015076,-0.9934736490249634,-0.8058198094367981
3,ZDN,The picture doesn't know it's a comedy.,1,2,neutral,positive,-1.0252851247787476,-0.9738243222236633,-0.7213325500488281
3,ZDN,A classy item by a legend who may have nothing left to prove but still has the chops and drive to show how its done.,2,0,positive,negative,-0.3883797228336334,-1.1917470693588257,-0.8021244406700134
3,ZDN,"Starts out mediocre, spirals downward, and thuds to the bottom of the pool with an utterly incompetent conclusion.",0,0,negative,negative,-0.7608802318572998,-0.8750136494636536,-0.7934457063674927
3,ZDN,The sort of movie that gives tastelessness a bad rap.,0,1,negative,neutral,-1.3297077417373657,-0.624931812286377,-0.9569166302680969
3,ZDN,Its engaging simplicity is driven by appealing leads.,2,2,positive,positive,-1.027381181716919,-1.0353986024856567,-0.793823778629303
3,ZDN,"Fans of the TV series will be disappointed, and everyone else will be slightly bored.",1,0,neutral,negative,-0.429535835981369,-1.100281000137329,-0.7250770926475525
3,ZDN,"It's a head-turner -- thoughtfully written, beautifully read and, finally, deeply humanizing.",2,2,positive,positive,-1.1203477382659912,-0.7583639025688171,-0.6044691205024719
3,ZDN,"It's not a particularly good film, but neither is it a monsterous one.",1,1,neutral,neutral,-1.031996488571167,-0.6491052508354187,-1.3740190267562866
3,ZDN,Men in Black II achieves ultimate insignificance -- it's the sci-fi comedy spectacle as Whiffle-Ball epic.,0,1,negative,neutral,-1.3619412183761597,-0.40082791447639465,-0.8499464392662048
4,ZGW,Presents a good case while failing to provide a reason for us to care beyond the very basic dictums of human decency.,1,2,neutral,positive,1.270431637763977,0.7722466588020325,1.51874577999115
4,ZGW,"Beautifully crafted, engaging filmmaking that should attract upscale audiences hungry for quality and a nostalgic, twisty yarn that will keep them guessing.",2,2,positive,positive,0.9757370948791504,1.2224631309509277,2.148848295211792
4,ZGW,"Bread, My Sweet has so many flaws it would be easy for critics to shred it.",0,0,negative,negative,1.7143224477767944,0.670523464679718,1.5714892148971558
4,ZGW,"Slow, silly and unintentionally hilarious.",1,1,neutral,neutral,0.8886287808418274,1.0193171501159668,0.6321043372154236
4,ZGW,"Ultimately feels empty and unsatisfying, like swallowing a Communion wafer without the wine.",0,2,negative,positive,1.393626093864441,0.8132787942886353,1.757419466972351
4,ZGW,Exudes the fizz of a Busby Berkeley musical and the visceral excitement of a sports extravaganza.,2,2,positive,positive,0.5431897044181824,1.1014435291290283,2.1950862407684326
4,ZGW,The film rehashes several old themes and is capped with pointless extremes -- it's insanely violent and very graphic.,0,0,negative,negative,1.6545286178588867,1.2689692974090576,1.2846735715866089
4,ZGW,"Ryan Gosling is, in a word, brilliant as the conflicted Daniel.",2,0,positive,negative,1.4155603647232056,0.620796263217926,1.1355386972427368
4,ZGW,"If Deuces Wild had been tweaked up a notch it would have become a camp adventure, one of those movies that's so bad it starts to become good.",1,2,neutral,positive,1.1766011714935303,0.9831792116165161,2.0767769813537598
4,ZGW,The film's stagecrafts are intimate and therefore bolder than the otherwise calculated artifice that defines and overwhelms the film's production design.,1,2,neutral,positive,0.9558084607124329,0.9873913526535034,1.9966400861740112
4,ZGW,"Frida is certainly no disaster, but neither is it the Kahlo movie Frida fans have been looking for.",1,2,neutral,positive,1.5868308544158936,0.8581499457359314,1.6156049966812134
4,ZGW,The film often achieves a mesmerizing poetry.,2,2,positive,positive,0.45867663621902466,0.23560380935668945,1.467059850692749
4,ZGW,A work of astonishing delicacy and force.,2,2,positive,positive,0.6755551099777222,0.7710983753204346,0.7786087989807129
4,ZGW,"The movie's plot is almost entirely witless and inane, carrying every gag two or three times beyond its limit to sustain a laugh.",0,2,negative,positive,1.448240041732788,1.4004374742507935,1.6989928483963013
4,ZGW,"For the most part, the ingredients are there.",1,1,neutral,neutral,0.6970778703689575,1.0176551342010498,0.6872807741165161
4,ZGW,"But if you've paid a matinee price and bought a big tub of popcorn, there's guilty fun to be had here.",1,2,neutral,positive,1.3129682540893555,1.604534387588501,1.6227892637252808
4,ZGW,"There's not much to Fatale, outside of its stylish surprises... but that's OK.",1,2,neutral,positive,1.3908782005310059,1.2995575666427612,1.5510421991348267
4,ZGW,"The acting is stiff, the story lacks all trace of wit, the sets look like they were borrowed from Gilligan's Island -- and the CGI Scooby might well be the worst special-effects creation of the year.",0,2,negative,positive,0.8823102116584778,1.289832592010498,2.2258527278900146
4,ZGW,"This version moves beyond the original's nostalgia for the communal film experiences of yesteryear to a deeper realization of cinema's inability to stand in for true, lived experience.",1,2,neutral,positive,0.7853029370307922,1.4327635765075684,1.9436304569244385
4,ZGW,"There's no palpable chemistry between Lopez and male lead Ralph Fiennes, plus the script by Working Girl scribe Kevin Wade is workmanlike in the extreme.",0,2,negative,positive,0.9131386876106262,1.4092146158218384,2.070152997970581
4,ZGW,"A first-class, thoroughly involving B movie that effectively combines two surefire, beloved genres -- the prison flick and the fight film.",2,2,positive,positive,1.5449308156967163,1.3020286560058594,1.6152315139770508
4,ZGW,The film is so bad it doesn't improve upon the experience of staring at a blank screen.,0,1,negative,neutral,0.929807722568512,1.5839638710021973,1.189627766609192
4,ZGW,Weiss and Speck never make a convincing case for the relevance of these two 20th-century footnotes.,1,0,neutral,negative,1.4091761112213135,1.0554847717285156,1.2640459537506104
4,ZGW,Another Best of the Year selection.,2,2,positive,positive,0.8118492960929871,0.02083751931786537,1.0320574045181274
4,ZGW,It's all a rather shapeless good time...,1,2,neutral,positive,1.005290150642395,0.7030693888664246,1.1276898384094238
4,ZGW,"Same song, second verse, coulda been better, but it coulda been worse.",1,2,neutral,positive,1.5237845182418823,0.7759581208229065,2.028087854385376
4,ZGW,I love the robust middle of this picture.,2,2,positive,positive,0.56534343957901,0.47762253880500793,0.9371109008789062
4,ZGW,"That's not vintage Spielberg and that, finally, is minimally satisfying.",1,0,neutral,negative,1.625219464302063,1.1506015062332153,1.4851207733154297
4,ZGW,The soundtrack alone is worth the price of admission.,2,2,positive,positive,0.8308096528053284,0.5012398958206177,1.6023733615875244
4,ZGW,Mostly Martha could have used a little trimming -- 10 or 15 minutes could be cut and no one would notice -- but it's a pleasurable trifle.,1,2,neutral,positive,0.8919078707695007,1.2738014459609985,1.952065110206604
4,ZGW,"For the rest of us, sitting through Dahmer's two hours amounts to little more than punishment.",0,2,negative,positive,1.3666036128997803,0.8948511481285095,1.6156498193740845
4,ZGW,"Featuring a dangerously seductive performance from the great Daniel Auteuil, ``Sade'' covers the same period as Kaufmann's ``Quills'' with more unsettlingly realistic results.",2,2,positive,positive,1.0373234748840332,1.4387928247451782,1.8537853956222534
4,ZGW,"The movie is for fans who can't stop loving anime, and the fanatical excess built into it.",1,0,neutral,negative,1.3824900388717651,0.7768324017524719,1.3396843671798706
4,ZGW,"The Ring is worth a look, if you don't demand much more than a few cheap thrills from your Halloween entertainment.",1,1,neutral,neutral,1.197035312652588,1.8980449438095093,1.2107030153274536
4,ZGW,"Beautifully observed, miraculously unsentimental comedy-drama.",2,2,positive,positive,0.3029322028160095,0.2971068024635315,1.1843537092208862
4,ZGW,"What makes How I Killed My Father compelling, besides its terrific performances, is Fontaine's willingness to wander into the dark areas of parent-child relationships without flinching.",2,2,positive,positive,0.7140970826148987,1.2502763271331787,1.9467270374298096
4,ZGW,"This hastily mounted production exists only to capitalize on Hopkins' inclination to play Hannibal Lecter again, even though Harris has no immediate inclination to provide a fourth book.",0,2,negative,positive,1.0016072988510132,1.468538522720337,1.745693564414978
4,ZGW,Bullock's complete lack of focus and ability quickly derails the film.,0,0,negative,negative,1.3652944564819336,1.0462048053741455,1.2931544780731201
4,ZGW,"... a plotline that's as lumpy as two-day old porridge... the filmmakers' paws, sad to say, were all over this ``un-bear-able'' project!",0,2,negative,positive,1.0577367544174194,1.7933924198150635,1.8334017992019653
4,ZGW,Crush could be the worst film a man has made about women since Valley of the Dolls.,0,2,negative,positive,1.6022089719772339,1.0773102045059204,1.6085548400878906
4,ZGW,The Movie will reach far beyond its core demographic.,2,2,positive,positive,0.9071877598762512,0.17237308621406555,1.0314595699310303
4,ZGW,How did it ever get made?,0,1,negative,neutral,0.5806998610496521,0.7013587355613708,0.573596179485321
4,ZGW,I like the new footage and still love the old stuff.,2,2,positive,positive,-0.2196483463048935,0.5059763193130493,0.6942237019538879
4,ZGW,"It briefly flirts with player masochism, but the point of real interest -- audience sadism -- is evaded completely.",1,2,neutral,positive,0.5020731091499329,0.32249516248703003,0.701328694820404
4,ZGW,Could The Country Bears really be as bad as its trailers?,0,2,negative,positive,0.51725172996521,0.6467673182487488,1.2429417371749878
4,ZGW,"At times, the movie looks genuinely pretty.",2,1,positive,neutral,0.432710736989975,0.7605768442153931,0.5478596091270447
4,ZGW,It depends on how well flatulence gags fit into your holiday concept.,1,2,neutral,positive,1.1382954120635986,0.694520890712738,1.2406275272369385
4,ZGW,"The stupidest, most insulting movie of 2002's first quarter.",0,0,negative,negative,1.7095173597335815,-0.16355448961257935,0.6931735277175903
4,ZGW,The film seems a dead weight.,0,2,negative,positive,-1.4308140277862549,0.012159829027950764,0.19138596951961517
4,ZGW,"Sparkling, often hilarious romantic jealousy comedy... Attal looks so much like a young Robert DeNiro that it seems the film should instead be called `My Husband Is Travis Bickle'.",2,1,positive,neutral,0.2023128718137741,1.686995029449463,1.392193078994751
4,ZGW,"I did go back and check out the last 10 minutes, but these were more repulsive than the first 30 or 40 minutes.",0,2,negative,positive,0.7269633412361145,0.8254455327987671,1.1425139904022217
4,ZGW,"A lousy movie that's not merely unwatchable, but also unlistenable.",0,2,negative,positive,0.5699482560157776,-0.14935407042503357,1.3276901245117188
4,ZGW,One of the best films of the year with its exploration of the obstacles to happiness faced by five contemporary individuals... a psychological masterpiece.,2,2,positive,positive,0.872155487537384,1.2970640659332275,1.2988471984863281
4,ZGW,"A strong script, powerful direction and splendid production design allows us to be transported into the life of Wladyslaw Szpilman, who is not only a pianist, but a good human being.",2,2,positive,positive,0.7468461394309998,1.3482102155685425,1.4867204427719116
4,ZGW,"But here's the real damn: It isn't funny, either.",0,0,negative,negative,0.855140209197998,0.6208218336105347,-0.5953759551048279
4,ZGW,"Qutting may be a flawed film, but it is nothing if not sincere.",1,1,neutral,neutral,0.9055893421173096,0.9878368973731995,0.553068995475769
4,ZGW,It's a fanboy `what if?',1,0,neutral,negative,0.8252792358398438,0.40200304985046387,-0.4805662930011749
4,ZGW,... something appears to have been lost in the translation this time.,0,0,negative,negative,1.2949833869934082,0.2563267946243286,0.5874882936477661
4,ZGW,"Like a documentary version of Fight Club, shorn of social insight, intellectual pretension and cinematic interest.",1,0,neutral,negative,0.9503404498100281,0.9060929417610168,0.9397732019424438
4,ZGW,"Stephen Rea, Aidan Quinn, and Alan Bates play Desmond's legal eagles, and when joined by Brosnan, the sight of this grandiloquent quartet lolling in pretty Irish settings is a pleasant enough thing, `tis.",2,2,positive,positive,0.4130428433418274,1.3768806457519531,1.4585132598876953
4,ZGW,"It's a powerful though flawed movie, guaranteed to put a lump in your throat while reaffirming Washington as possibly the best actor working in movies today.",2,2,positive,positive,0.9969438910484314,0.8313568234443665,1.2612959146499634
4,ZGW,An intriguing and entertaining introduction to Johnson.,2,1,positive,neutral,0.953079879283905,0.9630671143531799,-0.8096489906311035
4,ZGW,Everything was as superficial as the forced New Jersey lowbrow accent Uma had.,0,0,negative,negative,1.1523656845092773,0.31046661734580994,0.4488113224506378
4,ZGW,"Despite the holes in the story and the somewhat predictable plot, moments of the movie caused me to jump in my chair...",1,2,neutral,positive,1.077405571937561,0.6950625777244568,1.226711392402649
4,ZGW,`How many more voyages can this limping but dearly-loved franchise survive?',1,2,neutral,positive,1.1397252082824707,0.27233070135116577,1.283887505531311
4,ZGW,If only the story about a multi-million dollar con bothered to include the con.,1,0,neutral,negative,1.375227689743042,1.1181634664535522,1.107746958732605
4,ZGW,"It is supremely unfunny and unentertaining to watch middle-age and older men drink to excess, piss on trees, b.s. one another and put on a show in drag.",0,2,negative,positive,0.1074754074215889,0.919861376285553,1.2263078689575195
4,ZGW,"Only a few minutes elapse before the daddy of all slashers arrives, still with the boiler suit and white mask, which look remarkably clean for a guy who has been mass-murdering since 1978 but has never been seen doing laundry.",1,2,neutral,positive,0.22508695721626282,1.4541664123535156,1.6215076446533203
4,ZGW,"Showtime is one of the hapless victims of the arrogant ``if we put together a wry white man and a chatty black man and give them guns, the movie will be funny'' syndrome.",0,1,negative,neutral,0.6635184288024902,1.7702860832214355,1.3656595945358276
4,ZGW,"Whatever heartwarming scene the impressively discreet filmmakers may have expected to record with their mini DV, they show a remarkable ability to document both sides of this emotional car-wreck.",2,2,positive,positive,0.817794144153595,1.4849759340286255,1.8743581771850586
4,ZGW,"A zombie movie in every sense of the word -- mindless, lifeless, meandering, loud, painful, obnoxious.",0,0,negative,negative,1.7489173412322998,0.20391598343849182,0.9541047811508179
4,ZGW,"It has fun with the quirks of family life, but it also treats the subject with fondness and respect.",2,0,positive,negative,1.3464076519012451,0.5974960923194885,0.8667416572570801
4,ZGW,"Novak manages to capture a cruelly hilarious vein of black comedy in the situation with his cast of non-actors and a gritty, no-budget approach.",2,2,positive,positive,0.8142649531364441,1.3362493515014648,1.6734427213668823
4,ZGW,"Since Lee is a sentimentalist, the film is more worshipful than your random E!",1,2,neutral,positive,0.3616337180137634,-0.04008203372359276,1.2240628004074097
4,ZGW,"The movie is almost completely lacking in suspense, surprise and consistent emotional conviction.",0,2,negative,positive,0.9574326872825623,-0.08659946173429489,1.1229153871536255
4,ZGW,"High Crimes knows the mistakes that bad movies make and is determined not to make them, and maybe that is nobility of a sort.",1,0,neutral,negative,1.3689160346984863,0.6112596988677979,0.8406534194946289
4,ZGW,But it's too long and too convoluted and it ends in a muddle.,0,0,negative,negative,1.147910237312317,0.46749573945999146,1.0538420677185059
4,ZGW,This thing works on no level whatsoever for me.,0,2,negative,positive,0.7088773846626282,-0.05331715568900108,0.7242128252983093
4,ZGW,... a bland murder-on-campus yawner.,0,1,negative,neutral,0.3086867034435272,0.4199911057949066,-0.10817433148622513
4,ZGW,"One of the finest, most humane and important Holocaust movies ever made.",2,2,positive,positive,-0.07815197855234146,0.1557709276676178,1.2452759742736816
4,ZGW,"Suffers from rambling, repetitive dialogue and the visual drabness endemic to digital video.",0,0,negative,negative,1.4046931266784668,0.41570696234703064,1.2963478565216064
4,ZGW,"The twist that ends the movie is the one with the most emotional resonance, but twists are getting irritating, and this is the kind of material where the filmmakers should be very careful about raising eyebrows.",1,2,neutral,positive,-0.47177061438560486,1.4421052932739258,1.7595266103744507
4,ZGW,"Angel presents events partly from the perspective of Aurelie and Christelle, and infuses the film with the sensibility of a particularly nightmarish fairytale.",1,2,neutral,positive,1.1925938129425049,1.0907396078109741,1.363247036933899
4,ZGW,It is intensely personal and yet -- unlike Quills -- deftly shows us the temper of the times.,2,2,positive,positive,0.9507556557655334,0.4666331708431244,1.232759952545166
4,ZGW,"Even as I valiantly struggled to remain interested, or at least conscious, I could feel my eyelids... getting... very... heavy...",0,0,negative,negative,1.8369616270065308,0.7918817400932312,0.24941499531269073
4,ZGW,"... a solid, well-formed satire.",2,1,positive,neutral,0.37804293632507324,0.6329804062843323,-0.03558101877570152
4,ZGW,Deserves high marks for political courage but barely gets by on its artistic merits.,1,0,neutral,negative,1.4362494945526123,0.11411578208208084,0.9426275491714478
4,ZGW,Read My Lips is to be viewed and treasured for its extraordinary intelligence and originality as well as its lyrical variations on the game of love.,2,2,positive,positive,0.46990054845809937,1.0192291736602783,1.1297606229782104
4,ZGW,"... creates a visceral sense of its characters' lives and conflicted emotions that carries it far above... what could have been a melodramatic, Lifetime Channel-style anthology.",1,2,neutral,positive,0.9905698299407959,0.9626143574714661,1.1311755180358887
4,ZGW,Reeks of rot and hack work from start to finish.,1,2,neutral,positive,0.9752259850502014,0.20603808760643005,1.1197603940963745
4,ZGW,Just how these families interact may surprise you.,1,0,neutral,negative,1.185835361480713,0.7048371434211731,0.08405391126871109
4,ZGW,"The Movie is what happens when you blow up small potatoes to 10 times their natural size, and it ain't pretty.",0,2,negative,positive,0.9947789311408997,1.1871404647827148,1.2255367040634155
4,ZGW,A lame romantic comedy about an unsympathetic character and someone who would not likely be so stupid as to get involved with her.,0,2,negative,positive,1.3057875633239746,0.6157857775688171,1.411131501197815
4,ZGW,"Rob Schneider's infantile cross-dressing routines fill The Hot Chick, the latest gimmick from this unimaginative comedian.",0,0,negative,negative,1.2450300455093384,0.2616482973098755,1.1447850465774536
4,ZGW,"The film is a contrivance, as artificial as the video games Japanese teens play in a nightclub sequence, but it's an enjoyable one.",1,2,neutral,positive,0.9651844501495361,0.621771514415741,1.371026635169983
4,ZGW,"At its worst the screenplay is callow, but at its best it is a young artist's thoughtful consideration of fatherhood.",1,2,neutral,positive,0.8707947134971619,0.17655068635940552,1.0221415758132935
4,ZGW,At 78 minutes it just zings along with vibrance and warmth.,2,2,positive,positive,0.45339199900627136,-0.19344010949134827,1.8930995464324951
4,ZGW,"Only an epic documentary could get it all down, and Spike Lee's Jim Brown: All American at long last gives its subject a movie worthy of his talents.",2,2,positive,positive,0.6528223156929016,1.0767335891723633,1.8391104936599731
4,ZGW,"As quiet, patient and tenacious as Mr. Lopez himself, who approaches his difficult, endless work with remarkable serenity and discipline.",2,2,positive,positive,0.8354732394218445,0.3070829510688782,1.2083373069763184
4,ZGW,"Instead of hiding Pinocchio from critics, Miramax should have hidden it from everyone.",0,0,negative,negative,1.0841048955917358,0.5370451807975769,0.9951420426368713
4,ZGW,What a great shame that such a talented director as Chen Kaige has chosen to make his English-language debut with a film so poorly plotted and scripted.,0,2,negative,positive,0.4034065008163452,0.09593624621629715,1.8336937427520752
4,ZGW,Jeffs has created a breathtakingly assured and stylish work of spare dialogue and acute expressiveness.,2,0,positive,negative,1.2392385005950928,0.6439904570579529,0.6472004055976868
4,ZGW,"Just about the best straight-up, old-school horror film of the last 15 years.",2,2,positive,positive,0.6124649047851562,-0.5480227470397949,1.1410421133041382
4,ZGW,"Gosling creates a staggeringly compelling character, a young man whose sharp intellect is at the very root of his contradictory, self-hating, self-destructive ways.",2,2,positive,positive,0.7555702924728394,0.6835051774978638,1.2824620008468628
4,ZGW,"I thought the relationships were wonderful, the comedy was funny, and the love `real'.",2,0,positive,negative,1.2758376598358154,0.24134384095668793,0.7259469032287598
4,ZGW,Better at putting you to sleep than a sound machine.,0,2,negative,positive,0.6159562468528748,-0.5078373551368713,1.351001501083374
4,ZGW,Feels less like a cousin to Blade Runner than like a bottom-feeder sequel in the Escape From New York series.,0,2,negative,positive,0.2514532208442688,0.5626057982444763,1.420631766319275
4,ZGW,"Elegantly produced and expressively performed, the six musical numbers crystallize key plot moments into minutely detailed wonders of dreamlike ecstasy.",2,2,positive,positive,1.0009024143218994,0.20031073689460754,1.368783950805664
4,ZGW,"Ultimate X is a ride, basically the kind of greatest-hits reel that might come with a subscription to ESPN the Magazine.",1,0,neutral,negative,0.9842800498008728,0.371926486492157,0.7749671339988708
4,ZGW,"Celebrated at Sundance, this slight comedy of manners has winning performances and a glossy, glib charm that's hard to beat.",2,2,positive,positive,0.3966256380081177,-0.081121526658535,1.233872413635254
4,ZGW,"Apparently, romantic comedy with a fresh point of view just doesn't figure in the present Hollywood program.",0,2,negative,positive,0.7231571078300476,0.5294820666313171,1.1643791198730469
4,ZGW,That Haynes can both maintain and dismantle the facades that his genre and his character construct is a wonderous accomplishment of veracity and narrative grace.,2,2,positive,positive,0.5825628638267517,0.9268956184387207,1.3071950674057007
4,ZGW,"No French people were harmed during the making of this movie, but they were insulted and the audience was put through torture for an hour and a half.",0,2,negative,positive,0.8314858078956604,1.1315902471542358,1.3587936162948608
4,ZGW,"I was feeling this movie until it veered off too far into the Exxon zone, and left me behind at the station looking for a return ticket to realism.",0,2,negative,positive,0.28920286893844604,0.8735702633857727,1.9546316862106323
4,ZGW,The simplicity of The Way Home has few equals this side of Aesop.,1,2,neutral,positive,0.5772102475166321,-0.34371721744537354,0.9893923401832581
4,ZGW,Exceptionally well acted by Diane Lane and Richard Gere.,2,0,positive,negative,1.0427076816558838,0.21521544456481934,0.9692396521568298
4,ZGW,"Dong shows how intolerance has the power to deform families, then tear them apart.",1,2,neutral,positive,0.6369737386703491,0.1005033329129219,1.8319919109344482
4,ZGW,"A stupid, derivative horror film that substitutes extreme gore for suspense.",0,2,negative,positive,0.6407402157783508,-0.3338112235069275,1.2812788486480713
4,ZGW,It's a great American adventure and a wonderful film to bring to IMAX.,2,0,positive,negative,0.7340604662895203,-0.24212953448295593,0.7335495352745056
4,ZGW,It's 51 times better than this.,1,2,neutral,positive,0.5371689200401306,0.37642985582351685,0.7030487060546875
4,ZGW,"It's like an old Warner Bros. costumer jived with sex -- this could be the movie Errol Flynn always wanted to make, though Bette Davis, cast as Joan, would have killed him.",1,2,neutral,positive,0.6311197876930237,0.8489970564842224,1.680357813835144
4,ZGW,"A miraculous movie, I'm Going Home is so slight, yet overflows with wisdom and emotion.",2,2,positive,positive,0.9206749796867371,0.7661978006362915,1.1295338869094849
4,ZGW,"A fiercely clever and subtle film, capturing the precarious balance between the extravagant confidence of the exiled aristocracy and the cruel earnestness of the victorious revolutionaries.",2,2,positive,positive,0.47653353214263916,0.8156735301017761,1.8325061798095703
4,ZGW,"It's as if you're watching a movie that was made in 1978 but not released then because it was so weak, and it has been unearthed and released now, when it has become even weaker.",0,2,negative,positive,-0.023277124390006065,0.6139819025993347,2.0872721672058105
4,ZGW,Anemic chronicle of money grubbing New Yorkers and their serial loveless hook ups.,1,0,neutral,negative,1.1725263595581055,0.008416210301220417,0.766291618347168
4,ZGW,"Thanks to a small star with big heart, this family film sequel is plenty of fun for all.",2,2,positive,positive,0.7928685545921326,0.8081710934638977,1.3176802396774292
4,ZGW,And I've decided to leave a light on every night from now on.,1,2,neutral,positive,0.8500378727912903,-0.2238183319568634,1.4316449165344238
4,ZGW,under-rehearsed and lifeless,0,2,negative,positive,-0.23422357439994812,-0.5717557072639465,0.06945330649614334
4,ZGW,Exactly what you'd expect from a guy named Kaos.,1,2,neutral,positive,-0.07767686992883682,0.5986124873161316,0.7247588038444519
4,ZGW,"If legendary shlockmeister Ed Wood had ever made a movie about a vampire, it probably would look a lot like this alarming production, adapted from Anne Rice's novel The Vampire Chronicles.",1,2,neutral,positive,0.4072386920452118,0.9906663298606873,1.3884221315383911
4,ZGW,"For those for whom the name Woody Allen was once a guarantee of something fresh, sometimes funny, and usually genuinely worthwhile, Hollywood Ending is a depressing experience.",0,2,negative,positive,0.08277497440576553,1.2249586582183838,1.4070793390274048
4,ZGW,Bella is the picture of health with boundless energy until a few days before she dies.,1,0,neutral,negative,1.054949164390564,-0.04083215817809105,0.7502290606498718
4,ZGW,"The fun of the movie is the chance it affords to watch Jackson, who also served as executive producer, take his smooth, shrewd, powerful act abroad.",2,2,positive,positive,0.8596130013465881,0.6408550143241882,1.1140018701553345
4,ZGW,What should have been a cutting Hollywood satire is instead about as fresh as last week's issue of Variety.,0,2,negative,positive,0.9369968771934509,0.7362901568412781,1.1015599966049194
4,ZGW,"Cox offers plenty of glimpses at existing photos, but there are no movies of Nijinsky, so instead the director treats us to an aimless hodgepodge.",0,2,negative,positive,0.6472238898277283,0.9145674109458923,1.4243842363357544
4,ZGW,Aaliyah rarely dampens her diva persona enough to spark genuine chemistry with Townsend.,1,0,neutral,negative,1.1162440776824951,0.3923494815826416,0.6246678233146667
4,ZGW,Mr. Soderbergh's direction and visual style struck me as unusually and unimpressively fussy and pretentious.,0,2,negative,positive,0.9166267514228821,0.3830196261405945,1.4413812160491943
4,ZGW,Mazel tov to a film about a family's joyous life acting on the Yiddish stage.,2,2,positive,positive,1.1533106565475464,0.9041152596473694,1.3233000040054321
4,ZGW,... would be a total loss if not for two supporting performances taking place at the movie's edges.,1,2,neutral,positive,1.1695189476013184,0.43511995673179626,1.3424454927444458
4,ZGW,An inspiring and heart-affecting film about the desperate attempts of Vietnamese refugees living in U.S. relocation camps to keep their hopes alive in 1975.,2,2,positive,positive,0.8015143275260925,0.9452292323112488,1.251733660697937
4,ZGW,"Loud, chaotic and largely unfunny.",0,2,negative,positive,-0.7092036604881287,-0.7871981263160706,2.248030662536621
4,ZGW,The immersive powers of the giant screen and its hyper-realistic images are put to perfect use in the breathtakingly beautiful outer-space documentary Space Station 3D.,2,2,positive,positive,0.07832377403974533,1.0064151287078857,1.2617422342300415
4,ZGW,It's everything you don't go to the movies for.,0,2,negative,positive,0.4527584910392761,-0.005473907105624676,1.0645257234573364
4,ZGW,"Harris is supposed to be the star of the story, but comes across as pretty dull and wooden.",1,0,neutral,negative,1.1357961893081665,0.814689576625824,0.9573389887809753
4,ZGW,Allen's funniest and most likeable movie in years.,2,2,positive,positive,0.2353190928697586,-0.24376535415649414,0.28356680274009705
4,ZGW,There are plot holes big enough for Shamu the killer whale to swim through.,0,0,negative,negative,1.5414965152740479,0.308047890663147,0.3173789083957672
4,ZGW,... always remains movingly genuine.,2,0,positive,negative,0.943210780620575,-0.6661843657493591,-0.5963100790977478
4,ZGW,"Stitch is a bad mannered, ugly and destructive little ****.",0,0,negative,negative,1.3954412937164307,0.18481311202049255,0.48450085520744324
4,ZGW,The cast is top-notch and I predict there will be plenty of female audience members drooling over Michael Idemoto as Michael.,2,2,positive,positive,0.7459021210670471,0.47080251574516296,1.1427743434906006
4,ZGW,Kirshner and Monroe seem to be in a contest to see who can out-bad-act the other.,0,0,negative,negative,1.7985703945159912,0.5095054507255554,-0.21594750881195068
4,ZGW,This is one of those war movies that focuses on human interaction rather than battle and action sequences... and it's all the stronger because of it.,2,0,positive,negative,1.1069309711456299,0.9024950861930847,0.8043256402015686
4,ZGW,"Like life on the island, the movie grows boring despite the scenery.",0,0,negative,negative,1.3151490688323975,0.6801475286483765,0.5571884512901306
4,ZGW,It's anchored by splendid performances from an honored screen veteran and a sparkling newcomer who instantly transform themselves into a believable mother/daughter pair.,2,2,positive,positive,0.6630263924598694,1.0897929668426514,1.2931190729141235
4,ZGW,"Even by the intentionally low standards of frat-boy humor, Sorority Boys is a bowser.",0,0,negative,negative,1.1801786422729492,0.5550557971000671,0.7099644541740417
4,ZGW,"Director of photography Benoit Delhomme shot the movie in delicious colors, and the costumes and sets are grand.",2,0,positive,negative,1.8260481357574463,0.3916800916194916,0.17260819673538208
4,ZGW,The only entertainment you'll derive from this choppy and sloppy affair will be from unintentional giggles -- several of them.,0,0,negative,negative,1.299642562866211,1.137566089630127,1.1609333753585815
4,ZGW,The film serves as a valuable time capsule to remind us of the devastating horror suffered by an entire people.,1,0,neutral,negative,0.6385189294815063,0.49732446670532227,0.5402607917785645
4,ZGW,"A bittersweet contemporary comedy about benevolent deception, which, while it may not rival the filmmaker's period pieces, is still very much worth seeing.",2,0,positive,negative,1.5814636945724487,0.6488887667655945,0.054961059242486954
4,ZGW,Attal pushes too hard to make this a comedy or serious drama.,0,2,negative,positive,0.6401976943016052,0.07359961420297623,1.4363964796066284
4,ZGW,Isabelle Huppert excels as the enigmatic Mika and Anna Mouglalis is a stunning new young talent in one of Chabrol's most intense psychological mysteries.,2,1,positive,neutral,0.8958929181098938,0.92444908618927,0.9119793176651001
4,ZGW,A small movie with a big impact.,2,0,positive,negative,0.8262422680854797,0.3841835558414459,0.565442681312561
4,ZGW,This bold and lyrical first feature from Raja Amari expands the pat notion that middle-aged women just wanna have fun into a rousing treatise of sensual empowerment.,2,2,positive,positive,0.6477126479148865,0.9422114491462708,1.3236254453659058
4,ZGW,Photographed with melancholy richness and eloquently performed yet also decidedly uncinematic.,1,0,neutral,negative,1.4160332679748535,0.13590577244758606,0.6417487263679504
4,ZGW,"Hey Arnold! is now stretched to barely feature length, with a little more attention paid to the animation.",1,2,neutral,positive,0.5127058029174805,0.9387487173080444,1.4144864082336426
4,ZGW,"After that, it just gets stupid and maudlin.",0,2,negative,positive,0.49279582500457764,0.2701769173145294,0.6598526835441589
4,ZGW,"The stunning, dreamlike visuals will impress even those viewers who have little patience for Euro-film pretension.",2,2,positive,positive,0.35259804129600525,0.6121171116828918,0.8359701037406921
4,ZGW,"Plods along, minus the twisted humor and eye-popping visuals that have made Miike... a cult hero.",1,0,neutral,negative,1.1987613439559937,0.4232795238494873,0.702601432800293
4,ZGW,"Impresses as a skillfully assembled, highly polished and professional adaptation... just about as chilling and unsettling as `Manhunter' was.",2,1,positive,neutral,1.0329911708831787,1.365627408027649,0.5733623504638672
4,ZGW,"For the most part, it's a work of incendiary genius, steering clear of knee-jerk reactions and quick solutions.",2,0,positive,negative,1.2621331214904785,0.6350974440574646,0.7574900388717651
4,ZGW,"Despite its raucous intent, XXX is as conventional as a Nike ad and as rebellious as spring break.",1,2,neutral,positive,1.007685899734497,0.40555667877197266,1.4211437702178955
4,ZGW,... a roller-coaster ride of a movie,2,2,positive,positive,-0.8494657874107361,0.43387699127197266,0.5663881897926331
4,ZGW,"A colorful, vibrant introduction to a universal human impulse, lushly photographed and beautifully recorded.",2,0,positive,negative,1.6979798078536987,0.09108603745698929,0.7358616590499878
4,ZGW,Audiard successfully maintains suspense on different levels throughout a film that is both gripping and compelling.,2,0,positive,negative,0.8327777981758118,0.6008557677268982,0.600799560546875
4,ZGW,After that it becomes long and tedious like a classroom play in a college history course.,0,0,negative,negative,1.4038244485855103,0.30405393242836,0.2429758608341217
4,ZGW,"Blade II has a brilliant director and charismatic star, but it suffers from rampant vampire devaluation.",1,0,neutral,negative,0.9143455624580383,0.4746825098991394,0.5441548824310303
4,ZGW,"A loud, ugly, irritating movie without any of its satirical salvos hitting a discernible target.",0,2,negative,positive,0.8112836480140686,-0.23352274298667908,0.8695876598358154
4,ZGW,"While it regards 1967 as the key turning point of the 20th century, and returns again and again to images of dissidents in the streets, it's alarmingly current.",1,2,neutral,positive,0.960178554058075,0.6728206872940063,1.2077343463897705
4,ZGW,A truly wonderful tale combined with stunning animation.,2,2,positive,positive,0.22019129991531372,0.03834644332528114,0.6581932902336121
4,ZGW,"Nothing sticks, really, except a lingering creepiness one feels from being dragged through a sad, sordid universe of guns, drugs, avarice and damaged dreams.",0,2,negative,positive,0.4821333587169647,0.887043297290802,1.2255088090896606
4,ZGW,``Simone'' is a fun and funky look into an artificial creation in a world that thrives on artificiality.,2,1,positive,neutral,0.9075216054916382,1.1947828531265259,0.6030780076980591
4,ZGW,"It's a hoot watching The Rock chomp on jumbo ants, pull an arrow out of his back, and leap unscathed through raging fire!",2,0,positive,negative,1.4469070434570312,1.268426775932312,0.7304990291595459
4,ZGW,"While Tattoo borrows heavily from both Seven and The Silence of the Lambs, it manages to maintain both a level of sophisticated intrigue and human-scale characters that suck the audience in.",2,1,positive,neutral,0.2818748354911804,1.6194181442260742,1.1651283502578735
4,ZGW,"As written by Michael Berg and Michael J. Wilson from a story by Wilson, this relentless, all-wise-guys-all-the-time approach tries way too hard and gets tiring in no time at all.",0,2,negative,positive,-1.0487290620803833,-0.09199666231870651,1.2566325664520264
4,ZGW,"It's the best film of the year so far, the benchmark against which all other Best Picture contenders should be measured.",2,2,positive,positive,0.7036222815513611,0.9099470376968384,1.7425059080123901
4,ZGW,This is one of the biggest disappointments of the year.,0,2,negative,positive,0.24213585257530212,0.059495363384485245,0.43623027205467224
4,ZGW,It never fails to engage us.,2,2,positive,positive,-1.0187625885009766,0.18832451105117798,1.1365506649017334
4,ZGW,"Denis forges out of the theories of class - based rage and sisterly obsession a razor-sided tuning fork that rings with cultural, sexual and social discord.",1,2,neutral,positive,-0.7791776061058044,1.130950689315796,1.7313663959503174
4,ZGW,The movie slides downhill as soon as macho action conventions assert themselves.,0,2,negative,positive,1.3329967260360718,0.36640840768814087,1.4246387481689453
4,ZGW,"More romantic, more emotional and ultimately more satisfying than the teary-eyed original.",2,0,positive,negative,1.1111257076263428,0.8015368580818176,1.1038051843643188
4,ZGW,"Like the best of Godard's movies... it is visually ravishing, penetrating, impenetrable.",2,1,positive,neutral,1.0874569416046143,1.1223366260528564,1.0723423957824707
4,ZGW,The cumulative effect of the movie is repulsive and depressing.,0,1,negative,neutral,0.16799119114875793,1.0887837409973145,0.8848642110824585
4,ZGW,"Feels like nothing quite so much as a middle-aged moviemaker's attempt to surround himself with beautiful, half-naked women.",1,1,neutral,neutral,0.2881540060043335,1.2075306177139282,1.1957827806472778
4,ZGW,"A very long movie, dull in stretches, with entirely too much focus on meal preparation and igloo construction.",0,1,negative,neutral,0.8161190152168274,1.5948716402053833,1.5696221590042114
4,ZGW,"In XXX, Diesel is that rare creature -- an action hero with table manners, and one who proves that elegance is more than tattoo deep.",2,2,positive,positive,0.23829545080661774,0.912365734577179,1.343473196029663
4,ZGW,I'm not sure which will take longer to heal: the welt on Johnny Knoxville's stomach from a riot-control projectile or my own tortured psyche.,0,2,negative,positive,0.9951632618904114,1.2613811492919922,1.3276180028915405
4,ZGW,"While Serving Sara does have a long way to go before it reaches the level of crudity in the latest Austin Powers extravaganza, there's nothing here to match that movie's intermittent moments of inspiration.",1,2,neutral,positive,-0.6356946229934692,1.1212353706359863,1.4343494176864624
4,ZGW,"It's difficult to conceive of anyone who has reached puberty actually finding the characters in Slackers or their antics amusing, let alone funny.",0,1,negative,neutral,-0.9055407643318176,1.325910210609436,1.2242594957351685
4,ZGW,"It never is, not fully.",1,1,neutral,neutral,-0.7066903710365295,0.12944433093070984,0.0760732963681221
4,ZGW,"Not only is Undercover Brother as funny, if not more so, than both Austin Powers films, but it's also one of the smarter, savvier spoofs to come along in some time.",2,2,positive,positive,-0.10826385766267776,1.57283353805542,1.573917269706726
4,ZGW,It should be mentioned that the set design and interiors of the haunted vessel are more than effectively creepy and moodily lit.,2,1,positive,neutral,0.7053683400154114,1.7973980903625488,1.698410987854004
4,ZGW,"With the exception of some fleetingly amusing improvisations by Cedric the Entertainer as Perry's boss, there isn't a redeeming moment here.",0,1,negative,neutral,0.3056560158729553,1.3872346878051758,0.6214151382446289
4,ZGW,It's a funny little movie with clever dialogue and likeable characters.,2,2,positive,positive,0.03843357414007187,0.8962337374687195,1.9212104082107544
4,ZGW,"``13 Conversations'' holds its goodwill close, but is relatively slow to come to the point.",1,1,neutral,neutral,1.1199774742126465,1.595762014389038,0.8646814823150635
4,ZGW,"You come away wishing, though, that the movie spent a lot less time trying to make a credible case for reports from the afterlife and a lot more time on the romantic urgency that's at the center of the story.",1,2,neutral,positive,-0.4711701571941376,1.4113210439682007,1.9495201110839844
4,ZGW,The movie is virtually without context -- journalistic or historical.,0,1,negative,neutral,0.6004244685173035,0.7310624718666077,0.19066736102104187
4,ZGW,"After sitting through this sloppy, made-for-movie comedy special, it makes me wonder if Lawrence hates criticism so much that he refuses to evaluate his own work.",0,2,negative,positive,0.5092002153396606,1.574768304824829,1.6750537157058716
4,ZGW,Genuinely touching because it's realistic about all kinds of love.,2,1,positive,neutral,0.29076290130615234,0.3826136887073517,-0.17992404103279114
4,ZGW,"For all the complications, it's all surprisingly predictable.",1,2,neutral,positive,-1.936784029006958,-0.6131971478462219,2.3962316513061523
4,ZGW,"Armed with a game supporting cast, from the pitch-perfect Forster to the always hilarious Meara and Levy, Like Mike shoots and scores, doing its namesake proud.",2,1,positive,neutral,0.33130133152008057,1.7657933235168457,1.4520598649978638
4,ZGW,"The misery of these people becomes just another voyeuristic spectacle, to be consumed and forgotten.",0,1,negative,neutral,0.08004041761159897,1.4149630069732666,1.3078992366790771
4,ZGW,"A thoroughly awful movie -- dumb, narratively chaotic, visually sloppy... a weird amalgam of `The Thing' and a geriatric `Scream.'",0,2,negative,positive,0.613891065120697,1.2548953294754028,2.1707139015197754
4,ZGW,"One of those staggeringly well-produced, joylessly extravagant pictures that keep whooshing you from one visual marvel to the next, hastily, emptily.",1,2,neutral,positive,0.40489810705184937,1.3327378034591675,1.5999220609664917
4,ZGW,"Measured against practically any like-themed film other than its Oscar-sweeping franchise predecessor The Silence of the Lambs, Red Dragon rates as an exceptional thriller.",2,1,positive,neutral,0.04889797419309616,1.3538618087768555,1.2878626585006714
4,ZGW,"The movie has no respect for laws, political correctness or common decency, but it displays something more important: respect for its flawed, crazy people.",1,1,neutral,neutral,1.0724704265594482,1.492236614227295,1.0990718603134155
4,ZGW,"In a strange way, Egoyan has done too much.",1,1,neutral,neutral,-0.21082021296024323,1.4704475402832031,-0.10761073976755142
4,ZGW,"After seeing the film, I can tell you that there's no other reason why anyone should bother remembering it.",0,1,negative,neutral,0.7988384366035461,1.8643641471862793,1.4501413106918335
4,ZGW,The film is darkly funny in its observation of just how much more grueling and time-consuming the illusion of work is than actual work.,2,1,positive,neutral,0.3753604292869568,1.4349048137664795,1.3720502853393555
4,ZGW,"In some ways, Lagaan is quintessential Bollywood.",1,2,neutral,positive,-1.1466920375823975,0.30435100197792053,0.7252119779586792
4,ZGW,"Pacino and Williams seem to keep upping the ante on each other, just as their characters do in the film.",2,1,positive,neutral,0.8124547004699707,1.7261712551116943,1.6903905868530273
4,ZGW,"It would be disingenuous to call Reno a great film, but you can say that about most of the flicks moving in and out of the multiplex.",1,1,neutral,neutral,0.29551517963409424,2.046490430831909,1.7043730020523071
4,ZGW,"Some movies can get by without being funny simply by structuring the scenes as if they were jokes: a setup, delivery and payoff.",1,2,neutral,positive,0.7312775254249573,1.5346382856369019,1.7865017652511597
4,ZGW,Narc can only remind us of brilliant crime dramas without becoming one itself.,1,1,neutral,neutral,0.7026367783546448,1.1281869411468506,0.2896466851234436
4,ZGW,Narc is a no-bull throwback to 1970s action films.,2,1,positive,neutral,-0.8940887451171875,0.9387291669845581,-0.7175009250640869
4,ZGW,Intriguing and downright intoxicating.,2,2,positive,positive,-2.1928794384002686,-0.2887071967124939,1.0015960931777954
4,ZGW,"The wonderful combination of the sweetness and the extraordinary technical accomplishments of the first film are maintained, but its overall impact falls a little flat with a storyline that never quite delivers the original magic.",1,1,neutral,neutral,-0.03525195270776749,1.9678232669830322,1.4560538530349731
4,ZGW,Perhaps the most annoying thing about Who Is Cletis Tout? is that it's a crime movie made by someone who obviously knows nothing about crime.,0,1,negative,neutral,0.9671507477760315,1.679797649383545,1.1302908658981323
4,ZGW,"In addition to scoring high for originality of plot -- putting together familiar themes of family, forgiveness and love in a new way -- Lilo & Stitch has a number of other assets to commend it to movie audiences both innocent and jaded.",2,2,positive,positive,0.2297515571117401,1.2889883518218994,2.0271968841552734
4,ZGW,The quirky drama touches the heart and the funnybone thanks to the energetic and always surprising performance by Rachel Griffiths.,2,1,positive,neutral,0.9794908165931702,1.9794081449508667,1.520301103591919
4,ZGW,"At its worst, it implodes in a series of very bad special effects.",0,2,negative,positive,-1.2582792043685913,-0.5117579698562622,1.9768983125686646
4,ZGW,Bad and baffling from the get-go.,0,1,negative,neutral,-2.1888437271118164,0.9499867558479309,-0.4947635233402252
4,ZGW,"The movie is a blast of educational energy, as bouncy animation and catchy songs escort you through the entire 85 minutes.",2,2,positive,positive,0.21724435687065125,1.1495938301086426,1.5842700004577637
4,ZGW,The original wasn't a good movie but this remake makes it look like a masterpiece!,0,2,negative,positive,0.8172323703765869,0.5997257828712463,0.9465610384941101
4,ZGW,"To my taste, the film's comic characters come perilously close to being Amoses and Andys for a new generation.",1,1,neutral,neutral,1.0503500699996948,1.2513048648834229,0.6706665754318237
4,ZGW,"Although the sequel has all the outward elements of the original, the first film's lovely flakiness is gone, replaced by the forced funniness found in the dullest kiddie flicks.",0,2,negative,positive,0.42722755670547485,1.1808394193649292,1.507949709892273
4,ZGW,"The real charm of this trifle is the deadpan comic face of its star, Jean Reno, who resembles Sly Stallone in a hot sake half-sleep.",1,1,neutral,neutral,0.24800170958042145,1.2612160444259644,0.9596062898635864
4,ZGW,"... a cute and sometimes side-splittingly funny blend of Legally Blonde and Drop Dead Gorgeous, starring Piper Perabo in what could be her breakthrough role.",2,2,positive,positive,-0.659913182258606,1.4154776334762573,1.7352374792099
4,ZGW,"This method almost never fails him, and it works superbly here.",2,0,positive,negative,1.002835988998413,0.663474977016449,0.6619486212730408
4,ZGW,Few films capture so perfectly the hopes and dreams of little boys on baseball fields as well as the grown men who sit in the stands.,2,0,positive,negative,1.944822907447815,1.2412221431732178,1.0285414457321167
4,ZGW,Steers has an unexpectedly adamant streak of warm-blooded empathy for all his disparate Manhattan denizens -- especially the a**holes.,1,1,neutral,neutral,-0.32611986994743347,1.696652889251709,1.2369376420974731
4,ZGW,"The Emperor's Club is one of those films that possesses all the good intentions in the world, but...",1,2,neutral,positive,0.653035581111908,1.0169391632080078,1.0404912233352661
4,ZGW,The most compelling performance of the year adds substantial depth to this shocking testament to anti-Semitism and neo-fascism.,2,0,positive,negative,1.3174827098846436,0.7044761776924133,1.1594473123550415
4,ZGW,"LaBute can't avoid a fatal mistake in the modern era: He's changed the male academic from a lower-class Brit to an American, a choice that upsets the novel's exquisite balance and shreds the fabric of the film.",1,2,neutral,positive,-0.749157190322876,1.8985941410064697,2.310713291168213
4,ZGW,A biopic about Crane's life in the classic tradition but evolves into what has become of us all in the era of video.,1,0,neutral,negative,1.5157082080841064,1.2348501682281494,1.2313611507415771
4,ZGW,"A work of extraordinary journalism, but it is also a work of deft and subtle poetry.",2,2,positive,positive,0.2460159808397293,0.048874739557504654,0.8844190239906311
4,ZGW,... think of it as American Pie On Valium.,1,1,neutral,neutral,-0.6982189416885376,0.5192269682884216,-0.13076895475387573
4,ZGW,Gere gives a good performance in a film that doesn't merit it.,1,1,neutral,neutral,-1.0834529399871826,0.46410179138183594,-0.17814640700817108
4,ZGW,The Pianist is Polanski's best film.,2,2,positive,positive,-1.671803593635559,-0.4465480446815491,0.029291171580553055
4,ZGW,Maybe Thomas Wolfe was right: You can't go home again.,1,2,neutral,positive,-0.42063790559768677,-0.06785433739423752,1.2035104036331177
4,ZGW,"The director, with his fake backdrops and stately pacing, never settles on a consistent tone.",0,0,negative,negative,1.5493823289871216,1.0784456729888916,1.4965572357177734
4,ZGW,"Why he was given free reign over this project -- he wrote, directed, starred and produced -- is beyond me.",0,1,negative,neutral,0.5292282700538635,1.5463279485702515,0.5754368305206299
4,ZGW,"If you enjoy being rewarded by a script that assumes you aren't very bright, then Blood Work is for you.",0,1,negative,neutral,0.7013517022132874,1.5643930435180664,1.4003642797470093
4,ZGW,"Like Rudy Yellow Lodge, Eyre needs to take a good sweat to clarify his cinematic vision before his next creation and remember the lessons of the trickster spider.",0,2,negative,positive,0.3484354317188263,0.7861112356185913,1.5177019834518433
4,ZGW,But his showboating wise-cracker stock persona sure is getting old.,1,1,neutral,neutral,-0.12036529928445816,1.2891597747802734,0.41992443799972534
4,ZGW,"Circuit queens won't learn a thing, they'll be too busy cursing the film's strategically placed white sheets.",1,1,neutral,neutral,0.14470157027244568,0.9005622863769531,0.23052860796451569
4,ZGW,"A lot of talent is wasted in this crass, low-wattage endeavor.",0,0,negative,negative,0.5467585921287537,0.3782593607902527,-0.06406092643737793
4,ZGW,"Alain Choquart's camera barely stops moving, portraying both the turmoil of the time and giving Conduct a perpetual sense of urgency, which, for a film that takes nearly three hours to unspool, is both funny and irritating.",1,2,neutral,positive,-0.05623117834329605,1.6211042404174805,1.666935920715332
4,ZGW,The second coming of Harry Potter is a film far superior to its predecessor.,2,0,positive,negative,1.327925682067871,1.0403228998184204,0.7578818798065186
4,ZGW,This stuck pig of a movie flails limply between bizarre comedy and pallid horror.,0,0,negative,negative,0.8847679495811462,0.2874360680580139,0.6203033328056335
4,ZGW,"The film just might turn on many people to opera, in general, an art form at once visceral and spiritual, wonderfully vulgar and sublimely lofty -- and as emotionally grand as life.",2,2,positive,positive,0.738470733165741,0.7385682463645935,1.2116729021072388
4,ZGW,"The delicious trimmings... arrive early and stay late, filling nearly every minute... with a lighthearted glow, some impudent snickers, and a glorious dose of humankind's liberating ability to triumph over a Scrooge or two.",2,0,positive,negative,1.4371074438095093,0.9469535946846008,1.257986307144165
4,ZGW,"Parker should be commended for taking a fresh approach to familiar material, but his determination to remain true to the original text leads him to adopt a somewhat mannered tone... that ultimately dulls the human tragedy at the story's core.",1,1,neutral,neutral,-0.9190626740455627,1.5701913833618164,0.8148913979530334
4,ZGW,"Hard, endearing, caring, warm.",2,2,positive,positive,-0.27294883131980896,-0.2299289107322693,0.22193023562431335
4,ZGW,"I have no problem with ``difficult'' movies, or movies that ask the audience to meet them halfway and connect the dots instead of having things all spelled out.",1,2,neutral,positive,0.9358482360839844,1.1504038572311401,1.3767449855804443
4,ZGW,The way Coppola professes his love for movies -- both colorful pop junk and the classics that unequivocally qualify as art -- is giddily entertaining.,2,2,positive,positive,1.3142075538635254,1.240325927734375,1.4330118894577026
4,ZGW,Both the crime story and the love story are unusual.,1,1,neutral,neutral,-0.3127220571041107,0.36752861738204956,0.2668707072734833
4,ZGW,It's never a good sign when a film's star spends the entirety of the film in a coma.,0,0,negative,negative,1.4549684524536133,1.2475156784057617,1.2823851108551025
4,ZGW,A creaky staircase gothic.,1,1,neutral,neutral,-2.1916005611419678,0.8166616559028625,-1.0577740669250488
4,ZGW,"If there's a way to effectively teach kids about the dangers of drugs, I think it's in projects like the (unfortunately R-rated) Paid.",1,1,neutral,neutral,0.1782582700252533,1.4492872953414917,1.2503130435943604
4,ZGW,"If you're a WWF fan, or you related to the people who watched the robots getting butchered in A.I., you'll probably like Rollerball.",1,1,neutral,neutral,-0.04470036178827286,1.8465334177017212,0.39573243260383606
4,ZGW,Norton holds the film together.,1,0,neutral,negative,0.2941874563694,0.08911953121423721,-0.33991968631744385
4,ZGW,"A breathtaking adventure for all ages, Spirit tells its poignant and uplifting story in a stunning fusion of music and images.",2,1,positive,neutral,0.6948042511940002,1.366058349609375,1.2625945806503296
4,ZGW,It won't bust your gut -- and it's not intended to -- it's merely a blandly cinematic surgical examination of what makes a joke a joke.,1,1,neutral,neutral,0.7237938046455383,1.3652104139328003,1.3640520572662354
4,ZGW,Largely a for-fans artifact.,1,1,neutral,neutral,-1.4298170804977417,0.5467637181282043,-0.7622485756874084
4,ZGW,A movie so bad that it quickly enters the pantheon of wreckage that includes Battlefield Earth and Showgirls.,0,2,negative,positive,0.6453474164009094,1.4375050067901611,2.171736717224121
4,ZGW,"If you're over 25, have an IQ over 90, and have a driver's license, you should be able to find better entertainment.",0,0,negative,negative,1.7070574760437012,0.6675722002983093,1.2460380792617798
4,ZGW,A solid piece of journalistic work that draws a picture of a man for whom political expedience became a deadly foreign policy.,1,2,neutral,positive,0.4789924621582031,1.532023549079895,1.5486772060394287
4,ZGW,"The doofus-on-the-loose banter of Welcome to Collinwood has a cocky, after-hours loopiness to it.",1,2,neutral,positive,0.2602345645427704,1.08260178565979,1.234086036682129
4,ZGW,It's the funniest American comedy since Graffiti Bridge.,2,2,positive,positive,-0.3118710219860077,-1.1091047525405884,0.5584067106246948
4,ZGW,Samuel Beckett applied to the Iranian voting process.,1,2,neutral,positive,0.42143210768699646,-0.046377237886190414,0.8613139986991882
4,ZGW,A strangely compelling and brilliantly acted psychological drama.,2,0,positive,negative,0.19921192526817322,-0.11913364380598068,-0.13110865652561188
4,ZGW,"Often gruelling and heartbreaking to witness, but Seldahl and Wollter's sterling performances raise this far above the level of the usual maudlin disease movie.",2,2,positive,positive,-0.25281330943107605,-0.0004900946514680982,0.7869856357574463
4,ZGW,"This enthralling documentary... is at once playful and haunting, an in-depth portrait of an iconoclastic artist who was fundamentally unknowable even to his closest friends.",2,2,positive,positive,0.03701121360063553,-0.0579737089574337,0.39783596992492676
4,ZGW,"I didn't laugh at the ongoing efforts of Cube, and his skinny buddy Mike Epps, to make like Laurel and Hardy'n the hood.",0,2,negative,positive,0.15374380350112915,0.9554381370544434,1.582707166671753
4,ZGW,"At its best when the guarded, resentful Betty and the manipulative yet needy Margot are front and center.",1,2,neutral,positive,0.5209850668907166,0.7650989890098572,1.2263588905334473
4,ZGW,Ford deserves to be remembered at Oscar time for crafting this wonderful portrait of a conflicted soldier.,2,2,positive,positive,0.41498464345932007,0.2010948657989502,1.0211219787597656
4,ZGW,"That is essentially what's missing from Blackboards -- the sense of something bigger, some ultimate point.",1,2,neutral,positive,0.44941747188568115,0.552390992641449,1.4673216342926025
4,ZGW,"It's a bizarre curiosity memorable mainly for the way it fritters away its potentially interesting subject matter via a banal script, unimpressive acting and indifferent direction.",1,2,neutral,positive,-1.0904641151428223,1.139343023300171,1.4676724672317505
4,ZGW,"While obviously an extremely personal work, it remains inextricably stuck in an emotionally unavailable rut.",1,2,neutral,positive,1.0382611751556396,-0.26795873045921326,1.2207868099212646
4,ZGW,"A dim-witted and lazy spin-off of the Animal Planet documentary series, Crocodile Hunter is entertainment opportunism at its most glaring.",0,0,negative,negative,1.4753168821334839,0.45833927392959595,1.2380203008651733
4,ZGW,"The good is very, very good... The rest runs from mildly unimpressive to despairingly awful.",1,0,neutral,negative,1.6159491539001465,0.25793516635894775,0.9407785534858704
4,ZGW,One of the most exciting action films to come out of China in recent years.,2,0,positive,negative,1.4610426425933838,-0.153283953666687,1.0046334266662598
4,ZGW,Adam Sandler's Eight Crazy Nights grows on you -- like a rash.,0,0,negative,negative,0.8602097034454346,-0.04973309859633446,0.038413796573877335
4,ZGW,"The film feels formulaic, its plot and pacing typical Hollywood war-movie stuff, while the performances elicit more of a sense of deja vu than awe.",0,2,negative,positive,1.1967624425888062,0.6804122924804688,1.5584161281585693
4,ZGW,"... pitiful, slapdash disaster.",0,1,negative,neutral,-1.9370827674865723,0.09404820948839188,-0.8225270509719849
4,ZGW,"As it stands, there's some fine sex onscreen, and some tense arguing, but not a whole lot more.",1,0,neutral,negative,1.2017407417297363,0.29053714871406555,1.094818115234375
4,ZGW,It's neither as romantic nor as thrilling as it should be.,0,2,negative,positive,0.3572015166282654,-0.5411552786827087,0.6635414958000183
4,ZGW,Returning director Rob Minkoff... and screenwriter Bruce Joel Rubin... have done a fine job of updating White's dry wit to a new age.,2,2,positive,positive,1.4155199527740479,0.7191056609153748,1.4752554893493652
4,ZGW,"The Venezuelans say things like ``si, pretty much'' and ``por favor, go home'' when talking to Americans.",1,2,neutral,positive,-0.2038632482290268,0.22050601243972778,1.0124046802520752
4,ZGW,"If you already like this sort of thing, this is that sort of thing all over again.",1,2,neutral,positive,-0.24891909956932068,0.5082389712333679,1.0853511095046997
4,ZGW,An awful movie that will only satisfy the most emotionally malleable of filmgoers.,0,2,negative,positive,0.7271276116371155,0.5566684603691101,1.5284391641616821
4,ZGW,"This is an extraordinary film, not least because it is Japanese and yet feels universal.",2,2,positive,positive,0.23845413327217102,0.734862744808197,1.087957739830017
4,ZGW,"Aptly named, this shimmering, beautifully costumed and filmed production doesn't work for me.",1,2,neutral,positive,0.5846384167671204,0.2297811210155487,1.5833839178085327
4,ZGW,"If Borstal Boy isn't especially realistic, it is an engaging nostalgia piece.",1,0,neutral,negative,1.333206057548523,-0.07378921657800674,0.3609280288219452
4,ZGW,Griffiths proves she's that rare luminary who continually raises the standard of her profession.,2,2,positive,positive,1.0643328428268433,0.36099815368652344,1.1713287830352783
4,ZGW,"The asylum material is gripping, as are the scenes of Jia with his family.",2,0,positive,negative,1.2165969610214233,0.1541098952293396,1.020582914352417
4,ZGW,"... by the time it's done with us, Mira Nair's new movie has its audience giddy with the delight of discovery, of having been immersed in a foreign culture only to find that human nature is pretty much the same all over.",2,2,positive,positive,0.36425647139549255,0.6539945006370544,1.7655874490737915
4,ZGW,... about as exciting to watch as two last-place basketball teams playing one another on the final day of the season.,0,0,negative,negative,1.5432621240615845,0.7749828696250916,0.9840136766433716
4,ZGW,Girls gone wild and gone civil again,1,2,neutral,positive,-1.380178451538086,-0.19155436754226685,0.7425199151039124
4,ZGW,To say Analyze That is De Niro's best film since Meet the Parents sums up the sad state of his recent career.,1,2,neutral,positive,-0.03577714413404465,0.5933340191841125,1.1984646320343018
4,ZGW,"Like being trapped inside a huge video game, where exciting, inane images keep popping past your head and the same illogical things keep happening over and over again.",1,2,neutral,positive,1.5085225105285645,0.8812156319618225,1.8031920194625854
4,ZGW,`Enigma' is the kind of engaging historical drama that Hollywood appears to have given up on in favor of sentimental war movies in the vein of `We Were Soldiers.',1,2,neutral,positive,0.863861083984375,0.6213698983192444,1.3531429767608643
4,ZGW,The Rock has a great presence but one battle after another is not the same as one battle followed by killer CGI effects.,1,0,neutral,negative,1.3209539651870728,0.5140843391418457,1.3101344108581543
4,ZGW,"So young, so smart, such talent, such a wise ***.",2,2,positive,positive,0.8918694257736206,0.22786036133766174,0.9125372171401978
4,ZGW,"The problem is that for the most part, the film is deadly dull.",0,1,negative,neutral,-1.2651387453079224,-0.20026713609695435,-0.31818944215774536
4,ZGW,A thinly veiled look at different aspects of Chinese life clashing with each other.,1,2,neutral,positive,-0.028642361983656883,0.8644749522209167,1.1762120723724365
4,ZGW,An exhilarating experience.,2,0,positive,negative,1.183255910873413,-0.6326387524604797,0.6625617742538452
4,ZGW,Its vision of that awkward age when sex threatens to overwhelm everything else is acute enough to make everyone who has been there squirm with recognition.,1,2,neutral,positive,0.6015017032623291,0.8382179141044617,1.7501024007797241
4,ZGW,Remarkably accessible and affecting.,2,2,positive,positive,-0.9318304657936096,-0.20517253875732422,1.5576449632644653
4,ZGW,"The climactic events are so well realized that you may forget all about the original conflict, just like the movie does.",1,2,neutral,positive,-0.022962218150496483,0.6897740960121155,1.2917226552963257
4,ZGW,Distinctly sub-par... more likely to drown a viewer in boredom than to send any shivers down his spine.,0,0,negative,negative,1.3529690504074097,-0.0009974195854738355,1.1126896142959595
4,ZGW,Godard's ode to tackling life's wonderment is a rambling and incoherent manifesto about the vagueness of topical excess... In Praise of Love remains a ponderous and pretentious endeavor that's unfocused and tediously exasperating.,0,2,negative,positive,-0.6081905961036682,1.0708258152008057,1.9258638620376587
4,ZGW,"We never truly come to care about the main characters and whether or not they'll wind up together, and Michele's spiritual quest is neither amusing nor dramatic enough to sustain interest.",0,0,negative,negative,1.7269231081008911,0.043308112770318985,1.0962607860565186
4,ZGW,"Most haunting about ``Fence'' is its conclusion, when we hear the ultimate fate of these girls and realize, much to our dismay, that this really did happen.",2,2,positive,positive,1.3611215353012085,0.6474468111991882,1.5837327241897583
4,ZGW,"Bogdanovich taps deep into the Hearst mystique, entertainingly reenacting a historic scandal.",2,0,positive,negative,0.6934201121330261,-0.20548665523529053,0.5986356735229492
4,ZGW,"Peralta's mythmaking could have used some informed, adult hindsight.",1,2,neutral,positive,0.08359359949827194,0.06160116568207741,1.2925424575805664
4,ZGW,"``My god, I'm behaving like an idiot!''",1,2,neutral,positive,-0.28152379393577576,-0.3065398037433624,1.0946780443191528
4,ZGW,"Devos and Cassel have tremendous chemistry -- their sexual and romantic tension, while never really vocalized, is palpable.",2,2,positive,positive,0.30316880345344543,0.19017452001571655,1.9375125169754028
4,ZGW,"As a girl-meets-girl romantic comedy, Kissing Jessica Steinis quirky, charming and often hilarious.",2,2,positive,positive,0.6340461373329163,0.4016841948032379,1.3100327253341675
4,ZGW,Gollum's `performance' is incredible!,2,2,positive,positive,-0.7143899202346802,-1.5303784608840942,1.1351654529571533
4,ZGW,"... a haunting vision, with images that seem more like disturbing hallucinations.",0,2,negative,positive,0.24073055386543274,0.35350561141967773,1.419893741607666
4,ZGW,"As a remake, it's a pale imitation.",0,2,negative,positive,-0.07055308669805527,-0.48703235387802124,0.8569243550300598
4,ZGW,Adults will certainly want to spend their time in the theater thinking up grocery lists and ways to tell their kids how not to act like Pinocchio.,1,2,neutral,positive,0.15448974072933197,0.41534119844436646,1.9902913570404053
4,ZGW,"Not as distinctive or even as humorous as its needs to be to stand out, but it has clearly been made with affection and care.",1,2,neutral,positive,-2.0026185512542725,-0.4297049641609192,2.061964273452759
4,ZGW,A generic family comedy unlikely to be appreciated by anyone outside the under-10 set.,0,2,negative,positive,0.7342661023139954,-0.36863112449645996,1.268438696861267
4,ZGW,"An amalgam of The Fugitive, Blade Runner, and Total Recall, only without much energy or tension.",1,2,neutral,positive,0.25182631611824036,0.32763782143592834,1.561899185180664
4,ZGW,"Everything its title implies, a standard-issue crime drama spat out from the Tinseltown assembly line.",1,2,neutral,positive,0.766781747341156,0.29872602224349976,1.510838508605957
4,ZGW,"This odd, poetic road movie, spiked by jolts of pop music, pretty much takes place in Morton's ever-watchful gaze -- and it's a tribute to the actress, and to her inventive director, that the journey is such a mesmerizing one.",2,2,positive,positive,-0.031492091715335846,0.22203384339809418,1.9427825212478638
4,ZGW,"Co-writer/director Jonathan Parker's attempts to fashion a Brazil-like, hyper-real satire fall dreadfully short.",0,2,negative,positive,0.8356476426124573,0.08869888633489609,1.2405059337615967
4,ZGW,"An amateurish, quasi-improvised acting exercise shot on ugly digital video.",0,2,negative,positive,0.4754501283168793,-0.24927838146686554,1.1651345491409302
4,ZGW,"A gratingly unfunny groaner littered with zero-dimensional, unlikable characters and hackneyed, threadbare comic setups.",0,2,negative,positive,0.6920685172080994,-0.09488271921873093,1.0277440547943115
4,ZGW,"While this gentle and affecting melodrama will have luvvies in raptures, it's far too slight and introspective to appeal to anything wider than a niche audience.",1,2,neutral,positive,0.04632941633462906,0.6868458986282349,2.097273349761963
4,ZGW,Griffin & Co. manage to be spectacularly outrageous.,2,2,positive,positive,0.048410095274448395,-0.36101120710372925,1.6169096231460571
4,ZGW,"A profoundly stupid affair, populating its hackneyed and meanspirited storyline with cardboard characters and performers who value cash above credibility.",0,2,negative,positive,0.24449032545089722,0.5756192803382874,1.9825624227523804
4,ZGW,"Warm Water Under a Red Bridge is a quirky and poignant Japanese film that explores the fascinating connections between women, water, nature, and sexuality.",2,2,positive,positive,0.3550865352153778,0.3343265950679779,1.7408536672592163
4,ZGW,It isn't that Stealing Harvard is a horrible movie -- if only it were that grand a failure!,0,2,negative,positive,0.13953238725662231,-0.09308794885873795,1.1743024587631226
4,ZGW,It just doesn't have much else... especially in a moral sense.,1,2,neutral,positive,-0.020410841330885887,-0.29967281222343445,1.5600817203521729
4,ZGW,Those unfamiliar with Mormon traditions may find The Singles Ward occasionally bewildering.,1,2,neutral,positive,0.5825604200363159,0.08312327414751053,1.4647048711776733
4,ZGW,"Viewed as a comedy, a romance, a fairy tale, or a drama, there's nothing remotely triumphant about this motion picture.",1,2,neutral,positive,0.4041796624660492,0.6176131367683411,1.7112597227096558
4,ZGW,"But the talented cast alone will keep you watching, as will the fight scenes.",2,2,positive,positive,0.44401535391807556,-0.8106301426887512,1.0818026065826416
4,ZGW,It's solid and affecting and exactly as thought-provoking as it should be.,2,2,positive,positive,-0.3264710605144501,-1.2471922636032104,1.1662564277648926
4,ZGW,"Thanks largely to Williams, all the interesting developments are processed in 60 minutes -- the rest is just an overexposed waste of film.",0,2,negative,positive,0.2228633612394333,0.45267218351364136,1.4393761157989502
4,ZGW,"Cantet perfectly captures the hotel lobbies, two-lane highways, and roadside cafes that permeate Vincent's days",2,2,positive,positive,0.5770149827003479,0.03591913357377052,1.49404776096344
4,ZGW,"An important movie, a reminder of the power of film to move us and to make us examine our values.",2,2,positive,positive,-0.557368814945221,0.9923902153968811,0.998554527759552
4,ZGW,"Too much of this well-acted but dangerously slow thriller feels like a preamble to a bigger, more complicated story, one that never materializes.",0,2,negative,positive,0.6805525422096252,0.46497252583503723,1.2175500392913818
4,ZGW,A richly imagined and admirably mature work from a gifted director who definitely has something on his mind.,2,2,positive,positive,0.6312665343284607,-0.31311270594596863,1.2973062992095947
4,ZGW,"The art direction is often exquisite, and the anthropomorphic animal characters are beautifully realized through clever makeup design, leaving one to hope that the eventual DVD release will offer subtitles and the original Italian-language soundtrack.",2,2,positive,positive,0.24110056459903717,0.6698287725448608,1.715126633644104
4,ZGW,But what's nice is that there's a casual intelligence that permeates the script.,2,2,positive,positive,-0.18762439489364624,-0.11474227160215378,1.6340070962905884
4,ZGW,Wedding feels a bit anachronistic.,0,2,negative,positive,-0.26492682099342346,-0.056478749960660934,1.2225483655929565
4,ZGW,"An action/thriller of the finest kind, evoking memories of Day of the Jackal, The French Connection, and Heat.",2,2,positive,positive,0.29537928104400635,0.1619310826063156,1.8304420709609985
4,ZGW,"This picture is murder by numbers, and as easy to be bored by as your ABC's, despite a few whopping shootouts.",0,2,negative,positive,0.4072438180446625,-0.48494452238082886,1.3055152893066406
4,ZGW,"Every individual will see the movie through the prism of his or her own beliefs and prejudices, but the one thing most will take away is the sense that peace is possible.",2,2,positive,positive,0.05561075359582901,0.029889795929193497,1.8642146587371826
4,ZGW,"Feels slight, as if it were an extended short, albeit one made by the smartest kids in class.",1,2,neutral,positive,0.6759795546531677,0.44032108783721924,1.4150372743606567
4,ZGW,The picture doesn't know it's a comedy.,1,2,neutral,positive,0.4529030919075012,-0.6847788691520691,1.3492037057876587
4,ZGW,"Starts out mediocre, spirals downward, and thuds to the bottom of the pool with an utterly incompetent conclusion.",0,2,negative,positive,0.44155991077423096,0.35292500257492065,1.3657327890396118
4,ZGW,The sort of movie that gives tastelessness a bad rap.,0,2,negative,positive,-0.420730322599411,-0.8130019307136536,1.7254375219345093
4,ZGW,"Fans of the TV series will be disappointed, and everyone else will be slightly bored.",1,2,neutral,positive,0.17519623041152954,-0.5945757031440735,1.557651400566101
4,ZGW,"It's a head-turner -- thoughtfully written, beautifully read and, finally, deeply humanizing.",2,2,positive,positive,-0.17555411159992218,-0.5229005217552185,1.4670352935791016
4,ZGW,"It's not a particularly good film, but neither is it a monsterous one.",1,2,neutral,positive,0.2134590595960617,-0.8796029686927795,1.768632411956787
4,ZGW,Men in Black II achieves ultimate insignificance -- it's the sci-fi comedy spectacle as Whiffle-Ball epic.,0,2,negative,positive,0.4938789904117584,0.629305899143219,1.4045196771621704
4,ZGW,Martyr gets royally screwed and comes back for more.,1,2,neutral,positive,0.36753708124160767,-0.48798149824142456,1.2750741243362427
5,ZJM,Presents a good case while failing to provide a reason for us to care beyond the very basic dictums of human decency.,1,2,neutral,positive,0.574516773223877,0.018924929201602936,0.6631104350090027
5,ZJM,"Beautifully crafted, engaging filmmaking that should attract upscale audiences hungry for quality and a nostalgic, twisty yarn that will keep them guessing.",2,2,positive,positive,0.2690536081790924,0.15871484577655792,0.5818659663200378
5,ZJM,"Bread, My Sweet has so many flaws it would be easy for critics to shred it.",0,1,negative,neutral,-0.06816685944795609,0.5111843943595886,0.05532471463084221
5,ZJM,"Slow, silly and unintentionally hilarious.",1,2,neutral,positive,0.3594972491264343,-1.2394338846206665,0.8698004484176636
5,ZJM,"Ultimately feels empty and unsatisfying, like swallowing a Communion wafer without the wine.",0,1,negative,neutral,0.1960073858499527,0.3799360692501068,0.3719649910926819
5,ZJM,Exudes the fizz of a Busby Berkeley musical and the visceral excitement of a sports extravaganza.,2,1,positive,neutral,0.4467313885688782,1.0330920219421387,-0.23771359026432037
5,ZJM,The film rehashes several old themes and is capped with pointless extremes -- it's insanely violent and very graphic.,0,1,negative,neutral,0.7090173363685608,1.187527060508728,-0.44403064250946045
5,ZJM,"Ryan Gosling is, in a word, brilliant as the conflicted Daniel.",2,0,positive,negative,1.253387212753296,1.0699399709701538,-0.5394675135612488
5,ZJM,"If Deuces Wild had been tweaked up a notch it would have become a camp adventure, one of those movies that's so bad it starts to become good.",1,2,neutral,positive,-0.4959396421909332,0.6878254413604736,0.8994868397712708
5,ZJM,The film's stagecrafts are intimate and therefore bolder than the otherwise calculated artifice that defines and overwhelms the film's production design.,1,2,neutral,positive,-0.2734363079071045,0.6226761341094971,0.897260844707489
5,ZJM,"Frida is certainly no disaster, but neither is it the Kahlo movie Frida fans have been looking for.",1,2,neutral,positive,-0.24292625486850739,-0.29302072525024414,0.7849813103675842
5,ZJM,The film often achieves a mesmerizing poetry.,2,2,positive,positive,-0.4128889739513397,-1.5545331239700317,1.0384507179260254
5,ZJM,A work of astonishing delicacy and force.,2,0,positive,negative,0.42502501606941223,-0.9071677923202515,0.36374008655548096
5,ZJM,"The movie's plot is almost entirely witless and inane, carrying every gag two or three times beyond its limit to sustain a laugh.",0,2,negative,positive,-0.3552597463130951,0.8480146527290344,1.14418363571167
5,ZJM,"For the most part, the ingredients are there.",1,2,neutral,positive,0.19299238920211792,-1.4349886178970337,0.9063153862953186
5,ZJM,"But if you've paid a matinee price and bought a big tub of popcorn, there's guilty fun to be had here.",1,0,neutral,negative,0.5558059215545654,0.01845235377550125,0.24490176141262054
5,ZJM,"There's not much to Fatale, outside of its stylish surprises... but that's OK.",1,0,neutral,negative,0.6691432595252991,0.44477471709251404,-0.5405004620552063
5,ZJM,"The acting is stiff, the story lacks all trace of wit, the sets look like they were borrowed from Gilligan's Island -- and the CGI Scooby might well be the worst special-effects creation of the year.",0,2,negative,positive,-0.04656045883893967,1.456943154335022,1.6019034385681152
5,ZJM,"This version moves beyond the original's nostalgia for the communal film experiences of yesteryear to a deeper realization of cinema's inability to stand in for true, lived experience.",1,2,neutral,positive,0.44027310609817505,0.09154102951288223,0.69101881980896
5,ZJM,"There's no palpable chemistry between Lopez and male lead Ralph Fiennes, plus the script by Working Girl scribe Kevin Wade is workmanlike in the extreme.",0,0,negative,negative,0.9922024607658386,-0.06057121604681015,0.4355587065219879
5,ZJM,"A first-class, thoroughly involving B movie that effectively combines two surefire, beloved genres -- the prison flick and the fight film.",2,2,positive,positive,0.3416100740432739,-0.12216322869062424,0.7397705912590027
5,ZJM,The film is so bad it doesn't improve upon the experience of staring at a blank screen.,0,0,negative,negative,1.1118236780166626,0.9483432769775391,-0.02342035248875618
5,ZJM,Weiss and Speck never make a convincing case for the relevance of these two 20th-century footnotes.,1,2,neutral,positive,0.5007823705673218,0.25137782096862793,0.5999995470046997
5,ZJM,Another Best of the Year selection.,2,2,positive,positive,0.32430922985076904,-0.3159990608692169,0.4955902099609375
5,ZJM,It's all a rather shapeless good time...,1,0,neutral,negative,1.1741752624511719,-1.0522657632827759,0.5403254628181458
5,ZJM,"Same song, second verse, coulda been better, but it coulda been worse.",1,0,neutral,negative,1.029363751411438,0.4402851164340973,0.11622683703899384
5,ZJM,I love the robust middle of this picture.,2,2,positive,positive,-0.009197362698614597,-0.2826043665409088,0.4474594295024872
5,ZJM,"That's not vintage Spielberg and that, finally, is minimally satisfying.",1,0,neutral,negative,1.4042986631393433,0.827933669090271,-0.8841794729232788
5,ZJM,The soundtrack alone is worth the price of admission.,2,2,positive,positive,0.27060824632644653,-0.8554675579071045,0.7618230581283569
5,ZJM,Mostly Martha could have used a little trimming -- 10 or 15 minutes could be cut and no one would notice -- but it's a pleasurable trifle.,1,1,neutral,neutral,0.14999888837337494,0.8371203541755676,0.7141220569610596
5,ZJM,"For the rest of us, sitting through Dahmer's two hours amounts to little more than punishment.",0,1,negative,neutral,0.3693676292896271,1.240258812904358,0.32816800475120544
5,ZJM,"Featuring a dangerously seductive performance from the great Daniel Auteuil, ``Sade'' covers the same period as Kaufmann's ``Quills'' with more unsettlingly realistic results.",2,0,positive,negative,0.6291996240615845,-0.06291850656270981,0.52473384141922
5,ZJM,"The movie is for fans who can't stop loving anime, and the fanatical excess built into it.",1,1,neutral,neutral,0.49663984775543213,1.1267369985580444,0.7583661079406738
5,ZJM,"The Ring is worth a look, if you don't demand much more than a few cheap thrills from your Halloween entertainment.",1,2,neutral,positive,0.09715446084737778,0.8134146928787231,0.9878748059272766
5,ZJM,"Beautifully observed, miraculously unsentimental comedy-drama.",2,2,positive,positive,-0.028258584439754486,-1.6874123811721802,1.3720817565917969
5,ZJM,"What makes How I Killed My Father compelling, besides its terrific performances, is Fontaine's willingness to wander into the dark areas of parent-child relationships without flinching.",2,2,positive,positive,-0.07702375203371048,0.4029019773006439,0.9851878881454468
5,ZJM,"This hastily mounted production exists only to capitalize on Hopkins' inclination to play Hannibal Lecter again, even though Harris has no immediate inclination to provide a fourth book.",0,2,negative,positive,0.774279773235321,0.296809583902359,1.1786593198776245
5,ZJM,Bullock's complete lack of focus and ability quickly derails the film.,0,0,negative,negative,0.9349184036254883,0.6591077446937561,-0.1784238964319229
5,ZJM,"... a plotline that's as lumpy as two-day old porridge... the filmmakers' paws, sad to say, were all over this ``un-bear-able'' project!",0,1,negative,neutral,0.3534933924674988,0.8442474603652954,0.39984017610549927
5,ZJM,Crush could be the worst film a man has made about women since Valley of the Dolls.,0,2,negative,positive,-0.03279358893632889,0.8970951437950134,1.4229096174240112
5,ZJM,"Reassuring, retro uplifter.",2,2,positive,positive,-0.10660497099161148,-2.028014898300171,2.054939031600952
5,ZJM,Flaccid drama and exasperatingly slow journey.,0,2,negative,positive,0.44496285915374756,-0.5422257781028748,1.254512071609497
5,ZJM,The Movie will reach far beyond its core demographic.,2,0,positive,negative,0.7800856232643127,-0.12452521175146103,0.3094419240951538
5,ZJM,How did it ever get made?,0,0,negative,negative,0.48029330372810364,-0.5957465171813965,0.4680764377117157
5,ZJM,I like the new footage and still love the old stuff.,2,0,positive,negative,1.1729940176010132,0.08010650426149368,0.12136800587177277
5,ZJM,"It briefly flirts with player masochism, but the point of real interest -- audience sadism -- is evaded completely.",1,2,neutral,positive,0.03566623479127884,0.6198375821113586,0.7947644591331482
5,ZJM,Could The Country Bears really be as bad as its trailers?,0,1,negative,neutral,0.07377638667821884,0.8838805556297302,0.12348766624927521
5,ZJM,"At times, the movie looks genuinely pretty.",2,2,positive,positive,-0.11752263456583023,-0.36254867911338806,0.8563065528869629
5,ZJM,It depends on how well flatulence gags fit into your holiday concept.,1,0,neutral,negative,1.0587654113769531,0.7967690229415894,-0.3198399543762207
5,ZJM,"The stupidest, most insulting movie of 2002's first quarter.",0,1,negative,neutral,0.7835708856582642,1.3430649042129517,0.44833242893218994
5,ZJM,The film seems a dead weight.,0,1,negative,neutral,-0.7294421195983887,3.0011110305786133,1.861531138420105
5,ZJM,"Sparkling, often hilarious romantic jealousy comedy... Attal looks so much like a young Robert DeNiro that it seems the film should instead be called `My Husband Is Travis Bickle'.",2,1,positive,neutral,0.34956783056259155,1.4915293455123901,0.8230319023132324
5,ZJM,"I did go back and check out the last 10 minutes, but these were more repulsive than the first 30 or 40 minutes.",0,1,negative,neutral,0.9932039976119995,1.8531557321548462,0.885997474193573
5,ZJM,"A lousy movie that's not merely unwatchable, but also unlistenable.",0,1,negative,neutral,0.8555458188056946,1.9979002475738525,0.4797285497188568
5,ZJM,One of the best films of the year with its exploration of the obstacles to happiness faced by five contemporary individuals... a psychological masterpiece.,2,1,positive,neutral,0.6467143893241882,1.8830039501190186,0.7300981283187866
5,ZJM,"A strong script, powerful direction and splendid production design allows us to be transported into the life of Wladyslaw Szpilman, who is not only a pianist, but a good human being.",2,1,positive,neutral,0.3684748411178589,2.1854279041290283,0.8700989484786987
5,ZJM,"But here's the real damn: It isn't funny, either.",0,1,negative,neutral,0.714598536491394,2.1482715606689453,1.3002207279205322
5,ZJM,"Qutting may be a flawed film, but it is nothing if not sincere.",1,1,neutral,neutral,0.907023012638092,1.315118432044983,0.1346035897731781
5,ZJM,It's a fanboy `what if?',1,1,neutral,neutral,-0.76922607421875,2.9491310119628906,1.3753342628479004
5,ZJM,... something appears to have been lost in the translation this time.,0,0,negative,negative,1.1076921224594116,1.0269805192947388,0.5248360633850098
5,ZJM,"Like a documentary version of Fight Club, shorn of social insight, intellectual pretension and cinematic interest.",1,1,neutral,neutral,0.7209030389785767,1.4331365823745728,0.4907192885875702
5,ZJM,"Stephen Rea, Aidan Quinn, and Alan Bates play Desmond's legal eagles, and when joined by Brosnan, the sight of this grandiloquent quartet lolling in pretty Irish settings is a pleasant enough thing, `tis.",2,1,positive,neutral,0.31404513120651245,1.961303472518921,0.6601887345314026
5,ZJM,"It's a powerful though flawed movie, guaranteed to put a lump in your throat while reaffirming Washington as possibly the best actor working in movies today.",2,1,positive,neutral,0.2714385688304901,1.2518619298934937,0.6004864573478699
5,ZJM,An intriguing and entertaining introduction to Johnson.,2,1,positive,neutral,-0.5655301809310913,2.7917561531066895,1.3209953308105469
5,ZJM,Everything was as superficial as the forced New Jersey lowbrow accent Uma had.,0,0,negative,negative,1.3381664752960205,1.0086722373962402,-0.12303821742534637
5,ZJM,"Despite the holes in the story and the somewhat predictable plot, moments of the movie caused me to jump in my chair...",1,1,neutral,neutral,0.8100699186325073,1.8470450639724731,0.5998178124427795
5,ZJM,`How many more voyages can this limping but dearly-loved franchise survive?',1,1,neutral,neutral,0.6159455180168152,1.5407639741897583,0.5774890184402466
5,ZJM,If only the story about a multi-million dollar con bothered to include the con.,1,1,neutral,neutral,1.0428392887115479,1.1744123697280884,0.10486596822738647
5,ZJM,"It is supremely unfunny and unentertaining to watch middle-age and older men drink to excess, piss on trees, b.s. one another and put on a show in drag.",0,1,negative,neutral,0.1405947059392929,1.6990021467208862,0.7574175596237183
5,ZJM,"Only a few minutes elapse before the daddy of all slashers arrives, still with the boiler suit and white mask, which look remarkably clean for a guy who has been mass-murdering since 1978 but has never been seen doing laundry.",1,1,neutral,neutral,0.16970519721508026,1.9737218618392944,0.6842581033706665
5,ZJM,"Showtime is one of the hapless victims of the arrogant ``if we put together a wry white man and a chatty black man and give them guns, the movie will be funny'' syndrome.",0,1,negative,neutral,0.28918346762657166,2.159229278564453,0.809310793876648
5,ZJM,"Whatever heartwarming scene the impressively discreet filmmakers may have expected to record with their mini DV, they show a remarkable ability to document both sides of this emotional car-wreck.",2,1,positive,neutral,0.08281301707029343,1.9846742153167725,0.6904395222663879
5,ZJM,"A zombie movie in every sense of the word -- mindless, lifeless, meandering, loud, painful, obnoxious.",0,1,negative,neutral,0.8490735292434692,1.5601706504821777,0.4004104733467102
5,ZJM,"It has fun with the quirks of family life, but it also treats the subject with fondness and respect.",2,1,positive,neutral,0.5704501867294312,1.5337389707565308,0.3336851894855499
5,ZJM,"Novak manages to capture a cruelly hilarious vein of black comedy in the situation with his cast of non-actors and a gritty, no-budget approach.",2,1,positive,neutral,0.6273511052131653,1.803070068359375,0.5924962162971497
5,ZJM,"Since Lee is a sentimentalist, the film is more worshipful than your random E!",1,1,neutral,neutral,0.9029321670532227,1.845328688621521,0.48248258233070374
5,ZJM,"The movie is almost completely lacking in suspense, surprise and consistent emotional conviction.",0,1,negative,neutral,0.8220177888870239,2.325652837753296,0.41520676016807556
5,ZJM,"High Crimes knows the mistakes that bad movies make and is determined not to make them, and maybe that is nobility of a sort.",1,1,neutral,neutral,0.37620311975479126,1.9242132902145386,0.8851158618927002
5,ZJM,But it's too long and too convoluted and it ends in a muddle.,0,1,negative,neutral,0.3589460849761963,1.6759101152420044,0.23952864110469818
5,ZJM,This thing works on no level whatsoever for me.,0,1,negative,neutral,1.150873064994812,1.4854295253753662,0.41962704062461853
5,ZJM,... a bland murder-on-campus yawner.,0,1,negative,neutral,-0.4638102650642395,2.133145809173584,1.369152545928955
5,ZJM,"One of the finest, most humane and important Holocaust movies ever made.",2,1,positive,neutral,0.6342440843582153,1.101028323173523,0.555289089679718
5,ZJM,"Suffers from rambling, repetitive dialogue and the visual drabness endemic to digital video.",0,1,negative,neutral,0.7535187602043152,1.212878942489624,0.3093389868736267
5,ZJM,"The twist that ends the movie is the one with the most emotional resonance, but twists are getting irritating, and this is the kind of material where the filmmakers should be very careful about raising eyebrows.",1,1,neutral,neutral,-0.10450337082147598,2.2355403900146484,0.9091841578483582
5,ZJM,"Angel presents events partly from the perspective of Aurelie and Christelle, and infuses the film with the sensibility of a particularly nightmarish fairytale.",1,1,neutral,neutral,0.37267380952835083,1.4717565774917603,0.4848858416080475
5,ZJM,Features one of the most affecting depictions of a love affair ever committed to film.,2,1,positive,neutral,0.8527909517288208,1.9272781610488892,0.172157883644104
5,ZJM,It is intensely personal and yet -- unlike Quills -- deftly shows us the temper of the times.,2,1,positive,neutral,0.6696009635925293,1.5351449251174927,0.19379033148288727
5,ZJM,"Even as I valiantly struggled to remain interested, or at least conscious, I could feel my eyelids... getting... very... heavy...",0,1,negative,neutral,0.9265624284744263,2.0553970336914062,-0.008712608367204666
5,ZJM,"... a solid, well-formed satire.",2,2,positive,positive,-0.8563029766082764,1.425289273262024,1.9934158325195312
5,ZJM,Deserves high marks for political courage but barely gets by on its artistic merits.,1,1,neutral,neutral,0.47888892889022827,1.03595769405365,0.3198159635066986
5,ZJM,Read My Lips is to be viewed and treasured for its extraordinary intelligence and originality as well as its lyrical variations on the game of love.,2,1,positive,neutral,-0.4382665753364563,2.4374804496765137,1.1718419790267944
5,ZJM,"... creates a visceral sense of its characters' lives and conflicted emotions that carries it far above... what could have been a melodramatic, Lifetime Channel-style anthology.",1,1,neutral,neutral,0.1682329922914505,1.9162811040878296,0.7765361666679382
5,ZJM,Reeks of rot and hack work from start to finish.,1,1,neutral,neutral,0.5175715088844299,2.634967803955078,0.4724922180175781
5,ZJM,Just how these families interact may surprise you.,1,1,neutral,neutral,0.165920689702034,2.5298140048980713,1.0751841068267822
5,ZJM,"The Movie is what happens when you blow up small potatoes to 10 times their natural size, and it ain't pretty.",0,1,negative,neutral,0.4045458436012268,1.3042497634887695,0.5999473929405212
5,ZJM,"Even a hardened voyeur would require the patience of Job to get through this interminable, shapeless documentary about the swinging subculture.",0,1,negative,neutral,0.2100156843662262,1.477303147315979,0.25411731004714966
5,ZJM,"Creepy, authentic and dark.",1,2,neutral,positive,-2.339946985244751,2.6120927333831787,3.2893266677856445
5,ZJM,A lame romantic comedy about an unsympathetic character and someone who would not likely be so stupid as to get involved with her.,0,1,negative,neutral,-0.22900591790676117,1.4856659173965454,0.7703668475151062
5,ZJM,"Rob Schneider's infantile cross-dressing routines fill The Hot Chick, the latest gimmick from this unimaginative comedian.",0,0,negative,negative,0.6966279149055481,0.42594197392463684,-1.0863374471664429
5,ZJM,"The film is a contrivance, as artificial as the video games Japanese teens play in a nightclub sequence, but it's an enjoyable one.",1,0,neutral,negative,1.4936938285827637,-1.048439383506775,-0.7088916897773743
5,ZJM,"At its worst the screenplay is callow, but at its best it is a young artist's thoughtful consideration of fatherhood.",1,0,neutral,negative,0.7489554286003113,-0.4602118134498596,-0.7947637438774109
5,ZJM,At 78 minutes it just zings along with vibrance and warmth.,2,0,positive,negative,1.2138911485671997,0.39810630679130554,-1.5439083576202393
5,ZJM,"Only an epic documentary could get it all down, and Spike Lee's Jim Brown: All American at long last gives its subject a movie worthy of his talents.",2,0,positive,negative,1.1485400199890137,-0.9030488133430481,-0.7812461256980896
5,ZJM,"As quiet, patient and tenacious as Mr. Lopez himself, who approaches his difficult, endless work with remarkable serenity and discipline.",2,0,positive,negative,0.5160850882530212,0.4142860472202301,-0.6190633177757263
5,ZJM,"Instead of hiding Pinocchio from critics, Miramax should have hidden it from everyone.",0,1,negative,neutral,0.4925210475921631,1.2698043584823608,-1.2597510814666748
5,ZJM,What a great shame that such a talented director as Chen Kaige has chosen to make his English-language debut with a film so poorly plotted and scripted.,0,1,negative,neutral,0.5171689987182617,0.5740807056427002,-0.7664048075675964
5,ZJM,Jeffs has created a breathtakingly assured and stylish work of spare dialogue and acute expressiveness.,2,1,positive,neutral,0.794374406337738,0.8385081887245178,-1.4339137077331543
5,ZJM,"Just about the best straight-up, old-school horror film of the last 15 years.",2,0,positive,negative,0.9450855851173401,0.8447192907333374,-1.2537856101989746
5,ZJM,"Gosling creates a staggeringly compelling character, a young man whose sharp intellect is at the very root of his contradictory, self-hating, self-destructive ways.",2,1,positive,neutral,0.5620633363723755,0.592167317867279,-0.6627458930015564
5,ZJM,"I thought the relationships were wonderful, the comedy was funny, and the love `real'.",2,1,positive,neutral,0.33303624391555786,1.014046311378479,-0.8784984350204468
5,ZJM,Better at putting you to sleep than a sound machine.,0,0,negative,negative,1.7207974195480347,-0.07818891853094101,-1.9379148483276367
5,ZJM,Feels less like a cousin to Blade Runner than like a bottom-feeder sequel in the Escape From New York series.,0,0,negative,negative,0.8523473739624023,0.43749532103538513,-0.6598389148712158
5,ZJM,"Elegantly produced and expressively performed, the six musical numbers crystallize key plot moments into minutely detailed wonders of dreamlike ecstasy.",2,0,positive,negative,0.7687065601348877,0.07728562504053116,-1.0026872158050537
5,ZJM,"Ultimate X is a ride, basically the kind of greatest-hits reel that might come with a subscription to ESPN the Magazine.",1,0,neutral,negative,1.2198628187179565,-0.17287863790988922,-1.1022915840148926
5,ZJM,"Celebrated at Sundance, this slight comedy of manners has winning performances and a glossy, glib charm that's hard to beat.",2,0,positive,negative,0.6979070901870728,0.43529027700424194,-0.8890491127967834
5,ZJM,"Apparently, romantic comedy with a fresh point of view just doesn't figure in the present Hollywood program.",0,1,negative,neutral,0.4018304646015167,0.5693037509918213,-1.4103916883468628
5,ZJM,That Haynes can both maintain and dismantle the facades that his genre and his character construct is a wonderous accomplishment of veracity and narrative grace.,2,0,positive,negative,1.3340599536895752,-0.13853491842746735,-1.0670435428619385
5,ZJM,"Some elements of it really blow the big one, but other parts are decent.",1,0,neutral,negative,1.4535259008407593,-0.2246984988451004,-1.4579285383224487
5,ZJM,"No French people were harmed during the making of this movie, but they were insulted and the audience was put through torture for an hour and a half.",0,0,negative,negative,0.9025047421455383,0.48905351758003235,-0.7628949284553528
5,ZJM,"I was feeling this movie until it veered off too far into the Exxon zone, and left me behind at the station looking for a return ticket to realism.",0,0,negative,negative,0.8275719881057739,0.7335898280143738,-0.5519772171974182
5,ZJM,The simplicity of The Way Home has few equals this side of Aesop.,1,0,neutral,negative,1.5595207214355469,0.6986894011497498,-1.5287578105926514
5,ZJM,Exceptionally well acted by Diane Lane and Richard Gere.,2,0,positive,negative,1.3690533638000488,0.07054219394922256,-1.4699549674987793
5,ZJM,"Dong shows how intolerance has the power to deform families, then tear them apart.",1,1,neutral,neutral,0.7400076985359192,0.8705220818519592,-0.9516987800598145
5,ZJM,"A stupid, derivative horror film that substitutes extreme gore for suspense.",0,0,negative,negative,0.9358434677124023,0.8129296898841858,-1.3603880405426025
5,ZJM,It's a great American adventure and a wonderful film to bring to IMAX.,2,1,positive,neutral,1.017646074295044,1.24783194065094,-1.054909348487854
5,ZJM,It's 51 times better than this.,1,0,neutral,negative,1.2559555768966675,0.17205742001533508,-0.8921657800674438
5,ZJM,"It's like an old Warner Bros. costumer jived with sex -- this could be the movie Errol Flynn always wanted to make, though Bette Davis, cast as Joan, would have killed him.",1,0,neutral,negative,1.0829739570617676,0.32666411995887756,-0.40952935814857483
5,ZJM,"A miraculous movie, I'm Going Home is so slight, yet overflows with wisdom and emotion.",2,1,positive,neutral,0.782387375831604,0.951953649520874,-0.9525434374809265
5,ZJM,"A fiercely clever and subtle film, capturing the precarious balance between the extravagant confidence of the exiled aristocracy and the cruel earnestness of the victorious revolutionaries.",2,0,positive,negative,0.6785783767700195,0.3488459289073944,-0.025577206164598465
5,ZJM,"It's as if you're watching a movie that was made in 1978 but not released then because it was so weak, and it has been unearthed and released now, when it has become even weaker.",0,1,negative,neutral,0.47004103660583496,0.977249026298523,-0.2115076333284378
5,ZJM,Anemic chronicle of money grubbing New Yorkers and their serial loveless hook ups.,1,0,neutral,negative,1.3122941255569458,0.5439026951789856,-1.2369601726531982
5,ZJM,"Thanks to a small star with big heart, this family film sequel is plenty of fun for all.",2,0,positive,negative,1.2387806177139282,0.7612205743789673,-1.3012396097183228
5,ZJM,And I've decided to leave a light on every night from now on.,1,0,neutral,negative,0.8827993869781494,0.7186905741691589,-0.9934544563293457
5,ZJM,Festers in just such a dungpile that you'd swear you were watching monkeys flinging their feces at you.,0,0,negative,negative,1.1841871738433838,0.6839153170585632,-1.2951810359954834
5,ZJM,under-rehearsed and lifeless,0,0,negative,negative,1.443374514579773,-1.9354718923568726,-0.6262478232383728
5,ZJM,Exactly what you'd expect from a guy named Kaos.,1,0,neutral,negative,1.7181845903396606,0.014430798590183258,-1.0696358680725098
5,ZJM,"If legendary shlockmeister Ed Wood had ever made a movie about a vampire, it probably would look a lot like this alarming production, adapted from Anne Rice's novel The Vampire Chronicles.",1,1,neutral,neutral,0.6126759052276611,0.7758840918540955,-0.29186201095581055
5,ZJM,"For those for whom the name Woody Allen was once a guarantee of something fresh, sometimes funny, and usually genuinely worthwhile, Hollywood Ending is a depressing experience.",0,0,negative,negative,0.7685683965682983,0.7068871855735779,-0.5339809060096741
5,ZJM,Bella is the picture of health with boundless energy until a few days before she dies.,1,1,neutral,neutral,0.8822113275527954,1.3285397291183472,-1.150134801864624
5,ZJM,"The fun of the movie is the chance it affords to watch Jackson, who also served as executive producer, take his smooth, shrewd, powerful act abroad.",2,0,positive,negative,1.1894655227661133,-0.04925229400396347,-0.7227352857589722
5,ZJM,What should have been a cutting Hollywood satire is instead about as fresh as last week's issue of Variety.,0,0,negative,negative,1.4011650085449219,0.9506268501281738,-1.492336392402649
5,ZJM,"Cox offers plenty of glimpses at existing photos, but there are no movies of Nijinsky, so instead the director treats us to an aimless hodgepodge.",0,0,negative,negative,1.085555076599121,0.5823426842689514,-0.6578195691108704
5,ZJM,Aaliyah rarely dampens her diva persona enough to spark genuine chemistry with Townsend.,1,0,neutral,negative,1.3594940900802612,1.007053256034851,-1.2106592655181885
5,ZJM,Mr. Soderbergh's direction and visual style struck me as unusually and unimpressively fussy and pretentious.,0,0,negative,negative,1.6071984767913818,0.6263801455497742,-1.0327188968658447
5,ZJM,Mazel tov to a film about a family's joyous life acting on the Yiddish stage.,2,1,positive,neutral,0.7834833860397339,1.3640481233596802,-0.8473901152610779
5,ZJM,... would be a total loss if not for two supporting performances taking place at the movie's edges.,1,1,neutral,neutral,1.1585055589675903,1.2746119499206543,-1.1297101974487305
5,ZJM,An inspiring and heart-affecting film about the desperate attempts of Vietnamese refugees living in U.S. relocation camps to keep their hopes alive in 1975.,2,1,positive,neutral,0.6066060066223145,1.5305142402648926,0.510103166103363
5,ZJM,"Loud, chaotic and largely unfunny.",0,0,negative,negative,0.8356164693832397,0.0014790671411901712,-0.2599746286869049
5,ZJM,The immersive powers of the giant screen and its hyper-realistic images are put to perfect use in the breathtakingly beautiful outer-space documentary Space Station 3D.,2,1,positive,neutral,1.6680290699005127,1.8110994100570679,-0.2463821917772293
5,ZJM,It's everything you don't go to the movies for.,0,1,negative,neutral,1.7754429578781128,2.3027658462524414,0.059148382395505905
5,ZJM,"Harris is supposed to be the star of the story, but comes across as pretty dull and wooden.",1,0,neutral,negative,2.4798147678375244,1.959509015083313,-0.457174688577652
5,ZJM,Allen's funniest and most likeable movie in years.,2,1,positive,neutral,1.2926304340362549,2.2347769737243652,0.1657421737909317
5,ZJM,"For those who pride themselves on sophisticated, discerning taste, this might not seem like the proper cup of tea, however it is almost guaranteed that even the stuffiest cinema goers will laugh their 1*** off for an hour-and-a-half.",2,1,positive,neutral,0.738103985786438,2.3062286376953125,0.652929425239563
5,ZJM,"There is a refreshing absence of cynicism in Stuart Little 2 -- quite a rarity, even in the family film market.",2,1,positive,neutral,1.6054141521453857,1.97174072265625,0.26776576042175293
5,ZJM,There are plot holes big enough for Shamu the killer whale to swim through.,0,0,negative,negative,2.233945608139038,1.7055842876434326,-0.20188017189502716
5,ZJM,... always remains movingly genuine.,2,1,positive,neutral,0.04484447091817856,3.205472469329834,0.6768828630447388
5,ZJM,"Stitch is a bad mannered, ugly and destructive little ****.",0,0,negative,negative,2.4579145908355713,1.6892244815826416,-0.46369707584381104
5,ZJM,The cast is top-notch and I predict there will be plenty of female audience members drooling over Michael Idemoto as Michael.,2,1,positive,neutral,1.6621731519699097,1.7379337549209595,0.34619301557540894
5,ZJM,Kirshner and Monroe seem to be in a contest to see who can out-bad-act the other.,0,0,negative,negative,2.334311008453369,1.7685294151306152,-0.7189164757728577
5,ZJM,This is one of those war movies that focuses on human interaction rather than battle and action sequences... and it's all the stronger because of it.,2,1,positive,neutral,2.262521743774414,2.422545909881592,-0.06893642246723175
5,ZJM,"Like life on the island, the movie grows boring despite the scenery.",0,1,negative,neutral,2.3085176944732666,2.701219081878662,-0.550506591796875
5,ZJM,It's anchored by splendid performances from an honored screen veteran and a sparkling newcomer who instantly transform themselves into a believable mother/daughter pair.,2,1,positive,neutral,1.4961539506912231,1.8943568468093872,0.09853114187717438
5,ZJM,An atonal estrogen opera that demonizes feminism while gifting the most sympathetic male of the piece with a nice vomit bath at his wedding.,0,1,negative,neutral,1.3389127254486084,2.2489302158355713,-0.09539331495761871
5,ZJM,"Even by the intentionally low standards of frat-boy humor, Sorority Boys is a bowser.",0,0,negative,negative,2.4922585487365723,2.1542747020721436,-0.4544225037097931
5,ZJM,"Director of photography Benoit Delhomme shot the movie in delicious colors, and the costumes and sets are grand.",2,0,positive,negative,2.5589022636413574,2.4733798503875732,-0.46449288725852966
5,ZJM,The only entertainment you'll derive from this choppy and sloppy affair will be from unintentional giggles -- several of them.,0,1,negative,neutral,2.2747550010681152,2.777177572250366,-0.1277260035276413
5,ZJM,The film serves as a valuable time capsule to remind us of the devastating horror suffered by an entire people.,1,1,neutral,neutral,2.133673667907715,2.2771995067596436,-0.15279804170131683
5,ZJM,"A bittersweet contemporary comedy about benevolent deception, which, while it may not rival the filmmaker's period pieces, is still very much worth seeing.",2,1,positive,neutral,1.1130971908569336,2.312009334564209,0.4377806484699249
5,ZJM,Attal pushes too hard to make this a comedy or serious drama.,0,0,negative,negative,2.7203235626220703,2.3978512287139893,-0.33109769225120544
5,ZJM,Isabelle Huppert excels as the enigmatic Mika and Anna Mouglalis is a stunning new young talent in one of Chabrol's most intense psychological mysteries.,2,1,positive,neutral,1.724906086921692,1.9995390176773071,0.061170559376478195
5,ZJM,A small movie with a big impact.,2,1,positive,neutral,2.0606210231781006,2.6237666606903076,0.0037484581116586924
5,ZJM,This bold and lyrical first feature from Raja Amari expands the pat notion that middle-aged women just wanna have fun into a rousing treatise of sensual empowerment.,2,1,positive,neutral,1.3708668947219849,2.5410096645355225,0.34700828790664673
5,ZJM,Photographed with melancholy richness and eloquently performed yet also decidedly uncinematic.,1,0,neutral,negative,2.5429317951202393,2.301438808441162,-0.4435476064682007
5,ZJM,"Hey Arnold! is now stretched to barely feature length, with a little more attention paid to the animation.",1,0,neutral,negative,2.2277519702911377,1.9887163639068604,-0.10188113152980804
5,ZJM,"After that, it just gets stupid and maudlin.",0,1,negative,neutral,1.3729944229125977,2.829597234725952,0.22925029695034027
5,ZJM,"The stunning, dreamlike visuals will impress even those viewers who have little patience for Euro-film pretension.",2,1,positive,neutral,2.03841233253479,2.3854525089263916,-0.18181155622005463
5,ZJM,"Plods along, minus the twisted humor and eye-popping visuals that have made Miike... a cult hero.",1,0,neutral,negative,2.662599563598633,2.3156681060791016,-0.03613974526524544
5,ZJM,"Impresses as a skillfully assembled, highly polished and professional adaptation... just about as chilling and unsettling as `Manhunter' was.",2,1,positive,neutral,2.1563572883605957,2.450314998626709,0.2155998796224594
5,ZJM,"For the most part, it's a work of incendiary genius, steering clear of knee-jerk reactions and quick solutions.",2,0,positive,negative,2.4510622024536133,2.2934935092926025,0.1271861344575882
5,ZJM,"It's badly acted, blandly directed, and could have been scripted by someone who just graduated from elementary school.",0,1,negative,neutral,2.236215829849243,2.252575397491455,-0.20265339314937592
5,ZJM,"The sort of picture in which, whenever one of the characters has some serious soul searching to do, they go to a picture-perfect beach during sunset.",1,1,neutral,neutral,1.7255035638809204,2.6462788581848145,0.11511342227458954
5,ZJM,"Despite its raucous intent, XXX is as conventional as a Nike ad and as rebellious as spring break.",1,1,neutral,neutral,1.6375489234924316,2.303818702697754,0.11613179743289948
5,ZJM,... a roller-coaster ride of a movie,2,1,positive,neutral,-0.35789918899536133,3.026585817337036,0.7080056071281433
5,ZJM,"A colorful, vibrant introduction to a universal human impulse, lushly photographed and beautifully recorded.",2,0,positive,negative,1.9171972274780273,1.7080961465835571,-0.014869142323732376
5,ZJM,Audiard successfully maintains suspense on different levels throughout a film that is both gripping and compelling.,2,1,positive,neutral,1.4998955726623535,1.832026720046997,0.14662329852581024
5,ZJM,After that it becomes long and tedious like a classroom play in a college history course.,0,1,negative,neutral,1.6038035154342651,1.7829304933547974,0.043098222464323044
5,ZJM,"This is cool, slick stuff, ready to quench the thirst of an audience that misses the summer blockbusters.",2,0,positive,negative,2.571516752243042,2.3441720008850098,0.10694344341754913
5,ZJM,"Blade II has a brilliant director and charismatic star, but it suffers from rampant vampire devaluation.",1,1,neutral,neutral,1.7613754272460938,2.618422269821167,-0.12838329374790192
5,ZJM,"A loud, ugly, irritating movie without any of its satirical salvos hitting a discernible target.",0,0,negative,negative,2.0904669761657715,1.9854878187179565,-0.22788357734680176
5,ZJM,"For VeggieTales fans, this is more appetizing than a side dish of asparagus.",2,1,positive,neutral,1.818967342376709,2.038180112838745,0.04756687209010124
5,ZJM,"While it regards 1967 as the key turning point of the 20th century, and returns again and again to images of dissidents in the streets, it's alarmingly current.",1,1,neutral,neutral,1.0492640733718872,2.747157335281372,0.33808469772338867
5,ZJM,A truly wonderful tale combined with stunning animation.,2,1,positive,neutral,0.22014330327510834,3.621115207672119,0.3697873651981354
5,ZJM,"Nothing sticks, really, except a lingering creepiness one feels from being dragged through a sad, sordid universe of guns, drugs, avarice and damaged dreams.",0,1,negative,neutral,0.7783281803131104,2.8095896244049072,0.3770392835140228
5,ZJM,``Simone'' is a fun and funky look into an artificial creation in a world that thrives on artificiality.,2,1,positive,neutral,1.1925029754638672,2.8604676723480225,0.2239498347043991
5,ZJM,"It's a hoot watching The Rock chomp on jumbo ants, pull an arrow out of his back, and leap unscathed through raging fire!",2,1,positive,neutral,1.3649022579193115,2.3705122470855713,0.41272443532943726
5,ZJM,"While Tattoo borrows heavily from both Seven and The Silence of the Lambs, it manages to maintain both a level of sophisticated intrigue and human-scale characters that suck the audience in.",2,1,positive,neutral,0.8786606788635254,2.9850332736968994,0.1110668033361435
5,ZJM,A portrait of an artist.,1,1,neutral,neutral,0.21687625348567963,3.8209545612335205,-0.42499110102653503
5,ZJM,"As written by Michael Berg and Michael J. Wilson from a story by Wilson, this relentless, all-wise-guys-all-the-time approach tries way too hard and gets tiring in no time at all.",0,1,negative,neutral,0.639433741569519,0.992139995098114,-0.5522491335868835
5,ZJM,"It's the best film of the year so far, the benchmark against which all other Best Picture contenders should be measured.",2,1,positive,neutral,0.7144389748573303,1.22268807888031,-0.7664661407470703
5,ZJM,This is one of the biggest disappointments of the year.,0,1,negative,neutral,-0.24275533854961395,0.6883344054222107,-0.17970439791679382
5,ZJM,It never fails to engage us.,2,0,positive,negative,0.8004182577133179,-0.1922111064195633,-1.2555065155029297
5,ZJM,"Denis forges out of the theories of class - based rage and sisterly obsession a razor-sided tuning fork that rings with cultural, sexual and social discord.",1,1,neutral,neutral,0.5733641386032104,0.8685103058815002,-0.462772935628891
5,ZJM,The movie slides downhill as soon as macho action conventions assert themselves.,0,0,negative,negative,0.8189041018486023,0.634499728679657,-0.8627339601516724
5,ZJM,"More romantic, more emotional and ultimately more satisfying than the teary-eyed original.",2,1,positive,neutral,0.6042523980140686,1.5577596426010132,-0.906291663646698
5,ZJM,"Like the best of Godard's movies... it is visually ravishing, penetrating, impenetrable.",2,0,positive,negative,0.8736010789871216,0.6598706245422363,-0.7518182396888733
5,ZJM,The cumulative effect of the movie is repulsive and depressing.,0,1,negative,neutral,0.33960777521133423,0.5207461714744568,-0.9382640719413757
5,ZJM,"Feels like nothing quite so much as a middle-aged moviemaker's attempt to surround himself with beautiful, half-naked women.",1,1,neutral,neutral,0.3749610185623169,1.1197913885116577,-0.5850872993469238
5,ZJM,"A very long movie, dull in stretches, with entirely too much focus on meal preparation and igloo construction.",0,1,negative,neutral,0.5342985987663269,1.1131151914596558,-1.1060547828674316
5,ZJM,"In XXX, Diesel is that rare creature -- an action hero with table manners, and one who proves that elegance is more than tattoo deep.",2,0,positive,negative,0.6553671956062317,0.5455504059791565,-1.0949679613113403
5,ZJM,I'm not sure which will take longer to heal: the welt on Johnny Knoxville's stomach from a riot-control projectile or my own tortured psyche.,0,1,negative,neutral,0.48331329226493835,1.2800546884536743,-1.0807061195373535
5,ZJM,"While Serving Sara does have a long way to go before it reaches the level of crudity in the latest Austin Powers extravaganza, there's nothing here to match that movie's intermittent moments of inspiration.",1,0,neutral,negative,1.1307942867279053,0.8343311548233032,-0.7244085669517517
5,ZJM,"It's difficult to conceive of anyone who has reached puberty actually finding the characters in Slackers or their antics amusing, let alone funny.",0,1,negative,neutral,-0.1565806269645691,0.8787159323692322,-0.5475612878799438
5,ZJM,"It never is, not fully.",1,1,neutral,neutral,-0.017492122948169708,1.11465585231781,-0.9205049872398376
5,ZJM,"Not only is Undercover Brother as funny, if not more so, than both Austin Powers films, but it's also one of the smarter, savvier spoofs to come along in some time.",2,0,positive,negative,1.1487480401992798,0.41968509554862976,-0.7304444313049316
5,ZJM,It should be mentioned that the set design and interiors of the haunted vessel are more than effectively creepy and moodily lit.,2,0,positive,negative,0.936298131942749,0.6687800288200378,-1.061853051185608
5,ZJM,"With the exception of some fleetingly amusing improvisations by Cedric the Entertainer as Perry's boss, there isn't a redeeming moment here.",0,0,negative,negative,1.7530746459960938,0.6784431338310242,-1.118292212486267
5,ZJM,It's a funny little movie with clever dialogue and likeable characters.,2,0,positive,negative,1.6200320720672607,0.8972874283790588,-2.1822962760925293
5,ZJM,"``13 Conversations'' holds its goodwill close, but is relatively slow to come to the point.",1,1,neutral,neutral,0.6276662945747375,1.1768896579742432,-0.4269391894340515
5,ZJM,"Not the kind of film that will appeal to a mainstream American audience, but there is a certain charm about the film that makes it a suitable entry into the fest circuit.",2,1,positive,neutral,-0.1306239813566208,1.6436876058578491,-0.22262641787528992
5,ZJM,"You come away wishing, though, that the movie spent a lot less time trying to make a credible case for reports from the afterlife and a lot more time on the romantic urgency that's at the center of the story.",1,1,neutral,neutral,0.07148583978414536,1.4523730278015137,-0.7084397077560425
5,ZJM,The movie is virtually without context -- journalistic or historical.,0,1,negative,neutral,-0.271786093711853,1.6001081466674805,-1.4138524532318115
5,ZJM,"After sitting through this sloppy, made-for-movie comedy special, it makes me wonder if Lawrence hates criticism so much that he refuses to evaluate his own work.",0,0,negative,negative,0.9868133664131165,-0.19785435497760773,-0.9948089718818665
5,ZJM,Genuinely touching because it's realistic about all kinds of love.,2,0,positive,negative,1.4999040365219116,1.042022943496704,-1.8500264883041382
5,ZJM,"For all the complications, it's all surprisingly predictable.",1,0,neutral,negative,0.8785718679428101,0.877859890460968,-1.0221425294876099
5,ZJM,"Armed with a game supporting cast, from the pitch-perfect Forster to the always hilarious Meara and Levy, Like Mike shoots and scores, doing its namesake proud.",2,1,positive,neutral,0.20960062742233276,1.2713981866836548,0.1979798525571823
5,ZJM,It will guarantee to have you leaving the theater with a smile on your face.,2,1,positive,neutral,0.9986308813095093,1.265196442604065,-1.0320097208023071
5,ZJM,"The misery of these people becomes just another voyeuristic spectacle, to be consumed and forgotten.",0,1,negative,neutral,0.9168622493743896,0.9411453008651733,-0.6961435079574585
5,ZJM,"A thoroughly awful movie -- dumb, narratively chaotic, visually sloppy... a weird amalgam of `The Thing' and a geriatric `Scream.'",0,1,negative,neutral,0.743496298789978,1.4094195365905762,-1.5210222005844116
5,ZJM,"One of those staggeringly well-produced, joylessly extravagant pictures that keep whooshing you from one visual marvel to the next, hastily, emptily.",1,1,neutral,neutral,1.029968500137329,1.3052257299423218,-1.2997982501983643
5,ZJM,"Measured against practically any like-themed film other than its Oscar-sweeping franchise predecessor The Silence of the Lambs, Red Dragon rates as an exceptional thriller.",2,0,positive,negative,1.1054346561431885,0.3259471654891968,-0.962439239025116
5,ZJM,"The movie has no respect for laws, political correctness or common decency, but it displays something more important: respect for its flawed, crazy people.",1,0,neutral,negative,1.0414992570877075,0.7526841759681702,-0.9392181038856506
5,ZJM,"In a strange way, Egoyan has done too much.",1,1,neutral,neutral,0.6504678726196289,1.3965026140213013,-1.8370954990386963
5,ZJM,"After seeing the film, I can tell you that there's no other reason why anyone should bother remembering it.",0,1,negative,neutral,-0.05871718376874924,1.7063807249069214,-0.4010264575481415
5,ZJM,The film is darkly funny in its observation of just how much more grueling and time-consuming the illusion of work is than actual work.,2,1,positive,neutral,0.569442093372345,1.6451730728149414,-1.348620057106018
5,ZJM,"In some ways, Lagaan is quintessential Bollywood.",1,1,neutral,neutral,-1.2191362380981445,2.3807551860809326,-0.8999606370925903
5,ZJM,"Pacino and Williams seem to keep upping the ante on each other, just as their characters do in the film.",2,1,positive,neutral,0.7613356113433838,1.8754833936691284,-1.28596830368042
5,ZJM,"It would be disingenuous to call Reno a great film, but you can say that about most of the flicks moving in and out of the multiplex.",1,1,neutral,neutral,0.9503722786903381,1.0883004665374756,-1.2517344951629639
5,ZJM,"Some movies can get by without being funny simply by structuring the scenes as if they were jokes: a setup, delivery and payoff.",1,1,neutral,neutral,0.7958409786224365,1.3457328081130981,-1.5578312873840332
5,ZJM,Narc can only remind us of brilliant crime dramas without becoming one itself.,1,1,neutral,neutral,0.17643876373767853,1.93328058719635,-1.1820435523986816
5,ZJM,Narc is a no-bull throwback to 1970s action films.,2,0,positive,negative,1.9613052606582642,1.082470417022705,-1.8600678443908691
5,ZJM,Intriguing and downright intoxicating.,2,1,positive,neutral,-0.6520602703094482,2.375694751739502,-1.3006219863891602
5,ZJM,"The wonderful combination of the sweetness and the extraordinary technical accomplishments of the first film are maintained, but its overall impact falls a little flat with a storyline that never quite delivers the original magic.",1,1,neutral,neutral,0.1155414804816246,1.4241636991500854,0.21280024945735931
5,ZJM,Perhaps the most annoying thing about Who Is Cletis Tout? is that it's a crime movie made by someone who obviously knows nothing about crime.,0,1,negative,neutral,0.8075605630874634,1.2121750116348267,-1.1511226892471313
5,ZJM,"In addition to scoring high for originality of plot -- putting together familiar themes of family, forgiveness and love in a new way -- Lilo & Stitch has a number of other assets to commend it to movie audiences both innocent and jaded.",2,1,positive,neutral,0.653541088104248,1.1794794797897339,-0.5635902881622314
5,ZJM,The quirky drama touches the heart and the funnybone thanks to the energetic and always surprising performance by Rachel Griffiths.,2,0,positive,negative,1.2642143964767456,1.1857125759124756,-2.1443967819213867
5,ZJM,"At its worst, it implodes in a series of very bad special effects.",0,1,negative,neutral,1.1448825597763062,2.1831841468811035,-1.8769476413726807
5,ZJM,Bad and baffling from the get-go.,0,0,negative,negative,0.09218522161245346,-0.5427665710449219,-0.03341158106923103
5,ZJM,"The movie is a blast of educational energy, as bouncy animation and catchy songs escort you through the entire 85 minutes.",2,0,positive,negative,1.1358205080032349,1.0403591394424438,-1.1378629207611084
5,ZJM,The original wasn't a good movie but this remake makes it look like a masterpiece!,0,1,negative,neutral,-0.0365605354309082,0.7000125646591187,-0.13121803104877472
5,ZJM,"To my taste, the film's comic characters come perilously close to being Amoses and Andys for a new generation.",1,1,neutral,neutral,-0.21822233498096466,0.9045982360839844,-0.2982458174228668
5,ZJM,"Although the sequel has all the outward elements of the original, the first film's lovely flakiness is gone, replaced by the forced funniness found in the dullest kiddie flicks.",0,1,negative,neutral,-0.7518987655639648,1.7094415426254272,-0.059654999524354935
5,ZJM,"The real charm of this trifle is the deadpan comic face of its star, Jean Reno, who resembles Sly Stallone in a hot sake half-sleep.",1,1,neutral,neutral,-0.9168378114700317,2.047882318496704,0.25962236523628235
5,ZJM,"... a cute and sometimes side-splittingly funny blend of Legally Blonde and Drop Dead Gorgeous, starring Piper Perabo in what could be her breakthrough role.",2,1,positive,neutral,0.14432725310325623,0.5165784955024719,0.2230282574892044
5,ZJM,"This method almost never fails him, and it works superbly here.",2,1,positive,neutral,0.018731452524662018,1.278119683265686,-0.4350370466709137
5,ZJM,Few films capture so perfectly the hopes and dreams of little boys on baseball fields as well as the grown men who sit in the stands.,2,1,positive,neutral,-0.1604161411523819,0.4861481487751007,0.08891725540161133
5,ZJM,Steers has an unexpectedly adamant streak of warm-blooded empathy for all his disparate Manhattan denizens -- especially the a**holes.,1,1,neutral,neutral,-0.47658413648605347,1.5873956680297852,-0.16320307552814484
5,ZJM,"The Emperor's Club is one of those films that possesses all the good intentions in the world, but...",1,1,neutral,neutral,0.15750651061534882,1.4057070016860962,-0.4984528720378876
5,ZJM,The most compelling performance of the year adds substantial depth to this shocking testament to anti-Semitism and neo-fascism.,2,1,positive,neutral,-0.14543335139751434,0.908595621585846,0.11117033660411835
5,ZJM,"LaBute can't avoid a fatal mistake in the modern era: He's changed the male academic from a lower-class Brit to an American, a choice that upsets the novel's exquisite balance and shreds the fabric of the film.",1,1,neutral,neutral,-1.0178836584091187,2.441037893295288,0.42704594135284424
5,ZJM,A biopic about Crane's life in the classic tradition but evolves into what has become of us all in the era of video.,1,1,neutral,neutral,-0.12064005434513092,1.4362231492996216,0.006612625438719988
5,ZJM,"A work of extraordinary journalism, but it is also a work of deft and subtle poetry.",2,1,positive,neutral,-0.3246808648109436,1.1904369592666626,-0.5135038495063782
5,ZJM,... think of it as American Pie On Valium.,1,1,neutral,neutral,0.12404871731996536,1.3885657787322998,-0.6993607878684998
5,ZJM,Gere gives a good performance in a film that doesn't merit it.,1,1,neutral,neutral,-0.3403051197528839,0.9662057161331177,-0.053368497639894485
5,ZJM,The Pianist is Polanski's best film.,2,1,positive,neutral,-0.8998203873634338,2.0499801635742188,-0.48924314975738525
5,ZJM,Maybe Thomas Wolfe was right: You can't go home again.,1,1,neutral,neutral,0.21045689284801483,1.0145682096481323,-0.0921025425195694
5,ZJM,"The director, with his fake backdrops and stately pacing, never settles on a consistent tone.",0,1,negative,neutral,-0.06004365533590317,1.4360288381576538,-0.2805405855178833
5,ZJM,"Why he was given free reign over this project -- he wrote, directed, starred and produced -- is beyond me.",0,1,negative,neutral,-0.22705985605716705,0.9325574040412903,0.05089462921023369
5,ZJM,"If you enjoy being rewarded by a script that assumes you aren't very bright, then Blood Work is for you.",0,1,negative,neutral,0.4069303870201111,1.0421062707901,-0.7581021189689636
5,ZJM,"Like Rudy Yellow Lodge, Eyre needs to take a good sweat to clarify his cinematic vision before his next creation and remember the lessons of the trickster spider.",0,1,negative,neutral,0.03648609668016434,1.0626474618911743,0.13889583945274353
5,ZJM,But his showboating wise-cracker stock persona sure is getting old.,1,1,neutral,neutral,-0.47642672061920166,1.682700753211975,-0.573722779750824
5,ZJM,"Circuit queens won't learn a thing, they'll be too busy cursing the film's strategically placed white sheets.",1,1,neutral,neutral,-0.017015449702739716,1.397125005722046,-0.3729449212551117
5,ZJM,"A lot of talent is wasted in this crass, low-wattage endeavor.",0,1,negative,neutral,-0.7689233422279358,1.755298376083374,-0.16457878053188324
5,ZJM,"Alain Choquart's camera barely stops moving, portraying both the turmoil of the time and giving Conduct a perpetual sense of urgency, which, for a film that takes nearly three hours to unspool, is both funny and irritating.",1,1,neutral,neutral,-0.5099411010742188,2.005655288696289,0.5381768941879272
5,ZJM,The second coming of Harry Potter is a film far superior to its predecessor.,2,1,positive,neutral,0.23095835745334625,1.0160765647888184,-0.35269859433174133
5,ZJM,This stuck pig of a movie flails limply between bizarre comedy and pallid horror.,0,1,negative,neutral,0.039527349174022675,1.3358303308486938,-0.17848731577396393
5,ZJM,"The film just might turn on many people to opera, in general, an art form at once visceral and spiritual, wonderfully vulgar and sublimely lofty -- and as emotionally grand as life.",2,1,positive,neutral,-0.6946794986724854,2.931056499481201,-0.2923823595046997
5,ZJM,"The delicious trimmings... arrive early and stay late, filling nearly every minute... with a lighthearted glow, some impudent snickers, and a glorious dose of humankind's liberating ability to triumph over a Scrooge or two.",2,1,positive,neutral,-0.6571284532546997,1.8792834281921387,0.12657080590724945
5,ZJM,"The inhospitability of the land emphasizes the spare precision of the narratives and helps to give them an atavistic power, as if they were tales that had been handed down since the beginning of time.",1,1,neutral,neutral,-0.4166586697101593,0.8202551007270813,0.27528077363967896
5,ZJM,Even more baffling is that it's funny.,1,1,neutral,neutral,-0.9210679531097412,1.8679006099700928,-0.4324028789997101
5,ZJM,"Parker should be commended for taking a fresh approach to familiar material, but his determination to remain true to the original text leads him to adopt a somewhat mannered tone... that ultimately dulls the human tragedy at the story's core.",1,1,neutral,neutral,-1.1757169961929321,2.0977768898010254,0.9100838303565979
5,ZJM,"Hard, endearing, caring, warm.",2,2,positive,positive,-1.8245000839233398,1.0655782222747803,2.354186773300171
5,ZJM,"I have no problem with ``difficult'' movies, or movies that ask the audience to meet them halfway and connect the dots instead of having things all spelled out.",1,1,neutral,neutral,-0.16601859033107758,2.0007028579711914,0.38880398869514465
5,ZJM,The way Coppola professes his love for movies -- both colorful pop junk and the classics that unequivocally qualify as art -- is giddily entertaining.,2,1,positive,neutral,-0.05485578626394272,0.47694656252861023,0.013792451471090317
5,ZJM,Both the crime story and the love story are unusual.,1,1,neutral,neutral,-0.30100658535957336,2.4742753505706787,-0.8551418781280518
5,ZJM,It's never a good sign when a film's star spends the entirety of the film in a coma.,0,1,negative,neutral,0.3619435131549835,0.7012760639190674,-0.8365305066108704
5,ZJM,A creaky staircase gothic.,1,2,neutral,positive,-0.10004924237728119,0.40048524737358093,0.512021541595459
5,ZJM,"If there's a way to effectively teach kids about the dangers of drugs, I think it's in projects like the (unfortunately R-rated) Paid.",1,1,neutral,neutral,0.2786153554916382,0.9248905181884766,-0.3514792323112488
5,ZJM,"If you're a WWF fan, or you related to the people who watched the robots getting butchered in A.I., you'll probably like Rollerball.",1,1,neutral,neutral,-0.3213307857513428,1.1529669761657715,0.22366036474704742
5,ZJM,Norton holds the film together.,1,1,neutral,neutral,-1.4885718822479248,3.1776936054229736,-0.31286707520484924
5,ZJM,"A breathtaking adventure for all ages, Spirit tells its poignant and uplifting story in a stunning fusion of music and images.",2,1,positive,neutral,-0.02818664163351059,1.042970061302185,0.04389839991927147
5,ZJM,It won't bust your gut -- and it's not intended to -- it's merely a blandly cinematic surgical examination of what makes a joke a joke.,1,1,neutral,neutral,-0.20305968821048737,2.3465559482574463,-0.7238431572914124
5,ZJM,Largely a for-fans artifact.,1,1,neutral,neutral,-0.7725311517715454,1.6017340421676636,0.2707425653934479
5,ZJM,A movie so bad that it quickly enters the pantheon of wreckage that includes Battlefield Earth and Showgirls.,0,1,negative,neutral,0.3087427318096161,0.848951518535614,-0.5095457434654236
5,ZJM,"If you're over 25, have an IQ over 90, and have a driver's license, you should be able to find better entertainment.",0,1,negative,neutral,-0.27240240573883057,1.3916904926300049,-0.012066353112459183
5,ZJM,A solid piece of journalistic work that draws a picture of a man for whom political expedience became a deadly foreign policy.,1,1,neutral,neutral,-0.1812136173248291,1.2865667343139648,-0.07623398303985596
5,ZJM,"The doofus-on-the-loose banter of Welcome to Collinwood has a cocky, after-hours loopiness to it.",1,1,neutral,neutral,0.2005864530801773,1.3198903799057007,-0.16362416744232178
5,ZJM,It's the funniest American comedy since Graffiti Bridge.,2,1,positive,neutral,0.0733308419585228,0.9157773852348328,0.039666738361120224
5,ZJM,Samuel Beckett applied to the Iranian voting process.,1,1,neutral,neutral,-0.30852368474006653,1.0898175239562988,0.3380475342273712
5,ZJM,A strangely compelling and brilliantly acted psychological drama.,2,1,positive,neutral,-0.43149447441101074,0.8047199845314026,0.05238306149840355
5,ZJM,"Often gruelling and heartbreaking to witness, but Seldahl and Wollter's sterling performances raise this far above the level of the usual maudlin disease movie.",2,1,positive,neutral,-0.1986575573682785,0.5500951409339905,0.11326214671134949
5,ZJM,"This enthralling documentary... is at once playful and haunting, an in-depth portrait of an iconoclastic artist who was fundamentally unknowable even to his closest friends.",2,1,positive,neutral,-0.17610664665699005,0.4356870651245117,0.20492838323116302
5,ZJM,"I didn't laugh at the ongoing efforts of Cube, and his skinny buddy Mike Epps, to make like Laurel and Hardy'n the hood.",0,1,negative,neutral,0.03755786269903183,0.8783650398254395,-0.06931369006633759
5,ZJM,"At its best when the guarded, resentful Betty and the manipulative yet needy Margot are front and center.",1,1,neutral,neutral,-0.2642553150653839,0.7666230797767639,-0.28066372871398926
5,ZJM,Ford deserves to be remembered at Oscar time for crafting this wonderful portrait of a conflicted soldier.,2,1,positive,neutral,0.18760673701763153,0.5647401213645935,-0.15064233541488647
5,ZJM,"That is essentially what's missing from Blackboards -- the sense of something bigger, some ultimate point.",1,1,neutral,neutral,0.3536420166492462,1.2434579133987427,-0.09676970541477203
5,ZJM,"It's a bizarre curiosity memorable mainly for the way it fritters away its potentially interesting subject matter via a banal script, unimpressive acting and indifferent direction.",1,1,neutral,neutral,-0.25171494483947754,0.8157268166542053,-0.24630552530288696
5,ZJM,"While obviously an extremely personal work, it remains inextricably stuck in an emotionally unavailable rut.",1,1,neutral,neutral,0.028719447553157806,1.1315776109695435,-0.3197597563266754
5,ZJM,"A dim-witted and lazy spin-off of the Animal Planet documentary series, Crocodile Hunter is entertainment opportunism at its most glaring.",0,1,negative,neutral,-0.41310983896255493,0.7594034075737,-0.15135392546653748
5,ZJM,"The good is very, very good... The rest runs from mildly unimpressive to despairingly awful.",1,1,neutral,neutral,0.39055439829826355,1.1773061752319336,-0.2979332506656647
5,ZJM,"Methodical, measured, and gently tedious in its comedy, Secret Ballot is a purposefully reductive movie -- which may be why it's so successful at lodging itself in the brain.",2,1,positive,neutral,-0.2354552000761032,0.9212583303451538,0.2692548334598541
5,ZJM,One of the most exciting action films to come out of China in recent years.,2,1,positive,neutral,-0.1535816639661789,1.1886687278747559,-0.005914378445595503
5,ZJM,Adam Sandler's Eight Crazy Nights grows on you -- like a rash.,0,1,negative,neutral,0.15137344598770142,0.7216214537620544,-0.33315059542655945
5,ZJM,"The film feels formulaic, its plot and pacing typical Hollywood war-movie stuff, while the performances elicit more of a sense of deja vu than awe.",0,1,negative,neutral,-0.16953279078006744,0.8704836368560791,-0.3686133921146393
5,ZJM,"... pitiful, slapdash disaster.",0,1,negative,neutral,-1.1403350830078125,1.4054406881332397,0.7418062090873718
5,ZJM,"As it stands, there's some fine sex onscreen, and some tense arguing, but not a whole lot more.",1,1,neutral,neutral,0.28232675790786743,1.3398889303207397,-0.2964728772640228
5,ZJM,It's neither as romantic nor as thrilling as it should be.,0,1,negative,neutral,0.058319397270679474,0.9289645552635193,-0.1921008676290512
5,ZJM,Returning director Rob Minkoff... and screenwriter Bruce Joel Rubin... have done a fine job of updating White's dry wit to a new age.,2,1,positive,neutral,0.16540367901325226,0.6197021007537842,0.03735757991671562
5,ZJM,"The Venezuelans say things like ``si, pretty much'' and ``por favor, go home'' when talking to Americans.",1,1,neutral,neutral,0.22577162086963654,0.9260025024414062,-0.4030626714229584
5,ZJM,"If you already like this sort of thing, this is that sort of thing all over again.",1,1,neutral,neutral,-0.24274787306785583,0.8262971043586731,-0.5205072164535522
5,ZJM,An awful movie that will only satisfy the most emotionally malleable of filmgoers.,0,1,negative,neutral,0.0027098124846816063,0.7263261675834656,-0.7503988146781921
5,ZJM,"This is an extraordinary film, not least because it is Japanese and yet feels universal.",2,1,positive,neutral,-0.036374710500240326,1.323989987373352,-0.4164241552352905
5,ZJM,"Aptly named, this shimmering, beautifully costumed and filmed production doesn't work for me.",1,1,neutral,neutral,-0.155743807554245,1.2260149717330933,-0.48439744114875793
5,ZJM,"If Borstal Boy isn't especially realistic, it is an engaging nostalgia piece.",1,1,neutral,neutral,0.17146797478199005,0.8289009928703308,-0.2422870546579361
5,ZJM,Griffiths proves she's that rare luminary who continually raises the standard of her profession.,2,1,positive,neutral,0.21001483500003815,0.8512741923332214,-0.4046151041984558
5,ZJM,"The asylum material is gripping, as are the scenes of Jia with his family.",2,1,positive,neutral,0.3120315670967102,1.0783438682556152,-0.3755814731121063
5,ZJM,"... by the time it's done with us, Mira Nair's new movie has its audience giddy with the delight of discovery, of having been immersed in a foreign culture only to find that human nature is pretty much the same all over.",2,1,positive,neutral,-0.4782227575778961,2.2744522094726562,0.11889819800853729
5,ZJM,... about as exciting to watch as two last-place basketball teams playing one another on the final day of the season.,0,1,negative,neutral,-0.05962064862251282,0.9810532331466675,0.03765108808875084
5,ZJM,Girls gone wild and gone civil again,1,1,neutral,neutral,-1.5754997730255127,3.375797986984253,0.790338933467865
5,ZJM,To say Analyze That is De Niro's best film since Meet the Parents sums up the sad state of his recent career.,1,1,neutral,neutral,0.2667369544506073,0.8768188953399658,0.03509501740336418
5,ZJM,"Like being trapped inside a huge video game, where exciting, inane images keep popping past your head and the same illogical things keep happening over and over again.",1,1,neutral,neutral,-0.509137749671936,1.3208039999008179,-0.08266611397266388
5,ZJM,`Enigma' is the kind of engaging historical drama that Hollywood appears to have given up on in favor of sentimental war movies in the vein of `We Were Soldiers.',1,1,neutral,neutral,-0.042464978992938995,1.0968223810195923,-0.08887574076652527
5,ZJM,The Rock has a great presence but one battle after another is not the same as one battle followed by killer CGI effects.,1,1,neutral,neutral,-0.06525244563817978,0.7515129446983337,-0.03717022016644478
5,ZJM,Visually sumptuous but intellectually stultifying.,1,1,neutral,neutral,-1.0822222232818604,1.9524966478347778,0.8629562258720398
5,ZJM,"So young, so smart, such talent, such a wise ***.",2,1,positive,neutral,-0.05881518870592117,0.8430580496788025,0.009792771190404892
5,ZJM,"The problem is that for the most part, the film is deadly dull.",0,1,negative,neutral,0.07726936787366867,1.4720765352249146,-0.32926875352859497
5,ZJM,A thinly veiled look at different aspects of Chinese life clashing with each other.,1,1,neutral,neutral,-0.4327613115310669,1.2264434099197388,-0.14879611134529114
5,ZJM,An exhilarating experience.,2,2,positive,positive,-3.258646011352539,1.6018624305725098,3.871236562728882
5,ZJM,Its vision of that awkward age when sex threatens to overwhelm everything else is acute enough to make everyone who has been there squirm with recognition.,1,1,neutral,neutral,-0.16444410383701324,0.6771952509880066,0.1615748256444931
5,ZJM,Remarkably accessible and affecting.,2,1,positive,neutral,-2.0408875942230225,2.9146547317504883,0.39234331250190735
5,ZJM,"The climactic events are so well realized that you may forget all about the original conflict, just like the movie does.",1,1,neutral,neutral,0.09383191913366318,0.8139281272888184,-0.08543041348457336
5,ZJM,Distinctly sub-par... more likely to drown a viewer in boredom than to send any shivers down his spine.,0,1,negative,neutral,0.29876840114593506,1.0098319053649902,-0.5567474961280823
5,ZJM,Godard's ode to tackling life's wonderment is a rambling and incoherent manifesto about the vagueness of topical excess... In Praise of Love remains a ponderous and pretentious endeavor that's unfocused and tediously exasperating.,0,1,negative,neutral,-0.26790183782577515,1.0494515895843506,0.011358391493558884
5,ZJM,"We never truly come to care about the main characters and whether or not they'll wind up together, and Michele's spiritual quest is neither amusing nor dramatic enough to sustain interest.",0,1,negative,neutral,-0.07578779011964798,0.8655676245689392,-0.32425156235694885
5,ZJM,"Most haunting about ``Fence'' is its conclusion, when we hear the ultimate fate of these girls and realize, much to our dismay, that this really did happen.",2,1,positive,neutral,-0.1901378333568573,0.6136268973350525,0.2161327302455902
5,ZJM,"Bogdanovich taps deep into the Hearst mystique, entertainingly reenacting a historic scandal.",2,1,positive,neutral,-0.2928903102874756,1.195539116859436,-0.122499480843544
5,ZJM,"Peralta's mythmaking could have used some informed, adult hindsight.",1,1,neutral,neutral,0.9597232341766357,1.28538978099823,-0.42962339520454407
5,ZJM,"``My god, I'm behaving like an idiot!''",1,1,neutral,neutral,-0.3040950894355774,3.40678071975708,-0.9937966465950012
5,ZJM,"Devos and Cassel have tremendous chemistry -- their sexual and romantic tension, while never really vocalized, is palpable.",2,1,positive,neutral,0.4307728111743927,1.0827642679214478,0.10799963772296906
5,ZJM,"As a girl-meets-girl romantic comedy, Kissing Jessica Steinis quirky, charming and often hilarious.",2,1,positive,neutral,0.15856830775737762,1.7540563344955444,-0.4742063581943512
5,ZJM,"... a haunting vision, with images that seem more like disturbing hallucinations.",0,1,negative,neutral,1.0949934720993042,1.3478436470031738,-0.3815487325191498
5,ZJM,"As a remake, it's a pale imitation.",0,1,negative,neutral,0.8128117322921753,1.4801779985427856,-1.1390844583511353
5,ZJM,Adults will certainly want to spend their time in the theater thinking up grocery lists and ways to tell their kids how not to act like Pinocchio.,1,1,neutral,neutral,0.0823088213801384,1.546636939048767,0.10997022688388824
5,ZJM,"Not as distinctive or even as humorous as its needs to be to stand out, but it has clearly been made with affection and care.",1,1,neutral,neutral,0.872452437877655,1.0179734230041504,-0.3162595331668854
5,ZJM,A generic family comedy unlikely to be appreciated by anyone outside the under-10 set.,0,1,negative,neutral,0.4252692461013794,1.9845203161239624,-0.9356573820114136
5,ZJM,"An amalgam of The Fugitive, Blade Runner, and Total Recall, only without much energy or tension.",1,1,neutral,neutral,0.5069690346717834,1.7841172218322754,-0.4212331473827362
5,ZJM,"Everything its title implies, a standard-issue crime drama spat out from the Tinseltown assembly line.",1,1,neutral,neutral,0.9743446111679077,1.193452000617981,-0.24804380536079407
5,ZJM,"This odd, poetic road movie, spiked by jolts of pop music, pretty much takes place in Morton's ever-watchful gaze -- and it's a tribute to the actress, and to her inventive director, that the journey is such a mesmerizing one.",2,1,positive,neutral,-0.029967136681079865,2.0840702056884766,-0.05644138529896736
5,ZJM,"Co-writer/director Jonathan Parker's attempts to fashion a Brazil-like, hyper-real satire fall dreadfully short.",0,1,negative,neutral,0.9709452986717224,1.3234883546829224,-0.6537478566169739
5,ZJM,"An amateurish, quasi-improvised acting exercise shot on ugly digital video.",0,1,negative,neutral,1.0156158208847046,1.5153532028198242,-0.350076287984848
5,ZJM,"``The Kid Stays in the Picture'' is a great story, terrifically told by the man who wrote it but this Cliff Notes edition is a cheat.",1,1,neutral,neutral,1.0309643745422363,1.1436585187911987,-0.3454401195049286
5,ZJM,"A gratingly unfunny groaner littered with zero-dimensional, unlikable characters and hackneyed, threadbare comic setups.",0,0,negative,negative,1.2054389715194702,0.6264546513557434,-0.3596307933330536
5,ZJM,"While this gentle and affecting melodrama will have luvvies in raptures, it's far too slight and introspective to appeal to anything wider than a niche audience.",1,1,neutral,neutral,0.961220920085907,1.3428698778152466,-0.3102506697177887
5,ZJM,Griffin & Co. manage to be spectacularly outrageous.,2,1,positive,neutral,0.6376860737800598,2.3503575325012207,-1.0484707355499268
5,ZJM,"A profoundly stupid affair, populating its hackneyed and meanspirited storyline with cardboard characters and performers who value cash above credibility.",0,1,negative,neutral,0.8211474418640137,0.9477935433387756,-0.16008050739765167
5,ZJM,"Warm Water Under a Red Bridge is a quirky and poignant Japanese film that explores the fascinating connections between women, water, nature, and sexuality.",2,0,positive,negative,0.7769594192504883,0.6303446888923645,-0.21387887001037598
5,ZJM,It isn't that Stealing Harvard is a horrible movie -- if only it were that grand a failure!,0,1,negative,neutral,0.7464029788970947,1.3102585077285767,-0.6713440418243408
5,ZJM,It just doesn't have much else... especially in a moral sense.,1,1,neutral,neutral,0.9701271653175354,2.56372332572937,-1.3435896635055542
5,ZJM,Those unfamiliar with Mormon traditions may find The Singles Ward occasionally bewildering.,1,1,neutral,neutral,0.6116657257080078,1.734825849533081,-0.4596498906612396
5,ZJM,"Viewed as a comedy, a romance, a fairy tale, or a drama, there's nothing remotely triumphant about this motion picture.",1,0,neutral,negative,0.994475245475769,0.7736125588417053,-0.2587312161922455
5,ZJM,"But the talented cast alone will keep you watching, as will the fight scenes.",2,0,positive,negative,1.179940104484558,1.164528489112854,-0.8005483746528625
5,ZJM,It's solid and affecting and exactly as thought-provoking as it should be.,2,1,positive,neutral,1.1328200101852417,1.4999428987503052,-0.8159879446029663
5,ZJM,"Thanks largely to Williams, all the interesting developments are processed in 60 minutes -- the rest is just an overexposed waste of film.",0,0,negative,negative,1.779107928276062,0.7219703793525696,-1.0523242950439453
5,ZJM,"Cantet perfectly captures the hotel lobbies, two-lane highways, and roadside cafes that permeate Vincent's days",2,0,positive,negative,1.4039440155029297,1.069719910621643,-0.8098246455192566
5,ZJM,"An important movie, a reminder of the power of film to move us and to make us examine our values.",2,0,positive,negative,1.0171244144439697,0.9544419646263123,-0.33125221729278564
5,ZJM,"Too much of this well-acted but dangerously slow thriller feels like a preamble to a bigger, more complicated story, one that never materializes.",0,0,negative,negative,1.42038094997406,0.6600475311279297,-0.7442861795425415
5,ZJM,A richly imagined and admirably mature work from a gifted director who definitely has something on his mind.,2,1,positive,neutral,1.1882095336914062,1.320051670074463,-0.903592050075531
5,ZJM,"The art direction is often exquisite, and the anthropomorphic animal characters are beautifully realized through clever makeup design, leaving one to hope that the eventual DVD release will offer subtitles and the original Italian-language soundtrack.",2,0,positive,negative,1.1991446018218994,0.7247059941291809,-0.41997551918029785
5,ZJM,"... Jones, despite a definitely distinctive screen presence, just isn't able to muster for a movie that, its title notwithstanding, should have been a lot nastier if it wanted to fully capitalize on its lead's specific gifts.",1,0,neutral,negative,1.29873526096344,1.1113618612289429,-0.4627183973789215
5,ZJM,But what's nice is that there's a casual intelligence that permeates the script.,2,0,positive,negative,1.656528115272522,0.8459420800209045,-1.0335743427276611
5,ZJM,Wedding feels a bit anachronistic.,0,1,negative,neutral,-0.44450101256370544,3.7646026611328125,-0.9130512475967407
5,ZJM,"An action/thriller of the finest kind, evoking memories of Day of the Jackal, The French Connection, and Heat.",2,0,positive,negative,2.35776948928833,1.1907340288162231,-0.966827929019928
5,ZJM,"This picture is murder by numbers, and as easy to be bored by as your ABC's, despite a few whopping shootouts.",0,0,negative,negative,1.5249885320663452,0.5436612963676453,-0.3757775127887726
5,ZJM,"Every individual will see the movie through the prism of his or her own beliefs and prejudices, but the one thing most will take away is the sense that peace is possible.",2,1,positive,neutral,1.1900804042816162,1.6590627431869507,-0.604213535785675
5,ZJM,"Feels slight, as if it were an extended short, albeit one made by the smartest kids in class.",1,1,neutral,neutral,0.8951243162155151,1.628194808959961,-0.4008477032184601
5,ZJM,The picture doesn't know it's a comedy.,1,1,neutral,neutral,1.0098633766174316,2.212961435317993,-1.2570849657058716
5,ZJM,A classy item by a legend who may have nothing left to prove but still has the chops and drive to show how its done.,2,0,positive,negative,1.2652928829193115,0.381681352853775,-0.22724419832229614
5,ZJM,"Starts out mediocre, spirals downward, and thuds to the bottom of the pool with an utterly incompetent conclusion.",0,0,negative,negative,1.6003391742706299,0.39619046449661255,-0.4550158381462097
5,ZJM,The sort of movie that gives tastelessness a bad rap.,0,0,negative,negative,1.8638585805892944,0.9285250306129456,-0.9047836065292358
5,ZJM,Its engaging simplicity is driven by appealing leads.,2,0,positive,negative,1.6009786128997803,1.4110745191574097,-1.0201208591461182
5,ZJM,"Fans of the TV series will be disappointed, and everyone else will be slightly bored.",1,0,neutral,negative,1.580086350440979,1.093867301940918,-0.4335229992866516
5,ZJM,"It's a head-turner -- thoughtfully written, beautifully read and, finally, deeply humanizing.",2,0,positive,negative,2.2775661945343018,0.5241683721542358,-0.9304786920547485
5,ZJM,"It's not a particularly good film, but neither is it a monsterous one.",1,0,neutral,negative,1.6931208372116089,1.4690544605255127,-0.9696341156959534
5,ZJM,Men in Black II achieves ultimate insignificance -- it's the sci-fi comedy spectacle as Whiffle-Ball epic.,0,0,negative,negative,2.1346380710601807,1.6738684177398682,-1.1209239959716797
5,ZJM,Martyr gets royally screwed and comes back for more.,1,0,neutral,negative,1.5169645547866821,1.0640760660171509,-0.09224389493465424
6,ZJN,Presents a good case while failing to provide a reason for us to care beyond the very basic dictums of human decency.,1,2,neutral,positive,1.5242995023727417,0.2803122103214264,2.7677650451660156
6,ZJN,"Beautifully crafted, engaging filmmaking that should attract upscale audiences hungry for quality and a nostalgic, twisty yarn that will keep them guessing.",2,2,positive,positive,1.161037802696228,0.6995564103126526,2.65932559967041
6,ZJN,"Bread, My Sweet has so many flaws it would be easy for critics to shred it.",0,2,negative,positive,1.7198861837387085,0.5299062132835388,2.6090168952941895
6,ZJN,"Slow, silly and unintentionally hilarious.",1,2,neutral,positive,1.606626033782959,0.6058530807495117,2.3942081928253174
6,ZJN,"Ultimately feels empty and unsatisfying, like swallowing a Communion wafer without the wine.",0,0,negative,negative,2.069890260696411,0.6556054949760437,1.9080779552459717
6,ZJN,Exudes the fizz of a Busby Berkeley musical and the visceral excitement of a sports extravaganza.,2,2,positive,positive,1.8449774980545044,0.495221346616745,2.4517626762390137
6,ZJN,The film rehashes several old themes and is capped with pointless extremes -- it's insanely violent and very graphic.,0,2,negative,positive,1.3876042366027832,0.9859234690666199,2.5397448539733887
6,ZJN,"Ryan Gosling is, in a word, brilliant as the conflicted Daniel.",2,0,positive,negative,2.3295536041259766,0.5720468163490295,1.4806640148162842
6,ZJN,"If Deuces Wild had been tweaked up a notch it would have become a camp adventure, one of those movies that's so bad it starts to become good.",1,2,neutral,positive,1.7894946336746216,0.30239036679267883,2.4750125408172607
6,ZJN,The film's stagecrafts are intimate and therefore bolder than the otherwise calculated artifice that defines and overwhelms the film's production design.,1,2,neutral,positive,1.6936603784561157,0.40572479367256165,2.79295015335083
6,ZJN,"Frida is certainly no disaster, but neither is it the Kahlo movie Frida fans have been looking for.",1,2,neutral,positive,1.9398633241653442,0.47558724880218506,2.48016357421875
6,ZJN,The film often achieves a mesmerizing poetry.,2,2,positive,positive,1.1465332508087158,0.9774666428565979,2.7768895626068115
6,ZJN,A work of astonishing delicacy and force.,2,2,positive,positive,0.9928379654884338,0.967897891998291,2.6802902221679688
6,ZJN,"The movie's plot is almost entirely witless and inane, carrying every gag two or three times beyond its limit to sustain a laugh.",0,2,negative,positive,1.839769721031189,0.8413541316986084,2.397287607192993
6,ZJN,"For the most part, the ingredients are there.",1,2,neutral,positive,1.4049288034439087,1.1450669765472412,2.4412245750427246
6,ZJN,"But if you've paid a matinee price and bought a big tub of popcorn, there's guilty fun to be had here.",1,0,neutral,negative,1.911000370979309,1.230243444442749,1.7541346549987793
6,ZJN,"There's not much to Fatale, outside of its stylish surprises... but that's OK.",1,2,neutral,positive,2.0610194206237793,0.7522192597389221,2.418844699859619
6,ZJN,"The acting is stiff, the story lacks all trace of wit, the sets look like they were borrowed from Gilligan's Island -- and the CGI Scooby might well be the worst special-effects creation of the year.",0,2,negative,positive,1.5722088813781738,0.4982987344264984,2.7720539569854736
6,ZJN,"This version moves beyond the original's nostalgia for the communal film experiences of yesteryear to a deeper realization of cinema's inability to stand in for true, lived experience.",1,2,neutral,positive,1.7896314859390259,1.2918365001678467,1.8186753988265991
6,ZJN,"There's no palpable chemistry between Lopez and male lead Ralph Fiennes, plus the script by Working Girl scribe Kevin Wade is workmanlike in the extreme.",0,2,negative,positive,1.618965983390808,0.4511154592037201,2.7030222415924072
6,ZJN,"A first-class, thoroughly involving B movie that effectively combines two surefire, beloved genres -- the prison flick and the fight film.",2,2,positive,positive,1.8904203176498413,0.7305297255516052,2.5353243350982666
6,ZJN,The film is so bad it doesn't improve upon the experience of staring at a blank screen.,0,2,negative,positive,1.9567992687225342,0.906799852848053,2.2662620544433594
6,ZJN,Another Best of the Year selection.,2,2,positive,positive,1.9681406021118164,0.8652828931808472,2.5545573234558105
6,ZJN,It's all a rather shapeless good time...,1,2,neutral,positive,1.3090760707855225,0.37329068779945374,3.265348196029663
6,ZJN,"Same song, second verse, coulda been better, but it coulda been worse.",1,0,neutral,negative,2.52081298828125,0.9383711218833923,1.4718981981277466
6,ZJN,I love the robust middle of this picture.,2,2,positive,positive,1.5729732513427734,0.7986962199211121,2.743340492248535
6,ZJN,"That's not vintage Spielberg and that, finally, is minimally satisfying.",1,2,neutral,positive,1.9688085317611694,1.040306806564331,2.3940746784210205
6,ZJN,The soundtrack alone is worth the price of admission.,2,2,positive,positive,1.7831789255142212,0.5634939074516296,2.5471150875091553
6,ZJN,Mostly Martha could have used a little trimming -- 10 or 15 minutes could be cut and no one would notice -- but it's a pleasurable trifle.,1,2,neutral,positive,1.6523869037628174,0.936085045337677,2.334376811981201
6,ZJN,"For the rest of us, sitting through Dahmer's two hours amounts to little more than punishment.",0,0,negative,negative,2.175428867340088,0.5555949211120605,2.0910799503326416
6,ZJN,"Featuring a dangerously seductive performance from the great Daniel Auteuil, ``Sade'' covers the same period as Kaufmann's ``Quills'' with more unsettlingly realistic results.",2,2,positive,positive,1.7862234115600586,0.624839186668396,2.4338479042053223
6,ZJN,"The movie is for fans who can't stop loving anime, and the fanatical excess built into it.",1,0,neutral,negative,2.1850504875183105,0.9077520966529846,1.8727071285247803
6,ZJN,"The Ring is worth a look, if you don't demand much more than a few cheap thrills from your Halloween entertainment.",1,2,neutral,positive,1.8466109037399292,0.5673706531524658,2.4002845287323
6,ZJN,"Beautifully observed, miraculously unsentimental comedy-drama.",2,2,positive,positive,1.9562534093856812,0.43787068128585815,2.5756125450134277
6,ZJN,"What makes How I Killed My Father compelling, besides its terrific performances, is Fontaine's willingness to wander into the dark areas of parent-child relationships without flinching.",2,2,positive,positive,1.551986575126648,0.7764355540275574,2.5507493019104004
6,ZJN,"This hastily mounted production exists only to capitalize on Hopkins' inclination to play Hannibal Lecter again, even though Harris has no immediate inclination to provide a fourth book.",0,2,negative,positive,1.8296027183532715,0.8266556859016418,2.401792526245117
6,ZJN,Bullock's complete lack of focus and ability quickly derails the film.,0,0,negative,negative,2.3053839206695557,0.7017295956611633,2.0818676948547363
6,ZJN,"... a plotline that's as lumpy as two-day old porridge... the filmmakers' paws, sad to say, were all over this ``un-bear-able'' project!",0,2,negative,positive,1.5932937860488892,0.21338292956352234,2.7823586463928223
6,ZJN,Crush could be the worst film a man has made about women since Valley of the Dolls.,0,2,negative,positive,1.7606281042099,0.625494658946991,2.4883956909179688
6,ZJN,"Reassuring, retro uplifter.",2,2,positive,positive,1.4308921098709106,0.16390526294708252,3.154445171356201
6,ZJN,Flaccid drama and exasperatingly slow journey.,0,2,negative,positive,1.2477678060531616,0.15365749597549438,3.1559946537017822
6,ZJN,The Movie will reach far beyond its core demographic.,2,2,positive,positive,1.8841034173965454,0.599997341632843,2.7689716815948486
6,ZJN,How did it ever get made?,0,2,negative,positive,1.7773884534835815,0.5631229281425476,2.621185302734375
6,ZJN,I like the new footage and still love the old stuff.,2,0,positive,negative,2.367861747741699,1.2514528036117554,1.4814822673797607
6,ZJN,"It briefly flirts with player masochism, but the point of real interest -- audience sadism -- is evaded completely.",1,2,neutral,positive,1.6775791645050049,0.9617536664009094,2.046426296234131
6,ZJN,Could The Country Bears really be as bad as its trailers?,0,0,negative,negative,2.1688649654388428,0.8321412801742554,1.5827151536941528
6,ZJN,"At times, the movie looks genuinely pretty.",2,2,positive,positive,1.2777003049850464,0.9712045788764954,2.651989698410034
6,ZJN,It depends on how well flatulence gags fit into your holiday concept.,1,2,neutral,positive,1.4998083114624023,0.21134021878242493,2.8360683917999268
6,ZJN,"The stupidest, most insulting movie of 2002's first quarter.",0,2,negative,positive,1.6541420221328735,1.1848785877227783,2.233069658279419
6,ZJN,The film seems a dead weight.,0,2,negative,positive,1.518174171447754,0.9463444352149963,2.7371861934661865
6,ZJN,"Sparkling, often hilarious romantic jealousy comedy... Attal looks so much like a young Robert DeNiro that it seems the film should instead be called `My Husband Is Travis Bickle'.",2,2,positive,positive,1.8499571084976196,0.3954909145832062,2.008727550506592
6,ZJN,"I did go back and check out the last 10 minutes, but these were more repulsive than the first 30 or 40 minutes.",0,2,negative,positive,1.6980587244033813,0.7804922461509705,1.9581834077835083
6,ZJN,"A lousy movie that's not merely unwatchable, but also unlistenable.",0,2,negative,positive,2.087251901626587,0.13378062844276428,2.144602060317993
6,ZJN,One of the best films of the year with its exploration of the obstacles to happiness faced by five contemporary individuals... a psychological masterpiece.,2,0,positive,negative,2.1852900981903076,0.4398789703845978,1.8903719186782837
6,ZJN,"A strong script, powerful direction and splendid production design allows us to be transported into the life of Wladyslaw Szpilman, who is not only a pianist, but a good human being.",2,2,positive,positive,1.7521568536758423,0.449047714471817,2.2009692192077637
6,ZJN,"But here's the real damn: It isn't funny, either.",0,0,negative,negative,1.8896623849868774,1.1999903917312622,1.8058019876480103
6,ZJN,"Qutting may be a flawed film, but it is nothing if not sincere.",1,0,neutral,negative,2.284414291381836,0.8805333375930786,1.5636818408966064
6,ZJN,It's a fanboy `what if?',1,2,neutral,positive,1.5793113708496094,0.6289435029029846,2.724534511566162
6,ZJN,... something appears to have been lost in the translation this time.,0,2,negative,positive,1.8017326593399048,0.2829376757144928,2.2063703536987305
6,ZJN,"Like a documentary version of Fight Club, shorn of social insight, intellectual pretension and cinematic interest.",1,2,neutral,positive,1.850901484489441,0.4244786202907562,2.2937216758728027
6,ZJN,"Stephen Rea, Aidan Quinn, and Alan Bates play Desmond's legal eagles, and when joined by Brosnan, the sight of this grandiloquent quartet lolling in pretty Irish settings is a pleasant enough thing, `tis.",2,0,positive,negative,1.8276718854904175,0.35813406109809875,1.8221359252929688
6,ZJN,"It's a powerful though flawed movie, guaranteed to put a lump in your throat while reaffirming Washington as possibly the best actor working in movies today.",2,2,positive,positive,1.798270344734192,0.5825244784355164,2.0403335094451904
6,ZJN,An intriguing and entertaining introduction to Johnson.,2,2,positive,positive,1.8797444105148315,1.2362903356552124,2.131596088409424
6,ZJN,Everything was as superficial as the forced New Jersey lowbrow accent Uma had.,0,0,negative,negative,2.0728607177734375,0.9542449116706848,1.742624282836914
6,ZJN,"Despite the holes in the story and the somewhat predictable plot, moments of the movie caused me to jump in my chair...",1,2,neutral,positive,1.7389229536056519,0.9072943329811096,2.113037347793579
6,ZJN,`How many more voyages can this limping but dearly-loved franchise survive?',1,0,neutral,negative,2.173361301422119,0.7663360238075256,1.686766505241394
6,ZJN,If only the story about a multi-million dollar con bothered to include the con.,1,2,neutral,positive,2.000437021255493,0.5451224446296692,2.019300699234009
6,ZJN,"It is supremely unfunny and unentertaining to watch middle-age and older men drink to excess, piss on trees, b.s. one another and put on a show in drag.",0,2,negative,positive,1.8573256731033325,0.7244374752044678,2.186723232269287
6,ZJN,"Showtime is one of the hapless victims of the arrogant ``if we put together a wry white man and a chatty black man and give them guns, the movie will be funny'' syndrome.",0,2,negative,positive,1.8415511846542358,0.7331349849700928,1.9714802503585815
6,ZJN,"Whatever heartwarming scene the impressively discreet filmmakers may have expected to record with their mini DV, they show a remarkable ability to document both sides of this emotional car-wreck.",2,2,positive,positive,1.6913288831710815,0.8892514109611511,1.9446439743041992
6,ZJN,"A zombie movie in every sense of the word -- mindless, lifeless, meandering, loud, painful, obnoxious.",0,2,negative,positive,2.1424179077148438,0.34780892729759216,2.3211774826049805
6,ZJN,"It has fun with the quirks of family life, but it also treats the subject with fondness and respect.",2,2,positive,positive,1.8532354831695557,0.2776360809803009,2.5532801151275635
6,ZJN,"Novak manages to capture a cruelly hilarious vein of black comedy in the situation with his cast of non-actors and a gritty, no-budget approach.",2,0,positive,negative,2.255826711654663,0.6242992281913757,1.6132185459136963
6,ZJN,"Since Lee is a sentimentalist, the film is more worshipful than your random E!",1,0,neutral,negative,2.1676623821258545,1.1389740705490112,1.3505977392196655
6,ZJN,"The movie is almost completely lacking in suspense, surprise and consistent emotional conviction.",0,0,negative,negative,2.528088331222534,0.5735533237457275,1.6824930906295776
6,ZJN,"High Crimes knows the mistakes that bad movies make and is determined not to make them, and maybe that is nobility of a sort.",1,2,neutral,positive,2.04382586479187,0.37638232111930847,2.2530884742736816
6,ZJN,But it's too long and too convoluted and it ends in a muddle.,0,0,negative,negative,2.123981237411499,1.1222403049468994,1.3528705835342407
6,ZJN,This thing works on no level whatsoever for me.,0,2,negative,positive,2.160781145095825,0.5793462991714478,2.254117012023926
6,ZJN,... a bland murder-on-campus yawner.,0,2,negative,positive,2.036498785018921,0.13951340317726135,2.18300724029541
6,ZJN,"One of the finest, most humane and important Holocaust movies ever made.",2,0,positive,negative,2.494837522506714,0.8195564150810242,1.381075143814087
6,ZJN,"Suffers from rambling, repetitive dialogue and the visual drabness endemic to digital video.",0,0,negative,negative,2.346923589706421,0.6573554873466492,1.3239240646362305
6,ZJN,"The twist that ends the movie is the one with the most emotional resonance, but twists are getting irritating, and this is the kind of material where the filmmakers should be very careful about raising eyebrows.",1,2,neutral,positive,1.7054613828659058,0.4952908456325531,2.401614189147949
6,ZJN,"Angel presents events partly from the perspective of Aurelie and Christelle, and infuses the film with the sensibility of a particularly nightmarish fairytale.",1,2,neutral,positive,1.8802188634872437,0.717509925365448,2.42413330078125
6,ZJN,Features one of the most affecting depictions of a love affair ever committed to film.,2,2,positive,positive,2.069688320159912,0.6945478916168213,2.2035446166992188
6,ZJN,It is intensely personal and yet -- unlike Quills -- deftly shows us the temper of the times.,2,0,positive,negative,2.189523458480835,0.7001906633377075,1.5331162214279175
6,ZJN,"Even as I valiantly struggled to remain interested, or at least conscious, I could feel my eyelids... getting... very... heavy...",0,0,negative,negative,2.265162229537964,0.7077578902244568,1.7089667320251465
6,ZJN,"... a solid, well-formed satire.",2,2,positive,positive,1.2992273569107056,0.23961931467056274,3.483872652053833
6,ZJN,Deserves high marks for political courage but barely gets by on its artistic merits.,1,0,neutral,negative,2.1220099925994873,0.6694665551185608,1.7373894453048706
6,ZJN,Read My Lips is to be viewed and treasured for its extraordinary intelligence and originality as well as its lyrical variations on the game of love.,2,2,positive,positive,1.6808348894119263,-0.044666558504104614,2.3952231407165527
6,ZJN,"... creates a visceral sense of its characters' lives and conflicted emotions that carries it far above... what could have been a melodramatic, Lifetime Channel-style anthology.",1,2,neutral,positive,1.7939610481262207,0.5725493431091309,1.9623692035675049
6,ZJN,Reeks of rot and hack work from start to finish.,1,2,neutral,positive,1.6336344480514526,0.8769250512123108,1.671015739440918
6,ZJN,Just how these families interact may surprise you.,1,2,neutral,positive,1.7299766540527344,0.1491672694683075,2.256162405014038
6,ZJN,"The Movie is what happens when you blow up small potatoes to 10 times their natural size, and it ain't pretty.",0,2,negative,positive,1.826191782951355,0.8983913064002991,2.146181106567383
6,ZJN,"Even a hardened voyeur would require the patience of Job to get through this interminable, shapeless documentary about the swinging subculture.",0,2,negative,positive,1.6045831441879272,0.3936785161495209,2.5776753425598145
6,ZJN,"Creepy, authentic and dark.",1,2,neutral,positive,1.3805358409881592,0.13218525052070618,3.141918420791626
6,ZJN,A lame romantic comedy about an unsympathetic character and someone who would not likely be so stupid as to get involved with her.,0,2,negative,positive,1.6908529996871948,0.4185018837451935,2.184551477432251
6,ZJN,"The film is a contrivance, as artificial as the video games Japanese teens play in a nightclub sequence, but it's an enjoyable one.",1,0,neutral,negative,2.1188719272613525,0.7753825187683105,1.6433299779891968
6,ZJN,"At its worst the screenplay is callow, but at its best it is a young artist's thoughtful consideration of fatherhood.",1,2,neutral,positive,1.9041718244552612,0.6431739926338196,2.080686092376709
6,ZJN,At 78 minutes it just zings along with vibrance and warmth.,2,0,positive,negative,2.5563652515411377,0.6113649606704712,1.05875563621521
6,ZJN,"Only an epic documentary could get it all down, and Spike Lee's Jim Brown: All American at long last gives its subject a movie worthy of his talents.",2,0,positive,negative,1.88412344455719,0.4646613895893097,1.8100903034210205
6,ZJN,"As quiet, patient and tenacious as Mr. Lopez himself, who approaches his difficult, endless work with remarkable serenity and discipline.",2,2,positive,positive,1.3237520456314087,0.24990740418434143,2.061994791030884
6,ZJN,"Instead of hiding Pinocchio from critics, Miramax should have hidden it from everyone.",0,0,negative,negative,2.4395358562469482,0.7864024043083191,1.025175929069519
6,ZJN,What a great shame that such a talented director as Chen Kaige has chosen to make his English-language debut with a film so poorly plotted and scripted.,0,0,negative,negative,1.6108859777450562,1.0643913745880127,1.3943272829055786
6,ZJN,Jeffs has created a breathtakingly assured and stylish work of spare dialogue and acute expressiveness.,2,0,positive,negative,2.043637275695801,1.0545952320098877,1.403098702430725
6,ZJN,"Just about the best straight-up, old-school horror film of the last 15 years.",2,0,positive,negative,2.2224528789520264,0.6514508128166199,1.076504111289978
6,ZJN,"Gosling creates a staggeringly compelling character, a young man whose sharp intellect is at the very root of his contradictory, self-hating, self-destructive ways.",2,0,positive,negative,2.2779009342193604,0.6426710486412048,1.2533282041549683
6,ZJN,"I thought the relationships were wonderful, the comedy was funny, and the love `real'.",2,0,positive,negative,2.1558454036712646,0.5180281400680542,1.3460325002670288
6,ZJN,Better at putting you to sleep than a sound machine.,0,0,negative,negative,2.31400728225708,0.9124659895896912,1.2238471508026123
6,ZJN,Feels less like a cousin to Blade Runner than like a bottom-feeder sequel in the Escape From New York series.,0,0,negative,negative,1.9132752418518066,0.013931423425674438,1.8261688947677612
6,ZJN,"Elegantly produced and expressively performed, the six musical numbers crystallize key plot moments into minutely detailed wonders of dreamlike ecstasy.",2,0,positive,negative,2.0348970890045166,0.46955636143684387,1.3418463468551636
6,ZJN,"Ultimate X is a ride, basically the kind of greatest-hits reel that might come with a subscription to ESPN the Magazine.",1,0,neutral,negative,2.061875820159912,0.4143442213535309,1.381229043006897
6,ZJN,"Celebrated at Sundance, this slight comedy of manners has winning performances and a glossy, glib charm that's hard to beat.",2,0,positive,negative,2.165130138397217,0.005460828542709351,1.3595350980758667
6,ZJN,That Haynes can both maintain and dismantle the facades that his genre and his character construct is a wonderous accomplishment of veracity and narrative grace.,2,0,positive,negative,2.146338701248169,0.23552468419075012,1.2845356464385986
6,ZJN,"Some elements of it really blow the big one, but other parts are decent.",1,0,neutral,negative,2.43243145942688,0.3193526566028595,1.3107472658157349
6,ZJN,"No French people were harmed during the making of this movie, but they were insulted and the audience was put through torture for an hour and a half.",0,0,negative,negative,1.9716620445251465,-0.08540967106819153,1.3579068183898926
6,ZJN,"I was feeling this movie until it veered off too far into the Exxon zone, and left me behind at the station looking for a return ticket to realism.",0,0,negative,negative,2.289677143096924,0.42545029520988464,1.165930151939392
6,ZJN,The simplicity of The Way Home has few equals this side of Aesop.,1,0,neutral,negative,2.283991575241089,0.24575212597846985,1.5257374048233032
6,ZJN,Exceptionally well acted by Diane Lane and Richard Gere.,2,0,positive,negative,2.2101500034332275,0.3280806839466095,1.6528486013412476
6,ZJN,"Dong shows how intolerance has the power to deform families, then tear them apart.",1,0,neutral,negative,2.2709341049194336,0.5828631520271301,1.255611538887024
6,ZJN,"A stupid, derivative horror film that substitutes extreme gore for suspense.",0,0,negative,negative,2.258936643600464,0.9213916063308716,0.986226499080658
6,ZJN,It's a great American adventure and a wonderful film to bring to IMAX.,2,0,positive,negative,1.961469054222107,0.7739904522895813,1.4349207878112793
6,ZJN,It's 51 times better than this.,1,2,neutral,positive,1.8773953914642334,-0.19370713829994202,2.02305269241333
6,ZJN,"It's like an old Warner Bros. costumer jived with sex -- this could be the movie Errol Flynn always wanted to make, though Bette Davis, cast as Joan, would have killed him.",1,0,neutral,negative,2.1324944496154785,0.6223570704460144,1.688256859779358
6,ZJN,"A miraculous movie, I'm Going Home is so slight, yet overflows with wisdom and emotion.",2,0,positive,negative,2.2539970874786377,0.6761788129806519,0.9290703535079956
6,ZJN,"A fiercely clever and subtle film, capturing the precarious balance between the extravagant confidence of the exiled aristocracy and the cruel earnestness of the victorious revolutionaries.",2,0,positive,negative,2.0230894088745117,-0.07387462258338928,1.785805344581604
6,ZJN,"It's as if you're watching a movie that was made in 1978 but not released then because it was so weak, and it has been unearthed and released now, when it has become even weaker.",0,0,negative,negative,1.787009596824646,0.39997437596321106,1.694928526878357
6,ZJN,Anemic chronicle of money grubbing New Yorkers and their serial loveless hook ups.,1,0,neutral,negative,2.422717809677124,0.2585194408893585,1.0614160299301147
6,ZJN,"Thanks to a small star with big heart, this family film sequel is plenty of fun for all.",2,0,positive,negative,2.168748378753662,0.09116318821907043,1.7875051498413086
6,ZJN,And I've decided to leave a light on every night from now on.,1,2,neutral,positive,1.7713881731033325,-0.0935879647731781,1.8146162033081055
6,ZJN,Festers in just such a dungpile that you'd swear you were watching monkeys flinging their feces at you.,0,0,negative,negative,2.081159830093384,0.30383285880088806,1.529414415359497
6,ZJN,under-rehearsed and lifeless,0,2,negative,positive,1.6960186958312988,-0.4162919223308563,2.5105321407318115
6,ZJN,Exactly what you'd expect from a guy named Kaos.,1,0,neutral,negative,1.998116374015808,-0.00984916090965271,1.1884229183197021
6,ZJN,"If legendary shlockmeister Ed Wood had ever made a movie about a vampire, it probably would look a lot like this alarming production, adapted from Anne Rice's novel The Vampire Chronicles.",1,0,neutral,negative,2.0283939838409424,0.06680241227149963,1.4700677394866943
6,ZJN,"For those for whom the name Woody Allen was once a guarantee of something fresh, sometimes funny, and usually genuinely worthwhile, Hollywood Ending is a depressing experience.",0,0,negative,negative,2.196141481399536,-0.5116178393363953,1.5281240940093994
6,ZJN,Bella is the picture of health with boundless energy until a few days before she dies.,1,0,neutral,negative,2.3731064796447754,0.036794573068618774,1.1676563024520874
6,ZJN,"The fun of the movie is the chance it affords to watch Jackson, who also served as executive producer, take his smooth, shrewd, powerful act abroad.",2,0,positive,negative,2.0417964458465576,0.35200169682502747,1.2977854013442993
6,ZJN,What should have been a cutting Hollywood satire is instead about as fresh as last week's issue of Variety.,0,0,negative,negative,2.265021324157715,-0.26988697052001953,1.1919758319854736
6,ZJN,"Cox offers plenty of glimpses at existing photos, but there are no movies of Nijinsky, so instead the director treats us to an aimless hodgepodge.",0,0,negative,negative,2.1113603115081787,0.33166298270225525,1.3264126777648926
6,ZJN,Aaliyah rarely dampens her diva persona enough to spark genuine chemistry with Townsend.,1,0,neutral,negative,2.5411887168884277,0.049727827310562134,1.2188183069229126
6,ZJN,Mr. Soderbergh's direction and visual style struck me as unusually and unimpressively fussy and pretentious.,0,0,negative,negative,2.407961130142212,0.25698068737983704,1.0077091455459595
6,ZJN,Mazel tov to a film about a family's joyous life acting on the Yiddish stage.,2,0,positive,negative,2.4629549980163574,0.804968535900116,0.6553328633308411
6,ZJN,... would be a total loss if not for two supporting performances taking place at the movie's edges.,1,0,neutral,negative,2.041473388671875,0.23065081238746643,1.2742103338241577
6,ZJN,An inspiring and heart-affecting film about the desperate attempts of Vietnamese refugees living in U.S. relocation camps to keep their hopes alive in 1975.,2,0,positive,negative,1.9876927137374878,0.1360841691493988,1.5108022689819336
6,ZJN,"Loud, chaotic and largely unfunny.",0,2,negative,positive,1.500629186630249,-0.7026017308235168,2.4715609550476074
6,ZJN,The immersive powers of the giant screen and its hyper-realistic images are put to perfect use in the breathtakingly beautiful outer-space documentary Space Station 3D.,2,2,positive,positive,1.3859214782714844,-0.01983681321144104,2.8067023754119873
6,ZJN,It's everything you don't go to the movies for.,0,2,negative,positive,1.1218384504318237,0.13313576579093933,2.449998378753662
6,ZJN,"Harris is supposed to be the star of the story, but comes across as pretty dull and wooden.",1,2,neutral,positive,1.7130006551742554,0.025960296392440796,2.099808692932129
6,ZJN,Allen's funniest and most likeable movie in years.,2,2,positive,positive,0.7854154109954834,0.0862448513507843,2.9483730792999268
6,ZJN,"For those who pride themselves on sophisticated, discerning taste, this might not seem like the proper cup of tea, however it is almost guaranteed that even the stuffiest cinema goers will laugh their 1*** off for an hour-and-a-half.",2,2,positive,positive,0.9307591319084167,0.38666871190071106,2.581094741821289
6,ZJN,"There is a refreshing absence of cynicism in Stuart Little 2 -- quite a rarity, even in the family film market.",2,2,positive,positive,1.3859018087387085,0.15177062153816223,2.487361431121826
6,ZJN,There are plot holes big enough for Shamu the killer whale to swim through.,0,2,negative,positive,1.4758782386779785,0.08880957961082458,2.4489543437957764
6,ZJN,... always remains movingly genuine.,2,2,positive,positive,1.449708342552185,0.1570892632007599,2.340867757797241
6,ZJN,"Stitch is a bad mannered, ugly and destructive little ****.",0,2,negative,positive,1.2836211919784546,0.15087762475013733,2.48675799369812
6,ZJN,The cast is top-notch and I predict there will be plenty of female audience members drooling over Michael Idemoto as Michael.,2,2,positive,positive,1.0339289903640747,-0.10840794444084167,2.936807870864868
6,ZJN,Kirshner and Monroe seem to be in a contest to see who can out-bad-act the other.,0,2,negative,positive,1.621208906173706,-0.2924812138080597,2.0037689208984375
6,ZJN,This is one of those war movies that focuses on human interaction rather than battle and action sequences... and it's all the stronger because of it.,2,2,positive,positive,0.8767380118370056,-0.306030809879303,3.010117769241333
6,ZJN,"Like life on the island, the movie grows boring despite the scenery.",0,0,negative,negative,1.7643300294876099,0.5213784575462341,1.6571966409683228
6,ZJN,It's anchored by splendid performances from an honored screen veteran and a sparkling newcomer who instantly transform themselves into a believable mother/daughter pair.,2,2,positive,positive,1.1349421739578247,0.4601687490940094,2.4385159015655518
6,ZJN,An atonal estrogen opera that demonizes feminism while gifting the most sympathetic male of the piece with a nice vomit bath at his wedding.,0,2,negative,positive,1.0947245359420776,0.4306253492832184,2.363130807876587
6,ZJN,"Even by the intentionally low standards of frat-boy humor, Sorority Boys is a bowser.",0,2,negative,positive,1.7849701642990112,0.3702082335948944,2.090484380722046
6,ZJN,"Director of photography Benoit Delhomme shot the movie in delicious colors, and the costumes and sets are grand.",2,0,positive,negative,1.7064815759658813,0.6967617273330688,1.5819659233093262
6,ZJN,The only entertainment you'll derive from this choppy and sloppy affair will be from unintentional giggles -- several of them.,0,2,negative,positive,1.1925883293151855,0.39819422364234924,2.2586700916290283
6,ZJN,The film serves as a valuable time capsule to remind us of the devastating horror suffered by an entire people.,1,0,neutral,negative,1.894097924232483,0.4060310423374176,1.573857069015503
6,ZJN,"A bittersweet contemporary comedy about benevolent deception, which, while it may not rival the filmmaker's period pieces, is still very much worth seeing.",2,2,positive,positive,0.9280285835266113,0.3929677903652191,2.4917500019073486
6,ZJN,Attal pushes too hard to make this a comedy or serious drama.,0,0,negative,negative,1.8363420963287354,0.19574972987174988,1.8080682754516602
6,ZJN,Isabelle Huppert excels as the enigmatic Mika and Anna Mouglalis is a stunning new young talent in one of Chabrol's most intense psychological mysteries.,2,2,positive,positive,1.1560311317443848,-0.0162908136844635,2.435027599334717
6,ZJN,A small movie with a big impact.,2,2,positive,positive,0.8786697387695312,-0.007502704858779907,3.2306032180786133
6,ZJN,This bold and lyrical first feature from Raja Amari expands the pat notion that middle-aged women just wanna have fun into a rousing treatise of sensual empowerment.,2,2,positive,positive,1.0294573307037354,0.7632519006729126,2.468397855758667
6,ZJN,Photographed with melancholy richness and eloquently performed yet also decidedly uncinematic.,1,0,neutral,negative,1.7942243814468384,0.603502631187439,1.4965107440948486
6,ZJN,"Hey Arnold! is now stretched to barely feature length, with a little more attention paid to the animation.",1,2,neutral,positive,0.6664275527000427,0.8661925792694092,2.4244813919067383
6,ZJN,"After that, it just gets stupid and maudlin.",0,2,negative,positive,1.1301299333572388,0.7731178402900696,1.6857925653457642
6,ZJN,"The stunning, dreamlike visuals will impress even those viewers who have little patience for Euro-film pretension.",2,2,positive,positive,1.3264065980911255,0.44319888949394226,2.3216421604156494
6,ZJN,"Plods along, minus the twisted humor and eye-popping visuals that have made Miike... a cult hero.",1,2,neutral,positive,1.3243036270141602,-0.04263231158256531,2.6091039180755615
6,ZJN,"Impresses as a skillfully assembled, highly polished and professional adaptation... just about as chilling and unsettling as `Manhunter' was.",2,2,positive,positive,1.4946231842041016,0.06531652808189392,2.3349826335906982
6,ZJN,"For the most part, it's a work of incendiary genius, steering clear of knee-jerk reactions and quick solutions.",2,2,positive,positive,1.3041431903839111,0.13631537556648254,2.6210646629333496
6,ZJN,"It's badly acted, blandly directed, and could have been scripted by someone who just graduated from elementary school.",0,2,negative,positive,1.477468729019165,-0.021518617868423462,2.0948617458343506
6,ZJN,"The sort of picture in which, whenever one of the characters has some serious soul searching to do, they go to a picture-perfect beach during sunset.",1,2,neutral,positive,0.8294952511787415,0.13550439476966858,2.8739137649536133
6,ZJN,"Despite its raucous intent, XXX is as conventional as a Nike ad and as rebellious as spring break.",1,2,neutral,positive,0.9045659303665161,0.3362060487270355,2.1585536003112793
6,ZJN,... a roller-coaster ride of a movie,2,2,positive,positive,1.2119629383087158,0.11106309294700623,2.667149305343628
6,ZJN,Audiard successfully maintains suspense on different levels throughout a film that is both gripping and compelling.,2,2,positive,positive,1.3662222623825073,0.23643264174461365,2.3720145225524902
6,ZJN,After that it becomes long and tedious like a classroom play in a college history course.,0,2,negative,positive,1.568670630455017,0.15489116311073303,1.8339475393295288
6,ZJN,"This is cool, slick stuff, ready to quench the thirst of an audience that misses the summer blockbusters.",2,2,positive,positive,1.6628338098526,-0.11268243193626404,2.166675090789795
6,ZJN,"Blade II has a brilliant director and charismatic star, but it suffers from rampant vampire devaluation.",1,2,neutral,positive,1.3533860445022583,-0.12612676620483398,2.671248435974121
6,ZJN,"A loud, ugly, irritating movie without any of its satirical salvos hitting a discernible target.",0,2,negative,positive,1.5598455667495728,0.004934161901473999,2.012512445449829
6,ZJN,"For VeggieTales fans, this is more appetizing than a side dish of asparagus.",2,2,positive,positive,1.3303561210632324,0.19817855954170227,2.304046630859375
6,ZJN,"While it regards 1967 as the key turning point of the 20th century, and returns again and again to images of dissidents in the streets, it's alarmingly current.",1,2,neutral,positive,0.6538732647895813,0.6963799595832825,2.8735930919647217
6,ZJN,A truly wonderful tale combined with stunning animation.,2,2,positive,positive,0.54739910364151,0.1721470057964325,2.7550265789031982
6,ZJN,"Nothing sticks, really, except a lingering creepiness one feels from being dragged through a sad, sordid universe of guns, drugs, avarice and damaged dreams.",0,2,negative,positive,1.470370888710022,0.24601146578788757,2.2406513690948486
6,ZJN,``Simone'' is a fun and funky look into an artificial creation in a world that thrives on artificiality.,2,2,positive,positive,1.1180208921432495,0.10766127705574036,2.7598800659179688
6,ZJN,"It's a hoot watching The Rock chomp on jumbo ants, pull an arrow out of his back, and leap unscathed through raging fire!",2,2,positive,positive,1.394084095954895,0.16808369755744934,2.5113131999969482
6,ZJN,"While Tattoo borrows heavily from both Seven and The Silence of the Lambs, it manages to maintain both a level of sophisticated intrigue and human-scale characters that suck the audience in.",2,2,positive,positive,1.2012032270431519,0.2042180597782135,2.2770931720733643
6,ZJN,A portrait of an artist.,1,2,neutral,positive,1.3197232484817505,0.05397358536720276,2.529175043106079
6,ZJN,"As written by Michael Berg and Michael J. Wilson from a story by Wilson, this relentless, all-wise-guys-all-the-time approach tries way too hard and gets tiring in no time at all.",0,2,negative,positive,1.5345087051391602,0.8886527419090271,2.2785139083862305
6,ZJN,"It's the best film of the year so far, the benchmark against which all other Best Picture contenders should be measured.",2,2,positive,positive,1.6519200801849365,1.0538579225540161,2.183990001678467
6,ZJN,It never fails to engage us.,2,2,positive,positive,2.0582141876220703,0.8928780555725098,2.8591256141662598
6,ZJN,"Denis forges out of the theories of class - based rage and sisterly obsession a razor-sided tuning fork that rings with cultural, sexual and social discord.",1,2,neutral,positive,1.7046968936920166,0.9438637495040894,1.9943864345550537
6,ZJN,The movie slides downhill as soon as macho action conventions assert themselves.,0,0,negative,negative,2.105250597000122,1.1581677198410034,1.8642759323120117
6,ZJN,"More romantic, more emotional and ultimately more satisfying than the teary-eyed original.",2,0,positive,negative,2.180540084838867,1.2925490140914917,1.1653903722763062
6,ZJN,"Like the best of Godard's movies... it is visually ravishing, penetrating, impenetrable.",2,0,positive,negative,2.0254642963409424,1.3692004680633545,1.6493887901306152
6,ZJN,The cumulative effect of the movie is repulsive and depressing.,0,0,negative,negative,2.0129458904266357,1.1898213624954224,1.9955503940582275
6,ZJN,"Feels like nothing quite so much as a middle-aged moviemaker's attempt to surround himself with beautiful, half-naked women.",1,2,neutral,positive,1.6754575967788696,1.2735137939453125,1.9274094104766846
6,ZJN,"A very long movie, dull in stretches, with entirely too much focus on meal preparation and igloo construction.",0,0,negative,negative,1.982493281364441,1.1606303453445435,1.626062035560608
6,ZJN,"In XXX, Diesel is that rare creature -- an action hero with table manners, and one who proves that elegance is more than tattoo deep.",2,2,positive,positive,1.8711986541748047,1.0675395727157593,2.1899211406707764
6,ZJN,I'm not sure which will take longer to heal: the welt on Johnny Knoxville's stomach from a riot-control projectile or my own tortured psyche.,0,2,negative,positive,1.5825457572937012,1.538632869720459,1.7159067392349243
6,ZJN,"While Serving Sara does have a long way to go before it reaches the level of crudity in the latest Austin Powers extravaganza, there's nothing here to match that movie's intermittent moments of inspiration.",1,2,neutral,positive,1.75186026096344,1.152123212814331,2.2339911460876465
6,ZJN,"It's difficult to conceive of anyone who has reached puberty actually finding the characters in Slackers or their antics amusing, let alone funny.",0,2,negative,positive,1.8897573947906494,0.6360872983932495,2.3774263858795166
6,ZJN,"It never is, not fully.",1,2,neutral,positive,1.8624187707901,1.0390796661376953,2.375040292739868
6,ZJN,"Not only is Undercover Brother as funny, if not more so, than both Austin Powers films, but it's also one of the smarter, savvier spoofs to come along in some time.",2,2,positive,positive,1.4513956308364868,1.279693365097046,1.6777980327606201
6,ZJN,It should be mentioned that the set design and interiors of the haunted vessel are more than effectively creepy and moodily lit.,2,2,positive,positive,1.8367117643356323,0.7946286797523499,2.4207327365875244
6,ZJN,"With the exception of some fleetingly amusing improvisations by Cedric the Entertainer as Perry's boss, there isn't a redeeming moment here.",0,0,negative,negative,1.9432456493377686,1.2051334381103516,1.8188104629516602
6,ZJN,It's a funny little movie with clever dialogue and likeable characters.,2,0,positive,negative,2.1784989833831787,0.7483925223350525,2.0795559883117676
6,ZJN,"``13 Conversations'' holds its goodwill close, but is relatively slow to come to the point.",1,0,neutral,negative,2.239023208618164,1.4170485734939575,1.5506274700164795
6,ZJN,"Not the kind of film that will appeal to a mainstream American audience, but there is a certain charm about the film that makes it a suitable entry into the fest circuit.",2,2,positive,positive,1.5520316362380981,1.2193464040756226,2.09841251373291
6,ZJN,"You come away wishing, though, that the movie spent a lot less time trying to make a credible case for reports from the afterlife and a lot more time on the romantic urgency that's at the center of the story.",1,2,neutral,positive,1.6095343828201294,1.2802016735076904,2.0559074878692627
6,ZJN,The movie is virtually without context -- journalistic or historical.,0,2,negative,positive,1.7114852666854858,0.6807817220687866,2.5986340045928955
6,ZJN,"After sitting through this sloppy, made-for-movie comedy special, it makes me wonder if Lawrence hates criticism so much that he refuses to evaluate his own work.",0,2,negative,positive,1.7467455863952637,0.8274664282798767,2.4808804988861084
6,ZJN,Genuinely touching because it's realistic about all kinds of love.,2,2,positive,positive,1.8017044067382812,0.890055775642395,2.8090593814849854
6,ZJN,"For all the complications, it's all surprisingly predictable.",1,2,neutral,positive,1.9397130012512207,0.7226806879043579,2.452087640762329
6,ZJN,"Armed with a game supporting cast, from the pitch-perfect Forster to the always hilarious Meara and Levy, Like Mike shoots and scores, doing its namesake proud.",2,2,positive,positive,1.5575007200241089,0.849665641784668,2.2200357913970947
6,ZJN,It will guarantee to have you leaving the theater with a smile on your face.,2,0,positive,negative,1.959532618522644,1.3410942554473877,1.9299527406692505
6,ZJN,"The misery of these people becomes just another voyeuristic spectacle, to be consumed and forgotten.",0,2,negative,positive,1.9299520254135132,1.103153109550476,2.323880434036255
6,ZJN,"A thoroughly awful movie -- dumb, narratively chaotic, visually sloppy... a weird amalgam of `The Thing' and a geriatric `Scream.'",0,0,negative,negative,2.1165013313293457,1.1356807947158813,1.616346836090088
6,ZJN,"One of those staggeringly well-produced, joylessly extravagant pictures that keep whooshing you from one visual marvel to the next, hastily, emptily.",1,2,neutral,positive,1.586323857307434,1.1516180038452148,2.3481383323669434
6,ZJN,"Measured against practically any like-themed film other than its Oscar-sweeping franchise predecessor The Silence of the Lambs, Red Dragon rates as an exceptional thriller.",2,2,positive,positive,1.5992356538772583,1.0770370960235596,1.9016642570495605
6,ZJN,"The movie has no respect for laws, political correctness or common decency, but it displays something more important: respect for its flawed, crazy people.",1,2,neutral,positive,1.5193177461624146,1.2179664373397827,2.2892847061157227
6,ZJN,"In a strange way, Egoyan has done too much.",1,2,neutral,positive,1.889876127243042,1.1387505531311035,2.3831629753112793
6,ZJN,"After seeing the film, I can tell you that there's no other reason why anyone should bother remembering it.",0,0,negative,negative,2.127276659011841,1.2572126388549805,1.573099136352539
6,ZJN,The film is darkly funny in its observation of just how much more grueling and time-consuming the illusion of work is than actual work.,2,2,positive,positive,1.888621211051941,1.2104779481887817,2.2001118659973145
6,ZJN,"In some ways, Lagaan is quintessential Bollywood.",1,2,neutral,positive,1.7416359186172485,1.409626841545105,1.8567147254943848
6,ZJN,"Pacino and Williams seem to keep upping the ante on each other, just as their characters do in the film.",2,2,positive,positive,1.875190019607544,1.4455102682113647,1.9213603734970093
6,ZJN,"It would be disingenuous to call Reno a great film, but you can say that about most of the flicks moving in and out of the multiplex.",1,2,neutral,positive,1.7607042789459229,1.0508735179901123,2.532346725463867
6,ZJN,"Some movies can get by without being funny simply by structuring the scenes as if they were jokes: a setup, delivery and payoff.",1,2,neutral,positive,1.5904442071914673,0.955206573009491,2.199572801589966
6,ZJN,Narc can only remind us of brilliant crime dramas without becoming one itself.,1,2,neutral,positive,1.7077505588531494,1.5687804222106934,1.7823493480682373
6,ZJN,Narc is a no-bull throwback to 1970s action films.,2,0,positive,negative,2.179699659347534,1.2005115747451782,1.545809030532837
6,ZJN,Intriguing and downright intoxicating.,2,2,positive,positive,1.3591450452804565,0.8874359726905823,3.0110926628112793
6,ZJN,"The wonderful combination of the sweetness and the extraordinary technical accomplishments of the first film are maintained, but its overall impact falls a little flat with a storyline that never quite delivers the original magic.",1,2,neutral,positive,1.741356611251831,1.3706159591674805,1.8282150030136108
6,ZJN,Perhaps the most annoying thing about Who Is Cletis Tout? is that it's a crime movie made by someone who obviously knows nothing about crime.,0,2,negative,positive,1.4084868431091309,1.507686972618103,1.9748891592025757
6,ZJN,"In addition to scoring high for originality of plot -- putting together familiar themes of family, forgiveness and love in a new way -- Lilo & Stitch has a number of other assets to commend it to movie audiences both innocent and jaded.",2,2,positive,positive,1.331052541732788,1.1316227912902832,2.2757296562194824
6,ZJN,The quirky drama touches the heart and the funnybone thanks to the energetic and always surprising performance by Rachel Griffiths.,2,2,positive,positive,1.5253801345825195,1.4357335567474365,2.075139284133911
6,ZJN,"At its worst, it implodes in a series of very bad special effects.",0,2,negative,positive,1.9699163436889648,1.0107526779174805,2.382338047027588
6,ZJN,Bad and baffling from the get-go.,0,2,negative,positive,1.702563762664795,0.8899690508842468,2.968191385269165
6,ZJN,"The movie is a blast of educational energy, as bouncy animation and catchy songs escort you through the entire 85 minutes.",2,2,positive,positive,1.8983169794082642,1.0573070049285889,2.0427541732788086
6,ZJN,The original wasn't a good movie but this remake makes it look like a masterpiece!,0,1,negative,neutral,1.789878010749817,1.980392575263977,1.1621837615966797
6,ZJN,"To my taste, the film's comic characters come perilously close to being Amoses and Andys for a new generation.",1,0,neutral,negative,1.8469585180282593,0.7745847702026367,1.3397223949432373
6,ZJN,"Although the sequel has all the outward elements of the original, the first film's lovely flakiness is gone, replaced by the forced funniness found in the dullest kiddie flicks.",0,2,negative,positive,1.0047023296356201,1.2537143230438232,1.278589129447937
6,ZJN,"The real charm of this trifle is the deadpan comic face of its star, Jean Reno, who resembles Sly Stallone in a hot sake half-sleep.",1,0,neutral,negative,1.7231875658035278,1.4211430549621582,1.4617811441421509
6,ZJN,"... a cute and sometimes side-splittingly funny blend of Legally Blonde and Drop Dead Gorgeous, starring Piper Perabo in what could be her breakthrough role.",2,2,positive,positive,1.4187698364257812,0.5843969583511353,1.5895599126815796
6,ZJN,"This method almost never fails him, and it works superbly here.",2,0,positive,negative,1.8719052076339722,1.1748548746109009,1.0239492654800415
6,ZJN,Few films capture so perfectly the hopes and dreams of little boys on baseball fields as well as the grown men who sit in the stands.,2,2,positive,positive,0.5904001593589783,1.1588010787963867,1.9805094003677368
6,ZJN,Steers has an unexpectedly adamant streak of warm-blooded empathy for all his disparate Manhattan denizens -- especially the a**holes.,1,0,neutral,negative,1.7371671199798584,1.3429032564163208,1.5993620157241821
6,ZJN,"The Emperor's Club is one of those films that possesses all the good intentions in the world, but...",1,1,neutral,neutral,1.4884189367294312,1.7097277641296387,1.3500169515609741
6,ZJN,The most compelling performance of the year adds substantial depth to this shocking testament to anti-Semitism and neo-fascism.,2,0,positive,negative,2.3235433101654053,1.0051504373550415,1.286834478378296
6,ZJN,"LaBute can't avoid a fatal mistake in the modern era: He's changed the male academic from a lower-class Brit to an American, a choice that upsets the novel's exquisite balance and shreds the fabric of the film.",1,2,neutral,positive,1.1409003734588623,0.8458272814750671,2.5020928382873535
6,ZJN,A biopic about Crane's life in the classic tradition but evolves into what has become of us all in the era of video.,1,2,neutral,positive,1.0321074724197388,0.6573818325996399,2.464789867401123
6,ZJN,"A work of extraordinary journalism, but it is also a work of deft and subtle poetry.",2,0,positive,negative,2.286280393600464,1.210709571838379,1.1685142517089844
6,ZJN,... think of it as American Pie On Valium.,1,0,neutral,negative,2.2744572162628174,0.5317344069480896,1.426404595375061
6,ZJN,Gere gives a good performance in a film that doesn't merit it.,1,2,neutral,positive,1.8326361179351807,1.650298833847046,2.1221234798431396
6,ZJN,The Pianist is Polanski's best film.,2,2,positive,positive,1.7375653982162476,0.0656900703907013,1.8473477363586426
6,ZJN,Maybe Thomas Wolfe was right: You can't go home again.,1,1,neutral,neutral,0.9328902363777161,1.7274903059005737,1.387483835220337
6,ZJN,"The director, with his fake backdrops and stately pacing, never settles on a consistent tone.",0,2,negative,positive,1.1090093851089478,1.4367671012878418,1.6866371631622314
6,ZJN,"Why he was given free reign over this project -- he wrote, directed, starred and produced -- is beyond me.",0,2,negative,positive,1.489040493965149,0.7747907042503357,1.6551541090011597
6,ZJN,"If you enjoy being rewarded by a script that assumes you aren't very bright, then Blood Work is for you.",0,0,negative,negative,2.163226842880249,1.6780264377593994,1.5315746068954468
6,ZJN,"Like Rudy Yellow Lodge, Eyre needs to take a good sweat to clarify his cinematic vision before his next creation and remember the lessons of the trickster spider.",0,2,negative,positive,0.9397521018981934,0.8860061764717102,1.8845224380493164
6,ZJN,But his showboating wise-cracker stock persona sure is getting old.,1,2,neutral,positive,1.1092878580093384,0.9517095685005188,2.1160666942596436
6,ZJN,"Circuit queens won't learn a thing, they'll be too busy cursing the film's strategically placed white sheets.",1,0,neutral,negative,2.2231266498565674,1.4178842306137085,0.8186880350112915
6,ZJN,"A lot of talent is wasted in this crass, low-wattage endeavor.",0,0,negative,negative,2.273678779602051,1.0429352521896362,1.2316532135009766
6,ZJN,"Alain Choquart's camera barely stops moving, portraying both the turmoil of the time and giving Conduct a perpetual sense of urgency, which, for a film that takes nearly three hours to unspool, is both funny and irritating.",1,2,neutral,positive,1.5778188705444336,0.7855719327926636,1.5968745946884155
6,ZJN,The second coming of Harry Potter is a film far superior to its predecessor.,2,0,positive,negative,1.6829639673233032,1.001967430114746,0.9960392117500305
6,ZJN,This stuck pig of a movie flails limply between bizarre comedy and pallid horror.,0,0,negative,negative,1.9288790225982666,1.3197654485702515,1.064250111579895
6,ZJN,"The film just might turn on many people to opera, in general, an art form at once visceral and spiritual, wonderfully vulgar and sublimely lofty -- and as emotionally grand as life.",2,0,positive,negative,1.5055469274520874,0.9736655950546265,0.6679509878158569
6,ZJN,"The delicious trimmings... arrive early and stay late, filling nearly every minute... with a lighthearted glow, some impudent snickers, and a glorious dose of humankind's liberating ability to triumph over a Scrooge or two.",2,0,positive,negative,1.8918061256408691,0.6348908543586731,0.7205747961997986
6,ZJN,"The inhospitability of the land emphasizes the spare precision of the narratives and helps to give them an atavistic power, as if they were tales that had been handed down since the beginning of time.",1,0,neutral,negative,1.338632583618164,1.3263963460922241,0.957730233669281
6,ZJN,Even more baffling is that it's funny.,1,2,neutral,positive,1.2557096481323242,0.5335221290588379,2.4722068309783936
6,ZJN,"Parker should be commended for taking a fresh approach to familiar material, but his determination to remain true to the original text leads him to adopt a somewhat mannered tone... that ultimately dulls the human tragedy at the story's core.",1,0,neutral,negative,1.48080575466156,1.06040620803833,1.419457197189331
6,ZJN,"Hard, endearing, caring, warm.",2,2,positive,positive,0.9099652767181396,1.8812427520751953,2.124917984008789
6,ZJN,"I have no problem with ``difficult'' movies, or movies that ask the audience to meet them halfway and connect the dots instead of having things all spelled out.",1,0,neutral,negative,2.0739173889160156,0.4195576012134552,1.3312714099884033
6,ZJN,The way Coppola professes his love for movies -- both colorful pop junk and the classics that unequivocally qualify as art -- is giddily entertaining.,2,0,positive,negative,1.6453593969345093,0.9239513874053955,1.092665195465088
6,ZJN,Both the crime story and the love story are unusual.,1,2,neutral,positive,1.5563136339187622,0.9314684867858887,1.6134001016616821
6,ZJN,It's never a good sign when a film's star spends the entirety of the film in a coma.,0,0,negative,negative,2.379035711288452,0.6422138810157776,1.3454034328460693
6,ZJN,A creaky staircase gothic.,1,2,neutral,positive,1.2297964096069336,0.6407136917114258,4.311178207397461
6,ZJN,"If there's a way to effectively teach kids about the dangers of drugs, I think it's in projects like the (unfortunately R-rated) Paid.",1,0,neutral,negative,2.4616506099700928,0.36142727732658386,1.2795065641403198
6,ZJN,"If you're a WWF fan, or you related to the people who watched the robots getting butchered in A.I., you'll probably like Rollerball.",1,1,neutral,neutral,1.742629885673523,1.8475927114486694,1.3273413181304932
6,ZJN,Norton holds the film together.,1,2,neutral,positive,1.6871522665023804,0.27216485142707825,2.4581058025360107
6,ZJN,"A breathtaking adventure for all ages, Spirit tells its poignant and uplifting story in a stunning fusion of music and images.",2,0,positive,negative,1.8977563381195068,1.5360004901885986,0.823613166809082
6,ZJN,It won't bust your gut -- and it's not intended to -- it's merely a blandly cinematic surgical examination of what makes a joke a joke.,1,2,neutral,positive,1.4707328081130981,0.17949971556663513,1.5248777866363525
6,ZJN,Largely a for-fans artifact.,1,2,neutral,positive,2.1187655925750732,0.19888505339622498,2.1527371406555176
6,ZJN,A movie so bad that it quickly enters the pantheon of wreckage that includes Battlefield Earth and Showgirls.,0,0,negative,negative,1.9504064321517944,0.6636629700660706,0.9799679517745972
6,ZJN,"If you're over 25, have an IQ over 90, and have a driver's license, you should be able to find better entertainment.",0,0,negative,negative,2.047792673110962,0.6676786541938782,0.7212305665016174
6,ZJN,A solid piece of journalistic work that draws a picture of a man for whom political expedience became a deadly foreign policy.,1,0,neutral,negative,2.414121389389038,0.7785852551460266,0.7719960808753967
6,ZJN,"The doofus-on-the-loose banter of Welcome to Collinwood has a cocky, after-hours loopiness to it.",1,0,neutral,negative,2.5805039405822754,0.9320758581161499,0.7157034277915955
6,ZJN,It's the funniest American comedy since Graffiti Bridge.,2,0,positive,negative,1.590330719947815,0.11985966563224792,1.3295252323150635
6,ZJN,Samuel Beckett applied to the Iranian voting process.,1,2,neutral,positive,1.2486352920532227,0.9098391532897949,1.8989324569702148
6,ZJN,A strangely compelling and brilliantly acted psychological drama.,2,2,positive,positive,0.3701404631137848,0.019414454698562622,3.2303881645202637
6,ZJN,"Often gruelling and heartbreaking to witness, but Seldahl and Wollter's sterling performances raise this far above the level of the usual maudlin disease movie.",2,2,positive,positive,1.7653285264968872,-0.21657279133796692,2.303942918777466
6,ZJN,"This enthralling documentary... is at once playful and haunting, an in-depth portrait of an iconoclastic artist who was fundamentally unknowable even to his closest friends.",2,2,positive,positive,1.7304784059524536,0.5869013667106628,2.271902322769165
6,ZJN,"I didn't laugh at the ongoing efforts of Cube, and his skinny buddy Mike Epps, to make like Laurel and Hardy'n the hood.",0,2,negative,positive,1.006423830986023,-0.20040366053581238,3.208564281463623
6,ZJN,"At its best when the guarded, resentful Betty and the manipulative yet needy Margot are front and center.",1,2,neutral,positive,2.0771076679229736,0.4001159965991974,2.300398826599121
6,ZJN,Ford deserves to be remembered at Oscar time for crafting this wonderful portrait of a conflicted soldier.,2,0,positive,negative,1.8302361965179443,0.5051308274269104,1.7485768795013428
6,ZJN,"That is essentially what's missing from Blackboards -- the sense of something bigger, some ultimate point.",1,0,neutral,negative,2.0587568283081055,0.45177486538887024,2.036041498184204
6,ZJN,"It's a bizarre curiosity memorable mainly for the way it fritters away its potentially interesting subject matter via a banal script, unimpressive acting and indifferent direction.",1,2,neutral,positive,1.4645838737487793,0.7097164988517761,2.391164779663086
6,ZJN,"While obviously an extremely personal work, it remains inextricably stuck in an emotionally unavailable rut.",1,2,neutral,positive,2.0627293586730957,0.06018748879432678,2.2547552585601807
6,ZJN,"A dim-witted and lazy spin-off of the Animal Planet documentary series, Crocodile Hunter is entertainment opportunism at its most glaring.",0,0,negative,negative,1.9511504173278809,0.281395822763443,1.7161942720413208
6,ZJN,"The good is very, very good... The rest runs from mildly unimpressive to despairingly awful.",1,2,neutral,positive,1.6102768182754517,0.8514352440834045,1.8871939182281494
6,ZJN,"Methodical, measured, and gently tedious in its comedy, Secret Ballot is a purposefully reductive movie -- which may be why it's so successful at lodging itself in the brain.",2,2,positive,positive,1.1408690214157104,0.7860556840896606,1.4217135906219482
6,ZJN,One of the most exciting action films to come out of China in recent years.,2,2,positive,positive,1.7642790079116821,-0.1345132291316986,2.014653444290161
6,ZJN,Adam Sandler's Eight Crazy Nights grows on you -- like a rash.,0,2,negative,positive,1.641243815422058,0.4248993694782257,1.9144259691238403
6,ZJN,"The film feels formulaic, its plot and pacing typical Hollywood war-movie stuff, while the performances elicit more of a sense of deja vu than awe.",0,2,negative,positive,1.1883972883224487,0.6275152564048767,2.6961958408355713
6,ZJN,"... pitiful, slapdash disaster.",0,0,negative,negative,1.530174970626831,0.5074862837791443,1.4635757207870483
6,ZJN,"As it stands, there's some fine sex onscreen, and some tense arguing, but not a whole lot more.",1,0,neutral,negative,2.1097371578216553,1.2132141590118408,1.4673254489898682
6,ZJN,It's neither as romantic nor as thrilling as it should be.,0,2,negative,positive,1.345535397529602,0.48789188265800476,2.7212698459625244
6,ZJN,Returning director Rob Minkoff... and screenwriter Bruce Joel Rubin... have done a fine job of updating White's dry wit to a new age.,2,2,positive,positive,1.3017605543136597,-0.12094882130622864,3.3119680881500244
6,ZJN,"The Venezuelans say things like ``si, pretty much'' and ``por favor, go home'' when talking to Americans.",1,2,neutral,positive,1.9218698740005493,0.6085500717163086,2.105123519897461
6,ZJN,"If you already like this sort of thing, this is that sort of thing all over again.",1,0,neutral,negative,2.003082036972046,0.8794136047363281,1.7558410167694092
6,ZJN,An awful movie that will only satisfy the most emotionally malleable of filmgoers.,0,0,negative,negative,2.259692907333374,0.32437488436698914,1.5859712362289429
6,ZJN,"This is an extraordinary film, not least because it is Japanese and yet feels universal.",2,2,positive,positive,1.5913465023040771,0.5017282962799072,2.1827924251556396
6,ZJN,"Aptly named, this shimmering, beautifully costumed and filmed production doesn't work for me.",1,2,neutral,positive,1.638313889503479,0.7429507374763489,1.9806214570999146
6,ZJN,"If Borstal Boy isn't especially realistic, it is an engaging nostalgia piece.",1,2,neutral,positive,1.725113868713379,0.282846063375473,1.7318689823150635
6,ZJN,Griffiths proves she's that rare luminary who continually raises the standard of her profession.,2,0,positive,negative,2.2941017150878906,0.21316680312156677,1.9620344638824463
6,ZJN,"The asylum material is gripping, as are the scenes of Jia with his family.",2,2,positive,positive,1.6454130411148071,0.4741103947162628,2.0750041007995605
6,ZJN,"... by the time it's done with us, Mira Nair's new movie has its audience giddy with the delight of discovery, of having been immersed in a foreign culture only to find that human nature is pretty much the same all over.",2,2,positive,positive,0.9267337918281555,1.1471672058105469,2.2667877674102783
6,ZJN,... about as exciting to watch as two last-place basketball teams playing one another on the final day of the season.,0,2,negative,positive,1.2497992515563965,0.22303709387779236,3.17919659614563
6,ZJN,Girls gone wild and gone civil again,1,2,neutral,positive,1.1754974126815796,0.12559941411018372,2.7579915523529053
6,ZJN,To say Analyze That is De Niro's best film since Meet the Parents sums up the sad state of his recent career.,1,2,neutral,positive,1.3589047193527222,-0.44181594252586365,3.4509098529815674
6,ZJN,"Like being trapped inside a huge video game, where exciting, inane images keep popping past your head and the same illogical things keep happening over and over again.",1,2,neutral,positive,0.5297148823738098,0.46818962693214417,2.997224807739258
6,ZJN,`Enigma' is the kind of engaging historical drama that Hollywood appears to have given up on in favor of sentimental war movies in the vein of `We Were Soldiers.',1,2,neutral,positive,1.1952792406082153,-0.34461817145347595,2.3945252895355225
6,ZJN,The Rock has a great presence but one battle after another is not the same as one battle followed by killer CGI effects.,1,2,neutral,positive,0.7533238530158997,0.4683329164981842,3.118543863296509
6,ZJN,Visually sumptuous but intellectually stultifying.,1,2,neutral,positive,0.8761748671531677,0.12645027041435242,2.314094305038452
6,ZJN,"So young, so smart, such talent, such a wise ***.",2,2,positive,positive,1.376715064048767,-0.05346795916557312,1.7445347309112549
6,ZJN,"The problem is that for the most part, the film is deadly dull.",0,0,negative,negative,2.3357856273651123,-0.34507688879966736,1.5505902767181396
6,ZJN,A thinly veiled look at different aspects of Chinese life clashing with each other.,1,0,neutral,negative,1.6817728281021118,0.8053311705589294,1.4310944080352783
6,ZJN,An exhilarating experience.,2,2,positive,positive,0.9317188858985901,-0.47571590542793274,3.4545323848724365
6,ZJN,Its vision of that awkward age when sex threatens to overwhelm everything else is acute enough to make everyone who has been there squirm with recognition.,1,2,neutral,positive,0.9124141335487366,0.6307042241096497,3.183682680130005
6,ZJN,Remarkably accessible and affecting.,2,2,positive,positive,0.6695643067359924,0.9550383687019348,3.0135068893432617
6,ZJN,"The climactic events are so well realized that you may forget all about the original conflict, just like the movie does.",1,2,neutral,positive,1.4208828210830688,-0.2880922853946686,2.9107680320739746
6,ZJN,Distinctly sub-par... more likely to drown a viewer in boredom than to send any shivers down his spine.,0,0,negative,negative,2.1991281509399414,0.30157384276390076,1.7419437170028687
6,ZJN,Godard's ode to tackling life's wonderment is a rambling and incoherent manifesto about the vagueness of topical excess... In Praise of Love remains a ponderous and pretentious endeavor that's unfocused and tediously exasperating.,0,2,negative,positive,1.3089100122451782,0.08538874983787537,3.0259106159210205
6,ZJN,"We never truly come to care about the main characters and whether or not they'll wind up together, and Michele's spiritual quest is neither amusing nor dramatic enough to sustain interest.",0,2,negative,positive,1.2654837369918823,0.49140724539756775,2.6045053005218506
6,ZJN,"Most haunting about ``Fence'' is its conclusion, when we hear the ultimate fate of these girls and realize, much to our dismay, that this really did happen.",2,2,positive,positive,1.5110145807266235,-0.04159650206565857,2.7786669731140137
6,ZJN,"Bogdanovich taps deep into the Hearst mystique, entertainingly reenacting a historic scandal.",2,0,positive,negative,1.7937732934951782,0.9503806233406067,1.4529417753219604
6,ZJN,"Peralta's mythmaking could have used some informed, adult hindsight.",1,2,neutral,positive,1.5445131063461304,1.2258166074752808,2.2507455348968506
6,ZJN,"``My god, I'm behaving like an idiot!''",1,2,neutral,positive,-0.19940713047981262,0.5509804487228394,4.143649101257324
6,ZJN,"Devos and Cassel have tremendous chemistry -- their sexual and romantic tension, while never really vocalized, is palpable.",2,2,positive,positive,1.6850520372390747,0.5951444506645203,2.5931942462921143
6,ZJN,"As a girl-meets-girl romantic comedy, Kissing Jessica Steinis quirky, charming and often hilarious.",2,0,positive,negative,2.0591135025024414,0.5819567441940308,1.9074506759643555
6,ZJN,Gollum's `performance' is incredible!,2,2,positive,positive,1.0195045471191406,0.7330623269081116,3.2239129543304443
6,ZJN,"... a haunting vision, with images that seem more like disturbing hallucinations.",0,0,negative,negative,2.169588565826416,1.0396435260772705,1.8684815168380737
6,ZJN,"As a remake, it's a pale imitation.",0,2,negative,positive,1.0017566680908203,1.4318047761917114,2.120511531829834
6,ZJN,Adults will certainly want to spend their time in the theater thinking up grocery lists and ways to tell their kids how not to act like Pinocchio.,1,2,neutral,positive,0.896894633769989,0.4316706359386444,2.7931060791015625
6,ZJN,"Not as distinctive or even as humorous as its needs to be to stand out, but it has clearly been made with affection and care.",1,0,neutral,negative,2.2047135829925537,1.2238235473632812,1.710187315940857
6,ZJN,A generic family comedy unlikely to be appreciated by anyone outside the under-10 set.,0,2,negative,positive,1.833223819732666,1.4398199319839478,1.925040364265442
6,ZJN,"An amalgam of The Fugitive, Blade Runner, and Total Recall, only without much energy or tension.",1,1,neutral,neutral,1.7534714937210083,1.7611453533172607,0.554660439491272
6,ZJN,"Everything its title implies, a standard-issue crime drama spat out from the Tinseltown assembly line.",1,0,neutral,negative,2.27131986618042,0.9172648191452026,1.8423298597335815
6,ZJN,"This odd, poetic road movie, spiked by jolts of pop music, pretty much takes place in Morton's ever-watchful gaze -- and it's a tribute to the actress, and to her inventive director, that the journey is such a mesmerizing one.",2,2,positive,positive,1.2255414724349976,0.568539559841156,2.138746738433838
6,ZJN,"Co-writer/director Jonathan Parker's attempts to fashion a Brazil-like, hyper-real satire fall dreadfully short.",0,0,negative,negative,2.391251802444458,1.2229957580566406,0.8144192099571228
6,ZJN,"An amateurish, quasi-improvised acting exercise shot on ugly digital video.",0,2,negative,positive,1.034476399421692,0.6747198104858398,2.9468228816986084
6,ZJN,"``The Kid Stays in the Picture'' is a great story, terrifically told by the man who wrote it but this Cliff Notes edition is a cheat.",1,0,neutral,negative,1.755907654762268,1.0805256366729736,1.6836814880371094
6,ZJN,"A gratingly unfunny groaner littered with zero-dimensional, unlikable characters and hackneyed, threadbare comic setups.",0,2,negative,positive,1.9560397863388062,0.4613613188266754,2.2112278938293457
6,ZJN,"While this gentle and affecting melodrama will have luvvies in raptures, it's far too slight and introspective to appeal to anything wider than a niche audience.",1,2,neutral,positive,1.0986517667770386,0.7659055590629578,1.7644437551498413
6,ZJN,Griffin & Co. manage to be spectacularly outrageous.,2,2,positive,positive,0.8138915300369263,1.768496036529541,2.7078099250793457
6,ZJN,"A profoundly stupid affair, populating its hackneyed and meanspirited storyline with cardboard characters and performers who value cash above credibility.",0,2,negative,positive,1.7152775526046753,0.7914118766784668,2.272672176361084
6,ZJN,"Warm Water Under a Red Bridge is a quirky and poignant Japanese film that explores the fascinating connections between women, water, nature, and sexuality.",2,2,positive,positive,0.6054075956344604,0.18322616815567017,3.7609174251556396
6,ZJN,It isn't that Stealing Harvard is a horrible movie -- if only it were that grand a failure!,0,2,negative,positive,1.547669768333435,0.7063748240470886,2.288318634033203
6,ZJN,It just doesn't have much else... especially in a moral sense.,1,2,neutral,positive,1.774187684059143,1.072396159172058,2.3928258419036865
6,ZJN,Those unfamiliar with Mormon traditions may find The Singles Ward occasionally bewildering.,1,2,neutral,positive,1.9737333059310913,0.8325430750846863,2.3272438049316406
6,ZJN,"Viewed as a comedy, a romance, a fairy tale, or a drama, there's nothing remotely triumphant about this motion picture.",1,2,neutral,positive,1.161062479019165,0.5985215306282043,2.389132499694824
6,ZJN,"But the talented cast alone will keep you watching, as will the fight scenes.",2,2,positive,positive,1.5075980424880981,1.3766621351242065,2.18147611618042
6,ZJN,It's solid and affecting and exactly as thought-provoking as it should be.,2,2,positive,positive,1.1187726259231567,0.6551094651222229,2.9750285148620605
6,ZJN,"Thanks largely to Williams, all the interesting developments are processed in 60 minutes -- the rest is just an overexposed waste of film.",0,2,negative,positive,1.2693710327148438,0.6092748045921326,2.405641555786133
6,ZJN,"Cantet perfectly captures the hotel lobbies, two-lane highways, and roadside cafes that permeate Vincent's days",2,0,positive,negative,1.7539830207824707,1.3141565322875977,1.4151198863983154
6,ZJN,"An important movie, a reminder of the power of film to move us and to make us examine our values.",2,2,positive,positive,1.327206015586853,1.400052547454834,2.570812940597534
6,ZJN,"Too much of this well-acted but dangerously slow thriller feels like a preamble to a bigger, more complicated story, one that never materializes.",0,0,negative,negative,1.7966126203536987,0.7375029921531677,1.7567708492279053
6,ZJN,A richly imagined and admirably mature work from a gifted director who definitely has something on his mind.,2,0,positive,negative,1.711053729057312,1.1013011932373047,1.333168625831604
6,ZJN,"The art direction is often exquisite, and the anthropomorphic animal characters are beautifully realized through clever makeup design, leaving one to hope that the eventual DVD release will offer subtitles and the original Italian-language soundtrack.",2,2,positive,positive,1.2623478174209595,0.7583683133125305,1.9906611442565918
6,ZJN,"... Jones, despite a definitely distinctive screen presence, just isn't able to muster for a movie that, its title notwithstanding, should have been a lot nastier if it wanted to fully capitalize on its lead's specific gifts.",1,2,neutral,positive,1.4289075136184692,0.5773683190345764,1.7691493034362793
6,ZJN,But what's nice is that there's a casual intelligence that permeates the script.,2,0,positive,negative,1.9313794374465942,0.9635672569274902,1.8719843626022339
6,ZJN,"Every individual will see the movie through the prism of his or her own beliefs and prejudices, but the one thing most will take away is the sense that peace is possible.",2,0,positive,negative,1.5394421815872192,0.8176743388175964,1.3471623659133911
6,ZJN,"Feels slight, as if it were an extended short, albeit one made by the smartest kids in class.",1,0,neutral,negative,1.6823201179504395,1.0527681112289429,0.6149474382400513
6,ZJN,The picture doesn't know it's a comedy.,1,2,neutral,positive,0.45397433638572693,1.459747314453125,2.4262592792510986
6,ZJN,"Starts out mediocre, spirals downward, and thuds to the bottom of the pool with an utterly incompetent conclusion.",0,2,negative,positive,1.0904384851455688,0.6092002391815186,1.5199000835418701
6,ZJN,The sort of movie that gives tastelessness a bad rap.,0,1,negative,neutral,0.7256612777709961,1.6359819173812866,1.5813649892807007
6,ZJN,Its engaging simplicity is driven by appealing leads.,2,1,positive,neutral,0.659349262714386,1.80145263671875,1.7857121229171753
7,ZJS,"Beautifully crafted, engaging filmmaking that should attract upscale audiences hungry for quality and a nostalgic, twisty yarn that will keep them guessing.",2,2,positive,positive,-0.8985110521316528,-0.7097416520118713,-0.5266191363334656
7,ZJS,"Bread, My Sweet has so many flaws it would be easy for critics to shred it.",0,0,negative,negative,-0.5203571915626526,-0.7757582068443298,-0.5727857947349548
7,ZJS,"Slow, silly and unintentionally hilarious.",1,2,neutral,positive,-0.8469541668891907,-0.7379562854766846,-0.3849509656429291
7,ZJS,"Ultimately feels empty and unsatisfying, like swallowing a Communion wafer without the wine.",0,0,negative,negative,-0.2910294830799103,-0.6597962379455566,-0.7342317700386047
7,ZJS,The film rehashes several old themes and is capped with pointless extremes -- it's insanely violent and very graphic.,0,0,negative,negative,-0.4115425646305084,-0.4737873375415802,-0.7928397059440613
7,ZJS,"Ryan Gosling is, in a word, brilliant as the conflicted Daniel.",2,2,positive,positive,-0.5418873429298401,-0.6254258751869202,-0.5372968316078186
7,ZJS,"If Deuces Wild had been tweaked up a notch it would have become a camp adventure, one of those movies that's so bad it starts to become good.",1,0,neutral,negative,-0.5679910182952881,-0.9288272261619568,-0.5789294838905334
7,ZJS,The film's stagecrafts are intimate and therefore bolder than the otherwise calculated artifice that defines and overwhelms the film's production design.,1,2,neutral,positive,-0.6680757403373718,-1.0632773637771606,-0.5794990062713623
7,ZJS,"Frida is certainly no disaster, but neither is it the Kahlo movie Frida fans have been looking for.",1,2,neutral,positive,-0.6234431266784668,-0.7769644856452942,-0.5808975696563721
7,ZJS,The film often achieves a mesmerizing poetry.,2,0,positive,negative,-0.5739733576774597,-0.9205674529075623,-0.6349954009056091
7,ZJS,A work of astonishing delicacy and force.,2,2,positive,positive,-0.7583325505256653,-1.199207067489624,-0.13100001215934753
7,ZJS,"For the most part, the ingredients are there.",1,0,neutral,negative,-0.5273435711860657,-0.8300673365592957,-0.5449007749557495
7,ZJS,"But if you've paid a matinee price and bought a big tub of popcorn, there's guilty fun to be had here.",1,0,neutral,negative,-0.46280089020729065,-0.8817647695541382,-0.697141170501709
7,ZJS,"There's not much to Fatale, outside of its stylish surprises... but that's OK.",1,1,neutral,neutral,-0.555580198764801,-0.520997941493988,-0.8511664271354675
7,ZJS,"This version moves beyond the original's nostalgia for the communal film experiences of yesteryear to a deeper realization of cinema's inability to stand in for true, lived experience.",1,0,neutral,negative,-0.5468970537185669,-0.9211937785148621,-0.5490565896034241
7,ZJS,"There's no palpable chemistry between Lopez and male lead Ralph Fiennes, plus the script by Working Girl scribe Kevin Wade is workmanlike in the extreme.",0,0,negative,negative,-0.5141051411628723,-1.1149975061416626,-0.5377374291419983
7,ZJS,"A first-class, thoroughly involving B movie that effectively combines two surefire, beloved genres -- the prison flick and the fight film.",2,0,positive,negative,-0.5056204795837402,-0.7441193461418152,-0.7650514245033264
7,ZJS,The film is so bad it doesn't improve upon the experience of staring at a blank screen.,0,0,negative,negative,-0.36950188875198364,-0.8106146454811096,-0.7345811724662781
7,ZJS,Another Best of the Year selection.,2,2,positive,positive,-0.6206392645835876,-0.7739992141723633,-0.4953005611896515
7,ZJS,It's all a rather shapeless good time...,1,2,neutral,positive,-0.5981508493423462,-1.2754253149032593,-0.3098427355289459
7,ZJS,I love the robust middle of this picture.,2,1,positive,neutral,-0.5253931879997253,-0.48134201765060425,-0.7109960317611694
7,ZJS,"That's not vintage Spielberg and that, finally, is minimally satisfying.",1,0,neutral,negative,-0.4843301475048065,-0.6841123700141907,-0.8171953558921814
7,ZJS,The soundtrack alone is worth the price of admission.,2,0,positive,negative,-0.28452467918395996,-0.956493079662323,-0.742805540561676
7,ZJS,"Featuring a dangerously seductive performance from the great Daniel Auteuil, ``Sade'' covers the same period as Kaufmann's ``Quills'' with more unsettlingly realistic results.",2,2,positive,positive,-0.7733497023582458,-0.8149600625038147,-0.5486941337585449
7,ZJS,"The movie is for fans who can't stop loving anime, and the fanatical excess built into it.",1,0,neutral,negative,-0.21915510296821594,-0.6916432976722717,-0.6773985624313354
7,ZJS,"The Ring is worth a look, if you don't demand much more than a few cheap thrills from your Halloween entertainment.",1,0,neutral,negative,-0.35769838094711304,-0.9962369203567505,-0.6657465100288391
7,ZJS,"What makes How I Killed My Father compelling, besides its terrific performances, is Fontaine's willingness to wander into the dark areas of parent-child relationships without flinching.",2,2,positive,positive,-0.7079986333847046,-0.8123392462730408,-0.5756127238273621
7,ZJS,"This hastily mounted production exists only to capitalize on Hopkins' inclination to play Hannibal Lecter again, even though Harris has no immediate inclination to provide a fourth book.",0,2,negative,positive,-0.6697123646736145,-0.8578905463218689,-0.6376469731330872
7,ZJS,"Reassuring, retro uplifter.",2,2,positive,positive,-1.025381088256836,-0.9649462103843689,-0.20573803782463074
7,ZJS,Flaccid drama and exasperatingly slow journey.,0,2,negative,positive,-1.016914963722229,-0.9213746190071106,-0.3945678770542145
7,ZJS,The Movie will reach far beyond its core demographic.,2,0,positive,negative,-0.32872822880744934,-0.7251384258270264,-1.0349748134613037
7,ZJS,How did it ever get made?,0,2,negative,positive,-1.1161489486694336,-0.7359328866004944,-0.3740694224834442
7,ZJS,I like the new footage and still love the old stuff.,2,2,positive,positive,-0.7586807608604431,-0.7323264479637146,-0.4564622640609741
7,ZJS,Could The Country Bears really be as bad as its trailers?,0,0,negative,negative,-0.3185286223888397,-0.8498733639717102,-0.7280042767524719
7,ZJS,"At times, the movie looks genuinely pretty.",2,0,positive,negative,-0.508881151676178,-0.8043347001075745,-0.5478957295417786
7,ZJS,It depends on how well flatulence gags fit into your holiday concept.,1,0,neutral,negative,-0.39062026143074036,-0.7144467234611511,-0.8200621604919434
7,ZJS,The film seems a dead weight.,0,2,negative,positive,-0.6439012289047241,-0.9303858876228333,-0.4957999289035797
7,ZJS,"Sparkling, often hilarious romantic jealousy comedy... Attal looks so much like a young Robert DeNiro that it seems the film should instead be called `My Husband Is Travis Bickle'.",2,2,positive,positive,-0.89626544713974,-0.778178870677948,-0.6883338689804077
7,ZJS,"A lousy movie that's not merely unwatchable, but also unlistenable.",0,1,negative,neutral,-0.6334232091903687,-0.5721105337142944,-0.8835483193397522
7,ZJS,"A strong script, powerful direction and splendid production design allows us to be transported into the life of Wladyslaw Szpilman, who is not only a pianist, but a good human being.",2,2,positive,positive,-0.7148193717002869,-0.9116947054862976,-0.7069528102874756
7,ZJS,"But here's the real damn: It isn't funny, either.",0,0,negative,negative,-0.30574679374694824,-0.9404324889183044,-0.797835648059845
7,ZJS,"Qutting may be a flawed film, but it is nothing if not sincere.",1,0,neutral,negative,-0.3300286829471588,-0.5992785096168518,-0.95871502161026
7,ZJS,It's a fanboy `what if?',1,0,neutral,negative,-0.4787338674068451,-1.335829734802246,-0.5895665287971497
7,ZJS,... something appears to have been lost in the translation this time.,0,0,negative,negative,-0.5041795372962952,-0.5773071646690369,-0.7544159293174744
7,ZJS,"It's a powerful though flawed movie, guaranteed to put a lump in your throat while reaffirming Washington as possibly the best actor working in movies today.",2,2,positive,positive,-0.7508832812309265,-1.1104586124420166,-0.6257851123809814
7,ZJS,An intriguing and entertaining introduction to Johnson.,2,2,positive,positive,-0.7512879967689514,-0.6732034683227539,-0.5898547172546387
7,ZJS,Everything was as superficial as the forced New Jersey lowbrow accent Uma had.,0,1,negative,neutral,-0.5809494853019714,-0.5426134467124939,-0.8935649394989014
7,ZJS,"Despite the holes in the story and the somewhat predictable plot, moments of the movie caused me to jump in my chair...",1,1,neutral,neutral,-0.8905575275421143,-0.55299311876297,-0.8824548721313477
7,ZJS,`How many more voyages can this limping but dearly-loved franchise survive?',1,0,neutral,negative,-0.6744964122772217,-0.7759788632392883,-0.6873970627784729
7,ZJS,If only the story about a multi-million dollar con bothered to include the con.,1,0,neutral,negative,-0.4976179599761963,-0.5596263408660889,-0.8252382874488831
7,ZJS,"It is supremely unfunny and unentertaining to watch middle-age and older men drink to excess, piss on trees, b.s. one another and put on a show in drag.",0,1,negative,neutral,-0.7594226002693176,-0.5463998913764954,-0.7521542310714722
7,ZJS,"Only a few minutes elapse before the daddy of all slashers arrives, still with the boiler suit and white mask, which look remarkably clean for a guy who has been mass-murdering since 1978 but has never been seen doing laundry.",1,0,neutral,negative,-0.5652669072151184,-1.100284457206726,-0.6588129997253418
7,ZJS,"Whatever heartwarming scene the impressively discreet filmmakers may have expected to record with their mini DV, they show a remarkable ability to document both sides of this emotional car-wreck.",2,0,positive,negative,-0.6235045790672302,-0.6556342244148254,-0.805938184261322
7,ZJS,"A zombie movie in every sense of the word -- mindless, lifeless, meandering, loud, painful, obnoxious.",0,0,negative,negative,-0.5643445253372192,-0.9359176754951477,-0.7910197973251343
7,ZJS,"It has fun with the quirks of family life, but it also treats the subject with fondness and respect.",2,1,positive,neutral,-0.6348812580108643,-0.4576182961463928,-0.6951377391815186
7,ZJS,"Novak manages to capture a cruelly hilarious vein of black comedy in the situation with his cast of non-actors and a gritty, no-budget approach.",2,1,positive,neutral,-0.6676968932151794,-0.20666639506816864,-0.7340796589851379
7,ZJS,"Since Lee is a sentimentalist, the film is more worshipful than your random E!",1,0,neutral,negative,-0.4740540683269501,-0.7484350800514221,-0.7921880483627319
7,ZJS,"The movie is almost completely lacking in suspense, surprise and consistent emotional conviction.",0,0,negative,negative,-0.5715930461883545,-0.8534518480300903,-0.6291570067405701
7,ZJS,But it's too long and too convoluted and it ends in a muddle.,0,0,negative,negative,-0.5527819991111755,-0.6670644879341125,-0.6586452126502991
7,ZJS,... a bland murder-on-campus yawner.,0,2,negative,positive,-0.9658180475234985,-1.114801049232483,-0.4487915635108948
7,ZJS,"One of the finest, most humane and important Holocaust movies ever made.",2,0,positive,negative,-0.5408082008361816,-0.7478849291801453,-1.0562855005264282
7,ZJS,"Suffers from rambling, repetitive dialogue and the visual drabness endemic to digital video.",0,2,negative,positive,-0.6911303997039795,-0.839866578578949,-0.669891893863678
7,ZJS,"The twist that ends the movie is the one with the most emotional resonance, but twists are getting irritating, and this is the kind of material where the filmmakers should be very careful about raising eyebrows.",1,2,neutral,positive,-0.6967344880104065,-1.0502324104309082,-0.6917423605918884
7,ZJS,"Angel presents events partly from the perspective of Aurelie and Christelle, and infuses the film with the sensibility of a particularly nightmarish fairytale.",1,1,neutral,neutral,-0.7393320202827454,-0.6778393983840942,-0.8429125547409058
7,ZJS,Features one of the most affecting depictions of a love affair ever committed to film.,2,0,positive,negative,-0.583637535572052,-0.6200886368751526,-0.6572033762931824
7,ZJS,It is intensely personal and yet -- unlike Quills -- deftly shows us the temper of the times.,2,0,positive,negative,-0.5794651508331299,-0.8339365124702454,-0.7701371312141418
7,ZJS,"Even as I valiantly struggled to remain interested, or at least conscious, I could feel my eyelids... getting... very... heavy...",0,0,negative,negative,-0.6016990542411804,-1.1736098527908325,-0.6418036818504333
7,ZJS,"... a solid, well-formed satire.",2,2,positive,positive,-0.7442771196365356,-1.7545559406280518,0.12710176408290863
7,ZJS,Deserves high marks for political courage but barely gets by on its artistic merits.,1,0,neutral,negative,-0.49173539876937866,-0.6631377935409546,-0.7448031306266785
7,ZJS,Read My Lips is to be viewed and treasured for its extraordinary intelligence and originality as well as its lyrical variations on the game of love.,2,2,positive,positive,-0.8736165165901184,-0.8869202733039856,-0.80203777551651
7,ZJS,"... creates a visceral sense of its characters' lives and conflicted emotions that carries it far above... what could have been a melodramatic, Lifetime Channel-style anthology.",1,0,neutral,negative,-0.5788710117340088,-1.046162486076355,-0.6315861344337463
7,ZJS,Reeks of rot and hack work from start to finish.,1,0,neutral,negative,-0.6315281987190247,-0.7666759490966797,-0.8674113154411316
7,ZJS,Just how these families interact may surprise you.,1,2,neutral,positive,-0.8600416779518127,-0.8059718608856201,-0.8043888807296753
7,ZJS,"The Movie is what happens when you blow up small potatoes to 10 times their natural size, and it ain't pretty.",0,0,negative,negative,-0.6222101449966431,-0.9240859150886536,-0.8613421320915222
7,ZJS,"The film is a contrivance, as artificial as the video games Japanese teens play in a nightclub sequence, but it's an enjoyable one.",1,2,neutral,positive,0.07641056180000305,-1.8550032377243042,0.2236889898777008
7,ZJS,"At its worst the screenplay is callow, but at its best it is a young artist's thoughtful consideration of fatherhood.",1,0,neutral,negative,0.019763460382819176,-1.0908743143081665,-0.7186227440834045
7,ZJS,At 78 minutes it just zings along with vibrance and warmth.,2,0,positive,negative,0.3044600188732147,-1.2880080938339233,-0.5745627880096436
7,ZJS,"Instead of hiding Pinocchio from critics, Miramax should have hidden it from everyone.",0,0,negative,negative,0.2507053017616272,-1.0968645811080933,-0.8102590441703796
7,ZJS,What a great shame that such a talented director as Chen Kaige has chosen to make his English-language debut with a film so poorly plotted and scripted.,0,0,negative,negative,0.0940491184592247,-1.2607080936431885,-0.44633784890174866
7,ZJS,Jeffs has created a breathtakingly assured and stylish work of spare dialogue and acute expressiveness.,2,0,positive,negative,0.18496976792812347,-0.8814568519592285,-0.7843500375747681
7,ZJS,"Just about the best straight-up, old-school horror film of the last 15 years.",2,0,positive,negative,0.2372533231973648,-0.8927264213562012,-0.8547073006629944
7,ZJS,Better at putting you to sleep than a sound machine.,0,0,negative,negative,0.09991812705993652,-0.9287335276603699,-0.7463496327400208
7,ZJS,Feels less like a cousin to Blade Runner than like a bottom-feeder sequel in the Escape From New York series.,0,0,negative,negative,0.14879119396209717,-1.4283802509307861,-0.662412166595459
7,ZJS,"Elegantly produced and expressively performed, the six musical numbers crystallize key plot moments into minutely detailed wonders of dreamlike ecstasy.",2,0,positive,negative,0.1414443999528885,-1.6117181777954102,-0.2676122486591339
7,ZJS,"Ultimate X is a ride, basically the kind of greatest-hits reel that might come with a subscription to ESPN the Magazine.",1,0,neutral,negative,-0.13880141079425812,-1.1327444314956665,-0.5513970255851746
7,ZJS,"Celebrated at Sundance, this slight comedy of manners has winning performances and a glossy, glib charm that's hard to beat.",2,0,positive,negative,0.2068006545305252,-1.5133298635482788,-0.46206340193748474
7,ZJS,That Haynes can both maintain and dismantle the facades that his genre and his character construct is a wonderous accomplishment of veracity and narrative grace.,2,0,positive,negative,0.19321201741695404,-1.2705777883529663,-0.5483686923980713
7,ZJS,"Some elements of it really blow the big one, but other parts are decent.",1,0,neutral,negative,0.188106507062912,-0.7151568531990051,-0.9519051909446716
7,ZJS,"No French people were harmed during the making of this movie, but they were insulted and the audience was put through torture for an hour and a half.",0,0,negative,negative,0.1108819916844368,-1.5824363231658936,-0.42494165897369385
7,ZJS,"I was feeling this movie until it veered off too far into the Exxon zone, and left me behind at the station looking for a return ticket to realism.",0,0,negative,negative,0.22072981297969818,-1.7081623077392578,-0.11987990885972977
7,ZJS,The simplicity of The Way Home has few equals this side of Aesop.,1,0,neutral,negative,0.122531458735466,-1.3109941482543945,-0.6422542929649353
7,ZJS,Exceptionally well acted by Diane Lane and Richard Gere.,2,0,positive,negative,0.19236168265342712,-1.54543936252594,-0.6679735779762268
7,ZJS,"A stupid, derivative horror film that substitutes extreme gore for suspense.",0,0,negative,negative,0.22008980810642242,-1.0255950689315796,-0.7929302453994751
7,ZJS,It's a great American adventure and a wonderful film to bring to IMAX.,2,0,positive,negative,0.1376131922006607,-0.9338552355766296,-0.813343346118927
7,ZJS,It's 51 times better than this.,1,0,neutral,negative,0.1835254728794098,-1.7904552221298218,-0.1569739431142807
7,ZJS,"It's like an old Warner Bros. costumer jived with sex -- this could be the movie Errol Flynn always wanted to make, though Bette Davis, cast as Joan, would have killed him.",1,0,neutral,negative,0.011411918327212334,-1.6299375295639038,-0.33590272068977356
7,ZJS,"A miraculous movie, I'm Going Home is so slight, yet overflows with wisdom and emotion.",2,0,positive,negative,0.3153652250766754,-0.7988120317459106,-0.8942495584487915
7,ZJS,"A fiercely clever and subtle film, capturing the precarious balance between the extravagant confidence of the exiled aristocracy and the cruel earnestness of the victorious revolutionaries.",2,0,positive,negative,0.06331372261047363,-1.2068536281585693,-0.6481502056121826
7,ZJS,"It's as if you're watching a movie that was made in 1978 but not released then because it was so weak, and it has been unearthed and released now, when it has become even weaker.",0,0,negative,negative,-0.004102358594536781,-1.2807775735855103,-0.30411672592163086
7,ZJS,Anemic chronicle of money grubbing New Yorkers and their serial loveless hook ups.,1,0,neutral,negative,-0.03931383788585663,-0.866807222366333,-0.801768958568573
7,ZJS,"Thanks to a small star with big heart, this family film sequel is plenty of fun for all.",2,0,positive,negative,0.04242740571498871,-0.7193732857704163,-0.8234301209449768
7,ZJS,And I've decided to leave a light on every night from now on.,1,1,neutral,neutral,-0.2464524656534195,-0.05729905515909195,-1.3692275285720825
7,ZJS,Festers in just such a dungpile that you'd swear you were watching monkeys flinging their feces at you.,0,0,negative,negative,-0.1575092375278473,-0.9617010951042175,-0.641391932964325
7,ZJS,under-rehearsed and lifeless,0,0,negative,negative,0.3830760419368744,-1.880411982536316,-0.21518690884113312
7,ZJS,Exactly what you'd expect from a guy named Kaos.,1,0,neutral,negative,0.4747673571109772,-0.6537733674049377,-0.9946011304855347
7,ZJS,"If legendary shlockmeister Ed Wood had ever made a movie about a vampire, it probably would look a lot like this alarming production, adapted from Anne Rice's novel The Vampire Chronicles.",1,0,neutral,negative,0.03991399705410004,-1.3718619346618652,-0.543118953704834
7,ZJS,Bella is the picture of health with boundless energy until a few days before she dies.,1,0,neutral,negative,-0.14495982229709625,-0.9808446764945984,-0.7833036780357361
7,ZJS,"The fun of the movie is the chance it affords to watch Jackson, who also served as executive producer, take his smooth, shrewd, powerful act abroad.",2,0,positive,negative,-0.014011474326252937,-1.1064928770065308,-0.5931360125541687
7,ZJS,What should have been a cutting Hollywood satire is instead about as fresh as last week's issue of Variety.,0,0,negative,negative,0.06378215551376343,-1.178995966911316,-0.8030178546905518
7,ZJS,"Cox offers plenty of glimpses at existing photos, but there are no movies of Nijinsky, so instead the director treats us to an aimless hodgepodge.",0,0,negative,negative,0.16265441477298737,-1.189339280128479,-0.7362211346626282
7,ZJS,Aaliyah rarely dampens her diva persona enough to spark genuine chemistry with Townsend.,1,0,neutral,negative,-0.044059813022613525,-0.6241241097450256,-0.9981043934822083
7,ZJS,Mazel tov to a film about a family's joyous life acting on the Yiddish stage.,2,0,positive,negative,0.3132854402065277,-0.6432644724845886,-1.0238778591156006
7,ZJS,... would be a total loss if not for two supporting performances taking place at the movie's edges.,1,0,neutral,negative,0.17934207618236542,-0.8118537068367004,-0.9147230982780457
7,ZJS,An inspiring and heart-affecting film about the desperate attempts of Vietnamese refugees living in U.S. relocation camps to keep their hopes alive in 1975.,2,0,positive,negative,0.05197114497423172,-1.588897943496704,-0.4566572904586792
7,ZJS,"Loud, chaotic and largely unfunny.",0,2,negative,positive,0.2809964716434479,-1.9354474544525146,0.34725674986839294
7,ZJS,The immersive powers of the giant screen and its hyper-realistic images are put to perfect use in the breathtakingly beautiful outer-space documentary Space Station 3D.,2,0,positive,negative,-0.27584874629974365,-1.0100290775299072,-0.42288610339164734
7,ZJS,It's everything you don't go to the movies for.,0,2,negative,positive,-0.42399507761001587,-1.452221155166626,-0.2607279121875763
7,ZJS,"Harris is supposed to be the star of the story, but comes across as pretty dull and wooden.",1,0,neutral,negative,0.12968185544013977,-0.6275907158851624,-0.7866001725196838
7,ZJS,Allen's funniest and most likeable movie in years.,2,0,positive,negative,-0.06518297642469406,-1.0923835039138794,-0.6413366794586182
7,ZJS,"For those who pride themselves on sophisticated, discerning taste, this might not seem like the proper cup of tea, however it is almost guaranteed that even the stuffiest cinema goers will laugh their 1*** off for an hour-and-a-half.",2,0,positive,negative,-0.3934554159641266,-0.9923731684684753,-0.439103364944458
7,ZJS,"There is a refreshing absence of cynicism in Stuart Little 2 -- quite a rarity, even in the family film market.",2,0,positive,negative,-0.012731330469250679,-1.050845980644226,-0.773878276348114
7,ZJS,There are plot holes big enough for Shamu the killer whale to swim through.,0,0,negative,negative,-0.3624083697795868,-0.7816542387008667,-0.42686179280281067
7,ZJS,... always remains movingly genuine.,2,0,positive,negative,0.08394355326890945,-1.8303614854812622,-0.16783380508422852
7,ZJS,Kirshner and Monroe seem to be in a contest to see who can out-bad-act the other.,0,0,negative,negative,-0.24304212629795074,-1.2613390684127808,-0.6450080275535583
7,ZJS,"Like life on the island, the movie grows boring despite the scenery.",0,0,negative,negative,-0.3410564363002777,-1.1683019399642944,-0.5516772270202637
7,ZJS,"Even by the intentionally low standards of frat-boy humor, Sorority Boys is a bowser.",0,0,negative,negative,-0.16838659346103668,-0.9546962380409241,-0.6674843430519104
7,ZJS,"Director of photography Benoit Delhomme shot the movie in delicious colors, and the costumes and sets are grand.",2,0,positive,negative,0.001883251708932221,-1.0669472217559814,-0.5840675234794617
7,ZJS,The only entertainment you'll derive from this choppy and sloppy affair will be from unintentional giggles -- several of them.,0,0,negative,negative,-0.39426273107528687,-1.107946753501892,-0.42531588673591614
7,ZJS,The film serves as a valuable time capsule to remind us of the devastating horror suffered by an entire people.,1,0,neutral,negative,-0.11133363842964172,-1.1654313802719116,-0.41039714217185974
7,ZJS,Attal pushes too hard to make this a comedy or serious drama.,0,0,negative,negative,-0.26192227005958557,-1.0773305892944336,-0.7198390364646912
7,ZJS,Isabelle Huppert excels as the enigmatic Mika and Anna Mouglalis is a stunning new young talent in one of Chabrol's most intense psychological mysteries.,2,2,positive,positive,-0.4495273530483246,-1.381784439086914,-0.3598148822784424
7,ZJS,A small movie with a big impact.,2,0,positive,negative,-0.3083619475364685,-1.178139567375183,-0.5661288499832153
7,ZJS,Photographed with melancholy richness and eloquently performed yet also decidedly uncinematic.,1,0,neutral,negative,0.07266029715538025,-1.109878659248352,-0.7524053454399109
7,ZJS,"Hey Arnold! is now stretched to barely feature length, with a little more attention paid to the animation.",1,0,neutral,negative,-0.23402170836925507,-1.6377335786819458,-0.5849879384040833
7,ZJS,"After that, it just gets stupid and maudlin.",0,0,negative,negative,-0.19770808517932892,-1.581087589263916,-0.45012572407722473
7,ZJS,"The stunning, dreamlike visuals will impress even those viewers who have little patience for Euro-film pretension.",2,0,positive,negative,-0.2185034602880478,-0.746102511882782,-0.7716578841209412
7,ZJS,"Plods along, minus the twisted humor and eye-popping visuals that have made Miike... a cult hero.",1,0,neutral,negative,-0.10302683711051941,-1.191028118133545,-0.5247448086738586
7,ZJS,"Impresses as a skillfully assembled, highly polished and professional adaptation... just about as chilling and unsettling as `Manhunter' was.",2,0,positive,negative,0.11333213746547699,-0.9195002913475037,-0.7714270949363708
7,ZJS,"For the most part, it's a work of incendiary genius, steering clear of knee-jerk reactions and quick solutions.",2,0,positive,negative,-0.3462119400501251,-0.9695777297019958,-0.7118373513221741
7,ZJS,"It's badly acted, blandly directed, and could have been scripted by someone who just graduated from elementary school.",0,2,negative,positive,-0.4536293148994446,-1.0502921342849731,-0.4491359293460846
7,ZJS,"The sort of picture in which, whenever one of the characters has some serious soul searching to do, they go to a picture-perfect beach during sunset.",1,0,neutral,negative,-0.27947142720222473,-1.5253846645355225,-0.36956408619880676
7,ZJS,... a roller-coaster ride of a movie,2,0,positive,negative,-0.3153360188007355,-1.000245451927185,-0.4762493968009949
7,ZJS,"A colorful, vibrant introduction to a universal human impulse, lushly photographed and beautifully recorded.",2,0,positive,negative,-0.18375933170318604,-0.5675442814826965,-0.7773481011390686
7,ZJS,Audiard successfully maintains suspense on different levels throughout a film that is both gripping and compelling.,2,0,positive,negative,-0.2818160355091095,-0.8939259648323059,-0.45715537667274475
7,ZJS,After that it becomes long and tedious like a classroom play in a college history course.,0,0,negative,negative,-0.08790528774261475,-0.7350219488143921,-0.6689484119415283
7,ZJS,"This is cool, slick stuff, ready to quench the thirst of an audience that misses the summer blockbusters.",2,0,positive,negative,-0.16944047808647156,-1.4260550737380981,-0.45226144790649414
7,ZJS,"Blade II has a brilliant director and charismatic star, but it suffers from rampant vampire devaluation.",1,0,neutral,negative,0.039429113268852234,-0.9192390441894531,-0.6497296690940857
7,ZJS,"A loud, ugly, irritating movie without any of its satirical salvos hitting a discernible target.",0,0,negative,negative,-0.012030104175209999,-1.1139066219329834,-0.7159642577171326
7,ZJS,"For VeggieTales fans, this is more appetizing than a side dish of asparagus.",2,0,positive,negative,-0.284334659576416,-1.0632328987121582,-0.41442450881004333
7,ZJS,"While it regards 1967 as the key turning point of the 20th century, and returns again and again to images of dissidents in the streets, it's alarmingly current.",1,0,neutral,negative,-0.27913662791252136,-1.4553320407867432,-0.3787349760532379
7,ZJS,A truly wonderful tale combined with stunning animation.,2,0,positive,negative,-0.071481853723526,-1.4080709218978882,-0.597973644733429
7,ZJS,"Nothing sticks, really, except a lingering creepiness one feels from being dragged through a sad, sordid universe of guns, drugs, avarice and damaged dreams.",0,2,negative,positive,-0.4086498022079468,-1.7973774671554565,-0.05336872488260269
7,ZJS,``Simone'' is a fun and funky look into an artificial creation in a world that thrives on artificiality.,2,0,positive,negative,-0.018158333376049995,-1.0796858072280884,-0.5472049117088318
7,ZJS,"It's a hoot watching The Rock chomp on jumbo ants, pull an arrow out of his back, and leap unscathed through raging fire!",2,2,positive,positive,-0.5471130609512329,-1.0967154502868652,-0.40735432505607605
7,ZJS,"While Tattoo borrows heavily from both Seven and The Silence of the Lambs, it manages to maintain both a level of sophisticated intrigue and human-scale characters that suck the audience in.",2,2,positive,positive,-0.41818147897720337,-1.6537230014801025,-0.2927316129207611
7,ZJS,A portrait of an artist.,1,0,neutral,negative,0.19678957760334015,-2.103774070739746,-0.29595616459846497
7,ZJS,"It's the best film of the year so far, the benchmark against which all other Best Picture contenders should be measured.",2,1,positive,neutral,-0.53548663854599,-0.10041550546884537,-1.3548413515090942
7,ZJS,This is one of the biggest disappointments of the year.,0,0,negative,negative,-0.5616531372070312,-0.9767831563949585,-0.7286065816879272
7,ZJS,It never fails to engage us.,2,1,positive,neutral,-0.7956267595291138,-0.2920082211494446,-1.2650878429412842
7,ZJS,"Denis forges out of the theories of class - based rage and sisterly obsession a razor-sided tuning fork that rings with cultural, sexual and social discord.",1,1,neutral,neutral,-0.8662698864936829,-0.4742053747177124,-0.9468138813972473
7,ZJS,The movie slides downhill as soon as macho action conventions assert themselves.,0,0,negative,negative,-0.585693895816803,-0.6421518921852112,-0.9337773323059082
7,ZJS,"More romantic, more emotional and ultimately more satisfying than the teary-eyed original.",2,1,positive,neutral,-0.5047810673713684,-0.44332319498062134,-1.2567517757415771
7,ZJS,"Like the best of Godard's movies... it is visually ravishing, penetrating, impenetrable.",2,0,positive,negative,-0.5686166286468506,-0.5981404781341553,-0.954581081867218
7,ZJS,The cumulative effect of the movie is repulsive and depressing.,0,1,negative,neutral,-0.6910668611526489,-0.4706824719905853,-1.0122876167297363
7,ZJS,"Feels like nothing quite so much as a middle-aged moviemaker's attempt to surround himself with beautiful, half-naked women.",1,0,neutral,negative,-0.5779494643211365,-0.6281999945640564,-1.3150585889816284
7,ZJS,"A very long movie, dull in stretches, with entirely too much focus on meal preparation and igloo construction.",0,1,negative,neutral,-0.7254888415336609,-0.27024587988853455,-1.4699485301971436
7,ZJS,"In XXX, Diesel is that rare creature -- an action hero with table manners, and one who proves that elegance is more than tattoo deep.",2,1,positive,neutral,-0.6480573415756226,-0.5765230655670166,-1.3542596101760864
7,ZJS,I'm not sure which will take longer to heal: the welt on Johnny Knoxville's stomach from a riot-control projectile or my own tortured psyche.,0,1,negative,neutral,-0.7243325114250183,-0.4462760388851166,-1.421272873878479
7,ZJS,"While Serving Sara does have a long way to go before it reaches the level of crudity in the latest Austin Powers extravaganza, there's nothing here to match that movie's intermittent moments of inspiration.",1,0,neutral,negative,-0.6301060914993286,-0.8107060790061951,-1.2047942876815796
7,ZJS,"It's difficult to conceive of anyone who has reached puberty actually finding the characters in Slackers or their antics amusing, let alone funny.",0,1,negative,neutral,-1.1456397771835327,-0.6745474934577942,-1.2483092546463013
7,ZJS,"It never is, not fully.",1,2,neutral,positive,-0.7929883599281311,-1.0506248474121094,-0.5387862324714661
7,ZJS,"Not only is Undercover Brother as funny, if not more so, than both Austin Powers films, but it's also one of the smarter, savvier spoofs to come along in some time.",2,1,positive,neutral,-0.7327390313148499,-0.5542193055152893,-1.1479049921035767
7,ZJS,It should be mentioned that the set design and interiors of the haunted vessel are more than effectively creepy and moodily lit.,2,1,positive,neutral,-0.6052353382110596,-0.4583188593387604,-1.2075828313827515
7,ZJS,"With the exception of some fleetingly amusing improvisations by Cedric the Entertainer as Perry's boss, there isn't a redeeming moment here.",0,1,negative,neutral,-0.7097178101539612,-0.5803418755531311,-1.0989773273468018
7,ZJS,It's a funny little movie with clever dialogue and likeable characters.,2,1,positive,neutral,-0.839259922504425,-0.0017962839920073748,-1.1995182037353516
7,ZJS,"``13 Conversations'' holds its goodwill close, but is relatively slow to come to the point.",1,1,neutral,neutral,-0.8887377381324768,-0.01328266505151987,-1.3302254676818848
7,ZJS,"Not the kind of film that will appeal to a mainstream American audience, but there is a certain charm about the film that makes it a suitable entry into the fest circuit.",2,1,positive,neutral,-0.8738806843757629,-0.6227489113807678,-1.101401925086975
7,ZJS,"You come away wishing, though, that the movie spent a lot less time trying to make a credible case for reports from the afterlife and a lot more time on the romantic urgency that's at the center of the story.",1,1,neutral,neutral,-0.8971738815307617,-0.3273514211177826,-1.2244168519973755
7,ZJS,The movie is virtually without context -- journalistic or historical.,0,1,negative,neutral,-0.9566323757171631,-0.23590101301670074,-1.486841082572937
7,ZJS,"After sitting through this sloppy, made-for-movie comedy special, it makes me wonder if Lawrence hates criticism so much that he refuses to evaluate his own work.",0,1,negative,neutral,-0.9075389504432678,-0.8061754107475281,-1.071008324623108
7,ZJS,Genuinely touching because it's realistic about all kinds of love.,2,1,positive,neutral,-0.46252280473709106,-0.25494110584259033,-1.3968623876571655
7,ZJS,"For all the complications, it's all surprisingly predictable.",1,1,neutral,neutral,-0.959030270576477,-0.464002400636673,-1.030673861503601
7,ZJS,"Armed with a game supporting cast, from the pitch-perfect Forster to the always hilarious Meara and Levy, Like Mike shoots and scores, doing its namesake proud.",2,1,positive,neutral,-0.8371275663375854,-0.49038100242614746,-1.376487374305725
7,ZJS,It will guarantee to have you leaving the theater with a smile on your face.,2,1,positive,neutral,-0.7332515120506287,-0.2165367752313614,-1.2159148454666138
7,ZJS,"A thoroughly awful movie -- dumb, narratively chaotic, visually sloppy... a weird amalgam of `The Thing' and a geriatric `Scream.'",0,1,negative,neutral,-0.8534889221191406,-0.6426240801811218,-1.1938426494598389
7,ZJS,"One of those staggeringly well-produced, joylessly extravagant pictures that keep whooshing you from one visual marvel to the next, hastily, emptily.",1,1,neutral,neutral,-0.8772417306900024,-0.5424413084983826,-0.9845922589302063
7,ZJS,"Measured against practically any like-themed film other than its Oscar-sweeping franchise predecessor The Silence of the Lambs, Red Dragon rates as an exceptional thriller.",2,1,positive,neutral,-0.6498503684997559,-0.5958768725395203,-1.0158616304397583
7,ZJS,"The movie has no respect for laws, political correctness or common decency, but it displays something more important: respect for its flawed, crazy people.",1,1,neutral,neutral,-0.5640174746513367,-0.5205583572387695,-1.2055673599243164
7,ZJS,"In a strange way, Egoyan has done too much.",1,1,neutral,neutral,-0.8635315895080566,-0.2222592979669571,-1.4775229692459106
7,ZJS,The film is darkly funny in its observation of just how much more grueling and time-consuming the illusion of work is than actual work.,2,0,positive,negative,-0.4412827789783478,-0.7364643216133118,-1.2683510780334473
7,ZJS,"In some ways, Lagaan is quintessential Bollywood.",1,0,neutral,negative,-0.6962153315544128,-0.7921040654182434,-0.9164315462112427
7,ZJS,"Pacino and Williams seem to keep upping the ante on each other, just as their characters do in the film.",2,0,positive,negative,-0.34571388363838196,-0.511416494846344,-1.2520540952682495
7,ZJS,"It would be disingenuous to call Reno a great film, but you can say that about most of the flicks moving in and out of the multiplex.",1,1,neutral,neutral,-0.7289077639579773,-0.27538347244262695,-1.223887324333191
7,ZJS,"Some movies can get by without being funny simply by structuring the scenes as if they were jokes: a setup, delivery and payoff.",1,1,neutral,neutral,-0.6745350360870361,-0.5146183371543884,-1.0193886756896973
7,ZJS,Narc can only remind us of brilliant crime dramas without becoming one itself.,1,1,neutral,neutral,-0.5602240562438965,-0.5086984038352966,-1.331216812133789
7,ZJS,Narc is a no-bull throwback to 1970s action films.,2,1,positive,neutral,-0.42535650730133057,-0.42148035764694214,-1.2053264379501343
7,ZJS,Intriguing and downright intoxicating.,2,0,positive,negative,-0.44562849402427673,-0.890893280506134,-1.1335684061050415
7,ZJS,"The wonderful combination of the sweetness and the extraordinary technical accomplishments of the first film are maintained, but its overall impact falls a little flat with a storyline that never quite delivers the original magic.",1,1,neutral,neutral,-0.7044694423675537,-0.5841136574745178,-1.2057305574417114
7,ZJS,Perhaps the most annoying thing about Who Is Cletis Tout? is that it's a crime movie made by someone who obviously knows nothing about crime.,0,1,negative,neutral,-0.7224439978599548,-0.653201699256897,-1.079851746559143
7,ZJS,The quirky drama touches the heart and the funnybone thanks to the energetic and always surprising performance by Rachel Griffiths.,2,0,positive,negative,-0.5960984230041504,-0.812766969203949,-1.0047093629837036
7,ZJS,"At its worst, it implodes in a series of very bad special effects.",0,0,negative,negative,-0.5170016884803772,-0.5752567052841187,-1.096975564956665
7,ZJS,Bad and baffling from the get-go.,0,2,negative,positive,-0.833974301815033,-0.6552817821502686,-0.36678048968315125
7,ZJS,"The movie is a blast of educational energy, as bouncy animation and catchy songs escort you through the entire 85 minutes.",2,0,positive,negative,-0.4672011733055115,-0.4827210605144501,-1.383333444595337
7,ZJS,"To my taste, the film's comic characters come perilously close to being Amoses and Andys for a new generation.",1,0,neutral,negative,-0.4801170229911804,-0.5645189881324768,-1.276535153388977
7,ZJS,"Although the sequel has all the outward elements of the original, the first film's lovely flakiness is gone, replaced by the forced funniness found in the dullest kiddie flicks.",0,1,negative,neutral,-0.963577926158905,-0.4721282124519348,-0.47800031304359436
7,ZJS,"The real charm of this trifle is the deadpan comic face of its star, Jean Reno, who resembles Sly Stallone in a hot sake half-sleep.",1,0,neutral,negative,-0.36065080761909485,-0.7083385586738586,-0.8240669965744019
7,ZJS,"... a cute and sometimes side-splittingly funny blend of Legally Blonde and Drop Dead Gorgeous, starring Piper Perabo in what could be her breakthrough role.",2,0,positive,negative,-0.48465728759765625,-0.5509297847747803,-0.7125750780105591
7,ZJS,"This method almost never fails him, and it works superbly here.",2,1,positive,neutral,-0.43359845876693726,-0.14895908534526825,-0.8837020993232727
7,ZJS,Few films capture so perfectly the hopes and dreams of little boys on baseball fields as well as the grown men who sit in the stands.,2,1,positive,neutral,-0.6970940828323364,-0.5393880009651184,-1.0079007148742676
7,ZJS,Steers has an unexpectedly adamant streak of warm-blooded empathy for all his disparate Manhattan denizens -- especially the a**holes.,1,1,neutral,neutral,-0.6155113577842712,-0.5736934542655945,-0.9128636121749878
7,ZJS,"LaBute can't avoid a fatal mistake in the modern era: He's changed the male academic from a lower-class Brit to an American, a choice that upsets the novel's exquisite balance and shreds the fabric of the film.",1,2,neutral,positive,-0.5240894556045532,-0.6935495734214783,-0.5167682766914368
7,ZJS,A biopic about Crane's life in the classic tradition but evolves into what has become of us all in the era of video.,1,0,neutral,negative,-0.4400201439857483,-0.8688258528709412,-0.6838967204093933
7,ZJS,"A work of extraordinary journalism, but it is also a work of deft and subtle poetry.",2,2,positive,positive,-0.5515443682670593,-0.743421733379364,-0.24243256449699402
7,ZJS,... think of it as American Pie On Valium.,1,2,neutral,positive,-0.49842849373817444,-0.6585339903831482,-0.3752666115760803
7,ZJS,Gere gives a good performance in a film that doesn't merit it.,1,0,neutral,negative,-0.2730030417442322,-0.8192796111106873,-0.9523513913154602
7,ZJS,The Pianist is Polanski's best film.,2,2,positive,positive,-0.45684823393821716,-1.4557247161865234,0.6490333676338196
7,ZJS,Maybe Thomas Wolfe was right: You can't go home again.,1,0,neutral,negative,-0.45786911249160767,-0.49519023299217224,-0.6556499004364014
7,ZJS,"The director, with his fake backdrops and stately pacing, never settles on a consistent tone.",0,0,negative,negative,-0.38890138268470764,-0.47403767704963684,-0.6058799624443054
7,ZJS,"Why he was given free reign over this project -- he wrote, directed, starred and produced -- is beyond me.",0,0,negative,negative,-0.2604595124721527,-0.5016227960586548,-1.0298715829849243
7,ZJS,"If you enjoy being rewarded by a script that assumes you aren't very bright, then Blood Work is for you.",0,0,negative,negative,-0.31311944127082825,-0.7354516386985779,-1.1971746683120728
7,ZJS,But his showboating wise-cracker stock persona sure is getting old.,1,0,neutral,negative,-0.24376103281974792,-0.4714949131011963,-0.6974548697471619
7,ZJS,"Circuit queens won't learn a thing, they'll be too busy cursing the film's strategically placed white sheets.",1,0,neutral,negative,-0.4434220492839813,-0.6279028654098511,-0.6179565787315369
7,ZJS,"A lot of talent is wasted in this crass, low-wattage endeavor.",0,0,negative,negative,-0.4009385406970978,-0.9008397459983826,-0.9293386340141296
7,ZJS,"Alain Choquart's camera barely stops moving, portraying both the turmoil of the time and giving Conduct a perpetual sense of urgency, which, for a film that takes nearly three hours to unspool, is both funny and irritating.",1,2,neutral,positive,-0.45014461874961853,-1.0851870775222778,-0.31884482502937317
7,ZJS,The second coming of Harry Potter is a film far superior to its predecessor.,2,2,positive,positive,-0.6572281718254089,-0.812192976474762,-0.058397479355335236
7,ZJS,"The delicious trimmings... arrive early and stay late, filling nearly every minute... with a lighthearted glow, some impudent snickers, and a glorious dose of humankind's liberating ability to triumph over a Scrooge or two.",2,2,positive,positive,-0.8493349552154541,-0.34991878271102905,-0.14513808488845825
7,ZJS,"The inhospitability of the land emphasizes the spare precision of the narratives and helps to give them an atavistic power, as if they were tales that had been handed down since the beginning of time.",1,2,neutral,positive,-0.7039031982421875,-0.6869120597839355,-0.6581555604934692
7,ZJS,"Parker should be commended for taking a fresh approach to familiar material, but his determination to remain true to the original text leads him to adopt a somewhat mannered tone... that ultimately dulls the human tragedy at the story's core.",1,2,neutral,positive,-0.4519699811935425,-1.1221153736114502,-0.08102523535490036
7,ZJS,"Hard, endearing, caring, warm.",2,2,positive,positive,-1.0290166139602661,-1.316235899925232,0.808847963809967
7,ZJS,"I have no problem with ``difficult'' movies, or movies that ask the audience to meet them halfway and connect the dots instead of having things all spelled out.",1,2,neutral,positive,-0.6144943833351135,-0.9197869300842285,-0.23797330260276794
7,ZJS,The way Coppola professes his love for movies -- both colorful pop junk and the classics that unequivocally qualify as art -- is giddily entertaining.,2,2,positive,positive,-0.5675914287567139,-0.9531082510948181,-0.37593331933021545
7,ZJS,It's never a good sign when a film's star spends the entirety of the film in a coma.,0,0,negative,negative,-0.4473344683647156,-0.7142446041107178,-0.5121796727180481
7,ZJS,A creaky staircase gothic.,1,2,neutral,positive,-0.7982979416847229,-1.0425633192062378,0.6142886281013489
7,ZJS,"If there's a way to effectively teach kids about the dangers of drugs, I think it's in projects like the (unfortunately R-rated) Paid.",1,0,neutral,negative,-0.5568845272064209,-0.8357207179069519,-0.6592044234275818
7,ZJS,"If you're a WWF fan, or you related to the people who watched the robots getting butchered in A.I., you'll probably like Rollerball.",1,0,neutral,negative,-0.23557396233081818,-0.696626603603363,-0.9171072244644165
7,ZJS,Norton holds the film together.,1,2,neutral,positive,-0.733468770980835,-1.0457775592803955,-0.12954670190811157
7,ZJS,"A breathtaking adventure for all ages, Spirit tells its poignant and uplifting story in a stunning fusion of music and images.",2,0,positive,negative,-0.4645741283893585,-0.663183867931366,-0.7162624001502991
7,ZJS,It won't bust your gut -- and it's not intended to -- it's merely a blandly cinematic surgical examination of what makes a joke a joke.,1,0,neutral,negative,-0.4146869480609894,-0.575355589389801,-0.9106751084327698
7,ZJS,Largely a for-fans artifact.,1,2,neutral,positive,-0.43091556429862976,-1.067915678024292,0.010562175884842873
7,ZJS,A movie so bad that it quickly enters the pantheon of wreckage that includes Battlefield Earth and Showgirls.,0,0,negative,negative,-0.25793755054473877,-0.8757147789001465,-0.6437954902648926
7,ZJS,"If you're over 25, have an IQ over 90, and have a driver's license, you should be able to find better entertainment.",0,0,negative,negative,-0.3201204836368561,-0.6748486161231995,-1.302337646484375
7,ZJS,A solid piece of journalistic work that draws a picture of a man for whom political expedience became a deadly foreign policy.,1,0,neutral,negative,-0.27193960547447205,-0.4402497410774231,-1.206969141960144
7,ZJS,"The doofus-on-the-loose banter of Welcome to Collinwood has a cocky, after-hours loopiness to it.",1,0,neutral,negative,-0.37067505717277527,-0.5250194668769836,-0.9641625881195068
7,ZJS,It's the funniest American comedy since Graffiti Bridge.,2,2,positive,positive,-0.12129057943820953,-2.7914252281188965,5.8044023513793945
7,ZJS,Samuel Beckett applied to the Iranian voting process.,1,2,neutral,positive,-0.07389415800571442,-2.744098424911499,5.394110679626465
7,ZJS,A strangely compelling and brilliantly acted psychological drama.,2,2,positive,positive,-0.23795293271541595,-2.5810837745666504,4.908021926879883
7,ZJS,"Often gruelling and heartbreaking to witness, but Seldahl and Wollter's sterling performances raise this far above the level of the usual maudlin disease movie.",2,2,positive,positive,-0.9759500026702881,-2.4765195846557617,3.9054458141326904
7,ZJS,"This enthralling documentary... is at once playful and haunting, an in-depth portrait of an iconoclastic artist who was fundamentally unknowable even to his closest friends.",2,2,positive,positive,-0.8970813751220703,-2.54097580909729,3.8710124492645264
7,ZJS,"I didn't laugh at the ongoing efforts of Cube, and his skinny buddy Mike Epps, to make like Laurel and Hardy'n the hood.",0,2,negative,positive,-0.5022960305213928,-2.554302215576172,4.652415752410889
7,ZJS,"At its best when the guarded, resentful Betty and the manipulative yet needy Margot are front and center.",1,2,neutral,positive,-0.8409052491188049,-2.7434639930725098,3.850416660308838
7,ZJS,Ford deserves to be remembered at Oscar time for crafting this wonderful portrait of a conflicted soldier.,2,2,positive,positive,-1.2431367635726929,-2.310901165008545,2.4565842151641846
7,ZJS,"That is essentially what's missing from Blackboards -- the sense of something bigger, some ultimate point.",1,2,neutral,positive,-0.7732391357421875,-2.2912325859069824,4.175175666809082
7,ZJS,"It's a bizarre curiosity memorable mainly for the way it fritters away its potentially interesting subject matter via a banal script, unimpressive acting and indifferent direction.",1,2,neutral,positive,-0.5515607595443726,-2.6471753120422363,4.690544605255127
7,ZJS,"While obviously an extremely personal work, it remains inextricably stuck in an emotionally unavailable rut.",1,2,neutral,positive,-1.1607023477554321,-2.341881275177002,3.04414963722229
7,ZJS,"A dim-witted and lazy spin-off of the Animal Planet documentary series, Crocodile Hunter is entertainment opportunism at its most glaring.",0,2,negative,positive,-1.3495121002197266,-2.3386621475219727,2.57753586769104
7,ZJS,"The good is very, very good... The rest runs from mildly unimpressive to despairingly awful.",1,2,neutral,positive,-0.29001402854919434,-2.6623356342315674,4.862438678741455
7,ZJS,"Methodical, measured, and gently tedious in its comedy, Secret Ballot is a purposefully reductive movie -- which may be why it's so successful at lodging itself in the brain.",2,2,positive,positive,-0.5737801194190979,-2.408247470855713,4.549228191375732
7,ZJS,One of the most exciting action films to come out of China in recent years.,2,2,positive,positive,-0.10825252532958984,-2.8053269386291504,5.317593574523926
7,ZJS,Adam Sandler's Eight Crazy Nights grows on you -- like a rash.,0,2,negative,positive,-0.6225270628929138,-2.5099666118621826,4.13753604888916
7,ZJS,"The film feels formulaic, its plot and pacing typical Hollywood war-movie stuff, while the performances elicit more of a sense of deja vu than awe.",0,2,negative,positive,-0.6647560596466064,-2.6515393257141113,4.4947943687438965
7,ZJS,"... pitiful, slapdash disaster.",0,2,negative,positive,-0.1143525242805481,-2.6402690410614014,5.578012943267822
7,ZJS,"As it stands, there's some fine sex onscreen, and some tense arguing, but not a whole lot more.",1,2,neutral,positive,-0.7970495820045471,-2.740920305252075,4.498741149902344
7,ZJS,It's neither as romantic nor as thrilling as it should be.,0,2,negative,positive,-0.8977846503257751,-2.268946886062622,3.2235493659973145
7,ZJS,Returning director Rob Minkoff... and screenwriter Bruce Joel Rubin... have done a fine job of updating White's dry wit to a new age.,2,2,positive,positive,-0.7920272946357727,-2.4729907512664795,4.000916957855225
7,ZJS,"The Venezuelans say things like ``si, pretty much'' and ``por favor, go home'' when talking to Americans.",1,2,neutral,positive,-0.4547039568424225,-2.6156768798828125,4.372859001159668
7,ZJS,"If you already like this sort of thing, this is that sort of thing all over again.",1,2,neutral,positive,-1.0017592906951904,-2.4868640899658203,2.845665693283081
7,ZJS,An awful movie that will only satisfy the most emotionally malleable of filmgoers.,0,2,negative,positive,-1.0427910089492798,-2.367185592651367,2.6119766235351562
7,ZJS,"This is an extraordinary film, not least because it is Japanese and yet feels universal.",2,2,positive,positive,-0.9512773752212524,-2.3232498168945312,3.2616002559661865
7,ZJS,"Aptly named, this shimmering, beautifully costumed and filmed production doesn't work for me.",1,2,neutral,positive,-0.7065948247909546,-2.534783124923706,4.012287616729736
7,ZJS,"If Borstal Boy isn't especially realistic, it is an engaging nostalgia piece.",1,2,neutral,positive,-0.2828713655471802,-2.4467625617980957,4.675547122955322
7,ZJS,Griffiths proves she's that rare luminary who continually raises the standard of her profession.,2,2,positive,positive,-0.3777094781398773,-2.6572539806365967,4.617211818695068
7,ZJS,"The asylum material is gripping, as are the scenes of Jia with his family.",2,2,positive,positive,-0.3457983136177063,-2.577188014984131,4.679425239562988
7,ZJS,"... by the time it's done with us, Mira Nair's new movie has its audience giddy with the delight of discovery, of having been immersed in a foreign culture only to find that human nature is pretty much the same all over.",2,2,positive,positive,-1.0126701593399048,-2.284337043762207,4.047150611877441
7,ZJS,... about as exciting to watch as two last-place basketball teams playing one another on the final day of the season.,0,2,negative,positive,-0.6070351600646973,-2.4663915634155273,4.349926948547363
7,ZJS,Girls gone wild and gone civil again,1,2,neutral,positive,-0.6390407681465149,-2.2785933017730713,3.7479469776153564
7,ZJS,To say Analyze That is De Niro's best film since Meet the Parents sums up the sad state of his recent career.,1,2,neutral,positive,-0.553421139717102,-2.523960828781128,4.508082389831543
7,ZJS,"Like being trapped inside a huge video game, where exciting, inane images keep popping past your head and the same illogical things keep happening over and over again.",1,2,neutral,positive,-0.8235196471214294,-2.581557035446167,3.9343373775482178
7,ZJS,`Enigma' is the kind of engaging historical drama that Hollywood appears to have given up on in favor of sentimental war movies in the vein of `We Were Soldiers.',1,2,neutral,positive,-0.8281621336936951,-2.5235118865966797,4.099422931671143
7,ZJS,The Rock has a great presence but one battle after another is not the same as one battle followed by killer CGI effects.,1,2,neutral,positive,-0.8870468735694885,-2.5369203090667725,3.8793675899505615
7,ZJS,Visually sumptuous but intellectually stultifying.,1,2,neutral,positive,-0.1105087548494339,-2.552074670791626,5.025023460388184
7,ZJS,"So young, so smart, such talent, such a wise ***.",2,2,positive,positive,-0.11275462806224823,-2.7935140132904053,5.404192924499512
7,ZJS,"The problem is that for the most part, the film is deadly dull.",0,2,negative,positive,-0.17041735351085663,-2.90109920501709,5.074251174926758
7,ZJS,A thinly veiled look at different aspects of Chinese life clashing with each other.,1,2,neutral,positive,-0.12915970385074615,-2.855945110321045,5.198163986206055
7,ZJS,An exhilarating experience.,2,2,positive,positive,0.06487485766410828,-2.847137451171875,5.847263336181641
7,ZJS,Its vision of that awkward age when sex threatens to overwhelm everything else is acute enough to make everyone who has been there squirm with recognition.,1,2,neutral,positive,-0.4926038980484009,-2.5455920696258545,4.662312030792236
7,ZJS,Remarkably accessible and affecting.,2,2,positive,positive,-0.12709273397922516,-2.4794085025787354,4.513148307800293
7,ZJS,"The climactic events are so well realized that you may forget all about the original conflict, just like the movie does.",1,2,neutral,positive,-0.6131908297538757,-2.571941614151001,4.442885398864746
7,ZJS,Distinctly sub-par... more likely to drown a viewer in boredom than to send any shivers down his spine.,0,2,negative,positive,-0.5582079291343689,-2.4699313640594482,4.325780868530273
7,ZJS,Godard's ode to tackling life's wonderment is a rambling and incoherent manifesto about the vagueness of topical excess... In Praise of Love remains a ponderous and pretentious endeavor that's unfocused and tediously exasperating.,0,2,negative,positive,-1.2316609621047974,-2.3557705879211426,3.4861185550689697
7,ZJS,"We never truly come to care about the main characters and whether or not they'll wind up together, and Michele's spiritual quest is neither amusing nor dramatic enough to sustain interest.",0,2,negative,positive,-0.839891254901886,-2.4809060096740723,4.138739585876465
7,ZJS,"Most haunting about ``Fence'' is its conclusion, when we hear the ultimate fate of these girls and realize, much to our dismay, that this really did happen.",2,2,positive,positive,-1.4225157499313354,-2.4898204803466797,2.7381198406219482
7,ZJS,"Bogdanovich taps deep into the Hearst mystique, entertainingly reenacting a historic scandal.",2,2,positive,positive,-0.4057427942752838,-2.671031951904297,4.601754188537598
7,ZJS,"``My god, I'm behaving like an idiot!''",1,0,neutral,negative,-0.10756246745586395,-0.4947242736816406,-0.5035732984542847
7,ZJS,"As a girl-meets-girl romantic comedy, Kissing Jessica Steinis quirky, charming and often hilarious.",2,0,positive,negative,-0.05624986067414284,-0.6108068227767944,-1.0957711935043335
7,ZJS,Gollum's `performance' is incredible!,2,2,positive,positive,0.03614421188831329,-1.242262363433838,0.18407118320465088
7,ZJS,"... a haunting vision, with images that seem more like disturbing hallucinations.",0,1,negative,neutral,-0.402133971452713,-0.2539157569408417,-0.7200409173965454
7,ZJS,"As a remake, it's a pale imitation.",0,0,negative,negative,0.9779807925224304,-1.0497336387634277,-0.8533603549003601
7,ZJS,Adults will certainly want to spend their time in the theater thinking up grocery lists and ways to tell their kids how not to act like Pinocchio.,1,1,neutral,neutral,-0.460629403591156,-0.3916661739349365,-0.992211639881134
7,ZJS,A generic family comedy unlikely to be appreciated by anyone outside the under-10 set.,0,0,negative,negative,-0.25543397665023804,-0.533584713935852,-0.5764899849891663
7,ZJS,"An amalgam of The Fugitive, Blade Runner, and Total Recall, only without much energy or tension.",1,0,neutral,negative,-0.05167222023010254,-0.2712744176387787,-0.9227780699729919
7,ZJS,"Everything its title implies, a standard-issue crime drama spat out from the Tinseltown assembly line.",1,0,neutral,negative,-0.3294980227947235,-0.6873694062232971,-0.7083901166915894
7,ZJS,"Co-writer/director Jonathan Parker's attempts to fashion a Brazil-like, hyper-real satire fall dreadfully short.",0,2,negative,positive,-0.5448223352432251,-0.6143028140068054,-0.4888609051704407
7,ZJS,"An amateurish, quasi-improvised acting exercise shot on ugly digital video.",0,2,negative,positive,-0.3533080220222473,-0.8288448452949524,-0.2869570553302765
7,ZJS,"``The Kid Stays in the Picture'' is a great story, terrifically told by the man who wrote it but this Cliff Notes edition is a cheat.",1,1,neutral,neutral,-0.5731940865516663,-0.47467100620269775,-0.8043302297592163
7,ZJS,"A gratingly unfunny groaner littered with zero-dimensional, unlikable characters and hackneyed, threadbare comic setups.",0,0,negative,negative,-0.08893042057752609,-0.34608373045921326,-0.8211813569068909
7,ZJS,"While this gentle and affecting melodrama will have luvvies in raptures, it's far too slight and introspective to appeal to anything wider than a niche audience.",1,0,neutral,negative,0.13406933844089508,-0.7495661973953247,-0.9712145328521729
7,ZJS,Griffin & Co. manage to be spectacularly outrageous.,2,2,positive,positive,-0.2122751772403717,-1.1358577013015747,0.16540169715881348
7,ZJS,"A profoundly stupid affair, populating its hackneyed and meanspirited storyline with cardboard characters and performers who value cash above credibility.",0,0,negative,negative,-0.02071237750351429,-0.5047374963760376,-0.7630637288093567
7,ZJS,It isn't that Stealing Harvard is a horrible movie -- if only it were that grand a failure!,0,1,negative,neutral,-0.3383895754814148,-0.0701473131775856,-1.034850001335144
7,ZJS,It just doesn't have much else... especially in a moral sense.,1,2,neutral,positive,-0.6286415457725525,-0.9267542958259583,0.44650712609291077
7,ZJS,Those unfamiliar with Mormon traditions may find The Singles Ward occasionally bewildering.,1,1,neutral,neutral,-0.5862463712692261,-0.5065655708312988,-0.5250583291053772
7,ZJS,"Viewed as a comedy, a romance, a fairy tale, or a drama, there's nothing remotely triumphant about this motion picture.",1,1,neutral,neutral,-0.7164322733879089,-0.23593764007091522,-0.8470818996429443
7,ZJS,"But the talented cast alone will keep you watching, as will the fight scenes.",2,1,positive,neutral,-0.15525181591510773,-0.1323474794626236,-1.0731488466262817
7,ZJS,It's solid and affecting and exactly as thought-provoking as it should be.,2,1,positive,neutral,-0.7117920517921448,-0.14106954634189606,-0.7246786952018738
7,ZJS,"Cantet perfectly captures the hotel lobbies, two-lane highways, and roadside cafes that permeate Vincent's days",2,0,positive,negative,-0.17697934806346893,-0.3094254434108734,-0.7378154397010803
7,ZJS,"An important movie, a reminder of the power of film to move us and to make us examine our values.",2,0,positive,negative,-0.06369370222091675,-0.4622701108455658,-0.780849277973175
7,ZJS,"Too much of this well-acted but dangerously slow thriller feels like a preamble to a bigger, more complicated story, one that never materializes.",0,1,negative,neutral,-0.47874900698661804,-0.39333176612854004,-0.764315128326416
7,ZJS,A richly imagined and admirably mature work from a gifted director who definitely has something on his mind.,2,0,positive,negative,-0.2042461484670639,-0.7757362723350525,-0.7135205864906311
7,ZJS,"The art direction is often exquisite, and the anthropomorphic animal characters are beautifully realized through clever makeup design, leaving one to hope that the eventual DVD release will offer subtitles and the original Italian-language soundtrack.",2,1,positive,neutral,-0.6833497285842896,-0.5431782603263855,-0.7462199926376343
7,ZJS,"... Jones, despite a definitely distinctive screen presence, just isn't able to muster for a movie that, its title notwithstanding, should have been a lot nastier if it wanted to fully capitalize on its lead's specific gifts.",1,0,neutral,negative,-0.4172840714454651,-0.7959023118019104,-0.5049635767936707
7,ZJS,But what's nice is that there's a casual intelligence that permeates the script.,2,0,positive,negative,0.06727590411901474,-0.5246805548667908,-0.5746663808822632
7,ZJS,Wedding feels a bit anachronistic.,0,2,negative,positive,-0.5541597008705139,-1.1166285276412964,0.2800839841365814
7,ZJS,"This picture is murder by numbers, and as easy to be bored by as your ABC's, despite a few whopping shootouts.",0,0,negative,negative,0.32223132252693176,-0.5172586441040039,-0.9658148288726807
7,ZJS,"Every individual will see the movie through the prism of his or her own beliefs and prejudices, but the one thing most will take away is the sense that peace is possible.",2,0,positive,negative,0.06879252940416336,-0.9197149872779846,-0.8373609185218811
7,ZJS,"Feels slight, as if it were an extended short, albeit one made by the smartest kids in class.",1,0,neutral,negative,-0.1370263397693634,-0.2893282473087311,-0.7741170525550842
7,ZJS,The picture doesn't know it's a comedy.,1,0,neutral,negative,0.08323048800230026,-1.0322109460830688,-0.122624970972538
7,ZJS,A classy item by a legend who may have nothing left to prove but still has the chops and drive to show how its done.,2,0,positive,negative,-0.11551390588283539,-0.652556300163269,-1.0200275182724
7,ZJS,"Starts out mediocre, spirals downward, and thuds to the bottom of the pool with an utterly incompetent conclusion.",0,0,negative,negative,-0.14829568564891815,-0.3442132771015167,-1.166068434715271
7,ZJS,The sort of movie that gives tastelessness a bad rap.,0,0,negative,negative,-0.21158449351787567,-0.5975034236907959,-0.23301436007022858
7,ZJS,Its engaging simplicity is driven by appealing leads.,2,0,positive,negative,0.3801724910736084,-1.0407112836837769,-0.3510603904724121
7,ZJS,"Fans of the TV series will be disappointed, and everyone else will be slightly bored.",1,0,neutral,negative,-0.2583257257938385,-0.5231044292449951,-1.0087825059890747
7,ZJS,"It's a head-turner -- thoughtfully written, beautifully read and, finally, deeply humanizing.",2,1,positive,neutral,-0.6475890874862671,-0.4546719491481781,-0.8473933935165405
7,ZJS,Men in Black II achieves ultimate insignificance -- it's the sci-fi comedy spectacle as Whiffle-Ball epic.,0,1,negative,neutral,-0.2880103588104248,-0.2456345409154892,-0.8344855308532715
7,ZJS,Martyr gets royally screwed and comes back for more.,1,0,neutral,negative,-0.2253832370042801,-0.441598504781723,-0.791028618812561
8,ZKB,Presents a good case while failing to provide a reason for us to care beyond the very basic dictums of human decency.,1,0,neutral,negative,0.7673205137252808,-0.9400572180747986,0.6867333054542542
8,ZKB,"Beautifully crafted, engaging filmmaking that should attract upscale audiences hungry for quality and a nostalgic, twisty yarn that will keep them guessing.",2,0,positive,negative,1.1142187118530273,-1.4990968704223633,0.3352614641189575
8,ZKB,"Bread, My Sweet has so many flaws it would be easy for critics to shred it.",0,2,negative,positive,0.9293296337127686,-1.166595458984375,1.4958034753799438
8,ZKB,"Slow, silly and unintentionally hilarious.",1,2,neutral,positive,1.170890212059021,-0.653672456741333,2.6116702556610107
8,ZKB,"Ultimately feels empty and unsatisfying, like swallowing a Communion wafer without the wine.",0,0,negative,negative,1.8057606220245361,-1.63411545753479,0.7219957113265991
8,ZKB,Exudes the fizz of a Busby Berkeley musical and the visceral excitement of a sports extravaganza.,2,2,positive,positive,0.5586436986923218,-2.253324508666992,2.2703404426574707
8,ZKB,The film rehashes several old themes and is capped with pointless extremes -- it's insanely violent and very graphic.,0,2,negative,positive,-0.613413393497467,-1.3791446685791016,2.1090078353881836
8,ZKB,"Ryan Gosling is, in a word, brilliant as the conflicted Daniel.",2,2,positive,positive,0.9482293725013733,-1.7076259851455688,1.573508381843567
8,ZKB,"If Deuces Wild had been tweaked up a notch it would have become a camp adventure, one of those movies that's so bad it starts to become good.",1,2,neutral,positive,-0.30715349316596985,-1.0880671739578247,1.266644835472107
8,ZKB,The film's stagecrafts are intimate and therefore bolder than the otherwise calculated artifice that defines and overwhelms the film's production design.,1,2,neutral,positive,-0.31997013092041016,-0.7771890759468079,1.1965237855911255
8,ZKB,"Frida is certainly no disaster, but neither is it the Kahlo movie Frida fans have been looking for.",1,0,neutral,negative,1.2855720520019531,-1.3165111541748047,0.0489761158823967
8,ZKB,The film often achieves a mesmerizing poetry.,2,2,positive,positive,-0.5021026134490967,-0.6341025829315186,3.7157888412475586
8,ZKB,A work of astonishing delicacy and force.,2,2,positive,positive,1.2193169593811035,-0.24780653417110443,2.1771671772003174
8,ZKB,"The movie's plot is almost entirely witless and inane, carrying every gag two or three times beyond its limit to sustain a laugh.",0,2,negative,positive,0.04776810109615326,-0.6206358075141907,1.0732133388519287
8,ZKB,"For the most part, the ingredients are there.",1,2,neutral,positive,1.310541033744812,0.33520689606666565,2.557668924331665
8,ZKB,"But if you've paid a matinee price and bought a big tub of popcorn, there's guilty fun to be had here.",1,0,neutral,negative,0.7874740362167358,-1.2445178031921387,0.7515819072723389
8,ZKB,"There's not much to Fatale, outside of its stylish surprises... but that's OK.",1,0,neutral,negative,2.0884177684783936,-1.2195630073547363,0.5517556071281433
8,ZKB,"The acting is stiff, the story lacks all trace of wit, the sets look like they were borrowed from Gilligan's Island -- and the CGI Scooby might well be the worst special-effects creation of the year.",0,2,negative,positive,-0.08603934943675995,-0.49464523792266846,1.0203864574432373
8,ZKB,"This version moves beyond the original's nostalgia for the communal film experiences of yesteryear to a deeper realization of cinema's inability to stand in for true, lived experience.",1,2,neutral,positive,0.3846208453178406,-1.3977349996566772,0.5948860049247742
8,ZKB,"There's no palpable chemistry between Lopez and male lead Ralph Fiennes, plus the script by Working Girl scribe Kevin Wade is workmanlike in the extreme.",0,0,negative,negative,0.5453696250915527,-0.5846331119537354,0.05454384535551071
8,ZKB,"A first-class, thoroughly involving B movie that effectively combines two surefire, beloved genres -- the prison flick and the fight film.",2,2,positive,positive,0.14140181243419647,-0.9239797592163086,0.22959880530834198
8,ZKB,The film is so bad it doesn't improve upon the experience of staring at a blank screen.,0,0,negative,negative,1.2945383787155151,-0.56923508644104,-0.2373761683702469
8,ZKB,Weiss and Speck never make a convincing case for the relevance of these two 20th-century footnotes.,1,2,neutral,positive,-1.4025903940200806,-0.8772661089897156,1.2545660734176636
8,ZKB,Another Best of the Year selection.,2,2,positive,positive,0.24859876930713654,-0.436043918132782,3.155466079711914
8,ZKB,It's all a rather shapeless good time...,1,2,neutral,positive,0.5901676416397095,-0.7290579676628113,1.6674851179122925
8,ZKB,"Same song, second verse, coulda been better, but it coulda been worse.",1,2,neutral,positive,0.5266059041023254,-1.2334983348846436,1.0479627847671509
8,ZKB,I love the robust middle of this picture.,2,1,positive,neutral,0.16690729558467865,1.5842076539993286,0.6306418180465698
8,ZKB,"That's not vintage Spielberg and that, finally, is minimally satisfying.",1,2,neutral,positive,-0.7537963390350342,-0.9236504435539246,1.8404663801193237
8,ZKB,The soundtrack alone is worth the price of admission.,2,2,positive,positive,-0.4780600666999817,-0.13758856058120728,3.027301549911499
8,ZKB,Mostly Martha could have used a little trimming -- 10 or 15 minutes could be cut and no one would notice -- but it's a pleasurable trifle.,1,2,neutral,positive,0.7747488021850586,-2.347519874572754,1.0723859071731567
8,ZKB,"For the rest of us, sitting through Dahmer's two hours amounts to little more than punishment.",0,2,negative,positive,0.12311111390590668,-0.36544543504714966,1.5094739198684692
8,ZKB,"Featuring a dangerously seductive performance from the great Daniel Auteuil, ``Sade'' covers the same period as Kaufmann's ``Quills'' with more unsettlingly realistic results.",2,2,positive,positive,0.34904396533966064,-1.2769304513931274,1.00596022605896
8,ZKB,"The movie is for fans who can't stop loving anime, and the fanatical excess built into it.",1,2,neutral,positive,-0.43005332350730896,-1.6262340545654297,1.703301191329956
8,ZKB,"The Ring is worth a look, if you don't demand much more than a few cheap thrills from your Halloween entertainment.",1,0,neutral,negative,1.6592168807983398,-2.632171392440796,1.6225287914276123
8,ZKB,"Beautifully observed, miraculously unsentimental comedy-drama.",2,2,positive,positive,0.5958907604217529,0.5588380098342896,1.6927406787872314
8,ZKB,"What makes How I Killed My Father compelling, besides its terrific performances, is Fontaine's willingness to wander into the dark areas of parent-child relationships without flinching.",2,2,positive,positive,0.3615972399711609,-1.9039788246154785,2.3979332447052
8,ZKB,"This hastily mounted production exists only to capitalize on Hopkins' inclination to play Hannibal Lecter again, even though Harris has no immediate inclination to provide a fourth book.",0,2,negative,positive,-0.8424701690673828,-0.902083694934845,1.8690989017486572
8,ZKB,Bullock's complete lack of focus and ability quickly derails the film.,0,2,negative,positive,-0.17927728593349457,-1.3150078058242798,1.1652973890304565
8,ZKB,"... a plotline that's as lumpy as two-day old porridge... the filmmakers' paws, sad to say, were all over this ``un-bear-able'' project!",0,2,negative,positive,1.1980218887329102,-1.936594009399414,1.2463539838790894
8,ZKB,Crush could be the worst film a man has made about women since Valley of the Dolls.,0,2,negative,positive,-0.25618070363998413,-1.1769964694976807,0.7185500264167786
8,ZKB,"Reassuring, retro uplifter.",2,0,positive,negative,1.856915831565857,0.9149189591407776,1.1640970706939697
8,ZKB,Flaccid drama and exasperatingly slow journey.,0,2,negative,positive,-0.7197767496109009,-0.8748850226402283,2.0630457401275635
8,ZKB,The Movie will reach far beyond its core demographic.,2,2,positive,positive,0.438734769821167,-0.7660521864891052,1.2329319715499878
8,ZKB,How did it ever get made?,0,2,negative,positive,0.1727098971605301,0.09685925394296646,2.4704294204711914
8,ZKB,I like the new footage and still love the old stuff.,2,0,positive,negative,1.4927802085876465,-0.41165903210639954,0.05804035812616348
8,ZKB,"It briefly flirts with player masochism, but the point of real interest -- audience sadism -- is evaded completely.",1,2,neutral,positive,-0.26076674461364746,-1.728545904159546,1.6673513650894165
8,ZKB,Could The Country Bears really be as bad as its trailers?,0,0,negative,negative,1.5489423274993896,-0.41090860962867737,0.563041627407074
8,ZKB,"At times, the movie looks genuinely pretty.",2,2,positive,positive,-1.4059990644454956,-0.07823505252599716,3.9140572547912598
8,ZKB,It depends on how well flatulence gags fit into your holiday concept.,1,2,neutral,positive,0.12826009094715118,-0.6805478930473328,0.7823684811592102
8,ZKB,"The stupidest, most insulting movie of 2002's first quarter.",0,2,negative,positive,1.271787166595459,-1.2054743766784668,1.706333875656128
8,ZKB,The film seems a dead weight.,0,2,negative,positive,0.8852829933166504,-0.006450170651078224,2.8290767669677734
8,ZKB,"Sparkling, often hilarious romantic jealousy comedy... Attal looks so much like a young Robert DeNiro that it seems the film should instead be called `My Husband Is Travis Bickle'.",2,2,positive,positive,0.44329285621643066,-0.2415159046649933,1.3090192079544067
8,ZKB,"I did go back and check out the last 10 minutes, but these were more repulsive than the first 30 or 40 minutes.",0,0,negative,negative,1.6555230617523193,-1.0641106367111206,0.642288088798523
8,ZKB,"A lousy movie that's not merely unwatchable, but also unlistenable.",0,0,negative,negative,2.2380130290985107,-0.6645931601524353,1.213955044746399
8,ZKB,One of the best films of the year with its exploration of the obstacles to happiness faced by five contemporary individuals... a psychological masterpiece.,2,0,positive,negative,1.4276198148727417,-0.8252281546592712,0.725383996963501
8,ZKB,"A strong script, powerful direction and splendid production design allows us to be transported into the life of Wladyslaw Szpilman, who is not only a pianist, but a good human being.",2,2,positive,positive,1.020519495010376,-1.3877283334732056,1.8021913766860962
8,ZKB,"But here's the real damn: It isn't funny, either.",0,2,negative,positive,0.9645466208457947,-0.8446086049079895,2.598515510559082
8,ZKB,"Qutting may be a flawed film, but it is nothing if not sincere.",1,2,neutral,positive,0.32401397824287415,-0.7317545413970947,1.113360047340393
8,ZKB,It's a fanboy `what if?',1,2,neutral,positive,0.2673315405845642,-0.31459468603134155,3.2588257789611816
8,ZKB,... something appears to have been lost in the translation this time.,0,2,negative,positive,0.6432815790176392,-0.5938450694084167,0.8121976256370544
8,ZKB,"Like a documentary version of Fight Club, shorn of social insight, intellectual pretension and cinematic interest.",1,2,neutral,positive,0.6002565622329712,0.1103605255484581,0.7223946452140808
8,ZKB,"Stephen Rea, Aidan Quinn, and Alan Bates play Desmond's legal eagles, and when joined by Brosnan, the sight of this grandiloquent quartet lolling in pretty Irish settings is a pleasant enough thing, `tis.",2,2,positive,positive,0.08524121344089508,-1.2549670934677124,1.775220513343811
8,ZKB,"It's a powerful though flawed movie, guaranteed to put a lump in your throat while reaffirming Washington as possibly the best actor working in movies today.",2,2,positive,positive,0.9318031668663025,-0.7432078123092651,1.09076988697052
8,ZKB,An intriguing and entertaining introduction to Johnson.,2,2,positive,positive,0.600248396396637,-0.20528866350650787,2.4927244186401367
8,ZKB,Everything was as superficial as the forced New Jersey lowbrow accent Uma had.,0,2,negative,positive,0.16848935186862946,-1.3789585828781128,1.9439352750778198
8,ZKB,"Despite the holes in the story and the somewhat predictable plot, moments of the movie caused me to jump in my chair...",1,2,neutral,positive,-0.47652047872543335,-1.3046534061431885,2.244652271270752
8,ZKB,`How many more voyages can this limping but dearly-loved franchise survive?',1,0,neutral,negative,0.8119574785232544,-0.17155048251152039,0.700326144695282
8,ZKB,If only the story about a multi-million dollar con bothered to include the con.,1,0,neutral,negative,0.9977264404296875,-1.1499090194702148,0.5085580945014954
8,ZKB,"It is supremely unfunny and unentertaining to watch middle-age and older men drink to excess, piss on trees, b.s. one another and put on a show in drag.",0,0,negative,negative,1.096145749092102,-1.2176917791366577,0.9516294002532959
8,ZKB,"Only a few minutes elapse before the daddy of all slashers arrives, still with the boiler suit and white mask, which look remarkably clean for a guy who has been mass-murdering since 1978 but has never been seen doing laundry.",1,2,neutral,positive,-0.34691548347473145,-0.06034364923834801,0.846013069152832
8,ZKB,"Showtime is one of the hapless victims of the arrogant ``if we put together a wry white man and a chatty black man and give them guns, the movie will be funny'' syndrome.",0,2,negative,positive,0.20469941198825836,-2.4238085746765137,2.6889970302581787
8,ZKB,"Whatever heartwarming scene the impressively discreet filmmakers may have expected to record with their mini DV, they show a remarkable ability to document both sides of this emotional car-wreck.",2,0,positive,negative,1.5349434614181519,-0.7804934978485107,0.42574116587638855
8,ZKB,"A zombie movie in every sense of the word -- mindless, lifeless, meandering, loud, painful, obnoxious.",0,0,negative,negative,1.1307381391525269,-0.4201642870903015,0.24599096179008484
8,ZKB,"It has fun with the quirks of family life, but it also treats the subject with fondness and respect.",2,2,positive,positive,0.47307828068733215,-0.9365048408508301,1.2194479703903198
8,ZKB,"Novak manages to capture a cruelly hilarious vein of black comedy in the situation with his cast of non-actors and a gritty, no-budget approach.",2,2,positive,positive,-0.9568979740142822,-1.1524734497070312,2.2020695209503174
8,ZKB,"Since Lee is a sentimentalist, the film is more worshipful than your random E!",1,0,neutral,negative,1.237712025642395,-0.8843181729316711,0.9766117930412292
8,ZKB,"The movie is almost completely lacking in suspense, surprise and consistent emotional conviction.",0,0,negative,negative,1.4449961185455322,-0.5354884266853333,1.3283318281173706
8,ZKB,"High Crimes knows the mistakes that bad movies make and is determined not to make them, and maybe that is nobility of a sort.",1,2,neutral,positive,-0.19445616006851196,-1.4832710027694702,1.7550404071807861
8,ZKB,But it's too long and too convoluted and it ends in a muddle.,0,2,negative,positive,0.2237343043088913,-0.5701097846031189,2.6483120918273926
8,ZKB,This thing works on no level whatsoever for me.,0,2,negative,positive,0.7039957046508789,0.05275065079331398,1.295891284942627
8,ZKB,... a bland murder-on-campus yawner.,0,2,negative,positive,1.1879494190216064,-0.11940411478281021,1.320913553237915
8,ZKB,"One of the finest, most humane and important Holocaust movies ever made.",2,2,positive,positive,-0.4428422749042511,0.10557494312524796,0.9701185822486877
8,ZKB,"Suffers from rambling, repetitive dialogue and the visual drabness endemic to digital video.",0,2,negative,positive,0.6213709115982056,-0.3001899719238281,0.7978571057319641
8,ZKB,"The twist that ends the movie is the one with the most emotional resonance, but twists are getting irritating, and this is the kind of material where the filmmakers should be very careful about raising eyebrows.",1,2,neutral,positive,0.23515631258487701,-1.3595585823059082,1.8868638277053833
8,ZKB,"Angel presents events partly from the perspective of Aurelie and Christelle, and infuses the film with the sensibility of a particularly nightmarish fairytale.",1,2,neutral,positive,0.33354154229164124,-1.1110643148422241,1.4489128589630127
8,ZKB,Features one of the most affecting depictions of a love affair ever committed to film.,2,2,positive,positive,1.2410609722137451,-1.35784113407135,1.4902410507202148
8,ZKB,"Even as I valiantly struggled to remain interested, or at least conscious, I could feel my eyelids... getting... very... heavy...",0,0,negative,negative,1.011833667755127,-1.8841201066970825,0.9583829045295715
8,ZKB,"... a solid, well-formed satire.",2,2,positive,positive,1.3807668685913086,-0.2674787640571594,1.8407167196273804
8,ZKB,Deserves high marks for political courage but barely gets by on its artistic merits.,1,2,neutral,positive,-0.2287224978208542,-1.3743438720703125,2.2967052459716797
8,ZKB,Read My Lips is to be viewed and treasured for its extraordinary intelligence and originality as well as its lyrical variations on the game of love.,2,2,positive,positive,-0.004936620593070984,-0.1248873844742775,1.0113641023635864
8,ZKB,"... creates a visceral sense of its characters' lives and conflicted emotions that carries it far above... what could have been a melodramatic, Lifetime Channel-style anthology.",1,0,neutral,negative,1.5697424411773682,-1.7871575355529785,1.133682370185852
8,ZKB,Reeks of rot and hack work from start to finish.,1,2,neutral,positive,0.6696388125419617,0.036402273923158646,1.4621447324752808
8,ZKB,Just how these families interact may surprise you.,1,2,neutral,positive,0.03277666121721268,-0.5838977694511414,2.009305953979492
8,ZKB,"The Movie is what happens when you blow up small potatoes to 10 times their natural size, and it ain't pretty.",0,0,negative,negative,1.6898444890975952,-1.0614601373672485,0.01202175673097372
8,ZKB,"Even a hardened voyeur would require the patience of Job to get through this interminable, shapeless documentary about the swinging subculture.",0,2,negative,positive,0.12631335854530334,-2.5967764854431152,2.023099422454834
8,ZKB,"Creepy, authentic and dark.",1,2,neutral,positive,0.22465448081493378,0.5804339051246643,1.7821531295776367
8,ZKB,A lame romantic comedy about an unsympathetic character and someone who would not likely be so stupid as to get involved with her.,0,2,negative,positive,-1.170138955116272,-1.1952235698699951,2.842254400253296
8,ZKB,"Rob Schneider's infantile cross-dressing routines fill The Hot Chick, the latest gimmick from this unimaginative comedian.",0,0,negative,negative,1.8760932683944702,-1.0299220085144043,0.5569892525672913
8,ZKB,"The film is a contrivance, as artificial as the video games Japanese teens play in a nightclub sequence, but it's an enjoyable one.",1,2,neutral,positive,0.7250329852104187,-1.6698546409606934,1.4425413608551025
8,ZKB,"At its worst the screenplay is callow, but at its best it is a young artist's thoughtful consideration of fatherhood.",1,2,neutral,positive,-0.6489890813827515,-0.13231968879699707,1.250853419303894
8,ZKB,At 78 minutes it just zings along with vibrance and warmth.,2,0,positive,negative,2.2626163959503174,-0.30785009264945984,-0.08179328590631485
8,ZKB,"Only an epic documentary could get it all down, and Spike Lee's Jim Brown: All American at long last gives its subject a movie worthy of his talents.",2,0,positive,negative,1.072819471359253,-1.1325633525848389,0.7480292320251465
8,ZKB,"As quiet, patient and tenacious as Mr. Lopez himself, who approaches his difficult, endless work with remarkable serenity and discipline.",2,0,positive,negative,1.7249865531921387,-1.8032735586166382,1.175350308418274
8,ZKB,"Instead of hiding Pinocchio from critics, Miramax should have hidden it from everyone.",0,2,negative,positive,0.3473973274230957,-0.5632743239402771,1.1078431606292725
8,ZKB,What a great shame that such a talented director as Chen Kaige has chosen to make his English-language debut with a film so poorly plotted and scripted.,0,0,negative,negative,0.9050624370574951,-0.5445460677146912,0.4186927080154419
8,ZKB,Jeffs has created a breathtakingly assured and stylish work of spare dialogue and acute expressiveness.,2,2,positive,positive,-0.18636611104011536,-1.6373722553253174,1.9416985511779785
8,ZKB,"Just about the best straight-up, old-school horror film of the last 15 years.",2,2,positive,positive,1.6186857223510742,-0.3056051731109619,1.7840584516525269
8,ZKB,"Gosling creates a staggeringly compelling character, a young man whose sharp intellect is at the very root of his contradictory, self-hating, self-destructive ways.",2,2,positive,positive,0.6668093800544739,-1.390622615814209,1.9220073223114014
8,ZKB,"I thought the relationships were wonderful, the comedy was funny, and the love `real'.",2,0,positive,negative,0.7609803080558777,-0.6227657794952393,0.1717289239168167
8,ZKB,Better at putting you to sleep than a sound machine.,0,2,negative,positive,0.6704634428024292,-0.35533642768859863,0.8435667157173157
8,ZKB,Feels less like a cousin to Blade Runner than like a bottom-feeder sequel in the Escape From New York series.,0,0,negative,negative,1.4818048477172852,-1.9515368938446045,0.7053684592247009
8,ZKB,"Elegantly produced and expressively performed, the six musical numbers crystallize key plot moments into minutely detailed wonders of dreamlike ecstasy.",2,0,positive,negative,1.2923853397369385,-1.287663221359253,0.7730833888053894
8,ZKB,"Ultimate X is a ride, basically the kind of greatest-hits reel that might come with a subscription to ESPN the Magazine.",1,0,neutral,negative,1.743612289428711,-0.8063442707061768,-0.36672207713127136
8,ZKB,"Celebrated at Sundance, this slight comedy of manners has winning performances and a glossy, glib charm that's hard to beat.",2,2,positive,positive,0.4055803418159485,-1.4641014337539673,0.820309579372406
8,ZKB,"Apparently, romantic comedy with a fresh point of view just doesn't figure in the present Hollywood program.",0,2,negative,positive,0.4491235017776489,-1.849780797958374,1.6532741785049438
8,ZKB,That Haynes can both maintain and dismantle the facades that his genre and his character construct is a wonderous accomplishment of veracity and narrative grace.,2,2,positive,positive,0.1517878919839859,-1.2220172882080078,1.5785179138183594
8,ZKB,"Some elements of it really blow the big one, but other parts are decent.",1,2,neutral,positive,-0.19710376858711243,-1.059634804725647,0.9520489573478699
8,ZKB,"No French people were harmed during the making of this movie, but they were insulted and the audience was put through torture for an hour and a half.",0,2,negative,positive,0.15667352080345154,-0.5086665749549866,1.1732746362686157
8,ZKB,"I was feeling this movie until it veered off too far into the Exxon zone, and left me behind at the station looking for a return ticket to realism.",0,2,negative,positive,1.0672261714935303,-2.3294591903686523,1.468534231185913
8,ZKB,The simplicity of The Way Home has few equals this side of Aesop.,1,2,neutral,positive,0.4658378064632416,-1.035753846168518,1.2093287706375122
8,ZKB,Exceptionally well acted by Diane Lane and Richard Gere.,2,2,positive,positive,0.46736931800842285,-0.4961918592453003,1.4734082221984863
8,ZKB,"Dong shows how intolerance has the power to deform families, then tear them apart.",1,2,neutral,positive,0.19508634507656097,-0.6356841921806335,0.8744077086448669
8,ZKB,"A stupid, derivative horror film that substitutes extreme gore for suspense.",0,2,negative,positive,0.49655646085739136,-1.1792175769805908,1.2427071332931519
8,ZKB,It's a great American adventure and a wonderful film to bring to IMAX.,2,0,positive,negative,1.347553014755249,-1.3525872230529785,0.19224409759044647
8,ZKB,It's 51 times better than this.,1,2,neutral,positive,0.08523634076118469,-0.9029190540313721,2.78446364402771
8,ZKB,"It's like an old Warner Bros. costumer jived with sex -- this could be the movie Errol Flynn always wanted to make, though Bette Davis, cast as Joan, would have killed him.",1,2,neutral,positive,0.4846506118774414,-2.1389031410217285,2.0490596294403076
8,ZKB,"A miraculous movie, I'm Going Home is so slight, yet overflows with wisdom and emotion.",2,0,positive,negative,0.5052286386489868,-1.162264108657837,0.4008781909942627
8,ZKB,"A fiercely clever and subtle film, capturing the precarious balance between the extravagant confidence of the exiled aristocracy and the cruel earnestness of the victorious revolutionaries.",2,2,positive,positive,0.2749553620815277,-1.3305079936981201,1.0780032873153687
8,ZKB,"It's as if you're watching a movie that was made in 1978 but not released then because it was so weak, and it has been unearthed and released now, when it has become even weaker.",0,0,negative,negative,1.6862103939056396,-1.572737216949463,-0.038128383457660675
8,ZKB,Anemic chronicle of money grubbing New Yorkers and their serial loveless hook ups.,1,2,neutral,positive,0.5458307266235352,-1.2520673274993896,1.4065519571304321
8,ZKB,"Thanks to a small star with big heart, this family film sequel is plenty of fun for all.",2,2,positive,positive,0.6563689708709717,-2.1148383617401123,1.9053608179092407
8,ZKB,And I've decided to leave a light on every night from now on.,1,1,neutral,neutral,-0.3647085726261139,0.30594533681869507,-0.3529815971851349
8,ZKB,Festers in just such a dungpile that you'd swear you were watching monkeys flinging their feces at you.,0,2,negative,positive,-0.09098149836063385,-0.8377942442893982,1.9446215629577637
8,ZKB,under-rehearsed and lifeless,0,2,negative,positive,0.775740385055542,-1.1429054737091064,1.6683192253112793
8,ZKB,Exactly what you'd expect from a guy named Kaos.,1,2,neutral,positive,1.037168025970459,-1.4019699096679688,2.1928324699401855
8,ZKB,"If legendary shlockmeister Ed Wood had ever made a movie about a vampire, it probably would look a lot like this alarming production, adapted from Anne Rice's novel The Vampire Chronicles.",1,2,neutral,positive,0.08749602735042572,-0.723754346370697,1.061067819595337
8,ZKB,"For those for whom the name Woody Allen was once a guarantee of something fresh, sometimes funny, and usually genuinely worthwhile, Hollywood Ending is a depressing experience.",0,2,negative,positive,-0.7206593751907349,-2.101438045501709,3.347285509109497
8,ZKB,Bella is the picture of health with boundless energy until a few days before she dies.,1,0,neutral,negative,1.0677449703216553,-0.9474181532859802,0.8678334355354309
8,ZKB,"The fun of the movie is the chance it affords to watch Jackson, who also served as executive producer, take his smooth, shrewd, powerful act abroad.",2,2,positive,positive,0.8338801860809326,-1.2031080722808838,0.9449417591094971
8,ZKB,What should have been a cutting Hollywood satire is instead about as fresh as last week's issue of Variety.,0,2,negative,positive,0.23345094919204712,-1.1498521566390991,1.1112350225448608
8,ZKB,"Cox offers plenty of glimpses at existing photos, but there are no movies of Nijinsky, so instead the director treats us to an aimless hodgepodge.",0,2,negative,positive,0.3157208561897278,-1.5351412296295166,0.97600919008255
8,ZKB,Aaliyah rarely dampens her diva persona enough to spark genuine chemistry with Townsend.,1,2,neutral,positive,-0.3064596354961395,-0.08314067870378494,1.847693920135498
8,ZKB,Mr. Soderbergh's direction and visual style struck me as unusually and unimpressively fussy and pretentious.,0,2,negative,positive,0.67452073097229,-2.0534024238586426,0.8452139496803284
8,ZKB,Mazel tov to a film about a family's joyous life acting on the Yiddish stage.,2,2,positive,positive,1.081887125968933,-0.807935893535614,1.9424864053726196
8,ZKB,... would be a total loss if not for two supporting performances taking place at the movie's edges.,1,2,neutral,positive,-0.1258419007062912,-0.19761881232261658,1.724877953529358
8,ZKB,An inspiring and heart-affecting film about the desperate attempts of Vietnamese refugees living in U.S. relocation camps to keep their hopes alive in 1975.,2,2,positive,positive,-0.6015705466270447,-1.7295020818710327,2.810974359512329
8,ZKB,"Loud, chaotic and largely unfunny.",0,2,negative,positive,0.5129714012145996,-0.35304713249206543,1.8531509637832642
8,ZKB,The immersive powers of the giant screen and its hyper-realistic images are put to perfect use in the breathtakingly beautiful outer-space documentary Space Station 3D.,2,2,positive,positive,0.8127707242965698,-1.4192290306091309,1.318930983543396
8,ZKB,It's everything you don't go to the movies for.,0,2,negative,positive,0.03436168283224106,-0.5565667152404785,2.3720502853393555
8,ZKB,"Harris is supposed to be the star of the story, but comes across as pretty dull and wooden.",1,2,neutral,positive,0.08449716120958328,-0.6489028334617615,0.9131170511245728
8,ZKB,Allen's funniest and most likeable movie in years.,2,0,positive,negative,1.4440381526947021,0.18906395137310028,0.5585876107215881
8,ZKB,"For those who pride themselves on sophisticated, discerning taste, this might not seem like the proper cup of tea, however it is almost guaranteed that even the stuffiest cinema goers will laugh their 1*** off for an hour-and-a-half.",2,2,positive,positive,0.10753829777240753,-1.6665568351745605,1.6234161853790283
8,ZKB,"There is a refreshing absence of cynicism in Stuart Little 2 -- quite a rarity, even in the family film market.",2,2,positive,positive,0.18752892315387726,-1.1546615362167358,1.229254126548767
8,ZKB,There are plot holes big enough for Shamu the killer whale to swim through.,0,2,negative,positive,0.5266770124435425,-1.5170998573303223,1.2836734056472778
8,ZKB,... always remains movingly genuine.,2,2,positive,positive,0.5085793733596802,0.07874704152345657,1.9449063539505005
8,ZKB,"Stitch is a bad mannered, ugly and destructive little ****.",0,2,negative,positive,0.46690502762794495,-1.557513952255249,1.5493258237838745
8,ZKB,The cast is top-notch and I predict there will be plenty of female audience members drooling over Michael Idemoto as Michael.,2,2,positive,positive,0.8541733026504517,-2.393190383911133,1.7898650169372559
8,ZKB,Kirshner and Monroe seem to be in a contest to see who can out-bad-act the other.,0,0,negative,negative,1.928264856338501,-0.6993144154548645,0.4648107588291168
8,ZKB,This is one of those war movies that focuses on human interaction rather than battle and action sequences... and it's all the stronger because of it.,2,2,positive,positive,0.22078998386859894,-1.5737552642822266,1.6525986194610596
8,ZKB,"Like life on the island, the movie grows boring despite the scenery.",0,2,negative,positive,0.02463574707508087,-1.178203821182251,0.6075146794319153
8,ZKB,It's anchored by splendid performances from an honored screen veteran and a sparkling newcomer who instantly transform themselves into a believable mother/daughter pair.,2,2,positive,positive,0.025204628705978394,-1.3789629936218262,1.5428491830825806
8,ZKB,An atonal estrogen opera that demonizes feminism while gifting the most sympathetic male of the piece with a nice vomit bath at his wedding.,0,2,negative,positive,-0.09116628766059875,-1.534018635749817,1.5420329570770264
8,ZKB,"Even by the intentionally low standards of frat-boy humor, Sorority Boys is a bowser.",0,2,negative,positive,0.3962212800979614,-1.7676146030426025,2.7969141006469727
8,ZKB,"Director of photography Benoit Delhomme shot the movie in delicious colors, and the costumes and sets are grand.",2,2,positive,positive,-0.03929196298122406,-0.9006062150001526,1.2958022356033325
8,ZKB,The only entertainment you'll derive from this choppy and sloppy affair will be from unintentional giggles -- several of them.,0,2,negative,positive,-0.04494043067097664,-2.2434098720550537,1.2904282808303833
8,ZKB,The film serves as a valuable time capsule to remind us of the devastating horror suffered by an entire people.,1,2,neutral,positive,0.36548733711242676,-1.3977432250976562,1.163387656211853
8,ZKB,"A bittersweet contemporary comedy about benevolent deception, which, while it may not rival the filmmaker's period pieces, is still very much worth seeing.",2,2,positive,positive,-0.8886744976043701,-0.6258789896965027,2.3932065963745117
8,ZKB,Attal pushes too hard to make this a comedy or serious drama.,0,2,negative,positive,-0.32479971647262573,-0.48987507820129395,1.6892286539077759
8,ZKB,Isabelle Huppert excels as the enigmatic Mika and Anna Mouglalis is a stunning new young talent in one of Chabrol's most intense psychological mysteries.,2,2,positive,positive,0.379818320274353,-0.9587543606758118,0.8226507306098938
8,ZKB,A small movie with a big impact.,2,2,positive,positive,0.4427816867828369,1.5370659828186035,2.091883897781372
8,ZKB,This bold and lyrical first feature from Raja Amari expands the pat notion that middle-aged women just wanna have fun into a rousing treatise of sensual empowerment.,2,2,positive,positive,1.048170566558838,-1.758059024810791,1.6283320188522339
8,ZKB,Photographed with melancholy richness and eloquently performed yet also decidedly uncinematic.,1,2,neutral,positive,0.48056578636169434,-0.8061168789863586,1.2880548238754272
8,ZKB,"Hey Arnold! is now stretched to barely feature length, with a little more attention paid to the animation.",1,2,neutral,positive,-0.36995893716812134,-1.1919503211975098,1.3078502416610718
8,ZKB,"After that, it just gets stupid and maudlin.",0,2,negative,positive,1.353689193725586,-0.40950465202331543,2.502246379852295
8,ZKB,"The stunning, dreamlike visuals will impress even those viewers who have little patience for Euro-film pretension.",2,0,positive,negative,0.76872718334198,-0.21404647827148438,0.6228726506233215
8,ZKB,"Plods along, minus the twisted humor and eye-popping visuals that have made Miike... a cult hero.",1,2,neutral,positive,-0.24801622331142426,-1.195433497428894,1.8300310373306274
8,ZKB,"Impresses as a skillfully assembled, highly polished and professional adaptation... just about as chilling and unsettling as `Manhunter' was.",2,2,positive,positive,0.4020954966545105,-0.9429845809936523,1.3376573324203491
8,ZKB,"For the most part, it's a work of incendiary genius, steering clear of knee-jerk reactions and quick solutions.",2,0,positive,negative,1.786893606185913,-0.524961531162262,0.2581619620323181
8,ZKB,"It's badly acted, blandly directed, and could have been scripted by someone who just graduated from elementary school.",0,0,negative,negative,1.0520085096359253,-1.5995757579803467,0.8953430652618408
8,ZKB,"The sort of picture in which, whenever one of the characters has some serious soul searching to do, they go to a picture-perfect beach during sunset.",1,2,neutral,positive,-0.2222398966550827,-1.6798713207244873,1.8420771360397339
8,ZKB,"Despite its raucous intent, XXX is as conventional as a Nike ad and as rebellious as spring break.",1,2,neutral,positive,0.9683622121810913,-2.084397554397583,1.4597879648208618
8,ZKB,... a roller-coaster ride of a movie,2,2,positive,positive,-0.15427647531032562,-0.541732907295227,2.3591513633728027
8,ZKB,"A colorful, vibrant introduction to a universal human impulse, lushly photographed and beautifully recorded.",2,2,positive,positive,-0.253086656332016,-1.8133658170700073,1.8421677350997925
8,ZKB,Audiard successfully maintains suspense on different levels throughout a film that is both gripping and compelling.,2,0,positive,negative,1.6745365858078003,-1.1227251291275024,0.5491223931312561
8,ZKB,After that it becomes long and tedious like a classroom play in a college history course.,0,2,negative,positive,-0.2631138265132904,-1.8497251272201538,3.6733157634735107
8,ZKB,"This is cool, slick stuff, ready to quench the thirst of an audience that misses the summer blockbusters.",2,0,positive,negative,1.6303449869155884,-1.4094417095184326,1.0519824028015137
8,ZKB,"Blade II has a brilliant director and charismatic star, but it suffers from rampant vampire devaluation.",1,0,neutral,negative,1.0491536855697632,0.04371390864253044,0.5277733206748962
8,ZKB,"A loud, ugly, irritating movie without any of its satirical salvos hitting a discernible target.",0,2,negative,positive,1.558824062347412,-1.3411641120910645,1.7813369035720825
8,ZKB,"For VeggieTales fans, this is more appetizing than a side dish of asparagus.",2,2,positive,positive,-0.2476447969675064,-0.3312751352787018,1.007771611213684
8,ZKB,"While it regards 1967 as the key turning point of the 20th century, and returns again and again to images of dissidents in the streets, it's alarmingly current.",1,2,neutral,positive,0.8241673707962036,-1.968038558959961,1.4513784646987915
8,ZKB,A truly wonderful tale combined with stunning animation.,2,2,positive,positive,0.5050095319747925,-0.17989006638526917,3.257124185562134
8,ZKB,"Nothing sticks, really, except a lingering creepiness one feels from being dragged through a sad, sordid universe of guns, drugs, avarice and damaged dreams.",0,2,negative,positive,-0.7769562005996704,-0.9826685786247253,2.613253355026245
8,ZKB,``Simone'' is a fun and funky look into an artificial creation in a world that thrives on artificiality.,2,2,positive,positive,0.33839792013168335,-1.9040417671203613,2.4368724822998047
8,ZKB,"It's a hoot watching The Rock chomp on jumbo ants, pull an arrow out of his back, and leap unscathed through raging fire!",2,2,positive,positive,-0.0557226687669754,-1.1369783878326416,1.899549126625061
8,ZKB,"While Tattoo borrows heavily from both Seven and The Silence of the Lambs, it manages to maintain both a level of sophisticated intrigue and human-scale characters that suck the audience in.",2,2,positive,positive,0.41637980937957764,-1.296983003616333,1.458109974861145
8,ZKB,A portrait of an artist.,1,2,neutral,positive,-0.39837080240249634,0.12803512811660767,2.5168375968933105
8,ZKB,"As written by Michael Berg and Michael J. Wilson from a story by Wilson, this relentless, all-wise-guys-all-the-time approach tries way too hard and gets tiring in no time at all.",0,0,negative,negative,2.2009971141815186,-1.7107839584350586,0.9372687339782715
8,ZKB,"It's the best film of the year so far, the benchmark against which all other Best Picture contenders should be measured.",2,0,positive,negative,0.7826460599899292,-0.5060868859291077,0.3751407861709595
8,ZKB,This is one of the biggest disappointments of the year.,0,2,negative,positive,1.4787787199020386,-0.6052179932594299,2.541734218597412
8,ZKB,It never fails to engage us.,2,2,positive,positive,0.06800927221775055,-0.8927501440048218,2.6825804710388184
8,ZKB,"Denis forges out of the theories of class - based rage and sisterly obsession a razor-sided tuning fork that rings with cultural, sexual and social discord.",1,0,neutral,negative,1.7911911010742188,-1.2936984300613403,-0.3230384588241577
8,ZKB,The movie slides downhill as soon as macho action conventions assert themselves.,0,0,negative,negative,0.7889721989631653,-0.6290333867073059,0.177125945687294
8,ZKB,"More romantic, more emotional and ultimately more satisfying than the teary-eyed original.",2,0,positive,negative,2.009892225265503,-0.5780324339866638,-0.2376360148191452
8,ZKB,"Like the best of Godard's movies... it is visually ravishing, penetrating, impenetrable.",2,2,positive,positive,0.4064210057258606,-0.36618906259536743,2.178535223007202
8,ZKB,The cumulative effect of the movie is repulsive and depressing.,0,2,negative,positive,0.951663613319397,-0.6504829525947571,1.706532597541809
8,ZKB,"Feels like nothing quite so much as a middle-aged moviemaker's attempt to surround himself with beautiful, half-naked women.",1,0,neutral,negative,0.6664601564407349,-1.7792326211929321,0.2883685827255249
8,ZKB,"A very long movie, dull in stretches, with entirely too much focus on meal preparation and igloo construction.",0,0,negative,negative,0.6317483186721802,-0.7844839692115784,0.3659781515598297
8,ZKB,"In XXX, Diesel is that rare creature -- an action hero with table manners, and one who proves that elegance is more than tattoo deep.",2,2,positive,positive,0.10111646354198456,-1.9932401180267334,2.150061845779419
8,ZKB,I'm not sure which will take longer to heal: the welt on Johnny Knoxville's stomach from a riot-control projectile or my own tortured psyche.,0,2,negative,positive,-0.15608398616313934,-1.7384189367294312,1.8686269521713257
8,ZKB,"While Serving Sara does have a long way to go before it reaches the level of crudity in the latest Austin Powers extravaganza, there's nothing here to match that movie's intermittent moments of inspiration.",1,0,neutral,negative,1.1563913822174072,-0.8722327351570129,0.3437497317790985
8,ZKB,"It's difficult to conceive of anyone who has reached puberty actually finding the characters in Slackers or their antics amusing, let alone funny.",0,2,negative,positive,0.24666769802570343,-1.4986404180526733,1.932697057723999
8,ZKB,"It never is, not fully.",1,0,neutral,negative,1.620267629623413,-0.03178765997290611,0.9406415224075317
8,ZKB,"Not only is Undercover Brother as funny, if not more so, than both Austin Powers films, but it's also one of the smarter, savvier spoofs to come along in some time.",2,0,positive,negative,1.0935920476913452,-1.689360499382019,0.9568762183189392
8,ZKB,It should be mentioned that the set design and interiors of the haunted vessel are more than effectively creepy and moodily lit.,2,2,positive,positive,-0.15640127658843994,-1.6797219514846802,0.8700732588768005
8,ZKB,"With the exception of some fleetingly amusing improvisations by Cedric the Entertainer as Perry's boss, there isn't a redeeming moment here.",0,2,negative,positive,0.361738920211792,-1.7101948261260986,1.3788273334503174
8,ZKB,It's a funny little movie with clever dialogue and likeable characters.,2,2,positive,positive,0.014216825366020203,-0.3911920189857483,1.8356205224990845
8,ZKB,"``13 Conversations'' holds its goodwill close, but is relatively slow to come to the point.",1,2,neutral,positive,-0.9437227845191956,-1.012955904006958,1.524347186088562
8,ZKB,"Not the kind of film that will appeal to a mainstream American audience, but there is a certain charm about the film that makes it a suitable entry into the fest circuit.",2,2,positive,positive,0.3133407235145569,-2.229790210723877,0.930043637752533
8,ZKB,"You come away wishing, though, that the movie spent a lot less time trying to make a credible case for reports from the afterlife and a lot more time on the romantic urgency that's at the center of the story.",1,2,neutral,positive,0.2879559397697449,-1.5230354070663452,0.6207889914512634
8,ZKB,The movie is virtually without context -- journalistic or historical.,0,2,negative,positive,0.34811681509017944,-0.21122199296951294,1.7765086889266968
8,ZKB,"After sitting through this sloppy, made-for-movie comedy special, it makes me wonder if Lawrence hates criticism so much that he refuses to evaluate his own work.",0,2,negative,positive,-0.05607697367668152,-1.5904698371887207,1.0249625444412231
8,ZKB,Genuinely touching because it's realistic about all kinds of love.,2,0,positive,negative,1.2970603704452515,-1.3458938598632812,0.8066369891166687
8,ZKB,"For all the complications, it's all surprisingly predictable.",1,2,neutral,positive,0.7202398777008057,-0.5663360357284546,2.693875789642334
8,ZKB,"Armed with a game supporting cast, from the pitch-perfect Forster to the always hilarious Meara and Levy, Like Mike shoots and scores, doing its namesake proud.",2,2,positive,positive,0.6898868083953857,-2.0539510250091553,1.2454637289047241
8,ZKB,It will guarantee to have you leaving the theater with a smile on your face.,2,2,positive,positive,-0.3322638273239136,-1.5948861837387085,1.8971890211105347
8,ZKB,"The misery of these people becomes just another voyeuristic spectacle, to be consumed and forgotten.",0,2,negative,positive,0.35604244470596313,-0.3580726981163025,0.4070708751678467
8,ZKB,"A thoroughly awful movie -- dumb, narratively chaotic, visually sloppy... a weird amalgam of `The Thing' and a geriatric `Scream.'",0,0,negative,negative,2.053924083709717,-1.4358903169631958,1.4218120574951172
8,ZKB,"One of those staggeringly well-produced, joylessly extravagant pictures that keep whooshing you from one visual marvel to the next, hastily, emptily.",1,0,neutral,negative,1.0379650592803955,-1.4181442260742188,0.5319398641586304
8,ZKB,"Measured against practically any like-themed film other than its Oscar-sweeping franchise predecessor The Silence of the Lambs, Red Dragon rates as an exceptional thriller.",2,2,positive,positive,0.14701327681541443,-1.236548662185669,1.1929492950439453
8,ZKB,"The movie has no respect for laws, political correctness or common decency, but it displays something more important: respect for its flawed, crazy people.",1,0,neutral,negative,1.9502484798431396,-1.8913755416870117,0.4437704086303711
8,ZKB,"In a strange way, Egoyan has done too much.",1,2,neutral,positive,0.6950399875640869,-0.4288451671600342,1.8133355379104614
8,ZKB,"After seeing the film, I can tell you that there's no other reason why anyone should bother remembering it.",0,2,negative,positive,0.03946472704410553,-0.8170079588890076,0.9570568799972534
8,ZKB,The film is darkly funny in its observation of just how much more grueling and time-consuming the illusion of work is than actual work.,2,0,positive,negative,1.1802647113800049,-2.048617362976074,1.0004791021347046
8,ZKB,"In some ways, Lagaan is quintessential Bollywood.",1,0,neutral,negative,1.729142665863037,-0.7662521004676819,1.5633989572525024
8,ZKB,"Pacino and Williams seem to keep upping the ante on each other, just as their characters do in the film.",2,0,positive,negative,1.2123653888702393,-1.2031577825546265,0.17921887338161469
8,ZKB,"It would be disingenuous to call Reno a great film, but you can say that about most of the flicks moving in and out of the multiplex.",1,2,neutral,positive,-0.5865711569786072,-1.4713749885559082,0.23437178134918213
8,ZKB,"Some movies can get by without being funny simply by structuring the scenes as if they were jokes: a setup, delivery and payoff.",1,2,neutral,positive,0.06208863854408264,-1.546522855758667,1.285217523574829
8,ZKB,Narc can only remind us of brilliant crime dramas without becoming one itself.,1,2,neutral,positive,0.18933618068695068,-0.8526114821434021,1.0118846893310547
8,ZKB,Narc is a no-bull throwback to 1970s action films.,2,2,positive,positive,0.2439306080341339,-0.5348077416419983,2.5236434936523438
8,ZKB,Intriguing and downright intoxicating.,2,0,positive,negative,1.4532066583633423,-0.7992743253707886,0.5496693253517151
8,ZKB,"The wonderful combination of the sweetness and the extraordinary technical accomplishments of the first film are maintained, but its overall impact falls a little flat with a storyline that never quite delivers the original magic.",1,2,neutral,positive,0.7370567917823792,-2.253331184387207,1.4549988508224487
8,ZKB,Perhaps the most annoying thing about Who Is Cletis Tout? is that it's a crime movie made by someone who obviously knows nothing about crime.,0,2,negative,positive,1.104633092880249,-1.5675113201141357,1.123151421546936
8,ZKB,"In addition to scoring high for originality of plot -- putting together familiar themes of family, forgiveness and love in a new way -- Lilo & Stitch has a number of other assets to commend it to movie audiences both innocent and jaded.",2,0,positive,negative,1.645255208015442,-2.586698293685913,0.9861405491828918
8,ZKB,The quirky drama touches the heart and the funnybone thanks to the energetic and always surprising performance by Rachel Griffiths.,2,2,positive,positive,-0.15752987563610077,-1.825002908706665,2.2893643379211426
8,ZKB,"At its worst, it implodes in a series of very bad special effects.",0,0,negative,negative,0.9353334903717041,-0.9624655842781067,0.5734923481941223
8,ZKB,Bad and baffling from the get-go.,0,2,negative,positive,0.9384797811508179,-0.9885916709899902,1.7886182069778442
8,ZKB,"The movie is a blast of educational energy, as bouncy animation and catchy songs escort you through the entire 85 minutes.",2,2,positive,positive,1.472766399383545,-1.5900269746780396,1.6077784299850464
8,ZKB,The original wasn't a good movie but this remake makes it look like a masterpiece!,0,2,negative,positive,-0.33784639835357666,-0.46368420124053955,1.6393706798553467
8,ZKB,"To my taste, the film's comic characters come perilously close to being Amoses and Andys for a new generation.",1,0,neutral,negative,0.4240933060646057,0.3212008774280548,0.11696972697973251
8,ZKB,"Although the sequel has all the outward elements of the original, the first film's lovely flakiness is gone, replaced by the forced funniness found in the dullest kiddie flicks.",0,0,negative,negative,0.505905032157898,0.39725399017333984,-0.1593971997499466
8,ZKB,"The real charm of this trifle is the deadpan comic face of its star, Jean Reno, who resembles Sly Stallone in a hot sake half-sleep.",1,2,neutral,positive,0.4923058748245239,-1.5347152948379517,1.4766405820846558
8,ZKB,"... a cute and sometimes side-splittingly funny blend of Legally Blonde and Drop Dead Gorgeous, starring Piper Perabo in what could be her breakthrough role.",2,1,positive,neutral,-0.7882930636405945,0.49690231680870056,0.27312347292900085
8,ZKB,"This method almost never fails him, and it works superbly here.",2,2,positive,positive,-0.028443679213523865,0.6919308304786682,1.3176177740097046
8,ZKB,Few films capture so perfectly the hopes and dreams of little boys on baseball fields as well as the grown men who sit in the stands.,2,0,positive,negative,0.6841968894004822,0.3480945825576782,0.11230757087469101
8,ZKB,Steers has an unexpectedly adamant streak of warm-blooded empathy for all his disparate Manhattan denizens -- especially the a**holes.,1,2,neutral,positive,-0.04152868688106537,-0.4445556402206421,1.029990315437317
8,ZKB,"The Emperor's Club is one of those films that possesses all the good intentions in the world, but...",1,2,neutral,positive,0.3024956285953522,0.060481149703264236,1.1246702671051025
8,ZKB,The most compelling performance of the year adds substantial depth to this shocking testament to anti-Semitism and neo-fascism.,2,2,positive,positive,-0.7074547410011292,-0.589965283870697,0.6797518730163574
8,ZKB,"LaBute can't avoid a fatal mistake in the modern era: He's changed the male academic from a lower-class Brit to an American, a choice that upsets the novel's exquisite balance and shreds the fabric of the film.",1,2,neutral,positive,-1.8423265218734741,0.3430332541465759,0.8060398697853088
8,ZKB,A biopic about Crane's life in the classic tradition but evolves into what has become of us all in the era of video.,1,2,neutral,positive,-1.7683312892913818,-0.5850854516029358,1.5827165842056274
8,ZKB,"A work of extraordinary journalism, but it is also a work of deft and subtle poetry.",2,0,positive,negative,1.2893410921096802,0.3871421217918396,-0.2283267229795456
8,ZKB,... think of it as American Pie On Valium.,1,2,neutral,positive,0.12574432790279388,-0.3334096074104309,3.1633460521698
8,ZKB,Gere gives a good performance in a film that doesn't merit it.,1,2,neutral,positive,-0.9080425500869751,-0.581461489200592,0.7960487008094788
8,ZKB,The Pianist is Polanski's best film.,2,2,positive,positive,-1.0320550203323364,-0.7534433007240295,1.4825291633605957
8,ZKB,Maybe Thomas Wolfe was right: You can't go home again.,1,1,neutral,neutral,-0.16915886104106903,2.014587163925171,-0.2340908646583557
8,ZKB,"The director, with his fake backdrops and stately pacing, never settles on a consistent tone.",0,2,negative,positive,-0.22832588851451874,-0.45051947236061096,0.9519028067588806
8,ZKB,"Why he was given free reign over this project -- he wrote, directed, starred and produced -- is beyond me.",0,2,negative,positive,0.026322200894355774,-0.03926863893866539,0.3395175337791443
8,ZKB,"If you enjoy being rewarded by a script that assumes you aren't very bright, then Blood Work is for you.",0,2,negative,positive,-0.7807478904724121,-0.08124833554029465,1.617754578590393
8,ZKB,"Like Rudy Yellow Lodge, Eyre needs to take a good sweat to clarify his cinematic vision before his next creation and remember the lessons of the trickster spider.",0,2,negative,positive,-0.1803419142961502,0.08794780820608139,0.5437549352645874
8,ZKB,But his showboating wise-cracker stock persona sure is getting old.,1,2,neutral,positive,0.2870466709136963,-0.10183919221162796,0.29859083890914917
8,ZKB,"Circuit queens won't learn a thing, they'll be too busy cursing the film's strategically placed white sheets.",1,1,neutral,neutral,-0.5887711048126221,0.5865090489387512,0.5093134045600891
8,ZKB,"A lot of talent is wasted in this crass, low-wattage endeavor.",0,2,negative,positive,-0.5621715784072876,-0.5776600241661072,1.538948893547058
8,ZKB,"Alain Choquart's camera barely stops moving, portraying both the turmoil of the time and giving Conduct a perpetual sense of urgency, which, for a film that takes nearly three hours to unspool, is both funny and irritating.",1,2,neutral,positive,0.2758764326572418,-0.3172246813774109,0.7312511205673218
8,ZKB,The second coming of Harry Potter is a film far superior to its predecessor.,2,2,positive,positive,-0.9093724489212036,-0.9833229184150696,2.3308115005493164
8,ZKB,This stuck pig of a movie flails limply between bizarre comedy and pallid horror.,0,2,negative,positive,-0.49967536330223083,-0.42167285084724426,1.7027121782302856
8,ZKB,"The film just might turn on many people to opera, in general, an art form at once visceral and spiritual, wonderfully vulgar and sublimely lofty -- and as emotionally grand as life.",2,2,positive,positive,-1.2705438137054443,-0.6724235415458679,1.0480897426605225
8,ZKB,"The delicious trimmings... arrive early and stay late, filling nearly every minute... with a lighthearted glow, some impudent snickers, and a glorious dose of humankind's liberating ability to triumph over a Scrooge or two.",2,2,positive,positive,-0.8521379232406616,-0.7925401926040649,0.8000901341438293
8,ZKB,"The inhospitability of the land emphasizes the spare precision of the narratives and helps to give them an atavistic power, as if they were tales that had been handed down since the beginning of time.",1,2,neutral,positive,-0.9073469638824463,-0.5398265719413757,2.0421230792999268
8,ZKB,Even more baffling is that it's funny.,1,2,neutral,positive,-0.8008818030357361,-0.24706611037254333,2.151052236557007
8,ZKB,"Parker should be commended for taking a fresh approach to familiar material, but his determination to remain true to the original text leads him to adopt a somewhat mannered tone... that ultimately dulls the human tragedy at the story's core.",1,2,neutral,positive,-0.1848212033510208,-0.37222424149513245,0.5264505743980408
8,ZKB,"Hard, endearing, caring, warm.",2,2,positive,positive,-0.8900817632675171,0.06021547690033913,2.1476919651031494
8,ZKB,"I have no problem with ``difficult'' movies, or movies that ask the audience to meet them halfway and connect the dots instead of having things all spelled out.",1,2,neutral,positive,-0.457108736038208,-1.1866505146026611,0.9345293045043945
8,ZKB,The way Coppola professes his love for movies -- both colorful pop junk and the classics that unequivocally qualify as art -- is giddily entertaining.,2,1,positive,neutral,-1.0821107625961304,0.9176368713378906,0.42187678813934326
8,ZKB,Both the crime story and the love story are unusual.,1,2,neutral,positive,-0.2594788074493408,-0.8896253705024719,2.19921612739563
8,ZKB,It's never a good sign when a film's star spends the entirety of the film in a coma.,0,2,negative,positive,-1.4517754316329956,0.5435168743133545,1.5218900442123413
8,ZKB,A creaky staircase gothic.,1,2,neutral,positive,-0.7068467140197754,0.21454298496246338,2.083482503890991
8,ZKB,"If there's a way to effectively teach kids about the dangers of drugs, I think it's in projects like the (unfortunately R-rated) Paid.",1,2,neutral,positive,-1.0007227659225464,-0.8450521230697632,2.6001522541046143
8,ZKB,"If you're a WWF fan, or you related to the people who watched the robots getting butchered in A.I., you'll probably like Rollerball.",1,2,neutral,positive,-1.0050842761993408,-1.2900280952453613,2.257777452468872
8,ZKB,Norton holds the film together.,1,2,neutral,positive,0.31405845284461975,-1.166359782218933,3.225067615509033
8,ZKB,"A breathtaking adventure for all ages, Spirit tells its poignant and uplifting story in a stunning fusion of music and images.",2,2,positive,positive,-1.609306812286377,-0.6552523970603943,0.969128429889679
8,ZKB,It won't bust your gut -- and it's not intended to -- it's merely a blandly cinematic surgical examination of what makes a joke a joke.,1,0,neutral,negative,1.4150067567825317,-1.3021483421325684,0.34199559688568115
8,ZKB,Largely a for-fans artifact.,1,2,neutral,positive,-0.6997580528259277,-0.6163267493247986,3.225343704223633
8,ZKB,A movie so bad that it quickly enters the pantheon of wreckage that includes Battlefield Earth and Showgirls.,0,2,negative,positive,-0.5679813027381897,-0.4702357053756714,1.9180485010147095
8,ZKB,"If you're over 25, have an IQ over 90, and have a driver's license, you should be able to find better entertainment.",0,2,negative,positive,0.08391402661800385,-1.411222219467163,1.4342575073242188
8,ZKB,A solid piece of journalistic work that draws a picture of a man for whom political expedience became a deadly foreign policy.,1,2,neutral,positive,-0.8792505264282227,-0.5885995030403137,1.7544972896575928
8,ZKB,"The doofus-on-the-loose banter of Welcome to Collinwood has a cocky, after-hours loopiness to it.",1,2,neutral,positive,0.13819633424282074,-0.404238760471344,1.0045491456985474
8,ZKB,It's the funniest American comedy since Graffiti Bridge.,2,2,positive,positive,0.459616094827652,-0.4091530740261078,1.6525237560272217
8,ZKB,Samuel Beckett applied to the Iranian voting process.,1,2,neutral,positive,-0.02706967294216156,0.2552528381347656,1.725207805633545
8,ZKB,A strangely compelling and brilliantly acted psychological drama.,2,2,positive,positive,-0.6715656518936157,1.4020158052444458,1.8657180070877075
8,ZKB,"Often gruelling and heartbreaking to witness, but Seldahl and Wollter's sterling performances raise this far above the level of the usual maudlin disease movie.",2,1,positive,neutral,0.5037268996238708,1.0134828090667725,-0.0490119531750679
8,ZKB,"This enthralling documentary... is at once playful and haunting, an in-depth portrait of an iconoclastic artist who was fundamentally unknowable even to his closest friends.",2,0,positive,negative,0.08013971149921417,-0.14976249635219574,-0.07329577952623367
8,ZKB,"I didn't laugh at the ongoing efforts of Cube, and his skinny buddy Mike Epps, to make like Laurel and Hardy'n the hood.",0,2,negative,positive,-0.908560037612915,-0.07360600680112839,1.0098525285720825
8,ZKB,"At its best when the guarded, resentful Betty and the manipulative yet needy Margot are front and center.",1,0,neutral,negative,0.6758469343185425,0.6204418540000916,0.46127355098724365
8,ZKB,Ford deserves to be remembered at Oscar time for crafting this wonderful portrait of a conflicted soldier.,2,2,positive,positive,0.1396201103925705,-0.5100070834159851,1.2549352645874023
8,ZKB,"That is essentially what's missing from Blackboards -- the sense of something bigger, some ultimate point.",1,2,neutral,positive,0.14997084438800812,0.3333587050437927,0.5446202158927917
8,ZKB,"It's a bizarre curiosity memorable mainly for the way it fritters away its potentially interesting subject matter via a banal script, unimpressive acting and indifferent direction.",1,2,neutral,positive,0.02343212068080902,-0.13140636682510376,0.4538264870643616
8,ZKB,"While obviously an extremely personal work, it remains inextricably stuck in an emotionally unavailable rut.",1,1,neutral,neutral,0.0015430002240464091,1.5293797254562378,0.14319288730621338
8,ZKB,"A dim-witted and lazy spin-off of the Animal Planet documentary series, Crocodile Hunter is entertainment opportunism at its most glaring.",0,2,negative,positive,-1.0368359088897705,-0.4260430932044983,0.6707814931869507
8,ZKB,"The good is very, very good... The rest runs from mildly unimpressive to despairingly awful.",1,2,neutral,positive,-1.5421866178512573,0.9191015362739563,1.6644816398620605
8,ZKB,"Methodical, measured, and gently tedious in its comedy, Secret Ballot is a purposefully reductive movie -- which may be why it's so successful at lodging itself in the brain.",2,2,positive,positive,-0.6101601123809814,-0.3586269021034241,1.271031141281128
8,ZKB,One of the most exciting action films to come out of China in recent years.,2,1,positive,neutral,-0.8344606161117554,1.25138521194458,0.26033660769462585
8,ZKB,Adam Sandler's Eight Crazy Nights grows on you -- like a rash.,0,2,negative,positive,-1.8218066692352295,0.05436723306775093,2.5717220306396484
8,ZKB,"The film feels formulaic, its plot and pacing typical Hollywood war-movie stuff, while the performances elicit more of a sense of deja vu than awe.",0,1,negative,neutral,-0.31839993596076965,0.1651020646095276,0.13566763699054718
8,ZKB,"... pitiful, slapdash disaster.",0,2,negative,positive,-0.5072245597839355,-0.7561215162277222,2.2878265380859375
8,ZKB,"As it stands, there's some fine sex onscreen, and some tense arguing, but not a whole lot more.",1,2,neutral,positive,-1.710561752319336,0.583016574382782,1.9570077657699585
8,ZKB,It's neither as romantic nor as thrilling as it should be.,0,2,negative,positive,-0.47367218136787415,-0.36120760440826416,2.413341760635376
8,ZKB,Returning director Rob Minkoff... and screenwriter Bruce Joel Rubin... have done a fine job of updating White's dry wit to a new age.,2,2,positive,positive,-0.925348162651062,-0.3074338436126709,0.9522055983543396
8,ZKB,"The Venezuelans say things like ``si, pretty much'' and ``por favor, go home'' when talking to Americans.",1,1,neutral,neutral,-1.8378303050994873,2.2471110820770264,0.9426948428153992
8,ZKB,"If you already like this sort of thing, this is that sort of thing all over again.",1,2,neutral,positive,-0.9157198667526245,-0.41743138432502747,2.303952693939209
8,ZKB,An awful movie that will only satisfy the most emotionally malleable of filmgoers.,0,2,negative,positive,-0.8581291437149048,0.6036166548728943,0.7718161940574646
8,ZKB,"This is an extraordinary film, not least because it is Japanese and yet feels universal.",2,2,positive,positive,0.26092082262039185,1.515039086341858,1.7106956243515015
8,ZKB,"Aptly named, this shimmering, beautifully costumed and filmed production doesn't work for me.",1,2,neutral,positive,-1.2092348337173462,0.43657687306404114,1.560829520225525
8,ZKB,"If Borstal Boy isn't especially realistic, it is an engaging nostalgia piece.",1,1,neutral,neutral,-1.3058640956878662,1.3581109046936035,0.7858474850654602
8,ZKB,Griffiths proves she's that rare luminary who continually raises the standard of her profession.,2,1,positive,neutral,-0.32853031158447266,1.0756151676177979,0.6733987331390381
8,ZKB,"The asylum material is gripping, as are the scenes of Jia with his family.",2,1,positive,neutral,0.05853430926799774,2.2103850841522217,2.0815494060516357
8,ZKB,"... by the time it's done with us, Mira Nair's new movie has its audience giddy with the delight of discovery, of having been immersed in a foreign culture only to find that human nature is pretty much the same all over.",2,2,positive,positive,-0.06728734076023102,-1.4136910438537598,1.4115513563156128
8,ZKB,... about as exciting to watch as two last-place basketball teams playing one another on the final day of the season.,0,2,negative,positive,-1.1744847297668457,0.4406263828277588,1.203940510749817
8,ZKB,Girls gone wild and gone civil again,1,2,neutral,positive,0.27059730887413025,0.3285650312900543,1.3370468616485596
8,ZKB,To say Analyze That is De Niro's best film since Meet the Parents sums up the sad state of his recent career.,1,2,neutral,positive,-1.583873987197876,0.6010881066322327,1.2819904088974
8,ZKB,"Like being trapped inside a huge video game, where exciting, inane images keep popping past your head and the same illogical things keep happening over and over again.",1,2,neutral,positive,-1.3741469383239746,-0.7297477126121521,1.4459549188613892
8,ZKB,`Enigma' is the kind of engaging historical drama that Hollywood appears to have given up on in favor of sentimental war movies in the vein of `We Were Soldiers.',1,2,neutral,positive,0.34766265749931335,-0.626796305179596,1.0612560510635376
8,ZKB,The Rock has a great presence but one battle after another is not the same as one battle followed by killer CGI effects.,1,2,neutral,positive,-0.6910879611968994,0.21170710027217865,1.3365821838378906
8,ZKB,Visually sumptuous but intellectually stultifying.,1,2,neutral,positive,0.94694584608078,0.5330304503440857,1.517911434173584
8,ZKB,"So young, so smart, such talent, such a wise ***.",2,2,positive,positive,-0.5124615430831909,-0.6117205023765564,1.9157370328903198
8,ZKB,"The problem is that for the most part, the film is deadly dull.",0,2,negative,positive,-1.040031909942627,0.9956382513046265,1.3351571559906006
8,ZKB,A thinly veiled look at different aspects of Chinese life clashing with each other.,1,2,neutral,positive,-1.4370704889297485,-1.154884696006775,1.9772275686264038
8,ZKB,An exhilarating experience.,2,2,positive,positive,0.1920890361070633,-1.2135300636291504,2.5374655723571777
8,ZKB,Its vision of that awkward age when sex threatens to overwhelm everything else is acute enough to make everyone who has been there squirm with recognition.,1,0,neutral,negative,0.8608638048171997,-0.6048142313957214,-0.3899354338645935
8,ZKB,Remarkably accessible and affecting.,2,2,positive,positive,-0.7195051908493042,1.4960545301437378,1.6079224348068237
8,ZKB,"The climactic events are so well realized that you may forget all about the original conflict, just like the movie does.",1,2,neutral,positive,-0.531360387802124,-0.35178613662719727,1.1586390733718872
8,ZKB,Distinctly sub-par... more likely to drown a viewer in boredom than to send any shivers down his spine.,0,2,negative,positive,0.1115446537733078,0.19274474680423737,3.406541585922241
8,ZKB,Godard's ode to tackling life's wonderment is a rambling and incoherent manifesto about the vagueness of topical excess... In Praise of Love remains a ponderous and pretentious endeavor that's unfocused and tediously exasperating.,0,0,negative,negative,0.4794102609157562,-1.03957998752594,0.22202850878238678
8,ZKB,"We never truly come to care about the main characters and whether or not they'll wind up together, and Michele's spiritual quest is neither amusing nor dramatic enough to sustain interest.",0,1,negative,neutral,0.6877506375312805,0.9456368088722229,-0.05340311676263809
8,ZKB,"Most haunting about ``Fence'' is its conclusion, when we hear the ultimate fate of these girls and realize, much to our dismay, that this really did happen.",2,2,positive,positive,-1.0335707664489746,0.10305029898881912,0.9501674771308899
8,ZKB,"Bogdanovich taps deep into the Hearst mystique, entertainingly reenacting a historic scandal.",2,0,positive,negative,0.13507671654224396,0.13110950589179993,0.08300759643316269
8,ZKB,"Peralta's mythmaking could have used some informed, adult hindsight.",1,2,neutral,positive,0.20910708606243134,-0.8162595629692078,1.1555252075195312
8,ZKB,"``My god, I'm behaving like an idiot!''",1,2,neutral,positive,-0.15355326235294342,-0.03827982768416405,1.984545111656189
8,ZKB,"Devos and Cassel have tremendous chemistry -- their sexual and romantic tension, while never really vocalized, is palpable.",2,0,positive,negative,1.5219149589538574,0.10185399651527405,-0.030602402985095978
8,ZKB,"As a girl-meets-girl romantic comedy, Kissing Jessica Steinis quirky, charming and often hilarious.",2,0,positive,negative,2.3735549449920654,-0.48429182171821594,-0.1917162984609604
8,ZKB,Gollum's `performance' is incredible!,2,2,positive,positive,0.5066636800765991,-0.1334010362625122,1.2921271324157715
8,ZKB,"... a haunting vision, with images that seem more like disturbing hallucinations.",0,1,negative,neutral,0.8681706786155701,1.081850528717041,-0.1811576634645462
8,ZKB,"As a remake, it's a pale imitation.",0,1,negative,neutral,0.13292379677295685,0.6776077151298523,0.5751588940620422
8,ZKB,Adults will certainly want to spend their time in the theater thinking up grocery lists and ways to tell their kids how not to act like Pinocchio.,1,0,neutral,negative,0.29417046904563904,0.21685491502285004,-0.7177531123161316
8,ZKB,"Not as distinctive or even as humorous as its needs to be to stand out, but it has clearly been made with affection and care.",1,2,neutral,positive,0.3267819285392761,-0.4289192259311676,0.4436923861503601
8,ZKB,A generic family comedy unlikely to be appreciated by anyone outside the under-10 set.,0,0,negative,negative,0.5800790190696716,0.314435750246048,-0.10936286300420761
8,ZKB,"An amalgam of The Fugitive, Blade Runner, and Total Recall, only without much energy or tension.",1,1,neutral,neutral,-0.5330188870429993,1.2095309495925903,0.5322980284690857
8,ZKB,"Everything its title implies, a standard-issue crime drama spat out from the Tinseltown assembly line.",1,2,neutral,positive,-0.17590546607971191,-1.240327000617981,1.2157485485076904
8,ZKB,"This odd, poetic road movie, spiked by jolts of pop music, pretty much takes place in Morton's ever-watchful gaze -- and it's a tribute to the actress, and to her inventive director, that the journey is such a mesmerizing one.",2,2,positive,positive,-1.903515338897705,-0.8100951313972473,2.157707929611206
8,ZKB,"Co-writer/director Jonathan Parker's attempts to fashion a Brazil-like, hyper-real satire fall dreadfully short.",0,0,negative,negative,1.8491442203521729,0.07004862278699875,-0.3536287546157837
8,ZKB,"An amateurish, quasi-improvised acting exercise shot on ugly digital video.",0,1,negative,neutral,0.46981579065322876,1.108170747756958,0.06550448387861252
8,ZKB,"``The Kid Stays in the Picture'' is a great story, terrifically told by the man who wrote it but this Cliff Notes edition is a cheat.",1,0,neutral,negative,1.2841417789459229,-0.18624772131443024,-0.9787628054618835
8,ZKB,"A gratingly unfunny groaner littered with zero-dimensional, unlikable characters and hackneyed, threadbare comic setups.",0,0,negative,negative,2.355742931365967,0.9162337183952332,-0.35403990745544434
8,ZKB,"While this gentle and affecting melodrama will have luvvies in raptures, it's far too slight and introspective to appeal to anything wider than a niche audience.",1,0,neutral,negative,0.8530095815658569,-0.09483005851507187,0.10824514180421829
8,ZKB,Griffin & Co. manage to be spectacularly outrageous.,2,2,positive,positive,0.5482692718505859,-0.40829890966415405,2.3802075386047363
8,ZKB,"A profoundly stupid affair, populating its hackneyed and meanspirited storyline with cardboard characters and performers who value cash above credibility.",0,2,negative,positive,-1.6593834161758423,0.33738064765930176,0.3505297005176544
8,ZKB,"Warm Water Under a Red Bridge is a quirky and poignant Japanese film that explores the fascinating connections between women, water, nature, and sexuality.",2,0,positive,negative,0.6983487010002136,-0.3748943507671356,0.33135780692100525
8,ZKB,It isn't that Stealing Harvard is a horrible movie -- if only it were that grand a failure!,0,1,negative,neutral,-1.2483172416687012,1.006217360496521,0.5646646618843079
8,ZKB,It just doesn't have much else... especially in a moral sense.,1,2,neutral,positive,-1.2451483011245728,-0.17371197044849396,2.523768186569214
8,ZKB,Those unfamiliar with Mormon traditions may find The Singles Ward occasionally bewildering.,1,2,neutral,positive,-1.3120802640914917,0.6719996333122253,0.9605721235275269
8,ZKB,"Viewed as a comedy, a romance, a fairy tale, or a drama, there's nothing remotely triumphant about this motion picture.",1,2,neutral,positive,-0.8559386730194092,-1.0007123947143555,1.8207603693008423
8,ZKB,"But the talented cast alone will keep you watching, as will the fight scenes.",2,1,positive,neutral,-1.2171680927276611,1.5125185251235962,0.39082103967666626
8,ZKB,It's solid and affecting and exactly as thought-provoking as it should be.,2,2,positive,positive,-0.6928941607475281,0.4678735136985779,1.1623567342758179
8,ZKB,"Thanks largely to Williams, all the interesting developments are processed in 60 minutes -- the rest is just an overexposed waste of film.",0,2,negative,positive,-1.3450729846954346,-0.7031228542327881,1.2317765951156616
8,ZKB,"Cantet perfectly captures the hotel lobbies, two-lane highways, and roadside cafes that permeate Vincent's days",2,2,positive,positive,0.3741658926010132,-0.8406810760498047,0.5723280310630798
8,ZKB,"An important movie, a reminder of the power of film to move us and to make us examine our values.",2,2,positive,positive,-1.6169639825820923,-0.13883967697620392,1.386663794517517
8,ZKB,"Too much of this well-acted but dangerously slow thriller feels like a preamble to a bigger, more complicated story, one that never materializes.",0,0,negative,negative,0.4364166259765625,0.03309978172183037,-0.3058900535106659
8,ZKB,A richly imagined and admirably mature work from a gifted director who definitely has something on his mind.,2,2,positive,positive,-0.8290920257568359,0.7932730913162231,0.8179931044578552
8,ZKB,"The art direction is often exquisite, and the anthropomorphic animal characters are beautifully realized through clever makeup design, leaving one to hope that the eventual DVD release will offer subtitles and the original Italian-language soundtrack.",2,0,positive,negative,0.5861165523529053,0.08241728693246841,-0.6969626545906067
8,ZKB,"... Jones, despite a definitely distinctive screen presence, just isn't able to muster for a movie that, its title notwithstanding, should have been a lot nastier if it wanted to fully capitalize on its lead's specific gifts.",1,2,neutral,positive,-0.040778711438179016,-1.1933374404907227,2.7056734561920166
8,ZKB,But what's nice is that there's a casual intelligence that permeates the script.,2,0,positive,negative,0.6484189033508301,0.40941163897514343,-0.558092474937439
8,ZKB,Wedding feels a bit anachronistic.,0,1,negative,neutral,-0.43118271231651306,1.3262114524841309,0.1705682873725891
8,ZKB,"An action/thriller of the finest kind, evoking memories of Day of the Jackal, The French Connection, and Heat.",2,2,positive,positive,-0.6682286262512207,-0.8532697558403015,0.7720658183097839
8,ZKB,"This picture is murder by numbers, and as easy to be bored by as your ABC's, despite a few whopping shootouts.",0,2,negative,positive,-0.7323871850967407,-0.06358814984560013,1.2174867391586304
8,ZKB,"Every individual will see the movie through the prism of his or her own beliefs and prejudices, but the one thing most will take away is the sense that peace is possible.",2,2,positive,positive,0.09085853397846222,0.26370662450790405,0.4619130492210388
8,ZKB,"Feels slight, as if it were an extended short, albeit one made by the smartest kids in class.",1,2,neutral,positive,-1.3696163892745972,-1.4606778621673584,1.744673490524292
8,ZKB,The picture doesn't know it's a comedy.,1,2,neutral,positive,-0.6188133955001831,0.3394501805305481,1.4962658882141113
8,ZKB,A classy item by a legend who may have nothing left to prove but still has the chops and drive to show how its done.,2,0,positive,negative,0.7566490769386292,0.13848437368869781,-0.5836155414581299
8,ZKB,"Starts out mediocre, spirals downward, and thuds to the bottom of the pool with an utterly incompetent conclusion.",0,2,negative,positive,0.024416904896497726,-0.9716833233833313,3.045208215713501
8,ZKB,The sort of movie that gives tastelessness a bad rap.,0,1,negative,neutral,-0.802541971206665,1.7171317338943481,0.9593097567558289
8,ZKB,Its engaging simplicity is driven by appealing leads.,2,2,positive,positive,-1.76398503780365,0.1972196400165558,2.2017812728881836
8,ZKB,"Fans of the TV series will be disappointed, and everyone else will be slightly bored.",1,1,neutral,neutral,0.13071514666080475,0.46124038100242615,-0.02898809313774109
8,ZKB,"It's a head-turner -- thoughtfully written, beautifully read and, finally, deeply humanizing.",2,2,positive,positive,-0.05761684849858284,0.5127224326133728,2.0398542881011963
8,ZKB,"It's not a particularly good film, but neither is it a monsterous one.",1,2,neutral,positive,0.8903502225875854,0.31191226840019226,1.632568120956421
8,ZKB,Men in Black II achieves ultimate insignificance -- it's the sci-fi comedy spectacle as Whiffle-Ball epic.,0,2,negative,positive,-1.7590662240982056,-0.810940146446228,1.4292058944702148
8,ZKB,Martyr gets royally screwed and comes back for more.,1,2,neutral,positive,-0.6170011758804321,0.6289868354797363,1.3117461204528809
9,ZKH,Presents a good case while failing to provide a reason for us to care beyond the very basic dictums of human decency.,1,2,neutral,positive,1.3762868642807007,0.6462609171867371,1.538899540901184
9,ZKH,"Beautifully crafted, engaging filmmaking that should attract upscale audiences hungry for quality and a nostalgic, twisty yarn that will keep them guessing.",2,0,positive,negative,1.6085212230682373,0.687808096408844,1.4524590969085693
9,ZKH,"Bread, My Sweet has so many flaws it would be easy for critics to shred it.",0,0,negative,negative,1.8645086288452148,0.9359866380691528,1.299243450164795
9,ZKH,"Slow, silly and unintentionally hilarious.",1,2,neutral,positive,1.5517374277114868,0.8499345779418945,1.6887223720550537
9,ZKH,"Ultimately feels empty and unsatisfying, like swallowing a Communion wafer without the wine.",0,0,negative,negative,1.8125165700912476,0.8470538258552551,1.2180973291397095
9,ZKH,Exudes the fizz of a Busby Berkeley musical and the visceral excitement of a sports extravaganza.,2,0,positive,negative,1.8392068147659302,0.9044675230979919,1.0660334825515747
9,ZKH,The film rehashes several old themes and is capped with pointless extremes -- it's insanely violent and very graphic.,0,0,negative,negative,1.862471342086792,0.7564359307289124,1.2461278438568115
9,ZKH,"Ryan Gosling is, in a word, brilliant as the conflicted Daniel.",2,2,positive,positive,1.4942867755889893,0.7488378286361694,1.6831165552139282
9,ZKH,"If Deuces Wild had been tweaked up a notch it would have become a camp adventure, one of those movies that's so bad it starts to become good.",1,0,neutral,negative,1.6118863821029663,0.8036426901817322,1.3296667337417603
9,ZKH,The film's stagecrafts are intimate and therefore bolder than the otherwise calculated artifice that defines and overwhelms the film's production design.,1,0,neutral,negative,1.7941268682479858,0.869217574596405,1.1567586660385132
9,ZKH,"Frida is certainly no disaster, but neither is it the Kahlo movie Frida fans have been looking for.",1,0,neutral,negative,1.8155877590179443,0.8159233927726746,1.0899124145507812
9,ZKH,The film often achieves a mesmerizing poetry.,2,0,positive,negative,1.7370281219482422,0.9387246966362,1.3995466232299805
9,ZKH,A work of astonishing delicacy and force.,2,2,positive,positive,1.3129783868789673,0.8008840084075928,1.7623863220214844
9,ZKH,"The movie's plot is almost entirely witless and inane, carrying every gag two or three times beyond its limit to sustain a laugh.",0,0,negative,negative,1.7676942348480225,0.6723759770393372,1.0559593439102173
9,ZKH,"For the most part, the ingredients are there.",1,0,neutral,negative,1.9412317276000977,0.9329847097396851,1.393074870109558
9,ZKH,"But if you've paid a matinee price and bought a big tub of popcorn, there's guilty fun to be had here.",1,0,neutral,negative,1.768713116645813,0.8702768087387085,1.1031559705734253
9,ZKH,"There's not much to Fatale, outside of its stylish surprises... but that's OK.",1,0,neutral,negative,1.9116004705429077,0.9682153463363647,1.1168242692947388
9,ZKH,"The acting is stiff, the story lacks all trace of wit, the sets look like they were borrowed from Gilligan's Island -- and the CGI Scooby might well be the worst special-effects creation of the year.",0,0,negative,negative,1.7442615032196045,0.765866219997406,1.1175485849380493
9,ZKH,"This version moves beyond the original's nostalgia for the communal film experiences of yesteryear to a deeper realization of cinema's inability to stand in for true, lived experience.",1,0,neutral,negative,1.8187530040740967,1.0169183015823364,1.1216741800308228
9,ZKH,"There's no palpable chemistry between Lopez and male lead Ralph Fiennes, plus the script by Working Girl scribe Kevin Wade is workmanlike in the extreme.",0,0,negative,negative,1.6538474559783936,0.6376153230667114,1.2062408924102783
9,ZKH,"A first-class, thoroughly involving B movie that effectively combines two surefire, beloved genres -- the prison flick and the fight film.",2,0,positive,negative,1.7161420583724976,0.768510639667511,1.2708464860916138
9,ZKH,The film is so bad it doesn't improve upon the experience of staring at a blank screen.,0,0,negative,negative,1.7147345542907715,0.8397470116615295,1.1334104537963867
9,ZKH,Weiss and Speck never make a convincing case for the relevance of these two 20th-century footnotes.,1,0,neutral,negative,1.8619691133499146,0.7152246832847595,1.1713875532150269
9,ZKH,Another Best of the Year selection.,2,2,positive,positive,1.4622095823287964,0.7448815703392029,1.71988046169281
9,ZKH,It's all a rather shapeless good time...,1,0,neutral,negative,1.8499394655227661,0.7703456282615662,1.433012843132019
9,ZKH,"Same song, second verse, coulda been better, but it coulda been worse.",1,0,neutral,negative,1.7701551914215088,0.7757779955863953,1.1613032817840576
9,ZKH,I love the robust middle of this picture.,2,0,positive,negative,1.5933682918548584,0.7494879364967346,1.379146933555603
9,ZKH,"That's not vintage Spielberg and that, finally, is minimally satisfying.",1,0,neutral,negative,1.6155202388763428,0.8589869737625122,1.1498008966445923
9,ZKH,The soundtrack alone is worth the price of admission.,2,0,positive,negative,1.781280279159546,0.9298688769340515,1.244323492050171
9,ZKH,Mostly Martha could have used a little trimming -- 10 or 15 minutes could be cut and no one would notice -- but it's a pleasurable trifle.,1,0,neutral,negative,1.8359755277633667,0.8724681735038757,1.1115784645080566
9,ZKH,"For the rest of us, sitting through Dahmer's two hours amounts to little more than punishment.",0,0,negative,negative,1.8242653608322144,0.9031910300254822,1.0609155893325806
9,ZKH,"Featuring a dangerously seductive performance from the great Daniel Auteuil, ``Sade'' covers the same period as Kaufmann's ``Quills'' with more unsettlingly realistic results.",2,0,positive,negative,1.7111345529556274,0.8263238072395325,1.1126868724822998
9,ZKH,"The movie is for fans who can't stop loving anime, and the fanatical excess built into it.",1,0,neutral,negative,1.8471460342407227,0.8071267604827881,1.009858250617981
9,ZKH,"The Ring is worth a look, if you don't demand much more than a few cheap thrills from your Halloween entertainment.",1,0,neutral,negative,1.8209177255630493,0.9160979986190796,1.2938510179519653
9,ZKH,"Beautifully observed, miraculously unsentimental comedy-drama.",2,0,positive,negative,1.6901355981826782,0.9180732369422913,1.445542573928833
9,ZKH,"What makes How I Killed My Father compelling, besides its terrific performances, is Fontaine's willingness to wander into the dark areas of parent-child relationships without flinching.",2,0,positive,negative,1.7517726421356201,0.6908450126647949,1.000298261642456
9,ZKH,"This hastily mounted production exists only to capitalize on Hopkins' inclination to play Hannibal Lecter again, even though Harris has no immediate inclination to provide a fourth book.",0,0,negative,negative,1.7358909845352173,0.8095425963401794,1.3043856620788574
9,ZKH,Bullock's complete lack of focus and ability quickly derails the film.,0,0,negative,negative,1.9566988945007324,1.1157430410385132,1.0958011150360107
9,ZKH,"... a plotline that's as lumpy as two-day old porridge... the filmmakers' paws, sad to say, were all over this ``un-bear-able'' project!",0,0,negative,negative,1.8030939102172852,0.8355861902236938,1.0380527973175049
9,ZKH,Crush could be the worst film a man has made about women since Valley of the Dolls.,0,0,negative,negative,1.7033021450042725,0.855391263961792,1.2636855840682983
9,ZKH,"Reassuring, retro uplifter.",2,0,positive,negative,1.566947102546692,0.776417076587677,1.4617552757263184
9,ZKH,Flaccid drama and exasperatingly slow journey.,0,0,negative,negative,1.9029690027236938,0.8588727116584778,1.2493833303451538
9,ZKH,The Movie will reach far beyond its core demographic.,2,0,positive,negative,1.7792125940322876,0.8213621973991394,1.2645769119262695
9,ZKH,How did it ever get made?,0,0,negative,negative,1.5256427526474,0.6208246946334839,1.4121469259262085
9,ZKH,I like the new footage and still love the old stuff.,2,0,positive,negative,1.6884121894836426,0.8953527212142944,1.408398151397705
9,ZKH,"It briefly flirts with player masochism, but the point of real interest -- audience sadism -- is evaded completely.",1,0,neutral,negative,1.9246463775634766,0.8560025691986084,1.0605530738830566
9,ZKH,Could The Country Bears really be as bad as its trailers?,0,0,negative,negative,1.7443430423736572,0.8547952175140381,1.1794811487197876
9,ZKH,"At times, the movie looks genuinely pretty.",2,0,positive,negative,1.7383848428726196,0.7946375012397766,1.3275583982467651
9,ZKH,It depends on how well flatulence gags fit into your holiday concept.,1,0,neutral,negative,1.9272873401641846,0.9177484512329102,1.0779658555984497
9,ZKH,"The stupidest, most insulting movie of 2002's first quarter.",0,0,negative,negative,1.4246692657470703,0.6666021943092346,1.3003087043762207
9,ZKH,The film seems a dead weight.,0,0,negative,negative,1.8137807846069336,0.5630728602409363,1.5219383239746094
9,ZKH,"Sparkling, often hilarious romantic jealousy comedy... Attal looks so much like a young Robert DeNiro that it seems the film should instead be called `My Husband Is Travis Bickle'.",2,0,positive,negative,1.4124900102615356,0.7823428511619568,1.3205910921096802
9,ZKH,"I did go back and check out the last 10 minutes, but these were more repulsive than the first 30 or 40 minutes.",0,0,negative,negative,1.7142924070358276,0.9064154028892517,1.0412224531173706
9,ZKH,"A lousy movie that's not merely unwatchable, but also unlistenable.",0,0,negative,negative,1.845821738243103,0.9234594702720642,1.0979652404785156
9,ZKH,One of the best films of the year with its exploration of the obstacles to happiness faced by five contemporary individuals... a psychological masterpiece.,2,0,positive,negative,1.6000099182128906,0.8422332406044006,1.1712900400161743
9,ZKH,"A strong script, powerful direction and splendid production design allows us to be transported into the life of Wladyslaw Szpilman, who is not only a pianist, but a good human being.",2,0,positive,negative,1.6040892601013184,0.9269060492515564,1.1418375968933105
9,ZKH,"But here's the real damn: It isn't funny, either.",0,0,negative,negative,1.647092342376709,0.9183349013328552,1.2074910402297974
9,ZKH,"Qutting may be a flawed film, but it is nothing if not sincere.",1,0,neutral,negative,1.7372170686721802,0.8732593655586243,1.0207843780517578
9,ZKH,It's a fanboy `what if?',1,0,neutral,negative,1.7121236324310303,0.6998047232627869,1.5928558111190796
9,ZKH,... something appears to have been lost in the translation this time.,0,0,negative,negative,1.7364165782928467,0.9148080945014954,0.8928078413009644
9,ZKH,"Like a documentary version of Fight Club, shorn of social insight, intellectual pretension and cinematic interest.",1,0,neutral,negative,1.9534807205200195,1.009628415107727,1.1082017421722412
9,ZKH,"Stephen Rea, Aidan Quinn, and Alan Bates play Desmond's legal eagles, and when joined by Brosnan, the sight of this grandiloquent quartet lolling in pretty Irish settings is a pleasant enough thing, `tis.",2,0,positive,negative,1.6635701656341553,0.9506688714027405,1.1622296571731567
9,ZKH,"It's a powerful though flawed movie, guaranteed to put a lump in your throat while reaffirming Washington as possibly the best actor working in movies today.",2,0,positive,negative,1.7423393726348877,1.00174880027771,1.1039323806762695
9,ZKH,An intriguing and entertaining introduction to Johnson.,2,0,positive,negative,1.62735915184021,0.9707111716270447,1.208487629890442
9,ZKH,Everything was as superficial as the forced New Jersey lowbrow accent Uma had.,0,0,negative,negative,1.741013765335083,0.9152988791465759,1.090435266494751
9,ZKH,"Despite the holes in the story and the somewhat predictable plot, moments of the movie caused me to jump in my chair...",1,0,neutral,negative,1.9183598756790161,0.9916239976882935,0.8599146008491516
9,ZKH,`How many more voyages can this limping but dearly-loved franchise survive?',1,0,neutral,negative,1.9037542343139648,0.8592433333396912,0.8813037276268005
9,ZKH,If only the story about a multi-million dollar con bothered to include the con.,1,0,neutral,negative,2.1132678985595703,1.027626395225525,0.8618209958076477
9,ZKH,"It is supremely unfunny and unentertaining to watch middle-age and older men drink to excess, piss on trees, b.s. one another and put on a show in drag.",0,0,negative,negative,1.5928330421447754,0.9434564113616943,1.2693698406219482
9,ZKH,"Only a few minutes elapse before the daddy of all slashers arrives, still with the boiler suit and white mask, which look remarkably clean for a guy who has been mass-murdering since 1978 but has never been seen doing laundry.",1,0,neutral,negative,1.544798493385315,0.8751861453056335,1.1656547784805298
9,ZKH,"Showtime is one of the hapless victims of the arrogant ``if we put together a wry white man and a chatty black man and give them guns, the movie will be funny'' syndrome.",0,0,negative,negative,1.5915510654449463,0.8540662527084351,1.2108798027038574
9,ZKH,"Whatever heartwarming scene the impressively discreet filmmakers may have expected to record with their mini DV, they show a remarkable ability to document both sides of this emotional car-wreck.",2,0,positive,negative,1.5945587158203125,0.8644759058952332,0.9718022346496582
9,ZKH,"A zombie movie in every sense of the word -- mindless, lifeless, meandering, loud, painful, obnoxious.",0,0,negative,negative,1.782052755355835,1.038664698600769,1.2162015438079834
9,ZKH,"It has fun with the quirks of family life, but it also treats the subject with fondness and respect.",2,0,positive,negative,1.842370629310608,0.978375256061554,1.0342423915863037
9,ZKH,"Novak manages to capture a cruelly hilarious vein of black comedy in the situation with his cast of non-actors and a gritty, no-budget approach.",2,0,positive,negative,1.772148847579956,0.9105507135391235,1.0727282762527466
9,ZKH,"Since Lee is a sentimentalist, the film is more worshipful than your random E!",1,0,neutral,negative,1.7641785144805908,1.0915956497192383,1.0314583778381348
9,ZKH,"The movie is almost completely lacking in suspense, surprise and consistent emotional conviction.",0,0,negative,negative,1.8454416990280151,0.8661708235740662,0.7889269590377808
9,ZKH,"High Crimes knows the mistakes that bad movies make and is determined not to make them, and maybe that is nobility of a sort.",1,0,neutral,negative,1.8024600744247437,0.9580380320549011,1.166246771812439
9,ZKH,But it's too long and too convoluted and it ends in a muddle.,0,0,negative,negative,1.7097262144088745,0.9618883728981018,1.042592167854309
9,ZKH,This thing works on no level whatsoever for me.,0,0,negative,negative,1.5964558124542236,0.7371404767036438,1.070191502571106
9,ZKH,... a bland murder-on-campus yawner.,0,0,negative,negative,1.4435806274414062,1.0483230352401733,1.273671269416809
9,ZKH,"One of the finest, most humane and important Holocaust movies ever made.",2,0,positive,negative,1.8061388731002808,1.0402779579162598,1.0008760690689087
9,ZKH,"Suffers from rambling, repetitive dialogue and the visual drabness endemic to digital video.",0,0,negative,negative,1.9132983684539795,0.9736128449440002,0.9046276807785034
9,ZKH,"The twist that ends the movie is the one with the most emotional resonance, but twists are getting irritating, and this is the kind of material where the filmmakers should be very careful about raising eyebrows.",1,0,neutral,negative,1.614771842956543,0.8859883546829224,1.1357109546661377
9,ZKH,"Angel presents events partly from the perspective of Aurelie and Christelle, and infuses the film with the sensibility of a particularly nightmarish fairytale.",1,0,neutral,negative,1.9632658958435059,0.8694438934326172,0.9878256916999817
9,ZKH,Features one of the most affecting depictions of a love affair ever committed to film.,2,0,positive,negative,2.0402865409851074,1.0957021713256836,0.8554626107215881
9,ZKH,It is intensely personal and yet -- unlike Quills -- deftly shows us the temper of the times.,2,0,positive,negative,1.9350244998931885,0.9484167098999023,0.8486807942390442
9,ZKH,"Even as I valiantly struggled to remain interested, or at least conscious, I could feel my eyelids... getting... very... heavy...",0,0,negative,negative,1.848649024963379,0.8791146278381348,0.8811329007148743
9,ZKH,"... a solid, well-formed satire.",2,0,positive,negative,2.015474319458008,1.1468034982681274,1.2913082838058472
9,ZKH,Deserves high marks for political courage but barely gets by on its artistic merits.,1,0,neutral,negative,2.0961432456970215,0.9507690072059631,0.7754327058792114
9,ZKH,Read My Lips is to be viewed and treasured for its extraordinary intelligence and originality as well as its lyrical variations on the game of love.,2,0,positive,negative,1.6694046258926392,0.8475961685180664,1.0518420934677124
9,ZKH,"... creates a visceral sense of its characters' lives and conflicted emotions that carries it far above... what could have been a melodramatic, Lifetime Channel-style anthology.",1,0,neutral,negative,1.7533255815505981,0.9691607356071472,1.136637806892395
9,ZKH,Reeks of rot and hack work from start to finish.,1,0,neutral,negative,1.900261640548706,1.028678059577942,0.8991217613220215
9,ZKH,Just how these families interact may surprise you.,1,0,neutral,negative,1.9782533645629883,1.0454332828521729,1.0144041776657104
9,ZKH,"The Movie is what happens when you blow up small potatoes to 10 times their natural size, and it ain't pretty.",0,0,negative,negative,1.853091835975647,1.006456732749939,0.8612419366836548
9,ZKH,"Even a hardened voyeur would require the patience of Job to get through this interminable, shapeless documentary about the swinging subculture.",0,0,negative,negative,1.8505170345306396,1.0169644355773926,0.9270184636116028
9,ZKH,"Creepy, authentic and dark.",1,0,neutral,negative,1.5433869361877441,1.1358327865600586,1.347584843635559
9,ZKH,A lame romantic comedy about an unsympathetic character and someone who would not likely be so stupid as to get involved with her.,0,0,negative,negative,1.888810157775879,1.0476891994476318,1.0531156063079834
9,ZKH,"Rob Schneider's infantile cross-dressing routines fill The Hot Chick, the latest gimmick from this unimaginative comedian.",0,0,negative,negative,1.6723984479904175,0.8779042363166809,1.2965377569198608
9,ZKH,"The film is a contrivance, as artificial as the video games Japanese teens play in a nightclub sequence, but it's an enjoyable one.",1,0,neutral,negative,1.761228084564209,1.0787216424942017,1.0306624174118042
9,ZKH,"At its worst the screenplay is callow, but at its best it is a young artist's thoughtful consideration of fatherhood.",1,0,neutral,negative,1.7971017360687256,1.1539273262023926,1.0782274007797241
9,ZKH,"Only an epic documentary could get it all down, and Spike Lee's Jim Brown: All American at long last gives its subject a movie worthy of his talents.",2,0,positive,negative,1.7395522594451904,1.109494924545288,1.1446648836135864
9,ZKH,"As quiet, patient and tenacious as Mr. Lopez himself, who approaches his difficult, endless work with remarkable serenity and discipline.",2,0,positive,negative,1.839525580406189,1.0325355529785156,0.9641924500465393
9,ZKH,"Instead of hiding Pinocchio from critics, Miramax should have hidden it from everyone.",0,0,negative,negative,1.8442165851593018,1.0446491241455078,0.9155675768852234
9,ZKH,What a great shame that such a talented director as Chen Kaige has chosen to make his English-language debut with a film so poorly plotted and scripted.,0,0,negative,negative,1.6839045286178589,0.9994449019432068,1.1908581256866455
9,ZKH,Jeffs has created a breathtakingly assured and stylish work of spare dialogue and acute expressiveness.,2,0,positive,negative,2.0060253143310547,1.099947452545166,0.9791802763938904
9,ZKH,"Just about the best straight-up, old-school horror film of the last 15 years.",2,0,positive,negative,1.7360498905181885,1.1317667961120605,0.9871942400932312
9,ZKH,"Gosling creates a staggeringly compelling character, a young man whose sharp intellect is at the very root of his contradictory, self-hating, self-destructive ways.",2,0,positive,negative,1.8126548528671265,1.151946783065796,0.9640082716941833
9,ZKH,"I thought the relationships were wonderful, the comedy was funny, and the love `real'.",2,0,positive,negative,1.9415591955184937,1.0248124599456787,0.9496520757675171
9,ZKH,Better at putting you to sleep than a sound machine.,0,0,negative,negative,1.9153380393981934,1.1049463748931885,0.8615661859512329
9,ZKH,Feels less like a cousin to Blade Runner than like a bottom-feeder sequel in the Escape From New York series.,0,0,negative,negative,1.8946776390075684,1.0752968788146973,0.8927229642868042
9,ZKH,"Elegantly produced and expressively performed, the six musical numbers crystallize key plot moments into minutely detailed wonders of dreamlike ecstasy.",2,0,positive,negative,1.8652397394180298,0.9652028679847717,0.982556939125061
9,ZKH,"Ultimate X is a ride, basically the kind of greatest-hits reel that might come with a subscription to ESPN the Magazine.",1,0,neutral,negative,1.9665201902389526,1.1327970027923584,0.9588533043861389
9,ZKH,"Celebrated at Sundance, this slight comedy of manners has winning performances and a glossy, glib charm that's hard to beat.",2,0,positive,negative,1.8161559104919434,0.9813948273658752,0.9248521327972412
9,ZKH,"Apparently, romantic comedy with a fresh point of view just doesn't figure in the present Hollywood program.",0,0,negative,negative,1.8759957551956177,0.9344040751457214,0.8707026243209839
9,ZKH,That Haynes can both maintain and dismantle the facades that his genre and his character construct is a wonderous accomplishment of veracity and narrative grace.,2,0,positive,negative,1.7363028526306152,0.9876023530960083,0.9653753638267517
9,ZKH,"Some elements of it really blow the big one, but other parts are decent.",1,0,neutral,negative,1.8773093223571777,1.072415828704834,0.9513855576515198
9,ZKH,"No French people were harmed during the making of this movie, but they were insulted and the audience was put through torture for an hour and a half.",0,0,negative,negative,1.7278358936309814,0.9887152314186096,1.063503384590149
9,ZKH,"I was feeling this movie until it veered off too far into the Exxon zone, and left me behind at the station looking for a return ticket to realism.",0,0,negative,negative,1.7312202453613281,0.8834554553031921,0.9119949340820312
9,ZKH,The simplicity of The Way Home has few equals this side of Aesop.,1,0,neutral,negative,1.9153631925582886,1.0617555379867554,0.9620768427848816
9,ZKH,Exceptionally well acted by Diane Lane and Richard Gere.,2,0,positive,negative,2.002319574356079,1.086410641670227,0.9179800152778625
9,ZKH,"Dong shows how intolerance has the power to deform families, then tear them apart.",1,0,neutral,negative,2.084306001663208,1.2082915306091309,0.827148973941803
9,ZKH,"A stupid, derivative horror film that substitutes extreme gore for suspense.",0,0,negative,negative,1.652343511581421,0.8935970664024353,0.9155297875404358
9,ZKH,It's a great American adventure and a wonderful film to bring to IMAX.,2,0,positive,negative,1.9870812892913818,1.1010875701904297,0.8833839297294617
9,ZKH,It's 51 times better than this.,1,0,neutral,negative,1.6555094718933105,1.2271944284439087,1.2421761751174927
9,ZKH,"It's like an old Warner Bros. costumer jived with sex -- this could be the movie Errol Flynn always wanted to make, though Bette Davis, cast as Joan, would have killed him.",1,0,neutral,negative,1.7540807723999023,0.9953805804252625,0.9358654618263245
9,ZKH,"A miraculous movie, I'm Going Home is so slight, yet overflows with wisdom and emotion.",2,0,positive,negative,2.057004690170288,0.9201804995536804,0.933992862701416
9,ZKH,"A fiercely clever and subtle film, capturing the precarious balance between the extravagant confidence of the exiled aristocracy and the cruel earnestness of the victorious revolutionaries.",2,0,positive,negative,1.6929420232772827,1.054281234741211,1.2309881448745728
9,ZKH,"It's as if you're watching a movie that was made in 1978 but not released then because it was so weak, and it has been unearthed and released now, when it has become even weaker.",0,0,negative,negative,1.6462606191635132,0.9355815649032593,1.050243616104126
9,ZKH,Anemic chronicle of money grubbing New Yorkers and their serial loveless hook ups.,1,0,neutral,negative,2.062351942062378,1.0956686735153198,0.8696092963218689
9,ZKH,"Thanks to a small star with big heart, this family film sequel is plenty of fun for all.",2,0,positive,negative,1.8550539016723633,0.9939729571342468,0.9281367659568787
9,ZKH,And I've decided to leave a light on every night from now on.,1,0,neutral,negative,2.1632821559906006,0.8500350117683411,0.6823962926864624
9,ZKH,Festers in just such a dungpile that you'd swear you were watching monkeys flinging their feces at you.,0,0,negative,negative,1.8989452123641968,1.1091368198394775,0.9422288537025452
9,ZKH,under-rehearsed and lifeless,0,0,negative,negative,1.9001710414886475,1.091473937034607,1.4059709310531616
9,ZKH,Exactly what you'd expect from a guy named Kaos.,1,0,neutral,negative,1.8129712343215942,1.1936633586883545,1.1962798833847046
9,ZKH,"If legendary shlockmeister Ed Wood had ever made a movie about a vampire, it probably would look a lot like this alarming production, adapted from Anne Rice's novel The Vampire Chronicles.",1,0,neutral,negative,1.7333621978759766,0.9659848213195801,1.0074236392974854
9,ZKH,"For those for whom the name Woody Allen was once a guarantee of something fresh, sometimes funny, and usually genuinely worthwhile, Hollywood Ending is a depressing experience.",0,0,negative,negative,1.7324256896972656,0.9230940937995911,1.0208340883255005
9,ZKH,Bella is the picture of health with boundless energy until a few days before she dies.,1,0,neutral,negative,2.0248703956604004,1.0747463703155518,0.9345179200172424
9,ZKH,"The fun of the movie is the chance it affords to watch Jackson, who also served as executive producer, take his smooth, shrewd, powerful act abroad.",2,0,positive,negative,1.7326891422271729,1.017185926437378,1.0392894744873047
9,ZKH,What should have been a cutting Hollywood satire is instead about as fresh as last week's issue of Variety.,0,0,negative,negative,1.9582240581512451,1.0306549072265625,0.9589065909385681
9,ZKH,"Cox offers plenty of glimpses at existing photos, but there are no movies of Nijinsky, so instead the director treats us to an aimless hodgepodge.",0,0,negative,negative,1.7642868757247925,0.9743174910545349,0.8841378688812256
9,ZKH,Aaliyah rarely dampens her diva persona enough to spark genuine chemistry with Townsend.,1,0,neutral,negative,2.03017258644104,1.1033424139022827,0.8308312296867371
9,ZKH,Mr. Soderbergh's direction and visual style struck me as unusually and unimpressively fussy and pretentious.,0,0,negative,negative,1.958236575126648,1.140636920928955,0.8767824172973633
9,ZKH,Mazel tov to a film about a family's joyous life acting on the Yiddish stage.,2,0,positive,negative,2.0323314666748047,1.1171157360076904,0.9443556666374207
9,ZKH,... would be a total loss if not for two supporting performances taking place at the movie's edges.,1,0,neutral,negative,1.9986188411712646,1.0686602592468262,0.8603762984275818
9,ZKH,An inspiring and heart-affecting film about the desperate attempts of Vietnamese refugees living in U.S. relocation camps to keep their hopes alive in 1975.,2,0,positive,negative,1.7718067169189453,0.9305652379989624,1.0327157974243164
9,ZKH,"Loud, chaotic and largely unfunny.",0,0,negative,negative,1.6903290748596191,1.1108684539794922,0.9982221126556396
9,ZKH,The immersive powers of the giant screen and its hyper-realistic images are put to perfect use in the breathtakingly beautiful outer-space documentary Space Station 3D.,2,0,positive,negative,1.5750255584716797,1.0205475091934204,1.203899621963501
9,ZKH,It's everything you don't go to the movies for.,0,0,negative,negative,1.8420054912567139,0.9911341071128845,1.1506575345993042
9,ZKH,"Harris is supposed to be the star of the story, but comes across as pretty dull and wooden.",1,0,neutral,negative,1.861746072769165,1.1543591022491455,0.918825089931488
9,ZKH,Allen's funniest and most likeable movie in years.,2,0,positive,negative,1.9939898252487183,1.1006734371185303,0.9854506850242615
9,ZKH,"For those who pride themselves on sophisticated, discerning taste, this might not seem like the proper cup of tea, however it is almost guaranteed that even the stuffiest cinema goers will laugh their 1*** off for an hour-and-a-half.",2,0,positive,negative,1.6342220306396484,1.0084173679351807,1.1169335842132568
9,ZKH,"There is a refreshing absence of cynicism in Stuart Little 2 -- quite a rarity, even in the family film market.",2,0,positive,negative,1.9169740676879883,1.2438201904296875,0.887521505355835
9,ZKH,There are plot holes big enough for Shamu the killer whale to swim through.,0,0,negative,negative,1.864114761352539,1.0959041118621826,0.9035959839820862
9,ZKH,... always remains movingly genuine.,2,0,positive,negative,1.8780863285064697,1.161848783493042,1.369144082069397
9,ZKH,"Stitch is a bad mannered, ugly and destructive little ****.",0,0,negative,negative,1.9183292388916016,1.1331056356430054,1.1680543422698975
9,ZKH,The cast is top-notch and I predict there will be plenty of female audience members drooling over Michael Idemoto as Michael.,2,0,positive,negative,1.8304740190505981,1.1031408309936523,1.0195931196212769
9,ZKH,Kirshner and Monroe seem to be in a contest to see who can out-bad-act the other.,0,0,negative,negative,1.9082624912261963,1.2169809341430664,0.7930901050567627
9,ZKH,This is one of those war movies that focuses on human interaction rather than battle and action sequences... and it's all the stronger because of it.,2,0,positive,negative,1.6826796531677246,1.1057287454605103,1.0339162349700928
9,ZKH,"Like life on the island, the movie grows boring despite the scenery.",0,0,negative,negative,1.8559989929199219,1.178969383239746,0.7328820824623108
9,ZKH,It's anchored by splendid performances from an honored screen veteran and a sparkling newcomer who instantly transform themselves into a believable mother/daughter pair.,2,0,positive,negative,1.7748544216156006,1.0774335861206055,0.8391385078430176
9,ZKH,An atonal estrogen opera that demonizes feminism while gifting the most sympathetic male of the piece with a nice vomit bath at his wedding.,0,0,negative,negative,1.802384376525879,0.9796040654182434,0.8027094602584839
9,ZKH,"Even by the intentionally low standards of frat-boy humor, Sorority Boys is a bowser.",0,0,negative,negative,1.9228670597076416,1.0667991638183594,0.6236914396286011
9,ZKH,"Director of photography Benoit Delhomme shot the movie in delicious colors, and the costumes and sets are grand.",2,0,positive,negative,2.0040314197540283,1.1983129978179932,0.7948541045188904
9,ZKH,The only entertainment you'll derive from this choppy and sloppy affair will be from unintentional giggles -- several of them.,0,0,negative,negative,1.8906209468841553,1.0525439977645874,0.8095274567604065
9,ZKH,The film serves as a valuable time capsule to remind us of the devastating horror suffered by an entire people.,1,0,neutral,negative,2.1303234100341797,0.9916858077049255,0.7566164135932922
9,ZKH,"A bittersweet contemporary comedy about benevolent deception, which, while it may not rival the filmmaker's period pieces, is still very much worth seeing.",2,0,positive,negative,1.8372262716293335,0.9613426327705383,0.7911742925643921
9,ZKH,Attal pushes too hard to make this a comedy or serious drama.,0,0,negative,negative,1.9581795930862427,1.1815911531448364,0.8521626591682434
9,ZKH,Isabelle Huppert excels as the enigmatic Mika and Anna Mouglalis is a stunning new young talent in one of Chabrol's most intense psychological mysteries.,2,0,positive,negative,1.7628092765808105,1.030367136001587,0.8765892386436462
9,ZKH,A small movie with a big impact.,2,0,positive,negative,1.6909586191177368,1.1806644201278687,1.0256638526916504
9,ZKH,This bold and lyrical first feature from Raja Amari expands the pat notion that middle-aged women just wanna have fun into a rousing treatise of sensual empowerment.,2,0,positive,negative,1.756291389465332,1.014890193939209,0.9976831078529358
9,ZKH,Photographed with melancholy richness and eloquently performed yet also decidedly uncinematic.,1,0,neutral,negative,1.9088318347930908,0.9654523730278015,0.6965320110321045
9,ZKH,"Hey Arnold! is now stretched to barely feature length, with a little more attention paid to the animation.",1,0,neutral,negative,1.7955248355865479,0.9045932292938232,0.771472692489624
9,ZKH,"After that, it just gets stupid and maudlin.",0,0,negative,negative,1.8829231262207031,1.1312696933746338,0.7416566014289856
9,ZKH,"The stunning, dreamlike visuals will impress even those viewers who have little patience for Euro-film pretension.",2,0,positive,negative,1.913346290588379,1.0032703876495361,0.7736542224884033
9,ZKH,"Plods along, minus the twisted humor and eye-popping visuals that have made Miike... a cult hero.",1,0,neutral,negative,2.018319845199585,1.0212821960449219,0.8294653296470642
9,ZKH,"Impresses as a skillfully assembled, highly polished and professional adaptation... just about as chilling and unsettling as `Manhunter' was.",2,0,positive,negative,1.862783432006836,0.9623576998710632,0.7432501912117004
9,ZKH,"For the most part, it's a work of incendiary genius, steering clear of knee-jerk reactions and quick solutions.",2,0,positive,negative,1.9520162343978882,1.1221704483032227,0.7580201625823975
9,ZKH,"It's badly acted, blandly directed, and could have been scripted by someone who just graduated from elementary school.",0,0,negative,negative,1.926025629043579,0.9153011441230774,0.7690009474754333
9,ZKH,"The sort of picture in which, whenever one of the characters has some serious soul searching to do, they go to a picture-perfect beach during sunset.",1,0,neutral,negative,1.8303505182266235,1.0356606245040894,0.8685455322265625
9,ZKH,"Despite its raucous intent, XXX is as conventional as a Nike ad and as rebellious as spring break.",1,0,neutral,negative,1.8415331840515137,0.9471718668937683,0.757014274597168
9,ZKH,... a roller-coaster ride of a movie,2,0,positive,negative,1.7958942651748657,1.2532540559768677,1.183169960975647
9,ZKH,"A colorful, vibrant introduction to a universal human impulse, lushly photographed and beautifully recorded.",2,0,positive,negative,1.9697281122207642,1.1985887289047241,0.7100237607955933
9,ZKH,Audiard successfully maintains suspense on different levels throughout a film that is both gripping and compelling.,2,0,positive,negative,2.002506732940674,1.1871694326400757,0.6737606525421143
9,ZKH,After that it becomes long and tedious like a classroom play in a college history course.,0,0,negative,negative,2.0078601837158203,1.186795711517334,0.774368166923523
9,ZKH,"This is cool, slick stuff, ready to quench the thirst of an audience that misses the summer blockbusters.",2,0,positive,negative,1.8752775192260742,0.963644802570343,0.6962581276893616
9,ZKH,"Blade II has a brilliant director and charismatic star, but it suffers from rampant vampire devaluation.",1,0,neutral,negative,1.932214617729187,0.8524726629257202,0.6066723465919495
9,ZKH,"A loud, ugly, irritating movie without any of its satirical salvos hitting a discernible target.",0,0,negative,negative,2.0911054611206055,0.9402562975883484,0.6726169586181641
9,ZKH,"For VeggieTales fans, this is more appetizing than a side dish of asparagus.",2,0,positive,negative,2.027818202972412,0.8219997882843018,0.6718040704727173
9,ZKH,"While it regards 1967 as the key turning point of the 20th century, and returns again and again to images of dissidents in the streets, it's alarmingly current.",1,0,neutral,negative,1.6883867979049683,0.7207908034324646,0.8595622777938843
9,ZKH,A truly wonderful tale combined with stunning animation.,2,0,positive,negative,1.9494001865386963,1.152256965637207,0.7488564848899841
9,ZKH,"Nothing sticks, really, except a lingering creepiness one feels from being dragged through a sad, sordid universe of guns, drugs, avarice and damaged dreams.",0,0,negative,negative,1.6233638525009155,0.9123689532279968,0.8723827600479126
9,ZKH,``Simone'' is a fun and funky look into an artificial creation in a world that thrives on artificiality.,2,0,positive,negative,1.8290879726409912,0.8789681196212769,0.7733238935470581
9,ZKH,"It's a hoot watching The Rock chomp on jumbo ants, pull an arrow out of his back, and leap unscathed through raging fire!",2,0,positive,negative,1.737229585647583,0.8307763934135437,0.8976796865463257
9,ZKH,"While Tattoo borrows heavily from both Seven and The Silence of the Lambs, it manages to maintain both a level of sophisticated intrigue and human-scale characters that suck the audience in.",2,0,positive,negative,1.7119206190109253,1.0086581707000732,0.9922001957893372
9,ZKH,A portrait of an artist.,1,2,neutral,positive,1.391146183013916,1.4165949821472168,1.5756946802139282
9,ZKH,"As written by Michael Berg and Michael J. Wilson from a story by Wilson, this relentless, all-wise-guys-all-the-time approach tries way too hard and gets tiring in no time at all.",0,0,negative,negative,1.564560890197754,1.0961569547653198,1.334057092666626
9,ZKH,"It's the best film of the year so far, the benchmark against which all other Best Picture contenders should be measured.",2,0,positive,negative,1.9474886655807495,1.3015506267547607,1.141474962234497
9,ZKH,This is one of the biggest disappointments of the year.,0,0,negative,negative,1.6377167701721191,0.9807453751564026,1.327193260192871
9,ZKH,It never fails to engage us.,2,0,positive,negative,1.857458472251892,1.0177626609802246,1.0074957609176636
9,ZKH,"Denis forges out of the theories of class - based rage and sisterly obsession a razor-sided tuning fork that rings with cultural, sexual and social discord.",1,0,neutral,negative,1.7066667079925537,0.9756841063499451,1.1484016180038452
9,ZKH,The movie slides downhill as soon as macho action conventions assert themselves.,0,0,negative,negative,1.9436768293380737,1.192033290863037,0.8627995252609253
9,ZKH,"More romantic, more emotional and ultimately more satisfying than the teary-eyed original.",2,0,positive,negative,1.9703866243362427,1.0905417203903198,0.7028127312660217
9,ZKH,"Like the best of Godard's movies... it is visually ravishing, penetrating, impenetrable.",2,0,positive,negative,2.1463024616241455,1.0297993421554565,0.7327114939689636
9,ZKH,The cumulative effect of the movie is repulsive and depressing.,0,0,negative,negative,1.8038921356201172,1.1920238733291626,0.8737242221832275
9,ZKH,"Feels like nothing quite so much as a middle-aged moviemaker's attempt to surround himself with beautiful, half-naked women.",1,0,neutral,negative,1.8857494592666626,1.0104888677597046,0.9433016777038574
9,ZKH,"A very long movie, dull in stretches, with entirely too much focus on meal preparation and igloo construction.",0,0,negative,negative,1.9312241077423096,1.059384822845459,0.9021555185317993
9,ZKH,"In XXX, Diesel is that rare creature -- an action hero with table manners, and one who proves that elegance is more than tattoo deep.",2,0,positive,negative,1.8570022583007812,1.0377551317214966,0.8984244465827942
9,ZKH,I'm not sure which will take longer to heal: the welt on Johnny Knoxville's stomach from a riot-control projectile or my own tortured psyche.,0,0,negative,negative,1.8939076662063599,1.051863193511963,1.0061997175216675
9,ZKH,"While Serving Sara does have a long way to go before it reaches the level of crudity in the latest Austin Powers extravaganza, there's nothing here to match that movie's intermittent moments of inspiration.",1,0,neutral,negative,1.7490204572677612,1.0788567066192627,0.9921863675117493
9,ZKH,"It's difficult to conceive of anyone who has reached puberty actually finding the characters in Slackers or their antics amusing, let alone funny.",0,0,negative,negative,1.7448513507843018,1.056870698928833,0.9336181879043579
9,ZKH,"It never is, not fully.",1,0,neutral,negative,1.7164981365203857,1.3223124742507935,1.086441993713379
9,ZKH,"Not only is Undercover Brother as funny, if not more so, than both Austin Powers films, but it's also one of the smarter, savvier spoofs to come along in some time.",2,0,positive,negative,1.7457160949707031,1.132777452468872,1.0063735246658325
9,ZKH,It should be mentioned that the set design and interiors of the haunted vessel are more than effectively creepy and moodily lit.,2,0,positive,negative,1.8126416206359863,0.8791161179542542,0.8060129284858704
9,ZKH,"With the exception of some fleetingly amusing improvisations by Cedric the Entertainer as Perry's boss, there isn't a redeeming moment here.",0,0,negative,negative,1.903588056564331,0.8511536717414856,0.8365826606750488
9,ZKH,It's a funny little movie with clever dialogue and likeable characters.,2,0,positive,negative,2.0029194355010986,0.8802563548088074,0.6365978717803955
9,ZKH,"``13 Conversations'' holds its goodwill close, but is relatively slow to come to the point.",1,0,neutral,negative,2.001718044281006,0.9077305793762207,0.8265642523765564
9,ZKH,"Not the kind of film that will appeal to a mainstream American audience, but there is a certain charm about the film that makes it a suitable entry into the fest circuit.",2,0,positive,negative,1.6938434839248657,1.1052148342132568,0.930048406124115
9,ZKH,"You come away wishing, though, that the movie spent a lot less time trying to make a credible case for reports from the afterlife and a lot more time on the romantic urgency that's at the center of the story.",1,0,neutral,negative,1.6439917087554932,1.0807937383651733,1.0081976652145386
9,ZKH,The movie is virtually without context -- journalistic or historical.,0,0,negative,negative,1.9498642683029175,1.1438705921173096,0.8404259085655212
9,ZKH,"After sitting through this sloppy, made-for-movie comedy special, it makes me wonder if Lawrence hates criticism so much that he refuses to evaluate his own work.",0,0,negative,negative,1.6497784852981567,1.010952353477478,0.8367999196052551
9,ZKH,Genuinely touching because it's realistic about all kinds of love.,2,0,positive,negative,2.0584876537323,1.1299738883972168,0.869163453578949
9,ZKH,"For all the complications, it's all surprisingly predictable.",1,0,neutral,negative,1.9430181980133057,1.3640596866607666,1.0665004253387451
9,ZKH,"Armed with a game supporting cast, from the pitch-perfect Forster to the always hilarious Meara and Levy, Like Mike shoots and scores, doing its namesake proud.",2,0,positive,negative,1.6384605169296265,1.02998948097229,0.8946111798286438
9,ZKH,It will guarantee to have you leaving the theater with a smile on your face.,2,0,positive,negative,1.920631766319275,0.9784736037254333,0.6927560567855835
9,ZKH,"The misery of these people becomes just another voyeuristic spectacle, to be consumed and forgotten.",0,0,negative,negative,2.0025634765625,1.1529655456542969,0.8049526810646057
9,ZKH,"A thoroughly awful movie -- dumb, narratively chaotic, visually sloppy... a weird amalgam of `The Thing' and a geriatric `Scream.'",0,0,negative,negative,1.9695357084274292,1.1165968179702759,0.8649348616600037
9,ZKH,"One of those staggeringly well-produced, joylessly extravagant pictures that keep whooshing you from one visual marvel to the next, hastily, emptily.",1,0,neutral,negative,1.6379696130752563,0.9273706078529358,0.8734973073005676
9,ZKH,"Measured against practically any like-themed film other than its Oscar-sweeping franchise predecessor The Silence of the Lambs, Red Dragon rates as an exceptional thriller.",2,0,positive,negative,1.6330945491790771,1.056817889213562,1.0259828567504883
9,ZKH,"The movie has no respect for laws, political correctness or common decency, but it displays something more important: respect for its flawed, crazy people.",1,0,neutral,negative,1.8450946807861328,1.1329981088638306,1.0631197690963745
9,ZKH,"In a strange way, Egoyan has done too much.",1,0,neutral,negative,2.0351808071136475,1.4459140300750732,1.0509233474731445
9,ZKH,"After seeing the film, I can tell you that there's no other reason why anyone should bother remembering it.",0,0,negative,negative,1.888857364654541,0.9048038125038147,0.7875809073448181
9,ZKH,The film is darkly funny in its observation of just how much more grueling and time-consuming the illusion of work is than actual work.,2,0,positive,negative,1.7323065996170044,1.024184226989746,0.940305769443512
9,ZKH,"In some ways, Lagaan is quintessential Bollywood.",1,0,neutral,negative,1.7985750436782837,1.0171496868133545,1.2179044485092163
9,ZKH,"Pacino and Williams seem to keep upping the ante on each other, just as their characters do in the film.",2,0,positive,negative,2.0345497131347656,1.0155669450759888,0.9150341153144836
9,ZKH,"It would be disingenuous to call Reno a great film, but you can say that about most of the flicks moving in and out of the multiplex.",1,0,neutral,negative,1.82718825340271,0.9898189306259155,0.8350262641906738
9,ZKH,"Some movies can get by without being funny simply by structuring the scenes as if they were jokes: a setup, delivery and payoff.",1,0,neutral,negative,1.9668643474578857,1.0778712034225464,0.8678627014160156
9,ZKH,Narc can only remind us of brilliant crime dramas without becoming one itself.,1,0,neutral,negative,1.8307156562805176,0.934136152267456,0.7256436944007874
9,ZKH,Narc is a no-bull throwback to 1970s action films.,2,0,positive,negative,1.8002870082855225,1.1373016834259033,1.2785391807556152
9,ZKH,Intriguing and downright intoxicating.,2,0,positive,negative,1.8409343957901,1.3531397581100464,1.2060866355895996
9,ZKH,"The wonderful combination of the sweetness and the extraordinary technical accomplishments of the first film are maintained, but its overall impact falls a little flat with a storyline that never quite delivers the original magic.",1,0,neutral,negative,1.6763534545898438,0.9786333441734314,0.991137683391571
9,ZKH,Perhaps the most annoying thing about Who Is Cletis Tout? is that it's a crime movie made by someone who obviously knows nothing about crime.,0,0,negative,negative,1.6809293031692505,0.9040344953536987,1.0222666263580322
9,ZKH,"In addition to scoring high for originality of plot -- putting together familiar themes of family, forgiveness and love in a new way -- Lilo & Stitch has a number of other assets to commend it to movie audiences both innocent and jaded.",2,0,positive,negative,1.7259633541107178,1.0832668542861938,1.2008498907089233
9,ZKH,The quirky drama touches the heart and the funnybone thanks to the energetic and always surprising performance by Rachel Griffiths.,2,0,positive,negative,1.922028660774231,1.132436990737915,0.8857279419898987
9,ZKH,"At its worst, it implodes in a series of very bad special effects.",0,0,negative,negative,1.9800684452056885,0.955538272857666,0.7698541283607483
9,ZKH,Bad and baffling from the get-go.,0,0,negative,negative,1.9928020238876343,1.217511773109436,0.8814889788627625
9,ZKH,"The movie is a blast of educational energy, as bouncy animation and catchy songs escort you through the entire 85 minutes.",2,0,positive,negative,1.9373152256011963,1.0238585472106934,0.878126323223114
9,ZKH,The original wasn't a good movie but this remake makes it look like a masterpiece!,0,0,negative,negative,1.8030444383621216,0.9498594999313354,1.2517685890197754
9,ZKH,"To my taste, the film's comic characters come perilously close to being Amoses and Andys for a new generation.",1,0,neutral,negative,1.920755386352539,0.9613238573074341,1.0486699342727661
9,ZKH,"Although the sequel has all the outward elements of the original, the first film's lovely flakiness is gone, replaced by the forced funniness found in the dullest kiddie flicks.",0,0,negative,negative,1.7013880014419556,0.6903518438339233,1.4097964763641357
9,ZKH,"The real charm of this trifle is the deadpan comic face of its star, Jean Reno, who resembles Sly Stallone in a hot sake half-sleep.",1,0,neutral,negative,1.73630690574646,0.8572362065315247,1.0950400829315186
9,ZKH,"... a cute and sometimes side-splittingly funny blend of Legally Blonde and Drop Dead Gorgeous, starring Piper Perabo in what could be her breakthrough role.",2,0,positive,negative,1.8137757778167725,0.8941888213157654,1.3529456853866577
9,ZKH,"This method almost never fails him, and it works superbly here.",2,0,positive,negative,2.0082459449768066,0.9375119209289551,1.376937747001648
9,ZKH,Few films capture so perfectly the hopes and dreams of little boys on baseball fields as well as the grown men who sit in the stands.,2,0,positive,negative,1.7771716117858887,0.7958090901374817,1.2225689888000488
9,ZKH,"The Emperor's Club is one of those films that possesses all the good intentions in the world, but...",1,0,neutral,negative,1.9598822593688965,0.8033776879310608,1.205933690071106
9,ZKH,The most compelling performance of the year adds substantial depth to this shocking testament to anti-Semitism and neo-fascism.,2,0,positive,negative,1.9698009490966797,0.933540403842926,1.1746469736099243
9,ZKH,"LaBute can't avoid a fatal mistake in the modern era: He's changed the male academic from a lower-class Brit to an American, a choice that upsets the novel's exquisite balance and shreds the fabric of the film.",1,0,neutral,negative,1.7098095417022705,0.7584617733955383,1.3097673654556274
9,ZKH,A biopic about Crane's life in the classic tradition but evolves into what has become of us all in the era of video.,1,0,neutral,negative,1.9801640510559082,0.8593767285346985,0.9478785395622253
9,ZKH,"A work of extraordinary journalism, but it is also a work of deft and subtle poetry.",2,0,positive,negative,2.1398677825927734,1.0035115480422974,0.9753125309944153
9,ZKH,... think of it as American Pie On Valium.,1,2,neutral,positive,1.4160821437835693,0.6832655668258667,1.7390339374542236
9,ZKH,Gere gives a good performance in a film that doesn't merit it.,1,0,neutral,negative,1.9448322057724,0.8982677459716797,1.0825120210647583
9,ZKH,The Pianist is Polanski's best film.,2,0,positive,negative,1.5539053678512573,0.6768789291381836,1.517530918121338
9,ZKH,Maybe Thomas Wolfe was right: You can't go home again.,1,0,neutral,negative,1.9049808979034424,0.9739559292793274,0.9924891591072083
9,ZKH,"The director, with his fake backdrops and stately pacing, never settles on a consistent tone.",0,0,negative,negative,1.9569308757781982,1.1148440837860107,1.0601307153701782
9,ZKH,"Why he was given free reign over this project -- he wrote, directed, starred and produced -- is beyond me.",0,0,negative,negative,1.9854276180267334,0.8532755970954895,1.2034897804260254
9,ZKH,"If you enjoy being rewarded by a script that assumes you aren't very bright, then Blood Work is for you.",0,0,negative,negative,1.9734833240509033,0.9401503205299377,1.2123061418533325
9,ZKH,But his showboating wise-cracker stock persona sure is getting old.,1,0,neutral,negative,1.946848750114441,0.8359711766242981,1.1227656602859497
9,ZKH,The second coming of Harry Potter is a film far superior to its predecessor.,2,0,positive,negative,1.9025802612304688,1.1097979545593262,1.1390273571014404
9,ZKH,This stuck pig of a movie flails limply between bizarre comedy and pallid horror.,0,0,negative,negative,1.8594715595245361,0.8603987693786621,1.0758999586105347
9,ZKH,"The film just might turn on many people to opera, in general, an art form at once visceral and spiritual, wonderfully vulgar and sublimely lofty -- and as emotionally grand as life.",2,0,positive,negative,1.4825280904769897,0.6234636902809143,1.2142367362976074
9,ZKH,"The inhospitability of the land emphasizes the spare precision of the narratives and helps to give them an atavistic power, as if they were tales that had been handed down since the beginning of time.",1,0,neutral,negative,1.6429493427276611,0.7233458161354065,1.143236517906189
9,ZKH,Even more baffling is that it's funny.,1,2,neutral,positive,1.4824334383010864,0.9254381060600281,1.7107758522033691
9,ZKH,"Parker should be commended for taking a fresh approach to familiar material, but his determination to remain true to the original text leads him to adopt a somewhat mannered tone... that ultimately dulls the human tragedy at the story's core.",1,0,neutral,negative,1.531040072441101,0.7507448196411133,1.2956078052520752
9,ZKH,"Hard, endearing, caring, warm.",2,2,positive,positive,1.636852502822876,0.9345532059669495,1.6500548124313354
9,ZKH,"I have no problem with ``difficult'' movies, or movies that ask the audience to meet them halfway and connect the dots instead of having things all spelled out.",1,0,neutral,negative,1.719177484512329,0.6774671077728271,1.3449711799621582
9,ZKH,The way Coppola professes his love for movies -- both colorful pop junk and the classics that unequivocally qualify as art -- is giddily entertaining.,2,0,positive,negative,1.7358057498931885,0.8141452074050903,1.365333080291748
9,ZKH,Both the crime story and the love story are unusual.,1,0,neutral,negative,2.1193485260009766,1.0810805559158325,1.1709049940109253
9,ZKH,It's never a good sign when a film's star spends the entirety of the film in a coma.,0,0,negative,negative,2.1063592433929443,1.008382797241211,1.1164472103118896
9,ZKH,"If there's a way to effectively teach kids about the dangers of drugs, I think it's in projects like the (unfortunately R-rated) Paid.",1,0,neutral,negative,1.8133901357650757,0.9357719421386719,1.2187163829803467
9,ZKH,"If you're a WWF fan, or you related to the people who watched the robots getting butchered in A.I., you'll probably like Rollerball.",1,0,neutral,negative,1.7807620763778687,0.976338803768158,1.0678988695144653
9,ZKH,Norton holds the film together.,1,0,neutral,negative,1.8834744691848755,0.968712568283081,1.5407243967056274
9,ZKH,"A breathtaking adventure for all ages, Spirit tells its poignant and uplifting story in a stunning fusion of music and images.",2,0,positive,negative,1.938711166381836,0.9080448150634766,1.105045199394226
9,ZKH,It won't bust your gut -- and it's not intended to -- it's merely a blandly cinematic surgical examination of what makes a joke a joke.,1,0,neutral,negative,1.706348180770874,0.8774753212928772,1.3137186765670776
9,ZKH,Largely a for-fans artifact.,1,0,neutral,negative,1.6970295906066895,0.9809777736663818,1.618058681488037
9,ZKH,A movie so bad that it quickly enters the pantheon of wreckage that includes Battlefield Earth and Showgirls.,0,0,negative,negative,2.1962239742279053,1.1142778396606445,1.2005118131637573
9,ZKH,"If you're over 25, have an IQ over 90, and have a driver's license, you should be able to find better entertainment.",0,0,negative,negative,1.8822916746139526,1.0045799016952515,1.3442643880844116
9,ZKH,A solid piece of journalistic work that draws a picture of a man for whom political expedience became a deadly foreign policy.,1,0,neutral,negative,2.056432008743286,0.8448026180267334,1.1776329278945923
9,ZKH,"The doofus-on-the-loose banter of Welcome to Collinwood has a cocky, after-hours loopiness to it.",1,0,neutral,negative,2.015216112136841,0.9255473017692566,1.2554126977920532
9,ZKH,It's the funniest American comedy since Graffiti Bridge.,2,0,positive,negative,1.6106376647949219,0.6040965914726257,1.5125733613967896
9,ZKH,Samuel Beckett applied to the Iranian voting process.,1,0,neutral,negative,1.9937266111373901,1.1265379190444946,1.2953683137893677
9,ZKH,A strangely compelling and brilliantly acted psychological drama.,2,2,positive,positive,1.5429165363311768,0.90604567527771,1.5503345727920532
9,ZKH,"Often gruelling and heartbreaking to witness, but Seldahl and Wollter's sterling performances raise this far above the level of the usual maudlin disease movie.",2,0,positive,negative,1.7264961004257202,0.6039835214614868,1.398697853088379
9,ZKH,"This enthralling documentary... is at once playful and haunting, an in-depth portrait of an iconoclastic artist who was fundamentally unknowable even to his closest friends.",2,0,positive,negative,1.7158589363098145,0.6381232738494873,1.3190598487854004
9,ZKH,"I didn't laugh at the ongoing efforts of Cube, and his skinny buddy Mike Epps, to make like Laurel and Hardy'n the hood.",0,0,negative,negative,1.744697093963623,0.7836272120475769,1.2782431840896606
9,ZKH,"At its best when the guarded, resentful Betty and the manipulative yet needy Margot are front and center.",1,0,neutral,negative,1.8617103099822998,0.7477096319198608,1.383344054222107
9,ZKH,Ford deserves to be remembered at Oscar time for crafting this wonderful portrait of a conflicted soldier.,2,0,positive,negative,1.9280552864074707,0.8043375611305237,1.1016862392425537
9,ZKH,"That is essentially what's missing from Blackboards -- the sense of something bigger, some ultimate point.",1,0,neutral,negative,2.0503127574920654,0.8015846014022827,1.0619802474975586
9,ZKH,"It's a bizarre curiosity memorable mainly for the way it fritters away its potentially interesting subject matter via a banal script, unimpressive acting and indifferent direction.",1,0,neutral,negative,1.754350185394287,0.6723129153251648,1.136393666267395
9,ZKH,"While obviously an extremely personal work, it remains inextricably stuck in an emotionally unavailable rut.",1,0,neutral,negative,2.008011817932129,0.9355664253234863,1.0786153078079224
9,ZKH,"A dim-witted and lazy spin-off of the Animal Planet documentary series, Crocodile Hunter is entertainment opportunism at its most glaring.",0,0,negative,negative,1.8471626043319702,0.681567907333374,1.303497552871704
9,ZKH,"The good is very, very good... The rest runs from mildly unimpressive to despairingly awful.",1,0,neutral,negative,1.822410225868225,0.8679792284965515,1.2031501531600952
9,ZKH,"Methodical, measured, and gently tedious in its comedy, Secret Ballot is a purposefully reductive movie -- which may be why it's so successful at lodging itself in the brain.",2,0,positive,negative,1.7456121444702148,0.6808502078056335,1.3155345916748047
9,ZKH,One of the most exciting action films to come out of China in recent years.,2,0,positive,negative,2.117894411087036,0.7615481019020081,1.2351759672164917
9,ZKH,Adam Sandler's Eight Crazy Nights grows on you -- like a rash.,0,0,negative,negative,2.0332140922546387,0.8154469132423401,1.427046298980713
9,ZKH,"The film feels formulaic, its plot and pacing typical Hollywood war-movie stuff, while the performances elicit more of a sense of deja vu than awe.",0,0,negative,negative,1.6777472496032715,0.5157538056373596,1.1747276782989502
9,ZKH,"... pitiful, slapdash disaster.",0,0,negative,negative,1.870488166809082,0.7030922770500183,1.747933030128479
9,ZKH,"As it stands, there's some fine sex onscreen, and some tense arguing, but not a whole lot more.",1,0,neutral,negative,1.8617582321166992,0.7978475689888,1.5905020236968994
9,ZKH,It's neither as romantic nor as thrilling as it should be.,0,0,negative,negative,1.921638011932373,0.7986037135124207,1.1262704133987427
9,ZKH,Returning director Rob Minkoff... and screenwriter Bruce Joel Rubin... have done a fine job of updating White's dry wit to a new age.,2,0,positive,negative,1.736497402191162,0.6447120904922485,1.5480586290359497
9,ZKH,"The Venezuelans say things like ``si, pretty much'' and ``por favor, go home'' when talking to Americans.",1,0,neutral,negative,1.9591965675354004,0.6972704529762268,1.072616457939148
9,ZKH,"If you already like this sort of thing, this is that sort of thing all over again.",1,0,neutral,negative,2.000088691711426,0.8635919094085693,1.1141706705093384
9,ZKH,An awful movie that will only satisfy the most emotionally malleable of filmgoers.,0,0,negative,negative,1.8180111646652222,0.8824580311775208,1.3215745687484741
9,ZKH,"This is an extraordinary film, not least because it is Japanese and yet feels universal.",2,0,positive,negative,1.9648375511169434,0.8505111932754517,1.1431241035461426
9,ZKH,"Aptly named, this shimmering, beautifully costumed and filmed production doesn't work for me.",1,0,neutral,negative,1.8446176052093506,0.6876932382583618,1.1779032945632935
9,ZKH,"If Borstal Boy isn't especially realistic, it is an engaging nostalgia piece.",1,0,neutral,negative,2.0152251720428467,0.8409835696220398,1.1635080575942993
9,ZKH,Griffiths proves she's that rare luminary who continually raises the standard of her profession.,2,0,positive,negative,1.9384034872055054,0.7523784041404724,1.2194836139678955
9,ZKH,"The asylum material is gripping, as are the scenes of Jia with his family.",2,0,positive,negative,1.8114924430847168,0.8308838605880737,1.3989289999008179
9,ZKH,"... by the time it's done with us, Mira Nair's new movie has its audience giddy with the delight of discovery, of having been immersed in a foreign culture only to find that human nature is pretty much the same all over.",2,0,positive,negative,1.386621117591858,0.583734393119812,1.3277498483657837
9,ZKH,... about as exciting to watch as two last-place basketball teams playing one another on the final day of the season.,0,0,negative,negative,1.9012999534606934,0.6381886005401611,1.2784894704818726
9,ZKH,Girls gone wild and gone civil again,1,0,neutral,negative,1.855151891708374,0.8478872776031494,1.6497478485107422
9,ZKH,To say Analyze That is De Niro's best film since Meet the Parents sums up the sad state of his recent career.,1,0,neutral,negative,1.7938023805618286,0.8268919587135315,1.3422430753707886
9,ZKH,"Like being trapped inside a huge video game, where exciting, inane images keep popping past your head and the same illogical things keep happening over and over again.",1,0,neutral,negative,1.612143874168396,0.5385096669197083,1.3267518281936646
9,ZKH,`Enigma' is the kind of engaging historical drama that Hollywood appears to have given up on in favor of sentimental war movies in the vein of `We Were Soldiers.',1,0,neutral,negative,1.7434051036834717,0.6417683959007263,1.1226915121078491
9,ZKH,The Rock has a great presence but one battle after another is not the same as one battle followed by killer CGI effects.,1,0,neutral,negative,1.7794644832611084,0.6258901953697205,1.3328269720077515
9,ZKH,Visually sumptuous but intellectually stultifying.,1,0,neutral,negative,1.7811667919158936,0.8531231880187988,1.5797585248947144
9,ZKH,"So young, so smart, such talent, such a wise ***.",2,0,positive,negative,2.036823034286499,0.8922925591468811,1.5315443277359009
9,ZKH,"The problem is that for the most part, the film is deadly dull.",0,0,negative,negative,1.713609218597412,0.8034573793411255,1.5342334508895874
9,ZKH,A thinly veiled look at different aspects of Chinese life clashing with each other.,1,0,neutral,negative,1.7984914779663086,0.9056563973426819,1.101004719734192
9,ZKH,An exhilarating experience.,2,0,positive,negative,1.7728980779647827,0.6503371000289917,1.6879072189331055
9,ZKH,Its vision of that awkward age when sex threatens to overwhelm everything else is acute enough to make everyone who has been there squirm with recognition.,1,0,neutral,negative,1.6765172481536865,0.5815916657447815,1.2313891649246216
9,ZKH,Remarkably accessible and affecting.,2,2,positive,positive,1.4751908779144287,0.5689035654067993,1.520135521888733
9,ZKH,"The climactic events are so well realized that you may forget all about the original conflict, just like the movie does.",1,0,neutral,negative,1.801120638847351,0.6954104900360107,1.2021552324295044
9,ZKH,Distinctly sub-par... more likely to drown a viewer in boredom than to send any shivers down his spine.,0,0,negative,negative,1.8550100326538086,0.6996980309486389,0.9264039993286133
9,ZKH,Godard's ode to tackling life's wonderment is a rambling and incoherent manifesto about the vagueness of topical excess... In Praise of Love remains a ponderous and pretentious endeavor that's unfocused and tediously exasperating.,0,0,negative,negative,1.612060785293579,0.6134231090545654,1.3475500345230103
9,ZKH,"We never truly come to care about the main characters and whether or not they'll wind up together, and Michele's spiritual quest is neither amusing nor dramatic enough to sustain interest.",0,0,negative,negative,1.6674880981445312,0.5823209881782532,1.315608024597168
9,ZKH,"Most haunting about ``Fence'' is its conclusion, when we hear the ultimate fate of these girls and realize, much to our dismay, that this really did happen.",2,0,positive,negative,1.6338927745819092,0.6551110148429871,1.4137217998504639
9,ZKH,"Bogdanovich taps deep into the Hearst mystique, entertainingly reenacting a historic scandal.",2,0,positive,negative,1.9136381149291992,0.8526012301445007,1.1720757484436035
9,ZKH,"Peralta's mythmaking could have used some informed, adult hindsight.",1,0,neutral,negative,1.7484114170074463,0.899959146976471,1.3548814058303833
9,ZKH,"``My god, I'm behaving like an idiot!''",1,0,neutral,negative,1.8425229787826538,0.7029123902320862,1.6707758903503418
9,ZKH,"Devos and Cassel have tremendous chemistry -- their sexual and romantic tension, while never really vocalized, is palpable.",2,0,positive,negative,1.9686044454574585,1.1146957874298096,1.2032458782196045
9,ZKH,"As a girl-meets-girl romantic comedy, Kissing Jessica Steinis quirky, charming and often hilarious.",2,0,positive,negative,1.9215478897094727,0.7746712565422058,1.3420110940933228
9,ZKH,Gollum's `performance' is incredible!,2,0,positive,negative,1.6689729690551758,0.6951794028282166,1.5986500978469849
9,ZKH,"... a haunting vision, with images that seem more like disturbing hallucinations.",0,2,negative,positive,1.4405094385147095,1.019808053970337,1.4617860317230225
9,ZKH,"As a remake, it's a pale imitation.",0,0,negative,negative,1.7774407863616943,0.8163197636604309,1.6444913148880005
9,ZKH,Adults will certainly want to spend their time in the theater thinking up grocery lists and ways to tell their kids how not to act like Pinocchio.,1,0,neutral,negative,1.671264410018921,0.7016630172729492,1.314049482345581
9,ZKH,"Not as distinctive or even as humorous as its needs to be to stand out, but it has clearly been made with affection and care.",1,0,neutral,negative,1.7521785497665405,0.6725536584854126,1.2489736080169678
9,ZKH,A generic family comedy unlikely to be appreciated by anyone outside the under-10 set.,0,0,negative,negative,1.9161769151687622,1.0400588512420654,1.0576958656311035
9,ZKH,"An amalgam of The Fugitive, Blade Runner, and Total Recall, only without much energy or tension.",1,0,neutral,negative,1.9446830749511719,0.8580899834632874,1.065874695777893
9,ZKH,"Everything its title implies, a standard-issue crime drama spat out from the Tinseltown assembly line.",1,0,neutral,negative,1.9007892608642578,0.95908123254776,1.236199975013733
9,ZKH,"This odd, poetic road movie, spiked by jolts of pop music, pretty much takes place in Morton's ever-watchful gaze -- and it's a tribute to the actress, and to her inventive director, that the journey is such a mesmerizing one.",2,0,positive,negative,1.5270793437957764,0.7004098892211914,1.2238850593566895
9,ZKH,"Co-writer/director Jonathan Parker's attempts to fashion a Brazil-like, hyper-real satire fall dreadfully short.",0,0,negative,negative,1.8985642194747925,0.7391118407249451,1.0544497966766357
9,ZKH,"An amateurish, quasi-improvised acting exercise shot on ugly digital video.",0,0,negative,negative,1.9262465238571167,1.0303168296813965,1.1417096853256226
9,ZKH,"``The Kid Stays in the Picture'' is a great story, terrifically told by the man who wrote it but this Cliff Notes edition is a cheat.",1,0,neutral,negative,1.767421007156372,0.7816218733787537,1.1150587797164917
9,ZKH,"A gratingly unfunny groaner littered with zero-dimensional, unlikable characters and hackneyed, threadbare comic setups.",0,0,negative,negative,1.9072222709655762,1.02405846118927,0.9585999250411987
9,ZKH,"While this gentle and affecting melodrama will have luvvies in raptures, it's far too slight and introspective to appeal to anything wider than a niche audience.",1,0,neutral,negative,1.8165397644042969,0.9272841811180115,1.0689047574996948
9,ZKH,Griffin & Co. manage to be spectacularly outrageous.,2,0,positive,negative,1.8277676105499268,0.8331132531166077,1.086800217628479
9,ZKH,"A profoundly stupid affair, populating its hackneyed and meanspirited storyline with cardboard characters and performers who value cash above credibility.",0,0,negative,negative,1.8113154172897339,0.6981803774833679,1.0695024728775024
9,ZKH,"Warm Water Under a Red Bridge is a quirky and poignant Japanese film that explores the fascinating connections between women, water, nature, and sexuality.",2,0,positive,negative,1.8016304969787598,0.7731526494026184,1.1738163232803345
9,ZKH,It isn't that Stealing Harvard is a horrible movie -- if only it were that grand a failure!,0,0,negative,negative,1.9629331827163696,0.8342556953430176,1.1746976375579834
9,ZKH,It just doesn't have much else... especially in a moral sense.,1,0,neutral,negative,1.755802869796753,0.732097327709198,1.5431019067764282
9,ZKH,Those unfamiliar with Mormon traditions may find The Singles Ward occasionally bewildering.,1,0,neutral,negative,1.4884707927703857,0.7134748101234436,1.1191712617874146
9,ZKH,"Viewed as a comedy, a romance, a fairy tale, or a drama, there's nothing remotely triumphant about this motion picture.",1,0,neutral,negative,1.9574140310287476,0.7346727252006531,1.1666789054870605
9,ZKH,"But the talented cast alone will keep you watching, as will the fight scenes.",2,0,positive,negative,1.9056482315063477,1.1879863739013672,0.9539511799812317
9,ZKH,It's solid and affecting and exactly as thought-provoking as it should be.,2,0,positive,negative,1.8989193439483643,0.7791763544082642,1.2697378396987915
9,ZKH,"Thanks largely to Williams, all the interesting developments are processed in 60 minutes -- the rest is just an overexposed waste of film.",0,0,negative,negative,1.9069069623947144,0.927815854549408,1.2142224311828613
9,ZKH,"Cantet perfectly captures the hotel lobbies, two-lane highways, and roadside cafes that permeate Vincent's days",2,0,positive,negative,2.0392801761627197,0.9225594997406006,1.0410945415496826
9,ZKH,"An important movie, a reminder of the power of film to move us and to make us examine our values.",2,0,positive,negative,2.0313000679016113,1.0308457612991333,0.9120546579360962
9,ZKH,"Too much of this well-acted but dangerously slow thriller feels like a preamble to a bigger, more complicated story, one that never materializes.",0,0,negative,negative,1.978049874305725,0.8420137763023376,1.059977650642395
9,ZKH,A richly imagined and admirably mature work from a gifted director who definitely has something on his mind.,2,0,positive,negative,1.9739532470703125,0.7677289247512817,0.9806792140007019
9,ZKH,"The art direction is often exquisite, and the anthropomorphic animal characters are beautifully realized through clever makeup design, leaving one to hope that the eventual DVD release will offer subtitles and the original Italian-language soundtrack.",2,0,positive,negative,1.6263198852539062,0.7099554538726807,1.1746493577957153
9,ZKH,"... Jones, despite a definitely distinctive screen presence, just isn't able to muster for a movie that, its title notwithstanding, should have been a lot nastier if it wanted to fully capitalize on its lead's specific gifts.",1,0,neutral,negative,1.5323495864868164,0.729185163974762,1.1258033514022827
9,ZKH,But what's nice is that there's a casual intelligence that permeates the script.,2,0,positive,negative,1.815840482711792,0.9609313607215881,1.1565220355987549
9,ZKH,Wedding feels a bit anachronistic.,0,0,negative,negative,1.6575008630752563,0.7243029475212097,1.6020687818527222
9,ZKH,"An action/thriller of the finest kind, evoking memories of Day of the Jackal, The French Connection, and Heat.",2,0,positive,negative,2.143383264541626,0.9631190896034241,1.1928876638412476
9,ZKH,"This picture is murder by numbers, and as easy to be bored by as your ABC's, despite a few whopping shootouts.",0,0,negative,negative,1.8142741918563843,0.8581115007400513,1.069891095161438
9,ZKH,"Every individual will see the movie through the prism of his or her own beliefs and prejudices, but the one thing most will take away is the sense that peace is possible.",2,0,positive,negative,1.772517442703247,0.6904808878898621,1.0912787914276123
9,ZKH,"Feels slight, as if it were an extended short, albeit one made by the smartest kids in class.",1,0,neutral,negative,1.9651837348937988,0.879913330078125,1.2054916620254517
9,ZKH,The picture doesn't know it's a comedy.,1,2,neutral,positive,1.5869245529174805,0.8723136782646179,1.6319695711135864
9,ZKH,A classy item by a legend who may have nothing left to prove but still has the chops and drive to show how its done.,2,0,positive,negative,1.8407169580459595,0.6577586531639099,1.0281974077224731
9,ZKH,"Starts out mediocre, spirals downward, and thuds to the bottom of the pool with an utterly incompetent conclusion.",0,0,negative,negative,2.1523056030273438,1.0151437520980835,1.050488829612732
9,ZKH,The sort of movie that gives tastelessness a bad rap.,0,0,negative,negative,1.9957351684570312,0.9760474562644958,1.1292604207992554
9,ZKH,Its engaging simplicity is driven by appealing leads.,2,0,positive,negative,1.622065544128418,0.9847189784049988,1.610612392425537
9,ZKH,"Fans of the TV series will be disappointed, and everyone else will be slightly bored.",1,2,neutral,positive,1.597185730934143,0.9676268696784973,1.7640725374221802
9,ZKH,"It's a head-turner -- thoughtfully written, beautifully read and, finally, deeply humanizing.",2,2,positive,positive,1.5761553049087524,0.540298581123352,1.5918197631835938
9,ZKH,"It's not a particularly good film, but neither is it a monsterous one.",1,0,neutral,negative,1.5677320957183838,1.0263655185699463,1.565959095954895
9,ZKH,Men in Black II achieves ultimate insignificance -- it's the sci-fi comedy spectacle as Whiffle-Ball epic.,0,0,negative,negative,1.791796326637268,0.8369405269622803,1.614841341972351
9,ZKH,Martyr gets royally screwed and comes back for more.,1,0,neutral,negative,1.7029296159744263,0.6961781978607178,1.0074679851531982
10,ZKW,Presents a good case while failing to provide a reason for us to care beyond the very basic dictums of human decency.,1,0,neutral,negative,1.7726370096206665,1.3833824396133423,1.4332160949707031
10,ZKW,"Beautifully crafted, engaging filmmaking that should attract upscale audiences hungry for quality and a nostalgic, twisty yarn that will keep them guessing.",2,0,positive,negative,1.8298689126968384,1.5923888683319092,1.349595069885254
10,ZKW,"Bread, My Sweet has so many flaws it would be easy for critics to shred it.",0,0,negative,negative,1.9839791059494019,1.3224263191223145,1.301889419555664
10,ZKW,"Slow, silly and unintentionally hilarious.",1,0,neutral,negative,1.9177253246307373,1.766400933265686,1.1769945621490479
10,ZKW,"Ultimately feels empty and unsatisfying, like swallowing a Communion wafer without the wine.",0,0,negative,negative,2.002965211868286,1.8313212394714355,1.227251410484314
10,ZKW,Exudes the fizz of a Busby Berkeley musical and the visceral excitement of a sports extravaganza.,2,0,positive,negative,1.8773897886276245,1.7783037424087524,1.3209644556045532
10,ZKW,The film rehashes several old themes and is capped with pointless extremes -- it's insanely violent and very graphic.,0,0,negative,negative,1.9973907470703125,1.5536013841629028,1.2018977403640747
10,ZKW,"Ryan Gosling is, in a word, brilliant as the conflicted Daniel.",2,0,positive,negative,1.8757423162460327,1.3823872804641724,1.1653176546096802
10,ZKW,"If Deuces Wild had been tweaked up a notch it would have become a camp adventure, one of those movies that's so bad it starts to become good.",1,1,neutral,neutral,1.6914838552474976,1.72258460521698,1.2437283992767334
10,ZKW,The film's stagecrafts are intimate and therefore bolder than the otherwise calculated artifice that defines and overwhelms the film's production design.,1,1,neutral,neutral,1.5537159442901611,1.6322141885757446,1.3329877853393555
10,ZKW,"Frida is certainly no disaster, but neither is it the Kahlo movie Frida fans have been looking for.",1,0,neutral,negative,1.6403690576553345,1.552409052848816,1.2257168292999268
10,ZKW,The film often achieves a mesmerizing poetry.,2,1,positive,neutral,1.3209155797958374,1.3845616579055786,1.1701281070709229
10,ZKW,A work of astonishing delicacy and force.,2,0,positive,negative,1.982425570487976,1.4838279485702515,0.9020288586616516
10,ZKW,"The movie's plot is almost entirely witless and inane, carrying every gag two or three times beyond its limit to sustain a laugh.",0,1,negative,neutral,1.5470161437988281,1.570066213607788,1.314423680305481
10,ZKW,"For the most part, the ingredients are there.",1,0,neutral,negative,2.1824326515197754,1.6721125841140747,1.0150271654129028
10,ZKW,"But if you've paid a matinee price and bought a big tub of popcorn, there's guilty fun to be had here.",1,0,neutral,negative,1.9375507831573486,1.4666192531585693,1.2359981536865234
10,ZKW,"There's not much to Fatale, outside of its stylish surprises... but that's OK.",1,0,neutral,negative,2.2015624046325684,1.8272031545639038,1.2482050657272339
10,ZKW,"The acting is stiff, the story lacks all trace of wit, the sets look like they were borrowed from Gilligan's Island -- and the CGI Scooby might well be the worst special-effects creation of the year.",0,1,negative,neutral,1.6036107540130615,1.7182892560958862,1.280224323272705
10,ZKW,"This version moves beyond the original's nostalgia for the communal film experiences of yesteryear to a deeper realization of cinema's inability to stand in for true, lived experience.",1,0,neutral,negative,1.5358620882034302,1.4489294290542603,1.2730576992034912
10,ZKW,"There's no palpable chemistry between Lopez and male lead Ralph Fiennes, plus the script by Working Girl scribe Kevin Wade is workmanlike in the extreme.",0,0,negative,negative,1.583370327949524,1.5712015628814697,1.357724905014038
10,ZKW,"A first-class, thoroughly involving B movie that effectively combines two surefire, beloved genres -- the prison flick and the fight film.",2,0,positive,negative,1.7943989038467407,1.5004398822784424,1.3522264957427979
10,ZKW,The film is so bad it doesn't improve upon the experience of staring at a blank screen.,0,0,negative,negative,2.1777684688568115,1.5902683734893799,1.0112285614013672
10,ZKW,Weiss and Speck never make a convincing case for the relevance of these two 20th-century footnotes.,1,0,neutral,negative,1.934198260307312,1.6394565105438232,1.2343497276306152
10,ZKW,Another Best of the Year selection.,2,0,positive,negative,1.9371308088302612,1.7984293699264526,1.1854442358016968
10,ZKW,It's all a rather shapeless good time...,1,0,neutral,negative,1.8127244710922241,1.379110336303711,1.3588857650756836
10,ZKW,"Same song, second verse, coulda been better, but it coulda been worse.",1,0,neutral,negative,2.116837501525879,1.7252341508865356,1.2156572341918945
10,ZKW,I love the robust middle of this picture.,2,0,positive,negative,2.079477071762085,1.6331931352615356,1.0035268068313599
10,ZKW,"That's not vintage Spielberg and that, finally, is minimally satisfying.",1,0,neutral,negative,2.225443124771118,1.7644115686416626,1.250750184059143
10,ZKW,The soundtrack alone is worth the price of admission.,2,1,positive,neutral,1.9250651597976685,2.0362331867218018,1.0879005193710327
10,ZKW,Mostly Martha could have used a little trimming -- 10 or 15 minutes could be cut and no one would notice -- but it's a pleasurable trifle.,1,1,neutral,neutral,1.6377865076065063,1.6415053606033325,1.3662080764770508
10,ZKW,"For the rest of us, sitting through Dahmer's two hours amounts to little more than punishment.",0,0,negative,negative,1.8581486940383911,1.4630343914031982,1.2644082307815552
10,ZKW,"Featuring a dangerously seductive performance from the great Daniel Auteuil, ``Sade'' covers the same period as Kaufmann's ``Quills'' with more unsettlingly realistic results.",2,0,positive,negative,1.6257768869400024,1.5485950708389282,1.3204442262649536
10,ZKW,"The movie is for fans who can't stop loving anime, and the fanatical excess built into it.",1,0,neutral,negative,1.8601218461990356,1.2400628328323364,1.1480035781860352
10,ZKW,"The Ring is worth a look, if you don't demand much more than a few cheap thrills from your Halloween entertainment.",1,0,neutral,negative,1.7892582416534424,1.4814027547836304,1.3718106746673584
10,ZKW,"Beautifully observed, miraculously unsentimental comedy-drama.",2,0,positive,negative,1.8274344205856323,1.5012164115905762,1.2326422929763794
10,ZKW,"What makes How I Killed My Father compelling, besides its terrific performances, is Fontaine's willingness to wander into the dark areas of parent-child relationships without flinching.",2,0,positive,negative,1.7432528734207153,1.6844985485076904,1.3073049783706665
10,ZKW,"This hastily mounted production exists only to capitalize on Hopkins' inclination to play Hannibal Lecter again, even though Harris has no immediate inclination to provide a fourth book.",0,1,negative,neutral,1.550068736076355,1.7291134595870972,1.4907608032226562
10,ZKW,Bullock's complete lack of focus and ability quickly derails the film.,0,0,negative,negative,1.8124854564666748,1.5156546831130981,1.239862084388733
10,ZKW,"... a plotline that's as lumpy as two-day old porridge... the filmmakers' paws, sad to say, were all over this ``un-bear-able'' project!",0,0,negative,negative,1.717697262763977,1.607195258140564,1.3122930526733398
10,ZKW,Crush could be the worst film a man has made about women since Valley of the Dolls.,0,0,negative,negative,1.923028588294983,1.5743234157562256,0.9907432198524475
10,ZKW,"Reassuring, retro uplifter.",2,0,positive,negative,1.697534441947937,1.385484218597412,1.5008859634399414
10,ZKW,Flaccid drama and exasperatingly slow journey.,0,1,negative,neutral,1.6835079193115234,1.784909725189209,1.283092975616455
10,ZKW,The Movie will reach far beyond its core demographic.,2,0,positive,negative,1.8498929738998413,1.2215639352798462,1.2475695610046387
10,ZKW,How did it ever get made?,0,0,negative,negative,1.740171194076538,1.5717880725860596,1.4425313472747803
10,ZKW,I like the new footage and still love the old stuff.,2,0,positive,negative,2.0431036949157715,1.6878138780593872,1.2939319610595703
10,ZKW,"It briefly flirts with player masochism, but the point of real interest -- audience sadism -- is evaded completely.",1,0,neutral,negative,1.9355958700180054,1.6330897808074951,1.2488718032836914
10,ZKW,Could The Country Bears really be as bad as its trailers?,0,0,negative,negative,2.12109637260437,1.7057386636734009,1.0739941596984863
10,ZKW,"At times, the movie looks genuinely pretty.",2,0,positive,negative,2.204101324081421,1.7273457050323486,1.0200765132904053
10,ZKW,It depends on how well flatulence gags fit into your holiday concept.,1,0,neutral,negative,2.1691417694091797,1.569401741027832,1.307781457901001
10,ZKW,"The stupidest, most insulting movie of 2002's first quarter.",0,0,negative,negative,1.9732749462127686,1.2581162452697754,0.6699721217155457
10,ZKW,The film seems a dead weight.,0,0,negative,negative,1.2192703485488892,0.9716628789901733,0.620186984539032
10,ZKW,"Sparkling, often hilarious romantic jealousy comedy... Attal looks so much like a young Robert DeNiro that it seems the film should instead be called `My Husband Is Travis Bickle'.",2,2,positive,positive,1.0004523992538452,0.7560363411903381,1.0208958387374878
10,ZKW,"I did go back and check out the last 10 minutes, but these were more repulsive than the first 30 or 40 minutes.",0,0,negative,negative,1.4031131267547607,0.7173179984092712,1.010897159576416
10,ZKW,"A lousy movie that's not merely unwatchable, but also unlistenable.",0,0,negative,negative,2.2049002647399902,2.0417351722717285,0.74018394947052
10,ZKW,One of the best films of the year with its exploration of the obstacles to happiness faced by five contemporary individuals... a psychological masterpiece.,2,0,positive,negative,1.04674232006073,0.7925018072128296,0.9204000234603882
10,ZKW,"A strong script, powerful direction and splendid production design allows us to be transported into the life of Wladyslaw Szpilman, who is not only a pianist, but a good human being.",2,1,positive,neutral,0.8500249981880188,0.8515638709068298,0.8287751078605652
10,ZKW,"But here's the real damn: It isn't funny, either.",0,0,negative,negative,1.9279123544692993,1.5497393608093262,0.7614699602127075
10,ZKW,"Qutting may be a flawed film, but it is nothing if not sincere.",1,0,neutral,negative,1.5374518632888794,0.9324560165405273,0.7349894046783447
10,ZKW,It's a fanboy `what if?',1,0,neutral,negative,1.435447335243225,1.3198392391204834,0.7239493727684021
10,ZKW,... something appears to have been lost in the translation this time.,0,0,negative,negative,1.9311702251434326,0.617190957069397,0.8162460327148438
10,ZKW,"Like a documentary version of Fight Club, shorn of social insight, intellectual pretension and cinematic interest.",1,0,neutral,negative,1.6018089056015015,1.0750336647033691,0.6411558985710144
10,ZKW,"Stephen Rea, Aidan Quinn, and Alan Bates play Desmond's legal eagles, and when joined by Brosnan, the sight of this grandiloquent quartet lolling in pretty Irish settings is a pleasant enough thing, `tis.",2,2,positive,positive,0.9626961350440979,0.9221802353858948,1.104231834411621
10,ZKW,"It's a powerful though flawed movie, guaranteed to put a lump in your throat while reaffirming Washington as possibly the best actor working in movies today.",2,0,positive,negative,1.209895372390747,0.14242960512638092,0.9912481904029846
10,ZKW,An intriguing and entertaining introduction to Johnson.,2,1,positive,neutral,1.55500066280365,1.7854114770889282,0.9060929417610168
10,ZKW,Everything was as superficial as the forced New Jersey lowbrow accent Uma had.,0,0,negative,negative,1.765455722808838,1.0837533473968506,0.8904880881309509
10,ZKW,"Despite the holes in the story and the somewhat predictable plot, moments of the movie caused me to jump in my chair...",1,0,neutral,negative,1.5198029279708862,1.3165478706359863,0.8104406595230103
10,ZKW,`How many more voyages can this limping but dearly-loved franchise survive?',1,0,neutral,negative,1.8411622047424316,1.338233232498169,0.7948784232139587
10,ZKW,If only the story about a multi-million dollar con bothered to include the con.,1,0,neutral,negative,1.7645004987716675,1.2225346565246582,0.8681086897850037
10,ZKW,"It is supremely unfunny and unentertaining to watch middle-age and older men drink to excess, piss on trees, b.s. one another and put on a show in drag.",0,0,negative,negative,1.0930192470550537,0.5879576802253723,0.9502338767051697
10,ZKW,"Only a few minutes elapse before the daddy of all slashers arrives, still with the boiler suit and white mask, which look remarkably clean for a guy who has been mass-murdering since 1978 but has never been seen doing laundry.",1,1,neutral,neutral,0.733379065990448,1.4845895767211914,1.134882926940918
10,ZKW,"Showtime is one of the hapless victims of the arrogant ``if we put together a wry white man and a chatty black man and give them guns, the movie will be funny'' syndrome.",0,0,negative,negative,1.1670812368392944,0.9451124668121338,0.9597727656364441
10,ZKW,"Whatever heartwarming scene the impressively discreet filmmakers may have expected to record with their mini DV, they show a remarkable ability to document both sides of this emotional car-wreck.",2,1,positive,neutral,1.078617811203003,1.285554051399231,1.0049470663070679
10,ZKW,"A zombie movie in every sense of the word -- mindless, lifeless, meandering, loud, painful, obnoxious.",0,0,negative,negative,1.636326551437378,1.0987457036972046,0.6760129928588867
10,ZKW,"It has fun with the quirks of family life, but it also treats the subject with fondness and respect.",2,0,positive,negative,1.6780508756637573,1.1723620891571045,0.7739933729171753
10,ZKW,"Novak manages to capture a cruelly hilarious vein of black comedy in the situation with his cast of non-actors and a gritty, no-budget approach.",2,1,positive,neutral,1.3793561458587646,1.531485676765442,0.7355008125305176
10,ZKW,"Since Lee is a sentimentalist, the film is more worshipful than your random E!",1,0,neutral,negative,1.7097371816635132,0.8246220350265503,0.7743646502494812
10,ZKW,"The movie is almost completely lacking in suspense, surprise and consistent emotional conviction.",0,0,negative,negative,1.9776551723480225,1.6349691152572632,0.8158689141273499
10,ZKW,"High Crimes knows the mistakes that bad movies make and is determined not to make them, and maybe that is nobility of a sort.",1,0,neutral,negative,1.0520938634872437,0.835732638835907,1.0050723552703857
10,ZKW,But it's too long and too convoluted and it ends in a muddle.,0,0,negative,negative,1.530503273010254,0.8537948727607727,0.6731594800949097
10,ZKW,This thing works on no level whatsoever for me.,0,0,negative,negative,1.5286667346954346,1.022395372390747,0.9376406073570251
10,ZKW,... a bland murder-on-campus yawner.,0,0,negative,negative,0.9170183539390564,0.7846620678901672,0.6969442963600159
10,ZKW,"One of the finest, most humane and important Holocaust movies ever made.",2,0,positive,negative,1.5606712102890015,1.067145586013794,0.894931972026825
10,ZKW,"Suffers from rambling, repetitive dialogue and the visual drabness endemic to digital video.",0,0,negative,negative,1.9192216396331787,1.2216224670410156,0.8037340044975281
10,ZKW,"The twist that ends the movie is the one with the most emotional resonance, but twists are getting irritating, and this is the kind of material where the filmmakers should be very careful about raising eyebrows.",1,2,neutral,positive,0.8052746653556824,0.7944217324256897,1.199049949645996
10,ZKW,"Angel presents events partly from the perspective of Aurelie and Christelle, and infuses the film with the sensibility of a particularly nightmarish fairytale.",1,0,neutral,negative,1.5629388093948364,0.8656471967697144,0.8099570870399475
10,ZKW,Features one of the most affecting depictions of a love affair ever committed to film.,2,0,positive,negative,1.89284348487854,1.4199413061141968,0.6187884211540222
10,ZKW,It is intensely personal and yet -- unlike Quills -- deftly shows us the temper of the times.,2,0,positive,negative,2.062774419784546,1.311617374420166,0.5475865006446838
10,ZKW,"Even as I valiantly struggled to remain interested, or at least conscious, I could feel my eyelids... getting... very... heavy...",0,0,negative,negative,1.6223862171173096,1.2094321250915527,0.8359641432762146
10,ZKW,"... a solid, well-formed satire.",2,2,positive,positive,0.8980473875999451,0.587306797504425,1.032272458076477
10,ZKW,Deserves high marks for political courage but barely gets by on its artistic merits.,1,0,neutral,negative,1.660549521446228,0.46138060092926025,0.8423475027084351
10,ZKW,Read My Lips is to be viewed and treasured for its extraordinary intelligence and originality as well as its lyrical variations on the game of love.,2,0,positive,negative,1.065549373626709,0.5179218649864197,0.7677858471870422
10,ZKW,"... creates a visceral sense of its characters' lives and conflicted emotions that carries it far above... what could have been a melodramatic, Lifetime Channel-style anthology.",1,0,neutral,negative,1.2830229997634888,0.7814359664916992,0.8532252311706543
10,ZKW,Reeks of rot and hack work from start to finish.,1,0,neutral,negative,1.727972149848938,1.155701756477356,0.8326396346092224
10,ZKW,Just how these families interact may surprise you.,1,0,neutral,negative,1.4578717947006226,0.48566001653671265,0.9077324271202087
10,ZKW,"The Movie is what happens when you blow up small potatoes to 10 times their natural size, and it ain't pretty.",0,0,negative,negative,1.2023695707321167,0.8847957849502563,0.9166508316993713
10,ZKW,"Even a hardened voyeur would require the patience of Job to get through this interminable, shapeless documentary about the swinging subculture.",0,0,negative,negative,1.4487216472625732,0.6592680215835571,0.8728127479553223
10,ZKW,"Creepy, authentic and dark.",1,1,neutral,neutral,0.49094483256340027,1.5787147283554077,0.7762910723686218
10,ZKW,A lame romantic comedy about an unsympathetic character and someone who would not likely be so stupid as to get involved with her.,0,0,negative,negative,1.2243669033050537,1.1027841567993164,0.9808775782585144
10,ZKW,"Rob Schneider's infantile cross-dressing routines fill The Hot Chick, the latest gimmick from this unimaginative comedian.",0,0,negative,negative,1.7667137384414673,1.1530481576919556,0.9185906648635864
10,ZKW,"The film is a contrivance, as artificial as the video games Japanese teens play in a nightclub sequence, but it's an enjoyable one.",1,0,neutral,negative,1.399178147315979,1.2977129220962524,0.9456838965415955
10,ZKW,"At its worst the screenplay is callow, but at its best it is a young artist's thoughtful consideration of fatherhood.",1,0,neutral,negative,1.5896143913269043,1.4641746282577515,0.9412002563476562
10,ZKW,At 78 minutes it just zings along with vibrance and warmth.,2,0,positive,negative,1.9186903238296509,1.643001914024353,0.8019461631774902
10,ZKW,"Only an epic documentary could get it all down, and Spike Lee's Jim Brown: All American at long last gives its subject a movie worthy of his talents.",2,0,positive,negative,1.4687049388885498,1.007746696472168,0.9064744114875793
10,ZKW,"As quiet, patient and tenacious as Mr. Lopez himself, who approaches his difficult, endless work with remarkable serenity and discipline.",2,0,positive,negative,1.490674376487732,1.0215940475463867,1.0096747875213623
10,ZKW,"Instead of hiding Pinocchio from critics, Miramax should have hidden it from everyone.",0,0,negative,negative,1.7552223205566406,1.0380220413208008,0.8915340304374695
10,ZKW,What a great shame that such a talented director as Chen Kaige has chosen to make his English-language debut with a film so poorly plotted and scripted.,0,0,negative,negative,1.3066860437393188,1.0012494325637817,0.9898380637168884
10,ZKW,Jeffs has created a breathtakingly assured and stylish work of spare dialogue and acute expressiveness.,2,0,positive,negative,1.7149343490600586,1.3883180618286133,0.8699667453765869
10,ZKW,"Just about the best straight-up, old-school horror film of the last 15 years.",2,0,positive,negative,1.7370920181274414,1.4228259325027466,0.7776399254798889
10,ZKW,"Gosling creates a staggeringly compelling character, a young man whose sharp intellect is at the very root of his contradictory, self-hating, self-destructive ways.",2,0,positive,negative,1.466018557548523,1.3061648607254028,0.9196734428405762
10,ZKW,"I thought the relationships were wonderful, the comedy was funny, and the love `real'.",2,0,positive,negative,1.9919307231903076,1.6733407974243164,0.5753417611122131
10,ZKW,Better at putting you to sleep than a sound machine.,0,0,negative,negative,2.0069782733917236,1.6881426572799683,0.6510023474693298
10,ZKW,Feels less like a cousin to Blade Runner than like a bottom-feeder sequel in the Escape From New York series.,0,0,negative,negative,1.5804749727249146,1.2347004413604736,1.046568512916565
10,ZKW,"Elegantly produced and expressively performed, the six musical numbers crystallize key plot moments into minutely detailed wonders of dreamlike ecstasy.",2,0,positive,negative,1.6743803024291992,1.3548479080200195,0.9910850524902344
10,ZKW,"Ultimate X is a ride, basically the kind of greatest-hits reel that might come with a subscription to ESPN the Magazine.",1,0,neutral,negative,1.694649577140808,1.6838066577911377,0.9323194622993469
10,ZKW,"Celebrated at Sundance, this slight comedy of manners has winning performances and a glossy, glib charm that's hard to beat.",2,0,positive,negative,1.7692302465438843,1.4917733669281006,0.6555344462394714
10,ZKW,"Apparently, romantic comedy with a fresh point of view just doesn't figure in the present Hollywood program.",0,0,negative,negative,1.7153810262680054,1.0826189517974854,0.8025997877120972
10,ZKW,That Haynes can both maintain and dismantle the facades that his genre and his character construct is a wonderous accomplishment of veracity and narrative grace.,2,0,positive,negative,1.6039422750473022,1.504749059677124,0.8476883769035339
10,ZKW,"Some elements of it really blow the big one, but other parts are decent.",1,0,neutral,negative,1.8193392753601074,1.2474873065948486,0.744264543056488
10,ZKW,"No French people were harmed during the making of this movie, but they were insulted and the audience was put through torture for an hour and a half.",0,1,negative,neutral,0.8869245052337646,1.507886528968811,0.8300440311431885
10,ZKW,"I was feeling this movie until it veered off too far into the Exxon zone, and left me behind at the station looking for a return ticket to realism.",0,1,negative,neutral,1.2513662576675415,1.3784394264221191,0.8364843726158142
10,ZKW,The simplicity of The Way Home has few equals this side of Aesop.,1,0,neutral,negative,1.9405463933944702,1.3814239501953125,0.9226847290992737
10,ZKW,Exceptionally well acted by Diane Lane and Richard Gere.,2,0,positive,negative,1.840286374092102,1.1215410232543945,0.7839259505271912
10,ZKW,"Dong shows how intolerance has the power to deform families, then tear them apart.",1,0,neutral,negative,1.5072087049484253,1.1660927534103394,0.8456965684890747
10,ZKW,"A stupid, derivative horror film that substitutes extreme gore for suspense.",0,0,negative,negative,2.033968210220337,1.9987998008728027,0.7058088183403015
10,ZKW,It's a great American adventure and a wonderful film to bring to IMAX.,2,0,positive,negative,1.8433631658554077,0.9330193400382996,0.8993622064590454
10,ZKW,It's 51 times better than this.,1,1,neutral,neutral,1.8426145315170288,1.8731207847595215,0.8339013457298279
10,ZKW,"It's like an old Warner Bros. costumer jived with sex -- this could be the movie Errol Flynn always wanted to make, though Bette Davis, cast as Joan, would have killed him.",1,1,neutral,neutral,1.0394420623779297,1.5859187841415405,0.90097576379776
10,ZKW,"A miraculous movie, I'm Going Home is so slight, yet overflows with wisdom and emotion.",2,0,positive,negative,1.7586560249328613,0.9383416771888733,0.7690334916114807
10,ZKW,"A fiercely clever and subtle film, capturing the precarious balance between the extravagant confidence of the exiled aristocracy and the cruel earnestness of the victorious revolutionaries.",2,1,positive,neutral,1.2502015829086304,1.467400074005127,0.8163528442382812
10,ZKW,"It's as if you're watching a movie that was made in 1978 but not released then because it was so weak, and it has been unearthed and released now, when it has become even weaker.",0,2,negative,positive,1.1866497993469238,1.0424011945724487,1.191448450088501
10,ZKW,Anemic chronicle of money grubbing New Yorkers and their serial loveless hook ups.,1,0,neutral,negative,1.842248797416687,1.2795805931091309,0.6534417271614075
10,ZKW,"Thanks to a small star with big heart, this family film sequel is plenty of fun for all.",2,0,positive,negative,1.5081652402877808,1.2002885341644287,0.5897828936576843
10,ZKW,And I've decided to leave a light on every night from now on.,1,0,neutral,negative,1.6020638942718506,1.583802580833435,0.63558030128479
10,ZKW,Festers in just such a dungpile that you'd swear you were watching monkeys flinging their feces at you.,0,0,negative,negative,1.5516704320907593,1.323612093925476,0.8159932494163513
10,ZKW,under-rehearsed and lifeless,0,1,negative,neutral,1.1471914052963257,1.2124607563018799,0.8398962616920471
10,ZKW,Exactly what you'd expect from a guy named Kaos.,1,0,neutral,negative,1.8704806566238403,1.4287407398223877,0.5658003687858582
10,ZKW,"If legendary shlockmeister Ed Wood had ever made a movie about a vampire, it probably would look a lot like this alarming production, adapted from Anne Rice's novel The Vampire Chronicles.",1,1,neutral,neutral,1.061517357826233,1.3099359273910522,0.9624332189559937
10,ZKW,"For those for whom the name Woody Allen was once a guarantee of something fresh, sometimes funny, and usually genuinely worthwhile, Hollywood Ending is a depressing experience.",0,1,negative,neutral,1.2760741710662842,1.4134241342544556,0.8040703535079956
10,ZKW,Bella is the picture of health with boundless energy until a few days before she dies.,1,0,neutral,negative,1.4420053958892822,0.8483467698097229,0.8729440569877625
10,ZKW,"The fun of the movie is the chance it affords to watch Jackson, who also served as executive producer, take his smooth, shrewd, powerful act abroad.",2,1,positive,neutral,1.0269333124160767,1.5643142461776733,0.7497958540916443
10,ZKW,What should have been a cutting Hollywood satire is instead about as fresh as last week's issue of Variety.,0,0,negative,negative,1.723081111907959,1.2896552085876465,0.8996500372886658
10,ZKW,"Cox offers plenty of glimpses at existing photos, but there are no movies of Nijinsky, so instead the director treats us to an aimless hodgepodge.",0,1,negative,neutral,1.2413173913955688,1.343940019607544,0.7145074605941772
10,ZKW,Aaliyah rarely dampens her diva persona enough to spark genuine chemistry with Townsend.,1,0,neutral,negative,1.8459367752075195,1.5974928140640259,0.7128919959068298
10,ZKW,Mr. Soderbergh's direction and visual style struck me as unusually and unimpressively fussy and pretentious.,0,0,negative,negative,1.8048115968704224,1.266788363456726,0.7218801379203796
10,ZKW,Mazel tov to a film about a family's joyous life acting on the Yiddish stage.,2,0,positive,negative,1.586336374282837,0.9415489435195923,0.7350833415985107
10,ZKW,... would be a total loss if not for two supporting performances taking place at the movie's edges.,1,0,neutral,negative,1.8494963645935059,1.6979106664657593,0.8401918411254883
10,ZKW,An inspiring and heart-affecting film about the desperate attempts of Vietnamese refugees living in U.S. relocation camps to keep their hopes alive in 1975.,2,0,positive,negative,1.2817656993865967,0.848357617855072,0.8783150911331177
10,ZKW,"Loud, chaotic and largely unfunny.",0,0,negative,negative,1.7121610641479492,1.1462801694869995,0.7812278866767883
10,ZKW,The immersive powers of the giant screen and its hyper-realistic images are put to perfect use in the breathtakingly beautiful outer-space documentary Space Station 3D.,2,1,positive,neutral,0.9696385264396667,1.7100666761398315,0.8332144618034363
10,ZKW,It's everything you don't go to the movies for.,0,1,negative,neutral,1.9212427139282227,2.122771739959717,0.6466169953346252
10,ZKW,"Harris is supposed to be the star of the story, but comes across as pretty dull and wooden.",1,1,neutral,neutral,1.6015868186950684,1.8544135093688965,0.9937546849250793
10,ZKW,Allen's funniest and most likeable movie in years.,2,0,positive,negative,1.5529025793075562,1.4928559064865112,0.8906364440917969
10,ZKW,"For those who pride themselves on sophisticated, discerning taste, this might not seem like the proper cup of tea, however it is almost guaranteed that even the stuffiest cinema goers will laugh their 1*** off for an hour-and-a-half.",2,1,positive,neutral,0.7131362557411194,2.3356821537017822,1.0203521251678467
10,ZKW,"There is a refreshing absence of cynicism in Stuart Little 2 -- quite a rarity, even in the family film market.",2,1,positive,neutral,1.227625846862793,1.5971254110336304,0.8535489439964294
10,ZKW,There are plot holes big enough for Shamu the killer whale to swim through.,0,1,negative,neutral,1.8576548099517822,1.9558533430099487,0.594991147518158
10,ZKW,... always remains movingly genuine.,2,1,positive,neutral,1.1872884035110474,2.273808717727661,1.1046926975250244
10,ZKW,"Stitch is a bad mannered, ugly and destructive little ****.",0,0,negative,negative,2.0821332931518555,1.9022349119186401,0.6745742559432983
10,ZKW,The cast is top-notch and I predict there will be plenty of female audience members drooling over Michael Idemoto as Michael.,2,1,positive,neutral,1.275820016860962,1.3156025409698486,1.0514603853225708
10,ZKW,Kirshner and Monroe seem to be in a contest to see who can out-bad-act the other.,0,0,negative,negative,1.6558773517608643,1.4591695070266724,0.7018231153488159
10,ZKW,This is one of those war movies that focuses on human interaction rather than battle and action sequences... and it's all the stronger because of it.,2,1,positive,neutral,1.4728833436965942,1.524798035621643,0.9964774250984192
10,ZKW,"Like life on the island, the movie grows boring despite the scenery.",0,1,negative,neutral,1.5284968614578247,1.731770634651184,0.7426639199256897
10,ZKW,It's anchored by splendid performances from an honored screen veteran and a sparkling newcomer who instantly transform themselves into a believable mother/daughter pair.,2,1,positive,neutral,1.2575280666351318,1.7250887155532837,1.1069693565368652
10,ZKW,An atonal estrogen opera that demonizes feminism while gifting the most sympathetic male of the piece with a nice vomit bath at his wedding.,0,1,negative,neutral,1.2959905862808228,1.8966166973114014,0.9044813513755798
10,ZKW,"Even by the intentionally low standards of frat-boy humor, Sorority Boys is a bowser.",0,1,negative,neutral,1.7575453519821167,1.8759595155715942,0.4777771234512329
10,ZKW,"Director of photography Benoit Delhomme shot the movie in delicious colors, and the costumes and sets are grand.",2,0,positive,negative,1.7384934425354004,1.4298758506774902,1.0408122539520264
10,ZKW,The only entertainment you'll derive from this choppy and sloppy affair will be from unintentional giggles -- several of them.,0,0,negative,negative,1.720711588859558,0.9810447096824646,0.725093424320221
10,ZKW,The film serves as a valuable time capsule to remind us of the devastating horror suffered by an entire people.,1,1,neutral,neutral,1.5087578296661377,1.5730775594711304,0.8045887351036072
10,ZKW,"A bittersweet contemporary comedy about benevolent deception, which, while it may not rival the filmmaker's period pieces, is still very much worth seeing.",2,1,positive,neutral,1.1993871927261353,1.7589435577392578,1.0658371448516846
10,ZKW,Attal pushes too hard to make this a comedy or serious drama.,0,0,negative,negative,1.6915203332901,1.6400588750839233,0.6117044687271118
10,ZKW,Isabelle Huppert excels as the enigmatic Mika and Anna Mouglalis is a stunning new young talent in one of Chabrol's most intense psychological mysteries.,2,1,positive,neutral,1.2282166481018066,1.7686609029769897,0.8956941366195679
10,ZKW,A small movie with a big impact.,2,0,positive,negative,1.4496514797210693,1.1329094171524048,1.1586302518844604
10,ZKW,This bold and lyrical first feature from Raja Amari expands the pat notion that middle-aged women just wanna have fun into a rousing treatise of sensual empowerment.,2,1,positive,neutral,1.1402791738510132,1.6045490503311157,0.7431444525718689
10,ZKW,Photographed with melancholy richness and eloquently performed yet also decidedly uncinematic.,1,0,neutral,negative,1.7323945760726929,1.4006506204605103,0.822997510433197
10,ZKW,"Hey Arnold! is now stretched to barely feature length, with a little more attention paid to the animation.",1,1,neutral,neutral,1.568527102470398,1.8598661422729492,0.8435497879981995
10,ZKW,"After that, it just gets stupid and maudlin.",0,1,negative,neutral,1.255009412765503,1.5939301252365112,0.816407322883606
10,ZKW,"The stunning, dreamlike visuals will impress even those viewers who have little patience for Euro-film pretension.",2,1,positive,neutral,1.6980613470077515,2.1887314319610596,0.6354019045829773
10,ZKW,"Plods along, minus the twisted humor and eye-popping visuals that have made Miike... a cult hero.",1,1,neutral,neutral,1.4927010536193848,1.5724488496780396,1.0665993690490723
10,ZKW,"Impresses as a skillfully assembled, highly polished and professional adaptation... just about as chilling and unsettling as `Manhunter' was.",2,1,positive,neutral,1.4460461139678955,1.83102285861969,0.8070262670516968
10,ZKW,"For the most part, it's a work of incendiary genius, steering clear of knee-jerk reactions and quick solutions.",2,0,positive,negative,1.6114060878753662,1.571112871170044,0.8490423560142517
10,ZKW,"It's badly acted, blandly directed, and could have been scripted by someone who just graduated from elementary school.",0,0,negative,negative,1.641770362854004,1.5852360725402832,0.6505332589149475
10,ZKW,"The sort of picture in which, whenever one of the characters has some serious soul searching to do, they go to a picture-perfect beach during sunset.",1,2,neutral,positive,0.859144389629364,0.9322675466537476,0.9927204251289368
10,ZKW,"Despite its raucous intent, XXX is as conventional as a Nike ad and as rebellious as spring break.",1,0,neutral,negative,1.518126130104065,1.2083193063735962,0.8420829176902771
10,ZKW,... a roller-coaster ride of a movie,2,1,positive,neutral,1.1911929845809937,2.1166796684265137,0.73825603723526
10,ZKW,"A colorful, vibrant introduction to a universal human impulse, lushly photographed and beautifully recorded.",2,0,positive,negative,1.5256128311157227,1.111630916595459,0.9302421808242798
10,ZKW,Audiard successfully maintains suspense on different levels throughout a film that is both gripping and compelling.,2,0,positive,negative,1.7628681659698486,1.4089487791061401,0.9920551180839539
10,ZKW,After that it becomes long and tedious like a classroom play in a college history course.,0,0,negative,negative,1.772654414176941,1.7687917947769165,0.8521632552146912
10,ZKW,"This is cool, slick stuff, ready to quench the thirst of an audience that misses the summer blockbusters.",2,0,positive,negative,1.6220970153808594,1.5372765064239502,0.6614375710487366
10,ZKW,"Blade II has a brilliant director and charismatic star, but it suffers from rampant vampire devaluation.",1,0,neutral,negative,1.817570447921753,1.6449428796768188,0.8478853702545166
10,ZKW,"A loud, ugly, irritating movie without any of its satirical salvos hitting a discernible target.",0,0,negative,negative,1.6773167848587036,1.4097963571548462,0.5725802779197693
10,ZKW,"For VeggieTales fans, this is more appetizing than a side dish of asparagus.",2,0,positive,negative,1.7558552026748657,1.4665063619613647,0.6623536944389343
10,ZKW,"While it regards 1967 as the key turning point of the 20th century, and returns again and again to images of dissidents in the streets, it's alarmingly current.",1,1,neutral,neutral,1.3737716674804688,1.6946649551391602,0.7702409625053406
10,ZKW,A truly wonderful tale combined with stunning animation.,2,1,positive,neutral,2.082566976547241,2.4350829124450684,0.6850008368492126
10,ZKW,"Nothing sticks, really, except a lingering creepiness one feels from being dragged through a sad, sordid universe of guns, drugs, avarice and damaged dreams.",0,1,negative,neutral,1.2819925546646118,1.4702644348144531,0.9635791778564453
10,ZKW,``Simone'' is a fun and funky look into an artificial creation in a world that thrives on artificiality.,2,1,positive,neutral,1.817004680633545,2.059403896331787,0.6962679028511047
10,ZKW,"It's a hoot watching The Rock chomp on jumbo ants, pull an arrow out of his back, and leap unscathed through raging fire!",2,1,positive,neutral,1.4293791055679321,1.4557204246520996,0.7770572900772095
10,ZKW,"While Tattoo borrows heavily from both Seven and The Silence of the Lambs, it manages to maintain both a level of sophisticated intrigue and human-scale characters that suck the audience in.",2,1,positive,neutral,1.0840104818344116,2.058060884475708,0.7575886249542236
10,ZKW,A portrait of an artist.,1,0,neutral,negative,1.3977288007736206,1.1456537246704102,1.0624547004699707
10,ZKW,"As written by Michael Berg and Michael J. Wilson from a story by Wilson, this relentless, all-wise-guys-all-the-time approach tries way too hard and gets tiring in no time at all.",0,0,negative,negative,1.0964359045028687,0.8984960913658142,0.9476476311683655
10,ZKW,"It's the best film of the year so far, the benchmark against which all other Best Picture contenders should be measured.",2,0,positive,negative,1.3221304416656494,1.0450186729431152,0.9230819344520569
10,ZKW,This is one of the biggest disappointments of the year.,0,0,negative,negative,1.1304877996444702,0.46292272210121155,1.0054330825805664
10,ZKW,It never fails to engage us.,2,1,positive,neutral,1.0840343236923218,1.4578373432159424,0.935516893863678
10,ZKW,"Denis forges out of the theories of class - based rage and sisterly obsession a razor-sided tuning fork that rings with cultural, sexual and social discord.",1,1,neutral,neutral,0.9177016019821167,1.009407639503479,0.9576203227043152
10,ZKW,The movie slides downhill as soon as macho action conventions assert themselves.,0,0,negative,negative,1.6150511503219604,0.8525977730751038,0.7294912934303284
10,ZKW,"More romantic, more emotional and ultimately more satisfying than the teary-eyed original.",2,0,positive,negative,1.760656476020813,1.1075817346572876,0.6273502111434937
10,ZKW,"Like the best of Godard's movies... it is visually ravishing, penetrating, impenetrable.",2,0,positive,negative,1.9638267755508423,1.6702206134796143,0.7971947193145752
10,ZKW,The cumulative effect of the movie is repulsive and depressing.,0,1,negative,neutral,1.24138605594635,1.7523530721664429,1.2519450187683105
10,ZKW,"Feels like nothing quite so much as a middle-aged moviemaker's attempt to surround himself with beautiful, half-naked women.",1,0,neutral,negative,1.549807071685791,1.2744065523147583,0.9039703011512756
10,ZKW,"A very long movie, dull in stretches, with entirely too much focus on meal preparation and igloo construction.",0,0,negative,negative,1.6268776655197144,0.8932968378067017,0.7662065625190735
10,ZKW,"In XXX, Diesel is that rare creature -- an action hero with table manners, and one who proves that elegance is more than tattoo deep.",2,0,positive,negative,1.1168612241744995,0.7671623229980469,0.895785391330719
10,ZKW,I'm not sure which will take longer to heal: the welt on Johnny Knoxville's stomach from a riot-control projectile or my own tortured psyche.,0,2,negative,positive,0.9711589813232422,0.7730507254600525,1.0654364824295044
10,ZKW,"While Serving Sara does have a long way to go before it reaches the level of crudity in the latest Austin Powers extravaganza, there's nothing here to match that movie's intermittent moments of inspiration.",1,1,neutral,neutral,0.9910849928855896,1.900839924812317,1.004782795906067
10,ZKW,"It's difficult to conceive of anyone who has reached puberty actually finding the characters in Slackers or their antics amusing, let alone funny.",0,1,negative,neutral,1.3338619470596313,1.5479216575622559,0.9787935018539429
10,ZKW,"It never is, not fully.",1,1,neutral,neutral,1.1802996397018433,1.5702859163284302,0.6417074799537659
10,ZKW,"Not only is Undercover Brother as funny, if not more so, than both Austin Powers films, but it's also one of the smarter, savvier spoofs to come along in some time.",2,0,positive,negative,1.3549683094024658,0.7584370970726013,0.908805787563324
10,ZKW,It should be mentioned that the set design and interiors of the haunted vessel are more than effectively creepy and moodily lit.,2,0,positive,negative,1.3403624296188354,1.1301307678222656,0.7877084612846375
10,ZKW,"With the exception of some fleetingly amusing improvisations by Cedric the Entertainer as Perry's boss, there isn't a redeeming moment here.",0,1,negative,neutral,1.4320632219314575,1.7466630935668945,0.6964002251625061
10,ZKW,It's a funny little movie with clever dialogue and likeable characters.,2,0,positive,negative,1.8209577798843384,1.6273874044418335,0.7558035254478455
10,ZKW,"``13 Conversations'' holds its goodwill close, but is relatively slow to come to the point.",1,0,neutral,negative,1.8680325746536255,1.8474212884902954,0.9025333523750305
10,ZKW,"Not the kind of film that will appeal to a mainstream American audience, but there is a certain charm about the film that makes it a suitable entry into the fest circuit.",2,0,positive,negative,1.1201010942459106,0.9819695353507996,0.927473247051239
10,ZKW,"You come away wishing, though, that the movie spent a lot less time trying to make a credible case for reports from the afterlife and a lot more time on the romantic urgency that's at the center of the story.",1,1,neutral,neutral,0.99034184217453,1.4915887117385864,0.9579903483390808
10,ZKW,The movie is virtually without context -- journalistic or historical.,0,0,negative,negative,1.4319047927856445,0.8595156073570251,0.9082264304161072
10,ZKW,"After sitting through this sloppy, made-for-movie comedy special, it makes me wonder if Lawrence hates criticism so much that he refuses to evaluate his own work.",0,1,negative,neutral,1.0518096685409546,1.493242859840393,0.8828598260879517
10,ZKW,Genuinely touching because it's realistic about all kinds of love.,2,1,positive,neutral,1.6642097234725952,2.2410502433776855,1.3045661449432373
10,ZKW,"For all the complications, it's all surprisingly predictable.",1,0,neutral,negative,1.636570692062378,1.25206458568573,0.8590399622917175
10,ZKW,"Armed with a game supporting cast, from the pitch-perfect Forster to the always hilarious Meara and Levy, Like Mike shoots and scores, doing its namesake proud.",2,1,positive,neutral,1.0370339155197144,1.9335492849349976,0.8626486659049988
10,ZKW,It will guarantee to have you leaving the theater with a smile on your face.,2,1,positive,neutral,1.5858391523361206,1.9476596117019653,0.9085705876350403
10,ZKW,"The misery of these people becomes just another voyeuristic spectacle, to be consumed and forgotten.",0,0,negative,negative,1.7350282669067383,1.674014925956726,0.6292824149131775
10,ZKW,"A thoroughly awful movie -- dumb, narratively chaotic, visually sloppy... a weird amalgam of `The Thing' and a geriatric `Scream.'",0,0,negative,negative,1.7187411785125732,1.3330246210098267,0.88266921043396
10,ZKW,"One of those staggeringly well-produced, joylessly extravagant pictures that keep whooshing you from one visual marvel to the next, hastily, emptily.",1,1,neutral,neutral,0.9250643849372864,1.219918966293335,1.0827078819274902
10,ZKW,"Measured against practically any like-themed film other than its Oscar-sweeping franchise predecessor The Silence of the Lambs, Red Dragon rates as an exceptional thriller.",2,0,positive,negative,1.34717857837677,1.1716316938400269,0.9393749833106995
10,ZKW,"The movie has no respect for laws, political correctness or common decency, but it displays something more important: respect for its flawed, crazy people.",1,0,neutral,negative,1.398437738418579,0.8971465229988098,0.9230476021766663
10,ZKW,"In a strange way, Egoyan has done too much.",1,1,neutral,neutral,1.4270679950714111,1.8732693195343018,0.4127746820449829
10,ZKW,"After seeing the film, I can tell you that there's no other reason why anyone should bother remembering it.",0,0,negative,negative,1.5174695253372192,1.0471858978271484,0.874106228351593
10,ZKW,The film is darkly funny in its observation of just how much more grueling and time-consuming the illusion of work is than actual work.,2,1,positive,neutral,1.1623456478118896,1.4077215194702148,1.0208535194396973
10,ZKW,"In some ways, Lagaan is quintessential Bollywood.",1,0,neutral,negative,1.5769121646881104,1.2152329683303833,1.0481765270233154
10,ZKW,"Pacino and Williams seem to keep upping the ante on each other, just as their characters do in the film.",2,0,positive,negative,1.4981658458709717,0.8569908142089844,0.9890303015708923
10,ZKW,"It would be disingenuous to call Reno a great film, but you can say that about most of the flicks moving in and out of the multiplex.",1,0,neutral,negative,1.284662127494812,1.1196138858795166,1.0006327629089355
10,ZKW,"Some movies can get by without being funny simply by structuring the scenes as if they were jokes: a setup, delivery and payoff.",1,0,neutral,negative,1.0794472694396973,0.9919808506965637,0.803392231464386
10,ZKW,Narc can only remind us of brilliant crime dramas without becoming one itself.,1,0,neutral,negative,1.547054409980774,0.7970232963562012,0.9196792244911194
10,ZKW,Narc is a no-bull throwback to 1970s action films.,2,1,positive,neutral,1.4075947999954224,1.9633829593658447,0.9717856049537659
10,ZKW,Intriguing and downright intoxicating.,2,1,positive,neutral,0.8342511653900146,1.3609471321105957,1.0195457935333252
10,ZKW,"The wonderful combination of the sweetness and the extraordinary technical accomplishments of the first film are maintained, but its overall impact falls a little flat with a storyline that never quite delivers the original magic.",1,1,neutral,neutral,1.1030468940734863,1.7841309309005737,0.8789955973625183
10,ZKW,Perhaps the most annoying thing about Who Is Cletis Tout? is that it's a crime movie made by someone who obviously knows nothing about crime.,0,0,negative,negative,1.2707706689834595,1.1162192821502686,0.8273286819458008
10,ZKW,"In addition to scoring high for originality of plot -- putting together familiar themes of family, forgiveness and love in a new way -- Lilo & Stitch has a number of other assets to commend it to movie audiences both innocent and jaded.",2,1,positive,neutral,0.8150778412818909,1.835035800933838,0.9483584761619568
10,ZKW,The quirky drama touches the heart and the funnybone thanks to the energetic and always surprising performance by Rachel Griffiths.,2,1,positive,neutral,1.5713634490966797,1.6734641790390015,0.8651544451713562
10,ZKW,"At its worst, it implodes in a series of very bad special effects.",0,0,negative,negative,1.5562893152236938,1.196169137954712,0.886953592300415
10,ZKW,Bad and baffling from the get-go.,0,0,negative,negative,1.5372339487075806,1.256158471107483,0.8284562230110168
10,ZKW,"The movie is a blast of educational energy, as bouncy animation and catchy songs escort you through the entire 85 minutes.",2,0,positive,negative,1.7876653671264648,1.6631677150726318,0.7634811997413635
10,ZKW,The original wasn't a good movie but this remake makes it look like a masterpiece!,0,1,negative,neutral,1.5041993856430054,1.8303433656692505,0.5559682250022888
10,ZKW,"To my taste, the film's comic characters come perilously close to being Amoses and Andys for a new generation.",1,1,neutral,neutral,1.3203972578048706,1.8186651468276978,0.5961155295372009
10,ZKW,"Although the sequel has all the outward elements of the original, the first film's lovely flakiness is gone, replaced by the forced funniness found in the dullest kiddie flicks.",0,1,negative,neutral,0.9965704679489136,1.5420806407928467,0.8364525437355042
10,ZKW,"The real charm of this trifle is the deadpan comic face of its star, Jean Reno, who resembles Sly Stallone in a hot sake half-sleep.",1,1,neutral,neutral,0.7521165609359741,1.7691634893417358,0.7451427578926086
10,ZKW,"... a cute and sometimes side-splittingly funny blend of Legally Blonde and Drop Dead Gorgeous, starring Piper Perabo in what could be her breakthrough role.",2,1,positive,neutral,0.565101683139801,1.5657858848571777,0.6943271160125732
10,ZKW,"This method almost never fails him, and it works superbly here.",2,0,positive,negative,1.6479638814926147,1.3647714853286743,0.3461531102657318
10,ZKW,Few films capture so perfectly the hopes and dreams of little boys on baseball fields as well as the grown men who sit in the stands.,2,0,positive,negative,1.2614141702651978,1.1643606424331665,0.8972057700157166
10,ZKW,Steers has an unexpectedly adamant streak of warm-blooded empathy for all his disparate Manhattan denizens -- especially the a**holes.,1,1,neutral,neutral,1.3005317449569702,1.3949155807495117,0.5655223727226257
10,ZKW,"The Emperor's Club is one of those films that possesses all the good intentions in the world, but...",1,0,neutral,negative,1.5373588800430298,1.377672791481018,0.6883716583251953
10,ZKW,The most compelling performance of the year adds substantial depth to this shocking testament to anti-Semitism and neo-fascism.,2,1,positive,neutral,1.4965475797653198,1.4993560314178467,0.6350015997886658
10,ZKW,"LaBute can't avoid a fatal mistake in the modern era: He's changed the male academic from a lower-class Brit to an American, a choice that upsets the novel's exquisite balance and shreds the fabric of the film.",1,1,neutral,neutral,0.9973444938659668,2.3014535903930664,0.7577084898948669
10,ZKW,A biopic about Crane's life in the classic tradition but evolves into what has become of us all in the era of video.,1,1,neutral,neutral,1.5549139976501465,1.7035218477249146,0.6233103275299072
10,ZKW,"A work of extraordinary journalism, but it is also a work of deft and subtle poetry.",2,1,positive,neutral,1.7790813446044922,2.1623151302337646,0.6992095708847046
10,ZKW,... think of it as American Pie On Valium.,1,1,neutral,neutral,1.8331583738327026,1.8769490718841553,0.469240665435791
10,ZKW,Gere gives a good performance in a film that doesn't merit it.,1,0,neutral,negative,1.307151198387146,1.2013412714004517,0.40730464458465576
10,ZKW,The Pianist is Polanski's best film.,2,0,positive,negative,1.152470350265503,0.9867151379585266,0.8386786580085754
10,ZKW,Maybe Thomas Wolfe was right: You can't go home again.,1,0,neutral,negative,1.6539082527160645,1.4239803552627563,0.6645402312278748
10,ZKW,"The director, with his fake backdrops and stately pacing, never settles on a consistent tone.",0,1,negative,neutral,1.829429030418396,2.0959596633911133,0.7052132487297058
10,ZKW,"Why he was given free reign over this project -- he wrote, directed, starred and produced -- is beyond me.",0,1,negative,neutral,1.5411748886108398,1.8310418128967285,0.6555752158164978
10,ZKW,"If you enjoy being rewarded by a script that assumes you aren't very bright, then Blood Work is for you.",0,1,negative,neutral,1.4816101789474487,1.5210055112838745,0.7305778861045837
10,ZKW,"Like Rudy Yellow Lodge, Eyre needs to take a good sweat to clarify his cinematic vision before his next creation and remember the lessons of the trickster spider.",0,1,negative,neutral,0.9334551692008972,1.6011713743209839,0.8781598210334778
10,ZKW,But his showboating wise-cracker stock persona sure is getting old.,1,0,neutral,negative,1.443006157875061,1.0442615747451782,0.5192844867706299
10,ZKW,"Circuit queens won't learn a thing, they'll be too busy cursing the film's strategically placed white sheets.",1,0,neutral,negative,1.583950161933899,1.4892187118530273,0.6500969529151917
10,ZKW,"A lot of talent is wasted in this crass, low-wattage endeavor.",0,1,negative,neutral,1.83930242061615,2.1135051250457764,0.6707794070243835
10,ZKW,"Alain Choquart's camera barely stops moving, portraying both the turmoil of the time and giving Conduct a perpetual sense of urgency, which, for a film that takes nearly three hours to unspool, is both funny and irritating.",1,1,neutral,neutral,0.899258553981781,2.015878677368164,0.8772231340408325
10,ZKW,The second coming of Harry Potter is a film far superior to its predecessor.,2,0,positive,negative,1.5890861749649048,1.1186747550964355,0.6881840825080872
10,ZKW,This stuck pig of a movie flails limply between bizarre comedy and pallid horror.,0,1,negative,neutral,1.6201485395431519,1.862825870513916,0.50056391954422
10,ZKW,"The film just might turn on many people to opera, in general, an art form at once visceral and spiritual, wonderfully vulgar and sublimely lofty -- and as emotionally grand as life.",2,1,positive,neutral,0.9735339879989624,1.9908525943756104,0.7852837443351746
10,ZKW,"The delicious trimmings... arrive early and stay late, filling nearly every minute... with a lighthearted glow, some impudent snickers, and a glorious dose of humankind's liberating ability to triumph over a Scrooge or two.",2,1,positive,neutral,0.8638811111450195,2.2250912189483643,0.6982161402702332
10,ZKW,"The inhospitability of the land emphasizes the spare precision of the narratives and helps to give them an atavistic power, as if they were tales that had been handed down since the beginning of time.",1,1,neutral,neutral,0.7040640711784363,2.375666618347168,0.7000419497489929
10,ZKW,Even more baffling is that it's funny.,1,0,neutral,negative,1.6609071493148804,1.2317954301834106,0.5050174593925476
10,ZKW,"Parker should be commended for taking a fresh approach to familiar material, but his determination to remain true to the original text leads him to adopt a somewhat mannered tone... that ultimately dulls the human tragedy at the story's core.",1,1,neutral,neutral,0.9016004204750061,2.2853453159332275,0.792739748954773
10,ZKW,"Hard, endearing, caring, warm.",2,1,positive,neutral,0.9048942923545837,2.7564001083374023,0.7116749882698059
10,ZKW,"I have no problem with ``difficult'' movies, or movies that ask the audience to meet them halfway and connect the dots instead of having things all spelled out.",1,1,neutral,neutral,1.0932358503341675,1.5572818517684937,0.8921316266059875
10,ZKW,The way Coppola professes his love for movies -- both colorful pop junk and the classics that unequivocally qualify as art -- is giddily entertaining.,2,1,positive,neutral,1.0978114604949951,1.2902066707611084,0.8675393462181091
10,ZKW,Both the crime story and the love story are unusual.,1,0,neutral,negative,1.5240534543991089,1.0225797891616821,0.49567458033561707
10,ZKW,It's never a good sign when a film's star spends the entirety of the film in a coma.,0,0,negative,negative,1.4667800664901733,1.3436346054077148,0.6931595206260681
10,ZKW,A creaky staircase gothic.,1,1,neutral,neutral,1.687379002571106,1.9936716556549072,0.5557456016540527
10,ZKW,"If there's a way to effectively teach kids about the dangers of drugs, I think it's in projects like the (unfortunately R-rated) Paid.",1,1,neutral,neutral,1.1455154418945312,1.7722159624099731,0.7703399658203125
10,ZKW,"If you're a WWF fan, or you related to the people who watched the robots getting butchered in A.I., you'll probably like Rollerball.",1,1,neutral,neutral,1.1347861289978027,1.2631421089172363,0.8492029309272766
10,ZKW,Norton holds the film together.,1,1,neutral,neutral,0.7259092926979065,2.0802366733551025,0.7244006395339966
10,ZKW,It won't bust your gut -- and it's not intended to -- it's merely a blandly cinematic surgical examination of what makes a joke a joke.,1,1,neutral,neutral,1.4889661073684692,1.7557767629623413,0.5854379534721375
10,ZKW,Largely a for-fans artifact.,1,1,neutral,neutral,0.6644051671028137,2.4237592220306396,0.947167694568634
10,ZKW,A movie so bad that it quickly enters the pantheon of wreckage that includes Battlefield Earth and Showgirls.,0,0,negative,negative,1.6963759660720825,1.6822901964187622,0.7696018815040588
10,ZKW,"If you're over 25, have an IQ over 90, and have a driver's license, you should be able to find better entertainment.",0,1,negative,neutral,1.5234960317611694,1.7012953758239746,0.5420927405357361
10,ZKW,A solid piece of journalistic work that draws a picture of a man for whom political expedience became a deadly foreign policy.,1,0,neutral,negative,1.605371117591858,1.5727624893188477,0.8667938113212585
10,ZKW,"The doofus-on-the-loose banter of Welcome to Collinwood has a cocky, after-hours loopiness to it.",1,0,neutral,negative,1.7925636768341064,1.2090708017349243,0.5197799801826477
10,ZKW,It's the funniest American comedy since Graffiti Bridge.,2,1,positive,neutral,1.8864442110061646,2.510611057281494,1.0163698196411133
10,ZKW,Samuel Beckett applied to the Iranian voting process.,1,1,neutral,neutral,1.8775473833084106,1.9800390005111694,1.126349687576294
10,ZKW,A strangely compelling and brilliantly acted psychological drama.,2,1,positive,neutral,1.646026611328125,2.127840995788574,0.9712050557136536
10,ZKW,"Often gruelling and heartbreaking to witness, but Seldahl and Wollter's sterling performances raise this far above the level of the usual maudlin disease movie.",2,1,positive,neutral,1.0998954772949219,2.1328670978546143,1.3365259170532227
10,ZKW,"This enthralling documentary... is at once playful and haunting, an in-depth portrait of an iconoclastic artist who was fundamentally unknowable even to his closest friends.",2,1,positive,neutral,1.364113450050354,1.998960256576538,1.4465514421463013
10,ZKW,"I didn't laugh at the ongoing efforts of Cube, and his skinny buddy Mike Epps, to make like Laurel and Hardy'n the hood.",0,1,negative,neutral,1.7646677494049072,2.2912659645080566,1.2050503492355347
10,ZKW,"At its best when the guarded, resentful Betty and the manipulative yet needy Margot are front and center.",1,1,neutral,neutral,1.5524682998657227,2.1989598274230957,1.191497564315796
10,ZKW,Ford deserves to be remembered at Oscar time for crafting this wonderful portrait of a conflicted soldier.,2,1,positive,neutral,1.9523825645446777,1.9783178567886353,0.9979647994041443
10,ZKW,"That is essentially what's missing from Blackboards -- the sense of something bigger, some ultimate point.",1,1,neutral,neutral,2.265698194503784,2.303849697113037,1.2876477241516113
10,ZKW,"It's a bizarre curiosity memorable mainly for the way it fritters away its potentially interesting subject matter via a banal script, unimpressive acting and indifferent direction.",1,1,neutral,neutral,1.269822359085083,2.0733041763305664,1.282952904701233
10,ZKW,"While obviously an extremely personal work, it remains inextricably stuck in an emotionally unavailable rut.",1,1,neutral,neutral,2.1079487800598145,2.1233389377593994,1.0191603899002075
10,ZKW,"A dim-witted and lazy spin-off of the Animal Planet documentary series, Crocodile Hunter is entertainment opportunism at its most glaring.",0,1,negative,neutral,1.607946753501892,2.1026952266693115,1.1758310794830322
10,ZKW,"The good is very, very good... The rest runs from mildly unimpressive to despairingly awful.",1,1,neutral,neutral,1.6355890035629272,1.8379085063934326,1.311288833618164
10,ZKW,"Methodical, measured, and gently tedious in its comedy, Secret Ballot is a purposefully reductive movie -- which may be why it's so successful at lodging itself in the brain.",2,1,positive,neutral,1.1329632997512817,2.4296929836273193,1.1030254364013672
10,ZKW,One of the most exciting action films to come out of China in recent years.,2,1,positive,neutral,1.8069665431976318,2.2507054805755615,1.0911920070648193
10,ZKW,Adam Sandler's Eight Crazy Nights grows on you -- like a rash.,0,1,negative,neutral,1.3277161121368408,1.7840300798416138,1.0039303302764893
10,ZKW,"The film feels formulaic, its plot and pacing typical Hollywood war-movie stuff, while the performances elicit more of a sense of deja vu than awe.",0,1,negative,neutral,1.1848076581954956,2.119037389755249,1.3703678846359253
10,ZKW,"... pitiful, slapdash disaster.",0,1,negative,neutral,1.5815016031265259,1.841821312904358,1.2232965230941772
10,ZKW,"As it stands, there's some fine sex onscreen, and some tense arguing, but not a whole lot more.",1,1,neutral,neutral,1.3426061868667603,1.6090233325958252,0.8955641388893127
10,ZKW,It's neither as romantic nor as thrilling as it should be.,0,1,negative,neutral,1.2097939252853394,1.718367338180542,1.1115100383758545
10,ZKW,Returning director Rob Minkoff... and screenwriter Bruce Joel Rubin... have done a fine job of updating White's dry wit to a new age.,2,1,positive,neutral,1.1949615478515625,1.9645695686340332,1.2092756032943726
10,ZKW,"The Venezuelans say things like ``si, pretty much'' and ``por favor, go home'' when talking to Americans.",1,1,neutral,neutral,1.7297102212905884,2.243838310241699,1.0945366621017456
10,ZKW,"If you already like this sort of thing, this is that sort of thing all over again.",1,1,neutral,neutral,1.4113818407058716,1.951690912246704,0.7489422559738159
10,ZKW,An awful movie that will only satisfy the most emotionally malleable of filmgoers.,0,1,negative,neutral,1.9811564683914185,2.200333595275879,1.0634568929672241
10,ZKW,"This is an extraordinary film, not least because it is Japanese and yet feels universal.",2,1,positive,neutral,1.661281943321228,1.9478650093078613,1.065419316291809
10,ZKW,"Aptly named, this shimmering, beautifully costumed and filmed production doesn't work for me.",1,1,neutral,neutral,1.7610310316085815,2.128962755203247,0.9609013795852661
10,ZKW,"If Borstal Boy isn't especially realistic, it is an engaging nostalgia piece.",1,1,neutral,neutral,2.006779432296753,2.212134838104248,1.3494404554367065
10,ZKW,Griffiths proves she's that rare luminary who continually raises the standard of her profession.,2,0,positive,negative,1.7540472745895386,1.665926218032837,0.9146905541419983
10,ZKW,"The asylum material is gripping, as are the scenes of Jia with his family.",2,1,positive,neutral,1.7169486284255981,2.0405538082122803,0.9508512616157532
10,ZKW,"... by the time it's done with us, Mira Nair's new movie has its audience giddy with the delight of discovery, of having been immersed in a foreign culture only to find that human nature is pretty much the same all over.",2,1,positive,neutral,0.9335281848907471,2.047961950302124,1.3231120109558105
10,ZKW,... about as exciting to watch as two last-place basketball teams playing one another on the final day of the season.,0,1,negative,neutral,1.5557833909988403,1.660483956336975,1.1243788003921509
10,ZKW,Girls gone wild and gone civil again,1,1,neutral,neutral,1.5310388803482056,2.265791893005371,1.137230634689331
10,ZKW,To say Analyze That is De Niro's best film since Meet the Parents sums up the sad state of his recent career.,1,1,neutral,neutral,1.4505386352539062,1.6912554502487183,1.0422102212905884
10,ZKW,"Like being trapped inside a huge video game, where exciting, inane images keep popping past your head and the same illogical things keep happening over and over again.",1,1,neutral,neutral,1.3771705627441406,2.0475471019744873,1.3996555805206299
10,ZKW,`Enigma' is the kind of engaging historical drama that Hollywood appears to have given up on in favor of sentimental war movies in the vein of `We Were Soldiers.',1,1,neutral,neutral,1.0746655464172363,1.8676584959030151,1.388919711112976
10,ZKW,The Rock has a great presence but one battle after another is not the same as one battle followed by killer CGI effects.,1,1,neutral,neutral,1.4508761167526245,2.0319137573242188,1.0754151344299316
10,ZKW,Visually sumptuous but intellectually stultifying.,1,1,neutral,neutral,1.6610912084579468,2.3865115642547607,1.051569938659668
10,ZKW,"So young, so smart, such talent, such a wise ***.",2,1,positive,neutral,1.9298465251922607,2.0640764236450195,0.9171801209449768
10,ZKW,"The problem is that for the most part, the film is deadly dull.",0,1,negative,neutral,2.2804250717163086,2.4566314220428467,1.1584510803222656
10,ZKW,A thinly veiled look at different aspects of Chinese life clashing with each other.,1,0,neutral,negative,1.8048018217086792,1.7179611921310425,0.7123255729675293
10,ZKW,An exhilarating experience.,2,1,positive,neutral,1.8790051937103271,2.157499074935913,1.386644959449768
10,ZKW,Its vision of that awkward age when sex threatens to overwhelm everything else is acute enough to make everyone who has been there squirm with recognition.,1,1,neutral,neutral,0.9960406422615051,2.03245210647583,1.1182273626327515
10,ZKW,Remarkably accessible and affecting.,2,1,positive,neutral,1.0481144189834595,1.6815096139907837,1.4907805919647217
10,ZKW,"The climactic events are so well realized that you may forget all about the original conflict, just like the movie does.",1,1,neutral,neutral,1.7227365970611572,2.1444578170776367,0.9833039045333862
10,ZKW,Distinctly sub-par... more likely to drown a viewer in boredom than to send any shivers down his spine.,0,1,negative,neutral,1.6222538948059082,1.9913544654846191,0.8785440325737
10,ZKW,Godard's ode to tackling life's wonderment is a rambling and incoherent manifesto about the vagueness of topical excess... In Praise of Love remains a ponderous and pretentious endeavor that's unfocused and tediously exasperating.,0,1,negative,neutral,1.4260975122451782,2.3367819786071777,1.3795950412750244
10,ZKW,"We never truly come to care about the main characters and whether or not they'll wind up together, and Michele's spiritual quest is neither amusing nor dramatic enough to sustain interest.",0,1,negative,neutral,0.9491652846336365,2.2752974033355713,1.1569476127624512
10,ZKW,"Most haunting about ``Fence'' is its conclusion, when we hear the ultimate fate of these girls and realize, much to our dismay, that this really did happen.",2,1,positive,neutral,1.3441872596740723,2.0746822357177734,0.970473051071167
10,ZKW,"Bogdanovich taps deep into the Hearst mystique, entertainingly reenacting a historic scandal.",2,0,positive,negative,1.7858647108078003,1.6316235065460205,0.7588248252868652
10,ZKW,"Peralta's mythmaking could have used some informed, adult hindsight.",1,1,neutral,neutral,2.0118510723114014,2.653317928314209,0.6251018047332764
10,ZKW,"``My god, I'm behaving like an idiot!''",1,1,neutral,neutral,1.5723148584365845,1.6941860914230347,1.3095816373825073
10,ZKW,"Devos and Cassel have tremendous chemistry -- their sexual and romantic tension, while never really vocalized, is palpable.",2,1,positive,neutral,1.8992420434951782,1.998460054397583,0.9617357850074768
10,ZKW,"As a girl-meets-girl romantic comedy, Kissing Jessica Steinis quirky, charming and often hilarious.",2,1,positive,neutral,1.7601450681686401,2.5625603199005127,1.0067837238311768
10,ZKW,Gollum's `performance' is incredible!,2,1,positive,neutral,1.6478016376495361,2.5055642127990723,1.216141700744629
10,ZKW,"... a haunting vision, with images that seem more like disturbing hallucinations.",0,1,negative,neutral,2.066795825958252,2.3454694747924805,0.6938986778259277
10,ZKW,"As a remake, it's a pale imitation.",0,1,negative,neutral,2.2132582664489746,2.352344036102295,1.276036262512207
10,ZKW,Adults will certainly want to spend their time in the theater thinking up grocery lists and ways to tell their kids how not to act like Pinocchio.,1,1,neutral,neutral,1.4414212703704834,1.7230730056762695,1.1715326309204102
10,ZKW,"Not as distinctive or even as humorous as its needs to be to stand out, but it has clearly been made with affection and care.",1,1,neutral,neutral,1.9288854598999023,2.1497108936309814,0.9424262642860413
10,ZKW,A generic family comedy unlikely to be appreciated by anyone outside the under-10 set.,0,1,negative,neutral,1.999413251876831,2.1122162342071533,0.892245352268219
10,ZKW,"An amalgam of The Fugitive, Blade Runner, and Total Recall, only without much energy or tension.",1,1,neutral,neutral,2.1298816204071045,2.376690149307251,0.8866879940032959
10,ZKW,"Everything its title implies, a standard-issue crime drama spat out from the Tinseltown assembly line.",1,0,neutral,negative,2.0393011569976807,1.9286454916000366,0.9470868706703186
10,ZKW,"This odd, poetic road movie, spiked by jolts of pop music, pretty much takes place in Morton's ever-watchful gaze -- and it's a tribute to the actress, and to her inventive director, that the journey is such a mesmerizing one.",2,1,positive,neutral,1.3025813102722168,2.358400821685791,1.2742879390716553
10,ZKW,"Co-writer/director Jonathan Parker's attempts to fashion a Brazil-like, hyper-real satire fall dreadfully short.",0,0,negative,negative,1.8724339008331299,1.7079408168792725,1.1505788564682007
10,ZKW,"An amateurish, quasi-improvised acting exercise shot on ugly digital video.",0,1,negative,neutral,1.9291894435882568,2.058145761489868,1.0740559101104736
10,ZKW,"``The Kid Stays in the Picture'' is a great story, terrifically told by the man who wrote it but this Cliff Notes edition is a cheat.",1,1,neutral,neutral,1.4897371530532837,2.348792552947998,1.2486306428909302
10,ZKW,"A gratingly unfunny groaner littered with zero-dimensional, unlikable characters and hackneyed, threadbare comic setups.",0,1,negative,neutral,1.8931471109390259,1.9377106428146362,1.000885009765625
10,ZKW,"While this gentle and affecting melodrama will have luvvies in raptures, it's far too slight and introspective to appeal to anything wider than a niche audience.",1,1,neutral,neutral,1.4661359786987305,1.8764846324920654,1.2238950729370117
10,ZKW,Griffin & Co. manage to be spectacularly outrageous.,2,1,positive,neutral,1.5686982870101929,1.8744875192642212,1.0234055519104004
10,ZKW,"A profoundly stupid affair, populating its hackneyed and meanspirited storyline with cardboard characters and performers who value cash above credibility.",0,1,negative,neutral,1.7730764150619507,2.037766456604004,1.0675722360610962
10,ZKW,"Warm Water Under a Red Bridge is a quirky and poignant Japanese film that explores the fascinating connections between women, water, nature, and sexuality.",2,1,positive,neutral,1.481247067451477,2.1760737895965576,1.1117210388183594
10,ZKW,It isn't that Stealing Harvard is a horrible movie -- if only it were that grand a failure!,0,1,negative,neutral,1.6121309995651245,1.947685956954956,1.101855754852295
10,ZKW,It just doesn't have much else... especially in a moral sense.,1,0,neutral,negative,2.2530643939971924,2.212552547454834,0.9749879837036133
10,ZKW,Those unfamiliar with Mormon traditions may find The Singles Ward occasionally bewildering.,1,1,neutral,neutral,2.012425661087036,2.3012535572052,0.8294028639793396
10,ZKW,"Viewed as a comedy, a romance, a fairy tale, or a drama, there's nothing remotely triumphant about this motion picture.",1,1,neutral,neutral,1.94148850440979,2.2629616260528564,0.95009446144104
10,ZKW,"But the talented cast alone will keep you watching, as will the fight scenes.",2,0,positive,negative,2.186227321624756,2.136237382888794,0.7654840350151062
10,ZKW,It's solid and affecting and exactly as thought-provoking as it should be.,2,1,positive,neutral,1.827215552330017,1.8824830055236816,0.9818863272666931
10,ZKW,"Thanks largely to Williams, all the interesting developments are processed in 60 minutes -- the rest is just an overexposed waste of film.",0,1,negative,neutral,1.582527756690979,1.9963709115982056,1.3782968521118164
10,ZKW,"Cantet perfectly captures the hotel lobbies, two-lane highways, and roadside cafes that permeate Vincent's days",2,1,positive,neutral,1.6313745975494385,2.087682008743286,1.0357511043548584
10,ZKW,"An important movie, a reminder of the power of film to move us and to make us examine our values.",2,1,positive,neutral,1.7534325122833252,1.8403677940368652,1.1921522617340088
10,ZKW,"Too much of this well-acted but dangerously slow thriller feels like a preamble to a bigger, more complicated story, one that never materializes.",0,1,negative,neutral,1.8623474836349487,2.0936501026153564,0.9133349657058716
10,ZKW,A richly imagined and admirably mature work from a gifted director who definitely has something on his mind.,2,1,positive,neutral,2.002258062362671,2.198707103729248,1.0102229118347168
10,ZKW,"The art direction is often exquisite, and the anthropomorphic animal characters are beautifully realized through clever makeup design, leaving one to hope that the eventual DVD release will offer subtitles and the original Italian-language soundtrack.",2,1,positive,neutral,1.3854862451553345,2.747774362564087,1.096006155014038
10,ZKW,"... Jones, despite a definitely distinctive screen presence, just isn't able to muster for a movie that, its title notwithstanding, should have been a lot nastier if it wanted to fully capitalize on its lead's specific gifts.",1,1,neutral,neutral,1.033126711845398,2.1786086559295654,1.2562909126281738
10,ZKW,But what's nice is that there's a casual intelligence that permeates the script.,2,0,positive,negative,1.7018333673477173,1.624028205871582,0.8065113425254822
10,ZKW,Wedding feels a bit anachronistic.,0,1,negative,neutral,1.23067045211792,2.661242961883545,1.9502410888671875
10,ZKW,"An action/thriller of the finest kind, evoking memories of Day of the Jackal, The French Connection, and Heat.",2,1,positive,neutral,1.890094518661499,2.2383737564086914,0.9566675424575806
10,ZKW,"This picture is murder by numbers, and as easy to be bored by as your ABC's, despite a few whopping shootouts.",0,1,negative,neutral,1.4892544746398926,1.6520793437957764,0.8870142102241516
10,ZKW,"Every individual will see the movie through the prism of his or her own beliefs and prejudices, but the one thing most will take away is the sense that peace is possible.",2,1,positive,neutral,1.4561561346054077,2.145184278488159,1.1475282907485962
10,ZKW,"Feels slight, as if it were an extended short, albeit one made by the smartest kids in class.",1,1,neutral,neutral,1.613182544708252,1.7750550508499146,1.1351847648620605
10,ZKW,The picture doesn't know it's a comedy.,1,1,neutral,neutral,1.53541898727417,1.9650837182998657,1.247860074043274
10,ZKW,A classy item by a legend who may have nothing left to prove but still has the chops and drive to show how its done.,2,1,positive,neutral,1.4121721982955933,2.0866549015045166,1.207351565361023
10,ZKW,"Starts out mediocre, spirals downward, and thuds to the bottom of the pool with an utterly incompetent conclusion.",0,1,negative,neutral,1.859109878540039,1.91600501537323,1.2044657468795776
10,ZKW,The sort of movie that gives tastelessness a bad rap.,0,1,negative,neutral,1.951135516166687,2.0066182613372803,0.7846577167510986
10,ZKW,Its engaging simplicity is driven by appealing leads.,2,0,positive,negative,2.091381549835205,2.025218963623047,0.9512467980384827
10,ZKW,"Fans of the TV series will be disappointed, and everyone else will be slightly bored.",1,1,neutral,neutral,2.15665864944458,2.3234825134277344,0.8877465128898621
10,ZKW,"It's a head-turner -- thoughtfully written, beautifully read and, finally, deeply humanizing.",2,0,positive,negative,1.9347795248031616,1.8726601600646973,1.0141576528549194
10,ZKW,"It's not a particularly good film, but neither is it a monsterous one.",1,1,neutral,neutral,1.966209053993225,2.4528489112854004,1.0167254209518433
10,ZKW,Men in Black II achieves ultimate insignificance -- it's the sci-fi comedy spectacle as Whiffle-Ball epic.,0,1,negative,neutral,1.8307822942733765,1.9506313800811768,1.0348962545394897
10,ZKW,Martyr gets royally screwed and comes back for more.,1,1,neutral,neutral,1.746459722518921,2.198237419128418,0.8425248265266418
11,ZMG,Presents a good case while failing to provide a reason for us to care beyond the very basic dictums of human decency.,1,1,neutral,neutral,-1.250199794769287,-0.6640951633453369,-0.9080796241760254
11,ZMG,"Beautifully crafted, engaging filmmaking that should attract upscale audiences hungry for quality and a nostalgic, twisty yarn that will keep them guessing.",2,1,positive,neutral,-1.2939010858535767,-0.6380952000617981,-0.8359642624855042
11,ZMG,"Bread, My Sweet has so many flaws it would be easy for critics to shred it.",0,1,negative,neutral,-1.2888381481170654,-0.7356950640678406,-0.9367567896842957
11,ZMG,"Slow, silly and unintentionally hilarious.",1,1,neutral,neutral,-1.0733007192611694,-0.8127758502960205,-1.0031933784484863
11,ZMG,"Ultimately feels empty and unsatisfying, like swallowing a Communion wafer without the wine.",0,1,negative,neutral,-1.2109113931655884,-0.8361692428588867,-1.058920979499817
11,ZMG,Exudes the fizz of a Busby Berkeley musical and the visceral excitement of a sports extravaganza.,2,1,positive,neutral,-1.2364290952682495,-0.7019037008285522,-0.9093577265739441
11,ZMG,The film rehashes several old themes and is capped with pointless extremes -- it's insanely violent and very graphic.,0,1,negative,neutral,-1.0857809782028198,-0.7056379318237305,-0.9000646471977234
11,ZMG,"Ryan Gosling is, in a word, brilliant as the conflicted Daniel.",2,1,positive,neutral,-1.2722750902175903,-0.8162417411804199,-1.014075517654419
11,ZMG,"If Deuces Wild had been tweaked up a notch it would have become a camp adventure, one of those movies that's so bad it starts to become good.",1,1,neutral,neutral,-1.292789340019226,-0.6489799618721008,-0.9424059987068176
11,ZMG,The film's stagecrafts are intimate and therefore bolder than the otherwise calculated artifice that defines and overwhelms the film's production design.,1,1,neutral,neutral,-1.3363354206085205,-0.6588617563247681,-0.9397736191749573
11,ZMG,"Frida is certainly no disaster, but neither is it the Kahlo movie Frida fans have been looking for.",1,1,neutral,neutral,-1.2111340761184692,-0.7385092377662659,-0.952467679977417
11,ZMG,The film often achieves a mesmerizing poetry.,2,1,positive,neutral,-1.2209751605987549,-0.7617671489715576,-0.97765052318573
11,ZMG,A work of astonishing delicacy and force.,2,1,positive,neutral,-1.4001009464263916,-0.8560153245925903,-0.9913098216056824
11,ZMG,"The movie's plot is almost entirely witless and inane, carrying every gag two or three times beyond its limit to sustain a laugh.",0,1,negative,neutral,-1.2766417264938354,-0.5757983922958374,-0.7980226874351501
11,ZMG,"For the most part, the ingredients are there.",1,2,neutral,positive,-1.2635564804077148,-0.9399480819702148,-0.8624165654182434
11,ZMG,"But if you've paid a matinee price and bought a big tub of popcorn, there's guilty fun to be had here.",1,1,neutral,neutral,-1.2995206117630005,-0.6405256986618042,-0.9816446900367737
11,ZMG,"There's not much to Fatale, outside of its stylish surprises... but that's OK.",1,1,neutral,neutral,-1.2241915464401245,-0.7436692714691162,-1.0548771619796753
11,ZMG,"The acting is stiff, the story lacks all trace of wit, the sets look like they were borrowed from Gilligan's Island -- and the CGI Scooby might well be the worst special-effects creation of the year.",0,1,negative,neutral,-1.4314724206924438,-0.5377795696258545,-0.8602516055107117
11,ZMG,"This version moves beyond the original's nostalgia for the communal film experiences of yesteryear to a deeper realization of cinema's inability to stand in for true, lived experience.",1,1,neutral,neutral,-1.2725698947906494,-0.5469778180122375,-0.7078686356544495
11,ZMG,"There's no palpable chemistry between Lopez and male lead Ralph Fiennes, plus the script by Working Girl scribe Kevin Wade is workmanlike in the extreme.",0,1,negative,neutral,-1.2915854454040527,-0.660755455493927,-0.8785673975944519
11,ZMG,"A first-class, thoroughly involving B movie that effectively combines two surefire, beloved genres -- the prison flick and the fight film.",2,1,positive,neutral,-1.310370683670044,-0.6434608697891235,-1.013156533241272
11,ZMG,The film is so bad it doesn't improve upon the experience of staring at a blank screen.,0,1,negative,neutral,-1.088258147239685,-0.7130683660507202,-0.85200434923172
11,ZMG,Weiss and Speck never make a convincing case for the relevance of these two 20th-century footnotes.,1,1,neutral,neutral,-1.2845940589904785,-0.7978665828704834,-1.085785984992981
11,ZMG,Another Best of the Year selection.,2,1,positive,neutral,-1.2077597379684448,-0.8254038095474243,-0.9672054648399353
11,ZMG,It's all a rather shapeless good time...,1,1,neutral,neutral,-1.3737297058105469,-0.8003122210502625,-0.9571570158004761
11,ZMG,"Same song, second verse, coulda been better, but it coulda been worse.",1,1,neutral,neutral,-1.2043370008468628,-0.5722981691360474,-0.9014280438423157
11,ZMG,I love the robust middle of this picture.,2,1,positive,neutral,-1.2978956699371338,-0.9191885590553284,-1.0473194122314453
11,ZMG,"That's not vintage Spielberg and that, finally, is minimally satisfying.",1,1,neutral,neutral,-1.2386730909347534,-0.8162906765937805,-0.986092746257782
11,ZMG,The soundtrack alone is worth the price of admission.,2,1,positive,neutral,-1.1341091394424438,-0.7787696123123169,-1.0066953897476196
11,ZMG,"For the rest of us, sitting through Dahmer's two hours amounts to little more than punishment.",0,1,negative,neutral,-1.0416494607925415,-0.6642172336578369,-0.8823606371879578
11,ZMG,"Featuring a dangerously seductive performance from the great Daniel Auteuil, ``Sade'' covers the same period as Kaufmann's ``Quills'' with more unsettlingly realistic results.",2,1,positive,neutral,-1.289789080619812,-0.7055047750473022,-0.9167405962944031
11,ZMG,"The movie is for fans who can't stop loving anime, and the fanatical excess built into it.",1,1,neutral,neutral,-1.1119612455368042,-0.7412430047988892,-1.0299545526504517
11,ZMG,"The Ring is worth a look, if you don't demand much more than a few cheap thrills from your Halloween entertainment.",1,1,neutral,neutral,-1.1626696586608887,-0.6615984439849854,-0.9451138377189636
11,ZMG,"Beautifully observed, miraculously unsentimental comedy-drama.",2,1,positive,neutral,-1.2246339321136475,-0.9317679405212402,-1.071491003036499
11,ZMG,"What makes How I Killed My Father compelling, besides its terrific performances, is Fontaine's willingness to wander into the dark areas of parent-child relationships without flinching.",2,1,positive,neutral,-1.3070710897445679,-0.7756181955337524,-0.9635967016220093
11,ZMG,"This hastily mounted production exists only to capitalize on Hopkins' inclination to play Hannibal Lecter again, even though Harris has no immediate inclination to provide a fourth book.",0,1,negative,neutral,-1.3492456674575806,-0.5642500519752502,-0.7578040957450867
11,ZMG,Bullock's complete lack of focus and ability quickly derails the film.,0,1,negative,neutral,-1.191880464553833,-0.7654156684875488,-1.1040821075439453
11,ZMG,"... a plotline that's as lumpy as two-day old porridge... the filmmakers' paws, sad to say, were all over this ``un-bear-able'' project!",0,1,negative,neutral,-1.1922632455825806,-0.6710155606269836,-0.9773380160331726
11,ZMG,Crush could be the worst film a man has made about women since Valley of the Dolls.,0,1,negative,neutral,-1.1948751211166382,-0.5788957476615906,-0.8739887475967407
11,ZMG,"Reassuring, retro uplifter.",2,1,positive,neutral,-1.1315996646881104,-0.7488794326782227,-0.8852523565292358
11,ZMG,Flaccid drama and exasperatingly slow journey.,0,1,negative,neutral,-1.2069140672683716,-0.7205194234848022,-0.9204354882240295
11,ZMG,The Movie will reach far beyond its core demographic.,2,1,positive,neutral,-1.092376708984375,-0.8665915727615356,-0.9581995606422424
11,ZMG,How did it ever get made?,0,1,negative,neutral,-1.2995612621307373,-0.8485478162765503,-0.939999520778656
11,ZMG,I like the new footage and still love the old stuff.,2,2,positive,positive,-1.1200956106185913,-0.8663895726203918,-0.856194794178009
11,ZMG,"It briefly flirts with player masochism, but the point of real interest -- audience sadism -- is evaded completely.",1,1,neutral,neutral,-1.2590874433517456,-0.8599671721458435,-1.020753264427185
11,ZMG,Could The Country Bears really be as bad as its trailers?,0,1,negative,neutral,-1.23343825340271,-0.7520478963851929,-0.9110803008079529
11,ZMG,"At times, the movie looks genuinely pretty.",2,1,positive,neutral,-1.0660356283187866,-0.8530185222625732,-0.9053211808204651
11,ZMG,It depends on how well flatulence gags fit into your holiday concept.,1,1,neutral,neutral,-1.2055823802947998,-0.8202352523803711,-1.0012574195861816
11,ZMG,"Sparkling, often hilarious romantic jealousy comedy... Attal looks so much like a young Robert DeNiro that it seems the film should instead be called `My Husband Is Travis Bickle'.",2,2,positive,positive,-0.972905158996582,-0.5238562822341919,-0.2521308660507202
11,ZMG,"I did go back and check out the last 10 minutes, but these were more repulsive than the first 30 or 40 minutes.",0,2,negative,positive,-1.0433751344680786,-0.49056926369667053,-0.2745627164840698
11,ZMG,"A lousy movie that's not merely unwatchable, but also unlistenable.",0,2,negative,positive,-0.8327862620353699,-0.5648022890090942,-0.395885169506073
11,ZMG,One of the best films of the year with its exploration of the obstacles to happiness faced by five contemporary individuals... a psychological masterpiece.,2,2,positive,positive,-1.0137181282043457,-0.6471442580223083,-0.45428895950317383
11,ZMG,"A strong script, powerful direction and splendid production design allows us to be transported into the life of Wladyslaw Szpilman, who is not only a pianist, but a good human being.",2,2,positive,positive,-1.108331322669983,-0.5747853517532349,-0.4470826983451843
11,ZMG,"But here's the real damn: It isn't funny, either.",0,2,negative,positive,-0.9632039666175842,-0.7403934597969055,-0.5188257098197937
11,ZMG,"Qutting may be a flawed film, but it is nothing if not sincere.",1,2,neutral,positive,-0.9513835906982422,-0.9262012243270874,-0.5768377184867859
11,ZMG,It's a fanboy `what if?',1,2,neutral,positive,-0.8500918745994568,-0.6371981501579285,-0.034411072731018066
11,ZMG,... something appears to have been lost in the translation this time.,0,2,negative,positive,-0.7515318989753723,-0.6533212661743164,-0.1912241280078888
11,ZMG,"Like a documentary version of Fight Club, shorn of social insight, intellectual pretension and cinematic interest.",1,2,neutral,positive,-0.9372551441192627,-0.7107983231544495,-0.48313161730766296
11,ZMG,"Stephen Rea, Aidan Quinn, and Alan Bates play Desmond's legal eagles, and when joined by Brosnan, the sight of this grandiloquent quartet lolling in pretty Irish settings is a pleasant enough thing, `tis.",2,2,positive,positive,-1.2042641639709473,-0.503437876701355,-0.38956600427627563
11,ZMG,An intriguing and entertaining introduction to Johnson.,2,2,positive,positive,-0.8980541229248047,-0.8394120931625366,-0.5088074207305908
11,ZMG,Everything was as superficial as the forced New Jersey lowbrow accent Uma had.,0,2,negative,positive,-0.880209743976593,-0.7390236258506775,-0.5186054110527039
11,ZMG,"Despite the holes in the story and the somewhat predictable plot, moments of the movie caused me to jump in my chair...",1,2,neutral,positive,-1.0153194665908813,-0.6690500974655151,-0.6383900046348572
11,ZMG,`How many more voyages can this limping but dearly-loved franchise survive?',1,2,neutral,positive,-0.7542773485183716,-0.6544199585914612,-0.39274996519088745
11,ZMG,If only the story about a multi-million dollar con bothered to include the con.,1,2,neutral,positive,-0.9540767669677734,-0.7986401319503784,-0.5624575018882751
11,ZMG,"It is supremely unfunny and unentertaining to watch middle-age and older men drink to excess, piss on trees, b.s. one another and put on a show in drag.",0,2,negative,positive,-0.9209890961647034,-0.5663216710090637,-0.328315794467926
11,ZMG,"Only a few minutes elapse before the daddy of all slashers arrives, still with the boiler suit and white mask, which look remarkably clean for a guy who has been mass-murdering since 1978 but has never been seen doing laundry.",1,2,neutral,positive,-1.1307958364486694,-0.5210636854171753,-0.3346112072467804
11,ZMG,"Showtime is one of the hapless victims of the arrogant ``if we put together a wry white man and a chatty black man and give them guns, the movie will be funny'' syndrome.",0,2,negative,positive,-0.8620966076850891,-0.5693334341049194,-0.09849238395690918
11,ZMG,"Whatever heartwarming scene the impressively discreet filmmakers may have expected to record with their mini DV, they show a remarkable ability to document both sides of this emotional car-wreck.",2,2,positive,positive,-1.1075780391693115,-0.6236721277236938,-0.34465205669403076
11,ZMG,"A zombie movie in every sense of the word -- mindless, lifeless, meandering, loud, painful, obnoxious.",0,2,negative,positive,-0.7991949915885925,-0.5612837672233582,-0.44129884243011475
11,ZMG,"It has fun with the quirks of family life, but it also treats the subject with fondness and respect.",2,2,positive,positive,-0.7029051184654236,-0.5771883130073547,-0.19276997447013855
11,ZMG,"Novak manages to capture a cruelly hilarious vein of black comedy in the situation with his cast of non-actors and a gritty, no-budget approach.",2,2,positive,positive,-0.9255447387695312,-0.5342653393745422,-0.36236417293548584
11,ZMG,"Since Lee is a sentimentalist, the film is more worshipful than your random E!",1,2,neutral,positive,-0.8784937858581543,-0.5596427321434021,-0.33824655413627625
11,ZMG,"The movie is almost completely lacking in suspense, surprise and consistent emotional conviction.",0,2,negative,positive,-0.6806979775428772,-0.5741070508956909,-0.12788063287734985
11,ZMG,"High Crimes knows the mistakes that bad movies make and is determined not to make them, and maybe that is nobility of a sort.",1,2,neutral,positive,-0.9300306439399719,-0.5661495923995972,-0.3152662515640259
11,ZMG,But it's too long and too convoluted and it ends in a muddle.,0,2,negative,positive,-0.6267458200454712,-0.8288143873214722,0.00740891695022583
11,ZMG,This thing works on no level whatsoever for me.,0,2,negative,positive,-0.8121938705444336,-0.7942651510238647,-0.34144464135169983
11,ZMG,... a bland murder-on-campus yawner.,0,2,negative,positive,-0.8455559611320496,-0.7873159646987915,-0.3704748749732971
11,ZMG,"One of the finest, most humane and important Holocaust movies ever made.",2,2,positive,positive,-0.6213419437408447,-0.6240783333778381,-0.16807952523231506
11,ZMG,"Suffers from rambling, repetitive dialogue and the visual drabness endemic to digital video.",0,2,negative,positive,-0.7215361595153809,-0.5444382429122925,-0.2624117136001587
11,ZMG,"The twist that ends the movie is the one with the most emotional resonance, but twists are getting irritating, and this is the kind of material where the filmmakers should be very careful about raising eyebrows.",1,2,neutral,positive,-0.9309705495834351,-0.4274556040763855,-0.09534415602684021
11,ZMG,"Angel presents events partly from the perspective of Aurelie and Christelle, and infuses the film with the sensibility of a particularly nightmarish fairytale.",1,2,neutral,positive,-0.9659702777862549,-0.5622386336326599,-0.2650092542171478
11,ZMG,Features one of the most affecting depictions of a love affair ever committed to film.,2,1,positive,neutral,-0.9070269465446472,-0.4254874885082245,-0.48214972019195557
11,ZMG,It is intensely personal and yet -- unlike Quills -- deftly shows us the temper of the times.,2,2,positive,positive,-1.0068931579589844,-0.6575633883476257,-0.4879274070262909
11,ZMG,"Even as I valiantly struggled to remain interested, or at least conscious, I could feel my eyelids... getting... very... heavy...",0,2,negative,positive,-0.705171525478363,-0.5472761392593384,-0.0377313494682312
11,ZMG,"... a solid, well-formed satire.",2,2,positive,positive,-0.9017829298973083,-0.7295791506767273,-0.5273849368095398
11,ZMG,Deserves high marks for political courage but barely gets by on its artistic merits.,1,2,neutral,positive,-0.8008337616920471,-0.590783417224884,-0.19141709804534912
11,ZMG,Read My Lips is to be viewed and treasured for its extraordinary intelligence and originality as well as its lyrical variations on the game of love.,2,2,positive,positive,-0.8305234313011169,-0.4945377707481384,-0.2966468930244446
11,ZMG,"... creates a visceral sense of its characters' lives and conflicted emotions that carries it far above... what could have been a melodramatic, Lifetime Channel-style anthology.",1,2,neutral,positive,-0.8817745447158813,-0.5881823301315308,-0.2243320643901825
11,ZMG,Reeks of rot and hack work from start to finish.,1,2,neutral,positive,-0.7586100101470947,-0.680949866771698,-0.21419012546539307
11,ZMG,Just how these families interact may surprise you.,1,2,neutral,positive,-0.7607634663581848,-0.6561903357505798,-0.4327832758426666
11,ZMG,"The Movie is what happens when you blow up small potatoes to 10 times their natural size, and it ain't pretty.",0,2,negative,positive,-0.7183043360710144,-0.5394560098648071,-0.12249696254730225
11,ZMG,"Even a hardened voyeur would require the patience of Job to get through this interminable, shapeless documentary about the swinging subculture.",0,2,negative,positive,-0.7756597399711609,-0.5106291770935059,-0.22470948100090027
11,ZMG,"Creepy, authentic and dark.",1,2,neutral,positive,-0.6308039426803589,-0.7377254962921143,-0.1471746563911438
11,ZMG,A lame romantic comedy about an unsympathetic character and someone who would not likely be so stupid as to get involved with her.,0,2,negative,positive,-0.846473217010498,-0.521033525466919,-0.07748162746429443
11,ZMG,"At its worst the screenplay is callow, but at its best it is a young artist's thoughtful consideration of fatherhood.",1,1,neutral,neutral,-0.8611272573471069,-0.5616981983184814,-0.6791771054267883
11,ZMG,At 78 minutes it just zings along with vibrance and warmth.,2,1,positive,neutral,-1.0183874368667603,-0.5829179286956787,-0.6786946058273315
11,ZMG,"Only an epic documentary could get it all down, and Spike Lee's Jim Brown: All American at long last gives its subject a movie worthy of his talents.",2,1,positive,neutral,-1.1087807416915894,-0.5042930245399475,-0.6791124939918518
11,ZMG,"As quiet, patient and tenacious as Mr. Lopez himself, who approaches his difficult, endless work with remarkable serenity and discipline.",2,1,positive,neutral,-1.3400670289993286,-0.7086054682731628,-0.9303604960441589
11,ZMG,"Instead of hiding Pinocchio from critics, Miramax should have hidden it from everyone.",0,1,negative,neutral,-1.28408944606781,-0.8771274089813232,-1.1861388683319092
11,ZMG,What a great shame that such a talented director as Chen Kaige has chosen to make his English-language debut with a film so poorly plotted and scripted.,0,1,negative,neutral,-1.38607656955719,-0.6826102137565613,-0.9941689968109131
11,ZMG,Jeffs has created a breathtakingly assured and stylish work of spare dialogue and acute expressiveness.,2,1,positive,neutral,-1.2834323644638062,-0.8598514795303345,-1.164529800415039
11,ZMG,"Just about the best straight-up, old-school horror film of the last 15 years.",2,1,positive,neutral,-1.3204172849655151,-0.8294162750244141,-1.189803957939148
11,ZMG,"Gosling creates a staggeringly compelling character, a young man whose sharp intellect is at the very root of his contradictory, self-hating, self-destructive ways.",2,1,positive,neutral,-1.2719571590423584,-0.7080078721046448,-0.8843939900398254
11,ZMG,"I thought the relationships were wonderful, the comedy was funny, and the love `real'.",2,1,positive,neutral,-1.1853604316711426,-0.910005509853363,-1.1209938526153564
11,ZMG,Better at putting you to sleep than a sound machine.,0,1,negative,neutral,-1.2333043813705444,-0.9435601234436035,-1.0128583908081055
11,ZMG,Feels less like a cousin to Blade Runner than like a bottom-feeder sequel in the Escape From New York series.,0,1,negative,neutral,-1.1884771585464478,-0.6917808055877686,-0.8706339001655579
11,ZMG,"Elegantly produced and expressively performed, the six musical numbers crystallize key plot moments into minutely detailed wonders of dreamlike ecstasy.",2,1,positive,neutral,-1.3437649011611938,-0.7449079751968384,-1.060716986656189
11,ZMG,"Ultimate X is a ride, basically the kind of greatest-hits reel that might come with a subscription to ESPN the Magazine.",1,1,neutral,neutral,-1.1767815351486206,-0.7440724968910217,-0.9453778862953186
11,ZMG,"Celebrated at Sundance, this slight comedy of manners has winning performances and a glossy, glib charm that's hard to beat.",2,1,positive,neutral,-1.3240922689437866,-0.7344036102294922,-1.0082314014434814
11,ZMG,"Apparently, romantic comedy with a fresh point of view just doesn't figure in the present Hollywood program.",0,1,negative,neutral,-1.1671148538589478,-0.7698730230331421,-0.9958763718605042
11,ZMG,That Haynes can both maintain and dismantle the facades that his genre and his character construct is a wonderous accomplishment of veracity and narrative grace.,2,1,positive,neutral,-1.3016929626464844,-0.7269763946533203,-1.015797734260559
11,ZMG,"Some elements of it really blow the big one, but other parts are decent.",1,1,neutral,neutral,-1.087422251701355,-0.8191827535629272,-1.0807501077651978
11,ZMG,"No French people were harmed during the making of this movie, but they were insulted and the audience was put through torture for an hour and a half.",0,1,negative,neutral,-1.3496570587158203,-0.6611565351486206,-0.8996245265007019
11,ZMG,"I was feeling this movie until it veered off too far into the Exxon zone, and left me behind at the station looking for a return ticket to realism.",0,1,negative,neutral,-1.3704887628555298,-0.657534122467041,-0.9498869776725769
11,ZMG,The simplicity of The Way Home has few equals this side of Aesop.,1,1,neutral,neutral,-1.2562671899795532,-0.7935274839401245,-1.1032670736312866
11,ZMG,Exceptionally well acted by Diane Lane and Richard Gere.,2,1,positive,neutral,-1.1301685571670532,-0.6535831689834595,-0.8943819403648376
11,ZMG,"Dong shows how intolerance has the power to deform families, then tear them apart.",1,1,neutral,neutral,-1.254592776298523,-0.8397406935691833,-1.1204167604446411
11,ZMG,"A stupid, derivative horror film that substitutes extreme gore for suspense.",0,1,negative,neutral,-1.201167106628418,-0.8065558075904846,-1.0285890102386475
11,ZMG,It's a great American adventure and a wonderful film to bring to IMAX.,2,1,positive,neutral,-1.1138430833816528,-0.7869077324867249,-0.9183194041252136
11,ZMG,It's 51 times better than this.,1,1,neutral,neutral,-1.053218960762024,-0.7564278841018677,-0.8284346461296082
11,ZMG,"It's like an old Warner Bros. costumer jived with sex -- this could be the movie Errol Flynn always wanted to make, though Bette Davis, cast as Joan, would have killed him.",1,1,neutral,neutral,-1.2834385633468628,-0.7487230896949768,-1.078832983970642
11,ZMG,"A miraculous movie, I'm Going Home is so slight, yet overflows with wisdom and emotion.",2,1,positive,neutral,-1.3337081670761108,-0.7202677726745605,-1.0319634675979614
11,ZMG,"A fiercely clever and subtle film, capturing the precarious balance between the extravagant confidence of the exiled aristocracy and the cruel earnestness of the victorious revolutionaries.",2,1,positive,neutral,-1.501416802406311,-0.8602995276451111,-1.1226521730422974
11,ZMG,"It's as if you're watching a movie that was made in 1978 but not released then because it was so weak, and it has been unearthed and released now, when it has become even weaker.",0,1,negative,neutral,-1.4994090795516968,-0.5769854784011841,-0.9031616449356079
11,ZMG,Anemic chronicle of money grubbing New Yorkers and their serial loveless hook ups.,1,1,neutral,neutral,-1.1875752210617065,-0.8302484750747681,-1.1276665925979614
11,ZMG,"Thanks to a small star with big heart, this family film sequel is plenty of fun for all.",2,1,positive,neutral,-1.0396652221679688,-0.665604829788208,-0.8925214409828186
11,ZMG,And I've decided to leave a light on every night from now on.,1,1,neutral,neutral,-1.2344352006912231,-0.7925735116004944,-0.9304178953170776
11,ZMG,under-rehearsed and lifeless,0,1,negative,neutral,-1.0308719873428345,-0.6453074216842651,-0.8806609511375427
11,ZMG,Exactly what you'd expect from a guy named Kaos.,1,1,neutral,neutral,-1.0597813129425049,-0.6958319544792175,-0.8988452553749084
11,ZMG,"If legendary shlockmeister Ed Wood had ever made a movie about a vampire, it probably would look a lot like this alarming production, adapted from Anne Rice's novel The Vampire Chronicles.",1,1,neutral,neutral,-1.2740520238876343,-0.5887055397033691,-0.8769837021827698
11,ZMG,"For those for whom the name Woody Allen was once a guarantee of something fresh, sometimes funny, and usually genuinely worthwhile, Hollywood Ending is a depressing experience.",0,1,negative,neutral,-1.3226286172866821,-0.604034960269928,-0.9403889179229736
11,ZMG,Bella is the picture of health with boundless energy until a few days before she dies.,1,1,neutral,neutral,-1.1746958494186401,-0.6978580951690674,-1.0986148118972778
11,ZMG,"The fun of the movie is the chance it affords to watch Jackson, who also served as executive producer, take his smooth, shrewd, powerful act abroad.",2,1,positive,neutral,-1.424465537071228,-0.6377477645874023,-0.9448015093803406
11,ZMG,What should have been a cutting Hollywood satire is instead about as fresh as last week's issue of Variety.,0,1,negative,neutral,-1.130167007446289,-0.5869830250740051,-0.8488101363182068
11,ZMG,"Cox offers plenty of glimpses at existing photos, but there are no movies of Nijinsky, so instead the director treats us to an aimless hodgepodge.",0,1,negative,neutral,-1.2839257717132568,-0.6556899547576904,-0.8622447848320007
11,ZMG,Aaliyah rarely dampens her diva persona enough to spark genuine chemistry with Townsend.,1,1,neutral,neutral,-1.1921645402908325,-0.6357729434967041,-1.029733657836914
11,ZMG,Mr. Soderbergh's direction and visual style struck me as unusually and unimpressively fussy and pretentious.,0,1,negative,neutral,-1.352981448173523,-0.7197253704071045,-1.0996447801589966
11,ZMG,Mazel tov to a film about a family's joyous life acting on the Yiddish stage.,2,1,positive,neutral,-1.1841562986373901,-0.6820865273475647,-1.0791970491409302
11,ZMG,... would be a total loss if not for two supporting performances taking place at the movie's edges.,1,1,neutral,neutral,-0.9775447249412537,-0.5801668167114258,-1.0001537799835205
11,ZMG,An inspiring and heart-affecting film about the desperate attempts of Vietnamese refugees living in U.S. relocation camps to keep their hopes alive in 1975.,2,1,positive,neutral,-1.048897385597229,-0.4866918623447418,-0.9125142097473145
11,ZMG,"Loud, chaotic and largely unfunny.",0,1,negative,neutral,-1.369263768196106,-0.8296924829483032,-1.128587245941162
11,ZMG,The immersive powers of the giant screen and its hyper-realistic images are put to perfect use in the breathtakingly beautiful outer-space documentary Space Station 3D.,2,1,positive,neutral,-1.2809175252914429,-0.668350100517273,-0.8623535633087158
11,ZMG,It's everything you don't go to the movies for.,0,1,negative,neutral,-1.1675456762313843,-0.6926242709159851,-0.9342139363288879
11,ZMG,"Harris is supposed to be the star of the story, but comes across as pretty dull and wooden.",1,1,neutral,neutral,-1.2859374284744263,-0.838309645652771,-1.1026798486709595
11,ZMG,Allen's funniest and most likeable movie in years.,2,1,positive,neutral,-1.3818753957748413,-0.8227707147598267,-0.8828647136688232
11,ZMG,"There is a refreshing absence of cynicism in Stuart Little 2 -- quite a rarity, even in the family film market.",2,1,positive,neutral,-1.2702802419662476,-0.7003127336502075,-0.9104377627372742
11,ZMG,There are plot holes big enough for Shamu the killer whale to swim through.,0,1,negative,neutral,-0.9234821200370789,-0.7951717376708984,-0.8566789627075195
11,ZMG,... always remains movingly genuine.,2,2,positive,positive,-1.1288577318191528,-0.7877393960952759,-0.5206982493400574
11,ZMG,"Stitch is a bad mannered, ugly and destructive little ****.",0,1,negative,neutral,-1.0552698373794556,-0.8139715194702148,-0.8960867524147034
11,ZMG,The cast is top-notch and I predict there will be plenty of female audience members drooling over Michael Idemoto as Michael.,2,1,positive,neutral,-1.3127678632736206,-0.7990916967391968,-0.9573052525520325
11,ZMG,Kirshner and Monroe seem to be in a contest to see who can out-bad-act the other.,0,1,negative,neutral,-1.1358097791671753,-0.7480392456054688,-0.9987848401069641
11,ZMG,This is one of those war movies that focuses on human interaction rather than battle and action sequences... and it's all the stronger because of it.,2,1,positive,neutral,-1.3177446126937866,-0.5835152268409729,-0.7172381281852722
11,ZMG,"Like life on the island, the movie grows boring despite the scenery.",0,1,negative,neutral,-1.0806602239608765,-0.7510455250740051,-0.9265032410621643
11,ZMG,It's anchored by splendid performances from an honored screen veteran and a sparkling newcomer who instantly transform themselves into a believable mother/daughter pair.,2,1,positive,neutral,-1.189159631729126,-0.6914218664169312,-0.8936967849731445
11,ZMG,An atonal estrogen opera that demonizes feminism while gifting the most sympathetic male of the piece with a nice vomit bath at his wedding.,0,1,negative,neutral,-1.2792314291000366,-0.8144912719726562,-0.915274977684021
11,ZMG,"Even by the intentionally low standards of frat-boy humor, Sorority Boys is a bowser.",0,1,negative,neutral,-1.082976222038269,-0.6482622623443604,-0.8546428084373474
11,ZMG,"Director of photography Benoit Delhomme shot the movie in delicious colors, and the costumes and sets are grand.",2,1,positive,neutral,-1.2164303064346313,-0.7994158267974854,-1.0916283130645752
11,ZMG,The only entertainment you'll derive from this choppy and sloppy affair will be from unintentional giggles -- several of them.,0,1,negative,neutral,-1.2590237855911255,-0.65727698802948,-0.8877106308937073
11,ZMG,The film serves as a valuable time capsule to remind us of the devastating horror suffered by an entire people.,1,1,neutral,neutral,-1.264780879020691,-0.8150877952575684,-1.0612552165985107
11,ZMG,"A bittersweet contemporary comedy about benevolent deception, which, while it may not rival the filmmaker's period pieces, is still very much worth seeing.",2,1,positive,neutral,-1.2256073951721191,-0.6981106400489807,-0.8355050683021545
11,ZMG,Attal pushes too hard to make this a comedy or serious drama.,0,1,negative,neutral,-1.2988578081130981,-0.9359694719314575,-1.051186203956604
11,ZMG,Isabelle Huppert excels as the enigmatic Mika and Anna Mouglalis is a stunning new young talent in one of Chabrol's most intense psychological mysteries.,2,1,positive,neutral,-1.3280142545700073,-0.7867840528488159,-0.8930649161338806
11,ZMG,A small movie with a big impact.,2,2,positive,positive,-1.050355076789856,-0.8694577217102051,-0.8595424294471741
11,ZMG,This bold and lyrical first feature from Raja Amari expands the pat notion that middle-aged women just wanna have fun into a rousing treatise of sensual empowerment.,2,1,positive,neutral,-1.3539870977401733,-0.6829122304916382,-0.9012415409088135
11,ZMG,Photographed with melancholy richness and eloquently performed yet also decidedly uncinematic.,1,1,neutral,neutral,-1.1083508729934692,-0.7703443169593811,-0.9808476567268372
11,ZMG,"Hey Arnold! is now stretched to barely feature length, with a little more attention paid to the animation.",1,1,neutral,neutral,-1.1157641410827637,-0.6944823265075684,-0.9040518403053284
11,ZMG,"After that, it just gets stupid and maudlin.",0,2,negative,positive,-1.1990270614624023,-0.908253014087677,-0.8800715804100037
11,ZMG,"The stunning, dreamlike visuals will impress even those viewers who have little patience for Euro-film pretension.",2,1,positive,neutral,-1.3744655847549438,-0.8635244369506836,-1.157192587852478
11,ZMG,"Plods along, minus the twisted humor and eye-popping visuals that have made Miike... a cult hero.",1,1,neutral,neutral,-1.163886308670044,-0.7105386853218079,-0.9638084769248962
11,ZMG,"Impresses as a skillfully assembled, highly polished and professional adaptation... just about as chilling and unsettling as `Manhunter' was.",2,1,positive,neutral,-1.2007712125778198,-0.5603464245796204,-0.9323383569717407
11,ZMG,"For the most part, it's a work of incendiary genius, steering clear of knee-jerk reactions and quick solutions.",2,1,positive,neutral,-1.2867759466171265,-0.7337598204612732,-0.9576430916786194
11,ZMG,"It's badly acted, blandly directed, and could have been scripted by someone who just graduated from elementary school.",0,1,negative,neutral,-1.0428377389907837,-0.7135292887687683,-0.8586034178733826
11,ZMG,"The sort of picture in which, whenever one of the characters has some serious soul searching to do, they go to a picture-perfect beach during sunset.",1,1,neutral,neutral,-1.1875566244125366,-0.6624815464019775,-0.8655438423156738
11,ZMG,"Despite its raucous intent, XXX is as conventional as a Nike ad and as rebellious as spring break.",1,1,neutral,neutral,-1.1557987928390503,-0.6776367425918579,-0.9606350064277649
11,ZMG,... a roller-coaster ride of a movie,2,2,positive,positive,-0.9472475647926331,-0.9348942637443542,-0.6831873059272766
11,ZMG,"A colorful, vibrant introduction to a universal human impulse, lushly photographed and beautifully recorded.",2,1,positive,neutral,-1.2297992706298828,-0.6748955249786377,-1.0225938558578491
11,ZMG,Audiard successfully maintains suspense on different levels throughout a film that is both gripping and compelling.,2,1,positive,neutral,-1.041197419166565,-0.687110185623169,-0.9393814206123352
11,ZMG,"This is cool, slick stuff, ready to quench the thirst of an audience that misses the summer blockbusters.",2,1,positive,neutral,-1.1947124004364014,-0.7728887796401978,-1.0067099332809448
11,ZMG,"Blade II has a brilliant director and charismatic star, but it suffers from rampant vampire devaluation.",1,1,neutral,neutral,-1.0329519510269165,-0.6794323921203613,-0.8917402625083923
11,ZMG,"A loud, ugly, irritating movie without any of its satirical salvos hitting a discernible target.",0,1,negative,neutral,-1.0203773975372314,-0.6711989641189575,-0.9141752123832703
11,ZMG,"For VeggieTales fans, this is more appetizing than a side dish of asparagus.",2,1,positive,neutral,-1.1246696710586548,-0.7534503936767578,-1.0229146480560303
11,ZMG,"While it regards 1967 as the key turning point of the 20th century, and returns again and again to images of dissidents in the streets, it's alarmingly current.",1,1,neutral,neutral,-1.2234681844711304,-0.58234703540802,-0.7736156582832336
11,ZMG,A truly wonderful tale combined with stunning animation.,2,1,positive,neutral,-1.1440037488937378,-0.8308827877044678,-0.9179393649101257
11,ZMG,"Nothing sticks, really, except a lingering creepiness one feels from being dragged through a sad, sordid universe of guns, drugs, avarice and damaged dreams.",0,1,negative,neutral,-1.2162739038467407,-0.6377637386322021,-0.8155779242515564
11,ZMG,``Simone'' is a fun and funky look into an artificial creation in a world that thrives on artificiality.,2,1,positive,neutral,-1.2692831754684448,-0.8343837261199951,-1.1242122650146484
11,ZMG,"It's a hoot watching The Rock chomp on jumbo ants, pull an arrow out of his back, and leap unscathed through raging fire!",2,1,positive,neutral,-1.3000675439834595,-0.7951036691665649,-1.0928486585617065
11,ZMG,"While Tattoo borrows heavily from both Seven and The Silence of the Lambs, it manages to maintain both a level of sophisticated intrigue and human-scale characters that suck the audience in.",2,1,positive,neutral,-1.4408363103866577,-0.5360597372055054,-0.7699442505836487
11,ZMG,A portrait of an artist.,1,1,neutral,neutral,-1.3077805042266846,-0.7603049874305725,-0.8397073745727539
11,ZMG,"As written by Michael Berg and Michael J. Wilson from a story by Wilson, this relentless, all-wise-guys-all-the-time approach tries way too hard and gets tiring in no time at all.",0,1,negative,neutral,-1.0264058113098145,-0.533452033996582,-0.588004469871521
11,ZMG,"It's the best film of the year so far, the benchmark against which all other Best Picture contenders should be measured.",2,1,positive,neutral,-0.7512364983558655,-0.584783673286438,-0.726827085018158
11,ZMG,This is one of the biggest disappointments of the year.,0,2,negative,positive,-0.6983805298805237,-0.757291316986084,-0.6270501613616943
11,ZMG,It never fails to engage us.,2,2,positive,positive,-0.9795941114425659,-0.7172588109970093,-0.7009425759315491
11,ZMG,"Denis forges out of the theories of class - based rage and sisterly obsession a razor-sided tuning fork that rings with cultural, sexual and social discord.",1,1,neutral,neutral,-1.1735821962356567,-0.5225740671157837,-0.589539110660553
11,ZMG,The movie slides downhill as soon as macho action conventions assert themselves.,0,0,negative,negative,-0.6915478110313416,-0.7498296499252319,-0.7091798186302185
11,ZMG,"More romantic, more emotional and ultimately more satisfying than the teary-eyed original.",2,2,positive,positive,-0.8652761578559875,-0.7153635025024414,-0.5048585534095764
11,ZMG,"Like the best of Godard's movies... it is visually ravishing, penetrating, impenetrable.",2,2,positive,positive,-0.8095709085464478,-0.6606907844543457,-0.650770366191864
11,ZMG,The cumulative effect of the movie is repulsive and depressing.,0,2,negative,positive,-0.7083516716957092,-0.7182055711746216,-0.5589771866798401
11,ZMG,"Feels like nothing quite so much as a middle-aged moviemaker's attempt to surround himself with beautiful, half-naked women.",1,2,neutral,positive,-0.9440810084342957,-0.7839043140411377,-0.7539913058280945
11,ZMG,"A very long movie, dull in stretches, with entirely too much focus on meal preparation and igloo construction.",0,2,negative,positive,-0.7543831467628479,-0.6259124279022217,-0.5363608598709106
11,ZMG,"In XXX, Diesel is that rare creature -- an action hero with table manners, and one who proves that elegance is more than tattoo deep.",2,1,positive,neutral,-1.0022016763687134,-0.6272966861724854,-0.6379706263542175
11,ZMG,I'm not sure which will take longer to heal: the welt on Johnny Knoxville's stomach from a riot-control projectile or my own tortured psyche.,0,1,negative,neutral,-0.951422393321991,-0.713805615901947,-0.7742690443992615
11,ZMG,"While Serving Sara does have a long way to go before it reaches the level of crudity in the latest Austin Powers extravaganza, there's nothing here to match that movie's intermittent moments of inspiration.",1,1,neutral,neutral,-1.0185059309005737,-0.5924620628356934,-0.61988765001297
11,ZMG,"It's difficult to conceive of anyone who has reached puberty actually finding the characters in Slackers or their antics amusing, let alone funny.",0,2,negative,positive,-0.9884694814682007,-0.5772314071655273,-0.5441398024559021
11,ZMG,"It never is, not fully.",1,2,neutral,positive,-0.7393954396247864,-0.7904109954833984,-0.3021918833255768
11,ZMG,"Not only is Undercover Brother as funny, if not more so, than both Austin Powers films, but it's also one of the smarter, savvier spoofs to come along in some time.",2,2,positive,positive,-0.9901294708251953,-0.6096465587615967,-0.5603349804878235
11,ZMG,It should be mentioned that the set design and interiors of the haunted vessel are more than effectively creepy and moodily lit.,2,2,positive,positive,-1.034132480621338,-0.760266900062561,-0.7560486197471619
11,ZMG,"With the exception of some fleetingly amusing improvisations by Cedric the Entertainer as Perry's boss, there isn't a redeeming moment here.",0,2,negative,positive,-0.861831545829773,-0.6923380494117737,-0.5358854532241821
11,ZMG,It's a funny little movie with clever dialogue and likeable characters.,2,2,positive,positive,-0.9675394296646118,-0.9073024988174438,-0.5050765872001648
11,ZMG,"``13 Conversations'' holds its goodwill close, but is relatively slow to come to the point.",1,2,neutral,positive,-0.8821828365325928,-0.7233490943908691,-0.6824936270713806
11,ZMG,"Not the kind of film that will appeal to a mainstream American audience, but there is a certain charm about the film that makes it a suitable entry into the fest circuit.",2,2,positive,positive,-0.857008159160614,-0.6303244233131409,-0.5734733939170837
11,ZMG,"You come away wishing, though, that the movie spent a lot less time trying to make a credible case for reports from the afterlife and a lot more time on the romantic urgency that's at the center of the story.",1,2,neutral,positive,-1.2298628091812134,-0.723229169845581,-0.6383711695671082
11,ZMG,The movie is virtually without context -- journalistic or historical.,0,2,negative,positive,-0.8550135493278503,-0.7240536212921143,-0.5391082167625427
11,ZMG,"After sitting through this sloppy, made-for-movie comedy special, it makes me wonder if Lawrence hates criticism so much that he refuses to evaluate his own work.",0,2,negative,positive,-0.7556205987930298,-0.6644430756568909,-0.540810763835907
11,ZMG,Genuinely touching because it's realistic about all kinds of love.,2,2,positive,positive,-0.9260312914848328,-0.6721408367156982,-0.670367419719696
11,ZMG,"For all the complications, it's all surprisingly predictable.",1,2,neutral,positive,-0.9848339557647705,-0.8520254492759705,-0.7535178661346436
11,ZMG,"Armed with a game supporting cast, from the pitch-perfect Forster to the always hilarious Meara and Levy, Like Mike shoots and scores, doing its namesake proud.",2,2,positive,positive,-0.9603021740913391,-0.6401143074035645,-0.5811144709587097
11,ZMG,It will guarantee to have you leaving the theater with a smile on your face.,2,2,positive,positive,-0.8683041930198669,-0.7875792980194092,-0.5090115070343018
11,ZMG,"The misery of these people becomes just another voyeuristic spectacle, to be consumed and forgotten.",0,1,negative,neutral,-1.054646611213684,-0.6692146062850952,-0.7949506044387817
11,ZMG,"A thoroughly awful movie -- dumb, narratively chaotic, visually sloppy... a weird amalgam of `The Thing' and a geriatric `Scream.'",0,2,negative,positive,-0.8364396095275879,-0.660932183265686,-0.5162592530250549
11,ZMG,"Measured against practically any like-themed film other than its Oscar-sweeping franchise predecessor The Silence of the Lambs, Red Dragon rates as an exceptional thriller.",2,1,positive,neutral,-1.015645980834961,-0.5991660356521606,-0.736575186252594
11,ZMG,"The movie has no respect for laws, political correctness or common decency, but it displays something more important: respect for its flawed, crazy people.",1,2,neutral,positive,-0.9833396673202515,-0.7103036642074585,-0.6521902084350586
11,ZMG,"In a strange way, Egoyan has done too much.",1,2,neutral,positive,-0.9137958288192749,-0.7026453614234924,-0.4593653678894043
11,ZMG,"After seeing the film, I can tell you that there's no other reason why anyone should bother remembering it.",0,2,negative,positive,-0.7146335244178772,-0.6198325157165527,-0.4882485866546631
11,ZMG,The film is darkly funny in its observation of just how much more grueling and time-consuming the illusion of work is than actual work.,2,1,positive,neutral,-0.9257712960243225,-0.6063704490661621,-0.8111636638641357
11,ZMG,"In some ways, Lagaan is quintessential Bollywood.",1,2,neutral,positive,-1.1219103336334229,-0.916850745677948,-0.7564567923545837
11,ZMG,"Pacino and Williams seem to keep upping the ante on each other, just as their characters do in the film.",2,1,positive,neutral,-0.8607185482978821,-0.6962047815322876,-0.7680062651634216
11,ZMG,"It would be disingenuous to call Reno a great film, but you can say that about most of the flicks moving in and out of the multiplex.",1,1,neutral,neutral,-0.9427973628044128,-0.5481802225112915,-0.6354892253875732
11,ZMG,"Some movies can get by without being funny simply by structuring the scenes as if they were jokes: a setup, delivery and payoff.",1,1,neutral,neutral,-1.0191525220870972,-0.5431535840034485,-0.6641296744346619
11,ZMG,Narc can only remind us of brilliant crime dramas without becoming one itself.,1,2,neutral,positive,-1.0786885023117065,-0.7977831363677979,-0.7838127613067627
11,ZMG,Narc is a no-bull throwback to 1970s action films.,2,2,positive,positive,-0.9552467465400696,-0.6983838081359863,-0.5603084564208984
11,ZMG,Intriguing and downright intoxicating.,2,2,positive,positive,-0.8304823040962219,-0.5618257522583008,-0.24662616848945618
11,ZMG,"The wonderful combination of the sweetness and the extraordinary technical accomplishments of the first film are maintained, but its overall impact falls a little flat with a storyline that never quite delivers the original magic.",1,1,neutral,neutral,-1.0470067262649536,-0.5547101497650146,-0.6194469928741455
11,ZMG,Perhaps the most annoying thing about Who Is Cletis Tout? is that it's a crime movie made by someone who obviously knows nothing about crime.,0,1,negative,neutral,-1.0182770490646362,-0.4915069341659546,-0.6590281128883362
11,ZMG,"In addition to scoring high for originality of plot -- putting together familiar themes of family, forgiveness and love in a new way -- Lilo & Stitch has a number of other assets to commend it to movie audiences both innocent and jaded.",2,2,positive,positive,-1.165274739265442,-0.7153775691986084,-0.6387090086936951
11,ZMG,The quirky drama touches the heart and the funnybone thanks to the energetic and always surprising performance by Rachel Griffiths.,2,2,positive,positive,-0.9908296465873718,-0.7751939296722412,-0.6851296424865723
11,ZMG,"At its worst, it implodes in a series of very bad special effects.",0,2,negative,positive,-0.7513128519058228,-0.6641556024551392,-0.5473666787147522
11,ZMG,Bad and baffling from the get-go.,0,1,negative,neutral,-0.9006415605545044,-0.6395162343978882,-0.6741451025009155
11,ZMG,"The movie is a blast of educational energy, as bouncy animation and catchy songs escort you through the entire 85 minutes.",2,2,positive,positive,-0.842021644115448,-0.5680299997329712,-0.4804762303829193
11,ZMG,The original wasn't a good movie but this remake makes it look like a masterpiece!,0,1,negative,neutral,-1.1667907238006592,-0.8260934948921204,-0.9748407006263733
11,ZMG,"To my taste, the film's comic characters come perilously close to being Amoses and Andys for a new generation.",1,1,neutral,neutral,-1.3507486581802368,-0.7368363738059998,-0.9243983030319214
11,ZMG,"Although the sequel has all the outward elements of the original, the first film's lovely flakiness is gone, replaced by the forced funniness found in the dullest kiddie flicks.",0,1,negative,neutral,-1.4281045198440552,-0.5431115031242371,-0.6654841303825378
11,ZMG,"The real charm of this trifle is the deadpan comic face of its star, Jean Reno, who resembles Sly Stallone in a hot sake half-sleep.",1,1,neutral,neutral,-1.4702987670898438,-0.7944499254226685,-0.9985935091972351
11,ZMG,"... a cute and sometimes side-splittingly funny blend of Legally Blonde and Drop Dead Gorgeous, starring Piper Perabo in what could be her breakthrough role.",2,1,positive,neutral,-1.3694751262664795,-0.6266398429870605,-0.8749101161956787
11,ZMG,"This method almost never fails him, and it works superbly here.",2,1,positive,neutral,-1.1607468128204346,-0.7950857281684875,-1.000345230102539
11,ZMG,Few films capture so perfectly the hopes and dreams of little boys on baseball fields as well as the grown men who sit in the stands.,2,1,positive,neutral,-1.246513843536377,-0.7218963503837585,-0.8729307055473328
11,ZMG,Steers has an unexpectedly adamant streak of warm-blooded empathy for all his disparate Manhattan denizens -- especially the a**holes.,1,1,neutral,neutral,-1.4785420894622803,-0.8358023166656494,-1.0541843175888062
11,ZMG,"The Emperor's Club is one of those films that possesses all the good intentions in the world, but...",1,1,neutral,neutral,-1.1078532934188843,-0.6591037511825562,-0.9522034525871277
11,ZMG,The most compelling performance of the year adds substantial depth to this shocking testament to anti-Semitism and neo-fascism.,2,1,positive,neutral,-1.1373960971832275,-0.7267687320709229,-0.8844817280769348
11,ZMG,"LaBute can't avoid a fatal mistake in the modern era: He's changed the male academic from a lower-class Brit to an American, a choice that upsets the novel's exquisite balance and shreds the fabric of the film.",1,1,neutral,neutral,-1.5054235458374023,-0.6336678862571716,-0.7995116114616394
11,ZMG,A biopic about Crane's life in the classic tradition but evolves into what has become of us all in the era of video.,1,1,neutral,neutral,-1.4555805921554565,-0.6403532028198242,-0.7985319495201111
11,ZMG,"A work of extraordinary journalism, but it is also a work of deft and subtle poetry.",2,1,positive,neutral,-0.9657954573631287,-0.7001122236251831,-0.764447033405304
11,ZMG,... think of it as American Pie On Valium.,1,1,neutral,neutral,-1.3461166620254517,-0.8109904527664185,-0.8873910903930664
11,ZMG,Gere gives a good performance in a film that doesn't merit it.,1,1,neutral,neutral,-1.2892152070999146,-0.8078669309616089,-0.937329113483429
11,ZMG,The Pianist is Polanski's best film.,2,2,positive,positive,-1.3173943758010864,-0.7460730075836182,-0.703934371471405
11,ZMG,Maybe Thomas Wolfe was right: You can't go home again.,1,1,neutral,neutral,-1.1727977991104126,-0.7456228733062744,-0.9473955035209656
11,ZMG,"The director, with his fake backdrops and stately pacing, never settles on a consistent tone.",0,1,negative,neutral,-1.3943126201629639,-0.8100299835205078,-1.0460994243621826
11,ZMG,"Why he was given free reign over this project -- he wrote, directed, starred and produced -- is beyond me.",0,1,negative,neutral,-1.2281149625778198,-0.6363644003868103,-0.9169209599494934
11,ZMG,"If you enjoy being rewarded by a script that assumes you aren't very bright, then Blood Work is for you.",0,1,negative,neutral,-1.4175406694412231,-0.7019089460372925,-0.9129863381385803
11,ZMG,"Like Rudy Yellow Lodge, Eyre needs to take a good sweat to clarify his cinematic vision before his next creation and remember the lessons of the trickster spider.",0,1,negative,neutral,-1.522676706314087,-0.704862117767334,-0.8625310063362122
11,ZMG,But his showboating wise-cracker stock persona sure is getting old.,1,1,neutral,neutral,-1.2240186929702759,-0.8494449257850647,-0.9139851927757263
11,ZMG,"Circuit queens won't learn a thing, they'll be too busy cursing the film's strategically placed white sheets.",1,1,neutral,neutral,-1.398863434791565,-0.8503440618515015,-1.19868004322052
11,ZMG,"A lot of talent is wasted in this crass, low-wattage endeavor.",0,1,negative,neutral,-1.177113652229309,-0.7832609415054321,-0.9489944577217102
11,ZMG,"Alain Choquart's camera barely stops moving, portraying both the turmoil of the time and giving Conduct a perpetual sense of urgency, which, for a film that takes nearly three hours to unspool, is both funny and irritating.",1,1,neutral,neutral,-1.4532008171081543,-0.5829083919525146,-0.702975332736969
11,ZMG,The second coming of Harry Potter is a film far superior to its predecessor.,2,1,positive,neutral,-1.0432322025299072,-0.7338711023330688,-0.8949281573295593
11,ZMG,This stuck pig of a movie flails limply between bizarre comedy and pallid horror.,0,1,negative,neutral,-1.1176990270614624,-0.6834907531738281,-1.0624136924743652
11,ZMG,"The film just might turn on many people to opera, in general, an art form at once visceral and spiritual, wonderfully vulgar and sublimely lofty -- and as emotionally grand as life.",2,1,positive,neutral,-1.491515874862671,-0.7656292915344238,-0.936672568321228
11,ZMG,"The delicious trimmings... arrive early and stay late, filling nearly every minute... with a lighthearted glow, some impudent snickers, and a glorious dose of humankind's liberating ability to triumph over a Scrooge or two.",2,1,positive,neutral,-1.385796308517456,-0.518086850643158,-0.6675077080726624
11,ZMG,"The inhospitability of the land emphasizes the spare precision of the narratives and helps to give them an atavistic power, as if they were tales that had been handed down since the beginning of time.",1,1,neutral,neutral,-1.551662802696228,-0.7678716778755188,-0.9464246034622192
11,ZMG,Even more baffling is that it's funny.,1,1,neutral,neutral,-1.193747639656067,-0.8094996809959412,-1.0801477432250977
11,ZMG,"Parker should be commended for taking a fresh approach to familiar material, but his determination to remain true to the original text leads him to adopt a somewhat mannered tone... that ultimately dulls the human tragedy at the story's core.",1,1,neutral,neutral,-1.545109510421753,-0.6767163276672363,-0.8389098048210144
11,ZMG,"Hard, endearing, caring, warm.",2,1,positive,neutral,-1.2022751569747925,-0.7954450249671936,-0.9041284918785095
11,ZMG,"I have no problem with ``difficult'' movies, or movies that ask the audience to meet them halfway and connect the dots instead of having things all spelled out.",1,1,neutral,neutral,-1.356582760810852,-0.5812807083129883,-0.8093318343162537
11,ZMG,The way Coppola professes his love for movies -- both colorful pop junk and the classics that unequivocally qualify as art -- is giddily entertaining.,2,1,positive,neutral,-1.4349409341812134,-0.8280805349349976,-1.0882431268692017
11,ZMG,Both the crime story and the love story are unusual.,1,1,neutral,neutral,-1.1882091760635376,-0.7788547277450562,-0.859366238117218
11,ZMG,It's never a good sign when a film's star spends the entirety of the film in a coma.,0,1,negative,neutral,-1.1654959917068481,-0.7840566635131836,-1.1240524053573608
11,ZMG,A creaky staircase gothic.,1,2,neutral,positive,-1.057496190071106,-0.8041720390319824,-0.6518366932868958
11,ZMG,"If there's a way to effectively teach kids about the dangers of drugs, I think it's in projects like the (unfortunately R-rated) Paid.",1,1,neutral,neutral,-1.4091248512268066,-0.741135835647583,-0.9500755667686462
11,ZMG,"If you're a WWF fan, or you related to the people who watched the robots getting butchered in A.I., you'll probably like Rollerball.",1,1,neutral,neutral,-1.4385660886764526,-0.8428937196731567,-1.1181896924972534
11,ZMG,Norton holds the film together.,1,1,neutral,neutral,-1.3367289304733276,-0.8477609157562256,-1.0352829694747925
11,ZMG,"A breathtaking adventure for all ages, Spirit tells its poignant and uplifting story in a stunning fusion of music and images.",2,1,positive,neutral,-1.147253155708313,-0.7324752807617188,-1.0779691934585571
11,ZMG,It won't bust your gut -- and it's not intended to -- it's merely a blandly cinematic surgical examination of what makes a joke a joke.,1,1,neutral,neutral,-1.2207473516464233,-0.6454883813858032,-0.7860478758811951
11,ZMG,Largely a for-fans artifact.,1,1,neutral,neutral,-1.1003907918930054,-0.7769308090209961,-0.9980226159095764
11,ZMG,A movie so bad that it quickly enters the pantheon of wreckage that includes Battlefield Earth and Showgirls.,0,1,negative,neutral,-1.1703537702560425,-0.7610535621643066,-1.0314865112304688
11,ZMG,"If you're over 25, have an IQ over 90, and have a driver's license, you should be able to find better entertainment.",0,1,negative,neutral,-1.0671882629394531,-0.6484537124633789,-0.759506344795227
11,ZMG,A solid piece of journalistic work that draws a picture of a man for whom political expedience became a deadly foreign policy.,1,1,neutral,neutral,-1.0999141931533813,-0.6145199537277222,-0.8316206932067871
11,ZMG,"The doofus-on-the-loose banter of Welcome to Collinwood has a cocky, after-hours loopiness to it.",1,1,neutral,neutral,-1.2524116039276123,-0.922135055065155,-1.061954140663147
11,ZMG,It's the funniest American comedy since Graffiti Bridge.,2,1,positive,neutral,-1.409663200378418,-0.9683472514152527,-1.1350513696670532
11,ZMG,Samuel Beckett applied to the Iranian voting process.,1,1,neutral,neutral,-1.333006501197815,-0.7395641803741455,-1.0210107564926147
11,ZMG,A strangely compelling and brilliantly acted psychological drama.,2,2,positive,positive,-1.245216965675354,-0.7740848660469055,-0.7266116142272949
11,ZMG,"Often gruelling and heartbreaking to witness, but Seldahl and Wollter's sterling performances raise this far above the level of the usual maudlin disease movie.",2,1,positive,neutral,-1.4757333993911743,-0.6463038921356201,-0.8049777150154114
11,ZMG,"This enthralling documentary... is at once playful and haunting, an in-depth portrait of an iconoclastic artist who was fundamentally unknowable even to his closest friends.",2,1,positive,neutral,-1.5035008192062378,-0.762897253036499,-0.9452435374259949
11,ZMG,"I didn't laugh at the ongoing efforts of Cube, and his skinny buddy Mike Epps, to make like Laurel and Hardy'n the hood.",0,1,negative,neutral,-1.509526252746582,-0.800277829170227,-0.9972150325775146
11,ZMG,"At its best when the guarded, resentful Betty and the manipulative yet needy Margot are front and center.",1,1,neutral,neutral,-1.3866816759109497,-0.8041880130767822,-1.2297474145889282
11,ZMG,Ford deserves to be remembered at Oscar time for crafting this wonderful portrait of a conflicted soldier.,2,1,positive,neutral,-1.365261435508728,-0.7867521643638611,-1.0141547918319702
11,ZMG,"While obviously an extremely personal work, it remains inextricably stuck in an emotionally unavailable rut.",1,1,neutral,neutral,-1.2636914253234863,-0.7605237364768982,-0.9760417342185974
11,ZMG,"A dim-witted and lazy spin-off of the Animal Planet documentary series, Crocodile Hunter is entertainment opportunism at its most glaring.",0,1,negative,neutral,-1.3250771760940552,-0.7627465724945068,-0.7884455323219299
11,ZMG,"The good is very, very good... The rest runs from mildly unimpressive to despairingly awful.",1,1,neutral,neutral,-1.234063744544983,-0.7950518131256104,-0.9511924982070923
11,ZMG,"Methodical, measured, and gently tedious in its comedy, Secret Ballot is a purposefully reductive movie -- which may be why it's so successful at lodging itself in the brain.",2,1,positive,neutral,-1.5646837949752808,-0.7549037933349609,-0.8645909428596497
11,ZMG,One of the most exciting action films to come out of China in recent years.,2,1,positive,neutral,-1.3109917640686035,-0.8963397741317749,-1.105794072151184
11,ZMG,Adam Sandler's Eight Crazy Nights grows on you -- like a rash.,0,1,negative,neutral,-1.3376151323318481,-0.8295036554336548,-0.9436587691307068
11,ZMG,"The film feels formulaic, its plot and pacing typical Hollywood war-movie stuff, while the performances elicit more of a sense of deja vu than awe.",0,1,negative,neutral,-1.4500130414962769,-0.6329653859138489,-0.7446613311767578
11,ZMG,"... pitiful, slapdash disaster.",0,1,negative,neutral,-1.2430933713912964,-1.0548821687698364,-1.061224102973938
11,ZMG,"As it stands, there's some fine sex onscreen, and some tense arguing, but not a whole lot more.",1,1,neutral,neutral,-1.385975956916809,-0.8456162810325623,-1.2467336654663086
11,ZMG,It's neither as romantic nor as thrilling as it should be.,0,1,negative,neutral,-1.3797436952590942,-0.9726072549819946,-1.117883563041687
11,ZMG,Returning director Rob Minkoff... and screenwriter Bruce Joel Rubin... have done a fine job of updating White's dry wit to a new age.,2,1,positive,neutral,-1.4928547143936157,-1.0187395811080933,-1.2431819438934326
11,ZMG,"The Venezuelans say things like ``si, pretty much'' and ``por favor, go home'' when talking to Americans.",1,1,neutral,neutral,-1.3462224006652832,-0.7813308238983154,-0.8262894749641418
11,ZMG,"If you already like this sort of thing, this is that sort of thing all over again.",1,1,neutral,neutral,-1.4584187269210815,-1.0548251867294312,-1.3807462453842163
11,ZMG,An awful movie that will only satisfy the most emotionally malleable of filmgoers.,0,1,negative,neutral,-1.376286506652832,-0.8340010046958923,-1.0011017322540283
11,ZMG,"This is an extraordinary film, not least because it is Japanese and yet feels universal.",2,1,positive,neutral,-1.3084689378738403,-0.768814742565155,-0.908268928527832
11,ZMG,"Aptly named, this shimmering, beautifully costumed and filmed production doesn't work for me.",1,1,neutral,neutral,-1.3918923139572144,-0.9245450496673584,-1.3401445150375366
11,ZMG,"If Borstal Boy isn't especially realistic, it is an engaging nostalgia piece.",1,1,neutral,neutral,-1.3352118730545044,-0.9729223847389221,-1.3775352239608765
11,ZMG,Griffiths proves she's that rare luminary who continually raises the standard of her profession.,2,1,positive,neutral,-1.388319969177246,-0.7821743488311768,-1.0866732597351074
11,ZMG,"The asylum material is gripping, as are the scenes of Jia with his family.",2,1,positive,neutral,-1.3408633470535278,-0.9269849061965942,-1.1281424760818481
11,ZMG,"... by the time it's done with us, Mira Nair's new movie has its audience giddy with the delight of discovery, of having been immersed in a foreign culture only to find that human nature is pretty much the same all over.",2,1,positive,neutral,-1.3847475051879883,-0.7089310884475708,-0.8094678521156311
11,ZMG,... about as exciting to watch as two last-place basketball teams playing one another on the final day of the season.,0,1,negative,neutral,-1.2908755540847778,-0.7330445051193237,-0.9796877503395081
11,ZMG,Girls gone wild and gone civil again,1,1,neutral,neutral,-1.3446396589279175,-0.7919648885726929,-0.931867778301239
11,ZMG,To say Analyze That is De Niro's best film since Meet the Parents sums up the sad state of his recent career.,1,1,neutral,neutral,-1.3644428253173828,-0.7273444533348083,-0.9537195563316345
11,ZMG,`Enigma' is the kind of engaging historical drama that Hollywood appears to have given up on in favor of sentimental war movies in the vein of `We Were Soldiers.',1,1,neutral,neutral,-1.4959344863891602,-0.9207369685173035,-1.086166501045227
11,ZMG,The Rock has a great presence but one battle after another is not the same as one battle followed by killer CGI effects.,1,1,neutral,neutral,-1.4096230268478394,-0.7579441070556641,-1.069602608680725
11,ZMG,Visually sumptuous but intellectually stultifying.,1,1,neutral,neutral,-1.3218501806259155,-1.0533250570297241,-1.1992747783660889
11,ZMG,"So young, so smart, such talent, such a wise ***.",2,1,positive,neutral,-1.4284168481826782,-0.7958213686943054,-0.9271214604377747
11,ZMG,"The problem is that for the most part, the film is deadly dull.",0,1,negative,neutral,-1.2812377214431763,-0.8196333050727844,-1.047096610069275
11,ZMG,A thinly veiled look at different aspects of Chinese life clashing with each other.,1,1,neutral,neutral,-1.3309011459350586,-0.7931864261627197,-1.1291248798370361
11,ZMG,An exhilarating experience.,2,1,positive,neutral,-1.3385344743728638,-0.9084205627441406,-1.025650143623352
11,ZMG,Its vision of that awkward age when sex threatens to overwhelm everything else is acute enough to make everyone who has been there squirm with recognition.,1,1,neutral,neutral,-1.4149099588394165,-0.6942028999328613,-0.9260963797569275
11,ZMG,Remarkably accessible and affecting.,2,2,positive,positive,-1.3840945959091187,-0.6880582571029663,-0.6246595978736877
11,ZMG,"The climactic events are so well realized that you may forget all about the original conflict, just like the movie does.",1,1,neutral,neutral,-1.3952842950820923,-0.8509878516197205,-1.0011940002441406
11,ZMG,Distinctly sub-par... more likely to drown a viewer in boredom than to send any shivers down his spine.,0,1,negative,neutral,-1.432108998298645,-0.827652633190155,-1.2220708131790161
11,ZMG,Godard's ode to tackling life's wonderment is a rambling and incoherent manifesto about the vagueness of topical excess... In Praise of Love remains a ponderous and pretentious endeavor that's unfocused and tediously exasperating.,0,1,negative,neutral,-1.4928044080734253,-0.7328817844390869,-0.9606377482414246
11,ZMG,"We never truly come to care about the main characters and whether or not they'll wind up together, and Michele's spiritual quest is neither amusing nor dramatic enough to sustain interest.",0,1,negative,neutral,-1.4687461853027344,-0.6516120433807373,-0.8613103032112122
11,ZMG,"Bogdanovich taps deep into the Hearst mystique, entertainingly reenacting a historic scandal.",2,1,positive,neutral,-1.2724432945251465,-0.8387402296066284,-1.2050474882125854
11,ZMG,"Peralta's mythmaking could have used some informed, adult hindsight.",1,1,neutral,neutral,-1.1604355573654175,-0.8064743280410767,-1.1260645389556885
11,ZMG,"``My god, I'm behaving like an idiot!''",1,2,neutral,positive,-1.2804807424545288,-0.904096782207489,-0.7836812734603882
11,ZMG,"Devos and Cassel have tremendous chemistry -- their sexual and romantic tension, while never really vocalized, is palpable.",2,1,positive,neutral,-1.4525004625320435,-0.7666312456130981,-1.0384165048599243
11,ZMG,"As a girl-meets-girl romantic comedy, Kissing Jessica Steinis quirky, charming and often hilarious.",2,1,positive,neutral,-1.1847867965698242,-0.6823011636734009,-0.9570350646972656
11,ZMG,Gollum's `performance' is incredible!,2,1,positive,neutral,-1.2905676364898682,-0.7932363748550415,-0.8882152438163757
11,ZMG,"... a haunting vision, with images that seem more like disturbing hallucinations.",0,1,negative,neutral,-1.2369935512542725,-0.8546372652053833,-1.0300403833389282
11,ZMG,"As a remake, it's a pale imitation.",0,1,negative,neutral,-1.309451699256897,-0.9638588428497314,-1.0568773746490479
11,ZMG,Adults will certainly want to spend their time in the theater thinking up grocery lists and ways to tell their kids how not to act like Pinocchio.,1,1,neutral,neutral,-1.4426079988479614,-0.7167093753814697,-0.9560632705688477
11,ZMG,"Not as distinctive or even as humorous as its needs to be to stand out, but it has clearly been made with affection and care.",1,1,neutral,neutral,-1.3981908559799194,-0.739778995513916,-0.9897776246070862
11,ZMG,A generic family comedy unlikely to be appreciated by anyone outside the under-10 set.,0,1,negative,neutral,-1.1877949237823486,-0.8162172436714172,-1.0686346292495728
11,ZMG,"An amalgam of The Fugitive, Blade Runner, and Total Recall, only without much energy or tension.",1,1,neutral,neutral,-1.2748034000396729,-0.8257313370704651,-1.2053335905075073
11,ZMG,"Everything its title implies, a standard-issue crime drama spat out from the Tinseltown assembly line.",1,1,neutral,neutral,-1.4239137172698975,-0.9506497383117676,-1.1438405513763428
11,ZMG,"Co-writer/director Jonathan Parker's attempts to fashion a Brazil-like, hyper-real satire fall dreadfully short.",0,1,negative,neutral,-1.1065083742141724,-0.8089179992675781,-1.115843415260315
11,ZMG,"An amateurish, quasi-improvised acting exercise shot on ugly digital video.",0,1,negative,neutral,-1.2840341329574585,-0.8134808540344238,-0.9556968808174133
11,ZMG,"``The Kid Stays in the Picture'' is a great story, terrifically told by the man who wrote it but this Cliff Notes edition is a cheat.",1,1,neutral,neutral,-1.430065631866455,-0.6553486585617065,-0.8889175653457642
11,ZMG,"A gratingly unfunny groaner littered with zero-dimensional, unlikable characters and hackneyed, threadbare comic setups.",0,1,negative,neutral,-1.3176096677780151,-0.7359020113945007,-0.914720892906189
11,ZMG,"While this gentle and affecting melodrama will have luvvies in raptures, it's far too slight and introspective to appeal to anything wider than a niche audience.",1,1,neutral,neutral,-1.3458454608917236,-0.7973519563674927,-0.972551167011261
11,ZMG,Griffin & Co. manage to be spectacularly outrageous.,2,1,positive,neutral,-1.3146759271621704,-0.8493289351463318,-0.9147316813468933
11,ZMG,"A profoundly stupid affair, populating its hackneyed and meanspirited storyline with cardboard characters and performers who value cash above credibility.",0,1,negative,neutral,-1.4600598812103271,-0.884023904800415,-1.1019147634506226
11,ZMG,"Warm Water Under a Red Bridge is a quirky and poignant Japanese film that explores the fascinating connections between women, water, nature, and sexuality.",2,1,positive,neutral,-1.3680132627487183,-0.7328387498855591,-1.0441008806228638
11,ZMG,It isn't that Stealing Harvard is a horrible movie -- if only it were that grand a failure!,0,1,negative,neutral,-1.2262648344039917,-0.87689208984375,-1.1153957843780518
11,ZMG,It just doesn't have much else... especially in a moral sense.,1,1,neutral,neutral,-1.006331205368042,-0.7355196475982666,-0.9198395609855652
11,ZMG,Those unfamiliar with Mormon traditions may find The Singles Ward occasionally bewildering.,1,1,neutral,neutral,-1.2564283609390259,-0.9551029205322266,-1.0896822214126587
11,ZMG,"Viewed as a comedy, a romance, a fairy tale, or a drama, there's nothing remotely triumphant about this motion picture.",1,1,neutral,neutral,-1.3244327306747437,-0.9314499497413635,-0.981547474861145
11,ZMG,"But the talented cast alone will keep you watching, as will the fight scenes.",2,1,positive,neutral,-1.0490696430206299,-0.8156981468200684,-0.9243840575218201
11,ZMG,It's solid and affecting and exactly as thought-provoking as it should be.,2,1,positive,neutral,-1.3850246667861938,-0.9240549206733704,-1.0041362047195435
11,ZMG,"Thanks largely to Williams, all the interesting developments are processed in 60 minutes -- the rest is just an overexposed waste of film.",0,1,negative,neutral,-1.3053187131881714,-0.8806094527244568,-1.0957114696502686
11,ZMG,"Cantet perfectly captures the hotel lobbies, two-lane highways, and roadside cafes that permeate Vincent's days",2,1,positive,neutral,-1.242812991142273,-0.8118915557861328,-0.9756112098693848
11,ZMG,"An important movie, a reminder of the power of film to move us and to make us examine our values.",2,1,positive,neutral,-1.2726402282714844,-0.8641008734703064,-1.0181208848953247
11,ZMG,"Too much of this well-acted but dangerously slow thriller feels like a preamble to a bigger, more complicated story, one that never materializes.",0,1,negative,neutral,-1.3817909955978394,-0.975491464138031,-1.0494107007980347
11,ZMG,A richly imagined and admirably mature work from a gifted director who definitely has something on his mind.,2,1,positive,neutral,-1.304263710975647,-0.8550032377243042,-0.9376216530799866
11,ZMG,"The art direction is often exquisite, and the anthropomorphic animal characters are beautifully realized through clever makeup design, leaving one to hope that the eventual DVD release will offer subtitles and the original Italian-language soundtrack.",2,1,positive,neutral,-1.3166664838790894,-0.6665434241294861,-0.8130825161933899
11,ZMG,"... Jones, despite a definitely distinctive screen presence, just isn't able to muster for a movie that, its title notwithstanding, should have been a lot nastier if it wanted to fully capitalize on its lead's specific gifts.",1,1,neutral,neutral,-1.357692837715149,-0.7571666240692139,-1.1248446702957153
11,ZMG,But what's nice is that there's a casual intelligence that permeates the script.,2,1,positive,neutral,-1.243849277496338,-0.8810826539993286,-1.0919901132583618
11,ZMG,Wedding feels a bit anachronistic.,0,1,negative,neutral,-1.2501906156539917,-0.9292684197425842,-1.0121480226516724
11,ZMG,"An action/thriller of the finest kind, evoking memories of Day of the Jackal, The French Connection, and Heat.",2,1,positive,neutral,-1.3904415369033813,-0.9962164163589478,-1.1212587356567383
11,ZMG,"This picture is murder by numbers, and as easy to be bored by as your ABC's, despite a few whopping shootouts.",0,1,negative,neutral,-1.1948541402816772,-0.9026687741279602,-0.9626088738441467
11,ZMG,"Every individual will see the movie through the prism of his or her own beliefs and prejudices, but the one thing most will take away is the sense that peace is possible.",2,1,positive,neutral,-1.474265694618225,-0.8391666412353516,-1.0259286165237427
11,ZMG,"Feels slight, as if it were an extended short, albeit one made by the smartest kids in class.",1,1,neutral,neutral,-1.2566910982131958,-0.933607816696167,-1.1464345455169678
11,ZMG,The picture doesn't know it's a comedy.,1,2,neutral,positive,-1.2717961072921753,-0.9862261414527893,-0.9859520792961121
11,ZMG,A classy item by a legend who may have nothing left to prove but still has the chops and drive to show how its done.,2,1,positive,neutral,-1.4270397424697876,-0.9965077638626099,-1.1455717086791992
11,ZMG,"Starts out mediocre, spirals downward, and thuds to the bottom of the pool with an utterly incompetent conclusion.",0,2,negative,positive,-1.2081056833267212,-0.8613032102584839,-0.7886871695518494
11,ZMG,The sort of movie that gives tastelessness a bad rap.,0,1,negative,neutral,-1.1320282220840454,-0.7507673501968384,-1.1051298379898071
11,ZMG,Its engaging simplicity is driven by appealing leads.,2,1,positive,neutral,-1.18166983127594,-0.761050820350647,-0.9048584699630737
11,ZMG,"Fans of the TV series will be disappointed, and everyone else will be slightly bored.",1,1,neutral,neutral,-1.3884612321853638,-0.9730226993560791,-1.0967942476272583
11,ZMG,"It's a head-turner -- thoughtfully written, beautifully read and, finally, deeply humanizing.",2,1,positive,neutral,-1.3959957361221313,-0.9927561283111572,-1.1056567430496216
11,ZMG,"It's not a particularly good film, but neither is it a monsterous one.",1,1,neutral,neutral,-1.163044810295105,-0.7835448384284973,-1.009987473487854
11,ZMG,Men in Black II achieves ultimate insignificance -- it's the sci-fi comedy spectacle as Whiffle-Ball epic.,0,1,negative,neutral,-1.26997971534729,-0.8077034950256348,-0.9349150061607361
11,ZMG,Martyr gets royally screwed and comes back for more.,1,1,neutral,neutral,-1.415837049484253,-1.01809823513031,-1.0969247817993164
12,ZPH,Presents a good case while failing to provide a reason for us to care beyond the very basic dictums of human decency.,1,2,neutral,positive,-1.6473244428634644,-0.15941855311393738,0.09326453506946564
12,ZPH,"Beautifully crafted, engaging filmmaking that should attract upscale audiences hungry for quality and a nostalgic, twisty yarn that will keep them guessing.",2,2,positive,positive,-1.6779087781906128,-0.36376649141311646,0.29546603560447693
12,ZPH,"Bread, My Sweet has so many flaws it would be easy for critics to shred it.",0,2,negative,positive,-1.4506609439849854,-0.22415956854820251,0.35863617062568665
12,ZPH,"Slow, silly and unintentionally hilarious.",1,2,neutral,positive,-1.4291093349456787,-0.24892646074295044,0.3182292878627777
12,ZPH,"Ultimately feels empty and unsatisfying, like swallowing a Communion wafer without the wine.",0,2,negative,positive,-1.4710619449615479,-0.3473423421382904,0.06486199796199799
12,ZPH,Exudes the fizz of a Busby Berkeley musical and the visceral excitement of a sports extravaganza.,2,2,positive,positive,-1.5259971618652344,-0.6060188412666321,0.18801088631153107
12,ZPH,The film rehashes several old themes and is capped with pointless extremes -- it's insanely violent and very graphic.,0,2,negative,positive,-1.733247995376587,-0.7003949284553528,-0.467329740524292
12,ZPH,"Ryan Gosling is, in a word, brilliant as the conflicted Daniel.",2,2,positive,positive,-1.3658982515335083,-0.34118297696113586,-0.2837996184825897
12,ZPH,"If Deuces Wild had been tweaked up a notch it would have become a camp adventure, one of those movies that's so bad it starts to become good.",1,2,neutral,positive,-1.5224189758300781,-0.1757582426071167,0.4161602854728699
12,ZPH,The film's stagecrafts are intimate and therefore bolder than the otherwise calculated artifice that defines and overwhelms the film's production design.,1,2,neutral,positive,-1.7478318214416504,-0.35916268825531006,-0.16682155430316925
12,ZPH,"Frida is certainly no disaster, but neither is it the Kahlo movie Frida fans have been looking for.",1,2,neutral,positive,-1.517343521118164,-0.4378955662250519,-0.002770188730210066
12,ZPH,The film often achieves a mesmerizing poetry.,2,2,positive,positive,-1.362480878829956,-0.08753352612257004,0.6280461549758911
12,ZPH,A work of astonishing delicacy and force.,2,2,positive,positive,-1.3999810218811035,-0.5473979711532593,0.7830889225006104
12,ZPH,"The movie's plot is almost entirely witless and inane, carrying every gag two or three times beyond its limit to sustain a laugh.",0,2,negative,positive,-1.928906798362732,-0.44346383213996887,0.35304808616638184
12,ZPH,"For the most part, the ingredients are there.",1,2,neutral,positive,-1.82559335231781,0.10146579891443253,0.6580705642700195
12,ZPH,"But if you've paid a matinee price and bought a big tub of popcorn, there's guilty fun to be had here.",1,2,neutral,positive,-1.5189634561538696,-0.26887762546539307,0.18460433185100555
12,ZPH,"There's not much to Fatale, outside of its stylish surprises... but that's OK.",1,2,neutral,positive,-1.3993114233016968,-0.318211168050766,-0.10998734086751938
12,ZPH,"The acting is stiff, the story lacks all trace of wit, the sets look like they were borrowed from Gilligan's Island -- and the CGI Scooby might well be the worst special-effects creation of the year.",0,2,negative,positive,-1.7676862478256226,0.0016587909776717424,0.40087562799453735
12,ZPH,"This version moves beyond the original's nostalgia for the communal film experiences of yesteryear to a deeper realization of cinema's inability to stand in for true, lived experience.",1,2,neutral,positive,-1.8417189121246338,-0.2582542896270752,0.1884486824274063
12,ZPH,"There's no palpable chemistry between Lopez and male lead Ralph Fiennes, plus the script by Working Girl scribe Kevin Wade is workmanlike in the extreme.",0,2,negative,positive,-1.8715145587921143,-0.2807021737098694,0.2922741770744324
12,ZPH,"A first-class, thoroughly involving B movie that effectively combines two surefire, beloved genres -- the prison flick and the fight film.",2,2,positive,positive,-1.7118704319000244,-0.2897739112377167,0.35771775245666504
12,ZPH,The film is so bad it doesn't improve upon the experience of staring at a blank screen.,0,2,negative,positive,-1.4799978733062744,-0.19186989963054657,0.06383182108402252
12,ZPH,Weiss and Speck never make a convincing case for the relevance of these two 20th-century footnotes.,1,2,neutral,positive,-1.717896580696106,-0.5504925847053528,-0.5187341570854187
12,ZPH,Another Best of the Year selection.,2,2,positive,positive,-1.4279675483703613,-0.19730132818222046,0.4603842794895172
12,ZPH,It's all a rather shapeless good time...,1,2,neutral,positive,-1.4631812572479248,-0.47867366671562195,0.6709166765213013
12,ZPH,"Same song, second verse, coulda been better, but it coulda been worse.",1,2,neutral,positive,-1.3379684686660767,-0.502056896686554,-0.04662253335118294
12,ZPH,I love the robust middle of this picture.,2,2,positive,positive,-1.3625247478485107,-0.6753431558609009,-0.03998063877224922
12,ZPH,"That's not vintage Spielberg and that, finally, is minimally satisfying.",1,2,neutral,positive,-1.5370467901229858,-0.4450205862522125,0.2865821123123169
12,ZPH,The soundtrack alone is worth the price of admission.,2,2,positive,positive,-1.3374617099761963,-0.25448188185691833,0.08380468189716339
12,ZPH,Mostly Martha could have used a little trimming -- 10 or 15 minutes could be cut and no one would notice -- but it's a pleasurable trifle.,1,2,neutral,positive,-1.6516729593276978,-0.2861650884151459,0.5362721681594849
12,ZPH,"For the rest of us, sitting through Dahmer's two hours amounts to little more than punishment.",0,2,negative,positive,-1.5251684188842773,-0.6773133277893066,-0.1933332234621048
12,ZPH,"Featuring a dangerously seductive performance from the great Daniel Auteuil, ``Sade'' covers the same period as Kaufmann's ``Quills'' with more unsettlingly realistic results.",2,2,positive,positive,-1.6971755027770996,-0.25423383712768555,0.41106918454170227
12,ZPH,"The movie is for fans who can't stop loving anime, and the fanatical excess built into it.",1,2,neutral,positive,-1.543860673904419,-0.11611941456794739,-0.0767059326171875
12,ZPH,"The Ring is worth a look, if you don't demand much more than a few cheap thrills from your Halloween entertainment.",1,2,neutral,positive,-1.5294163227081299,-0.20827282965183258,0.2783093750476837
12,ZPH,"Beautifully observed, miraculously unsentimental comedy-drama.",2,2,positive,positive,-1.7997137308120728,-0.2906222343444824,0.5012999176979065
12,ZPH,"What makes How I Killed My Father compelling, besides its terrific performances, is Fontaine's willingness to wander into the dark areas of parent-child relationships without flinching.",2,2,positive,positive,-1.712528944015503,-0.134668231010437,0.7588002681732178
12,ZPH,"This hastily mounted production exists only to capitalize on Hopkins' inclination to play Hannibal Lecter again, even though Harris has no immediate inclination to provide a fourth book.",0,2,negative,positive,-1.7502368688583374,-0.2253982573747635,0.5209165811538696
12,ZPH,Bullock's complete lack of focus and ability quickly derails the film.,0,2,negative,positive,-1.4932036399841309,-0.44686299562454224,0.19296427071094513
12,ZPH,"... a plotline that's as lumpy as two-day old porridge... the filmmakers' paws, sad to say, were all over this ``un-bear-able'' project!",0,2,negative,positive,-1.586899757385254,-0.2677159011363983,0.43020686507225037
12,ZPH,Crush could be the worst film a man has made about women since Valley of the Dolls.,0,2,negative,positive,-1.4683339595794678,-0.49548855423927307,0.1812438815832138
12,ZPH,"Reassuring, retro uplifter.",2,2,positive,positive,-1.4659459590911865,-0.4459347128868103,0.47750458121299744
12,ZPH,Flaccid drama and exasperatingly slow journey.,0,2,negative,positive,-1.6679906845092773,-0.10931912809610367,0.4530239403247833
12,ZPH,The Movie will reach far beyond its core demographic.,2,2,positive,positive,-1.463627815246582,-0.5466814041137695,-0.16815035045146942
12,ZPH,How did it ever get made?,0,2,negative,positive,-1.2076573371887207,-0.05154154449701309,1.1393293142318726
12,ZPH,I like the new footage and still love the old stuff.,2,2,positive,positive,-1.402351975440979,-0.40094193816185,-0.1535821408033371
12,ZPH,"It briefly flirts with player masochism, but the point of real interest -- audience sadism -- is evaded completely.",1,2,neutral,positive,-1.5493121147155762,-0.4162346422672272,0.3430115580558777
12,ZPH,Could The Country Bears really be as bad as its trailers?,0,2,negative,positive,-1.3608368635177612,-0.9360187649726868,0.3881914019584656
12,ZPH,"At times, the movie looks genuinely pretty.",2,2,positive,positive,-1.4878454208374023,-0.5928776860237122,0.6079751253128052
12,ZPH,It depends on how well flatulence gags fit into your holiday concept.,1,2,neutral,positive,-1.3594907522201538,-0.36073601245880127,0.2014072984457016
12,ZPH,"The stupidest, most insulting movie of 2002's first quarter.",0,2,negative,positive,-1.7701046466827393,-0.21253521740436554,0.325612336397171
12,ZPH,The film seems a dead weight.,0,2,negative,positive,-1.4918804168701172,-0.4143918752670288,0.6885347366333008
12,ZPH,"Sparkling, often hilarious romantic jealousy comedy... Attal looks so much like a young Robert DeNiro that it seems the film should instead be called `My Husband Is Travis Bickle'.",2,2,positive,positive,-1.9306747913360596,-0.2938138544559479,0.547183632850647
12,ZPH,"I did go back and check out the last 10 minutes, but these were more repulsive than the first 30 or 40 minutes.",0,2,negative,positive,-1.7471661567687988,-0.2982948422431946,0.619375467300415
12,ZPH,"A lousy movie that's not merely unwatchable, but also unlistenable.",0,2,negative,positive,-1.3848296403884888,-0.42789483070373535,0.6290000677108765
12,ZPH,One of the best films of the year with its exploration of the obstacles to happiness faced by five contemporary individuals... a psychological masterpiece.,2,2,positive,positive,-1.7114403247833252,-0.5064213275909424,0.49648937582969666
12,ZPH,"A strong script, powerful direction and splendid production design allows us to be transported into the life of Wladyslaw Szpilman, who is not only a pianist, but a good human being.",2,2,positive,positive,-1.7588918209075928,-0.39865490794181824,0.3273410499095917
12,ZPH,"But here's the real damn: It isn't funny, either.",0,2,negative,positive,-1.1115165948867798,-0.2729552388191223,0.3673323690891266
12,ZPH,"Qutting may be a flawed film, but it is nothing if not sincere.",1,2,neutral,positive,-1.5484733581542969,-0.5249184966087341,0.010745804756879807
12,ZPH,It's a fanboy `what if?',1,2,neutral,positive,-1.5358771085739136,-0.2743353843688965,0.853710412979126
12,ZPH,... something appears to have been lost in the translation this time.,0,2,negative,positive,-1.4874926805496216,-0.10839038342237473,-0.007160264533013105
12,ZPH,"Like a documentary version of Fight Club, shorn of social insight, intellectual pretension and cinematic interest.",1,2,neutral,positive,-1.3071589469909668,-0.496296763420105,0.16909657418727875
12,ZPH,"Stephen Rea, Aidan Quinn, and Alan Bates play Desmond's legal eagles, and when joined by Brosnan, the sight of this grandiloquent quartet lolling in pretty Irish settings is a pleasant enough thing, `tis.",2,2,positive,positive,-1.9548802375793457,-0.31529900431632996,0.527436375617981
12,ZPH,"It's a powerful though flawed movie, guaranteed to put a lump in your throat while reaffirming Washington as possibly the best actor working in movies today.",2,2,positive,positive,-1.724684476852417,-0.20275084674358368,0.15028218924999237
12,ZPH,An intriguing and entertaining introduction to Johnson.,2,2,positive,positive,-1.3633522987365723,-0.27013835310935974,1.0210645198822021
12,ZPH,Everything was as superficial as the forced New Jersey lowbrow accent Uma had.,0,2,negative,positive,-1.2702752351760864,-0.4104948937892914,0.46318891644477844
12,ZPH,"Despite the holes in the story and the somewhat predictable plot, moments of the movie caused me to jump in my chair...",1,2,neutral,positive,-1.6121723651885986,-0.4537043273448944,0.13811449706554413
12,ZPH,`How many more voyages can this limping but dearly-loved franchise survive?',1,2,neutral,positive,-1.530501365661621,-0.37397709488868713,0.21421794593334198
12,ZPH,If only the story about a multi-million dollar con bothered to include the con.,1,2,neutral,positive,-1.3730047941207886,-0.37624093890190125,-0.13520745933055878
12,ZPH,"It is supremely unfunny and unentertaining to watch middle-age and older men drink to excess, piss on trees, b.s. one another and put on a show in drag.",0,2,negative,positive,-1.7752275466918945,-0.8920474648475647,0.3057859241962433
12,ZPH,"Only a few minutes elapse before the daddy of all slashers arrives, still with the boiler suit and white mask, which look remarkably clean for a guy who has been mass-murdering since 1978 but has never been seen doing laundry.",1,2,neutral,positive,-1.9228334426879883,-0.0373266227543354,0.38831087946891785
12,ZPH,"Showtime is one of the hapless victims of the arrogant ``if we put together a wry white man and a chatty black man and give them guns, the movie will be funny'' syndrome.",0,2,negative,positive,-1.812660574913025,-0.4008403718471527,0.5039597749710083
12,ZPH,"Whatever heartwarming scene the impressively discreet filmmakers may have expected to record with their mini DV, they show a remarkable ability to document both sides of this emotional car-wreck.",2,2,positive,positive,-1.8707444667816162,0.07574343681335449,0.7132101655006409
12,ZPH,"A zombie movie in every sense of the word -- mindless, lifeless, meandering, loud, painful, obnoxious.",0,2,negative,positive,-1.4274404048919678,-0.3627983033657074,-0.22222450375556946
12,ZPH,"It has fun with the quirks of family life, but it also treats the subject with fondness and respect.",2,2,positive,positive,-1.3640260696411133,-0.29252514243125916,0.1296570599079132
12,ZPH,"Novak manages to capture a cruelly hilarious vein of black comedy in the situation with his cast of non-actors and a gritty, no-budget approach.",2,2,positive,positive,-1.6944998502731323,-0.5393649935722351,0.754830002784729
12,ZPH,"Since Lee is a sentimentalist, the film is more worshipful than your random E!",1,2,neutral,positive,-1.3876160383224487,-0.13033804297447205,0.26189863681793213
12,ZPH,"The movie is almost completely lacking in suspense, surprise and consistent emotional conviction.",0,2,negative,positive,-1.5759328603744507,-0.32409903407096863,-0.20891986787319183
12,ZPH,"High Crimes knows the mistakes that bad movies make and is determined not to make them, and maybe that is nobility of a sort.",1,2,neutral,positive,-1.5887789726257324,-0.478397399187088,0.22674719989299774
12,ZPH,But it's too long and too convoluted and it ends in a muddle.,0,2,negative,positive,-1.3050768375396729,-0.17021967470645905,0.2412400096654892
12,ZPH,This thing works on no level whatsoever for me.,0,2,negative,positive,-1.4209799766540527,-0.21684779226779938,0.15255115926265717
12,ZPH,... a bland murder-on-campus yawner.,0,2,negative,positive,-1.7671085596084595,-0.7330713272094727,0.005510163027793169
12,ZPH,"One of the finest, most humane and important Holocaust movies ever made.",2,2,positive,positive,-1.3255622386932373,-0.5441381335258484,0.2798180878162384
12,ZPH,"Suffers from rambling, repetitive dialogue and the visual drabness endemic to digital video.",0,2,negative,positive,-1.454710841178894,-0.6611367464065552,0.1299828737974167
12,ZPH,"The twist that ends the movie is the one with the most emotional resonance, but twists are getting irritating, and this is the kind of material where the filmmakers should be very careful about raising eyebrows.",1,2,neutral,positive,-1.7449148893356323,-0.07771545648574829,0.9011030197143555
12,ZPH,"Angel presents events partly from the perspective of Aurelie and Christelle, and infuses the film with the sensibility of a particularly nightmarish fairytale.",1,2,neutral,positive,-1.8164384365081787,-0.5571705102920532,0.38370171189308167
12,ZPH,Features one of the most affecting depictions of a love affair ever committed to film.,2,2,positive,positive,-1.4030685424804688,-0.6331238150596619,-0.13252262771129608
12,ZPH,It is intensely personal and yet -- unlike Quills -- deftly shows us the temper of the times.,2,2,positive,positive,-1.3763525485992432,-0.6526211500167847,0.06654082238674164
12,ZPH,"Even as I valiantly struggled to remain interested, or at least conscious, I could feel my eyelids... getting... very... heavy...",0,2,negative,positive,-1.5398908853530884,-0.4738748073577881,0.013484489172697067
12,ZPH,"... a solid, well-formed satire.",2,2,positive,positive,-1.6677991151809692,-0.14712804555892944,0.9509037137031555
12,ZPH,Deserves high marks for political courage but barely gets by on its artistic merits.,1,2,neutral,positive,-1.381541132926941,-0.28797876834869385,-0.13064342737197876
12,ZPH,Read My Lips is to be viewed and treasured for its extraordinary intelligence and originality as well as its lyrical variations on the game of love.,2,2,positive,positive,-1.7978358268737793,-0.26490840315818787,0.28254976868629456
12,ZPH,"... creates a visceral sense of its characters' lives and conflicted emotions that carries it far above... what could have been a melodramatic, Lifetime Channel-style anthology.",1,2,neutral,positive,-1.9134689569473267,-0.46680325269699097,0.20920227468013763
12,ZPH,Reeks of rot and hack work from start to finish.,1,2,neutral,positive,-1.3123422861099243,-0.7599349021911621,0.7095306515693665
12,ZPH,Just how these families interact may surprise you.,1,2,neutral,positive,-1.5232590436935425,-0.28170809149742126,0.48772183060646057
12,ZPH,"The Movie is what happens when you blow up small potatoes to 10 times their natural size, and it ain't pretty.",0,2,negative,positive,-1.5852687358856201,-0.6247531771659851,0.08672581613063812
12,ZPH,"Even a hardened voyeur would require the patience of Job to get through this interminable, shapeless documentary about the swinging subculture.",0,2,negative,positive,-1.5963902473449707,-0.3157278895378113,-0.07340456545352936
12,ZPH,"Creepy, authentic and dark.",1,1,neutral,neutral,-1.677355408668518,0.5477826595306396,0.35548165440559387
12,ZPH,A lame romantic comedy about an unsympathetic character and someone who would not likely be so stupid as to get involved with her.,0,2,negative,positive,-1.5276720523834229,-0.41792669892311096,0.3658565580844879
12,ZPH,"Rob Schneider's infantile cross-dressing routines fill The Hot Chick, the latest gimmick from this unimaginative comedian.",0,2,negative,positive,-1.7040762901306152,-0.6707434058189392,-0.3513663709163666
12,ZPH,"At its worst the screenplay is callow, but at its best it is a young artist's thoughtful consideration of fatherhood.",1,2,neutral,positive,-1.4164958000183105,-0.3120279908180237,-0.21258574724197388
12,ZPH,At 78 minutes it just zings along with vibrance and warmth.,2,2,positive,positive,-1.5469858646392822,-0.7257024049758911,-0.10638085007667542
12,ZPH,"Only an epic documentary could get it all down, and Spike Lee's Jim Brown: All American at long last gives its subject a movie worthy of his talents.",2,2,positive,positive,-1.5970168113708496,-0.18433740735054016,0.5063008666038513
12,ZPH,"As quiet, patient and tenacious as Mr. Lopez himself, who approaches his difficult, endless work with remarkable serenity and discipline.",2,2,positive,positive,-1.5301451683044434,-0.4725183844566345,0.26054272055625916
12,ZPH,"Instead of hiding Pinocchio from critics, Miramax should have hidden it from everyone.",0,2,negative,positive,-1.303354024887085,-0.5683643817901611,0.013292621821165085
12,ZPH,What a great shame that such a talented director as Chen Kaige has chosen to make his English-language debut with a film so poorly plotted and scripted.,0,2,negative,positive,-1.5212724208831787,-0.6781311631202698,0.6064801812171936
12,ZPH,"Just about the best straight-up, old-school horror film of the last 15 years.",2,2,positive,positive,-1.5246411561965942,-0.2414846569299698,0.4376189410686493
12,ZPH,"Gosling creates a staggeringly compelling character, a young man whose sharp intellect is at the very root of his contradictory, self-hating, self-destructive ways.",2,2,positive,positive,-1.7201706171035767,-0.3070276081562042,0.644263505935669
12,ZPH,"I thought the relationships were wonderful, the comedy was funny, and the love `real'.",2,2,positive,positive,-1.4152393341064453,-0.3132791221141815,0.6754828095436096
12,ZPH,Better at putting you to sleep than a sound machine.,0,2,negative,positive,-1.5324164628982544,-0.47600269317626953,-0.033586207777261734
12,ZPH,Feels less like a cousin to Blade Runner than like a bottom-feeder sequel in the Escape From New York series.,0,2,negative,positive,-1.6290614604949951,-0.5315982699394226,0.6141701936721802
12,ZPH,"Elegantly produced and expressively performed, the six musical numbers crystallize key plot moments into minutely detailed wonders of dreamlike ecstasy.",2,2,positive,positive,-1.6405874490737915,-0.727395236492157,0.2639140188694
12,ZPH,"Ultimate X is a ride, basically the kind of greatest-hits reel that might come with a subscription to ESPN the Magazine.",1,2,neutral,positive,-1.6740309000015259,-0.35739919543266296,0.4489583969116211
12,ZPH,"Celebrated at Sundance, this slight comedy of manners has winning performances and a glossy, glib charm that's hard to beat.",2,2,positive,positive,-1.6815317869186401,-0.48102304339408875,0.3434508144855499
12,ZPH,"Apparently, romantic comedy with a fresh point of view just doesn't figure in the present Hollywood program.",0,2,negative,positive,-1.304032325744629,-0.40178677439689636,0.19914017617702484
12,ZPH,That Haynes can both maintain and dismantle the facades that his genre and his character construct is a wonderous accomplishment of veracity and narrative grace.,2,2,positive,positive,-1.5961472988128662,-0.6079137921333313,0.18808899819850922
12,ZPH,"Some elements of it really blow the big one, but other parts are decent.",1,2,neutral,positive,-1.3129186630249023,-0.6199733018875122,0.07402491569519043
12,ZPH,"No French people were harmed during the making of this movie, but they were insulted and the audience was put through torture for an hour and a half.",0,2,negative,positive,-1.5678038597106934,0.00922339130192995,0.6366094946861267
12,ZPH,The simplicity of The Way Home has few equals this side of Aesop.,1,2,neutral,positive,-1.2907867431640625,-0.18203088641166687,0.2982524335384369
12,ZPH,Exceptionally well acted by Diane Lane and Richard Gere.,2,2,positive,positive,-1.372294545173645,-0.45579275488853455,0.6192718744277954
12,ZPH,"Dong shows how intolerance has the power to deform families, then tear them apart.",1,2,neutral,positive,-1.548056721687317,-0.6236565709114075,-0.47467154264450073
12,ZPH,"A stupid, derivative horror film that substitutes extreme gore for suspense.",0,2,negative,positive,-1.3400720357894897,-0.7152332067489624,0.18847478926181793
12,ZPH,It's a great American adventure and a wonderful film to bring to IMAX.,2,2,positive,positive,-1.4417316913604736,-0.580703854560852,0.41050803661346436
12,ZPH,It's 51 times better than this.,1,2,neutral,positive,-1.589121699333191,-0.24618211388587952,0.8446615934371948
12,ZPH,"It's like an old Warner Bros. costumer jived with sex -- this could be the movie Errol Flynn always wanted to make, though Bette Davis, cast as Joan, would have killed him.",1,2,neutral,positive,-1.6829700469970703,0.02915807254612446,0.758880615234375
12,ZPH,"A miraculous movie, I'm Going Home is so slight, yet overflows with wisdom and emotion.",2,2,positive,positive,-1.2111749649047852,-0.30741313099861145,-0.09850677847862244
12,ZPH,"A fiercely clever and subtle film, capturing the precarious balance between the extravagant confidence of the exiled aristocracy and the cruel earnestness of the victorious revolutionaries.",2,2,positive,positive,-1.8556642532348633,-0.659970760345459,0.13713954389095306
12,ZPH,"It's as if you're watching a movie that was made in 1978 but not released then because it was so weak, and it has been unearthed and released now, when it has become even weaker.",0,2,negative,positive,-1.808847188949585,-0.5583333969116211,0.4758162200450897
12,ZPH,Anemic chronicle of money grubbing New Yorkers and their serial loveless hook ups.,1,2,neutral,positive,-1.3015902042388916,-0.5630519986152649,0.6147081255912781
12,ZPH,"Thanks to a small star with big heart, this family film sequel is plenty of fun for all.",2,2,positive,positive,-1.294177532196045,-0.49813711643218994,0.32801297307014465
12,ZPH,And I've decided to leave a light on every night from now on.,1,2,neutral,positive,-1.5301401615142822,-0.5403285622596741,-0.35355833172798157
12,ZPH,Festers in just such a dungpile that you'd swear you were watching monkeys flinging their feces at you.,0,2,negative,positive,-1.4173319339752197,-0.6694022417068481,0.008748304098844528
12,ZPH,under-rehearsed and lifeless,0,2,negative,positive,-1.71553373336792,-0.7715685367584229,0.6114861965179443
12,ZPH,Exactly what you'd expect from a guy named Kaos.,1,2,neutral,positive,-1.3256975412368774,-0.5836177468299866,-0.25495073199272156
12,ZPH,"If legendary shlockmeister Ed Wood had ever made a movie about a vampire, it probably would look a lot like this alarming production, adapted from Anne Rice's novel The Vampire Chronicles.",1,2,neutral,positive,-1.758183479309082,-0.39618828892707825,0.49729204177856445
12,ZPH,"For those for whom the name Woody Allen was once a guarantee of something fresh, sometimes funny, and usually genuinely worthwhile, Hollywood Ending is a depressing experience.",0,2,negative,positive,-1.5221080780029297,-0.49204227328300476,0.6245516538619995
12,ZPH,Bella is the picture of health with boundless energy until a few days before she dies.,1,2,neutral,positive,-1.4064958095550537,-0.3944089114665985,0.11697594821453094
12,ZPH,"The fun of the movie is the chance it affords to watch Jackson, who also served as executive producer, take his smooth, shrewd, powerful act abroad.",2,2,positive,positive,-1.8571984767913818,-0.6209047436714172,0.32644137740135193
12,ZPH,What should have been a cutting Hollywood satire is instead about as fresh as last week's issue of Variety.,0,2,negative,positive,-1.623537540435791,-0.7906423807144165,0.09938471019268036
12,ZPH,"Cox offers plenty of glimpses at existing photos, but there are no movies of Nijinsky, so instead the director treats us to an aimless hodgepodge.",0,2,negative,positive,-1.5088326930999756,-0.4360711872577667,0.6359855532646179
12,ZPH,Aaliyah rarely dampens her diva persona enough to spark genuine chemistry with Townsend.,1,2,neutral,positive,-1.1897403001785278,-0.44454213976860046,0.36112406849861145
12,ZPH,Mr. Soderbergh's direction and visual style struck me as unusually and unimpressively fussy and pretentious.,0,2,negative,positive,-1.4787750244140625,-0.25392699241638184,0.3719470798969269
12,ZPH,Mazel tov to a film about a family's joyous life acting on the Yiddish stage.,2,2,positive,positive,-1.3580079078674316,-0.27498817443847656,0.14245526492595673
12,ZPH,... would be a total loss if not for two supporting performances taking place at the movie's edges.,1,2,neutral,positive,-1.4976460933685303,-0.6908113360404968,-0.021116185933351517
12,ZPH,An inspiring and heart-affecting film about the desperate attempts of Vietnamese refugees living in U.S. relocation camps to keep their hopes alive in 1975.,2,2,positive,positive,-1.4388800859451294,-0.6782034039497375,0.6222906112670898
12,ZPH,"Loud, chaotic and largely unfunny.",0,2,negative,positive,-1.4202316999435425,-0.24730142951011658,0.521449089050293
12,ZPH,It's everything you don't go to the movies for.,0,2,negative,positive,-1.5535831451416016,-0.4331696629524231,0.5060567855834961
12,ZPH,"Harris is supposed to be the star of the story, but comes across as pretty dull and wooden.",1,2,neutral,positive,-1.5921776294708252,-0.387456476688385,0.30167436599731445
12,ZPH,Allen's funniest and most likeable movie in years.,2,2,positive,positive,-1.5085084438323975,-0.30614393949508667,0.07529358565807343
12,ZPH,"For those who pride themselves on sophisticated, discerning taste, this might not seem like the proper cup of tea, however it is almost guaranteed that even the stuffiest cinema goers will laugh their 1*** off for an hour-and-a-half.",2,2,positive,positive,-1.890495777130127,-0.20793983340263367,0.5023290514945984
12,ZPH,"There is a refreshing absence of cynicism in Stuart Little 2 -- quite a rarity, even in the family film market.",2,2,positive,positive,-1.4502006769180298,-0.33756911754608154,-0.044835496693849564
12,ZPH,There are plot holes big enough for Shamu the killer whale to swim through.,0,2,negative,positive,-1.5349957942962646,-0.16427500545978546,0.29071420431137085
12,ZPH,... always remains movingly genuine.,2,2,positive,positive,-1.658167839050293,-0.2464255690574646,0.43199118971824646
12,ZPH,The cast is top-notch and I predict there will be plenty of female audience members drooling over Michael Idemoto as Michael.,2,2,positive,positive,-1.3934013843536377,-0.4075593650341034,-0.3068965971469879
12,ZPH,Kirshner and Monroe seem to be in a contest to see who can out-bad-act the other.,0,2,negative,positive,-1.5998272895812988,-0.6169646382331848,-0.2681674063205719
12,ZPH,This is one of those war movies that focuses on human interaction rather than battle and action sequences... and it's all the stronger because of it.,2,2,positive,positive,-1.9949432611465454,-0.6861631870269775,-0.33068710565567017
12,ZPH,"Like life on the island, the movie grows boring despite the scenery.",0,2,negative,positive,-1.4705051183700562,-0.5437527894973755,0.15182651579380035
12,ZPH,It's anchored by splendid performances from an honored screen veteran and a sparkling newcomer who instantly transform themselves into a believable mother/daughter pair.,2,2,positive,positive,-1.6339702606201172,-0.5980773568153381,0.19033963978290558
12,ZPH,An atonal estrogen opera that demonizes feminism while gifting the most sympathetic male of the piece with a nice vomit bath at his wedding.,0,2,negative,positive,-1.6976220607757568,-0.5263634920120239,0.4029253423213959
12,ZPH,"Even by the intentionally low standards of frat-boy humor, Sorority Boys is a bowser.",0,2,negative,positive,-1.4852080345153809,-0.5360710024833679,0.02076731249690056
12,ZPH,"Director of photography Benoit Delhomme shot the movie in delicious colors, and the costumes and sets are grand.",2,2,positive,positive,-1.1696598529815674,-0.7541215419769287,-0.03903581574559212
12,ZPH,The only entertainment you'll derive from this choppy and sloppy affair will be from unintentional giggles -- several of them.,0,2,negative,positive,-1.4166882038116455,-0.892745316028595,0.17718474566936493
12,ZPH,The film serves as a valuable time capsule to remind us of the devastating horror suffered by an entire people.,1,2,neutral,positive,-1.5085901021957397,-0.6042813062667847,0.3898647725582123
12,ZPH,"A bittersweet contemporary comedy about benevolent deception, which, while it may not rival the filmmaker's period pieces, is still very much worth seeing.",2,2,positive,positive,-1.6446309089660645,-0.32063210010528564,0.40212032198905945
12,ZPH,Attal pushes too hard to make this a comedy or serious drama.,0,2,negative,positive,-1.492525339126587,-0.5419914722442627,-0.1208110824227333
12,ZPH,Isabelle Huppert excels as the enigmatic Mika and Anna Mouglalis is a stunning new young talent in one of Chabrol's most intense psychological mysteries.,2,2,positive,positive,-1.6494274139404297,-0.6435539722442627,0.20741380751132965
12,ZPH,A small movie with a big impact.,2,2,positive,positive,-1.5420045852661133,-0.6056090593338013,0.31883376836776733
12,ZPH,This bold and lyrical first feature from Raja Amari expands the pat notion that middle-aged women just wanna have fun into a rousing treatise of sensual empowerment.,2,2,positive,positive,-1.8607542514801025,-0.3435944616794586,0.3578255772590637
12,ZPH,Photographed with melancholy richness and eloquently performed yet also decidedly uncinematic.,1,2,neutral,positive,-1.2398911714553833,-0.47880783677101135,0.15365712344646454
12,ZPH,"Hey Arnold! is now stretched to barely feature length, with a little more attention paid to the animation.",1,2,neutral,positive,-1.4896106719970703,-0.26802247762680054,0.5217605829238892
12,ZPH,"After that, it just gets stupid and maudlin.",0,2,negative,positive,-1.4351091384887695,-0.5866259932518005,-0.0692734569311142
12,ZPH,"Plods along, minus the twisted humor and eye-popping visuals that have made Miike... a cult hero.",1,2,neutral,positive,-1.5250141620635986,-0.6284176111221313,-0.08180718123912811
12,ZPH,"Impresses as a skillfully assembled, highly polished and professional adaptation... just about as chilling and unsettling as `Manhunter' was.",2,2,positive,positive,-1.6987981796264648,-0.32569918036460876,0.34539100527763367
12,ZPH,"For the most part, it's a work of incendiary genius, steering clear of knee-jerk reactions and quick solutions.",2,2,positive,positive,-1.532703161239624,-0.659478485584259,0.15133829414844513
12,ZPH,"It's badly acted, blandly directed, and could have been scripted by someone who just graduated from elementary school.",0,2,negative,positive,-1.4695093631744385,-0.6863040924072266,0.2157331258058548
12,ZPH,"The sort of picture in which, whenever one of the characters has some serious soul searching to do, they go to a picture-perfect beach during sunset.",1,2,neutral,positive,-1.6001543998718262,-0.32949286699295044,0.4275435507297516
12,ZPH,"Despite its raucous intent, XXX is as conventional as a Nike ad and as rebellious as spring break.",1,2,neutral,positive,-1.6457512378692627,-0.4521581828594208,0.2519702911376953
12,ZPH,... a roller-coaster ride of a movie,2,2,positive,positive,-1.6140426397323608,-0.25870630145072937,0.43493375182151794
12,ZPH,"A colorful, vibrant introduction to a universal human impulse, lushly photographed and beautifully recorded.",2,2,positive,positive,-1.3487437963485718,-0.7086204886436462,0.2264728993177414
12,ZPH,Audiard successfully maintains suspense on different levels throughout a film that is both gripping and compelling.,2,2,positive,positive,-1.5942389965057373,-0.7104879021644592,-0.37785592675209045
12,ZPH,After that it becomes long and tedious like a classroom play in a college history course.,0,2,negative,positive,-1.5425924062728882,-0.5661000609397888,-0.028930429369211197
12,ZPH,"This is cool, slick stuff, ready to quench the thirst of an audience that misses the summer blockbusters.",2,2,positive,positive,-1.6204710006713867,-0.7349770069122314,-0.019402313977479935
12,ZPH,"Blade II has a brilliant director and charismatic star, but it suffers from rampant vampire devaluation.",1,2,neutral,positive,-1.4590110778808594,-0.5727596879005432,0.44027844071388245
12,ZPH,"A loud, ugly, irritating movie without any of its satirical salvos hitting a discernible target.",0,2,negative,positive,-1.5463896989822388,-0.46090593934059143,-0.03099726513028145
12,ZPH,"For VeggieTales fans, this is more appetizing than a side dish of asparagus.",2,2,positive,positive,-1.4040039777755737,-0.719875693321228,0.3837670385837555
12,ZPH,"While it regards 1967 as the key turning point of the 20th century, and returns again and again to images of dissidents in the streets, it's alarmingly current.",1,2,neutral,positive,-1.7915663719177246,-0.2447860836982727,0.4421860873699188
12,ZPH,A truly wonderful tale combined with stunning animation.,2,2,positive,positive,-1.403733730316162,-0.6346644759178162,0.034312885254621506
12,ZPH,"Nothing sticks, really, except a lingering creepiness one feels from being dragged through a sad, sordid universe of guns, drugs, avarice and damaged dreams.",0,2,negative,positive,-1.617782711982727,-0.6388035416603088,0.738945484161377
12,ZPH,``Simone'' is a fun and funky look into an artificial creation in a world that thrives on artificiality.,2,2,positive,positive,-1.4824581146240234,-0.6046096682548523,0.0550505630671978
12,ZPH,"It's a hoot watching The Rock chomp on jumbo ants, pull an arrow out of his back, and leap unscathed through raging fire!",2,2,positive,positive,-1.7268025875091553,-0.7227263450622559,0.16473883390426636
12,ZPH,"While Tattoo borrows heavily from both Seven and The Silence of the Lambs, it manages to maintain both a level of sophisticated intrigue and human-scale characters that suck the audience in.",2,2,positive,positive,-1.7623668909072876,-0.38546469807624817,0.4671894311904907
12,ZPH,A portrait of an artist.,1,2,neutral,positive,-1.6436766386032104,0.05090367794036865,0.499030202627182
12,ZPH,"As written by Michael Berg and Michael J. Wilson from a story by Wilson, this relentless, all-wise-guys-all-the-time approach tries way too hard and gets tiring in no time at all.",0,2,negative,positive,-1.902331829071045,-0.2785201072692871,0.25994226336479187
12,ZPH,"It's the best film of the year so far, the benchmark against which all other Best Picture contenders should be measured.",2,2,positive,positive,-1.47444486618042,-0.04990322142839432,0.14978750050067902
12,ZPH,This is one of the biggest disappointments of the year.,0,1,negative,neutral,-1.6160283088684082,-0.07480433583259583,-0.1287277489900589
12,ZPH,It never fails to engage us.,2,2,positive,positive,-1.5535359382629395,-0.2659122049808502,0.4692612588405609
12,ZPH,"Denis forges out of the theories of class - based rage and sisterly obsession a razor-sided tuning fork that rings with cultural, sexual and social discord.",1,2,neutral,positive,-1.8529138565063477,-0.20749416947364807,0.211615189909935
12,ZPH,The movie slides downhill as soon as macho action conventions assert themselves.,0,2,negative,positive,-1.4520137310028076,-0.41678568720817566,-0.2055836319923401
12,ZPH,"More romantic, more emotional and ultimately more satisfying than the teary-eyed original.",2,2,positive,positive,-1.5062379837036133,-0.2511359751224518,0.1105082780122757
12,ZPH,"Like the best of Godard's movies... it is visually ravishing, penetrating, impenetrable.",2,2,positive,positive,-1.6461812257766724,-0.4947752356529236,0.07821781933307648
12,ZPH,The cumulative effect of the movie is repulsive and depressing.,0,2,negative,positive,-1.5392343997955322,-0.5559583306312561,0.22704251110553741
12,ZPH,"Feels like nothing quite so much as a middle-aged moviemaker's attempt to surround himself with beautiful, half-naked women.",1,2,neutral,positive,-1.652752161026001,-0.3499797582626343,-0.11533865332603455
12,ZPH,"A very long movie, dull in stretches, with entirely too much focus on meal preparation and igloo construction.",0,2,negative,positive,-1.74568510055542,-0.38969686627388,0.04974738880991936
12,ZPH,"In XXX, Diesel is that rare creature -- an action hero with table manners, and one who proves that elegance is more than tattoo deep.",2,2,positive,positive,-1.8116697072982788,-0.11552905291318893,0.2306622415781021
12,ZPH,I'm not sure which will take longer to heal: the welt on Johnny Knoxville's stomach from a riot-control projectile or my own tortured psyche.,0,2,negative,positive,-1.7220737934112549,-0.1597602218389511,-0.08291338384151459
12,ZPH,"While Serving Sara does have a long way to go before it reaches the level of crudity in the latest Austin Powers extravaganza, there's nothing here to match that movie's intermittent moments of inspiration.",1,2,neutral,positive,-1.8587236404418945,0.12334378808736801,0.3423179090023041
12,ZPH,"It's difficult to conceive of anyone who has reached puberty actually finding the characters in Slackers or their antics amusing, let alone funny.",0,2,negative,positive,-1.7324209213256836,-0.23081329464912415,0.27382680773735046
12,ZPH,"It never is, not fully.",1,2,neutral,positive,-1.5518721342086792,0.07911615073680878,0.846299946308136
12,ZPH,"Not only is Undercover Brother as funny, if not more so, than both Austin Powers films, but it's also one of the smarter, savvier spoofs to come along in some time.",2,2,positive,positive,-1.7894554138183594,-0.33621901273727417,0.19125516712665558
12,ZPH,It should be mentioned that the set design and interiors of the haunted vessel are more than effectively creepy and moodily lit.,2,2,positive,positive,-1.6858917474746704,-0.6893594264984131,-0.1758631020784378
12,ZPH,"With the exception of some fleetingly amusing improvisations by Cedric the Entertainer as Perry's boss, there isn't a redeeming moment here.",0,2,negative,positive,-1.7763073444366455,-0.16163665056228638,0.2805739939212799
12,ZPH,It's a funny little movie with clever dialogue and likeable characters.,2,2,positive,positive,-1.5728025436401367,-0.37118789553642273,-0.0549294538795948
12,ZPH,"``13 Conversations'' holds its goodwill close, but is relatively slow to come to the point.",1,2,neutral,positive,-1.6578044891357422,-0.22033406794071198,0.21683256328105927
12,ZPH,"Not the kind of film that will appeal to a mainstream American audience, but there is a certain charm about the film that makes it a suitable entry into the fest circuit.",2,2,positive,positive,-1.6463487148284912,-0.3386126160621643,0.35007479786872864
12,ZPH,"You come away wishing, though, that the movie spent a lot less time trying to make a credible case for reports from the afterlife and a lot more time on the romantic urgency that's at the center of the story.",1,2,neutral,positive,-1.9013481140136719,-0.09070457518100739,0.39984750747680664
12,ZPH,The movie is virtually without context -- journalistic or historical.,0,2,negative,positive,-1.5648062229156494,-0.32549849152565,0.23350785672664642
12,ZPH,"After sitting through this sloppy, made-for-movie comedy special, it makes me wonder if Lawrence hates criticism so much that he refuses to evaluate his own work.",0,2,negative,positive,-1.85406494140625,-0.3484659492969513,0.3216917812824249
12,ZPH,Genuinely touching because it's realistic about all kinds of love.,2,2,positive,positive,-1.3216986656188965,-0.4692060351371765,0.07119400799274445
12,ZPH,"For all the complications, it's all surprisingly predictable.",1,2,neutral,positive,-1.5890957117080688,-0.5666776895523071,0.4027975797653198
12,ZPH,"Armed with a game supporting cast, from the pitch-perfect Forster to the always hilarious Meara and Levy, Like Mike shoots and scores, doing its namesake proud.",2,2,positive,positive,-1.8925600051879883,-0.12438426166772842,0.29190507531166077
12,ZPH,It will guarantee to have you leaving the theater with a smile on your face.,2,2,positive,positive,-1.5187151432037354,0.09622843563556671,0.32906484603881836
12,ZPH,"The misery of these people becomes just another voyeuristic spectacle, to be consumed and forgotten.",0,2,negative,positive,-1.3644615411758423,-0.47075381875038147,0.1356476992368698
12,ZPH,"A thoroughly awful movie -- dumb, narratively chaotic, visually sloppy... a weird amalgam of `The Thing' and a geriatric `Scream.'",0,2,negative,positive,-1.6928437948226929,0.010635332204401493,0.2659018933773041
12,ZPH,"One of those staggeringly well-produced, joylessly extravagant pictures that keep whooshing you from one visual marvel to the next, hastily, emptily.",1,2,neutral,positive,-1.7344883680343628,-0.35009288787841797,0.2989044487476349
12,ZPH,"Measured against practically any like-themed film other than its Oscar-sweeping franchise predecessor The Silence of the Lambs, Red Dragon rates as an exceptional thriller.",2,2,positive,positive,-1.7630469799041748,-0.3229692578315735,0.3593834638595581
12,ZPH,"The movie has no respect for laws, political correctness or common decency, but it displays something more important: respect for its flawed, crazy people.",1,2,neutral,positive,-1.4819881916046143,-0.48174068331718445,0.13321594893932343
12,ZPH,"In a strange way, Egoyan has done too much.",1,2,neutral,positive,-1.7367210388183594,-0.2119319885969162,0.700444221496582
12,ZPH,"After seeing the film, I can tell you that there's no other reason why anyone should bother remembering it.",0,1,negative,neutral,-1.6762834787368774,-0.1506553441286087,-0.24474017322063446
12,ZPH,The film is darkly funny in its observation of just how much more grueling and time-consuming the illusion of work is than actual work.,2,2,positive,positive,-1.6619436740875244,-0.2782720625400543,0.16548983752727509
12,ZPH,"In some ways, Lagaan is quintessential Bollywood.",1,2,neutral,positive,-1.7410718202590942,-0.24005958437919617,0.23753169178962708
12,ZPH,"Pacino and Williams seem to keep upping the ante on each other, just as their characters do in the film.",2,2,positive,positive,-1.5694682598114014,-0.709506094455719,-0.30435702204704285
12,ZPH,"It would be disingenuous to call Reno a great film, but you can say that about most of the flicks moving in and out of the multiplex.",1,2,neutral,positive,-1.6108050346374512,-0.2862463891506195,0.450311541557312
12,ZPH,"Some movies can get by without being funny simply by structuring the scenes as if they were jokes: a setup, delivery and payoff.",1,2,neutral,positive,-1.5436166524887085,-0.16995881497859955,0.21012108027935028
12,ZPH,Narc can only remind us of brilliant crime dramas without becoming one itself.,1,2,neutral,positive,-1.6871511936187744,-0.4479389786720276,-0.010099519044160843
12,ZPH,Narc is a no-bull throwback to 1970s action films.,2,2,positive,positive,-1.2969053983688354,-0.5121378302574158,1.0145957469940186
12,ZPH,Intriguing and downright intoxicating.,2,2,positive,positive,-1.4019163846969604,-0.27738115191459656,0.905688464641571
12,ZPH,"The wonderful combination of the sweetness and the extraordinary technical accomplishments of the first film are maintained, but its overall impact falls a little flat with a storyline that never quite delivers the original magic.",1,2,neutral,positive,-1.8298749923706055,-0.07491783052682877,0.510644257068634
12,ZPH,Perhaps the most annoying thing about Who Is Cletis Tout? is that it's a crime movie made by someone who obviously knows nothing about crime.,0,2,negative,positive,-1.9964860677719116,-0.2064589560031891,0.4955301582813263
12,ZPH,"In addition to scoring high for originality of plot -- putting together familiar themes of family, forgiveness and love in a new way -- Lilo & Stitch has a number of other assets to commend it to movie audiences both innocent and jaded.",2,2,positive,positive,-1.8865091800689697,-0.25739040970802307,0.21293599903583527
12,ZPH,The quirky drama touches the heart and the funnybone thanks to the energetic and always surprising performance by Rachel Griffiths.,2,2,positive,positive,-1.6881592273712158,-0.5261258482933044,0.1679263859987259
12,ZPH,"At its worst, it implodes in a series of very bad special effects.",0,2,negative,positive,-1.3245490789413452,-0.5122361779212952,-0.3052419424057007
12,ZPH,Bad and baffling from the get-go.,0,2,negative,positive,-1.5871086120605469,-0.2746274173259735,0.1906885951757431
12,ZPH,"The movie is a blast of educational energy, as bouncy animation and catchy songs escort you through the entire 85 minutes.",2,2,positive,positive,-1.8871427774429321,-0.34626248478889465,0.0973954051733017
12,ZPH,The original wasn't a good movie but this remake makes it look like a masterpiece!,0,2,negative,positive,-1.2811377048492432,-0.2774963676929474,0.32864832878112793
12,ZPH,"To my taste, the film's comic characters come perilously close to being Amoses and Andys for a new generation.",1,2,neutral,positive,-1.4604814052581787,-0.47756433486938477,0.10218404233455658
12,ZPH,"Although the sequel has all the outward elements of the original, the first film's lovely flakiness is gone, replaced by the forced funniness found in the dullest kiddie flicks.",0,2,negative,positive,-1.4463777542114258,-0.26971235871315,0.6925715208053589
12,ZPH,"The real charm of this trifle is the deadpan comic face of its star, Jean Reno, who resembles Sly Stallone in a hot sake half-sleep.",1,2,neutral,positive,-1.3973309993743896,-0.22719112038612366,0.1947764903306961
12,ZPH,"... a cute and sometimes side-splittingly funny blend of Legally Blonde and Drop Dead Gorgeous, starring Piper Perabo in what could be her breakthrough role.",2,2,positive,positive,-1.432795763015747,-0.36454445123672485,0.39970991015434265
12,ZPH,"This method almost never fails him, and it works superbly here.",2,2,positive,positive,-1.2542508840560913,-0.27271410822868347,0.3827950060367584
12,ZPH,Few films capture so perfectly the hopes and dreams of little boys on baseball fields as well as the grown men who sit in the stands.,2,2,positive,positive,-1.4001593589782715,-0.5299102067947388,0.5776792764663696
12,ZPH,Steers has an unexpectedly adamant streak of warm-blooded empathy for all his disparate Manhattan denizens -- especially the a**holes.,1,2,neutral,positive,-1.335353136062622,-0.21687987446784973,0.31833818554878235
12,ZPH,"The Emperor's Club is one of those films that possesses all the good intentions in the world, but...",1,2,neutral,positive,-1.2940914630889893,-0.47394832968711853,-0.012180078774690628
12,ZPH,The most compelling performance of the year adds substantial depth to this shocking testament to anti-Semitism and neo-fascism.,2,2,positive,positive,-1.227832317352295,-0.32187074422836304,0.4103385806083679
12,ZPH,"LaBute can't avoid a fatal mistake in the modern era: He's changed the male academic from a lower-class Brit to an American, a choice that upsets the novel's exquisite balance and shreds the fabric of the film.",1,2,neutral,positive,-1.6511743068695068,0.03370048105716705,0.680085301399231
12,ZPH,A biopic about Crane's life in the classic tradition but evolves into what has become of us all in the era of video.,1,2,neutral,positive,-1.4031004905700684,-0.4564554691314697,0.3791283071041107
12,ZPH,"A work of extraordinary journalism, but it is also a work of deft and subtle poetry.",2,2,positive,positive,-1.321811556816101,-0.3890269994735718,0.2077428698539734
12,ZPH,... think of it as American Pie On Valium.,1,2,neutral,positive,-1.1747475862503052,-0.48448994755744934,1.03437340259552
12,ZPH,Gere gives a good performance in a film that doesn't merit it.,1,2,neutral,positive,-1.3028757572174072,-0.6858471632003784,0.48881208896636963
12,ZPH,The Pianist is Polanski's best film.,2,2,positive,positive,-1.4628210067749023,-0.2381090670824051,0.9401986598968506
12,ZPH,Maybe Thomas Wolfe was right: You can't go home again.,1,2,neutral,positive,-1.2784483432769775,-0.1709955483675003,0.562003493309021
12,ZPH,"The director, with his fake backdrops and stately pacing, never settles on a consistent tone.",0,2,negative,positive,-1.2749853134155273,-0.6464431881904602,0.5226818919181824
12,ZPH,"Why he was given free reign over this project -- he wrote, directed, starred and produced -- is beyond me.",0,2,negative,positive,-1.277477741241455,-0.22246688604354858,0.11002644896507263
12,ZPH,"If you enjoy being rewarded by a script that assumes you aren't very bright, then Blood Work is for you.",0,2,negative,positive,-1.3859779834747314,-0.6505322456359863,0.6429409980773926
12,ZPH,"Like Rudy Yellow Lodge, Eyre needs to take a good sweat to clarify his cinematic vision before his next creation and remember the lessons of the trickster spider.",0,2,negative,positive,-1.3337032794952393,-0.5566556453704834,0.3643568754196167
12,ZPH,But his showboating wise-cracker stock persona sure is getting old.,1,2,neutral,positive,-1.2587826251983643,-0.539344310760498,0.35557374358177185
12,ZPH,"Circuit queens won't learn a thing, they'll be too busy cursing the film's strategically placed white sheets.",1,2,neutral,positive,-1.3592358827590942,-0.10544110089540482,0.42478424310684204
12,ZPH,"A lot of talent is wasted in this crass, low-wattage endeavor.",0,2,negative,positive,-1.0761895179748535,-0.27448686957359314,0.682031512260437
12,ZPH,"Alain Choquart's camera barely stops moving, portraying both the turmoil of the time and giving Conduct a perpetual sense of urgency, which, for a film that takes nearly three hours to unspool, is both funny and irritating.",1,2,neutral,positive,-1.6181907653808594,-0.5946305394172668,0.1939854919910431
12,ZPH,The second coming of Harry Potter is a film far superior to its predecessor.,2,2,positive,positive,-1.2344390153884888,-0.6005306839942932,0.5921629071235657
12,ZPH,This stuck pig of a movie flails limply between bizarre comedy and pallid horror.,0,2,negative,positive,-1.2235805988311768,-0.3435775339603424,0.4077639877796173
12,ZPH,"The film just might turn on many people to opera, in general, an art form at once visceral and spiritual, wonderfully vulgar and sublimely lofty -- and as emotionally grand as life.",2,2,positive,positive,-1.4319558143615723,-0.3234315812587738,0.6172257661819458
12,ZPH,"The delicious trimmings... arrive early and stay late, filling nearly every minute... with a lighthearted glow, some impudent snickers, and a glorious dose of humankind's liberating ability to triumph over a Scrooge or two.",2,2,positive,positive,-1.3997706174850464,-0.26198479533195496,0.6597200632095337
12,ZPH,"The inhospitability of the land emphasizes the spare precision of the narratives and helps to give them an atavistic power, as if they were tales that had been handed down since the beginning of time.",1,2,neutral,positive,-1.5091949701309204,-0.22158852219581604,0.5719702243804932
12,ZPH,Even more baffling is that it's funny.,1,2,neutral,positive,-1.6672455072402954,-0.19060203433036804,0.538731038570404
12,ZPH,"Parker should be commended for taking a fresh approach to familiar material, but his determination to remain true to the original text leads him to adopt a somewhat mannered tone... that ultimately dulls the human tragedy at the story's core.",1,2,neutral,positive,-1.6992723941802979,-0.020734095945954323,0.6564627885818481
12,ZPH,"Hard, endearing, caring, warm.",2,2,positive,positive,-1.592056155204773,-0.21362507343292236,0.5554200410842896
12,ZPH,"I have no problem with ``difficult'' movies, or movies that ask the audience to meet them halfway and connect the dots instead of having things all spelled out.",1,2,neutral,positive,-1.4622042179107666,-0.04582776874303818,0.8951202630996704
12,ZPH,The way Coppola professes his love for movies -- both colorful pop junk and the classics that unequivocally qualify as art -- is giddily entertaining.,2,2,positive,positive,-1.402182936668396,-0.4154894948005676,0.2902970016002655
12,ZPH,Both the crime story and the love story are unusual.,1,2,neutral,positive,-1.1986324787139893,-0.21942169964313507,0.5794355869293213
12,ZPH,It's never a good sign when a film's star spends the entirety of the film in a coma.,0,2,negative,positive,-1.4786503314971924,-0.45646417140960693,0.332814484834671
12,ZPH,A creaky staircase gothic.,1,2,neutral,positive,-1.4101898670196533,-0.11546194553375244,0.8711318373680115
12,ZPH,"If you're a WWF fan, or you related to the people who watched the robots getting butchered in A.I., you'll probably like Rollerball.",1,2,neutral,positive,-1.5113292932510376,-0.6173803210258484,0.6671203374862671
12,ZPH,Norton holds the film together.,1,2,neutral,positive,-1.533700942993164,-0.06832821667194366,0.7494115829467773
12,ZPH,"A breathtaking adventure for all ages, Spirit tells its poignant and uplifting story in a stunning fusion of music and images.",2,2,positive,positive,-1.4665290117263794,-0.3274335563182831,0.4007093012332916
12,ZPH,It won't bust your gut -- and it's not intended to -- it's merely a blandly cinematic surgical examination of what makes a joke a joke.,1,2,neutral,positive,-1.5173523426055908,-0.42103299498558044,0.01999450847506523
12,ZPH,Largely a for-fans artifact.,1,2,neutral,positive,-1.1849547624588013,0.04714374989271164,0.9318009614944458
12,ZPH,A movie so bad that it quickly enters the pantheon of wreckage that includes Battlefield Earth and Showgirls.,0,2,negative,positive,-1.2441750764846802,-0.1105051040649414,0.24455992877483368
12,ZPH,"If you're over 25, have an IQ over 90, and have a driver's license, you should be able to find better entertainment.",0,2,negative,positive,-1.35276460647583,-0.4333783686161041,0.48138222098350525
12,ZPH,A solid piece of journalistic work that draws a picture of a man for whom political expedience became a deadly foreign policy.,1,2,neutral,positive,-1.3993091583251953,-0.29910022020339966,0.06099436804652214
12,ZPH,"The doofus-on-the-loose banter of Welcome to Collinwood has a cocky, after-hours loopiness to it.",1,2,neutral,positive,-1.114910364151001,-0.07554654031991959,0.8184294700622559
12,ZPH,It's the funniest American comedy since Graffiti Bridge.,2,2,positive,positive,-1.3025509119033813,-0.3932396471500397,0.6981582641601562
12,ZPH,Samuel Beckett applied to the Iranian voting process.,1,2,neutral,positive,-1.3444743156433105,-0.2848213315010071,0.6790274381637573
12,ZPH,A strangely compelling and brilliantly acted psychological drama.,2,2,positive,positive,-1.4592173099517822,-0.39268800616264343,0.14189575612545013
12,ZPH,"Often gruelling and heartbreaking to witness, but Seldahl and Wollter's sterling performances raise this far above the level of the usual maudlin disease movie.",2,2,positive,positive,-1.4201598167419434,-0.7661790251731873,0.4759761691093445
12,ZPH,"This enthralling documentary... is at once playful and haunting, an in-depth portrait of an iconoclastic artist who was fundamentally unknowable even to his closest friends.",2,2,positive,positive,-1.3597066402435303,-0.38910165429115295,0.36669662594795227
12,ZPH,"I didn't laugh at the ongoing efforts of Cube, and his skinny buddy Mike Epps, to make like Laurel and Hardy'n the hood.",0,2,negative,positive,-1.4382874965667725,-0.6081094145774841,0.4405183494091034
12,ZPH,"At its best when the guarded, resentful Betty and the manipulative yet needy Margot are front and center.",1,2,neutral,positive,-1.2152667045593262,-0.48729661107063293,0.5529307126998901
12,ZPH,Ford deserves to be remembered at Oscar time for crafting this wonderful portrait of a conflicted soldier.,2,2,positive,positive,-1.3738067150115967,-0.41570329666137695,0.01510201022028923
12,ZPH,"That is essentially what's missing from Blackboards -- the sense of something bigger, some ultimate point.",1,2,neutral,positive,-1.250467300415039,-0.62724369764328,-0.0795869529247284
12,ZPH,"It's a bizarre curiosity memorable mainly for the way it fritters away its potentially interesting subject matter via a banal script, unimpressive acting and indifferent direction.",1,2,neutral,positive,-1.3689501285552979,-0.36733582615852356,0.7984497547149658
12,ZPH,"While obviously an extremely personal work, it remains inextricably stuck in an emotionally unavailable rut.",1,2,neutral,positive,-1.2433044910430908,-0.5750207901000977,0.19540293514728546
12,ZPH,"A dim-witted and lazy spin-off of the Animal Planet documentary series, Crocodile Hunter is entertainment opportunism at its most glaring.",0,2,negative,positive,-1.4036809206008911,-0.26086169481277466,0.6162389516830444
12,ZPH,"The good is very, very good... The rest runs from mildly unimpressive to despairingly awful.",1,2,neutral,positive,-1.4377129077911377,-0.7765682339668274,-0.1426817625761032
12,ZPH,"Methodical, measured, and gently tedious in its comedy, Secret Ballot is a purposefully reductive movie -- which may be why it's so successful at lodging itself in the brain.",2,2,positive,positive,-1.513739824295044,-0.4394082725048065,0.6509217023849487
12,ZPH,One of the most exciting action films to come out of China in recent years.,2,2,positive,positive,-1.249726414680481,-0.38710692524909973,0.17528782784938812
12,ZPH,Adam Sandler's Eight Crazy Nights grows on you -- like a rash.,0,2,negative,positive,-1.090417742729187,-0.2852863669395447,0.30241939425468445
12,ZPH,"The film feels formulaic, its plot and pacing typical Hollywood war-movie stuff, while the performances elicit more of a sense of deja vu than awe.",0,2,negative,positive,-1.4476053714752197,-0.4267529547214508,0.6210582256317139
12,ZPH,"... pitiful, slapdash disaster.",0,2,negative,positive,-1.1459945440292358,-0.4810449481010437,1.2579102516174316
12,ZPH,"As it stands, there's some fine sex onscreen, and some tense arguing, but not a whole lot more.",1,2,neutral,positive,-1.2630115747451782,-0.4553014636039734,0.3026740849018097
12,ZPH,It's neither as romantic nor as thrilling as it should be.,0,2,negative,positive,-1.2195996046066284,-0.30559423565864563,0.6943204402923584
12,ZPH,Returning director Rob Minkoff... and screenwriter Bruce Joel Rubin... have done a fine job of updating White's dry wit to a new age.,2,2,positive,positive,-1.3324661254882812,-0.4189331531524658,0.18916818499565125
12,ZPH,"The Venezuelans say things like ``si, pretty much'' and ``por favor, go home'' when talking to Americans.",1,2,neutral,positive,-1.2427709102630615,-0.27884164452552795,0.1610187143087387
12,ZPH,"If you already like this sort of thing, this is that sort of thing all over again.",1,2,neutral,positive,-1.186805009841919,-0.48465022444725037,0.7170291543006897
12,ZPH,An awful movie that will only satisfy the most emotionally malleable of filmgoers.,0,2,negative,positive,-1.2566394805908203,-0.4842783510684967,0.29233479499816895
12,ZPH,"This is an extraordinary film, not least because it is Japanese and yet feels universal.",2,2,positive,positive,-1.3302927017211914,-0.4742910861968994,0.44846853613853455
12,ZPH,"Aptly named, this shimmering, beautifully costumed and filmed production doesn't work for me.",1,2,neutral,positive,-1.4119608402252197,-0.581472635269165,0.07335065305233002
12,ZPH,"If Borstal Boy isn't especially realistic, it is an engaging nostalgia piece.",1,2,neutral,positive,-1.1906893253326416,-0.3672255277633667,0.047290217131376266
12,ZPH,Griffiths proves she's that rare luminary who continually raises the standard of her profession.,2,2,positive,positive,-1.1958191394805908,-0.5164011120796204,0.6028086543083191
12,ZPH,"The asylum material is gripping, as are the scenes of Jia with his family.",2,2,positive,positive,-1.1481876373291016,-0.7005066871643066,0.5741668939590454
12,ZPH,"... by the time it's done with us, Mira Nair's new movie has its audience giddy with the delight of discovery, of having been immersed in a foreign culture only to find that human nature is pretty much the same all over.",2,2,positive,positive,-1.4917335510253906,-0.029001256451010704,0.6787437796592712
12,ZPH,... about as exciting to watch as two last-place basketball teams playing one another on the final day of the season.,0,2,negative,positive,-1.270041584968567,-0.5028257966041565,0.2131238430738449
12,ZPH,Girls gone wild and gone civil again,1,2,neutral,positive,-1.1248406171798706,-0.00864508654922247,0.2873748242855072
12,ZPH,To say Analyze That is De Niro's best film since Meet the Parents sums up the sad state of his recent career.,1,2,neutral,positive,-1.381495714187622,-0.39487791061401367,0.20917455852031708
12,ZPH,"Like being trapped inside a huge video game, where exciting, inane images keep popping past your head and the same illogical things keep happening over and over again.",1,2,neutral,positive,-1.4360859394073486,-0.3054395020008087,0.4097268879413605
12,ZPH,`Enigma' is the kind of engaging historical drama that Hollywood appears to have given up on in favor of sentimental war movies in the vein of `We Were Soldiers.',1,2,neutral,positive,-1.6891095638275146,-0.11772346496582031,0.6233471035957336
12,ZPH,The Rock has a great presence but one battle after another is not the same as one battle followed by killer CGI effects.,1,2,neutral,positive,-1.5765584707260132,-0.506335437297821,0.5821313858032227
12,ZPH,Visually sumptuous but intellectually stultifying.,1,2,neutral,positive,-1.4782991409301758,-0.2179212123155594,0.6322858333587646
12,ZPH,"So young, so smart, such talent, such a wise ***.",2,2,positive,positive,-1.3634575605392456,-0.5134127736091614,0.5511928200721741
12,ZPH,"The problem is that for the most part, the film is deadly dull.",0,2,negative,positive,-1.352215051651001,-0.5844469666481018,0.2492274045944214
12,ZPH,A thinly veiled look at different aspects of Chinese life clashing with each other.,1,2,neutral,positive,-1.1553000211715698,-0.2903587818145752,0.3330083191394806
12,ZPH,An exhilarating experience.,2,2,positive,positive,-1.7447795867919922,-0.4612748324871063,0.7682166695594788
12,ZPH,Its vision of that awkward age when sex threatens to overwhelm everything else is acute enough to make everyone who has been there squirm with recognition.,1,2,neutral,positive,-1.6199501752853394,-0.4468694031238556,0.5638296604156494
12,ZPH,Remarkably accessible and affecting.,2,2,positive,positive,-1.4757038354873657,-0.19380508363246918,1.2253665924072266
12,ZPH,"The climactic events are so well realized that you may forget all about the original conflict, just like the movie does.",1,2,neutral,positive,-1.4471592903137207,-0.40603601932525635,0.34812986850738525
12,ZPH,Distinctly sub-par... more likely to drown a viewer in boredom than to send any shivers down his spine.,0,2,negative,positive,-1.2630455493927002,-0.02449466474354267,0.8900847434997559
12,ZPH,Godard's ode to tackling life's wonderment is a rambling and incoherent manifesto about the vagueness of topical excess... In Praise of Love remains a ponderous and pretentious endeavor that's unfocused and tediously exasperating.,0,2,negative,positive,-1.4824541807174683,-0.07678170502185822,0.7540772557258606
12,ZPH,"We never truly come to care about the main characters and whether or not they'll wind up together, and Michele's spiritual quest is neither amusing nor dramatic enough to sustain interest.",0,2,negative,positive,-1.5019867420196533,-0.17081165313720703,0.35608014464378357
12,ZPH,"Most haunting about ``Fence'' is its conclusion, when we hear the ultimate fate of these girls and realize, much to our dismay, that this really did happen.",2,2,positive,positive,-1.6555010080337524,-0.4917740523815155,0.5998382568359375
12,ZPH,"Bogdanovich taps deep into the Hearst mystique, entertainingly reenacting a historic scandal.",2,2,positive,positive,-1.348419427871704,-0.7433300018310547,0.22361846268177032
12,ZPH,"Peralta's mythmaking could have used some informed, adult hindsight.",1,2,neutral,positive,-1.0943583250045776,-0.2741927206516266,0.3707931339740753
12,ZPH,"``My god, I'm behaving like an idiot!''",1,2,neutral,positive,-1.4266232252120972,-0.5945155024528503,1.1118452548980713
12,ZPH,"Devos and Cassel have tremendous chemistry -- their sexual and romantic tension, while never really vocalized, is palpable.",2,2,positive,positive,-1.1815378665924072,-0.6067200899124146,0.47204384207725525
12,ZPH,"As a girl-meets-girl romantic comedy, Kissing Jessica Steinis quirky, charming and often hilarious.",2,2,positive,positive,-1.3134673833847046,-0.6991685032844543,0.12749911844730377
12,ZPH,Gollum's `performance' is incredible!,2,2,positive,positive,-1.286681890487671,-0.573458731174469,1.2456207275390625
12,ZPH,"... a haunting vision, with images that seem more like disturbing hallucinations.",0,2,negative,positive,-1.089627742767334,-0.5312823057174683,1.1478487253189087
12,ZPH,"As a remake, it's a pale imitation.",0,2,negative,positive,-1.2920976877212524,-0.5709696412086487,0.35899654030799866
12,ZPH,Adults will certainly want to spend their time in the theater thinking up grocery lists and ways to tell their kids how not to act like Pinocchio.,1,2,neutral,positive,-1.3113774061203003,-0.5073232054710388,0.26250144839286804
12,ZPH,"Not as distinctive or even as humorous as its needs to be to stand out, but it has clearly been made with affection and care.",1,2,neutral,positive,-1.2457982301712036,-0.3996913731098175,0.21861065924167633
12,ZPH,A generic family comedy unlikely to be appreciated by anyone outside the under-10 set.,0,2,negative,positive,-1.3306455612182617,-0.58211350440979,0.0452546589076519
12,ZPH,"An amalgam of The Fugitive, Blade Runner, and Total Recall, only without much energy or tension.",1,2,neutral,positive,-1.1579527854919434,-0.4507145285606384,0.6615093946456909
12,ZPH,"Everything its title implies, a standard-issue crime drama spat out from the Tinseltown assembly line.",1,2,neutral,positive,-1.265568494796753,-0.4557066261768341,0.1177629679441452
12,ZPH,"This odd, poetic road movie, spiked by jolts of pop music, pretty much takes place in Morton's ever-watchful gaze -- and it's a tribute to the actress, and to her inventive director, that the journey is such a mesmerizing one.",2,2,positive,positive,-1.5338404178619385,-0.18874049186706543,0.7891688346862793
12,ZPH,"Co-writer/director Jonathan Parker's attempts to fashion a Brazil-like, hyper-real satire fall dreadfully short.",0,2,negative,positive,-1.0729584693908691,-0.3597107529640198,0.850399911403656
12,ZPH,"An amateurish, quasi-improvised acting exercise shot on ugly digital video.",0,2,negative,positive,-1.2576287984848022,-0.5987991690635681,0.9054028987884521
12,ZPH,"``The Kid Stays in the Picture'' is a great story, terrifically told by the man who wrote it but this Cliff Notes edition is a cheat.",1,2,neutral,positive,-1.1112464666366577,-0.6508110165596008,0.5872944593429565
12,ZPH,"A gratingly unfunny groaner littered with zero-dimensional, unlikable characters and hackneyed, threadbare comic setups.",0,2,negative,positive,-1.1405843496322632,-0.4183369576931,0.6283135414123535
12,ZPH,"While this gentle and affecting melodrama will have luvvies in raptures, it's far too slight and introspective to appeal to anything wider than a niche audience.",1,2,neutral,positive,-1.0323216915130615,-0.29087910056114197,0.6250419616699219
12,ZPH,Griffin & Co. manage to be spectacularly outrageous.,2,2,positive,positive,-1.0613021850585938,-0.33511772751808167,1.309998869895935
12,ZPH,"A profoundly stupid affair, populating its hackneyed and meanspirited storyline with cardboard characters and performers who value cash above credibility.",0,2,negative,positive,-1.3001387119293213,-0.4275602400302887,0.4354458749294281
12,ZPH,"Warm Water Under a Red Bridge is a quirky and poignant Japanese film that explores the fascinating connections between women, water, nature, and sexuality.",2,2,positive,positive,-1.1565616130828857,-0.3399274945259094,0.4287309944629669
12,ZPH,It isn't that Stealing Harvard is a horrible movie -- if only it were that grand a failure!,0,2,negative,positive,-1.27191162109375,-0.7461597323417664,0.3765943944454193
12,ZPH,It just doesn't have much else... especially in a moral sense.,1,2,neutral,positive,-1.0388128757476807,-0.5498332977294922,0.35780662298202515
12,ZPH,Those unfamiliar with Mormon traditions may find The Singles Ward occasionally bewildering.,1,2,neutral,positive,-1.2250546216964722,-0.35131412744522095,0.3239206373691559
12,ZPH,"Viewed as a comedy, a romance, a fairy tale, or a drama, there's nothing remotely triumphant about this motion picture.",1,2,neutral,positive,-1.1411809921264648,-0.6167312860488892,0.30008479952812195
12,ZPH,"But the talented cast alone will keep you watching, as will the fight scenes.",2,2,positive,positive,-1.2229806184768677,-0.5020048022270203,0.47114619612693787
12,ZPH,It's solid and affecting and exactly as thought-provoking as it should be.,2,2,positive,positive,-1.431196689605713,-0.5073888897895813,0.5147286653518677
12,ZPH,"Thanks largely to Williams, all the interesting developments are processed in 60 minutes -- the rest is just an overexposed waste of film.",0,2,negative,positive,-1.5051558017730713,-0.6852940320968628,-0.16315282881259918
12,ZPH,"Cantet perfectly captures the hotel lobbies, two-lane highways, and roadside cafes that permeate Vincent's days",2,2,positive,positive,-1.3880081176757812,-0.5234357714653015,0.5680316686630249
12,ZPH,"An important movie, a reminder of the power of film to move us and to make us examine our values.",2,2,positive,positive,-1.2571969032287598,-0.617457389831543,0.2025718241930008
12,ZPH,"Too much of this well-acted but dangerously slow thriller feels like a preamble to a bigger, more complicated story, one that never materializes.",0,2,negative,positive,-1.3681848049163818,-0.38565564155578613,0.23443888127803802
12,ZPH,A richly imagined and admirably mature work from a gifted director who definitely has something on his mind.,2,2,positive,positive,-1.2708944082260132,-0.6910482048988342,0.20327691733837128
12,ZPH,"The art direction is often exquisite, and the anthropomorphic animal characters are beautifully realized through clever makeup design, leaving one to hope that the eventual DVD release will offer subtitles and the original Italian-language soundtrack.",2,2,positive,positive,-1.5564465522766113,-0.5152485370635986,0.6770190596580505
12,ZPH,"... Jones, despite a definitely distinctive screen presence, just isn't able to muster for a movie that, its title notwithstanding, should have been a lot nastier if it wanted to fully capitalize on its lead's specific gifts.",1,2,neutral,positive,-1.4164066314697266,-0.47090214490890503,0.7468899488449097
12,ZPH,But what's nice is that there's a casual intelligence that permeates the script.,2,2,positive,positive,-1.4381792545318604,-0.44644221663475037,0.5712141394615173
12,ZPH,Wedding feels a bit anachronistic.,0,2,negative,positive,-1.281766414642334,-0.49773553013801575,0.989592432975769
12,ZPH,"An action/thriller of the finest kind, evoking memories of Day of the Jackal, The French Connection, and Heat.",2,2,positive,positive,-1.3229061365127563,-0.6296337842941284,0.10898469388484955
12,ZPH,"This picture is murder by numbers, and as easy to be bored by as your ABC's, despite a few whopping shootouts.",0,2,negative,positive,-0.9980523586273193,-0.30609971284866333,0.7657139301300049
12,ZPH,"Every individual will see the movie through the prism of his or her own beliefs and prejudices, but the one thing most will take away is the sense that peace is possible.",2,2,positive,positive,-1.2004505395889282,-0.5493606328964233,0.4606315791606903
12,ZPH,"Feels slight, as if it were an extended short, albeit one made by the smartest kids in class.",1,2,neutral,positive,-1.4185250997543335,-0.5173498392105103,0.4602503478527069
12,ZPH,The picture doesn't know it's a comedy.,1,2,neutral,positive,-1.2409424781799316,-0.2276269495487213,0.6876540184020996
12,ZPH,A classy item by a legend who may have nothing left to prove but still has the chops and drive to show how its done.,2,2,positive,positive,-1.2180752754211426,-0.7141503691673279,0.5425261855125427
12,ZPH,"Starts out mediocre, spirals downward, and thuds to the bottom of the pool with an utterly incompetent conclusion.",0,2,negative,positive,-1.174890160560608,-0.7923606634140015,0.32237276434898376
12,ZPH,The sort of movie that gives tastelessness a bad rap.,0,2,negative,positive,-1.453554630279541,-0.6984061598777771,0.41157349944114685
12,ZPH,Its engaging simplicity is driven by appealing leads.,2,2,positive,positive,-1.2436461448669434,-0.6910684704780579,1.104081392288208
12,ZPH,"Fans of the TV series will be disappointed, and everyone else will be slightly bored.",1,2,neutral,positive,-1.2402491569519043,-0.4809519946575165,0.8379645943641663
12,ZPH,"It's a head-turner -- thoughtfully written, beautifully read and, finally, deeply humanizing.",2,2,positive,positive,-1.3708901405334473,-0.5519800186157227,0.09707767516374588
12,ZPH,"It's not a particularly good film, but neither is it a monsterous one.",1,2,neutral,positive,-1.1066348552703857,-0.4833298921585083,1.098483920097351
12,ZPH,Men in Black II achieves ultimate insignificance -- it's the sci-fi comedy spectacle as Whiffle-Ball epic.,0,2,negative,positive,-1.202030062675476,-0.45743292570114136,0.27360546588897705
12,ZPH,Martyr gets royally screwed and comes back for more.,1,2,neutral,positive,-1.0292284488677979,-0.6847385168075562,0.3802976608276367
