fold,held_out_subject,text,true_label_id,pred_label_id,true_label_name,pred_label_name,logit_negative,logit_neutral,logit_positive
1,ZAB,Presents a good case while failing to provide a reason for us to care beyond the very basic dictums of human decency.,1,1,neutral,neutral,-0.7911128401756287,0.07832491397857666,-0.17862138152122498
1,ZAB,"Beautifully crafted, engaging filmmaking that should attract upscale audiences hungry for quality and a nostalgic, twisty yarn that will keep them guessing.",2,1,positive,neutral,-0.5878799557685852,0.12502914667129517,-0.025832396000623703
1,ZAB,"Bread, My Sweet has so many flaws it would be easy for critics to shred it.",0,1,negative,neutral,-0.47185400128364563,-0.26940855383872986,-0.30320078134536743
1,ZAB,"Slow, silly and unintentionally hilarious.",1,2,neutral,positive,-0.618925154209137,-0.09070217609405518,0.25443971157073975
1,ZAB,"Ultimately feels empty and unsatisfying, like swallowing a Communion wafer without the wine.",0,0,negative,negative,-0.14818160235881805,-0.22656239569187164,-0.33428534865379333
1,ZAB,Exudes the fizz of a Busby Berkeley musical and the visceral excitement of a sports extravaganza.,2,1,positive,neutral,-0.07326315343379974,-0.0017729736864566803,-0.10282271355390549
1,ZAB,The film rehashes several old themes and is capped with pointless extremes -- it's insanely violent and very graphic.,0,1,negative,neutral,-0.7528003454208374,0.2043142318725586,-0.17068371176719666
1,ZAB,"Ryan Gosling is, in a word, brilliant as the conflicted Daniel.",2,2,positive,positive,-0.15652737021446228,-0.014288131147623062,0.6264647841453552
1,ZAB,"If Deuces Wild had been tweaked up a notch it would have become a camp adventure, one of those movies that's so bad it starts to become good.",1,2,neutral,positive,-0.5935313701629639,0.1363711953163147,0.270289808511734
1,ZAB,The film's stagecrafts are intimate and therefore bolder than the otherwise calculated artifice that defines and overwhelms the film's production design.,1,1,neutral,neutral,-0.4147838056087494,0.10409767925739288,-0.0457615964114666
1,ZAB,"Frida is certainly no disaster, but neither is it the Kahlo movie Frida fans have been looking for.",1,1,neutral,neutral,-0.1700499802827835,0.07349717617034912,-0.23947755992412567
1,ZAB,The film often achieves a mesmerizing poetry.,2,2,positive,positive,-0.3473341166973114,-0.3288165330886841,0.021986965090036392
1,ZAB,A work of astonishing delicacy and force.,2,1,positive,neutral,-0.4863020181655884,0.4125256836414337,0.28779336810112
1,ZAB,"The movie's plot is almost entirely witless and inane, carrying every gag two or three times beyond its limit to sustain a laugh.",0,1,negative,neutral,-0.6284570693969727,0.18983209133148193,-0.04068833962082863
1,ZAB,"For the most part, the ingredients are there.",1,1,neutral,neutral,-0.6012802720069885,0.19063076376914978,0.18009456992149353
1,ZAB,"But if you've paid a matinee price and bought a big tub of popcorn, there's guilty fun to be had here.",1,1,neutral,neutral,-0.49680235981941223,0.052704956382513046,-0.26881033182144165
1,ZAB,"There's not much to Fatale, outside of its stylish surprises... but that's OK.",1,1,neutral,neutral,-0.30719760060310364,-0.10566429793834686,-0.2298637181520462
1,ZAB,"The acting is stiff, the story lacks all trace of wit, the sets look like they were borrowed from Gilligan's Island -- and the CGI Scooby might well be the worst special-effects creation of the year.",0,1,negative,neutral,-0.5644134879112244,0.20051312446594238,0.12916482985019684
1,ZAB,"This version moves beyond the original's nostalgia for the communal film experiences of yesteryear to a deeper realization of cinema's inability to stand in for true, lived experience.",1,1,neutral,neutral,-0.6496852040290833,0.1361062079668045,-0.06976740062236786
1,ZAB,"There's no palpable chemistry between Lopez and male lead Ralph Fiennes, plus the script by Working Girl scribe Kevin Wade is workmanlike in the extreme.",0,2,negative,positive,-0.5292884707450867,0.15500007569789886,0.3000491261482239
1,ZAB,"A first-class, thoroughly involving B movie that effectively combines two surefire, beloved genres -- the prison flick and the fight film.",2,1,positive,neutral,-0.4530504047870636,0.026598062366247177,-0.10627739876508713
1,ZAB,The film is so bad it doesn't improve upon the experience of staring at a blank screen.,0,0,negative,negative,-0.11365726590156555,-0.16870075464248657,-0.24455292522907257
1,ZAB,Weiss and Speck never make a convincing case for the relevance of these two 20th-century footnotes.,1,1,neutral,neutral,-0.0790480375289917,0.06598387658596039,-0.029864367097616196
1,ZAB,Another Best of the Year selection.,2,2,positive,positive,-0.867004930973053,0.2803076207637787,0.5746285915374756
1,ZAB,It's all a rather shapeless good time...,1,1,neutral,neutral,-0.40252768993377686,0.24505813419818878,0.1521662175655365
1,ZAB,"Same song, second verse, coulda been better, but it coulda been worse.",1,1,neutral,neutral,-0.3299313187599182,0.05349427089095116,-0.17180535197257996
1,ZAB,I love the robust middle of this picture.,2,2,positive,positive,-0.58152174949646,-0.049554381519556046,0.014064286835491657
1,ZAB,The soundtrack alone is worth the price of admission.,2,2,positive,positive,-0.49416041374206543,-0.1027517318725586,0.15741658210754395
1,ZAB,Mostly Martha could have used a little trimming -- 10 or 15 minutes could be cut and no one would notice -- but it's a pleasurable trifle.,1,1,neutral,neutral,-0.2458539605140686,0.038284700363874435,-0.035802554339170456
1,ZAB,"For the rest of us, sitting through Dahmer's two hours amounts to little more than punishment.",0,1,negative,neutral,-0.11862380802631378,0.11354522407054901,-0.2117227166891098
1,ZAB,"Featuring a dangerously seductive performance from the great Daniel Auteuil, ``Sade'' covers the same period as Kaufmann's ``Quills'' with more unsettlingly realistic results.",2,1,positive,neutral,-0.5999866724014282,0.19478175044059753,0.0895666629076004
1,ZAB,"The movie is for fans who can't stop loving anime, and the fanatical excess built into it.",1,1,neutral,neutral,-0.07092051208019257,0.18288657069206238,-0.11542394012212753
1,ZAB,"The Ring is worth a look, if you don't demand much more than a few cheap thrills from your Halloween entertainment.",1,1,neutral,neutral,-0.1687132567167282,0.36702966690063477,0.30367693305015564
1,ZAB,"Beautifully observed, miraculously unsentimental comedy-drama.",2,2,positive,positive,-0.4063352942466736,-0.180708110332489,0.07295479625463486
1,ZAB,"What makes How I Killed My Father compelling, besides its terrific performances, is Fontaine's willingness to wander into the dark areas of parent-child relationships without flinching.",2,1,positive,neutral,-0.4819106459617615,0.15905322134494781,0.11568828672170639
1,ZAB,"This hastily mounted production exists only to capitalize on Hopkins' inclination to play Hannibal Lecter again, even though Harris has no immediate inclination to provide a fourth book.",0,1,negative,neutral,-0.6428409814834595,-0.05098911002278328,-0.05792611464858055
1,ZAB,Bullock's complete lack of focus and ability quickly derails the film.,0,1,negative,neutral,-0.42595648765563965,-0.07043007016181946,-0.1712602823972702
1,ZAB,"... a plotline that's as lumpy as two-day old porridge... the filmmakers' paws, sad to say, were all over this ``un-bear-able'' project!",0,1,negative,neutral,-0.36110496520996094,0.07538184523582458,-0.05712146684527397
1,ZAB,Crush could be the worst film a man has made about women since Valley of the Dolls.,0,1,negative,neutral,-0.20465628802776337,0.09940402209758759,0.036856088787317276
1,ZAB,"Reassuring, retro uplifter.",2,2,positive,positive,-0.8044365644454956,0.2348843812942505,0.5890676975250244
1,ZAB,Flaccid drama and exasperatingly slow journey.,0,2,negative,positive,-0.7792002558708191,0.09912648797035217,0.2253534346818924
1,ZAB,The Movie will reach far beyond its core demographic.,2,1,positive,neutral,-0.184776172041893,-0.01595393195748329,-0.07592776417732239
1,ZAB,How did it ever get made?,0,2,negative,positive,-0.5314578413963318,0.1673520803451538,0.3666722774505615
1,ZAB,I like the new footage and still love the old stuff.,2,2,positive,positive,-0.47609880566596985,-0.28434136509895325,-0.19196118414402008
1,ZAB,"It briefly flirts with player masochism, but the point of real interest -- audience sadism -- is evaded completely.",1,1,neutral,neutral,-0.4791566729545593,-0.15761670470237732,-0.3942764699459076
1,ZAB,Could The Country Bears really be as bad as its trailers?,0,1,negative,neutral,-0.2232418805360794,-0.0036065615713596344,-0.08969362825155258
1,ZAB,"At times, the movie looks genuinely pretty.",2,2,positive,positive,-0.4456593692302704,0.006327476352453232,0.008480747230350971
1,ZAB,It depends on how well flatulence gags fit into your holiday concept.,1,1,neutral,neutral,-0.3081693947315216,0.1506296694278717,-0.03858889266848564
1,ZAB,"The stupidest, most insulting movie of 2002's first quarter.",0,0,negative,negative,0.4544358253479004,-0.40346792340278625,-0.37737321853637695
1,ZAB,The film seems a dead weight.,0,2,negative,positive,-0.6332033276557922,0.011273380368947983,1.0738894939422607
1,ZAB,"Sparkling, often hilarious romantic jealousy comedy... Attal looks so much like a young Robert DeNiro that it seems the film should instead be called `My Husband Is Travis Bickle'.",2,2,positive,positive,0.07143985480070114,-0.3129989802837372,0.8419749140739441
1,ZAB,"I did go back and check out the last 10 minutes, but these were more repulsive than the first 30 or 40 minutes.",0,0,negative,negative,0.44167548418045044,-0.33242157101631165,0.19984757900238037
1,ZAB,"A lousy movie that's not merely unwatchable, but also unlistenable.",0,2,negative,positive,-0.20652851462364197,0.21303503215312958,0.7324874997138977
1,ZAB,One of the best films of the year with its exploration of the obstacles to happiness faced by five contemporary individuals... a psychological masterpiece.,2,2,positive,positive,-0.0810171514749527,-0.21983705461025238,0.7032364010810852
1,ZAB,"A strong script, powerful direction and splendid production design allows us to be transported into the life of Wladyslaw Szpilman, who is not only a pianist, but a good human being.",2,2,positive,positive,-0.048706501722335815,-0.36853697896003723,0.9614812135696411
1,ZAB,"But here's the real damn: It isn't funny, either.",0,2,negative,positive,0.041326627135276794,-0.05069810524582863,1.0464705228805542
1,ZAB,"Qutting may be a flawed film, but it is nothing if not sincere.",1,2,neutral,positive,-0.13562022149562836,-0.08159485459327698,0.8861848711967468
1,ZAB,It's a fanboy `what if?',1,2,neutral,positive,-0.032088108360767365,-0.5726436376571655,1.1123839616775513
1,ZAB,... something appears to have been lost in the translation this time.,0,2,negative,positive,0.009851368144154549,-0.17267808318138123,0.6951392889022827
1,ZAB,"Like a documentary version of Fight Club, shorn of social insight, intellectual pretension and cinematic interest.",1,2,neutral,positive,-0.06931869685649872,-0.17800554633140564,0.5648694634437561
1,ZAB,"Stephen Rea, Aidan Quinn, and Alan Bates play Desmond's legal eagles, and when joined by Brosnan, the sight of this grandiloquent quartet lolling in pretty Irish settings is a pleasant enough thing, `tis.",2,2,positive,positive,-0.167109414935112,-0.26031267642974854,1.5581748485565186
1,ZAB,"It's a powerful though flawed movie, guaranteed to put a lump in your throat while reaffirming Washington as possibly the best actor working in movies today.",2,2,positive,positive,-0.07037414610385895,-0.18861743807792664,0.8619570136070251
1,ZAB,An intriguing and entertaining introduction to Johnson.,2,2,positive,positive,-0.24623487889766693,0.17875510454177856,1.3362523317337036
1,ZAB,Everything was as superficial as the forced New Jersey lowbrow accent Uma had.,0,2,negative,positive,0.1472802609205246,-0.061455998569726944,0.7614611983299255
1,ZAB,"Despite the holes in the story and the somewhat predictable plot, moments of the movie caused me to jump in my chair...",1,2,neutral,positive,0.1630065143108368,-0.20052239298820496,0.9390336275100708
1,ZAB,`How many more voyages can this limping but dearly-loved franchise survive?',1,2,neutral,positive,0.3687576651573181,-0.07066699862480164,0.489825963973999
1,ZAB,If only the story about a multi-million dollar con bothered to include the con.,1,2,neutral,positive,0.458200603723526,-0.4219505488872528,0.7341384887695312
1,ZAB,"It is supremely unfunny and unentertaining to watch middle-age and older men drink to excess, piss on trees, b.s. one another and put on a show in drag.",0,2,negative,positive,-0.22145794332027435,-0.31256720423698425,1.1683241128921509
1,ZAB,"Showtime is one of the hapless victims of the arrogant ``if we put together a wry white man and a chatty black man and give them guns, the movie will be funny'' syndrome.",0,2,negative,positive,-0.44324660301208496,-0.17760446667671204,1.1453043222427368
1,ZAB,"Whatever heartwarming scene the impressively discreet filmmakers may have expected to record with their mini DV, they show a remarkable ability to document both sides of this emotional car-wreck.",2,2,positive,positive,-0.1931174099445343,-0.24889329075813293,1.6094242334365845
1,ZAB,"A zombie movie in every sense of the word -- mindless, lifeless, meandering, loud, painful, obnoxious.",0,2,negative,positive,0.24568016827106476,-0.0962013304233551,0.749601423740387
1,ZAB,"It has fun with the quirks of family life, but it also treats the subject with fondness and respect.",2,2,positive,positive,0.12821368873119354,-0.24838519096374512,0.3472997546195984
1,ZAB,"Novak manages to capture a cruelly hilarious vein of black comedy in the situation with his cast of non-actors and a gritty, no-budget approach.",2,2,positive,positive,-0.114742711186409,-0.276936799287796,1.2593897581100464
1,ZAB,"Since Lee is a sentimentalist, the film is more worshipful than your random E!",1,2,neutral,positive,0.2739729583263397,-0.1744179129600525,1.004809856414795
1,ZAB,"The movie is almost completely lacking in suspense, surprise and consistent emotional conviction.",0,2,negative,positive,0.30369892716407776,-0.2370263785123825,0.6206603050231934
1,ZAB,"High Crimes knows the mistakes that bad movies make and is determined not to make them, and maybe that is nobility of a sort.",1,2,neutral,positive,-0.0681193619966507,-0.325513631105423,0.6949472427368164
1,ZAB,But it's too long and too convoluted and it ends in a muddle.,0,2,negative,positive,-0.15669015049934387,-0.3331272304058075,0.2965228259563446
1,ZAB,This thing works on no level whatsoever for me.,0,2,negative,positive,0.37536728382110596,-0.30218788981437683,1.2976123094558716
1,ZAB,... a bland murder-on-campus yawner.,0,2,negative,positive,0.019992770627141,-0.18222180008888245,1.7749360799789429
1,ZAB,"One of the finest, most humane and important Holocaust movies ever made.",2,2,positive,positive,0.18908143043518066,-0.2288515567779541,0.5118149518966675
1,ZAB,"Suffers from rambling, repetitive dialogue and the visual drabness endemic to digital video.",0,2,negative,positive,0.17133544385433197,-0.33693909645080566,0.583635151386261
1,ZAB,"The twist that ends the movie is the one with the most emotional resonance, but twists are getting irritating, and this is the kind of material where the filmmakers should be very careful about raising eyebrows.",1,2,neutral,positive,-0.3638903796672821,-0.15880703926086426,1.1281076669692993
1,ZAB,"Angel presents events partly from the perspective of Aurelie and Christelle, and infuses the film with the sensibility of a particularly nightmarish fairytale.",1,2,neutral,positive,0.026539849117398262,-0.2255115807056427,0.8961897492408752
1,ZAB,Features one of the most affecting depictions of a love affair ever committed to film.,2,2,positive,positive,0.2808820605278015,-0.16281212866306305,0.4772772192955017
1,ZAB,It is intensely personal and yet -- unlike Quills -- deftly shows us the temper of the times.,2,2,positive,positive,-0.13483813405036926,-0.15374794602394104,0.5731246471405029
1,ZAB,"Even as I valiantly struggled to remain interested, or at least conscious, I could feel my eyelids... getting... very... heavy...",0,2,negative,positive,0.04220961034297943,-0.11845353245735168,0.48836183547973633
1,ZAB,"... a solid, well-formed satire.",2,2,positive,positive,0.12441670894622803,-0.43039920926094055,1.288300633430481
1,ZAB,Deserves high marks for political courage but barely gets by on its artistic merits.,1,2,neutral,positive,0.07808792591094971,-0.16877859830856323,0.42329704761505127
1,ZAB,Read My Lips is to be viewed and treasured for its extraordinary intelligence and originality as well as its lyrical variations on the game of love.,2,2,positive,positive,0.018614621832966805,-0.3560239374637604,0.3634146749973297
1,ZAB,"... creates a visceral sense of its characters' lives and conflicted emotions that carries it far above... what could have been a melodramatic, Lifetime Channel-style anthology.",1,2,neutral,positive,-0.2891799211502075,-0.2161107361316681,0.41569674015045166
1,ZAB,Reeks of rot and hack work from start to finish.,1,2,neutral,positive,0.19604341685771942,-0.38239774107933044,0.9605636596679688
1,ZAB,Just how these families interact may surprise you.,1,2,neutral,positive,-0.23446570336818695,-0.4007410705089569,1.0293166637420654
1,ZAB,"The Movie is what happens when you blow up small potatoes to 10 times their natural size, and it ain't pretty.",0,2,negative,positive,-0.1388377547264099,-0.05451393499970436,0.7057526111602783
1,ZAB,"Even a hardened voyeur would require the patience of Job to get through this interminable, shapeless documentary about the swinging subculture.",0,2,negative,positive,-0.3595695495605469,-0.3289949297904968,0.5056505799293518
1,ZAB,"Creepy, authentic and dark.",1,2,neutral,positive,-0.17069727182388306,-0.1898384392261505,1.4946115016937256
1,ZAB,A lame romantic comedy about an unsympathetic character and someone who would not likely be so stupid as to get involved with her.,0,2,negative,positive,-0.2891109883785248,-0.18740573525428772,0.4603859782218933
1,ZAB,"Rob Schneider's infantile cross-dressing routines fill The Hot Chick, the latest gimmick from this unimaginative comedian.",0,1,negative,neutral,-1.286877155303955,-0.12286311388015747,-0.4110250174999237
1,ZAB,"The film is a contrivance, as artificial as the video games Japanese teens play in a nightclub sequence, but it's an enjoyable one.",1,1,neutral,neutral,-0.6898788809776306,-0.3460274040699005,-0.38488686084747314
1,ZAB,"At its worst the screenplay is callow, but at its best it is a young artist's thoughtful consideration of fatherhood.",1,1,neutral,neutral,-0.6104221343994141,-0.40448275208473206,-0.5001636147499084
1,ZAB,At 78 minutes it just zings along with vibrance and warmth.,2,2,positive,positive,-0.5064223408699036,-0.5452503561973572,-0.4375773072242737
1,ZAB,"Only an epic documentary could get it all down, and Spike Lee's Jim Brown: All American at long last gives its subject a movie worthy of his talents.",2,2,positive,positive,-0.9103532433509827,-0.2341703474521637,-0.18979394435882568
1,ZAB,"As quiet, patient and tenacious as Mr. Lopez himself, who approaches his difficult, endless work with remarkable serenity and discipline.",2,2,positive,positive,-0.5021121501922607,-0.4272449314594269,-0.4164084494113922
1,ZAB,"Instead of hiding Pinocchio from critics, Miramax should have hidden it from everyone.",0,1,negative,neutral,-0.6329846382141113,-0.1873304843902588,-0.2325068861246109
1,ZAB,What a great shame that such a talented director as Chen Kaige has chosen to make his English-language debut with a film so poorly plotted and scripted.,0,1,negative,neutral,-0.9291667342185974,-0.17004215717315674,-0.24728475511074066
1,ZAB,Jeffs has created a breathtakingly assured and stylish work of spare dialogue and acute expressiveness.,2,2,positive,positive,-0.5674286484718323,-0.2712334096431732,-0.12405657023191452
1,ZAB,"Just about the best straight-up, old-school horror film of the last 15 years.",2,0,positive,negative,-0.3943323791027069,-0.46468326449394226,-0.42638513445854187
1,ZAB,"Gosling creates a staggeringly compelling character, a young man whose sharp intellect is at the very root of his contradictory, self-hating, self-destructive ways.",2,2,positive,positive,-0.8202369809150696,-0.2771565020084381,-0.2172887772321701
1,ZAB,"I thought the relationships were wonderful, the comedy was funny, and the love `real'.",2,1,positive,neutral,-0.5105546116828918,-0.3669182062149048,-0.5613800883293152
1,ZAB,Better at putting you to sleep than a sound machine.,0,2,negative,positive,-1.0524611473083496,-0.37867674231529236,-0.22638638317584991
1,ZAB,Feels less like a cousin to Blade Runner than like a bottom-feeder sequel in the Escape From New York series.,0,1,negative,neutral,-0.5479389429092407,-0.20766712725162506,-0.3323313593864441
1,ZAB,"Elegantly produced and expressively performed, the six musical numbers crystallize key plot moments into minutely detailed wonders of dreamlike ecstasy.",2,2,positive,positive,-0.7618185877799988,-0.07678860425949097,-0.010667781345546246
1,ZAB,"Ultimate X is a ride, basically the kind of greatest-hits reel that might come with a subscription to ESPN the Magazine.",1,1,neutral,neutral,-0.7319474220275879,-0.1591678261756897,-0.32824474573135376
1,ZAB,"Celebrated at Sundance, this slight comedy of manners has winning performances and a glossy, glib charm that's hard to beat.",2,2,positive,positive,-0.8216117024421692,-0.29360231757164,-0.19856221973896027
1,ZAB,"Apparently, romantic comedy with a fresh point of view just doesn't figure in the present Hollywood program.",0,1,negative,neutral,-0.7636367678642273,-0.262571781873703,-0.38648056983947754
1,ZAB,That Haynes can both maintain and dismantle the facades that his genre and his character construct is a wonderous accomplishment of veracity and narrative grace.,2,1,positive,neutral,-0.91136234998703,-0.23651626706123352,-0.3617144227027893
1,ZAB,"Some elements of it really blow the big one, but other parts are decent.",1,1,neutral,neutral,-0.393729567527771,-0.23174315690994263,-0.3499535024166107
1,ZAB,"No French people were harmed during the making of this movie, but they were insulted and the audience was put through torture for an hour and a half.",0,2,negative,positive,-0.991122305393219,-0.04026291146874428,0.0067156897857785225
1,ZAB,"I was feeling this movie until it veered off too far into the Exxon zone, and left me behind at the station looking for a return ticket to realism.",0,2,negative,positive,-0.9948239326477051,-0.01717505231499672,-0.015740331262350082
1,ZAB,The simplicity of The Way Home has few equals this side of Aesop.,1,2,neutral,positive,-1.0548198223114014,-0.1745690256357193,-0.10938486456871033
1,ZAB,Exceptionally well acted by Diane Lane and Richard Gere.,2,2,positive,positive,-0.8984636664390564,-0.31507253646850586,-0.25439217686653137
1,ZAB,"Dong shows how intolerance has the power to deform families, then tear them apart.",1,2,neutral,positive,-0.5664249062538147,-0.3239766061306,-0.3187742531299591
1,ZAB,"A stupid, derivative horror film that substitutes extreme gore for suspense.",0,2,negative,positive,-0.6374461650848389,-0.6033395528793335,-0.3442707359790802
1,ZAB,It's a great American adventure and a wonderful film to bring to IMAX.,2,2,positive,positive,-0.4341410994529724,-0.2826654016971588,-0.06580396741628647
1,ZAB,It's 51 times better than this.,1,2,neutral,positive,-1.6248983144760132,0.044010382145643234,0.5213800668716431
1,ZAB,"It's like an old Warner Bros. costumer jived with sex -- this could be the movie Errol Flynn always wanted to make, though Bette Davis, cast as Joan, would have killed him.",1,2,neutral,positive,-1.1206234693527222,0.016917642205953598,0.07063955813646317
1,ZAB,"A miraculous movie, I'm Going Home is so slight, yet overflows with wisdom and emotion.",2,2,positive,positive,-0.7020886540412903,-0.20562836527824402,-0.02994513139128685
1,ZAB,"A fiercely clever and subtle film, capturing the precarious balance between the extravagant confidence of the exiled aristocracy and the cruel earnestness of the victorious revolutionaries.",2,2,positive,positive,-0.8138821721076965,-0.03983497992157936,0.0946323350071907
1,ZAB,"It's as if you're watching a movie that was made in 1978 but not released then because it was so weak, and it has been unearthed and released now, when it has become even weaker.",0,1,negative,neutral,-1.199512243270874,0.04649585112929344,-0.1166357770562172
1,ZAB,Anemic chronicle of money grubbing New Yorkers and their serial loveless hook ups.,1,2,neutral,positive,-0.6237549185752869,-0.08112287521362305,0.08641151338815689
1,ZAB,"Thanks to a small star with big heart, this family film sequel is plenty of fun for all.",2,1,positive,neutral,-0.3940894901752472,-0.16709664463996887,-0.19005651772022247
1,ZAB,And I've decided to leave a light on every night from now on.,1,2,neutral,positive,-0.5363823175430298,0.008029516786336899,0.03725786879658699
1,ZAB,Festers in just such a dungpile that you'd swear you were watching monkeys flinging their feces at you.,0,2,negative,positive,-0.6725760698318481,-0.4093686044216156,-0.15268920361995697
1,ZAB,under-rehearsed and lifeless,0,2,negative,positive,-1.1648672819137573,-0.39341697096824646,0.18316522240638733
1,ZAB,Exactly what you'd expect from a guy named Kaos.,1,2,neutral,positive,-1.2174711227416992,-0.3489817976951599,0.1805936098098755
1,ZAB,"If legendary shlockmeister Ed Wood had ever made a movie about a vampire, it probably would look a lot like this alarming production, adapted from Anne Rice's novel The Vampire Chronicles.",1,2,neutral,positive,-1.0860661268234253,0.0024233274161815643,0.09874298423528671
1,ZAB,"For those for whom the name Woody Allen was once a guarantee of something fresh, sometimes funny, and usually genuinely worthwhile, Hollywood Ending is a depressing experience.",0,2,negative,positive,-1.0515002012252808,-0.05297088995575905,0.2514418363571167
1,ZAB,Bella is the picture of health with boundless energy until a few days before she dies.,1,2,neutral,positive,-0.6484524607658386,-0.23489664494991302,0.07444528490304947
1,ZAB,"The fun of the movie is the chance it affords to watch Jackson, who also served as executive producer, take his smooth, shrewd, powerful act abroad.",2,2,positive,positive,-1.1923091411590576,0.0484689436852932,0.1075829565525055
1,ZAB,What should have been a cutting Hollywood satire is instead about as fresh as last week's issue of Variety.,0,2,negative,positive,-0.7413823008537292,-0.16741669178009033,-0.1104220375418663
1,ZAB,"Cox offers plenty of glimpses at existing photos, but there are no movies of Nijinsky, so instead the director treats us to an aimless hodgepodge.",0,2,negative,positive,-0.8707985877990723,-0.21623820066452026,-0.05055789276957512
1,ZAB,Aaliyah rarely dampens her diva persona enough to spark genuine chemistry with Townsend.,1,2,neutral,positive,-0.6204438805580139,-0.15276828408241272,-0.13921982049942017
1,ZAB,Mr. Soderbergh's direction and visual style struck me as unusually and unimpressively fussy and pretentious.,0,1,negative,neutral,-0.7734407782554626,-0.43725743889808655,-0.5928436517715454
1,ZAB,Mazel tov to a film about a family's joyous life acting on the Yiddish stage.,2,2,positive,positive,-0.6626052260398865,-0.33034181594848633,-0.31510084867477417
1,ZAB,... would be a total loss if not for two supporting performances taking place at the movie's edges.,1,2,neutral,positive,-0.4108203947544098,-0.3143163323402405,-0.07217852026224136
1,ZAB,An inspiring and heart-affecting film about the desperate attempts of Vietnamese refugees living in U.S. relocation camps to keep their hopes alive in 1975.,2,1,positive,neutral,-1.0748263597488403,0.099639892578125,-0.07863273471593857
1,ZAB,"Loud, chaotic and largely unfunny.",0,2,negative,positive,-1.3192508220672607,-0.04665595665574074,0.06192745640873909
1,ZAB,The immersive powers of the giant screen and its hyper-realistic images are put to perfect use in the breathtakingly beautiful outer-space documentary Space Station 3D.,2,2,positive,positive,-1.053035855293274,0.12504489719867706,0.46146005392074585
1,ZAB,It's everything you don't go to the movies for.,0,2,negative,positive,-1.3464809656143188,0.03695657476782799,0.7041445970535278
1,ZAB,"Harris is supposed to be the star of the story, but comes across as pretty dull and wooden.",1,2,neutral,positive,-0.848647952079773,0.2693423926830292,0.41638559103012085
1,ZAB,Allen's funniest and most likeable movie in years.,2,2,positive,positive,-1.0623602867126465,0.010354455560445786,0.41576671600341797
1,ZAB,"For those who pride themselves on sophisticated, discerning taste, this might not seem like the proper cup of tea, however it is almost guaranteed that even the stuffiest cinema goers will laugh their 1*** off for an hour-and-a-half.",2,2,positive,positive,-1.070351481437683,0.17940804362297058,0.7909702658653259
1,ZAB,"There is a refreshing absence of cynicism in Stuart Little 2 -- quite a rarity, even in the family film market.",2,1,positive,neutral,-1.1325721740722656,0.20087867975234985,0.19268549978733063
1,ZAB,There are plot holes big enough for Shamu the killer whale to swim through.,0,2,negative,positive,-0.6304606795310974,-0.2456274777650833,0.3007093071937561
1,ZAB,... always remains movingly genuine.,2,1,positive,neutral,-1.2682026624679565,0.26385459303855896,0.09736300259828568
1,ZAB,"Stitch is a bad mannered, ugly and destructive little ****.",0,2,negative,positive,-0.8680570721626282,-0.5251959562301636,-0.28599753975868225
1,ZAB,The cast is top-notch and I predict there will be plenty of female audience members drooling over Michael Idemoto as Michael.,2,1,positive,neutral,-0.6732553243637085,0.09857848286628723,0.09640107303857803
1,ZAB,Kirshner and Monroe seem to be in a contest to see who can out-bad-act the other.,0,2,negative,positive,-0.45027559995651245,-0.5621353387832642,-0.01207334827631712
1,ZAB,This is one of those war movies that focuses on human interaction rather than battle and action sequences... and it's all the stronger because of it.,2,1,positive,neutral,-1.1237345933914185,-0.04217543080449104,-0.25646135210990906
1,ZAB,"Like life on the island, the movie grows boring despite the scenery.",0,2,negative,positive,-0.6064926385879517,0.22798171639442444,0.4538079798221588
1,ZAB,It's anchored by splendid performances from an honored screen veteran and a sparkling newcomer who instantly transform themselves into a believable mother/daughter pair.,2,2,positive,positive,-1.1061506271362305,0.26993459463119507,0.7663407921791077
1,ZAB,An atonal estrogen opera that demonizes feminism while gifting the most sympathetic male of the piece with a nice vomit bath at his wedding.,0,2,negative,positive,-0.8685638308525085,0.168914794921875,0.37465617060661316
1,ZAB,"Even by the intentionally low standards of frat-boy humor, Sorority Boys is a bowser.",0,2,negative,positive,-0.758278489112854,-0.08052743971347809,0.1439007967710495
1,ZAB,"Director of photography Benoit Delhomme shot the movie in delicious colors, and the costumes and sets are grand.",2,2,positive,positive,-0.7148462533950806,0.08442297577857971,0.32859867811203003
1,ZAB,The only entertainment you'll derive from this choppy and sloppy affair will be from unintentional giggles -- several of them.,0,1,negative,neutral,-0.8281260132789612,-0.007862482219934464,-0.08713958412408829
1,ZAB,The film serves as a valuable time capsule to remind us of the devastating horror suffered by an entire people.,1,2,neutral,positive,-1.2273844480514526,0.11704862117767334,0.1759776920080185
1,ZAB,"A bittersweet contemporary comedy about benevolent deception, which, while it may not rival the filmmaker's period pieces, is still very much worth seeing.",2,1,positive,neutral,-1.0288723707199097,0.02493896707892418,-0.1267128437757492
1,ZAB,Attal pushes too hard to make this a comedy or serious drama.,0,2,negative,positive,-0.8280983567237854,-0.26061323285102844,-0.2257600575685501
1,ZAB,Isabelle Huppert excels as the enigmatic Mika and Anna Mouglalis is a stunning new young talent in one of Chabrol's most intense psychological mysteries.,2,2,positive,positive,-0.9937266707420349,0.09016236662864685,0.4132079482078552
1,ZAB,A small movie with a big impact.,2,2,positive,positive,-1.2109075784683228,-0.050109777599573135,0.7321547269821167
1,ZAB,Photographed with melancholy richness and eloquently performed yet also decidedly uncinematic.,1,2,neutral,positive,-0.7141788601875305,-0.5413897037506104,-0.38193878531455994
1,ZAB,"Hey Arnold! is now stretched to barely feature length, with a little more attention paid to the animation.",1,1,neutral,neutral,-1.07540762424469,-0.02895456925034523,-0.1308048814535141
1,ZAB,"After that, it just gets stupid and maudlin.",0,2,negative,positive,-0.7680057883262634,0.10442472994327545,0.1284186691045761
1,ZAB,"The stunning, dreamlike visuals will impress even those viewers who have little patience for Euro-film pretension.",2,2,positive,positive,-1.0063880681991577,-0.05986307933926582,0.3631775379180908
1,ZAB,"Plods along, minus the twisted humor and eye-popping visuals that have made Miike... a cult hero.",1,2,neutral,positive,-0.514195442199707,-0.2242370843887329,-0.08598563820123672
1,ZAB,"Impresses as a skillfully assembled, highly polished and professional adaptation... just about as chilling and unsettling as `Manhunter' was.",2,2,positive,positive,-0.9758281707763672,0.08008468151092529,0.13077141344547272
1,ZAB,"For the most part, it's a work of incendiary genius, steering clear of knee-jerk reactions and quick solutions.",2,2,positive,positive,-0.7990030646324158,-0.05343255773186684,-0.014339934103190899
1,ZAB,"It's badly acted, blandly directed, and could have been scripted by someone who just graduated from elementary school.",0,1,negative,neutral,-0.9982449412345886,-0.14828354120254517,-0.22799429297447205
1,ZAB,"The sort of picture in which, whenever one of the characters has some serious soul searching to do, they go to a picture-perfect beach during sunset.",1,2,neutral,positive,-0.5864292979240417,-0.2771967947483063,-0.10435185581445694
1,ZAB,... a roller-coaster ride of a movie,2,2,positive,positive,-0.7649789452552795,-0.41670089960098267,-0.22394584119319916
1,ZAB,"A colorful, vibrant introduction to a universal human impulse, lushly photographed and beautifully recorded.",2,1,positive,neutral,-0.7584874033927917,-0.3927497863769531,-0.4656367301940918
1,ZAB,Audiard successfully maintains suspense on different levels throughout a film that is both gripping and compelling.,2,1,positive,neutral,-0.574098527431488,-0.2999110519886017,-0.30843421816825867
1,ZAB,After that it becomes long and tedious like a classroom play in a college history course.,0,2,negative,positive,-0.5404906272888184,-0.31865808367729187,-0.10078926384449005
1,ZAB,"This is cool, slick stuff, ready to quench the thirst of an audience that misses the summer blockbusters.",2,1,positive,neutral,-1.0724468231201172,0.0870903879404068,-0.32546257972717285
1,ZAB,"Blade II has a brilliant director and charismatic star, but it suffers from rampant vampire devaluation.",1,2,neutral,positive,-0.9106764793395996,-0.6796849966049194,-0.42400529980659485
1,ZAB,"A loud, ugly, irritating movie without any of its satirical salvos hitting a discernible target.",0,2,negative,positive,-0.5738921761512756,-0.3636930286884308,-0.3444978892803192
1,ZAB,"For VeggieTales fans, this is more appetizing than a side dish of asparagus.",2,2,positive,positive,-0.7891314029693604,-0.17491307854652405,-0.12864454090595245
1,ZAB,"While it regards 1967 as the key turning point of the 20th century, and returns again and again to images of dissidents in the streets, it's alarmingly current.",1,2,neutral,positive,-0.8580138087272644,-0.2237764596939087,0.006629933603107929
1,ZAB,A truly wonderful tale combined with stunning animation.,2,2,positive,positive,-0.9294436573982239,-0.43768802285194397,0.06600982695817947
1,ZAB,"Nothing sticks, really, except a lingering creepiness one feels from being dragged through a sad, sordid universe of guns, drugs, avarice and damaged dreams.",0,2,negative,positive,-1.1812387704849243,0.027281250804662704,0.12372944504022598
1,ZAB,``Simone'' is a fun and funky look into an artificial creation in a world that thrives on artificiality.,2,2,positive,positive,-0.37521857023239136,-0.26078328490257263,-0.12828995287418365
1,ZAB,"It's a hoot watching The Rock chomp on jumbo ants, pull an arrow out of his back, and leap unscathed through raging fire!",2,2,positive,positive,-1.0863697528839111,0.0718822181224823,0.09117656946182251
1,ZAB,"While Tattoo borrows heavily from both Seven and The Silence of the Lambs, it manages to maintain both a level of sophisticated intrigue and human-scale characters that suck the audience in.",2,2,positive,positive,-1.068771481513977,-0.2256549447774887,0.04270852729678154
1,ZAB,A portrait of an artist.,1,2,neutral,positive,-0.670255720615387,-0.08547693490982056,0.28735092282295227
1,ZAB,"As written by Michael Berg and Michael J. Wilson from a story by Wilson, this relentless, all-wise-guys-all-the-time approach tries way too hard and gets tiring in no time at all.",0,2,negative,positive,-0.41231244802474976,-0.2953227758407593,-0.1106264516711235
1,ZAB,"It's the best film of the year so far, the benchmark against which all other Best Picture contenders should be measured.",2,1,positive,neutral,-0.6440625786781311,-0.13422304391860962,-0.17015357315540314
1,ZAB,This is one of the biggest disappointments of the year.,0,2,negative,positive,-0.5140513181686401,-0.3654867112636566,-0.31257230043411255
1,ZAB,It never fails to engage us.,2,2,positive,positive,-0.6494234800338745,-0.5265569686889648,-0.17632505297660828
1,ZAB,"Denis forges out of the theories of class - based rage and sisterly obsession a razor-sided tuning fork that rings with cultural, sexual and social discord.",1,1,neutral,neutral,-0.7857499718666077,-0.13745808601379395,-0.4486119747161865
1,ZAB,"Like the best of Godard's movies... it is visually ravishing, penetrating, impenetrable.",2,2,positive,positive,-0.5594130158424377,-0.4375359117984772,-0.19081434607505798
1,ZAB,The cumulative effect of the movie is repulsive and depressing.,0,2,negative,positive,-0.44106966257095337,-0.3563718795776367,-0.1873508244752884
1,ZAB,"Feels like nothing quite so much as a middle-aged moviemaker's attempt to surround himself with beautiful, half-naked women.",1,1,neutral,neutral,-0.7614603638648987,-0.2640019357204437,-0.45813310146331787
1,ZAB,"A very long movie, dull in stretches, with entirely too much focus on meal preparation and igloo construction.",0,1,negative,neutral,-0.6625033617019653,-0.266308069229126,-0.37280720472335815
1,ZAB,"In XXX, Diesel is that rare creature -- an action hero with table manners, and one who proves that elegance is more than tattoo deep.",2,1,positive,neutral,-0.7286730408668518,-0.2814917266368866,-0.4615401327610016
1,ZAB,I'm not sure which will take longer to heal: the welt on Johnny Knoxville's stomach from a riot-control projectile or my own tortured psyche.,0,1,negative,neutral,-0.8284747004508972,-0.23293590545654297,-0.5013680458068848
1,ZAB,"While Serving Sara does have a long way to go before it reaches the level of crudity in the latest Austin Powers extravaganza, there's nothing here to match that movie's intermittent moments of inspiration.",1,1,neutral,neutral,-0.7901540398597717,0.08536279201507568,-0.31108346581459045
1,ZAB,"It's difficult to conceive of anyone who has reached puberty actually finding the characters in Slackers or their antics amusing, let alone funny.",0,1,negative,neutral,-0.6549940705299377,-0.16441181302070618,-0.3281978666782379
1,ZAB,"It never is, not fully.",1,2,neutral,positive,-0.8480232357978821,-0.4875721335411072,-0.47949063777923584
1,ZAB,"Not only is Undercover Brother as funny, if not more so, than both Austin Powers films, but it's also one of the smarter, savvier spoofs to come along in some time.",2,1,positive,neutral,-0.841193437576294,0.16620728373527527,-0.29773765802383423
1,ZAB,It should be mentioned that the set design and interiors of the haunted vessel are more than effectively creepy and moodily lit.,2,1,positive,neutral,-0.6523953080177307,-0.16989371180534363,-0.49227577447891235
1,ZAB,"With the exception of some fleetingly amusing improvisations by Cedric the Entertainer as Perry's boss, there isn't a redeeming moment here.",0,1,negative,neutral,-0.6962009072303772,-0.2764407992362976,-0.4290631115436554
1,ZAB,It's a funny little movie with clever dialogue and likeable characters.,2,1,positive,neutral,-0.833276093006134,-0.21120747923851013,-0.37831366062164307
1,ZAB,"``13 Conversations'' holds its goodwill close, but is relatively slow to come to the point.",1,1,neutral,neutral,-0.41807106137275696,-0.29113152623176575,-0.3916248679161072
1,ZAB,"Not the kind of film that will appeal to a mainstream American audience, but there is a certain charm about the film that makes it a suitable entry into the fest circuit.",2,1,positive,neutral,-0.9895331859588623,-0.09018459916114807,-0.20311026275157928
1,ZAB,"You come away wishing, though, that the movie spent a lot less time trying to make a credible case for reports from the afterlife and a lot more time on the romantic urgency that's at the center of the story.",1,1,neutral,neutral,-0.9398269057273865,-0.16496360301971436,-0.4057999849319458
1,ZAB,The movie is virtually without context -- journalistic or historical.,0,2,negative,positive,-0.7618209719657898,-0.2536103427410126,-0.11890078336000443
1,ZAB,"After sitting through this sloppy, made-for-movie comedy special, it makes me wonder if Lawrence hates criticism so much that he refuses to evaluate his own work.",0,2,negative,positive,-0.6143902540206909,-0.23934140801429749,-0.18647368252277374
1,ZAB,Genuinely touching because it's realistic about all kinds of love.,2,0,positive,negative,-0.24714046716690063,-0.5093530416488647,-0.3039546310901642
1,ZAB,"For all the complications, it's all surprisingly predictable.",1,2,neutral,positive,-0.9797972440719604,-0.43392089009284973,-0.14756982028484344
1,ZAB,"Armed with a game supporting cast, from the pitch-perfect Forster to the always hilarious Meara and Levy, Like Mike shoots and scores, doing its namesake proud.",2,1,positive,neutral,-0.6321467161178589,-0.1837613880634308,-0.21227635443210602
1,ZAB,It will guarantee to have you leaving the theater with a smile on your face.,2,2,positive,positive,-0.7236520051956177,-0.4875246584415436,-0.3625715970993042
1,ZAB,"The misery of these people becomes just another voyeuristic spectacle, to be consumed and forgotten.",0,2,negative,positive,-0.51628577709198,-0.4819228947162628,-0.3716525137424469
1,ZAB,"A thoroughly awful movie -- dumb, narratively chaotic, visually sloppy... a weird amalgam of `The Thing' and a geriatric `Scream.'",0,1,negative,neutral,-0.794471263885498,-0.20003527402877808,-0.5505573749542236
1,ZAB,"One of those staggeringly well-produced, joylessly extravagant pictures that keep whooshing you from one visual marvel to the next, hastily, emptily.",1,1,neutral,neutral,-0.6602799296379089,-0.2110147476196289,-0.28700798749923706
1,ZAB,"Measured against practically any like-themed film other than its Oscar-sweeping franchise predecessor The Silence of the Lambs, Red Dragon rates as an exceptional thriller.",2,1,positive,neutral,-0.7310783863067627,-0.26940929889678955,-0.42184680700302124
1,ZAB,"The movie has no respect for laws, political correctness or common decency, but it displays something more important: respect for its flawed, crazy people.",1,1,neutral,neutral,-0.7435657978057861,-0.23949766159057617,-0.27286213636398315
1,ZAB,"In a strange way, Egoyan has done too much.",1,2,neutral,positive,-0.9436017274856567,-0.24574723839759827,-0.0950494036078453
1,ZAB,"After seeing the film, I can tell you that there's no other reason why anyone should bother remembering it.",0,1,negative,neutral,-0.4394338130950928,-0.18455791473388672,-0.3060138523578644
1,ZAB,The film is darkly funny in its observation of just how much more grueling and time-consuming the illusion of work is than actual work.,2,1,positive,neutral,-0.6337369084358215,-0.17068645358085632,-0.487112432718277
1,ZAB,"In some ways, Lagaan is quintessential Bollywood.",1,2,neutral,positive,-0.5780816674232483,-0.31989994645118713,-0.14605523645877838
1,ZAB,"Pacino and Williams seem to keep upping the ante on each other, just as their characters do in the film.",2,1,positive,neutral,-0.7994113564491272,-0.23580589890480042,-0.4325156807899475
1,ZAB,"It would be disingenuous to call Reno a great film, but you can say that about most of the flicks moving in and out of the multiplex.",1,1,neutral,neutral,-0.7961093783378601,-0.12274801731109619,-0.28045594692230225
1,ZAB,"Some movies can get by without being funny simply by structuring the scenes as if they were jokes: a setup, delivery and payoff.",1,1,neutral,neutral,-0.6589190363883972,-0.30277085304260254,-0.4152240753173828
1,ZAB,Narc can only remind us of brilliant crime dramas without becoming one itself.,1,1,neutral,neutral,-0.7575997710227966,-0.216559499502182,-0.32940152287483215
1,ZAB,Narc is a no-bull throwback to 1970s action films.,2,2,positive,positive,-0.5455906391143799,-0.3707212507724762,-0.09817642718553543
1,ZAB,Intriguing and downright intoxicating.,2,1,positive,neutral,-0.7369934916496277,-0.2393474578857422,-0.270072340965271
1,ZAB,"The wonderful combination of the sweetness and the extraordinary technical accomplishments of the first film are maintained, but its overall impact falls a little flat with a storyline that never quite delivers the original magic.",1,2,neutral,positive,-0.7532484531402588,-0.1866077482700348,0.075188048183918
1,ZAB,Perhaps the most annoying thing about Who Is Cletis Tout? is that it's a crime movie made by someone who obviously knows nothing about crime.,0,1,negative,neutral,-0.8613234162330627,-0.07284602522850037,-0.34376057982444763
1,ZAB,"In addition to scoring high for originality of plot -- putting together familiar themes of family, forgiveness and love in a new way -- Lilo & Stitch has a number of other assets to commend it to movie audiences both innocent and jaded.",2,2,positive,positive,-0.8491194844245911,-0.105592280626297,-0.08969954401254654
1,ZAB,The quirky drama touches the heart and the funnybone thanks to the energetic and always surprising performance by Rachel Griffiths.,2,2,positive,positive,-0.6600343585014343,-0.34305986762046814,-0.2754179835319519
1,ZAB,"At its worst, it implodes in a series of very bad special effects.",0,2,negative,positive,-0.57032710313797,-0.5515837073326111,-0.224173441529274
1,ZAB,Bad and baffling from the get-go.,0,2,negative,positive,-0.5770400762557983,-0.06178060546517372,1.2934268712997437
1,ZAB,"The movie is a blast of educational energy, as bouncy animation and catchy songs escort you through the entire 85 minutes.",2,1,positive,neutral,-0.8584729433059692,-0.40187519788742065,-0.4098135530948639
1,ZAB,"To my taste, the film's comic characters come perilously close to being Amoses and Andys for a new generation.",1,0,neutral,negative,-0.5063592791557312,-1.160982370376587,-0.57820063829422
1,ZAB,"Although the sequel has all the outward elements of the original, the first film's lovely flakiness is gone, replaced by the forced funniness found in the dullest kiddie flicks.",0,2,negative,positive,-0.6649158596992493,-0.9769501090049744,-0.5078850388526917
1,ZAB,"The real charm of this trifle is the deadpan comic face of its star, Jean Reno, who resembles Sly Stallone in a hot sake half-sleep.",1,2,neutral,positive,-0.656566321849823,-0.798905074596405,-0.3284790813922882
1,ZAB,"... a cute and sometimes side-splittingly funny blend of Legally Blonde and Drop Dead Gorgeous, starring Piper Perabo in what could be her breakthrough role.",2,2,positive,positive,-0.5666064023971558,-1.2404561042785645,-0.08180452138185501
1,ZAB,"This method almost never fails him, and it works superbly here.",2,2,positive,positive,-0.6534674167633057,-1.5480505228042603,-0.15467621386051178
1,ZAB,Few films capture so perfectly the hopes and dreams of little boys on baseball fields as well as the grown men who sit in the stands.,2,0,positive,negative,-0.44861239194869995,-1.2707964181900024,-0.8717101216316223
1,ZAB,Steers has an unexpectedly adamant streak of warm-blooded empathy for all his disparate Manhattan denizens -- especially the a**holes.,1,2,neutral,positive,-0.570988118648529,-1.0877994298934937,-0.4450882077217102
1,ZAB,"The Emperor's Club is one of those films that possesses all the good intentions in the world, but...",1,0,neutral,negative,-0.29621660709381104,-0.8748572468757629,-0.8850979804992676
1,ZAB,The most compelling performance of the year adds substantial depth to this shocking testament to anti-Semitism and neo-fascism.,2,0,positive,negative,-0.3947278559207916,-1.162736177444458,-0.5303795337677002
1,ZAB,"LaBute can't avoid a fatal mistake in the modern era: He's changed the male academic from a lower-class Brit to an American, a choice that upsets the novel's exquisite balance and shreds the fabric of the film.",1,2,neutral,positive,-0.7242655754089355,-0.8198192119598389,-0.2517368793487549
1,ZAB,A biopic about Crane's life in the classic tradition but evolves into what has become of us all in the era of video.,1,0,neutral,negative,-0.43569841980934143,-0.8318305015563965,-0.4525059163570404
1,ZAB,"A work of extraordinary journalism, but it is also a work of deft and subtle poetry.",2,2,positive,positive,-0.4613049328327179,-0.916671097278595,-0.4288119971752167
1,ZAB,... think of it as American Pie On Valium.,1,0,neutral,negative,-0.7333568930625916,-1.212307333946228,-0.7948151230812073
1,ZAB,Gere gives a good performance in a film that doesn't merit it.,1,2,neutral,positive,-0.46626341342926025,-1.4278019666671753,-0.2728641629219055
1,ZAB,The Pianist is Polanski's best film.,2,2,positive,positive,-0.517832338809967,-1.034624457359314,0.1177491769194603
1,ZAB,Maybe Thomas Wolfe was right: You can't go home again.,1,2,neutral,positive,-0.4284517168998718,-0.922141969203949,-0.14058217406272888
1,ZAB,"The director, with his fake backdrops and stately pacing, never settles on a consistent tone.",0,0,negative,negative,-0.16889184713363647,-1.1682907342910767,-0.6056188344955444
1,ZAB,"Why he was given free reign over this project -- he wrote, directed, starred and produced -- is beyond me.",0,2,negative,positive,-0.5076857209205627,-1.2394708395004272,-0.33228692412376404
1,ZAB,"If you enjoy being rewarded by a script that assumes you aren't very bright, then Blood Work is for you.",0,0,negative,negative,-0.2633891701698303,-1.2333459854125977,-0.6413618326187134
1,ZAB,"Like Rudy Yellow Lodge, Eyre needs to take a good sweat to clarify his cinematic vision before his next creation and remember the lessons of the trickster spider.",0,2,negative,positive,-0.8934697508811951,-0.7451715469360352,-0.25889456272125244
1,ZAB,But his showboating wise-cracker stock persona sure is getting old.,1,2,neutral,positive,-0.47588813304901123,-1.072890281677246,-0.436095267534256
1,ZAB,"Circuit queens won't learn a thing, they'll be too busy cursing the film's strategically placed white sheets.",1,0,neutral,negative,-0.33314159512519836,-1.099180817604065,-0.6430479288101196
1,ZAB,"A lot of talent is wasted in this crass, low-wattage endeavor.",0,2,negative,positive,-0.47079282999038696,-1.2452818155288696,-0.4660382866859436
1,ZAB,"Alain Choquart's camera barely stops moving, portraying both the turmoil of the time and giving Conduct a perpetual sense of urgency, which, for a film that takes nearly three hours to unspool, is both funny and irritating.",1,2,neutral,positive,-0.7729330062866211,-1.0149332284927368,-0.30359047651290894
1,ZAB,The second coming of Harry Potter is a film far superior to its predecessor.,2,0,positive,negative,0.1366272121667862,-1.02023446559906,-0.5035454034805298
1,ZAB,This stuck pig of a movie flails limply between bizarre comedy and pallid horror.,0,0,negative,negative,-0.138898104429245,-1.086808204650879,-0.5997251868247986
1,ZAB,"The film just might turn on many people to opera, in general, an art form at once visceral and spiritual, wonderfully vulgar and sublimely lofty -- and as emotionally grand as life.",2,2,positive,positive,-0.7541593909263611,-0.7498394846916199,-0.40895330905914307
1,ZAB,"The delicious trimmings... arrive early and stay late, filling nearly every minute... with a lighthearted glow, some impudent snickers, and a glorious dose of humankind's liberating ability to triumph over a Scrooge or two.",2,2,positive,positive,-0.8532472252845764,-1.0985288619995117,0.014222663827240467
1,ZAB,"The inhospitability of the land emphasizes the spare precision of the narratives and helps to give them an atavistic power, as if they were tales that had been handed down since the beginning of time.",1,2,neutral,positive,-0.6251000761985779,-0.4631393253803253,0.0030913546215742826
1,ZAB,Even more baffling is that it's funny.,1,2,neutral,positive,-0.6198635697364807,-1.1465216875076294,-0.14855808019638062
1,ZAB,"Parker should be commended for taking a fresh approach to familiar material, but his determination to remain true to the original text leads him to adopt a somewhat mannered tone... that ultimately dulls the human tragedy at the story's core.",1,2,neutral,positive,-0.9461503624916077,-0.7212142944335938,-0.2581082582473755
1,ZAB,"Hard, endearing, caring, warm.",2,2,positive,positive,-1.1774684190750122,-0.48492860794067383,0.13040484488010406
1,ZAB,"I have no problem with ``difficult'' movies, or movies that ask the audience to meet them halfway and connect the dots instead of having things all spelled out.",1,2,neutral,positive,-0.7349454760551453,-1.2426964044570923,-0.05724742263555527
1,ZAB,The way Coppola professes his love for movies -- both colorful pop junk and the classics that unequivocally qualify as art -- is giddily entertaining.,2,2,positive,positive,-0.7065074443817139,-0.8188610076904297,-0.5487221479415894
1,ZAB,Both the crime story and the love story are unusual.,1,0,neutral,negative,-0.25704020261764526,-1.415845274925232,-0.5092895030975342
1,ZAB,It's never a good sign when a film's star spends the entirety of the film in a coma.,0,2,negative,positive,-0.5933768153190613,-1.4262878894805908,-0.44473502039909363
1,ZAB,A creaky staircase gothic.,1,2,neutral,positive,-0.9344717264175415,-0.9735047817230225,0.09557085484266281
1,ZAB,"If there's a way to effectively teach kids about the dangers of drugs, I think it's in projects like the (unfortunately R-rated) Paid.",1,0,neutral,negative,-0.40536773204803467,-1.2745534181594849,-0.44953885674476624
1,ZAB,"If you're a WWF fan, or you related to the people who watched the robots getting butchered in A.I., you'll probably like Rollerball.",1,0,neutral,negative,-0.45919087529182434,-1.203471064567566,-0.6421323418617249
1,ZAB,Norton holds the film together.,1,2,neutral,positive,-0.5714488625526428,-0.8147396445274353,0.06516647338867188
1,ZAB,"A breathtaking adventure for all ages, Spirit tells its poignant and uplifting story in a stunning fusion of music and images.",2,0,positive,negative,-0.2601233422756195,-0.8982873558998108,-0.6842977404594421
1,ZAB,It won't bust your gut -- and it's not intended to -- it's merely a blandly cinematic surgical examination of what makes a joke a joke.,1,2,neutral,positive,-0.6235195994377136,-0.8266254663467407,-0.5030997395515442
1,ZAB,Largely a for-fans artifact.,1,2,neutral,positive,-0.8141558170318604,-1.2686386108398438,-0.16223928332328796
1,ZAB,A movie so bad that it quickly enters the pantheon of wreckage that includes Battlefield Earth and Showgirls.,0,0,negative,negative,-0.43092334270477295,-1.1566044092178345,-0.4436313509941101
1,ZAB,"If you're over 25, have an IQ over 90, and have a driver's license, you should be able to find better entertainment.",0,2,negative,positive,-0.5117589831352234,-0.96180260181427,-0.42818158864974976
1,ZAB,A solid piece of journalistic work that draws a picture of a man for whom political expedience became a deadly foreign policy.,1,0,neutral,negative,-0.5071999430656433,-1.2372561693191528,-0.6685066223144531
1,ZAB,"The doofus-on-the-loose banter of Welcome to Collinwood has a cocky, after-hours loopiness to it.",1,0,neutral,negative,-0.5676122903823853,-1.2420297861099243,-0.7961915135383606
1,ZAB,It's the funniest American comedy since Graffiti Bridge.,2,2,positive,positive,-0.3330390453338623,-0.37755489349365234,-0.04711917042732239
1,ZAB,Samuel Beckett applied to the Iranian voting process.,1,0,neutral,negative,-0.24684464931488037,-1.037850022315979,-0.48127204179763794
1,ZAB,A strangely compelling and brilliantly acted psychological drama.,2,2,positive,positive,-0.6075062155723572,-0.5056235790252686,0.18655261397361755
1,ZAB,"Often gruelling and heartbreaking to witness, but Seldahl and Wollter's sterling performances raise this far above the level of the usual maudlin disease movie.",2,1,positive,neutral,-0.4205101728439331,-0.33670753240585327,-0.5389455556869507
1,ZAB,"This enthralling documentary... is at once playful and haunting, an in-depth portrait of an iconoclastic artist who was fundamentally unknowable even to his closest friends.",2,2,positive,positive,-0.5031889081001282,-0.3015674948692322,0.15863189101219177
1,ZAB,"I didn't laugh at the ongoing efforts of Cube, and his skinny buddy Mike Epps, to make like Laurel and Hardy'n the hood.",0,0,negative,negative,-0.18054161965847015,-0.6482325792312622,-0.7967411875724792
1,ZAB,"At its best when the guarded, resentful Betty and the manipulative yet needy Margot are front and center.",1,0,neutral,negative,-0.2056669443845749,-0.5750799775123596,-0.7133495211601257
1,ZAB,Ford deserves to be remembered at Oscar time for crafting this wonderful portrait of a conflicted soldier.,2,0,positive,negative,0.3655981719493866,-0.6557273864746094,-0.6852821707725525
1,ZAB,"That is essentially what's missing from Blackboards -- the sense of something bigger, some ultimate point.",1,0,neutral,negative,-0.09994398057460785,-0.4960058927536011,-0.5377684831619263
1,ZAB,"It's a bizarre curiosity memorable mainly for the way it fritters away its potentially interesting subject matter via a banal script, unimpressive acting and indifferent direction.",1,2,neutral,positive,-0.10900893807411194,-0.1634874790906906,0.3011590242385864
1,ZAB,"While obviously an extremely personal work, it remains inextricably stuck in an emotionally unavailable rut.",1,1,neutral,neutral,-0.33201122283935547,-0.21363165974617004,-0.2523871660232544
1,ZAB,"A dim-witted and lazy spin-off of the Animal Planet documentary series, Crocodile Hunter is entertainment opportunism at its most glaring.",0,2,negative,positive,-0.37274372577667236,-0.6219314336776733,-0.15300314128398895
1,ZAB,"The good is very, very good... The rest runs from mildly unimpressive to despairingly awful.",1,0,neutral,negative,-0.07824133336544037,-0.5262220501899719,-0.8925805687904358
1,ZAB,"Methodical, measured, and gently tedious in its comedy, Secret Ballot is a purposefully reductive movie -- which may be why it's so successful at lodging itself in the brain.",2,0,positive,negative,-0.04569907486438751,-0.5371836423873901,-0.2767421305179596
1,ZAB,One of the most exciting action films to come out of China in recent years.,2,0,positive,negative,0.12574486434459686,-0.8438568115234375,-0.7222366333007812
1,ZAB,Adam Sandler's Eight Crazy Nights grows on you -- like a rash.,0,0,negative,negative,-0.20693321526050568,-0.944391131401062,-0.7798188328742981
1,ZAB,"The film feels formulaic, its plot and pacing typical Hollywood war-movie stuff, while the performances elicit more of a sense of deja vu than awe.",0,0,negative,negative,-0.20780175924301147,-0.4231405556201935,-0.23451507091522217
1,ZAB,"... pitiful, slapdash disaster.",0,2,negative,positive,-0.7972033619880676,-0.38158825039863586,0.19877059757709503
1,ZAB,"As it stands, there's some fine sex onscreen, and some tense arguing, but not a whole lot more.",1,0,neutral,negative,-0.0721716433763504,-0.47403478622436523,-0.27867555618286133
1,ZAB,It's neither as romantic nor as thrilling as it should be.,0,2,negative,positive,-0.3658446669578552,-0.507313072681427,-0.2701048254966736
1,ZAB,Returning director Rob Minkoff... and screenwriter Bruce Joel Rubin... have done a fine job of updating White's dry wit to a new age.,2,1,positive,neutral,-0.34190890192985535,-0.06722700595855713,-0.301311194896698
1,ZAB,"The Venezuelans say things like ``si, pretty much'' and ``por favor, go home'' when talking to Americans.",1,0,neutral,negative,-0.35849499702453613,-0.7691123485565186,-0.6556545495986938
1,ZAB,"If you already like this sort of thing, this is that sort of thing all over again.",1,0,neutral,negative,-0.2534494400024414,-0.3476852476596832,-0.36201411485671997
1,ZAB,An awful movie that will only satisfy the most emotionally malleable of filmgoers.,0,0,negative,negative,-0.22267422080039978,-0.3788481652736664,-0.3149155378341675
1,ZAB,"This is an extraordinary film, not least because it is Japanese and yet feels universal.",2,0,positive,negative,-0.19128504395484924,-0.5753243565559387,-0.555412232875824
1,ZAB,"Aptly named, this shimmering, beautifully costumed and filmed production doesn't work for me.",1,0,neutral,negative,-0.045299723744392395,-0.5509666204452515,-0.5274933576583862
1,ZAB,"If Borstal Boy isn't especially realistic, it is an engaging nostalgia piece.",1,2,neutral,positive,-0.18500258028507233,-0.20513100922107697,-0.1309538036584854
1,ZAB,Griffiths proves she's that rare luminary who continually raises the standard of her profession.,2,0,positive,negative,-0.16291049122810364,-0.7010214924812317,-0.6807306408882141
1,ZAB,"The asylum material is gripping, as are the scenes of Jia with his family.",2,2,positive,positive,-0.21660736203193665,-0.24053078889846802,0.009346951730549335
1,ZAB,"... by the time it's done with us, Mira Nair's new movie has its audience giddy with the delight of discovery, of having been immersed in a foreign culture only to find that human nature is pretty much the same all over.",2,2,positive,positive,-0.3174148499965668,-0.11394406855106354,0.2890224754810333
1,ZAB,... about as exciting to watch as two last-place basketball teams playing one another on the final day of the season.,0,2,negative,positive,-0.20298337936401367,-0.1625514030456543,-0.12928226590156555
1,ZAB,Girls gone wild and gone civil again,1,2,neutral,positive,-0.1679401993751526,-0.7013844847679138,0.27025577425956726
1,ZAB,To say Analyze That is De Niro's best film since Meet the Parents sums up the sad state of his recent career.,1,1,neutral,neutral,-0.43228769302368164,-0.2166638821363449,-0.24109309911727905
1,ZAB,"Like being trapped inside a huge video game, where exciting, inane images keep popping past your head and the same illogical things keep happening over and over again.",1,0,neutral,negative,-0.2944541275501251,-0.353741854429245,-0.32051509618759155
1,ZAB,`Enigma' is the kind of engaging historical drama that Hollywood appears to have given up on in favor of sentimental war movies in the vein of `We Were Soldiers.',1,0,neutral,negative,-0.16373062133789062,-0.19694161415100098,-0.32357823848724365
1,ZAB,The Rock has a great presence but one battle after another is not the same as one battle followed by killer CGI effects.,1,1,neutral,neutral,-0.5442892909049988,-0.3187289535999298,-0.46657097339630127
1,ZAB,Visually sumptuous but intellectually stultifying.,1,2,neutral,positive,-0.9439685940742493,-0.4567337930202484,-0.3880675137042999
1,ZAB,"So young, so smart, such talent, such a wise ***.",2,0,positive,negative,-0.04883849620819092,-0.4929741322994232,-0.6511281132698059
1,ZAB,"The problem is that for the most part, the film is deadly dull.",0,0,negative,negative,-0.16401541233062744,-0.633245587348938,-0.8822252154350281
1,ZAB,A thinly veiled look at different aspects of Chinese life clashing with each other.,1,0,neutral,negative,0.29924988746643066,-0.9001868963241577,-0.6793050765991211
1,ZAB,An exhilarating experience.,2,0,positive,negative,-0.6094224452972412,-1.0062819719314575,-0.8106489777565002
1,ZAB,Its vision of that awkward age when sex threatens to overwhelm everything else is acute enough to make everyone who has been there squirm with recognition.,1,0,neutral,negative,-0.16875942051410675,-0.4723908007144928,-0.6279591917991638
1,ZAB,Remarkably accessible and affecting.,2,0,positive,negative,-0.18052907288074493,-0.8931554555892944,-0.3259064853191376
1,ZAB,"The climactic events are so well realized that you may forget all about the original conflict, just like the movie does.",1,2,neutral,positive,0.026356013491749763,-0.28199294209480286,0.044134292751550674
1,ZAB,Distinctly sub-par... more likely to drown a viewer in boredom than to send any shivers down his spine.,0,0,negative,negative,-0.4253103733062744,-0.4446469843387604,-0.7918650507926941
1,ZAB,Godard's ode to tackling life's wonderment is a rambling and incoherent manifesto about the vagueness of topical excess... In Praise of Love remains a ponderous and pretentious endeavor that's unfocused and tediously exasperating.,0,2,negative,positive,-0.3285123407840729,-0.20713093876838684,-0.1156478151679039
1,ZAB,"We never truly come to care about the main characters and whether or not they'll wind up together, and Michele's spiritual quest is neither amusing nor dramatic enough to sustain interest.",0,2,negative,positive,-0.37012219429016113,-0.405709832906723,0.03429236635565758
1,ZAB,"Most haunting about ``Fence'' is its conclusion, when we hear the ultimate fate of these girls and realize, much to our dismay, that this really did happen.",2,0,positive,negative,-0.43913406133651733,-0.6187381148338318,-0.662364661693573
1,ZAB,"Bogdanovich taps deep into the Hearst mystique, entertainingly reenacting a historic scandal.",2,0,positive,negative,0.17279104888439178,-0.586847186088562,-0.6837909817695618
1,ZAB,"``My god, I'm behaving like an idiot!''",1,0,neutral,negative,0.4547024667263031,-0.9700055122375488,-0.4756111204624176
1,ZAB,"Devos and Cassel have tremendous chemistry -- their sexual and romantic tension, while never really vocalized, is palpable.",2,2,positive,positive,-0.16100472211837769,-0.646304726600647,0.37901654839515686
1,ZAB,"As a girl-meets-girl romantic comedy, Kissing Jessica Steinis quirky, charming and often hilarious.",2,0,positive,negative,0.4063952565193176,-0.5846830606460571,-0.7493050694465637
1,ZAB,Gollum's `performance' is incredible!,2,2,positive,positive,-0.5478643774986267,0.2920006811618805,1.6248984336853027
1,ZAB,"... a haunting vision, with images that seem more like disturbing hallucinations.",0,0,negative,negative,0.4910043776035309,-0.5648053288459778,-0.306747704744339
1,ZAB,"As a remake, it's a pale imitation.",0,2,negative,positive,-0.6945649981498718,-0.4813252389431,0.04920755699276924
1,ZAB,Adults will certainly want to spend their time in the theater thinking up grocery lists and ways to tell their kids how not to act like Pinocchio.,1,2,neutral,positive,-0.17053261399269104,-0.35131746530532837,0.04777984693646431
1,ZAB,"Not as distinctive or even as humorous as its needs to be to stand out, but it has clearly been made with affection and care.",1,2,neutral,positive,-0.17337666451931,-0.09352865815162659,0.29316022992134094
1,ZAB,A generic family comedy unlikely to be appreciated by anyone outside the under-10 set.,0,2,negative,positive,-0.16020140051841736,-0.4074338972568512,-0.07551590353250504
1,ZAB,"An amalgam of The Fugitive, Blade Runner, and Total Recall, only without much energy or tension.",1,0,neutral,negative,0.032040804624557495,-0.8024780750274658,-0.9177029728889465
1,ZAB,"Everything its title implies, a standard-issue crime drama spat out from the Tinseltown assembly line.",1,0,neutral,negative,0.3856603503227234,-0.6914266347885132,-0.19431878626346588
1,ZAB,"This odd, poetic road movie, spiked by jolts of pop music, pretty much takes place in Morton's ever-watchful gaze -- and it's a tribute to the actress, and to her inventive director, that the journey is such a mesmerizing one.",2,2,positive,positive,-0.36654502153396606,-0.14465266466140747,0.008890305645763874
1,ZAB,"Co-writer/director Jonathan Parker's attempts to fashion a Brazil-like, hyper-real satire fall dreadfully short.",0,0,negative,negative,0.2593374252319336,-0.5700446367263794,-0.6676382422447205
1,ZAB,"An amateurish, quasi-improvised acting exercise shot on ugly digital video.",0,0,negative,negative,-0.08152958750724792,-0.4014492332935333,-0.2963521182537079
1,ZAB,"``The Kid Stays in the Picture'' is a great story, terrifically told by the man who wrote it but this Cliff Notes edition is a cheat.",1,2,neutral,positive,-0.33434462547302246,-0.3485095798969269,-0.16866382956504822
1,ZAB,"A gratingly unfunny groaner littered with zero-dimensional, unlikable characters and hackneyed, threadbare comic setups.",0,0,negative,negative,0.31306731700897217,-0.5902298092842102,-0.6385818123817444
1,ZAB,"While this gentle and affecting melodrama will have luvvies in raptures, it's far too slight and introspective to appeal to anything wider than a niche audience.",1,1,neutral,neutral,-0.6290507912635803,-0.06274434924125671,-0.09690839797258377
1,ZAB,Griffin & Co. manage to be spectacularly outrageous.,2,2,positive,positive,-0.5700424909591675,-0.25050216913223267,0.23861967027187347
1,ZAB,"A profoundly stupid affair, populating its hackneyed and meanspirited storyline with cardboard characters and performers who value cash above credibility.",0,2,negative,positive,-0.3452957272529602,-0.35538098216056824,0.2160366028547287
1,ZAB,"Warm Water Under a Red Bridge is a quirky and poignant Japanese film that explores the fascinating connections between women, water, nature, and sexuality.",2,2,positive,positive,-0.19255371391773224,-0.36417603492736816,-0.15872028470039368
1,ZAB,It isn't that Stealing Harvard is a horrible movie -- if only it were that grand a failure!,0,0,negative,negative,0.0619538277387619,-0.649296760559082,-0.8432878851890564
1,ZAB,It just doesn't have much else... especially in a moral sense.,1,2,neutral,positive,0.06005406379699707,-0.3484303057193756,0.12192120403051376
1,ZAB,Those unfamiliar with Mormon traditions may find The Singles Ward occasionally bewildering.,1,0,neutral,negative,0.19041936099529266,-0.1739024668931961,0.03771761804819107
1,ZAB,"Viewed as a comedy, a romance, a fairy tale, or a drama, there's nothing remotely triumphant about this motion picture.",1,0,neutral,negative,0.20353002846240997,-0.4484644830226898,-0.11570244282484055
1,ZAB,"But the talented cast alone will keep you watching, as will the fight scenes.",2,0,positive,negative,0.5374581813812256,-0.5998562574386597,-0.055706750601530075
1,ZAB,It's solid and affecting and exactly as thought-provoking as it should be.,2,2,positive,positive,0.01164315827190876,-0.5524145364761353,0.15259337425231934
1,ZAB,"Thanks largely to Williams, all the interesting developments are processed in 60 minutes -- the rest is just an overexposed waste of film.",0,0,negative,negative,0.514409601688385,-0.6263738870620728,-0.5341905951499939
1,ZAB,"Cantet perfectly captures the hotel lobbies, two-lane highways, and roadside cafes that permeate Vincent's days",2,0,positive,negative,0.38650959730148315,-0.4983978569507599,-0.2881852984428406
1,ZAB,"An important movie, a reminder of the power of film to move us and to make us examine our values.",2,0,positive,negative,0.6798873543739319,-0.9011619091033936,-0.10595106333494186
1,ZAB,"Too much of this well-acted but dangerously slow thriller feels like a preamble to a bigger, more complicated story, one that never materializes.",0,0,negative,negative,0.5570572018623352,-0.5644350051879883,0.173908993601799
1,ZAB,A richly imagined and admirably mature work from a gifted director who definitely has something on his mind.,2,0,positive,negative,0.40077871084213257,-0.4671039879322052,0.05673760548233986
1,ZAB,"The art direction is often exquisite, and the anthropomorphic animal characters are beautifully realized through clever makeup design, leaving one to hope that the eventual DVD release will offer subtitles and the original Italian-language soundtrack.",2,2,positive,positive,-0.22701051831245422,-0.2001541256904602,0.3199392557144165
1,ZAB,"... Jones, despite a definitely distinctive screen presence, just isn't able to muster for a movie that, its title notwithstanding, should have been a lot nastier if it wanted to fully capitalize on its lead's specific gifts.",1,2,neutral,positive,-0.21532900631427765,-0.3651109039783478,-0.17789138853549957
1,ZAB,But what's nice is that there's a casual intelligence that permeates the script.,2,0,positive,negative,0.1716250777244568,-0.6480598449707031,-0.4134434163570404
1,ZAB,Wedding feels a bit anachronistic.,0,2,negative,positive,0.06309477984905243,-0.3856104910373688,0.7809637188911438
1,ZAB,"An action/thriller of the finest kind, evoking memories of Day of the Jackal, The French Connection, and Heat.",2,0,positive,negative,0.22689683735370636,-0.41883930563926697,-0.6395196318626404
1,ZAB,"This picture is murder by numbers, and as easy to be bored by as your ABC's, despite a few whopping shootouts.",0,0,negative,negative,0.31551918387413025,-0.568489670753479,-0.14861218631267548
1,ZAB,"Every individual will see the movie through the prism of his or her own beliefs and prejudices, but the one thing most will take away is the sense that peace is possible.",2,2,positive,positive,-0.3327334225177765,-0.5452870726585388,-0.2539253830909729
1,ZAB,"Feels slight, as if it were an extended short, albeit one made by the smartest kids in class.",1,0,neutral,negative,0.09008976817131042,-0.22170037031173706,-0.2520233988761902
1,ZAB,The picture doesn't know it's a comedy.,1,2,neutral,positive,-0.26408541202545166,-0.2462131679058075,0.5903908014297485
1,ZAB,A classy item by a legend who may have nothing left to prove but still has the chops and drive to show how its done.,2,0,positive,negative,0.25290343165397644,-0.31751391291618347,-0.04757445678114891
1,ZAB,"Starts out mediocre, spirals downward, and thuds to the bottom of the pool with an utterly incompetent conclusion.",0,0,negative,negative,0.3256990611553192,-0.505247175693512,-0.3467567563056946
1,ZAB,The sort of movie that gives tastelessness a bad rap.,0,0,negative,negative,0.03173702955245972,-0.41351190209388733,-0.5193192362785339
1,ZAB,Its engaging simplicity is driven by appealing leads.,2,2,positive,positive,-0.3538517951965332,0.1267501711845398,0.49935203790664673
1,ZAB,"Fans of the TV series will be disappointed, and everyone else will be slightly bored.",1,0,neutral,negative,0.19923967123031616,-0.7313319444656372,-0.6834545135498047
1,ZAB,"It's a head-turner -- thoughtfully written, beautifully read and, finally, deeply humanizing.",2,0,positive,negative,0.42460858821868896,-0.48961493372917175,-0.4372667968273163
1,ZAB,"It's not a particularly good film, but neither is it a monsterous one.",1,2,neutral,positive,-0.09664585441350937,-0.16672778129577637,0.021680377423763275
1,ZAB,Men in Black II achieves ultimate insignificance -- it's the sci-fi comedy spectacle as Whiffle-Ball epic.,0,0,negative,negative,0.2994344234466553,-0.24737754464149475,-0.26422083377838135
1,ZAB,Martyr gets royally screwed and comes back for more.,1,2,neutral,positive,0.2701495289802551,-0.45924028754234314,0.9709280729293823
2,ZDM,Presents a good case while failing to provide a reason for us to care beyond the very basic dictums of human decency.,1,0,neutral,negative,0.23872226476669312,-2.7716875076293945,-1.320298671722412
2,ZDM,"Beautifully crafted, engaging filmmaking that should attract upscale audiences hungry for quality and a nostalgic, twisty yarn that will keep them guessing.",2,0,positive,negative,1.4510782957077026,-3.2477571964263916,-1.343569278717041
2,ZDM,"Bread, My Sweet has so many flaws it would be easy for critics to shred it.",0,0,negative,negative,1.573939323425293,-1.852207899093628,-2.845762014389038
2,ZDM,"Slow, silly and unintentionally hilarious.",1,2,neutral,positive,-1.29109525680542,-2.002708911895752,1.0643843412399292
2,ZDM,Exudes the fizz of a Busby Berkeley musical and the visceral excitement of a sports extravaganza.,2,0,positive,negative,-0.9949500560760498,-2.9885313510894775,-1.430514931678772
2,ZDM,The film rehashes several old themes and is capped with pointless extremes -- it's insanely violent and very graphic.,0,1,negative,neutral,-2.808577060699463,-0.8176244497299194,-1.4894251823425293
2,ZDM,"Ryan Gosling is, in a word, brilliant as the conflicted Daniel.",2,0,positive,negative,0.4111926555633545,-1.164756178855896,-3.5022225379943848
2,ZDM,"If Deuces Wild had been tweaked up a notch it would have become a camp adventure, one of those movies that's so bad it starts to become good.",1,2,neutral,positive,-3.4662771224975586,-0.25384658575057983,0.4593566656112671
2,ZDM,The film's stagecrafts are intimate and therefore bolder than the otherwise calculated artifice that defines and overwhelms the film's production design.,1,2,neutral,positive,-2.033764123916626,-1.4008126258850098,-0.12848909199237823
2,ZDM,"Frida is certainly no disaster, but neither is it the Kahlo movie Frida fans have been looking for.",1,0,neutral,negative,-0.8163954019546509,-2.460864543914795,-1.4198635816574097
2,ZDM,The film often achieves a mesmerizing poetry.,2,1,positive,neutral,-5.294368267059326,1.474748134613037,-1.0234943628311157
2,ZDM,A work of astonishing delicacy and force.,2,2,positive,positive,-2.3858578205108643,-0.7701315879821777,1.203670859336853
2,ZDM,"The movie's plot is almost entirely witless and inane, carrying every gag two or three times beyond its limit to sustain a laugh.",0,2,negative,positive,-1.4287313222885132,-3.3313729763031006,0.05756461247801781
2,ZDM,"For the most part, the ingredients are there.",1,0,neutral,negative,-0.4761573374271393,-1.3739087581634521,-0.6368290781974792
2,ZDM,"But if you've paid a matinee price and bought a big tub of popcorn, there's guilty fun to be had here.",1,0,neutral,negative,1.545817255973816,-3.5321133136749268,-1.1690415143966675
2,ZDM,"There's not much to Fatale, outside of its stylish surprises... but that's OK.",1,1,neutral,neutral,-2.263986825942993,-1.444891333580017,-2.106255292892456
2,ZDM,"The acting is stiff, the story lacks all trace of wit, the sets look like they were borrowed from Gilligan's Island -- and the CGI Scooby might well be the worst special-effects creation of the year.",0,1,negative,neutral,-3.812685966491699,-0.16674673557281494,-0.7975119948387146
2,ZDM,"This version moves beyond the original's nostalgia for the communal film experiences of yesteryear to a deeper realization of cinema's inability to stand in for true, lived experience.",1,0,neutral,negative,-0.8136999607086182,-0.9685744047164917,-1.9700236320495605
2,ZDM,"There's no palpable chemistry between Lopez and male lead Ralph Fiennes, plus the script by Working Girl scribe Kevin Wade is workmanlike in the extreme.",0,2,negative,positive,-0.675780177116394,-3.054918050765991,-0.3893817067146301
2,ZDM,"A first-class, thoroughly involving B movie that effectively combines two surefire, beloved genres -- the prison flick and the fight film.",2,0,positive,negative,2.0735297203063965,-4.495201587677002,-2.067344903945923
2,ZDM,The film is so bad it doesn't improve upon the experience of staring at a blank screen.,0,0,negative,negative,0.3981269299983978,-1.2461988925933838,-2.225308656692505
2,ZDM,Weiss and Speck never make a convincing case for the relevance of these two 20th-century footnotes.,1,2,neutral,positive,-1.5194581747055054,-1.366698145866394,-1.277988076210022
2,ZDM,Another Best of the Year selection.,2,2,positive,positive,-3.93843150138855,-0.9748861193656921,0.16423344612121582
2,ZDM,It's all a rather shapeless good time...,1,0,neutral,negative,-1.0111639499664307,-2.5841610431671143,-1.3672314882278442
2,ZDM,"Same song, second verse, coulda been better, but it coulda been worse.",1,0,neutral,negative,0.39253389835357666,-1.398675799369812,-0.914165198802948
2,ZDM,I love the robust middle of this picture.,2,1,positive,neutral,-6.689508438110352,1.318808674812317,0.7661826014518738
2,ZDM,"That's not vintage Spielberg and that, finally, is minimally satisfying.",1,2,neutral,positive,-0.9415777921676636,-2.163210868835449,-0.5261262059211731
2,ZDM,The soundtrack alone is worth the price of admission.,2,0,positive,negative,0.6889187097549438,-0.355781614780426,-2.7620739936828613
2,ZDM,Mostly Martha could have used a little trimming -- 10 or 15 minutes could be cut and no one would notice -- but it's a pleasurable trifle.,1,0,neutral,negative,0.29764074087142944,-2.1996991634368896,-1.4350695610046387
2,ZDM,"For the rest of us, sitting through Dahmer's two hours amounts to little more than punishment.",0,0,negative,negative,0.7781372666358948,-2.411956787109375,-1.9322365522384644
2,ZDM,"Featuring a dangerously seductive performance from the great Daniel Auteuil, ``Sade'' covers the same period as Kaufmann's ``Quills'' with more unsettlingly realistic results.",2,2,positive,positive,-1.315376877784729,-2.0172457695007324,-1.3122464418411255
2,ZDM,"The movie is for fans who can't stop loving anime, and the fanatical excess built into it.",1,0,neutral,negative,-1.0502521991729736,-2.666037082672119,-1.4421101808547974
2,ZDM,"The Ring is worth a look, if you don't demand much more than a few cheap thrills from your Halloween entertainment.",1,2,neutral,positive,-2.479186534881592,-0.6088382601737976,-0.30928319692611694
2,ZDM,"Beautifully observed, miraculously unsentimental comedy-drama.",2,1,positive,neutral,-3.209531307220459,0.5159692168235779,-0.9388035535812378
2,ZDM,"What makes How I Killed My Father compelling, besides its terrific performances, is Fontaine's willingness to wander into the dark areas of parent-child relationships without flinching.",2,2,positive,positive,-2.5564966201782227,-1.7448641061782837,-1.5590274333953857
2,ZDM,"This hastily mounted production exists only to capitalize on Hopkins' inclination to play Hannibal Lecter again, even though Harris has no immediate inclination to provide a fourth book.",0,0,negative,negative,-0.9446696639060974,-1.969919204711914,-1.8005585670471191
2,ZDM,Bullock's complete lack of focus and ability quickly derails the film.,0,1,negative,neutral,-0.9274206757545471,-0.3757677674293518,-2.1208417415618896
2,ZDM,"... a plotline that's as lumpy as two-day old porridge... the filmmakers' paws, sad to say, were all over this ``un-bear-able'' project!",0,0,negative,negative,-0.9289067983627319,-1.6684279441833496,-1.7947869300842285
2,ZDM,Crush could be the worst film a man has made about women since Valley of the Dolls.,0,2,negative,positive,-1.4649627208709717,-0.8441981077194214,-0.6755903363227844
2,ZDM,"Reassuring, retro uplifter.",2,0,positive,negative,1.674567461013794,-3.6811561584472656,-1.0272704362869263
2,ZDM,Flaccid drama and exasperatingly slow journey.,0,1,negative,neutral,-2.4313440322875977,1.4344758987426758,-1.7856208086013794
2,ZDM,The Movie will reach far beyond its core demographic.,2,2,positive,positive,-1.972834587097168,-0.854796290397644,-0.7181581854820251
2,ZDM,I like the new footage and still love the old stuff.,2,2,positive,positive,-1.5069825649261475,-1.2219393253326416,-0.4589475095272064
2,ZDM,"It briefly flirts with player masochism, but the point of real interest -- audience sadism -- is evaded completely.",1,1,neutral,neutral,-2.202139139175415,-0.5047119855880737,-1.3052815198898315
2,ZDM,Could The Country Bears really be as bad as its trailers?,0,0,negative,negative,0.41084665060043335,-2.27600359916687,-1.4889675378799438
2,ZDM,"At times, the movie looks genuinely pretty.",2,2,positive,positive,-2.384335517883301,-2.0739800930023193,-0.20287923514842987
2,ZDM,It depends on how well flatulence gags fit into your holiday concept.,1,0,neutral,negative,0.896734356880188,-1.4211100339889526,-2.649601459503174
2,ZDM,The film seems a dead weight.,0,2,negative,positive,-4.405558109283447,-2.6033318042755127,2.0298514366149902
2,ZDM,"Sparkling, often hilarious romantic jealousy comedy... Attal looks so much like a young Robert DeNiro that it seems the film should instead be called `My Husband Is Travis Bickle'.",2,1,positive,neutral,-1.4090148210525513,-0.7215825319290161,-2.2694687843322754
2,ZDM,"I did go back and check out the last 10 minutes, but these were more repulsive than the first 30 or 40 minutes.",0,0,negative,negative,0.056960899382829666,-2.3685739040374756,-1.749990463256836
2,ZDM,"A lousy movie that's not merely unwatchable, but also unlistenable.",0,0,negative,negative,0.8588947057723999,-4.318892955780029,-1.4479061365127563
2,ZDM,One of the best films of the year with its exploration of the obstacles to happiness faced by five contemporary individuals... a psychological masterpiece.,2,2,positive,positive,-0.7066954374313354,-3.573824167251587,0.04889995977282524
2,ZDM,"A strong script, powerful direction and splendid production design allows us to be transported into the life of Wladyslaw Szpilman, who is not only a pianist, but a good human being.",2,0,positive,negative,-1.0393619537353516,-2.499342203140259,-1.5284796953201294
2,ZDM,"But here's the real damn: It isn't funny, either.",0,2,negative,positive,1.1829073429107666,-3.840127944946289,2.004761219024658
2,ZDM,"Qutting may be a flawed film, but it is nothing if not sincere.",1,0,neutral,negative,-0.885427713394165,-2.0021345615386963,-1.112695574760437
2,ZDM,It's a fanboy `what if?',1,0,neutral,negative,0.9949175119400024,-4.641119003295898,0.6476041078567505
2,ZDM,... something appears to have been lost in the translation this time.,0,2,negative,positive,-1.1480302810668945,-1.1218329668045044,0.5005281567573547
2,ZDM,"Like a documentary version of Fight Club, shorn of social insight, intellectual pretension and cinematic interest.",1,2,neutral,positive,-2.497441291809082,-1.5512171983718872,-0.642363965511322
2,ZDM,"Stephen Rea, Aidan Quinn, and Alan Bates play Desmond's legal eagles, and when joined by Brosnan, the sight of this grandiloquent quartet lolling in pretty Irish settings is a pleasant enough thing, `tis.",2,1,positive,neutral,-4.23538875579834,3.1038317680358887,-3.481525182723999
2,ZDM,"It's a powerful though flawed movie, guaranteed to put a lump in your throat while reaffirming Washington as possibly the best actor working in movies today.",2,0,positive,negative,0.07857069373130798,-2.358168363571167,-2.025979518890381
2,ZDM,An intriguing and entertaining introduction to Johnson.,2,2,positive,positive,-1.4460384845733643,-2.7157719135284424,-0.21450209617614746
2,ZDM,Everything was as superficial as the forced New Jersey lowbrow accent Uma had.,0,0,negative,negative,0.44809871912002563,-1.4995558261871338,-1.77390718460083
2,ZDM,"Despite the holes in the story and the somewhat predictable plot, moments of the movie caused me to jump in my chair...",1,0,neutral,negative,-0.021686628460884094,-2.2418227195739746,-1.9919155836105347
2,ZDM,`How many more voyages can this limping but dearly-loved franchise survive?',1,0,neutral,negative,4.271565914154053,-2.0553412437438965,-4.5628204345703125
2,ZDM,"It is supremely unfunny and unentertaining to watch middle-age and older men drink to excess, piss on trees, b.s. one another and put on a show in drag.",0,0,negative,negative,-1.0179728269577026,-2.078214406967163,-1.9383726119995117
2,ZDM,"Only a few minutes elapse before the daddy of all slashers arrives, still with the boiler suit and white mask, which look remarkably clean for a guy who has been mass-murdering since 1978 but has never been seen doing laundry.",1,2,neutral,positive,-0.9050055146217346,-4.09500789642334,0.577247679233551
2,ZDM,"Showtime is one of the hapless victims of the arrogant ``if we put together a wry white man and a chatty black man and give them guns, the movie will be funny'' syndrome.",0,2,negative,positive,-0.7521158456802368,-3.719658374786377,-0.24768047034740448
2,ZDM,"Whatever heartwarming scene the impressively discreet filmmakers may have expected to record with their mini DV, they show a remarkable ability to document both sides of this emotional car-wreck.",2,1,positive,neutral,-2.9784440994262695,0.7093258500099182,-0.5923879742622375
2,ZDM,"A zombie movie in every sense of the word -- mindless, lifeless, meandering, loud, painful, obnoxious.",0,2,negative,positive,-1.1376553773880005,-1.9370009899139404,-0.8629091382026672
2,ZDM,"It has fun with the quirks of family life, but it also treats the subject with fondness and respect.",2,2,positive,positive,-1.9493653774261475,-1.863386869430542,-1.7405468225479126
2,ZDM,"Novak manages to capture a cruelly hilarious vein of black comedy in the situation with his cast of non-actors and a gritty, no-budget approach.",2,2,positive,positive,-0.900065541267395,-2.125352621078491,-0.46795448660850525
2,ZDM,"Since Lee is a sentimentalist, the film is more worshipful than your random E!",1,2,neutral,positive,-0.6473406553268433,-2.6607184410095215,-0.38696402311325073
2,ZDM,"The movie is almost completely lacking in suspense, surprise and consistent emotional conviction.",0,0,negative,negative,0.7762552499771118,-2.1519548892974854,-1.421160101890564
2,ZDM,"High Crimes knows the mistakes that bad movies make and is determined not to make them, and maybe that is nobility of a sort.",1,1,neutral,neutral,-1.1352461576461792,0.030329642817378044,-3.3799545764923096
2,ZDM,But it's too long and too convoluted and it ends in a muddle.,0,2,negative,positive,-0.8380144238471985,-3.4134767055511475,0.2582421600818634
2,ZDM,This thing works on no level whatsoever for me.,0,2,negative,positive,-3.21056866645813,-1.9744282960891724,2.4930260181427
2,ZDM,... a bland murder-on-campus yawner.,0,2,negative,positive,-1.083924412727356,-4.350152015686035,1.4942537546157837
2,ZDM,"One of the finest, most humane and important Holocaust movies ever made.",2,0,positive,negative,0.05037882924079895,-1.775037407875061,-1.6214128732681274
2,ZDM,"Suffers from rambling, repetitive dialogue and the visual drabness endemic to digital video.",0,0,negative,negative,0.8043086528778076,-1.3236624002456665,-2.4413774013519287
2,ZDM,"Angel presents events partly from the perspective of Aurelie and Christelle, and infuses the film with the sensibility of a particularly nightmarish fairytale.",1,0,neutral,negative,0.8794286847114563,-0.7020589709281921,-2.9768898487091064
2,ZDM,Features one of the most affecting depictions of a love affair ever committed to film.,2,1,positive,neutral,-3.4537389278411865,2.3020660877227783,-2.1314456462860107
2,ZDM,It is intensely personal and yet -- unlike Quills -- deftly shows us the temper of the times.,2,0,positive,negative,0.09387939423322678,-1.6631152629852295,-2.2046656608581543
2,ZDM,"Even as I valiantly struggled to remain interested, or at least conscious, I could feel my eyelids... getting... very... heavy...",0,2,negative,positive,-4.0549397468566895,-1.016126275062561,1.885427713394165
2,ZDM,"... a solid, well-formed satire.",2,0,positive,negative,0.537956953048706,-2.7339770793914795,-1.0745495557785034
2,ZDM,Deserves high marks for political courage but barely gets by on its artistic merits.,1,2,neutral,positive,-2.1870036125183105,-1.7315220832824707,-0.28500962257385254
2,ZDM,Read My Lips is to be viewed and treasured for its extraordinary intelligence and originality as well as its lyrical variations on the game of love.,2,2,positive,positive,-1.018923282623291,-1.838697075843811,-0.7822467684745789
2,ZDM,"... creates a visceral sense of its characters' lives and conflicted emotions that carries it far above... what could have been a melodramatic, Lifetime Channel-style anthology.",1,0,neutral,negative,0.19694313406944275,-1.640354037284851,-2.114849805831909
2,ZDM,Reeks of rot and hack work from start to finish.,1,2,neutral,positive,-1.000944972038269,-1.7796530723571777,0.37546417117118835
2,ZDM,Just how these families interact may surprise you.,1,2,neutral,positive,-2.6811652183532715,-1.4189517498016357,0.552462100982666
2,ZDM,"The Movie is what happens when you blow up small potatoes to 10 times their natural size, and it ain't pretty.",0,2,negative,positive,-1.6371196508407593,-2.860360860824585,-0.055974122136831284
2,ZDM,"Even a hardened voyeur would require the patience of Job to get through this interminable, shapeless documentary about the swinging subculture.",0,1,negative,neutral,-2.6265971660614014,-0.7183814644813538,-1.1047836542129517
2,ZDM,"Creepy, authentic and dark.",1,1,neutral,neutral,-2.947136878967285,-1.195316195487976,-1.4241946935653687
2,ZDM,A lame romantic comedy about an unsympathetic character and someone who would not likely be so stupid as to get involved with her.,0,0,negative,negative,-0.8150361776351929,-1.3663986921310425,-1.8571844100952148
2,ZDM,"Rob Schneider's infantile cross-dressing routines fill The Hot Chick, the latest gimmick from this unimaginative comedian.",0,1,negative,neutral,-1.4040141105651855,-0.9164968729019165,-2.2878429889678955
2,ZDM,"The film is a contrivance, as artificial as the video games Japanese teens play in a nightclub sequence, but it's an enjoyable one.",1,1,neutral,neutral,-1.7613115310668945,-0.2986549735069275,-2.5705134868621826
2,ZDM,"At its worst the screenplay is callow, but at its best it is a young artist's thoughtful consideration of fatherhood.",1,2,neutral,positive,-2.635244846343994,-1.6400281190872192,0.06412961333990097
2,ZDM,At 78 minutes it just zings along with vibrance and warmth.,2,2,positive,positive,-3.860935926437378,-0.21245118975639343,-0.045300696045160294
2,ZDM,"Only an epic documentary could get it all down, and Spike Lee's Jim Brown: All American at long last gives its subject a movie worthy of his talents.",2,2,positive,positive,-2.2683799266815186,-1.949607491493225,-0.07135017961263657
2,ZDM,"As quiet, patient and tenacious as Mr. Lopez himself, who approaches his difficult, endless work with remarkable serenity and discipline.",2,2,positive,positive,-2.148449182510376,-1.5659189224243164,-1.3081220388412476
2,ZDM,"Instead of hiding Pinocchio from critics, Miramax should have hidden it from everyone.",0,0,negative,negative,0.864722490310669,-1.354465365409851,-3.2819595336914062
2,ZDM,What a great shame that such a talented director as Chen Kaige has chosen to make his English-language debut with a film so poorly plotted and scripted.,0,0,negative,negative,-0.5613410472869873,-2.6794188022613525,-1.5525442361831665
2,ZDM,Jeffs has created a breathtakingly assured and stylish work of spare dialogue and acute expressiveness.,2,0,positive,negative,-0.5728782415390015,-1.5468953847885132,-2.1622121334075928
2,ZDM,"Just about the best straight-up, old-school horror film of the last 15 years.",2,2,positive,positive,-0.7756478190422058,-2.536158323287964,0.1888822317123413
2,ZDM,"Gosling creates a staggeringly compelling character, a young man whose sharp intellect is at the very root of his contradictory, self-hating, self-destructive ways.",2,1,positive,neutral,-2.517230987548828,-0.0501500703394413,-1.254041075706482
2,ZDM,"I thought the relationships were wonderful, the comedy was funny, and the love `real'.",2,2,positive,positive,-1.709350347518921,-1.7453407049179077,-0.5205956101417542
2,ZDM,Better at putting you to sleep than a sound machine.,0,0,negative,negative,0.15219292044639587,-1.2801047563552856,-0.5481801629066467
2,ZDM,Feels less like a cousin to Blade Runner than like a bottom-feeder sequel in the Escape From New York series.,0,2,negative,positive,-1.4870266914367676,-2.386629581451416,-0.25464192032814026
2,ZDM,"Elegantly produced and expressively performed, the six musical numbers crystallize key plot moments into minutely detailed wonders of dreamlike ecstasy.",2,2,positive,positive,-2.2443432807922363,-2.0046355724334717,-1.8596599102020264
2,ZDM,"Ultimate X is a ride, basically the kind of greatest-hits reel that might come with a subscription to ESPN the Magazine.",1,2,neutral,positive,-3.0440478324890137,-1.107048749923706,-0.7075124979019165
2,ZDM,"Celebrated at Sundance, this slight comedy of manners has winning performances and a glossy, glib charm that's hard to beat.",2,0,positive,negative,0.7583339214324951,-1.592444896697998,-1.5744354724884033
2,ZDM,"Apparently, romantic comedy with a fresh point of view just doesn't figure in the present Hollywood program.",0,2,negative,positive,-2.760603904724121,-1.505205512046814,-1.120859146118164
2,ZDM,That Haynes can both maintain and dismantle the facades that his genre and his character construct is a wonderous accomplishment of veracity and narrative grace.,2,0,positive,negative,0.2891334295272827,-2.9315178394317627,-1.0424602031707764
2,ZDM,"Some elements of it really blow the big one, but other parts are decent.",1,1,neutral,neutral,-1.3510713577270508,-0.2405509352684021,-3.070296049118042
2,ZDM,"No French people were harmed during the making of this movie, but they were insulted and the audience was put through torture for an hour and a half.",0,0,negative,negative,1.098360538482666,-3.2626655101776123,-1.499436378479004
2,ZDM,"I was feeling this movie until it veered off too far into the Exxon zone, and left me behind at the station looking for a return ticket to realism.",0,0,negative,negative,-0.16141217947006226,-1.7659852504730225,-1.302699089050293
2,ZDM,The simplicity of The Way Home has few equals this side of Aesop.,1,0,neutral,negative,-0.8413084745407104,-0.9137957096099854,-1.3405481576919556
2,ZDM,Exceptionally well acted by Diane Lane and Richard Gere.,2,2,positive,positive,-1.1783506870269775,-2.4942314624786377,0.770963728427887
2,ZDM,"Dong shows how intolerance has the power to deform families, then tear them apart.",1,1,neutral,neutral,-1.9653668403625488,0.3481246829032898,-0.058655884116888046
2,ZDM,"A stupid, derivative horror film that substitutes extreme gore for suspense.",0,1,negative,neutral,-1.4177825450897217,0.23488891124725342,-0.9744716882705688
2,ZDM,It's a great American adventure and a wonderful film to bring to IMAX.,2,0,positive,negative,-0.4336020052433014,-0.9114229083061218,-1.9101938009262085
2,ZDM,It's 51 times better than this.,1,0,neutral,negative,1.1521532535552979,-4.008779048919678,-1.0810730457305908
2,ZDM,"It's like an old Warner Bros. costumer jived with sex -- this could be the movie Errol Flynn always wanted to make, though Bette Davis, cast as Joan, would have killed him.",1,1,neutral,neutral,-2.267385482788086,-1.980589509010315,-2.2000415325164795
2,ZDM,"A miraculous movie, I'm Going Home is so slight, yet overflows with wisdom and emotion.",2,1,positive,neutral,-1.014202356338501,-0.35325121879577637,-2.3596160411834717
2,ZDM,"A fiercely clever and subtle film, capturing the precarious balance between the extravagant confidence of the exiled aristocracy and the cruel earnestness of the victorious revolutionaries.",2,0,positive,negative,-0.8003852367401123,-1.4437233209609985,-1.6948277950286865
2,ZDM,"It's as if you're watching a movie that was made in 1978 but not released then because it was so weak, and it has been unearthed and released now, when it has become even weaker.",0,0,negative,negative,-0.5392534732818604,-2.1284701824188232,-1.6214879751205444
2,ZDM,Anemic chronicle of money grubbing New Yorkers and their serial loveless hook ups.,1,0,neutral,negative,0.280243843793869,-2.7246150970458984,0.028864067047834396
2,ZDM,"Thanks to a small star with big heart, this family film sequel is plenty of fun for all.",2,1,positive,neutral,-4.110545635223389,1.1192879676818848,0.1734631359577179
2,ZDM,And I've decided to leave a light on every night from now on.,1,2,neutral,positive,-1.689215064048767,-1.2900002002716064,0.02645912393927574
2,ZDM,Festers in just such a dungpile that you'd swear you were watching monkeys flinging their feces at you.,0,2,negative,positive,-1.6292798519134521,-1.447731614112854,-0.31912633776664734
2,ZDM,under-rehearsed and lifeless,0,0,negative,negative,1.4174659252166748,-1.675713300704956,-0.6088864207267761
2,ZDM,Exactly what you'd expect from a guy named Kaos.,1,0,neutral,negative,0.12960919737815857,-0.922261655330658,-2.189971923828125
2,ZDM,"If legendary shlockmeister Ed Wood had ever made a movie about a vampire, it probably would look a lot like this alarming production, adapted from Anne Rice's novel The Vampire Chronicles.",1,0,neutral,negative,0.07362139225006104,-3.6262686252593994,-1.0444871187210083
2,ZDM,"For those for whom the name Woody Allen was once a guarantee of something fresh, sometimes funny, and usually genuinely worthwhile, Hollywood Ending is a depressing experience.",0,0,negative,negative,0.7594211101531982,-2.3382022380828857,-2.58908748626709
2,ZDM,What should have been a cutting Hollywood satire is instead about as fresh as last week's issue of Variety.,0,0,negative,negative,0.3686284124851227,-0.6854146718978882,-4.108702182769775
2,ZDM,"Cox offers plenty of glimpses at existing photos, but there are no movies of Nijinsky, so instead the director treats us to an aimless hodgepodge.",0,2,negative,positive,-2.0702359676361084,-2.9434773921966553,1.0620296001434326
2,ZDM,Aaliyah rarely dampens her diva persona enough to spark genuine chemistry with Townsend.,1,0,neutral,negative,0.9676119685173035,-1.5101211071014404,-2.2097418308258057
2,ZDM,Mr. Soderbergh's direction and visual style struck me as unusually and unimpressively fussy and pretentious.,0,0,negative,negative,0.3347080945968628,-1.0487556457519531,-3.1469204425811768
2,ZDM,Mazel tov to a film about a family's joyous life acting on the Yiddish stage.,2,2,positive,positive,-2.8924012184143066,-0.7770220041275024,0.4689399003982544
2,ZDM,... would be a total loss if not for two supporting performances taking place at the movie's edges.,1,0,neutral,negative,0.3417930603027344,-1.6021358966827393,-1.1759730577468872
2,ZDM,An inspiring and heart-affecting film about the desperate attempts of Vietnamese refugees living in U.S. relocation camps to keep their hopes alive in 1975.,2,0,positive,negative,0.6167304515838623,-1.8924466371536255,-2.5803639888763428
2,ZDM,"Loud, chaotic and largely unfunny.",0,2,negative,positive,-1.3893274068832397,-2.338883399963379,0.13932013511657715
2,ZDM,The immersive powers of the giant screen and its hyper-realistic images are put to perfect use in the breathtakingly beautiful outer-space documentary Space Station 3D.,2,0,positive,negative,1.390377402305603,-3.772181987762451,-1.2275657653808594
2,ZDM,It's everything you don't go to the movies for.,0,1,negative,neutral,-0.5969364643096924,-0.5240342020988464,-1.5150152444839478
2,ZDM,"Harris is supposed to be the star of the story, but comes across as pretty dull and wooden.",1,0,neutral,negative,0.7102349996566772,-0.1624753177165985,-2.67905855178833
2,ZDM,Allen's funniest and most likeable movie in years.,2,2,positive,positive,-0.794477105140686,-3.3788869380950928,-0.2195160686969757
2,ZDM,"For those who pride themselves on sophisticated, discerning taste, this might not seem like the proper cup of tea, however it is almost guaranteed that even the stuffiest cinema goers will laugh their 1*** off for an hour-and-a-half.",2,2,positive,positive,-1.9509532451629639,-1.475480079650879,-0.5742548108100891
2,ZDM,"There is a refreshing absence of cynicism in Stuart Little 2 -- quite a rarity, even in the family film market.",2,0,positive,negative,0.5173042416572571,-2.2026522159576416,-1.7505301237106323
2,ZDM,There are plot holes big enough for Shamu the killer whale to swim through.,0,2,negative,positive,-2.1685073375701904,-1.0736206769943237,-0.5015819668769836
2,ZDM,... always remains movingly genuine.,2,1,positive,neutral,-0.7172219753265381,0.08683443069458008,-2.221222162246704
2,ZDM,"Stitch is a bad mannered, ugly and destructive little ****.",0,2,negative,positive,-2.2872049808502197,-2.2110447883605957,0.12852604687213898
2,ZDM,The cast is top-notch and I predict there will be plenty of female audience members drooling over Michael Idemoto as Michael.,2,0,positive,negative,-0.6731644868850708,-2.9311273097991943,-0.7578893303871155
2,ZDM,Kirshner and Monroe seem to be in a contest to see who can out-bad-act the other.,0,0,negative,negative,-0.054356858134269714,-2.0220463275909424,-2.0459225177764893
2,ZDM,This is one of those war movies that focuses on human interaction rather than battle and action sequences... and it's all the stronger because of it.,2,1,positive,neutral,-1.5671722888946533,-0.7346365451812744,-1.1025012731552124
2,ZDM,"Like life on the island, the movie grows boring despite the scenery.",0,0,negative,negative,-0.41956573724746704,-2.5813210010528564,-1.7776941061019897
2,ZDM,It's anchored by splendid performances from an honored screen veteran and a sparkling newcomer who instantly transform themselves into a believable mother/daughter pair.,2,0,positive,negative,0.618558943271637,-2.7234818935394287,-1.428507924079895
2,ZDM,An atonal estrogen opera that demonizes feminism while gifting the most sympathetic male of the piece with a nice vomit bath at his wedding.,0,0,negative,negative,0.03906877338886261,-2.732874631881714,-1.5275589227676392
2,ZDM,"Even by the intentionally low standards of frat-boy humor, Sorority Boys is a bowser.",0,0,negative,negative,-0.38945847749710083,-3.054590940475464,-1.8354154825210571
2,ZDM,"Director of photography Benoit Delhomme shot the movie in delicious colors, and the costumes and sets are grand.",2,0,positive,negative,-0.4053572714328766,-1.375145435333252,-2.520799160003662
2,ZDM,The only entertainment you'll derive from this choppy and sloppy affair will be from unintentional giggles -- several of them.,0,0,negative,negative,-1.1093480587005615,-1.2672958374023438,-2.1702210903167725
2,ZDM,The film serves as a valuable time capsule to remind us of the devastating horror suffered by an entire people.,1,2,neutral,positive,-0.8929145336151123,-2.877877712249756,-0.8802272081375122
2,ZDM,"A bittersweet contemporary comedy about benevolent deception, which, while it may not rival the filmmaker's period pieces, is still very much worth seeing.",2,2,positive,positive,-2.3384902477264404,-0.9572939872741699,-0.6097353100776672
2,ZDM,Attal pushes too hard to make this a comedy or serious drama.,0,0,negative,negative,1.130656361579895,-2.777941942214966,-2.171074390411377
2,ZDM,Isabelle Huppert excels as the enigmatic Mika and Anna Mouglalis is a stunning new young talent in one of Chabrol's most intense psychological mysteries.,2,0,positive,negative,-0.16670997440814972,-1.8083515167236328,-1.2152090072631836
2,ZDM,A small movie with a big impact.,2,1,positive,neutral,-5.090332508087158,-0.4456694424152374,-0.46238091588020325
2,ZDM,This bold and lyrical first feature from Raja Amari expands the pat notion that middle-aged women just wanna have fun into a rousing treatise of sensual empowerment.,2,0,positive,negative,0.14695850014686584,-1.9926156997680664,-1.9235190153121948
2,ZDM,Photographed with melancholy richness and eloquently performed yet also decidedly uncinematic.,1,1,neutral,neutral,-3.3400659561157227,0.6286420822143555,-0.32202938199043274
2,ZDM,"Hey Arnold! is now stretched to barely feature length, with a little more attention paid to the animation.",1,0,neutral,negative,-0.27558714151382446,-2.338468551635742,-1.148396372795105
2,ZDM,"After that, it just gets stupid and maudlin.",0,0,negative,negative,0.34816214442253113,-0.9660345315933228,-2.636375904083252
2,ZDM,"The stunning, dreamlike visuals will impress even those viewers who have little patience for Euro-film pretension.",2,2,positive,positive,-3.371782064437866,-1.5107853412628174,0.22834277153015137
2,ZDM,"Plods along, minus the twisted humor and eye-popping visuals that have made Miike... a cult hero.",1,1,neutral,neutral,-1.1743861436843872,-0.417369544506073,-1.9583455324172974
2,ZDM,"Impresses as a skillfully assembled, highly polished and professional adaptation... just about as chilling and unsettling as `Manhunter' was.",2,2,positive,positive,-1.3199782371520996,-2.7132623195648193,-0.769267201423645
2,ZDM,"For the most part, it's a work of incendiary genius, steering clear of knee-jerk reactions and quick solutions.",2,0,positive,negative,0.19653275609016418,-1.9968186616897583,-1.8888884782791138
2,ZDM,"It's badly acted, blandly directed, and could have been scripted by someone who just graduated from elementary school.",0,0,negative,negative,-0.9294660091400146,-1.0975733995437622,-1.294711947441101
2,ZDM,"The sort of picture in which, whenever one of the characters has some serious soul searching to do, they go to a picture-perfect beach during sunset.",1,2,neutral,positive,-1.9461865425109863,-3.4835569858551025,-0.14931441843509674
2,ZDM,"Despite its raucous intent, XXX is as conventional as a Nike ad and as rebellious as spring break.",1,0,neutral,negative,0.9620985984802246,-2.50168776512146,-1.8440123796463013
2,ZDM,... a roller-coaster ride of a movie,2,0,positive,negative,0.5703548789024353,-1.3351950645446777,-3.0132362842559814
2,ZDM,"A colorful, vibrant introduction to a universal human impulse, lushly photographed and beautifully recorded.",2,0,positive,negative,-1.0571458339691162,-1.8456307649612427,-1.2167688608169556
2,ZDM,Audiard successfully maintains suspense on different levels throughout a film that is both gripping and compelling.,2,2,positive,positive,-1.250194787979126,-2.855257272720337,-0.6248679757118225
2,ZDM,After that it becomes long and tedious like a classroom play in a college history course.,0,0,negative,negative,-0.6117556691169739,-0.9737034440040588,-1.6893943548202515
2,ZDM,"This is cool, slick stuff, ready to quench the thirst of an audience that misses the summer blockbusters.",2,0,positive,negative,-0.14844770729541779,-2.419921636581421,-0.5750095844268799
2,ZDM,"Blade II has a brilliant director and charismatic star, but it suffers from rampant vampire devaluation.",1,1,neutral,neutral,-1.2646563053131104,-0.880803644657135,-1.5235224962234497
2,ZDM,"A loud, ugly, irritating movie without any of its satirical salvos hitting a discernible target.",0,2,negative,positive,-0.8385270833969116,-1.5447098016738892,-0.8090612888336182
2,ZDM,"For VeggieTales fans, this is more appetizing than a side dish of asparagus.",2,2,positive,positive,-1.2227791547775269,-2.456254720687866,-0.4528242349624634
2,ZDM,A truly wonderful tale combined with stunning animation.,2,2,positive,positive,-3.940234661102295,-2.2312963008880615,0.8797723650932312
2,ZDM,"Nothing sticks, really, except a lingering creepiness one feels from being dragged through a sad, sordid universe of guns, drugs, avarice and damaged dreams.",0,0,negative,negative,0.40634703636169434,-2.282841920852661,-2.2464702129364014
2,ZDM,``Simone'' is a fun and funky look into an artificial creation in a world that thrives on artificiality.,2,0,positive,negative,0.6303499341011047,-2.6173369884490967,-1.3534811735153198
2,ZDM,"It's a hoot watching The Rock chomp on jumbo ants, pull an arrow out of his back, and leap unscathed through raging fire!",2,1,positive,neutral,-1.9470505714416504,0.10155636072158813,-1.3023070096969604
2,ZDM,A portrait of an artist.,1,2,neutral,positive,-3.1601755619049072,-2.6901402473449707,0.7438433766365051
2,ZDM,"As written by Michael Berg and Michael J. Wilson from a story by Wilson, this relentless, all-wise-guys-all-the-time approach tries way too hard and gets tiring in no time at all.",0,0,negative,negative,-0.09333851933479309,-3.6438920497894287,-0.6752327084541321
2,ZDM,"It's the best film of the year so far, the benchmark against which all other Best Picture contenders should be measured.",2,0,positive,negative,2.863691806793213,-1.2700709104537964,-3.8365232944488525
2,ZDM,This is one of the biggest disappointments of the year.,0,0,negative,negative,-0.3581954836845398,-0.7599203586578369,-2.2131433486938477
2,ZDM,It never fails to engage us.,2,0,positive,negative,-0.35163792967796326,-1.7564417123794556,-1.3952702283859253
2,ZDM,"Denis forges out of the theories of class - based rage and sisterly obsession a razor-sided tuning fork that rings with cultural, sexual and social discord.",1,2,neutral,positive,-1.1122369766235352,-2.850266218185425,-0.8116512298583984
2,ZDM,The movie slides downhill as soon as macho action conventions assert themselves.,0,0,negative,negative,1.0431960821151733,-2.267019510269165,-1.8882461786270142
2,ZDM,"More romantic, more emotional and ultimately more satisfying than the teary-eyed original.",2,0,positive,negative,0.8839243054389954,-2.5422184467315674,-1.5325847864151
2,ZDM,"Like the best of Godard's movies... it is visually ravishing, penetrating, impenetrable.",2,0,positive,negative,0.4663112759590149,-4.0589799880981445,0.2873214781284332
2,ZDM,The cumulative effect of the movie is repulsive and depressing.,0,2,negative,positive,-2.288163661956787,-1.3907302618026733,-0.9840031266212463
2,ZDM,"Feels like nothing quite so much as a middle-aged moviemaker's attempt to surround himself with beautiful, half-naked women.",1,1,neutral,neutral,-3.0474371910095215,2.4533891677856445,-3.177612543106079
2,ZDM,"A very long movie, dull in stretches, with entirely too much focus on meal preparation and igloo construction.",0,0,negative,negative,-0.13446654379367828,-1.3412984609603882,-2.57763409614563
2,ZDM,"In XXX, Diesel is that rare creature -- an action hero with table manners, and one who proves that elegance is more than tattoo deep.",2,2,positive,positive,-1.1069272756576538,-2.716574192047119,0.3382328152656555
2,ZDM,I'm not sure which will take longer to heal: the welt on Johnny Knoxville's stomach from a riot-control projectile or my own tortured psyche.,0,0,negative,negative,-0.2944874167442322,-2.578185558319092,-1.4679830074310303
2,ZDM,"It's difficult to conceive of anyone who has reached puberty actually finding the characters in Slackers or their antics amusing, let alone funny.",0,1,negative,neutral,-1.4165072441101074,-0.6612263321876526,-3.2397208213806152
2,ZDM,"It never is, not fully.",1,1,neutral,neutral,-1.1385866403579712,1.0662367343902588,-3.713172674179077
2,ZDM,"Not only is Undercover Brother as funny, if not more so, than both Austin Powers films, but it's also one of the smarter, savvier spoofs to come along in some time.",2,0,positive,negative,-0.8328080177307129,-1.3551440238952637,-2.501955270767212
2,ZDM,It should be mentioned that the set design and interiors of the haunted vessel are more than effectively creepy and moodily lit.,2,1,positive,neutral,-0.642547607421875,1.4690637588500977,-5.506032943725586
2,ZDM,"With the exception of some fleetingly amusing improvisations by Cedric the Entertainer as Perry's boss, there isn't a redeeming moment here.",0,1,negative,neutral,-2.0877602100372314,-1.353663444519043,-1.523734450340271
2,ZDM,It's a funny little movie with clever dialogue and likeable characters.,2,1,positive,neutral,-1.8848092555999756,-1.6941488981246948,-1.7191712856292725
2,ZDM,"``13 Conversations'' holds its goodwill close, but is relatively slow to come to the point.",1,1,neutral,neutral,-1.3885403871536255,0.8744912147521973,-2.4230332374572754
2,ZDM,"Not the kind of film that will appeal to a mainstream American audience, but there is a certain charm about the film that makes it a suitable entry into the fest circuit.",2,1,positive,neutral,-2.9650039672851562,1.623647689819336,-2.3713395595550537
2,ZDM,"You come away wishing, though, that the movie spent a lot less time trying to make a credible case for reports from the afterlife and a lot more time on the romantic urgency that's at the center of the story.",1,2,neutral,positive,-2.292285680770874,-0.33927392959594727,-0.24824728071689606
2,ZDM,The movie is virtually without context -- journalistic or historical.,0,0,negative,negative,-0.12183645367622375,-2.0391910076141357,-1.0912870168685913
2,ZDM,"After sitting through this sloppy, made-for-movie comedy special, it makes me wonder if Lawrence hates criticism so much that he refuses to evaluate his own work.",0,0,negative,negative,-1.054876685142517,-3.335631847381592,-2.3640666007995605
2,ZDM,Genuinely touching because it's realistic about all kinds of love.,2,2,positive,positive,-3.9428398609161377,-1.2998372316360474,0.3482649624347687
2,ZDM,"For all the complications, it's all surprisingly predictable.",1,2,neutral,positive,1.1046971082687378,-4.459509372711182,1.356979250907898
2,ZDM,"Armed with a game supporting cast, from the pitch-perfect Forster to the always hilarious Meara and Levy, Like Mike shoots and scores, doing its namesake proud.",2,1,positive,neutral,-3.0208215713500977,1.674039363861084,-2.2405762672424316
2,ZDM,It will guarantee to have you leaving the theater with a smile on your face.,2,0,positive,negative,0.42123842239379883,-1.7903392314910889,-1.5250368118286133
2,ZDM,"The misery of these people becomes just another voyeuristic spectacle, to be consumed and forgotten.",0,0,negative,negative,-0.06714080274105072,-2.7715680599212646,-1.145928978919983
2,ZDM,"A thoroughly awful movie -- dumb, narratively chaotic, visually sloppy... a weird amalgam of `The Thing' and a geriatric `Scream.'",0,1,negative,neutral,-2.8752405643463135,0.14703227579593658,-0.7715960741043091
2,ZDM,"One of those staggeringly well-produced, joylessly extravagant pictures that keep whooshing you from one visual marvel to the next, hastily, emptily.",1,0,neutral,negative,-0.07352869212627411,-1.158034086227417,-2.9264109134674072
2,ZDM,"Measured against practically any like-themed film other than its Oscar-sweeping franchise predecessor The Silence of the Lambs, Red Dragon rates as an exceptional thriller.",2,0,positive,negative,0.5336442589759827,-1.6672943830490112,-2.3420255184173584
2,ZDM,"The movie has no respect for laws, political correctness or common decency, but it displays something more important: respect for its flawed, crazy people.",1,0,neutral,negative,0.5489134788513184,-2.2365026473999023,-1.29004967212677
2,ZDM,"In a strange way, Egoyan has done too much.",1,0,neutral,negative,-0.29457324743270874,-2.611029863357544,-1.0221961736679077
2,ZDM,"After seeing the film, I can tell you that there's no other reason why anyone should bother remembering it.",0,0,negative,negative,-0.2896499037742615,-1.7195603847503662,-1.5430588722229004
2,ZDM,The film is darkly funny in its observation of just how much more grueling and time-consuming the illusion of work is than actual work.,2,0,positive,negative,-0.38226091861724854,-1.7605918645858765,-1.7218670845031738
2,ZDM,"In some ways, Lagaan is quintessential Bollywood.",1,1,neutral,neutral,-4.773827075958252,2.0860323905944824,-0.07191400974988937
2,ZDM,"Pacino and Williams seem to keep upping the ante on each other, just as their characters do in the film.",2,0,positive,negative,-0.22361309826374054,-1.3419694900512695,-2.5080292224884033
2,ZDM,"It would be disingenuous to call Reno a great film, but you can say that about most of the flicks moving in and out of the multiplex.",1,0,neutral,negative,-1.293230414390564,-1.3467986583709717,-1.8471381664276123
2,ZDM,"Some movies can get by without being funny simply by structuring the scenes as if they were jokes: a setup, delivery and payoff.",1,1,neutral,neutral,-2.3790769577026367,2.731248378753662,-3.3993752002716064
2,ZDM,Narc can only remind us of brilliant crime dramas without becoming one itself.,1,2,neutral,positive,-0.8470220565795898,-3.0195300579071045,-0.644212543964386
2,ZDM,Narc is a no-bull throwback to 1970s action films.,2,2,positive,positive,-1.379654884338379,-2.3865225315093994,-0.29349446296691895
2,ZDM,Intriguing and downright intoxicating.,2,0,positive,negative,1.8841071128845215,-2.671377658843994,-2.392102003097534
2,ZDM,"The wonderful combination of the sweetness and the extraordinary technical accomplishments of the first film are maintained, but its overall impact falls a little flat with a storyline that never quite delivers the original magic.",1,1,neutral,neutral,-3.9747986793518066,0.6038045883178711,-3.3410587310791016
2,ZDM,Perhaps the most annoying thing about Who Is Cletis Tout? is that it's a crime movie made by someone who obviously knows nothing about crime.,0,0,negative,negative,1.2249805927276611,-2.7907791137695312,-1.9393049478530884
2,ZDM,"In addition to scoring high for originality of plot -- putting together familiar themes of family, forgiveness and love in a new way -- Lilo & Stitch has a number of other assets to commend it to movie audiences both innocent and jaded.",2,2,positive,positive,-4.290146350860596,-0.1549544483423233,0.4682934880256653
2,ZDM,The quirky drama touches the heart and the funnybone thanks to the energetic and always surprising performance by Rachel Griffiths.,2,1,positive,neutral,-2.1983659267425537,2.9351437091827393,-3.4214370250701904
2,ZDM,"At its worst, it implodes in a series of very bad special effects.",0,1,negative,neutral,-3.6353092193603516,0.5153114199638367,-0.18261948227882385
2,ZDM,Bad and baffling from the get-go.,0,2,negative,positive,-2.3149330615997314,-4.250751495361328,3.6771583557128906
2,ZDM,"The movie is a blast of educational energy, as bouncy animation and catchy songs escort you through the entire 85 minutes.",2,2,positive,positive,-1.5521477460861206,-1.7444345951080322,-1.2332428693771362
2,ZDM,The original wasn't a good movie but this remake makes it look like a masterpiece!,0,0,negative,negative,0.6220569610595703,-3.0591557025909424,-2.362060785293579
2,ZDM,"To my taste, the film's comic characters come perilously close to being Amoses and Andys for a new generation.",1,0,neutral,negative,0.8092287182807922,-3.9989888668060303,-2.343578577041626
2,ZDM,"Although the sequel has all the outward elements of the original, the first film's lovely flakiness is gone, replaced by the forced funniness found in the dullest kiddie flicks.",0,2,negative,positive,-1.3871955871582031,-3.1878626346588135,-1.0002261400222778
2,ZDM,"The real charm of this trifle is the deadpan comic face of its star, Jean Reno, who resembles Sly Stallone in a hot sake half-sleep.",1,2,neutral,positive,-1.7825599908828735,-1.9374982118606567,-1.670772671699524
2,ZDM,"... a cute and sometimes side-splittingly funny blend of Legally Blonde and Drop Dead Gorgeous, starring Piper Perabo in what could be her breakthrough role.",2,0,positive,negative,-1.6487469673156738,-2.607893705368042,-1.8632127046585083
2,ZDM,"This method almost never fails him, and it works superbly here.",2,2,positive,positive,-1.1855195760726929,-3.8709614276885986,0.39595821499824524
2,ZDM,Few films capture so perfectly the hopes and dreams of little boys on baseball fields as well as the grown men who sit in the stands.,2,2,positive,positive,-1.835344672203064,-2.0576798915863037,-1.635186791419983
2,ZDM,Steers has an unexpectedly adamant streak of warm-blooded empathy for all his disparate Manhattan denizens -- especially the a**holes.,1,1,neutral,neutral,-2.011505603790283,-0.944004237651825,-2.322864055633545
2,ZDM,"The Emperor's Club is one of those films that possesses all the good intentions in the world, but...",1,0,neutral,negative,2.0383269786834717,-3.88987398147583,-3.5720620155334473
2,ZDM,The most compelling performance of the year adds substantial depth to this shocking testament to anti-Semitism and neo-fascism.,2,0,positive,negative,-0.004549115896224976,-2.7600536346435547,-2.036057710647583
2,ZDM,"LaBute can't avoid a fatal mistake in the modern era: He's changed the male academic from a lower-class Brit to an American, a choice that upsets the novel's exquisite balance and shreds the fabric of the film.",1,1,neutral,neutral,-1.6496843099594116,0.27402108907699585,-4.248087406158447
2,ZDM,... think of it as American Pie On Valium.,1,0,neutral,negative,1.2655234336853027,-4.7166008949279785,-1.2512651681900024
2,ZDM,Gere gives a good performance in a film that doesn't merit it.,1,1,neutral,neutral,-1.3156187534332275,-1.0235271453857422,-1.6610827445983887
2,ZDM,The Pianist is Polanski's best film.,2,0,positive,negative,-0.4220042824745178,-1.5127010345458984,-1.5253099203109741
2,ZDM,Maybe Thomas Wolfe was right: You can't go home again.,1,1,neutral,neutral,-2.358158588409424,-0.3666174113750458,-2.551344156265259
2,ZDM,"The director, with his fake backdrops and stately pacing, never settles on a consistent tone.",0,0,negative,negative,-1.362141489982605,-1.939082384109497,-1.8249579668045044
2,ZDM,"Why he was given free reign over this project -- he wrote, directed, starred and produced -- is beyond me.",0,2,negative,positive,-1.6291751861572266,-2.1765406131744385,-1.036166787147522
2,ZDM,"If you enjoy being rewarded by a script that assumes you aren't very bright, then Blood Work is for you.",0,0,negative,negative,-0.5498903393745422,-1.7713147401809692,-2.2142982482910156
2,ZDM,"Like Rudy Yellow Lodge, Eyre needs to take a good sweat to clarify his cinematic vision before his next creation and remember the lessons of the trickster spider.",0,0,negative,negative,-1.171703815460205,-1.6327874660491943,-2.220374345779419
2,ZDM,But his showboating wise-cracker stock persona sure is getting old.,1,0,neutral,negative,-1.1093344688415527,-1.3518186807632446,-2.1090476512908936
2,ZDM,"Circuit queens won't learn a thing, they'll be too busy cursing the film's strategically placed white sheets.",1,0,neutral,negative,-0.5384151935577393,-1.8237415552139282,-3.302186965942383
2,ZDM,"A lot of talent is wasted in this crass, low-wattage endeavor.",0,2,negative,positive,-1.014111876487732,-2.538252830505371,-0.9213576316833496
2,ZDM,The second coming of Harry Potter is a film far superior to its predecessor.,2,0,positive,negative,1.0305498838424683,-2.639697551727295,-1.7606233358383179
2,ZDM,This stuck pig of a movie flails limply between bizarre comedy and pallid horror.,0,0,negative,negative,-0.23925285041332245,-1.7323004007339478,-2.145339012145996
2,ZDM,"The film just might turn on many people to opera, in general, an art form at once visceral and spiritual, wonderfully vulgar and sublimely lofty -- and as emotionally grand as life.",2,2,positive,positive,-1.2949621677398682,-2.7425060272216797,-0.999405562877655
2,ZDM,"The delicious trimmings... arrive early and stay late, filling nearly every minute... with a lighthearted glow, some impudent snickers, and a glorious dose of humankind's liberating ability to triumph over a Scrooge or two.",2,0,positive,negative,0.9525396227836609,-1.8568181991577148,-3.661804437637329
2,ZDM,"The inhospitability of the land emphasizes the spare precision of the narratives and helps to give them an atavistic power, as if they were tales that had been handed down since the beginning of time.",1,0,neutral,negative,-0.012393578886985779,-1.9180612564086914,-2.2518839836120605
2,ZDM,Even more baffling is that it's funny.,1,2,neutral,positive,-2.29469633102417,-1.9113961458206177,-0.6199761629104614
2,ZDM,"Parker should be commended for taking a fresh approach to familiar material, but his determination to remain true to the original text leads him to adopt a somewhat mannered tone... that ultimately dulls the human tragedy at the story's core.",1,0,neutral,negative,-0.23121850192546844,-3.216721296310425,-2.6410155296325684
2,ZDM,"Hard, endearing, caring, warm.",2,0,positive,negative,-0.5286602973937988,-3.1116154193878174,-0.7768112421035767
2,ZDM,"I have no problem with ``difficult'' movies, or movies that ask the audience to meet them halfway and connect the dots instead of having things all spelled out.",1,0,neutral,negative,0.25598233938217163,-2.0830705165863037,-3.3161089420318604
2,ZDM,The way Coppola professes his love for movies -- both colorful pop junk and the classics that unequivocally qualify as art -- is giddily entertaining.,2,0,positive,negative,-1.3761117458343506,-2.736506938934326,-1.3792810440063477
2,ZDM,Both the crime story and the love story are unusual.,1,1,neutral,neutral,-3.7456014156341553,1.5284627676010132,-2.1164610385894775
2,ZDM,It's never a good sign when a film's star spends the entirety of the film in a coma.,0,0,negative,negative,0.11790037900209427,-2.7822318077087402,-2.1134774684906006
2,ZDM,A creaky staircase gothic.,1,0,neutral,negative,0.6870325207710266,-1.5310388803482056,-2.5845718383789062
2,ZDM,"If there's a way to effectively teach kids about the dangers of drugs, I think it's in projects like the (unfortunately R-rated) Paid.",1,0,neutral,negative,1.698352575302124,-3.656557321548462,-4.100654125213623
2,ZDM,"If you're a WWF fan, or you related to the people who watched the robots getting butchered in A.I., you'll probably like Rollerball.",1,1,neutral,neutral,-0.72382652759552,-0.39898866415023804,-4.16196346282959
2,ZDM,Norton holds the film together.,1,2,neutral,positive,-1.2942842245101929,-2.8302104473114014,-0.6560250520706177
2,ZDM,"A breathtaking adventure for all ages, Spirit tells its poignant and uplifting story in a stunning fusion of music and images.",2,1,positive,neutral,-1.7772217988967896,-1.2929983139038086,-1.9227485656738281
2,ZDM,It won't bust your gut -- and it's not intended to -- it's merely a blandly cinematic surgical examination of what makes a joke a joke.,1,0,neutral,negative,-0.7050106525421143,-1.705564022064209,-2.6341605186462402
2,ZDM,Largely a for-fans artifact.,1,1,neutral,neutral,-0.4797108769416809,-0.2560007572174072,-5.004460334777832
2,ZDM,A movie so bad that it quickly enters the pantheon of wreckage that includes Battlefield Earth and Showgirls.,0,0,negative,negative,0.2728865146636963,-2.3064024448394775,-3.068603515625
2,ZDM,"If you're over 25, have an IQ over 90, and have a driver's license, you should be able to find better entertainment.",0,0,negative,negative,0.7795188426971436,-3.1784117221832275,-2.2834060192108154
2,ZDM,A solid piece of journalistic work that draws a picture of a man for whom political expedience became a deadly foreign policy.,1,0,neutral,negative,0.7247565388679504,-2.067636728286743,-2.7014708518981934
2,ZDM,"The doofus-on-the-loose banter of Welcome to Collinwood has a cocky, after-hours loopiness to it.",1,0,neutral,negative,-0.2813919186592102,-3.0046823024749756,-1.1365585327148438
2,ZDM,It's the funniest American comedy since Graffiti Bridge.,2,0,positive,negative,-1.0442938804626465,-3.3857808113098145,-1.0570584535598755
2,ZDM,Samuel Beckett applied to the Iranian voting process.,1,0,neutral,negative,0.9591667056083679,-2.1159753799438477,-1.1196515560150146
2,ZDM,A strangely compelling and brilliantly acted psychological drama.,2,2,positive,positive,-2.5984833240509033,-2.7656760215759277,0.8740381598472595
2,ZDM,"Often gruelling and heartbreaking to witness, but Seldahl and Wollter's sterling performances raise this far above the level of the usual maudlin disease movie.",2,0,positive,negative,0.41616490483283997,-1.434577226638794,-1.7643557786941528
2,ZDM,"This enthralling documentary... is at once playful and haunting, an in-depth portrait of an iconoclastic artist who was fundamentally unknowable even to his closest friends.",2,2,positive,positive,-2.9589078426361084,-2.092708110809326,-0.20405538380146027
2,ZDM,"I didn't laugh at the ongoing efforts of Cube, and his skinny buddy Mike Epps, to make like Laurel and Hardy'n the hood.",0,1,negative,neutral,-1.2038887739181519,-1.068477749824524,-2.786935567855835
2,ZDM,"At its best when the guarded, resentful Betty and the manipulative yet needy Margot are front and center.",1,0,neutral,negative,-0.38017934560775757,-2.7698922157287598,-0.939532995223999
2,ZDM,Ford deserves to be remembered at Oscar time for crafting this wonderful portrait of a conflicted soldier.,2,1,positive,neutral,-0.953324556350708,-0.03675851598381996,-2.7369790077209473
2,ZDM,"That is essentially what's missing from Blackboards -- the sense of something bigger, some ultimate point.",1,0,neutral,negative,-0.7486041784286499,-1.8104966878890991,-1.7516872882843018
2,ZDM,"It's a bizarre curiosity memorable mainly for the way it fritters away its potentially interesting subject matter via a banal script, unimpressive acting and indifferent direction.",1,0,neutral,negative,-0.3491078019142151,-2.582549571990967,-1.4652594327926636
2,ZDM,"While obviously an extremely personal work, it remains inextricably stuck in an emotionally unavailable rut.",1,1,neutral,neutral,-2.070112943649292,-0.12187530100345612,-1.1264073848724365
2,ZDM,"A dim-witted and lazy spin-off of the Animal Planet documentary series, Crocodile Hunter is entertainment opportunism at its most glaring.",0,1,negative,neutral,-1.5688902139663696,-0.7776110172271729,-2.4687836170196533
2,ZDM,"The good is very, very good... The rest runs from mildly unimpressive to despairingly awful.",1,1,neutral,neutral,-3.584075450897217,1.2252273559570312,-2.9261014461517334
2,ZDM,"Methodical, measured, and gently tedious in its comedy, Secret Ballot is a purposefully reductive movie -- which may be why it's so successful at lodging itself in the brain.",2,1,positive,neutral,-2.332737445831299,-0.12518036365509033,-2.5907623767852783
2,ZDM,One of the most exciting action films to come out of China in recent years.,2,0,positive,negative,0.9648003578186035,-2.3811867237091064,-2.898937940597534
2,ZDM,Adam Sandler's Eight Crazy Nights grows on you -- like a rash.,0,0,negative,negative,-0.5488654971122742,-2.7280678749084473,-1.405370831489563
2,ZDM,"The film feels formulaic, its plot and pacing typical Hollywood war-movie stuff, while the performances elicit more of a sense of deja vu than awe.",0,0,negative,negative,-1.0460214614868164,-2.589216470718384,-1.267543077468872
2,ZDM,"... pitiful, slapdash disaster.",0,0,negative,negative,2.7541182041168213,-2.295413017272949,-1.9828872680664062
2,ZDM,"As it stands, there's some fine sex onscreen, and some tense arguing, but not a whole lot more.",1,1,neutral,neutral,-1.892681360244751,-0.6802141666412354,-1.286400318145752
2,ZDM,It's neither as romantic nor as thrilling as it should be.,0,1,negative,neutral,-1.2464349269866943,-0.43929246068000793,-1.494504690170288
2,ZDM,Returning director Rob Minkoff... and screenwriter Bruce Joel Rubin... have done a fine job of updating White's dry wit to a new age.,2,0,positive,negative,-0.3457503318786621,-3.1567037105560303,-1.685605525970459
2,ZDM,"The Venezuelans say things like ``si, pretty much'' and ``por favor, go home'' when talking to Americans.",1,1,neutral,neutral,-1.5316932201385498,-0.41601642966270447,-2.3572030067443848
2,ZDM,"If you already like this sort of thing, this is that sort of thing all over again.",1,0,neutral,negative,0.023849889636039734,-1.6772379875183105,-1.759617805480957
2,ZDM,An awful movie that will only satisfy the most emotionally malleable of filmgoers.,0,0,negative,negative,0.5474647879600525,-1.2845302820205688,-1.6037477254867554
2,ZDM,"This is an extraordinary film, not least because it is Japanese and yet feels universal.",2,2,positive,positive,-2.107046127319336,-2.368417263031006,0.4889499247074127
2,ZDM,"Aptly named, this shimmering, beautifully costumed and filmed production doesn't work for me.",1,0,neutral,negative,-0.6703219413757324,-1.3013403415679932,-1.8689738512039185
2,ZDM,"If Borstal Boy isn't especially realistic, it is an engaging nostalgia piece.",1,0,neutral,negative,0.3832792639732361,-2.194383144378662,-1.6558867692947388
2,ZDM,"The asylum material is gripping, as are the scenes of Jia with his family.",2,0,positive,negative,-0.27012163400650024,-1.791334629058838,-3.2068989276885986
2,ZDM,"... by the time it's done with us, Mira Nair's new movie has its audience giddy with the delight of discovery, of having been immersed in a foreign culture only to find that human nature is pretty much the same all over.",2,1,positive,neutral,-2.4946346282958984,-0.32799121737480164,-2.1368112564086914
2,ZDM,... about as exciting to watch as two last-place basketball teams playing one another on the final day of the season.,0,1,negative,neutral,-3.055479049682617,-2.1543025970458984,-2.198319435119629
2,ZDM,Girls gone wild and gone civil again,1,2,neutral,positive,-1.2338130474090576,-3.4582395553588867,-0.312152236700058
2,ZDM,To say Analyze That is De Niro's best film since Meet the Parents sums up the sad state of his recent career.,1,0,neutral,negative,0.13540571928024292,-2.1532814502716064,-1.5815706253051758
2,ZDM,"Like being trapped inside a huge video game, where exciting, inane images keep popping past your head and the same illogical things keep happening over and over again.",1,1,neutral,neutral,-1.3291643857955933,-0.6797414422035217,-1.753812551498413
2,ZDM,`Enigma' is the kind of engaging historical drama that Hollywood appears to have given up on in favor of sentimental war movies in the vein of `We Were Soldiers.',1,0,neutral,negative,-0.9222698211669922,-2.8061978816986084,-2.4537646770477295
2,ZDM,The Rock has a great presence but one battle after another is not the same as one battle followed by killer CGI effects.,1,0,neutral,negative,-0.8866318464279175,-2.469481945037842,-1.882741093635559
2,ZDM,Visually sumptuous but intellectually stultifying.,1,0,neutral,negative,-0.1072724312543869,-1.8544487953186035,-1.7369359731674194
2,ZDM,"So young, so smart, such talent, such a wise ***.",2,2,positive,positive,-1.5927443504333496,-2.130568504333496,-0.3424011468887329
2,ZDM,"The problem is that for the most part, the film is deadly dull.",0,0,negative,negative,-0.5093669891357422,-2.3490517139434814,-1.4421485662460327
2,ZDM,A thinly veiled look at different aspects of Chinese life clashing with each other.,1,0,neutral,negative,-0.5560573935508728,-1.5087950229644775,-2.4978737831115723
2,ZDM,An exhilarating experience.,2,0,positive,negative,0.751232385635376,-4.5015339851379395,0.6713891625404358
2,ZDM,Remarkably accessible and affecting.,2,2,positive,positive,-1.1060101985931396,-2.2005739212036133,0.34581130743026733
2,ZDM,"The climactic events are so well realized that you may forget all about the original conflict, just like the movie does.",1,2,neutral,positive,-0.8007687330245972,-2.8249528408050537,-0.7112987637519836
2,ZDM,Distinctly sub-par... more likely to drown a viewer in boredom than to send any shivers down his spine.,0,0,negative,negative,0.23699705302715302,-2.271444797515869,-2.349945545196533
2,ZDM,Godard's ode to tackling life's wonderment is a rambling and incoherent manifesto about the vagueness of topical excess... In Praise of Love remains a ponderous and pretentious endeavor that's unfocused and tediously exasperating.,0,0,negative,negative,-0.7029615640640259,-1.4219458103179932,-3.0306029319763184
2,ZDM,"We never truly come to care about the main characters and whether or not they'll wind up together, and Michele's spiritual quest is neither amusing nor dramatic enough to sustain interest.",0,0,negative,negative,-0.7627498507499695,-1.8152000904083252,-1.9756683111190796
2,ZDM,"Most haunting about ``Fence'' is its conclusion, when we hear the ultimate fate of these girls and realize, much to our dismay, that this really did happen.",2,0,positive,negative,-0.28993064165115356,-2.1547646522521973,-1.8121191263198853
2,ZDM,"Bogdanovich taps deep into the Hearst mystique, entertainingly reenacting a historic scandal.",2,2,positive,positive,-3.35347843170166,-1.0819282531738281,-0.8761846423149109
2,ZDM,"Peralta's mythmaking could have used some informed, adult hindsight.",1,0,neutral,negative,1.1970767974853516,-3.761884927749634,-3.809648275375366
2,ZDM,"``My god, I'm behaving like an idiot!''",1,0,neutral,negative,-0.16720622777938843,-2.4390604496002197,-1.2732123136520386
2,ZDM,"Devos and Cassel have tremendous chemistry -- their sexual and romantic tension, while never really vocalized, is palpable.",2,1,positive,neutral,-2.0410447120666504,-1.24312424659729,-2.2876105308532715
2,ZDM,"As a girl-meets-girl romantic comedy, Kissing Jessica Steinis quirky, charming and often hilarious.",2,0,positive,negative,-0.1332799643278122,-1.8844163417816162,-2.313849687576294
2,ZDM,Gollum's `performance' is incredible!,2,0,positive,negative,-0.21562491357326508,-1.6237341165542603,-1.1829181909561157
2,ZDM,"... a haunting vision, with images that seem more like disturbing hallucinations.",0,0,negative,negative,0.4438544809818268,-1.9998517036437988,-2.1531388759613037
2,ZDM,"As a remake, it's a pale imitation.",0,0,negative,negative,1.931925892829895,-4.860241889953613,-0.9926791787147522
2,ZDM,Adults will certainly want to spend their time in the theater thinking up grocery lists and ways to tell their kids how not to act like Pinocchio.,1,2,neutral,positive,-2.3902482986450195,-1.6910364627838135,-1.6664336919784546
2,ZDM,"Not as distinctive or even as humorous as its needs to be to stand out, but it has clearly been made with affection and care.",1,2,neutral,positive,-2.1582565307617188,-1.7407573461532593,-1.3806796073913574
2,ZDM,A generic family comedy unlikely to be appreciated by anyone outside the under-10 set.,0,1,negative,neutral,-2.1747007369995117,-0.09433630108833313,-2.892298936843872
2,ZDM,"An amalgam of The Fugitive, Blade Runner, and Total Recall, only without much energy or tension.",1,0,neutral,negative,-0.306662380695343,-0.8389729261398315,-1.5823943614959717
2,ZDM,"Everything its title implies, a standard-issue crime drama spat out from the Tinseltown assembly line.",1,0,neutral,negative,0.7655030488967896,-2.2899622917175293,-2.1109025478363037
2,ZDM,"This odd, poetic road movie, spiked by jolts of pop music, pretty much takes place in Morton's ever-watchful gaze -- and it's a tribute to the actress, and to her inventive director, that the journey is such a mesmerizing one.",2,0,positive,negative,-0.4544571340084076,-1.7395991086959839,-1.9329462051391602
2,ZDM,"Co-writer/director Jonathan Parker's attempts to fashion a Brazil-like, hyper-real satire fall dreadfully short.",0,2,negative,positive,-1.243821620941162,-2.2916719913482666,-1.0524709224700928
2,ZDM,"An amateurish, quasi-improvised acting exercise shot on ugly digital video.",0,0,negative,negative,0.5485627055168152,-3.417416572570801,-1.6681617498397827
2,ZDM,"``The Kid Stays in the Picture'' is a great story, terrifically told by the man who wrote it but this Cliff Notes edition is a cheat.",1,1,neutral,neutral,-1.5269131660461426,-0.6635578870773315,-3.207746744155884
2,ZDM,"A gratingly unfunny groaner littered with zero-dimensional, unlikable characters and hackneyed, threadbare comic setups.",0,0,negative,negative,-0.561898410320282,-2.5612802505493164,-1.1627691984176636
2,ZDM,"While this gentle and affecting melodrama will have luvvies in raptures, it's far too slight and introspective to appeal to anything wider than a niche audience.",1,0,neutral,negative,-0.6204456090927124,-2.7830886840820312,-0.8737545609474182
2,ZDM,Griffin & Co. manage to be spectacularly outrageous.,2,1,positive,neutral,-2.0498030185699463,-0.18985870480537415,-1.2221895456314087
2,ZDM,"A profoundly stupid affair, populating its hackneyed and meanspirited storyline with cardboard characters and performers who value cash above credibility.",0,2,negative,positive,-1.204325556755066,-2.8885207176208496,-0.9422600865364075
2,ZDM,"Warm Water Under a Red Bridge is a quirky and poignant Japanese film that explores the fascinating connections between women, water, nature, and sexuality.",2,0,positive,negative,-0.21422059834003448,-1.977158546447754,-1.0851093530654907
2,ZDM,It isn't that Stealing Harvard is a horrible movie -- if only it were that grand a failure!,0,0,negative,negative,-0.9875092506408691,-1.5697084665298462,-2.6918556690216064
2,ZDM,It just doesn't have much else... especially in a moral sense.,1,0,neutral,negative,0.325244665145874,-3.5378527641296387,-0.21158993244171143
2,ZDM,Those unfamiliar with Mormon traditions may find The Singles Ward occasionally bewildering.,1,0,neutral,negative,0.393412709236145,-1.582550287246704,-1.9640239477157593
2,ZDM,"Viewed as a comedy, a romance, a fairy tale, or a drama, there's nothing remotely triumphant about this motion picture.",1,1,neutral,neutral,-1.0037412643432617,-0.7511842250823975,-1.621320128440857
2,ZDM,"But the talented cast alone will keep you watching, as will the fight scenes.",2,0,positive,negative,0.07895117253065109,-3.2555782794952393,-2.449225664138794
2,ZDM,It's solid and affecting and exactly as thought-provoking as it should be.,2,0,positive,negative,-0.19408215582370758,-3.7359814643859863,-0.800676703453064
2,ZDM,"Thanks largely to Williams, all the interesting developments are processed in 60 minutes -- the rest is just an overexposed waste of film.",0,0,negative,negative,0.5902817249298096,-2.2437970638275146,-1.682368516921997
2,ZDM,"Cantet perfectly captures the hotel lobbies, two-lane highways, and roadside cafes that permeate Vincent's days",2,2,positive,positive,-1.3342764377593994,-1.6243631839752197,-0.8727871179580688
2,ZDM,"An important movie, a reminder of the power of film to move us and to make us examine our values.",2,2,positive,positive,-2.239199638366699,-1.8000295162200928,-1.5739507675170898
2,ZDM,"Too much of this well-acted but dangerously slow thriller feels like a preamble to a bigger, more complicated story, one that never materializes.",0,1,negative,neutral,-3.9464304447174072,-0.031320784240961075,-1.6314400434494019
2,ZDM,A richly imagined and admirably mature work from a gifted director who definitely has something on his mind.,2,0,positive,negative,-0.7182883620262146,-2.1485321521759033,-0.8742087483406067
2,ZDM,"The art direction is often exquisite, and the anthropomorphic animal characters are beautifully realized through clever makeup design, leaving one to hope that the eventual DVD release will offer subtitles and the original Italian-language soundtrack.",2,2,positive,positive,-3.536123037338257,-1.0137208700180054,-0.5639997720718384
2,ZDM,"... Jones, despite a definitely distinctive screen presence, just isn't able to muster for a movie that, its title notwithstanding, should have been a lot nastier if it wanted to fully capitalize on its lead's specific gifts.",1,0,neutral,negative,-1.2505396604537964,-1.578969955444336,-2.091632604598999
2,ZDM,But what's nice is that there's a casual intelligence that permeates the script.,2,0,positive,negative,-0.7607405781745911,-1.407531499862671,-2.1382579803466797
2,ZDM,Wedding feels a bit anachronistic.,0,1,negative,neutral,-1.8626916408538818,2.3096768856048584,-2.960191011428833
2,ZDM,"An action/thriller of the finest kind, evoking memories of Day of the Jackal, The French Connection, and Heat.",2,2,positive,positive,-1.5908398628234863,-2.100093126296997,-0.8007579445838928
2,ZDM,"Every individual will see the movie through the prism of his or her own beliefs and prejudices, but the one thing most will take away is the sense that peace is possible.",2,2,positive,positive,-1.3872016668319702,-2.6033785343170166,-0.145957812666893
2,ZDM,"Feels slight, as if it were an extended short, albeit one made by the smartest kids in class.",1,0,neutral,negative,0.07325644791126251,-2.8871819972991943,-1.235870361328125
2,ZDM,The picture doesn't know it's a comedy.,1,0,neutral,negative,-0.41780900955200195,-0.7979424595832825,-1.816280484199524
2,ZDM,A classy item by a legend who may have nothing left to prove but still has the chops and drive to show how its done.,2,0,positive,negative,0.6658413410186768,-1.7344383001327515,-2.820357322692871
2,ZDM,"Starts out mediocre, spirals downward, and thuds to the bottom of the pool with an utterly incompetent conclusion.",0,0,negative,negative,0.6930281519889832,-2.4411044120788574,-3.721035957336426
2,ZDM,The sort of movie that gives tastelessness a bad rap.,0,2,negative,positive,-1.1160029172897339,-0.8382797241210938,0.7190235257148743
2,ZDM,Its engaging simplicity is driven by appealing leads.,2,0,positive,negative,0.20038990676403046,-3.2856335639953613,-1.7939600944519043
2,ZDM,"Fans of the TV series will be disappointed, and everyone else will be slightly bored.",1,0,neutral,negative,-0.002089522546157241,-1.984717607498169,-2.206223726272583
2,ZDM,"It's a head-turner -- thoughtfully written, beautifully read and, finally, deeply humanizing.",2,2,positive,positive,-2.8747317790985107,-1.3016127347946167,-0.5956437587738037
2,ZDM,"It's not a particularly good film, but neither is it a monsterous one.",1,0,neutral,negative,1.7693305015563965,-1.1570744514465332,-5.033763408660889
2,ZDM,Men in Black II achieves ultimate insignificance -- it's the sci-fi comedy spectacle as Whiffle-Ball epic.,0,0,negative,negative,0.4295162856578827,-2.5680837631225586,-1.834102749824524
2,ZDM,Martyr gets royally screwed and comes back for more.,1,1,neutral,neutral,-3.0793097019195557,-1.0794456005096436,-1.1502532958984375
3,ZDN,Presents a good case while failing to provide a reason for us to care beyond the very basic dictums of human decency.,1,1,neutral,neutral,-1.0864043235778809,-0.27255162596702576,-2.7503650188446045
3,ZDN,"Beautifully crafted, engaging filmmaking that should attract upscale audiences hungry for quality and a nostalgic, twisty yarn that will keep them guessing.",2,1,positive,neutral,-0.8787608742713928,-0.41584375500679016,-2.340360403060913
3,ZDN,"Bread, My Sweet has so many flaws it would be easy for critics to shred it.",0,0,negative,negative,-0.3373965322971344,-0.8117450475692749,-2.5416667461395264
3,ZDN,"Slow, silly and unintentionally hilarious.",1,1,neutral,neutral,-1.1515318155288696,0.08242303133010864,-1.6238996982574463
3,ZDN,"Ultimately feels empty and unsatisfying, like swallowing a Communion wafer without the wine.",0,0,negative,negative,-0.6404604315757751,-0.7343873977661133,-2.5166261196136475
3,ZDN,Exudes the fizz of a Busby Berkeley musical and the visceral excitement of a sports extravaganza.,2,1,positive,neutral,-0.9625336527824402,-0.1183837354183197,-2.4240434169769287
3,ZDN,The film rehashes several old themes and is capped with pointless extremes -- it's insanely violent and very graphic.,0,0,negative,negative,-0.7519449591636658,-1.2095322608947754,-1.4114913940429688
3,ZDN,"Ryan Gosling is, in a word, brilliant as the conflicted Daniel.",2,0,positive,negative,-0.7979820370674133,-1.6112823486328125,-2.235677719116211
3,ZDN,"If Deuces Wild had been tweaked up a notch it would have become a camp adventure, one of those movies that's so bad it starts to become good.",1,1,neutral,neutral,-0.7750314474105835,-0.5619465112686157,-2.000600814819336
3,ZDN,The film's stagecrafts are intimate and therefore bolder than the otherwise calculated artifice that defines and overwhelms the film's production design.,1,0,neutral,negative,-0.1499222069978714,-0.5181410312652588,-2.640065908432007
3,ZDN,"Frida is certainly no disaster, but neither is it the Kahlo movie Frida fans have been looking for.",1,0,neutral,negative,-0.9714563488960266,-0.9938597083091736,-2.1857290267944336
3,ZDN,The film often achieves a mesmerizing poetry.,2,0,positive,negative,0.5344547629356384,-0.9306915402412415,-1.1939525604248047
3,ZDN,A work of astonishing delicacy and force.,2,1,positive,neutral,-1.0021198987960815,-0.4785449504852295,-1.4893825054168701
3,ZDN,"The movie's plot is almost entirely witless and inane, carrying every gag two or three times beyond its limit to sustain a laugh.",0,0,negative,negative,-1.101729154586792,-1.291259765625,-1.3672651052474976
3,ZDN,"For the most part, the ingredients are there.",1,1,neutral,neutral,-1.412651777267456,0.073192298412323,-1.4818079471588135
3,ZDN,"But if you've paid a matinee price and bought a big tub of popcorn, there's guilty fun to be had here.",1,0,neutral,negative,0.11058877408504486,-0.6475217342376709,-2.5782382488250732
3,ZDN,"There's not much to Fatale, outside of its stylish surprises... but that's OK.",1,0,neutral,negative,-0.20917294919490814,-0.6371926665306091,-2.40348482131958
3,ZDN,"The acting is stiff, the story lacks all trace of wit, the sets look like they were borrowed from Gilligan's Island -- and the CGI Scooby might well be the worst special-effects creation of the year.",0,1,negative,neutral,-1.7335035800933838,1.9183745384216309,-0.4461405277252197
3,ZDN,"This version moves beyond the original's nostalgia for the communal film experiences of yesteryear to a deeper realization of cinema's inability to stand in for true, lived experience.",1,0,neutral,negative,-0.43771126866340637,-0.6748886108398438,-2.6142871379852295
3,ZDN,"There's no palpable chemistry between Lopez and male lead Ralph Fiennes, plus the script by Working Girl scribe Kevin Wade is workmanlike in the extreme.",0,0,negative,negative,-0.04323290288448334,-0.9996461868286133,-2.1262547969818115
3,ZDN,"A first-class, thoroughly involving B movie that effectively combines two surefire, beloved genres -- the prison flick and the fight film.",2,1,positive,neutral,-1.0151960849761963,0.0576799213886261,-1.5678210258483887
3,ZDN,The film is so bad it doesn't improve upon the experience of staring at a blank screen.,0,0,negative,negative,-0.5181710124015808,-0.9931622743606567,-1.7190955877304077
3,ZDN,Another Best of the Year selection.,2,2,positive,positive,-0.921513557434082,-1.1028468608856201,0.4529339671134949
3,ZDN,It's all a rather shapeless good time...,1,1,neutral,neutral,-1.8635976314544678,0.320538729429245,-0.9726433753967285
3,ZDN,"Same song, second verse, coulda been better, but it coulda been worse.",1,0,neutral,negative,0.508217990398407,-1.2126566171646118,-1.9360718727111816
3,ZDN,I love the robust middle of this picture.,2,1,positive,neutral,-0.48467451333999634,-0.47201159596443176,-2.441976547241211
3,ZDN,"That's not vintage Spielberg and that, finally, is minimally satisfying.",1,0,neutral,negative,0.05937422811985016,-1.2820419073104858,-2.197608232498169
3,ZDN,The soundtrack alone is worth the price of admission.,2,0,positive,negative,-0.4223095774650574,-0.7415899634361267,-1.8014476299285889
3,ZDN,Mostly Martha could have used a little trimming -- 10 or 15 minutes could be cut and no one would notice -- but it's a pleasurable trifle.,1,0,neutral,negative,-0.31663620471954346,-0.43498319387435913,-3.00699782371521
3,ZDN,"For the rest of us, sitting through Dahmer's two hours amounts to little more than punishment.",0,0,negative,negative,-0.07527710497379303,-0.9044886231422424,-2.010418176651001
3,ZDN,"Featuring a dangerously seductive performance from the great Daniel Auteuil, ``Sade'' covers the same period as Kaufmann's ``Quills'' with more unsettlingly realistic results.",2,0,positive,negative,-0.3054226338863373,-0.39039406180381775,-2.893433094024658
3,ZDN,"The movie is for fans who can't stop loving anime, and the fanatical excess built into it.",1,1,neutral,neutral,-0.6953607201576233,-0.20484718680381775,-2.525137186050415
3,ZDN,"The Ring is worth a look, if you don't demand much more than a few cheap thrills from your Halloween entertainment.",1,1,neutral,neutral,-0.5335322618484497,-0.15743865072727203,-3.129666805267334
3,ZDN,"Beautifully observed, miraculously unsentimental comedy-drama.",2,1,positive,neutral,-1.3513479232788086,0.08529642224311829,-0.8006622195243835
3,ZDN,"What makes How I Killed My Father compelling, besides its terrific performances, is Fontaine's willingness to wander into the dark areas of parent-child relationships without flinching.",2,0,positive,negative,-0.617892324924469,-0.7289659380912781,-2.405355453491211
3,ZDN,"This hastily mounted production exists only to capitalize on Hopkins' inclination to play Hannibal Lecter again, even though Harris has no immediate inclination to provide a fourth book.",0,1,negative,neutral,-0.27148163318634033,-0.04548318684101105,-2.653087615966797
3,ZDN,Bullock's complete lack of focus and ability quickly derails the film.,0,1,negative,neutral,-0.8594922423362732,-0.5758563280105591,-1.5383458137512207
3,ZDN,"... a plotline that's as lumpy as two-day old porridge... the filmmakers' paws, sad to say, were all over this ``un-bear-able'' project!",0,0,negative,negative,-0.02066848985850811,-1.3437215089797974,-2.2589526176452637
3,ZDN,Crush could be the worst film a man has made about women since Valley of the Dolls.,0,0,negative,negative,0.25026124715805054,-0.6478919386863708,-2.4056599140167236
3,ZDN,"Reassuring, retro uplifter.",2,1,positive,neutral,-1.4621459245681763,-0.5515158176422119,-1.2376811504364014
3,ZDN,Flaccid drama and exasperatingly slow journey.,0,1,negative,neutral,-1.638261079788208,-0.07016722857952118,-0.7800304293632507
3,ZDN,The Movie will reach far beyond its core demographic.,2,1,positive,neutral,-0.5168822407722473,-0.48387768864631653,-1.5785149335861206
3,ZDN,How did it ever get made?,0,1,negative,neutral,0.03062683530151844,0.5387214422225952,-0.6506152749061584
3,ZDN,I like the new footage and still love the old stuff.,2,1,positive,neutral,-0.1631525158882141,-0.12456156313419342,-1.6098285913467407
3,ZDN,"It briefly flirts with player masochism, but the point of real interest -- audience sadism -- is evaded completely.",1,0,neutral,negative,-0.5677663683891296,-0.7918161153793335,-2.2186899185180664
3,ZDN,Could The Country Bears really be as bad as its trailers?,0,0,negative,negative,-0.27061906456947327,-0.2839796245098114,-1.974421739578247
3,ZDN,"At times, the movie looks genuinely pretty.",2,0,positive,negative,-0.26249295473098755,-0.5082011222839355,-1.1816033124923706
3,ZDN,It depends on how well flatulence gags fit into your holiday concept.,1,1,neutral,neutral,-1.0851753950119019,0.15693403780460358,-1.6422919034957886
3,ZDN,"The stupidest, most insulting movie of 2002's first quarter.",0,1,negative,neutral,-0.7492446899414062,-0.5157775282859802,-1.4841901063919067
3,ZDN,The film seems a dead weight.,0,0,negative,negative,0.22679340839385986,-1.407389521598816,-1.2709451913833618
3,ZDN,"Sparkling, often hilarious romantic jealousy comedy... Attal looks so much like a young Robert DeNiro that it seems the film should instead be called `My Husband Is Travis Bickle'.",2,0,positive,negative,0.0964423269033432,-1.5654072761535645,-2.0134124755859375
3,ZDN,"I did go back and check out the last 10 minutes, but these were more repulsive than the first 30 or 40 minutes.",0,0,negative,negative,-0.33008065819740295,-1.3830711841583252,-1.2959033250808716
3,ZDN,"A lousy movie that's not merely unwatchable, but also unlistenable.",0,0,negative,negative,0.19794265925884247,-1.9500174522399902,-2.7920851707458496
3,ZDN,One of the best films of the year with its exploration of the obstacles to happiness faced by five contemporary individuals... a psychological masterpiece.,2,0,positive,negative,-0.5149179100990295,-0.7516025900840759,-1.818593144416809
3,ZDN,"A strong script, powerful direction and splendid production design allows us to be transported into the life of Wladyslaw Szpilman, who is not only a pianist, but a good human being.",2,0,positive,negative,-0.4904341697692871,-0.8499807715415955,-1.042135238647461
3,ZDN,"But here's the real damn: It isn't funny, either.",0,0,negative,negative,-0.4099982976913452,-0.6338400840759277,-1.6218372583389282
3,ZDN,"Qutting may be a flawed film, but it is nothing if not sincere.",1,0,neutral,negative,0.3134027421474457,-1.2813653945922852,-2.4579269886016846
3,ZDN,It's a fanboy `what if?',1,0,neutral,negative,0.549277126789093,-1.1870174407958984,-2.6593921184539795
3,ZDN,... something appears to have been lost in the translation this time.,0,0,negative,negative,-0.035124585032463074,-1.4863368272781372,-1.1190747022628784
3,ZDN,"Like a documentary version of Fight Club, shorn of social insight, intellectual pretension and cinematic interest.",1,0,neutral,negative,-0.12158417701721191,-1.2164092063903809,-1.5029377937316895
3,ZDN,"Stephen Rea, Aidan Quinn, and Alan Bates play Desmond's legal eagles, and when joined by Brosnan, the sight of this grandiloquent quartet lolling in pretty Irish settings is a pleasant enough thing, `tis.",2,0,positive,negative,-0.06690280139446259,-1.3948737382888794,-2.095979690551758
3,ZDN,"It's a powerful though flawed movie, guaranteed to put a lump in your throat while reaffirming Washington as possibly the best actor working in movies today.",2,0,positive,negative,-0.5747340321540833,-0.8435794711112976,-1.7308502197265625
3,ZDN,An intriguing and entertaining introduction to Johnson.,2,0,positive,negative,0.9413576126098633,-1.777563214302063,-2.2808830738067627
3,ZDN,Everything was as superficial as the forced New Jersey lowbrow accent Uma had.,0,0,negative,negative,0.3067222237586975,-0.9334319233894348,-2.552931070327759
3,ZDN,"Despite the holes in the story and the somewhat predictable plot, moments of the movie caused me to jump in my chair...",1,0,neutral,negative,1.155324101448059,-1.4137967824935913,-2.2918741703033447
3,ZDN,`How many more voyages can this limping but dearly-loved franchise survive?',1,0,neutral,negative,-0.37280964851379395,-2.2054104804992676,-1.4551540613174438
3,ZDN,If only the story about a multi-million dollar con bothered to include the con.,1,0,neutral,negative,-0.4064314365386963,-1.511479139328003,-1.6572415828704834
3,ZDN,"It is supremely unfunny and unentertaining to watch middle-age and older men drink to excess, piss on trees, b.s. one another and put on a show in drag.",0,0,negative,negative,-0.8432527780532837,-0.9910938739776611,-1.4135851860046387
3,ZDN,"Only a few minutes elapse before the daddy of all slashers arrives, still with the boiler suit and white mask, which look remarkably clean for a guy who has been mass-murdering since 1978 but has never been seen doing laundry.",1,1,neutral,neutral,-1.1871877908706665,-0.3656156063079834,-1.418221354484558
3,ZDN,"Showtime is one of the hapless victims of the arrogant ``if we put together a wry white man and a chatty black man and give them guns, the movie will be funny'' syndrome.",0,0,negative,negative,-0.6286587119102478,-1.026900053024292,-1.443846583366394
3,ZDN,"Whatever heartwarming scene the impressively discreet filmmakers may have expected to record with their mini DV, they show a remarkable ability to document both sides of this emotional car-wreck.",2,1,positive,neutral,-1.0510542392730713,-0.7164562940597534,-1.1928400993347168
3,ZDN,"A zombie movie in every sense of the word -- mindless, lifeless, meandering, loud, painful, obnoxious.",0,0,negative,negative,0.8846245408058167,-1.8870888948440552,-2.86954927444458
3,ZDN,"It has fun with the quirks of family life, but it also treats the subject with fondness and respect.",2,0,positive,negative,0.13863123953342438,-1.8874359130859375,-0.7131277322769165
3,ZDN,"Novak manages to capture a cruelly hilarious vein of black comedy in the situation with his cast of non-actors and a gritty, no-budget approach.",2,0,positive,negative,-0.5206644535064697,-0.9142626523971558,-1.253279209136963
3,ZDN,"Since Lee is a sentimentalist, the film is more worshipful than your random E!",1,0,neutral,negative,-0.660426914691925,-1.3529295921325684,-1.809636116027832
3,ZDN,"The movie is almost completely lacking in suspense, surprise and consistent emotional conviction.",0,0,negative,negative,0.9231868982315063,-1.436081886291504,-2.6711037158966064
3,ZDN,"High Crimes knows the mistakes that bad movies make and is determined not to make them, and maybe that is nobility of a sort.",1,0,neutral,negative,-0.5602687001228333,-0.9968258738517761,-1.2378441095352173
3,ZDN,But it's too long and too convoluted and it ends in a muddle.,0,2,negative,positive,-1.0987156629562378,-0.6276620626449585,-0.60677170753479
3,ZDN,This thing works on no level whatsoever for me.,0,0,negative,negative,-0.6229376196861267,-0.8357924222946167,-1.0718512535095215
3,ZDN,... a bland murder-on-campus yawner.,0,0,negative,negative,-0.3738919496536255,-1.4101898670196533,-1.2109078168869019
3,ZDN,"One of the finest, most humane and important Holocaust movies ever made.",2,0,positive,negative,-0.39341408014297485,-0.9190535545349121,-1.6465860605239868
3,ZDN,"Suffers from rambling, repetitive dialogue and the visual drabness endemic to digital video.",0,0,negative,negative,0.5353686809539795,-1.5196377038955688,-1.5019611120224
3,ZDN,"The twist that ends the movie is the one with the most emotional resonance, but twists are getting irritating, and this is the kind of material where the filmmakers should be very careful about raising eyebrows.",1,1,neutral,neutral,-1.282809853553772,-0.7826979160308838,-1.0631449222564697
3,ZDN,"Angel presents events partly from the perspective of Aurelie and Christelle, and infuses the film with the sensibility of a particularly nightmarish fairytale.",1,0,neutral,negative,-0.38191068172454834,-1.0051889419555664,-2.4176828861236572
3,ZDN,Features one of the most affecting depictions of a love affair ever committed to film.,2,0,positive,negative,0.07578757405281067,-1.4521572589874268,-1.6790131330490112
3,ZDN,It is intensely personal and yet -- unlike Quills -- deftly shows us the temper of the times.,2,0,positive,negative,0.33375465869903564,-1.787988305091858,-1.2392390966415405
3,ZDN,"Even as I valiantly struggled to remain interested, or at least conscious, I could feel my eyelids... getting... very... heavy...",0,0,negative,negative,-0.5498250126838684,-1.365900993347168,-2.0216948986053467
3,ZDN,"... a solid, well-formed satire.",2,0,positive,negative,-0.16503526270389557,-1.9219905138015747,-0.7912591695785522
3,ZDN,Deserves high marks for political courage but barely gets by on its artistic merits.,1,0,neutral,negative,-0.010099067352712154,-1.5873005390167236,-1.4312173128128052
3,ZDN,Read My Lips is to be viewed and treasured for its extraordinary intelligence and originality as well as its lyrical variations on the game of love.,2,0,positive,negative,-0.03412659466266632,-1.6023709774017334,-2.0065388679504395
3,ZDN,"... creates a visceral sense of its characters' lives and conflicted emotions that carries it far above... what could have been a melodramatic, Lifetime Channel-style anthology.",1,0,neutral,negative,-0.19322006404399872,-1.566068172454834,-0.9609766006469727
3,ZDN,Reeks of rot and hack work from start to finish.,1,0,neutral,negative,0.24025927484035492,-1.3161635398864746,-2.537140130996704
3,ZDN,Just how these families interact may surprise you.,1,0,neutral,negative,-0.7080636620521545,-1.2485840320587158,-1.5179810523986816
3,ZDN,"The Movie is what happens when you blow up small potatoes to 10 times their natural size, and it ain't pretty.",0,0,negative,negative,-0.5975193381309509,-0.7862512469291687,-1.9142714738845825
3,ZDN,"Even a hardened voyeur would require the patience of Job to get through this interminable, shapeless documentary about the swinging subculture.",0,0,negative,negative,-0.2226894348859787,-0.9327028393745422,-2.067542791366577
3,ZDN,"Creepy, authentic and dark.",1,0,neutral,negative,0.14195750653743744,-0.5017797946929932,-2.4011733531951904
3,ZDN,A lame romantic comedy about an unsympathetic character and someone who would not likely be so stupid as to get involved with her.,0,1,negative,neutral,-0.8025442361831665,-0.6771214008331299,-1.4055936336517334
3,ZDN,"The film is a contrivance, as artificial as the video games Japanese teens play in a nightclub sequence, but it's an enjoyable one.",1,0,neutral,negative,-1.0997942686080933,-1.2184979915618896,-1.812052845954895
3,ZDN,"At its worst the screenplay is callow, but at its best it is a young artist's thoughtful consideration of fatherhood.",1,0,neutral,negative,-0.5581413507461548,-0.9872987866401672,-2.1729440689086914
3,ZDN,At 78 minutes it just zings along with vibrance and warmth.,2,0,positive,negative,0.16447748243808746,-0.7414989471435547,-2.209632396697998
3,ZDN,"Only an epic documentary could get it all down, and Spike Lee's Jim Brown: All American at long last gives its subject a movie worthy of his talents.",2,1,positive,neutral,-0.7111144661903381,-0.6829142570495605,-1.4715229272842407
3,ZDN,"As quiet, patient and tenacious as Mr. Lopez himself, who approaches his difficult, endless work with remarkable serenity and discipline.",2,0,positive,negative,-0.8514318466186523,-0.9994757771492004,-1.8305338621139526
3,ZDN,"Instead of hiding Pinocchio from critics, Miramax should have hidden it from everyone.",0,0,negative,negative,0.4700227677822113,-1.2917686700820923,-1.8528045415878296
3,ZDN,What a great shame that such a talented director as Chen Kaige has chosen to make his English-language debut with a film so poorly plotted and scripted.,0,0,negative,negative,-0.2311766892671585,-1.7794188261032104,-1.6675145626068115
3,ZDN,Jeffs has created a breathtakingly assured and stylish work of spare dialogue and acute expressiveness.,2,0,positive,negative,0.09239128232002258,-1.5607082843780518,-2.0702879428863525
3,ZDN,"Just about the best straight-up, old-school horror film of the last 15 years.",2,0,positive,negative,-0.5621331334114075,-1.327626347541809,-1.6783684492111206
3,ZDN,"Gosling creates a staggeringly compelling character, a young man whose sharp intellect is at the very root of his contradictory, self-hating, self-destructive ways.",2,0,positive,negative,-0.38235288858413696,-1.1764411926269531,-1.9305015802383423
3,ZDN,"I thought the relationships were wonderful, the comedy was funny, and the love `real'.",2,0,positive,negative,-0.2694706618785858,-1.6417120695114136,-1.4669122695922852
3,ZDN,Better at putting you to sleep than a sound machine.,0,0,negative,negative,-0.13400740921497345,-1.2096978425979614,-3.154423475265503
3,ZDN,Feels less like a cousin to Blade Runner than like a bottom-feeder sequel in the Escape From New York series.,0,0,negative,negative,-0.6633159518241882,-1.0696687698364258,-2.126394748687744
3,ZDN,"Elegantly produced and expressively performed, the six musical numbers crystallize key plot moments into minutely detailed wonders of dreamlike ecstasy.",2,0,positive,negative,-0.02093292586505413,-1.2984260320663452,-2.3188467025756836
3,ZDN,"Ultimate X is a ride, basically the kind of greatest-hits reel that might come with a subscription to ESPN the Magazine.",1,0,neutral,negative,-0.29322054982185364,-0.7374048233032227,-2.893385648727417
3,ZDN,"Celebrated at Sundance, this slight comedy of manners has winning performances and a glossy, glib charm that's hard to beat.",2,0,positive,negative,-0.29771798849105835,-1.190048336982727,-2.2007734775543213
3,ZDN,"Apparently, romantic comedy with a fresh point of view just doesn't figure in the present Hollywood program.",0,0,negative,negative,-0.9524791836738586,-1.104520320892334,-1.8922312259674072
3,ZDN,That Haynes can both maintain and dismantle the facades that his genre and his character construct is a wonderous accomplishment of veracity and narrative grace.,2,1,positive,neutral,-1.0859804153442383,-0.6494225263595581,-2.044788122177124
3,ZDN,"Some elements of it really blow the big one, but other parts are decent.",1,0,neutral,negative,-0.10550089180469513,-1.5476065874099731,-1.7571128606796265
3,ZDN,"No French people were harmed during the making of this movie, but they were insulted and the audience was put through torture for an hour and a half.",0,2,negative,positive,-1.0752066373825073,-1.3012372255325317,-0.9157211184501648
3,ZDN,"I was feeling this movie until it veered off too far into the Exxon zone, and left me behind at the station looking for a return ticket to realism.",0,0,negative,negative,-0.5332935452461243,-1.3595961332321167,-1.3345320224761963
3,ZDN,The simplicity of The Way Home has few equals this side of Aesop.,1,0,neutral,negative,-0.17781130969524384,-1.7832698822021484,-1.743878722190857
3,ZDN,Exceptionally well acted by Diane Lane and Richard Gere.,2,0,positive,negative,-0.20294344425201416,-0.8128989934921265,-1.5360541343688965
3,ZDN,"Dong shows how intolerance has the power to deform families, then tear them apart.",1,0,neutral,negative,-0.26832497119903564,-1.180976390838623,-1.8157435655593872
3,ZDN,"A stupid, derivative horror film that substitutes extreme gore for suspense.",0,0,negative,negative,-0.43513810634613037,-0.9480610489845276,-2.2608139514923096
3,ZDN,It's a great American adventure and a wonderful film to bring to IMAX.,2,0,positive,negative,-0.3101649284362793,-0.5013941526412964,-1.5801291465759277
3,ZDN,It's 51 times better than this.,1,2,neutral,positive,-1.1452293395996094,-0.702012836933136,-0.29405802488327026
3,ZDN,"It's like an old Warner Bros. costumer jived with sex -- this could be the movie Errol Flynn always wanted to make, though Bette Davis, cast as Joan, would have killed him.",1,0,neutral,negative,0.7481350898742676,-1.7375495433807373,-1.640715479850769
3,ZDN,"A miraculous movie, I'm Going Home is so slight, yet overflows with wisdom and emotion.",2,0,positive,negative,-0.5737718939781189,-0.9803218841552734,-0.8604317307472229
3,ZDN,"A fiercely clever and subtle film, capturing the precarious balance between the extravagant confidence of the exiled aristocracy and the cruel earnestness of the victorious revolutionaries.",2,0,positive,negative,-0.8169703483581543,-1.1295503377914429,-1.5234894752502441
3,ZDN,"It's as if you're watching a movie that was made in 1978 but not released then because it was so weak, and it has been unearthed and released now, when it has become even weaker.",0,0,negative,negative,-0.2396269142627716,-0.8722056150436401,-2.213552713394165
3,ZDN,Anemic chronicle of money grubbing New Yorkers and their serial loveless hook ups.,1,1,neutral,neutral,-0.42992252111434937,-0.41269394755363464,-1.9018970727920532
3,ZDN,"Thanks to a small star with big heart, this family film sequel is plenty of fun for all.",2,1,positive,neutral,-0.8508386015892029,-0.6254254579544067,-2.2728428840637207
3,ZDN,And I've decided to leave a light on every night from now on.,1,0,neutral,negative,-0.3096337616443634,-1.2549549341201782,-1.7898017168045044
3,ZDN,Festers in just such a dungpile that you'd swear you were watching monkeys flinging their feces at you.,0,0,negative,negative,-0.49391528964042664,-1.2252705097198486,-1.6397438049316406
3,ZDN,under-rehearsed and lifeless,0,0,negative,negative,0.5800670981407166,-0.22360678017139435,-1.1237800121307373
3,ZDN,Exactly what you'd expect from a guy named Kaos.,1,1,neutral,neutral,-1.016134262084961,-0.6814607381820679,-2.095111131668091
3,ZDN,"If legendary shlockmeister Ed Wood had ever made a movie about a vampire, it probably would look a lot like this alarming production, adapted from Anne Rice's novel The Vampire Chronicles.",1,1,neutral,neutral,-1.3468514680862427,-0.20912085473537445,-2.2144534587860107
3,ZDN,"For those for whom the name Woody Allen was once a guarantee of something fresh, sometimes funny, and usually genuinely worthwhile, Hollywood Ending is a depressing experience.",0,1,negative,neutral,-1.1745991706848145,-0.5749053359031677,-1.4598249197006226
3,ZDN,Bella is the picture of health with boundless energy until a few days before she dies.,1,0,neutral,negative,0.9581414461135864,-1.5547807216644287,-2.6022284030914307
3,ZDN,"The fun of the movie is the chance it affords to watch Jackson, who also served as executive producer, take his smooth, shrewd, powerful act abroad.",2,0,positive,negative,-0.7839624285697937,-0.7958872318267822,-1.7441529035568237
3,ZDN,What should have been a cutting Hollywood satire is instead about as fresh as last week's issue of Variety.,0,1,negative,neutral,-0.1859533041715622,-0.16703450679779053,-1.744774341583252
3,ZDN,"Cox offers plenty of glimpses at existing photos, but there are no movies of Nijinsky, so instead the director treats us to an aimless hodgepodge.",0,0,negative,negative,0.028937818482518196,-1.3954617977142334,-1.6705464124679565
3,ZDN,Aaliyah rarely dampens her diva persona enough to spark genuine chemistry with Townsend.,1,0,neutral,negative,-0.3495369553565979,-1.0596210956573486,-1.614060878753662
3,ZDN,Mr. Soderbergh's direction and visual style struck me as unusually and unimpressively fussy and pretentious.,0,0,negative,negative,-0.3387778401374817,-1.2230675220489502,-1.4559001922607422
3,ZDN,Mazel tov to a film about a family's joyous life acting on the Yiddish stage.,2,0,positive,negative,0.9183092713356018,-2.2417516708374023,-2.8027756214141846
3,ZDN,... would be a total loss if not for two supporting performances taking place at the movie's edges.,1,0,neutral,negative,-0.4558989405632019,-1.4517019987106323,-2.187342643737793
3,ZDN,An inspiring and heart-affecting film about the desperate attempts of Vietnamese refugees living in U.S. relocation camps to keep their hopes alive in 1975.,2,0,positive,negative,0.3414294123649597,-1.1357002258300781,-2.5024750232696533
3,ZDN,"Loud, chaotic and largely unfunny.",0,1,negative,neutral,-0.32065635919570923,-0.2839571237564087,-1.5626567602157593
3,ZDN,The immersive powers of the giant screen and its hyper-realistic images are put to perfect use in the breathtakingly beautiful outer-space documentary Space Station 3D.,2,0,positive,negative,-0.6404184103012085,-0.8852961659431458,-1.6676114797592163
3,ZDN,The original wasn't a good movie but this remake makes it look like a masterpiece!,0,2,negative,positive,-1.187139630317688,-0.31263449788093567,-0.010495305061340332
3,ZDN,"To my taste, the film's comic characters come perilously close to being Amoses and Andys for a new generation.",1,1,neutral,neutral,-1.297018051147461,-0.10652735829353333,-1.3737133741378784
3,ZDN,"Although the sequel has all the outward elements of the original, the first film's lovely flakiness is gone, replaced by the forced funniness found in the dullest kiddie flicks.",0,1,negative,neutral,-1.0322048664093018,-0.724561333656311,-1.1623793840408325
3,ZDN,"The real charm of this trifle is the deadpan comic face of its star, Jean Reno, who resembles Sly Stallone in a hot sake half-sleep.",1,0,neutral,negative,-0.43224745988845825,-0.8164713382720947,-1.755789875984192
3,ZDN,"... a cute and sometimes side-splittingly funny blend of Legally Blonde and Drop Dead Gorgeous, starring Piper Perabo in what could be her breakthrough role.",2,0,positive,negative,-0.7669894695281982,-1.7259076833724976,-1.5188941955566406
3,ZDN,"This method almost never fails him, and it works superbly here.",2,0,positive,negative,-0.8042722940444946,-1.1470292806625366,-1.2587894201278687
3,ZDN,Few films capture so perfectly the hopes and dreams of little boys on baseball fields as well as the grown men who sit in the stands.,2,1,positive,neutral,-1.0349324941635132,-0.40496888756752014,-0.8208320736885071
3,ZDN,Steers has an unexpectedly adamant streak of warm-blooded empathy for all his disparate Manhattan denizens -- especially the a**holes.,1,1,neutral,neutral,-1.2327455282211304,-0.6166985034942627,-0.9893860816955566
3,ZDN,"The Emperor's Club is one of those films that possesses all the good intentions in the world, but...",1,0,neutral,negative,-0.5617758631706238,-0.6161597967147827,-2.0654139518737793
3,ZDN,The most compelling performance of the year adds substantial depth to this shocking testament to anti-Semitism and neo-fascism.,2,2,positive,positive,-1.1164793968200684,-1.0097832679748535,-0.8041056990623474
3,ZDN,"LaBute can't avoid a fatal mistake in the modern era: He's changed the male academic from a lower-class Brit to an American, a choice that upsets the novel's exquisite balance and shreds the fabric of the film.",1,0,neutral,negative,-0.5490612983703613,-0.718856692314148,-1.1451877355575562
3,ZDN,A biopic about Crane's life in the classic tradition but evolves into what has become of us all in the era of video.,1,2,neutral,positive,-1.1742351055145264,-1.3993703126907349,-0.9335846900939941
3,ZDN,"A work of extraordinary journalism, but it is also a work of deft and subtle poetry.",2,1,positive,neutral,-1.443267583847046,0.7243161201477051,-1.345795750617981
3,ZDN,... think of it as American Pie On Valium.,1,1,neutral,neutral,-1.2622065544128418,0.09030744433403015,-1.1339040994644165
3,ZDN,Gere gives a good performance in a film that doesn't merit it.,1,1,neutral,neutral,-1.063830018043518,-0.6224857568740845,-1.5412144660949707
3,ZDN,The Pianist is Polanski's best film.,2,1,positive,neutral,-1.3041479587554932,0.48541420698165894,-0.36341163516044617
3,ZDN,Maybe Thomas Wolfe was right: You can't go home again.,1,2,neutral,positive,-0.9528732895851135,-0.29164865612983704,-0.04128682613372803
3,ZDN,"The director, with his fake backdrops and stately pacing, never settles on a consistent tone.",0,0,negative,negative,-0.6622243523597717,-0.979781985282898,-1.8575220108032227
3,ZDN,"Why he was given free reign over this project -- he wrote, directed, starred and produced -- is beyond me.",0,0,negative,negative,-0.6353375315666199,-1.1032342910766602,-1.3719419240951538
3,ZDN,"If you enjoy being rewarded by a script that assumes you aren't very bright, then Blood Work is for you.",0,2,negative,positive,-0.6440401077270508,-1.2742514610290527,-0.38648396730422974
3,ZDN,"Like Rudy Yellow Lodge, Eyre needs to take a good sweat to clarify his cinematic vision before his next creation and remember the lessons of the trickster spider.",0,0,negative,negative,-0.23779942095279694,-0.6783710718154907,-1.5265955924987793
3,ZDN,But his showboating wise-cracker stock persona sure is getting old.,1,0,neutral,negative,-0.9828948974609375,-1.364666223526001,-1.12725031375885
3,ZDN,"Circuit queens won't learn a thing, they'll be too busy cursing the film's strategically placed white sheets.",1,0,neutral,negative,-1.0099281072616577,-1.0686366558074951,-1.759787678718567
3,ZDN,"A lot of talent is wasted in this crass, low-wattage endeavor.",0,0,negative,negative,-0.4076456129550934,-1.104472279548645,-1.132692813873291
3,ZDN,"Alain Choquart's camera barely stops moving, portraying both the turmoil of the time and giving Conduct a perpetual sense of urgency, which, for a film that takes nearly three hours to unspool, is both funny and irritating.",1,1,neutral,neutral,-1.634208083152771,-0.44467002153396606,-1.257516860961914
3,ZDN,The second coming of Harry Potter is a film far superior to its predecessor.,2,0,positive,negative,-0.3253677189350128,-0.9681296348571777,-1.597237229347229
3,ZDN,This stuck pig of a movie flails limply between bizarre comedy and pallid horror.,0,0,negative,negative,0.10625772178173065,-0.32648712396621704,-1.8741267919540405
3,ZDN,"The film just might turn on many people to opera, in general, an art form at once visceral and spiritual, wonderfully vulgar and sublimely lofty -- and as emotionally grand as life.",2,1,positive,neutral,-0.8230488300323486,-0.6396491527557373,-1.4411351680755615
3,ZDN,"The delicious trimmings... arrive early and stay late, filling nearly every minute... with a lighthearted glow, some impudent snickers, and a glorious dose of humankind's liberating ability to triumph over a Scrooge or two.",2,1,positive,neutral,-1.5819172859191895,-0.34501251578330994,-1.690429925918579
3,ZDN,"The inhospitability of the land emphasizes the spare precision of the narratives and helps to give them an atavistic power, as if they were tales that had been handed down since the beginning of time.",1,1,neutral,neutral,-1.283821702003479,-0.32557207345962524,-0.5702005624771118
3,ZDN,Even more baffling is that it's funny.,1,1,neutral,neutral,-1.0294108390808105,-0.41295143961906433,-1.2959638833999634
3,ZDN,"Parker should be commended for taking a fresh approach to familiar material, but his determination to remain true to the original text leads him to adopt a somewhat mannered tone... that ultimately dulls the human tragedy at the story's core.",1,1,neutral,neutral,-0.9392909407615662,-0.8031539916992188,-1.8395060300827026
3,ZDN,"Hard, endearing, caring, warm.",2,1,positive,neutral,-1.376610517501831,-0.3248152434825897,-0.7756667137145996
3,ZDN,"I have no problem with ``difficult'' movies, or movies that ask the audience to meet them halfway and connect the dots instead of having things all spelled out.",1,1,neutral,neutral,-0.9467864632606506,-0.34242233633995056,-1.0511140823364258
3,ZDN,The way Coppola professes his love for movies -- both colorful pop junk and the classics that unequivocally qualify as art -- is giddily entertaining.,2,0,positive,negative,-0.07684703171253204,-0.2679426968097687,-0.8835666179656982
3,ZDN,Both the crime story and the love story are unusual.,1,1,neutral,neutral,-1.1990699768066406,-0.7110783457756042,-1.636214256286621
3,ZDN,It's never a good sign when a film's star spends the entirety of the film in a coma.,0,1,negative,neutral,-0.7048869729042053,-0.18413574993610382,-1.5411248207092285
3,ZDN,A creaky staircase gothic.,1,1,neutral,neutral,-0.8592420816421509,-0.6358518600463867,-2.1287105083465576
3,ZDN,"If there's a way to effectively teach kids about the dangers of drugs, I think it's in projects like the (unfortunately R-rated) Paid.",1,2,neutral,positive,-0.9315877556800842,-0.8047769069671631,-0.7103447318077087
3,ZDN,"If you're a WWF fan, or you related to the people who watched the robots getting butchered in A.I., you'll probably like Rollerball.",1,1,neutral,neutral,-0.3654136061668396,-0.048018380999565125,-0.8484181761741638
3,ZDN,Norton holds the film together.,1,2,neutral,positive,-0.9947013854980469,-1.2685117721557617,-0.4033783972263336
3,ZDN,"A breathtaking adventure for all ages, Spirit tells its poignant and uplifting story in a stunning fusion of music and images.",2,0,positive,negative,0.30806201696395874,-1.1475273370742798,-2.561537742614746
3,ZDN,It won't bust your gut -- and it's not intended to -- it's merely a blandly cinematic surgical examination of what makes a joke a joke.,1,1,neutral,neutral,-1.4907763004302979,0.11329516768455505,-1.6254136562347412
3,ZDN,Largely a for-fans artifact.,1,2,neutral,positive,-1.4169479608535767,-0.9118173122406006,-0.1433238536119461
3,ZDN,A movie so bad that it quickly enters the pantheon of wreckage that includes Battlefield Earth and Showgirls.,0,1,negative,neutral,-1.562184453010559,0.11951902508735657,-0.7889342308044434
3,ZDN,"If you're over 25, have an IQ over 90, and have a driver's license, you should be able to find better entertainment.",0,0,negative,negative,-0.7763341665267944,-1.0786519050598145,-1.7805366516113281
3,ZDN,A solid piece of journalistic work that draws a picture of a man for whom political expedience became a deadly foreign policy.,1,1,neutral,neutral,-0.667829692363739,-0.6655653715133667,-1.3146663904190063
3,ZDN,"The doofus-on-the-loose banter of Welcome to Collinwood has a cocky, after-hours loopiness to it.",1,1,neutral,neutral,-1.523715615272522,-0.5031680464744568,-0.8926985859870911
3,ZDN,It's the funniest American comedy since Graffiti Bridge.,2,1,positive,neutral,-2.2183263301849365,-0.5010925531387329,-1.2201234102249146
3,ZDN,Samuel Beckett applied to the Iranian voting process.,1,1,neutral,neutral,-1.4036585092544556,-0.47986453771591187,-1.751056432723999
3,ZDN,A strangely compelling and brilliantly acted psychological drama.,2,1,positive,neutral,-1.547881841659546,-0.4204167127609253,-0.7679434418678284
3,ZDN,"Often gruelling and heartbreaking to witness, but Seldahl and Wollter's sterling performances raise this far above the level of the usual maudlin disease movie.",2,1,positive,neutral,-0.9325668215751648,-0.07004714012145996,-2.004615545272827
3,ZDN,"This enthralling documentary... is at once playful and haunting, an in-depth portrait of an iconoclastic artist who was fundamentally unknowable even to his closest friends.",2,1,positive,neutral,-1.059158444404602,-0.34656623005867004,-1.6967871189117432
3,ZDN,"I didn't laugh at the ongoing efforts of Cube, and his skinny buddy Mike Epps, to make like Laurel and Hardy'n the hood.",0,1,negative,neutral,-0.8191973567008972,-0.7065682411193848,-1.6815049648284912
3,ZDN,"At its best when the guarded, resentful Betty and the manipulative yet needy Margot are front and center.",1,1,neutral,neutral,-1.1544891595840454,-0.5929083228111267,-2.0293543338775635
3,ZDN,Ford deserves to be remembered at Oscar time for crafting this wonderful portrait of a conflicted soldier.,2,1,positive,neutral,-0.8251112103462219,-0.5688773989677429,-1.5434207916259766
3,ZDN,"That is essentially what's missing from Blackboards -- the sense of something bigger, some ultimate point.",1,0,neutral,negative,0.04196779429912567,-1.3666377067565918,-1.1786340475082397
3,ZDN,"It's a bizarre curiosity memorable mainly for the way it fritters away its potentially interesting subject matter via a banal script, unimpressive acting and indifferent direction.",1,0,neutral,negative,-0.6409617066383362,-0.7652566432952881,-2.4324841499328613
3,ZDN,"While obviously an extremely personal work, it remains inextricably stuck in an emotionally unavailable rut.",1,0,neutral,negative,-0.9965559244155884,-1.214260458946228,-1.540096640586853
3,ZDN,"A dim-witted and lazy spin-off of the Animal Planet documentary series, Crocodile Hunter is entertainment opportunism at its most glaring.",0,1,negative,neutral,-0.9059706926345825,-0.38980504870414734,-1.4322258234024048
3,ZDN,"The good is very, very good... The rest runs from mildly unimpressive to despairingly awful.",1,0,neutral,negative,-0.6881725192070007,-1.1957112550735474,-1.8438571691513062
3,ZDN,"Methodical, measured, and gently tedious in its comedy, Secret Ballot is a purposefully reductive movie -- which may be why it's so successful at lodging itself in the brain.",2,1,positive,neutral,-1.286489725112915,-0.25806277990341187,-0.3738042712211609
3,ZDN,One of the most exciting action films to come out of China in recent years.,2,1,positive,neutral,-1.1476151943206787,-0.5253230333328247,-0.9734913110733032
3,ZDN,Adam Sandler's Eight Crazy Nights grows on you -- like a rash.,0,0,negative,negative,-0.42387914657592773,-0.5652675628662109,-1.9256591796875
3,ZDN,"The film feels formulaic, its plot and pacing typical Hollywood war-movie stuff, while the performances elicit more of a sense of deja vu than awe.",0,1,negative,neutral,-0.8414077162742615,-0.4018912613391876,-1.3381342887878418
3,ZDN,"... pitiful, slapdash disaster.",0,2,negative,positive,-0.7268152832984924,-0.8128408789634705,0.111515112221241
3,ZDN,"As it stands, there's some fine sex onscreen, and some tense arguing, but not a whole lot more.",1,0,neutral,negative,-0.6874427795410156,-0.9291540384292603,-1.4984173774719238
3,ZDN,It's neither as romantic nor as thrilling as it should be.,0,1,negative,neutral,-0.4092458486557007,-0.08793232589960098,-1.56376314163208
3,ZDN,Returning director Rob Minkoff... and screenwriter Bruce Joel Rubin... have done a fine job of updating White's dry wit to a new age.,2,0,positive,negative,-1.0329333543777466,-1.1688867807388306,-1.841052770614624
3,ZDN,"The Venezuelans say things like ``si, pretty much'' and ``por favor, go home'' when talking to Americans.",1,1,neutral,neutral,-1.3493250608444214,-0.704231858253479,-1.637666940689087
3,ZDN,"If you already like this sort of thing, this is that sort of thing all over again.",1,0,neutral,negative,-0.3312857151031494,-1.2141872644424438,-0.44456472992897034
3,ZDN,An awful movie that will only satisfy the most emotionally malleable of filmgoers.,0,0,negative,negative,-0.572959303855896,-1.1300044059753418,-2.151881217956543
3,ZDN,"This is an extraordinary film, not least because it is Japanese and yet feels universal.",2,1,positive,neutral,-1.223962664604187,-1.1478800773620605,-1.4950428009033203
3,ZDN,"Aptly named, this shimmering, beautifully costumed and filmed production doesn't work for me.",1,0,neutral,negative,-0.8524444103240967,-0.9581292867660522,-1.283547043800354
3,ZDN,"If Borstal Boy isn't especially realistic, it is an engaging nostalgia piece.",1,1,neutral,neutral,-1.714184284210205,-1.0026063919067383,-1.3435909748077393
3,ZDN,Griffiths proves she's that rare luminary who continually raises the standard of her profession.,2,1,positive,neutral,-1.8589389324188232,-0.1394326090812683,-0.9238604307174683
3,ZDN,"The asylum material is gripping, as are the scenes of Jia with his family.",2,1,positive,neutral,-1.921312689781189,-0.6416746377944946,-0.7060245275497437
3,ZDN,... about as exciting to watch as two last-place basketball teams playing one another on the final day of the season.,0,1,negative,neutral,-1.9624543190002441,0.6431981325149536,-0.4036906957626343
3,ZDN,"Like being trapped inside a huge video game, where exciting, inane images keep popping past your head and the same illogical things keep happening over and over again.",1,1,neutral,neutral,-1.6412667036056519,-0.2940039336681366,-1.1709388494491577
3,ZDN,`Enigma' is the kind of engaging historical drama that Hollywood appears to have given up on in favor of sentimental war movies in the vein of `We Were Soldiers.',1,1,neutral,neutral,-1.0523924827575684,-0.5432419776916504,-1.9691640138626099
3,ZDN,The Rock has a great presence but one battle after another is not the same as one battle followed by killer CGI effects.,1,0,neutral,negative,-0.47700148820877075,-0.7866849899291992,-1.7632925510406494
3,ZDN,Visually sumptuous but intellectually stultifying.,1,0,neutral,negative,-0.5485207438468933,-0.6220505833625793,-0.5494811534881592
3,ZDN,"So young, so smart, such talent, such a wise ***.",2,2,positive,positive,-1.1440249681472778,-1.1746671199798584,-0.6757460832595825
3,ZDN,"The problem is that for the most part, the film is deadly dull.",0,0,negative,negative,-1.0098165273666382,-1.6388972997665405,-1.868032693862915
3,ZDN,A thinly veiled look at different aspects of Chinese life clashing with each other.,1,0,neutral,negative,-0.5355734825134277,-0.6331634521484375,-1.0095703601837158
3,ZDN,An exhilarating experience.,2,0,positive,negative,-0.37835294008255005,-0.5075883865356445,-1.6209367513656616
3,ZDN,Its vision of that awkward age when sex threatens to overwhelm everything else is acute enough to make everyone who has been there squirm with recognition.,1,1,neutral,neutral,-1.381335973739624,-1.1225643157958984,-1.3550347089767456
3,ZDN,Remarkably accessible and affecting.,2,1,positive,neutral,-1.2178542613983154,-0.26213738322257996,-1.1549458503723145
3,ZDN,"The climactic events are so well realized that you may forget all about the original conflict, just like the movie does.",1,1,neutral,neutral,-1.2797660827636719,-0.9763570427894592,-1.5112665891647339
3,ZDN,Distinctly sub-par... more likely to drown a viewer in boredom than to send any shivers down his spine.,0,0,negative,negative,-0.8693870902061462,-1.1173897981643677,-0.8821094036102295
3,ZDN,Godard's ode to tackling life's wonderment is a rambling and incoherent manifesto about the vagueness of topical excess... In Praise of Love remains a ponderous and pretentious endeavor that's unfocused and tediously exasperating.,0,1,negative,neutral,-0.6961489915847778,-0.47460970282554626,-1.7175142765045166
3,ZDN,"We never truly come to care about the main characters and whether or not they'll wind up together, and Michele's spiritual quest is neither amusing nor dramatic enough to sustain interest.",0,1,negative,neutral,-1.1755125522613525,-0.679104745388031,-1.4241735935211182
3,ZDN,"Most haunting about ``Fence'' is its conclusion, when we hear the ultimate fate of these girls and realize, much to our dismay, that this really did happen.",2,1,positive,neutral,-0.8577600717544556,-0.6324527859687805,-1.7006373405456543
3,ZDN,"Bogdanovich taps deep into the Hearst mystique, entertainingly reenacting a historic scandal.",2,0,positive,negative,-0.41920167207717896,-1.09328031539917,-1.450637698173523
3,ZDN,"Peralta's mythmaking could have used some informed, adult hindsight.",1,1,neutral,neutral,-0.7718936800956726,-0.14653070271015167,-0.2736337184906006
3,ZDN,"``My god, I'm behaving like an idiot!''",1,1,neutral,neutral,-1.0500794649124146,-0.16756388545036316,-1.3292992115020752
3,ZDN,"Devos and Cassel have tremendous chemistry -- their sexual and romantic tension, while never really vocalized, is palpable.",2,0,positive,negative,-0.7980558276176453,-1.5602259635925293,-1.2697993516921997
3,ZDN,"As a girl-meets-girl romantic comedy, Kissing Jessica Steinis quirky, charming and often hilarious.",2,1,positive,neutral,-0.9603670239448547,-0.7079356908798218,-1.1844854354858398
3,ZDN,Gollum's `performance' is incredible!,2,1,positive,neutral,-1.2613343000411987,-0.7026494741439819,-0.726953387260437
3,ZDN,"... a haunting vision, with images that seem more like disturbing hallucinations.",0,0,negative,negative,-0.4053090810775757,-1.3793559074401855,-1.3535748720169067
3,ZDN,"As a remake, it's a pale imitation.",0,2,negative,positive,-0.9522047638893127,-0.42112040519714355,-0.4084838628768921
3,ZDN,Adults will certainly want to spend their time in the theater thinking up grocery lists and ways to tell their kids how not to act like Pinocchio.,1,0,neutral,negative,-0.24886782467365265,-1.0745723247528076,-1.5865463018417358
3,ZDN,"Not as distinctive or even as humorous as its needs to be to stand out, but it has clearly been made with affection and care.",1,0,neutral,negative,-0.23833167552947998,-1.3795055150985718,-1.468857765197754
3,ZDN,A generic family comedy unlikely to be appreciated by anyone outside the under-10 set.,0,0,negative,negative,-0.7961133122444153,-1.1640346050262451,-1.3290141820907593
3,ZDN,"An amalgam of The Fugitive, Blade Runner, and Total Recall, only without much energy or tension.",1,0,neutral,negative,-0.7303717732429504,-0.956889271736145,-1.3930572271347046
3,ZDN,"Everything its title implies, a standard-issue crime drama spat out from the Tinseltown assembly line.",1,1,neutral,neutral,-0.6868461966514587,-0.5508217215538025,-1.8490015268325806
3,ZDN,"This odd, poetic road movie, spiked by jolts of pop music, pretty much takes place in Morton's ever-watchful gaze -- and it's a tribute to the actress, and to her inventive director, that the journey is such a mesmerizing one.",2,1,positive,neutral,-0.711195170879364,-0.6637296080589294,-1.1288666725158691
3,ZDN,"Co-writer/director Jonathan Parker's attempts to fashion a Brazil-like, hyper-real satire fall dreadfully short.",0,0,negative,negative,-0.6704997420310974,-1.6352643966674805,-1.4745405912399292
3,ZDN,"An amateurish, quasi-improvised acting exercise shot on ugly digital video.",0,1,negative,neutral,-1.7287318706512451,0.052743762731552124,-0.845372200012207
3,ZDN,"``The Kid Stays in the Picture'' is a great story, terrifically told by the man who wrote it but this Cliff Notes edition is a cheat.",1,0,neutral,negative,-0.736953616142273,-0.7864923477172852,-1.3737192153930664
3,ZDN,"While this gentle and affecting melodrama will have luvvies in raptures, it's far too slight and introspective to appeal to anything wider than a niche audience.",1,0,neutral,negative,-0.6885876059532166,-0.9378472566604614,-1.2002956867218018
3,ZDN,Griffin & Co. manage to be spectacularly outrageous.,2,1,positive,neutral,-1.0531995296478271,-0.12084983289241791,-1.4972907304763794
3,ZDN,"A profoundly stupid affair, populating its hackneyed and meanspirited storyline with cardboard characters and performers who value cash above credibility.",0,1,negative,neutral,-1.0041142702102661,-0.5184335708618164,-1.2253296375274658
3,ZDN,"Warm Water Under a Red Bridge is a quirky and poignant Japanese film that explores the fascinating connections between women, water, nature, and sexuality.",2,1,positive,neutral,-1.2616770267486572,-0.5817368626594543,-1.7075141668319702
3,ZDN,It isn't that Stealing Harvard is a horrible movie -- if only it were that grand a failure!,0,0,negative,negative,-0.4191512167453766,-1.2646214962005615,-1.1699600219726562
3,ZDN,It just doesn't have much else... especially in a moral sense.,1,2,neutral,positive,-0.8610101342201233,-1.1983517408370972,-0.6650338172912598
3,ZDN,Those unfamiliar with Mormon traditions may find The Singles Ward occasionally bewildering.,1,0,neutral,negative,-0.5133419036865234,-1.2488970756530762,-1.5879865884780884
3,ZDN,"Viewed as a comedy, a romance, a fairy tale, or a drama, there's nothing remotely triumphant about this motion picture.",1,0,neutral,negative,-0.3798401355743408,-0.7894966006278992,-1.613230586051941
3,ZDN,"But the talented cast alone will keep you watching, as will the fight scenes.",2,0,positive,negative,-0.5378111004829407,-1.2395567893981934,-1.661464810371399
3,ZDN,It's solid and affecting and exactly as thought-provoking as it should be.,2,0,positive,negative,-0.7970849871635437,-0.9426430463790894,-1.030487298965454
3,ZDN,"Thanks largely to Williams, all the interesting developments are processed in 60 minutes -- the rest is just an overexposed waste of film.",0,0,negative,negative,-0.7731613516807556,-0.8674306869506836,-1.6116164922714233
3,ZDN,"Cantet perfectly captures the hotel lobbies, two-lane highways, and roadside cafes that permeate Vincent's days",2,0,positive,negative,-0.8521071076393127,-1.2396283149719238,-1.1540329456329346
3,ZDN,"An important movie, a reminder of the power of film to move us and to make us examine our values.",2,0,positive,negative,-0.5936335921287537,-1.496964693069458,-1.0622891187667847
3,ZDN,"Too much of this well-acted but dangerously slow thriller feels like a preamble to a bigger, more complicated story, one that never materializes.",0,0,negative,negative,-0.5788936018943787,-1.045696496963501,-1.305001139640808
3,ZDN,A richly imagined and admirably mature work from a gifted director who definitely has something on his mind.,2,0,positive,negative,0.01734347827732563,-0.7341654300689697,-2.1195356845855713
3,ZDN,"The art direction is often exquisite, and the anthropomorphic animal characters are beautifully realized through clever makeup design, leaving one to hope that the eventual DVD release will offer subtitles and the original Italian-language soundtrack.",2,1,positive,neutral,-1.182411789894104,-0.4903886020183563,-1.1337890625
3,ZDN,"... Jones, despite a definitely distinctive screen presence, just isn't able to muster for a movie that, its title notwithstanding, should have been a lot nastier if it wanted to fully capitalize on its lead's specific gifts.",1,0,neutral,negative,-0.4609813094139099,-1.9406075477600098,-1.4244825839996338
3,ZDN,But what's nice is that there's a casual intelligence that permeates the script.,2,2,positive,positive,-1.4559043645858765,-0.4874761402606964,-0.25272560119628906
3,ZDN,Wedding feels a bit anachronistic.,0,0,negative,negative,-0.15176022052764893,-0.21131446957588196,-1.2759413719177246
3,ZDN,"An action/thriller of the finest kind, evoking memories of Day of the Jackal, The French Connection, and Heat.",2,1,positive,neutral,-1.0719044208526611,-0.9929869771003723,-2.1192023754119873
3,ZDN,"This picture is murder by numbers, and as easy to be bored by as your ABC's, despite a few whopping shootouts.",0,0,negative,negative,-0.1216086596250534,-1.0398064851760864,-1.8747954368591309
3,ZDN,"Every individual will see the movie through the prism of his or her own beliefs and prejudices, but the one thing most will take away is the sense that peace is possible.",2,0,positive,negative,-0.3176440894603729,-1.0676065683364868,-1.5540326833724976
3,ZDN,"Feels slight, as if it were an extended short, albeit one made by the smartest kids in class.",1,0,neutral,negative,-0.8251628279685974,-1.1406868696212769,-1.4095945358276367
3,ZDN,The picture doesn't know it's a comedy.,1,1,neutral,neutral,-1.3349218368530273,-0.4290231764316559,-1.086728572845459
3,ZDN,A classy item by a legend who may have nothing left to prove but still has the chops and drive to show how its done.,2,0,positive,negative,-0.5372795462608337,-0.9415044784545898,-1.1199930906295776
3,ZDN,"Starts out mediocre, spirals downward, and thuds to the bottom of the pool with an utterly incompetent conclusion.",0,1,negative,neutral,-0.8496341705322266,-0.5579811930656433,-1.3852238655090332
3,ZDN,The sort of movie that gives tastelessness a bad rap.,0,1,negative,neutral,-1.4049354791641235,-0.32855817675590515,-0.5662297606468201
3,ZDN,Its engaging simplicity is driven by appealing leads.,2,1,positive,neutral,-0.9957590699195862,-0.7829445600509644,-1.5802788734436035
3,ZDN,"Fans of the TV series will be disappointed, and everyone else will be slightly bored.",1,0,neutral,negative,-0.9086213111877441,-1.6235955953598022,-1.2184113264083862
3,ZDN,"It's a head-turner -- thoughtfully written, beautifully read and, finally, deeply humanizing.",2,1,positive,neutral,-1.0982296466827393,-0.8796237707138062,-1.1771668195724487
3,ZDN,"It's not a particularly good film, but neither is it a monsterous one.",1,0,neutral,negative,-0.45373865962028503,-0.8171724081039429,-1.6438390016555786
3,ZDN,Men in Black II achieves ultimate insignificance -- it's the sci-fi comedy spectacle as Whiffle-Ball epic.,0,1,negative,neutral,-1.4213573932647705,-0.4068973660469055,-0.44604939222335815
4,ZGW,Presents a good case while failing to provide a reason for us to care beyond the very basic dictums of human decency.,1,0,neutral,negative,-0.791674017906189,-1.1351337432861328,-1.5561474561691284
4,ZGW,"Beautifully crafted, engaging filmmaking that should attract upscale audiences hungry for quality and a nostalgic, twisty yarn that will keep them guessing.",2,0,positive,negative,-0.7294612526893616,-1.2492547035217285,-0.9666500687599182
4,ZGW,"Bread, My Sweet has so many flaws it would be easy for critics to shred it.",0,0,negative,negative,-0.6852482557296753,-1.0788015127182007,-1.665712594985962
4,ZGW,"Slow, silly and unintentionally hilarious.",1,0,neutral,negative,-0.6677665710449219,-0.7059683799743652,-0.8614543676376343
4,ZGW,"Ultimately feels empty and unsatisfying, like swallowing a Communion wafer without the wine.",0,0,negative,negative,-0.43158411979675293,-1.5202771425247192,-1.3968100547790527
4,ZGW,Exudes the fizz of a Busby Berkeley musical and the visceral excitement of a sports extravaganza.,2,0,positive,negative,-0.895917534828186,-1.2041071653366089,-0.9507653117179871
4,ZGW,The film rehashes several old themes and is capped with pointless extremes -- it's insanely violent and very graphic.,0,0,negative,negative,-0.620507001876831,-1.2868527173995972,-1.3441846370697021
4,ZGW,"Ryan Gosling is, in a word, brilliant as the conflicted Daniel.",2,0,positive,negative,-0.350597620010376,-1.180606722831726,-1.8422859907150269
4,ZGW,"If Deuces Wild had been tweaked up a notch it would have become a camp adventure, one of those movies that's so bad it starts to become good.",1,0,neutral,negative,-0.7163817882537842,-1.1661792993545532,-1.3351404666900635
4,ZGW,The film's stagecrafts are intimate and therefore bolder than the otherwise calculated artifice that defines and overwhelms the film's production design.,1,0,neutral,negative,-0.9722424745559692,-1.323214054107666,-1.2424241304397583
4,ZGW,"Frida is certainly no disaster, but neither is it the Kahlo movie Frida fans have been looking for.",1,0,neutral,negative,-0.668177604675293,-1.34770667552948,-1.7088258266448975
4,ZGW,The film often achieves a mesmerizing poetry.,2,0,positive,negative,-0.9950184226036072,-1.2333649396896362,-1.0375038385391235
4,ZGW,A work of astonishing delicacy and force.,2,1,positive,neutral,-0.6783273220062256,-0.3952123522758484,-0.8950618505477905
4,ZGW,"The movie's plot is almost entirely witless and inane, carrying every gag two or three times beyond its limit to sustain a laugh.",0,0,negative,negative,-0.6404989957809448,-1.1184417009353638,-1.4494370222091675
4,ZGW,"For the most part, the ingredients are there.",1,0,neutral,negative,-0.5801869630813599,-0.5938800573348999,-1.1895391941070557
4,ZGW,"But if you've paid a matinee price and bought a big tub of popcorn, there's guilty fun to be had here.",1,0,neutral,negative,-0.6262816786766052,-0.9889508485794067,-1.6511719226837158
4,ZGW,"There's not much to Fatale, outside of its stylish surprises... but that's OK.",1,0,neutral,negative,-0.6800229549407959,-1.1081366539001465,-1.3716877698898315
4,ZGW,"The acting is stiff, the story lacks all trace of wit, the sets look like they were borrowed from Gilligan's Island -- and the CGI Scooby might well be the worst special-effects creation of the year.",0,2,negative,positive,-0.9305351972579956,-1.0758819580078125,-0.8615765571594238
4,ZGW,"This version moves beyond the original's nostalgia for the communal film experiences of yesteryear to a deeper realization of cinema's inability to stand in for true, lived experience.",1,2,neutral,positive,-0.8714991807937622,-0.9110557436943054,-0.6277022957801819
4,ZGW,"There's no palpable chemistry between Lopez and male lead Ralph Fiennes, plus the script by Working Girl scribe Kevin Wade is workmanlike in the extreme.",0,0,negative,negative,-0.7422512173652649,-1.1287832260131836,-0.8546934127807617
4,ZGW,"A first-class, thoroughly involving B movie that effectively combines two surefire, beloved genres -- the prison flick and the fight film.",2,0,positive,negative,-0.6160210967063904,-1.2804032564163208,-1.8134260177612305
4,ZGW,The film is so bad it doesn't improve upon the experience of staring at a blank screen.,0,1,negative,neutral,-1.0164616107940674,-0.9140894412994385,-1.1591933965682983
4,ZGW,Weiss and Speck never make a convincing case for the relevance of these two 20th-century footnotes.,1,0,neutral,negative,-0.5355652570724487,-0.9351630806922913,-1.2242538928985596
4,ZGW,Another Best of the Year selection.,2,2,positive,positive,-0.6835067272186279,-0.903083324432373,-0.4302550256252289
4,ZGW,It's all a rather shapeless good time...,1,0,neutral,negative,-0.671082615852356,-1.4982017278671265,-0.8937383890151978
4,ZGW,"Same song, second verse, coulda been better, but it coulda been worse.",1,0,neutral,negative,-0.7665815353393555,-1.6515216827392578,-1.2151018381118774
4,ZGW,I love the robust middle of this picture.,2,2,positive,positive,-0.6476885080337524,-1.6647875308990479,-0.5454211235046387
4,ZGW,"That's not vintage Spielberg and that, finally, is minimally satisfying.",1,0,neutral,negative,-0.5836093425750732,-1.528903603553772,-1.467218279838562
4,ZGW,The soundtrack alone is worth the price of admission.,2,0,positive,negative,-0.14047476649284363,-0.9182212948799133,-0.40865659713745117
4,ZGW,Mostly Martha could have used a little trimming -- 10 or 15 minutes could be cut and no one would notice -- but it's a pleasurable trifle.,1,2,neutral,positive,-0.8685443997383118,-1.2500015497207642,-0.8615337610244751
4,ZGW,"For the rest of us, sitting through Dahmer's two hours amounts to little more than punishment.",0,0,negative,negative,-0.6638065576553345,-1.3594508171081543,-1.3295141458511353
4,ZGW,"Featuring a dangerously seductive performance from the great Daniel Auteuil, ``Sade'' covers the same period as Kaufmann's ``Quills'' with more unsettlingly realistic results.",2,0,positive,negative,-0.6572105288505554,-1.2105189561843872,-1.1716958284378052
4,ZGW,"The movie is for fans who can't stop loving anime, and the fanatical excess built into it.",1,0,neutral,negative,-0.44546738266944885,-1.5149859189987183,-1.2663304805755615
4,ZGW,"The Ring is worth a look, if you don't demand much more than a few cheap thrills from your Halloween entertainment.",1,0,neutral,negative,-0.4507807493209839,-1.099516749382019,-1.2784379720687866
4,ZGW,"Beautifully observed, miraculously unsentimental comedy-drama.",2,2,positive,positive,-0.9048783779144287,-0.8194987177848816,-0.672258734703064
4,ZGW,"What makes How I Killed My Father compelling, besides its terrific performances, is Fontaine's willingness to wander into the dark areas of parent-child relationships without flinching.",2,2,positive,positive,-0.953565239906311,-1.15296471118927,-0.8494428396224976
4,ZGW,"This hastily mounted production exists only to capitalize on Hopkins' inclination to play Hannibal Lecter again, even though Harris has no immediate inclination to provide a fourth book.",0,0,negative,negative,-0.7892069220542908,-1.061322808265686,-1.0913435220718384
4,ZGW,Bullock's complete lack of focus and ability quickly derails the film.,0,0,negative,negative,-0.5278120040893555,-1.4627434015274048,-1.4770444631576538
4,ZGW,"... a plotline that's as lumpy as two-day old porridge... the filmmakers' paws, sad to say, were all over this ``un-bear-able'' project!",0,0,negative,negative,-0.9481253623962402,-1.091201901435852,-1.1460349559783936
4,ZGW,Crush could be the worst film a man has made about women since Valley of the Dolls.,0,0,negative,negative,-0.160648375749588,-1.4367258548736572,-1.444706916809082
4,ZGW,The Movie will reach far beyond its core demographic.,2,2,positive,positive,-0.9640216827392578,-1.913361668586731,-0.892561674118042
4,ZGW,How did it ever get made?,0,2,negative,positive,-1.0100501775741577,-1.3747243881225586,-0.6631397008895874
4,ZGW,I like the new footage and still love the old stuff.,2,0,positive,negative,-0.21068239212036133,-0.6994202136993408,-0.23079824447631836
4,ZGW,"It briefly flirts with player masochism, but the point of real interest -- audience sadism -- is evaded completely.",1,0,neutral,negative,-0.22018183767795563,-0.8627428412437439,-0.9881992340087891
4,ZGW,Could The Country Bears really be as bad as its trailers?,0,0,negative,negative,-0.24902133643627167,-1.4113578796386719,-0.8558109998703003
4,ZGW,"At times, the movie looks genuinely pretty.",2,2,positive,positive,-1.2845007181167603,-1.640554666519165,-0.7258830070495605
4,ZGW,It depends on how well flatulence gags fit into your holiday concept.,1,0,neutral,negative,-0.7253652215003967,-2.002553701400757,-0.8661892414093018
4,ZGW,"The stupidest, most insulting movie of 2002's first quarter.",0,0,negative,negative,0.44777968525886536,-1.197752594947815,-1.3968220949172974
4,ZGW,The film seems a dead weight.,0,2,negative,positive,-0.9717691540718079,-1.6448256969451904,-0.5107940435409546
4,ZGW,"Sparkling, often hilarious romantic jealousy comedy... Attal looks so much like a young Robert DeNiro that it seems the film should instead be called `My Husband Is Travis Bickle'.",2,1,positive,neutral,-1.4273481369018555,-0.5519945025444031,-0.6071538925170898
4,ZGW,"I did go back and check out the last 10 minutes, but these were more repulsive than the first 30 or 40 minutes.",0,1,negative,neutral,-0.9927182197570801,-0.8193067908287048,-1.3107705116271973
4,ZGW,"A lousy movie that's not merely unwatchable, but also unlistenable.",0,0,negative,negative,-0.32316097617149353,-1.0415698289871216,-0.9775044322013855
4,ZGW,One of the best films of the year with its exploration of the obstacles to happiness faced by five contemporary individuals... a psychological masterpiece.,2,1,positive,neutral,-1.1066265106201172,-0.8193358182907104,-1.1474908590316772
4,ZGW,"A strong script, powerful direction and splendid production design allows us to be transported into the life of Wladyslaw Szpilman, who is not only a pianist, but a good human being.",2,1,positive,neutral,-1.0846325159072876,-0.7009235620498657,-1.1508086919784546
4,ZGW,"But here's the real damn: It isn't funny, either.",0,0,negative,negative,-0.33960309624671936,-1.2802995443344116,-0.8502378463745117
4,ZGW,"Qutting may be a flawed film, but it is nothing if not sincere.",1,1,neutral,neutral,-0.9664757251739502,-0.5947648286819458,-1.62297523021698
4,ZGW,It's a fanboy `what if?',1,0,neutral,negative,-0.4530397951602936,-0.8070175051689148,-1.5583986043930054
4,ZGW,... something appears to have been lost in the translation this time.,0,0,negative,negative,-0.14460620284080505,-1.2038973569869995,-1.2423638105392456
4,ZGW,"Like a documentary version of Fight Club, shorn of social insight, intellectual pretension and cinematic interest.",1,0,neutral,negative,-0.6644867658615112,-0.9157280325889587,-1.257390022277832
4,ZGW,"Stephen Rea, Aidan Quinn, and Alan Bates play Desmond's legal eagles, and when joined by Brosnan, the sight of this grandiloquent quartet lolling in pretty Irish settings is a pleasant enough thing, `tis.",2,1,positive,neutral,-1.503335952758789,-0.18712180852890015,-0.9875792860984802
4,ZGW,"It's a powerful though flawed movie, guaranteed to put a lump in your throat while reaffirming Washington as possibly the best actor working in movies today.",2,0,positive,negative,-0.49203383922576904,-1.423409104347229,-0.9489590525627136
4,ZGW,An intriguing and entertaining introduction to Johnson.,2,1,positive,neutral,-1.3419520854949951,-0.6875082850456238,-0.7916082739830017
4,ZGW,Everything was as superficial as the forced New Jersey lowbrow accent Uma had.,0,0,negative,negative,0.14022305607795715,-1.302954077720642,-1.266652226448059
4,ZGW,"Despite the holes in the story and the somewhat predictable plot, moments of the movie caused me to jump in my chair...",1,0,neutral,negative,-0.4583735764026642,-1.1482462882995605,-1.5385297536849976
4,ZGW,`How many more voyages can this limping but dearly-loved franchise survive?',1,0,neutral,negative,-0.08257390558719635,-1.6790200471878052,-1.2096179723739624
4,ZGW,If only the story about a multi-million dollar con bothered to include the con.,1,0,neutral,negative,-0.2604517936706543,-1.2843098640441895,-1.4563348293304443
4,ZGW,"It is supremely unfunny and unentertaining to watch middle-age and older men drink to excess, piss on trees, b.s. one another and put on a show in drag.",0,0,negative,negative,-0.6324558258056641,-0.9090442061424255,-0.794022798538208
4,ZGW,"Only a few minutes elapse before the daddy of all slashers arrives, still with the boiler suit and white mask, which look remarkably clean for a guy who has been mass-murdering since 1978 but has never been seen doing laundry.",1,1,neutral,neutral,-1.297247052192688,-0.20638149976730347,-0.7573888897895813
4,ZGW,"Showtime is one of the hapless victims of the arrogant ``if we put together a wry white man and a chatty black man and give them guns, the movie will be funny'' syndrome.",0,1,negative,neutral,-0.8899806141853333,-0.8873544335365295,-0.9464877843856812
4,ZGW,"Whatever heartwarming scene the impressively discreet filmmakers may have expected to record with their mini DV, they show a remarkable ability to document both sides of this emotional car-wreck.",2,1,positive,neutral,-1.2632648944854736,-0.6301721334457397,-1.0162564516067505
4,ZGW,"A zombie movie in every sense of the word -- mindless, lifeless, meandering, loud, painful, obnoxious.",0,0,negative,negative,-0.14068809151649475,-1.2699030637741089,-1.2919307947158813
4,ZGW,"It has fun with the quirks of family life, but it also treats the subject with fondness and respect.",2,0,positive,negative,0.07800935208797455,-1.0842533111572266,-1.7144711017608643
4,ZGW,"Novak manages to capture a cruelly hilarious vein of black comedy in the situation with his cast of non-actors and a gritty, no-budget approach.",2,0,positive,negative,-1.1504205465316772,-1.3067693710327148,-1.195670485496521
4,ZGW,"Since Lee is a sentimentalist, the film is more worshipful than your random E!",1,0,neutral,negative,-0.5992319583892822,-1.6322929859161377,-0.7731077671051025
4,ZGW,"The movie is almost completely lacking in suspense, surprise and consistent emotional conviction.",0,0,negative,negative,-0.2571645975112915,-1.5656994581222534,-1.4078056812286377
4,ZGW,"High Crimes knows the mistakes that bad movies make and is determined not to make them, and maybe that is nobility of a sort.",1,0,neutral,negative,-0.31736233830451965,-1.0431253910064697,-1.7339112758636475
4,ZGW,But it's too long and too convoluted and it ends in a muddle.,0,0,negative,negative,-0.3581075072288513,-1.4047763347625732,-1.0535207986831665
4,ZGW,This thing works on no level whatsoever for me.,0,0,negative,negative,-0.06227405369281769,-1.1052002906799316,-0.42703041434288025
4,ZGW,... a bland murder-on-campus yawner.,0,0,negative,negative,-0.4766232669353485,-1.0080584287643433,-0.9427832365036011
4,ZGW,"One of the finest, most humane and important Holocaust movies ever made.",2,0,positive,negative,-0.32241180539131165,-1.3150595426559448,-0.6970233917236328
4,ZGW,"Suffers from rambling, repetitive dialogue and the visual drabness endemic to digital video.",0,0,negative,negative,0.1021917313337326,-1.5714963674545288,-1.4091975688934326
4,ZGW,"The twist that ends the movie is the one with the most emotional resonance, but twists are getting irritating, and this is the kind of material where the filmmakers should be very careful about raising eyebrows.",1,2,neutral,positive,-1.3427082300186157,-0.4791576862335205,-0.4383707642555237
4,ZGW,"Angel presents events partly from the perspective of Aurelie and Christelle, and infuses the film with the sensibility of a particularly nightmarish fairytale.",1,0,neutral,negative,-0.3731960952281952,-1.0531262159347534,-1.693395972251892
4,ZGW,It is intensely personal and yet -- unlike Quills -- deftly shows us the temper of the times.,2,0,positive,negative,-0.8873831033706665,-1.0649333000183105,-1.3334378004074097
4,ZGW,"Even as I valiantly struggled to remain interested, or at least conscious, I could feel my eyelids... getting... very... heavy...",0,0,negative,negative,0.017767420038580894,-1.190063714981079,-2.166818380355835
4,ZGW,"... a solid, well-formed satire.",2,2,positive,positive,-0.9137270450592041,-1.5086658000946045,-0.8929104804992676
4,ZGW,Deserves high marks for political courage but barely gets by on its artistic merits.,1,0,neutral,negative,-0.1609560251235962,-1.5999637842178345,-1.2546643018722534
4,ZGW,Read My Lips is to be viewed and treasured for its extraordinary intelligence and originality as well as its lyrical variations on the game of love.,2,1,positive,neutral,-1.101383090019226,-0.7153006792068481,-1.3363945484161377
4,ZGW,"... creates a visceral sense of its characters' lives and conflicted emotions that carries it far above... what could have been a melodramatic, Lifetime Channel-style anthology.",1,0,neutral,negative,-0.7592402696609497,-1.0230275392532349,-1.4730223417282104
4,ZGW,Reeks of rot and hack work from start to finish.,1,0,neutral,negative,-0.4858759343624115,-1.3735514879226685,-1.0224111080169678
4,ZGW,Just how these families interact may surprise you.,1,0,neutral,negative,-0.7835826277732849,-1.1089168787002563,-1.0861469507217407
4,ZGW,"The Movie is what happens when you blow up small potatoes to 10 times their natural size, and it ain't pretty.",0,0,negative,negative,-0.7248215675354004,-0.7340556979179382,-1.5284183025360107
4,ZGW,A lame romantic comedy about an unsympathetic character and someone who would not likely be so stupid as to get involved with her.,0,0,negative,negative,-0.43259134888648987,-1.1360714435577393,-0.9017902612686157
4,ZGW,"Rob Schneider's infantile cross-dressing routines fill The Hot Chick, the latest gimmick from this unimaginative comedian.",0,0,negative,negative,-0.3732333779335022,-1.1864126920700073,-1.4491938352584839
4,ZGW,"The film is a contrivance, as artificial as the video games Japanese teens play in a nightclub sequence, but it's an enjoyable one.",1,0,neutral,negative,-0.7899792194366455,-1.1256226301193237,-1.0673487186431885
4,ZGW,"At its worst the screenplay is callow, but at its best it is a young artist's thoughtful consideration of fatherhood.",1,0,neutral,negative,-0.454336553812027,-0.6264052987098694,-1.0092326402664185
4,ZGW,At 78 minutes it just zings along with vibrance and warmth.,2,0,positive,negative,-0.4191902279853821,-1.2762953042984009,-0.9833484888076782
4,ZGW,"Only an epic documentary could get it all down, and Spike Lee's Jim Brown: All American at long last gives its subject a movie worthy of his talents.",2,2,positive,positive,-0.9825878143310547,-0.8569169044494629,-0.5544114112854004
4,ZGW,"As quiet, patient and tenacious as Mr. Lopez himself, who approaches his difficult, endless work with remarkable serenity and discipline.",2,0,positive,negative,-0.08549222350120544,-1.2426501512527466,-0.9657877683639526
4,ZGW,"Instead of hiding Pinocchio from critics, Miramax should have hidden it from everyone.",0,0,negative,negative,-0.41459202766418457,-1.2724066972732544,-0.9896544218063354
4,ZGW,What a great shame that such a talented director as Chen Kaige has chosen to make his English-language debut with a film so poorly plotted and scripted.,0,2,negative,positive,-0.9045012593269348,-1.3521608114242554,-0.408369243144989
4,ZGW,Jeffs has created a breathtakingly assured and stylish work of spare dialogue and acute expressiveness.,2,0,positive,negative,-0.17353911697864532,-1.2791262865066528,-1.255036473274231
4,ZGW,"Just about the best straight-up, old-school horror film of the last 15 years.",2,0,positive,negative,0.4114711284637451,-1.3609638214111328,-0.33994728326797485
4,ZGW,"Gosling creates a staggeringly compelling character, a young man whose sharp intellect is at the very root of his contradictory, self-hating, self-destructive ways.",2,0,positive,negative,-0.733278751373291,-0.9643686413764954,-0.8675954341888428
4,ZGW,"I thought the relationships were wonderful, the comedy was funny, and the love `real'.",2,0,positive,negative,-0.42586082220077515,-0.8215073943138123,-1.2680057287216187
4,ZGW,Better at putting you to sleep than a sound machine.,0,0,negative,negative,0.156546488404274,-2.225404977798462,-0.41403400897979736
4,ZGW,Feels less like a cousin to Blade Runner than like a bottom-feeder sequel in the Escape From New York series.,0,2,negative,positive,-0.9269567728042603,-1.109486699104309,-0.2822110056877136
4,ZGW,"Elegantly produced and expressively performed, the six musical numbers crystallize key plot moments into minutely detailed wonders of dreamlike ecstasy.",2,0,positive,negative,-0.15350578725337982,-1.5711413621902466,-0.8213619589805603
4,ZGW,"Ultimate X is a ride, basically the kind of greatest-hits reel that might come with a subscription to ESPN the Magazine.",1,0,neutral,negative,-0.4874809682369232,-1.1173163652420044,-1.7816463708877563
4,ZGW,"Celebrated at Sundance, this slight comedy of manners has winning performances and a glossy, glib charm that's hard to beat.",2,2,positive,positive,-0.00854442361742258,-1.5759996175765991,0.09022430330514908
4,ZGW,"Apparently, romantic comedy with a fresh point of view just doesn't figure in the present Hollywood program.",0,0,negative,negative,-0.47142964601516724,-1.4209084510803223,-1.1907151937484741
4,ZGW,That Haynes can both maintain and dismantle the facades that his genre and his character construct is a wonderous accomplishment of veracity and narrative grace.,2,2,positive,positive,-1.086715579032898,-0.9787662625312805,-0.9170473217964172
4,ZGW,"No French people were harmed during the making of this movie, but they were insulted and the audience was put through torture for an hour and a half.",0,0,negative,negative,-0.7039541006088257,-0.886391282081604,-0.8212023377418518
4,ZGW,"I was feeling this movie until it veered off too far into the Exxon zone, and left me behind at the station looking for a return ticket to realism.",0,2,negative,positive,-1.3149266242980957,-0.64595627784729,-0.5438445806503296
4,ZGW,The simplicity of The Way Home has few equals this side of Aesop.,1,0,neutral,negative,-0.06270907819271088,-1.4729138612747192,-0.38765406608581543
4,ZGW,Exceptionally well acted by Diane Lane and Richard Gere.,2,0,positive,negative,-0.6829257607460022,-1.0136582851409912,-0.9799885749816895
4,ZGW,"Dong shows how intolerance has the power to deform families, then tear them apart.",1,0,neutral,negative,-0.12652233242988586,-1.7142393589019775,-0.6697034239768982
4,ZGW,"A stupid, derivative horror film that substitutes extreme gore for suspense.",0,2,negative,positive,-0.08440329879522324,-1.6507093906402588,0.3605135679244995
4,ZGW,It's a great American adventure and a wonderful film to bring to IMAX.,2,0,positive,negative,0.023865288123488426,-1.4297550916671753,-1.109041452407837
4,ZGW,It's 51 times better than this.,1,2,neutral,positive,-0.36340099573135376,-0.7066975831985474,-0.07081280648708344
4,ZGW,"It's like an old Warner Bros. costumer jived with sex -- this could be the movie Errol Flynn always wanted to make, though Bette Davis, cast as Joan, would have killed him.",1,2,neutral,positive,-1.0234915018081665,-0.841394305229187,-0.4487959146499634
4,ZGW,"A miraculous movie, I'm Going Home is so slight, yet overflows with wisdom and emotion.",2,0,positive,negative,-0.7096433639526367,-1.1054456233978271,-1.1673659086227417
4,ZGW,"A fiercely clever and subtle film, capturing the precarious balance between the extravagant confidence of the exiled aristocracy and the cruel earnestness of the victorious revolutionaries.",2,2,positive,positive,-0.7768481373786926,-0.6721343398094177,-0.5621770620346069
4,ZGW,"It's as if you're watching a movie that was made in 1978 but not released then because it was so weak, and it has been unearthed and released now, when it has become even weaker.",0,2,negative,positive,-0.7431600093841553,-0.9513384103775024,0.08747247606515884
4,ZGW,Anemic chronicle of money grubbing New Yorkers and their serial loveless hook ups.,1,0,neutral,negative,0.0016352598322555423,-1.4715601205825806,-1.4299092292785645
4,ZGW,"Thanks to a small star with big heart, this family film sequel is plenty of fun for all.",2,0,positive,negative,-0.6520751714706421,-1.3360614776611328,-0.9598424434661865
4,ZGW,And I've decided to leave a light on every night from now on.,1,0,neutral,negative,-0.6993805170059204,-1.6385258436203003,-0.7254705429077148
4,ZGW,under-rehearsed and lifeless,0,2,negative,positive,-0.5825433731079102,-2.204923629760742,-0.2245802879333496
4,ZGW,Exactly what you'd expect from a guy named Kaos.,1,0,neutral,negative,-0.5227080583572388,-1.1950801610946655,-0.7845799326896667
4,ZGW,"If legendary shlockmeister Ed Wood had ever made a movie about a vampire, it probably would look a lot like this alarming production, adapted from Anne Rice's novel The Vampire Chronicles.",1,2,neutral,positive,-1.0683356523513794,-0.7676414847373962,-0.7113627195358276
4,ZGW,"For those for whom the name Woody Allen was once a guarantee of something fresh, sometimes funny, and usually genuinely worthwhile, Hollywood Ending is a depressing experience.",0,1,negative,neutral,-1.1864110231399536,-0.46893811225891113,-0.7267762422561646
4,ZGW,Bella is the picture of health with boundless energy until a few days before she dies.,1,0,neutral,negative,-0.4952292740345001,-1.2053544521331787,-0.8146981000900269
4,ZGW,"The fun of the movie is the chance it affords to watch Jackson, who also served as executive producer, take his smooth, shrewd, powerful act abroad.",2,0,positive,negative,-0.694273054599762,-0.93807452917099,-1.221150279045105
4,ZGW,What should have been a cutting Hollywood satire is instead about as fresh as last week's issue of Variety.,0,0,negative,negative,-0.6166110038757324,-1.2555333375930786,-0.9809714555740356
4,ZGW,"Cox offers plenty of glimpses at existing photos, but there are no movies of Nijinsky, so instead the director treats us to an aimless hodgepodge.",0,1,negative,neutral,-1.301668405532837,-0.7701587677001953,-1.1304799318313599
4,ZGW,Aaliyah rarely dampens her diva persona enough to spark genuine chemistry with Townsend.,1,0,neutral,negative,-0.3297112286090851,-1.1501983404159546,-1.2986749410629272
4,ZGW,Mr. Soderbergh's direction and visual style struck me as unusually and unimpressively fussy and pretentious.,0,0,negative,negative,-0.5692507028579712,-1.2308367490768433,-0.8218539953231812
4,ZGW,Mazel tov to a film about a family's joyous life acting on the Yiddish stage.,2,0,positive,negative,-0.7834648489952087,-1.4499328136444092,-1.05984365940094
4,ZGW,... would be a total loss if not for two supporting performances taking place at the movie's edges.,1,0,neutral,negative,-0.45990392565727234,-1.1661206483840942,-1.1464718580245972
4,ZGW,An inspiring and heart-affecting film about the desperate attempts of Vietnamese refugees living in U.S. relocation camps to keep their hopes alive in 1975.,2,1,positive,neutral,-1.080951452255249,-0.6188043355941772,-1.121738314628601
4,ZGW,"Loud, chaotic and largely unfunny.",0,2,negative,positive,0.2944830656051636,-2.8981125354766846,1.1360374689102173
4,ZGW,The immersive powers of the giant screen and its hyper-realistic images are put to perfect use in the breathtakingly beautiful outer-space documentary Space Station 3D.,2,1,positive,neutral,-0.9906803369522095,-0.7365795969963074,-0.7537827491760254
4,ZGW,It's everything you don't go to the movies for.,0,0,negative,negative,0.2273976057767868,-1.971838355064392,-0.5426716804504395
4,ZGW,"Harris is supposed to be the star of the story, but comes across as pretty dull and wooden.",1,0,neutral,negative,0.18413639068603516,-1.260197639465332,-1.6344820261001587
4,ZGW,Allen's funniest and most likeable movie in years.,2,0,positive,negative,1.3047611713409424,-1.5577501058578491,-0.4705107808113098
4,ZGW,There are plot holes big enough for Shamu the killer whale to swim through.,0,0,negative,negative,0.44009801745414734,-1.1769769191741943,-1.426575779914856
4,ZGW,... always remains movingly genuine.,2,0,positive,negative,0.394432932138443,-0.6184701323509216,-1.7342106103897095
4,ZGW,"Stitch is a bad mannered, ugly and destructive little ****.",0,0,negative,negative,0.34383493661880493,-1.1846524477005005,-1.2474054098129272
4,ZGW,The cast is top-notch and I predict there will be plenty of female audience members drooling over Michael Idemoto as Michael.,2,0,positive,negative,-0.19863733649253845,-1.6221202611923218,-0.589522123336792
4,ZGW,Kirshner and Monroe seem to be in a contest to see who can out-bad-act the other.,0,0,negative,negative,0.8013708591461182,-1.170554757118225,-2.0592424869537354
4,ZGW,This is one of those war movies that focuses on human interaction rather than battle and action sequences... and it's all the stronger because of it.,2,0,positive,negative,-0.18807722628116608,-1.4646841287612915,-1.2029904127120972
4,ZGW,"Like life on the island, the movie grows boring despite the scenery.",0,0,negative,negative,-0.04177597910165787,-1.7768555879592896,-1.1328887939453125
4,ZGW,It's anchored by splendid performances from an honored screen veteran and a sparkling newcomer who instantly transform themselves into a believable mother/daughter pair.,2,0,positive,negative,-0.5562207102775574,-1.2053227424621582,-0.8362600207328796
4,ZGW,"Even by the intentionally low standards of frat-boy humor, Sorority Boys is a bowser.",0,0,negative,negative,0.05685018002986908,-1.0835846662521362,-0.9918403029441833
4,ZGW,"Director of photography Benoit Delhomme shot the movie in delicious colors, and the costumes and sets are grand.",2,0,positive,negative,0.2947319447994232,-1.267377495765686,-1.6468113660812378
4,ZGW,The only entertainment you'll derive from this choppy and sloppy affair will be from unintentional giggles -- several of them.,0,0,negative,negative,-0.546859085559845,-1.1217198371887207,-1.2333229780197144
4,ZGW,The film serves as a valuable time capsule to remind us of the devastating horror suffered by an entire people.,1,0,neutral,negative,0.29694390296936035,-1.1930499076843262,-1.337907075881958
4,ZGW,"A bittersweet contemporary comedy about benevolent deception, which, while it may not rival the filmmaker's period pieces, is still very much worth seeing.",2,0,positive,negative,-0.07499459385871887,-1.1351944208145142,-2.2092444896698
4,ZGW,Attal pushes too hard to make this a comedy or serious drama.,0,0,negative,negative,0.0849764421582222,-1.686427116394043,-1.1699494123458862
4,ZGW,Isabelle Huppert excels as the enigmatic Mika and Anna Mouglalis is a stunning new young talent in one of Chabrol's most intense psychological mysteries.,2,0,positive,negative,-0.36193639039993286,-1.2338223457336426,-0.8917984962463379
4,ZGW,A small movie with a big impact.,2,2,positive,positive,-0.008414306677877903,-1.8213776350021362,0.14183366298675537
4,ZGW,This bold and lyrical first feature from Raja Amari expands the pat notion that middle-aged women just wanna have fun into a rousing treatise of sensual empowerment.,2,0,positive,negative,0.13567930459976196,-1.3415967226028442,-0.21860194206237793
4,ZGW,Photographed with melancholy richness and eloquently performed yet also decidedly uncinematic.,1,0,neutral,negative,0.5513685345649719,-1.8256841897964478,-0.9720344543457031
4,ZGW,"Hey Arnold! is now stretched to barely feature length, with a little more attention paid to the animation.",1,0,neutral,negative,-0.448097288608551,-1.1200878620147705,-0.848268985748291
4,ZGW,"After that, it just gets stupid and maudlin.",0,0,negative,negative,-0.10776836425065994,-1.0667688846588135,-0.9485000371932983
4,ZGW,"The stunning, dreamlike visuals will impress even those viewers who have little patience for Euro-film pretension.",2,0,positive,negative,-0.2717430591583252,-1.1352829933166504,-1.0503621101379395
4,ZGW,"Plods along, minus the twisted humor and eye-popping visuals that have made Miike... a cult hero.",1,0,neutral,negative,0.06761118024587631,-1.265324354171753,-1.4214410781860352
4,ZGW,"Impresses as a skillfully assembled, highly polished and professional adaptation... just about as chilling and unsettling as `Manhunter' was.",2,1,positive,neutral,-0.8724979162216187,-0.8149043917655945,-1.51365065574646
4,ZGW,"For the most part, it's a work of incendiary genius, steering clear of knee-jerk reactions and quick solutions.",2,0,positive,negative,-0.05038299411535263,-1.2588329315185547,-1.3695696592330933
4,ZGW,"Despite its raucous intent, XXX is as conventional as a Nike ad and as rebellious as spring break.",1,0,neutral,negative,-0.15499339997768402,-1.3236690759658813,-1.1622809171676636
4,ZGW,... a roller-coaster ride of a movie,2,1,positive,neutral,-1.0074596405029297,0.7085153460502625,-0.937505841255188
4,ZGW,"A colorful, vibrant introduction to a universal human impulse, lushly photographed and beautifully recorded.",2,0,positive,negative,0.36866238713264465,-0.9649714231491089,-1.560734748840332
4,ZGW,Audiard successfully maintains suspense on different levels throughout a film that is both gripping and compelling.,2,0,positive,negative,0.12473247200250626,-1.047935128211975,-1.25007164478302
4,ZGW,After that it becomes long and tedious like a classroom play in a college history course.,0,0,negative,negative,1.2826027870178223,-1.3035588264465332,-1.7450904846191406
4,ZGW,"Blade II has a brilliant director and charismatic star, but it suffers from rampant vampire devaluation.",1,0,neutral,negative,-0.22141847014427185,-1.4249420166015625,-1.7534555196762085
4,ZGW,"A loud, ugly, irritating movie without any of its satirical salvos hitting a discernible target.",0,0,negative,negative,0.6104457378387451,-1.5862668752670288,-1.2358261346817017
4,ZGW,"While it regards 1967 as the key turning point of the 20th century, and returns again and again to images of dissidents in the streets, it's alarmingly current.",1,0,neutral,negative,0.11544252187013626,-2.036684513092041,-0.846752405166626
4,ZGW,A truly wonderful tale combined with stunning animation.,2,0,positive,negative,0.6950706839561462,-1.1388847827911377,-0.8642950654029846
4,ZGW,"Nothing sticks, really, except a lingering creepiness one feels from being dragged through a sad, sordid universe of guns, drugs, avarice and damaged dreams.",0,2,negative,positive,-0.472555547952652,-1.0369882583618164,-0.37420445680618286
4,ZGW,``Simone'' is a fun and funky look into an artificial creation in a world that thrives on artificiality.,2,1,positive,neutral,-0.6129311323165894,-0.5160586833953857,-1.3949350118637085
4,ZGW,"It's a hoot watching The Rock chomp on jumbo ants, pull an arrow out of his back, and leap unscathed through raging fire!",2,0,positive,negative,-0.516444981098175,-1.0445307493209839,-1.6786302328109741
4,ZGW,"While Tattoo borrows heavily from both Seven and The Silence of the Lambs, it manages to maintain both a level of sophisticated intrigue and human-scale characters that suck the audience in.",2,0,positive,negative,-0.279183954000473,-1.2491669654846191,-0.38871172070503235
4,ZGW,"As written by Michael Berg and Michael J. Wilson from a story by Wilson, this relentless, all-wise-guys-all-the-time approach tries way too hard and gets tiring in no time at all.",0,1,negative,neutral,-1.5852552652359009,-0.6137626767158508,-0.9561923742294312
4,ZGW,"It's the best film of the year so far, the benchmark against which all other Best Picture contenders should be measured.",2,2,positive,positive,-1.3769197463989258,-1.4078943729400635,-1.3661141395568848
4,ZGW,This is one of the biggest disappointments of the year.,0,2,negative,positive,-1.6459441184997559,-1.6815361976623535,-1.1630038022994995
4,ZGW,It never fails to engage us.,2,2,positive,positive,-1.9908021688461304,-1.2143172025680542,-0.17984282970428467
4,ZGW,"Denis forges out of the theories of class - based rage and sisterly obsession a razor-sided tuning fork that rings with cultural, sexual and social discord.",1,2,neutral,positive,-1.629902958869934,-0.8696766495704651,-0.6802940368652344
4,ZGW,The movie slides downhill as soon as macho action conventions assert themselves.,0,0,negative,negative,-0.4913986623287201,-1.5937693119049072,-1.6491563320159912
4,ZGW,"More romantic, more emotional and ultimately more satisfying than the teary-eyed original.",2,0,positive,negative,-0.9011548757553101,-1.577777624130249,-1.0005401372909546
4,ZGW,"Like the best of Godard's movies... it is visually ravishing, penetrating, impenetrable.",2,0,positive,negative,-0.5545029640197754,-1.3668711185455322,-1.8050519227981567
4,ZGW,The cumulative effect of the movie is repulsive and depressing.,0,2,negative,positive,-0.7133368849754333,-1.4093852043151855,-0.18409712612628937
4,ZGW,"Feels like nothing quite so much as a middle-aged moviemaker's attempt to surround himself with beautiful, half-naked women.",1,1,neutral,neutral,-1.2914583683013916,-0.8394381403923035,-1.2363871335983276
4,ZGW,"A very long movie, dull in stretches, with entirely too much focus on meal preparation and igloo construction.",0,1,negative,neutral,-1.1164311170578003,-0.9247873425483704,-1.6641649007797241
4,ZGW,"In XXX, Diesel is that rare creature -- an action hero with table manners, and one who proves that elegance is more than tattoo deep.",2,0,positive,negative,-1.472254991531372,-1.506527066230774,-1.5011693239212036
4,ZGW,I'm not sure which will take longer to heal: the welt on Johnny Knoxville's stomach from a riot-control projectile or my own tortured psyche.,0,0,negative,negative,-1.2060941457748413,-1.2220402956008911,-1.3579319715499878
4,ZGW,"While Serving Sara does have a long way to go before it reaches the level of crudity in the latest Austin Powers extravaganza, there's nothing here to match that movie's intermittent moments of inspiration.",1,1,neutral,neutral,-1.4141277074813843,-0.6821044683456421,-0.8052381277084351
4,ZGW,"It's difficult to conceive of anyone who has reached puberty actually finding the characters in Slackers or their antics amusing, let alone funny.",0,2,negative,positive,-1.3799432516098022,-1.3039233684539795,-0.6798108816146851
4,ZGW,"It never is, not fully.",1,1,neutral,neutral,-1.4168074131011963,-0.503317654132843,-0.9672762155532837
4,ZGW,"Not only is Undercover Brother as funny, if not more so, than both Austin Powers films, but it's also one of the smarter, savvier spoofs to come along in some time.",2,2,positive,positive,-1.023820400238037,-1.1556122303009033,-0.38654324412345886
4,ZGW,It should be mentioned that the set design and interiors of the haunted vessel are more than effectively creepy and moodily lit.,2,0,positive,negative,-1.1342244148254395,-1.4128741025924683,-1.4043411016464233
4,ZGW,"With the exception of some fleetingly amusing improvisations by Cedric the Entertainer as Perry's boss, there isn't a redeeming moment here.",0,2,negative,positive,-1.2138351202011108,-1.3206034898757935,-1.1244072914123535
4,ZGW,It's a funny little movie with clever dialogue and likeable characters.,2,0,positive,negative,-0.6581315994262695,-1.7366567850112915,-1.0592488050460815
4,ZGW,"``13 Conversations'' holds its goodwill close, but is relatively slow to come to the point.",1,1,neutral,neutral,-1.3869147300720215,-1.0530611276626587,-1.611264944076538
4,ZGW,"You come away wishing, though, that the movie spent a lot less time trying to make a credible case for reports from the afterlife and a lot more time on the romantic urgency that's at the center of the story.",1,2,neutral,positive,-1.5312658548355103,-0.9640009999275208,-0.669276773929596
4,ZGW,The movie is virtually without context -- journalistic or historical.,0,2,negative,positive,-1.3312932252883911,-1.168985366821289,-0.7698870897293091
4,ZGW,"After sitting through this sloppy, made-for-movie comedy special, it makes me wonder if Lawrence hates criticism so much that he refuses to evaluate his own work.",0,0,negative,negative,-0.9332665801048279,-1.4195246696472168,-0.9403534531593323
4,ZGW,Genuinely touching because it's realistic about all kinds of love.,2,0,positive,negative,-0.45478901267051697,-1.2385735511779785,-1.3778657913208008
4,ZGW,"For all the complications, it's all surprisingly predictable.",1,2,neutral,positive,-1.1833873987197876,-1.6424458026885986,-0.23560023307800293
4,ZGW,"Armed with a game supporting cast, from the pitch-perfect Forster to the always hilarious Meara and Levy, Like Mike shoots and scores, doing its namesake proud.",2,2,positive,positive,-1.3259496688842773,-1.0597670078277588,-0.8056202530860901
4,ZGW,"The misery of these people becomes just another voyeuristic spectacle, to be consumed and forgotten.",0,0,negative,negative,-1.1332818269729614,-1.2812215089797974,-1.173986554145813
4,ZGW,"A thoroughly awful movie -- dumb, narratively chaotic, visually sloppy... a weird amalgam of `The Thing' and a geriatric `Scream.'",0,2,negative,positive,-1.1813682317733765,-1.6989179849624634,-0.4535672664642334
4,ZGW,"One of those staggeringly well-produced, joylessly extravagant pictures that keep whooshing you from one visual marvel to the next, hastily, emptily.",1,1,neutral,neutral,-1.3099286556243896,-1.0164332389831543,-1.3060615062713623
4,ZGW,"Measured against practically any like-themed film other than its Oscar-sweeping franchise predecessor The Silence of the Lambs, Red Dragon rates as an exceptional thriller.",2,2,positive,positive,-1.362653374671936,-1.0448187589645386,-0.8845487833023071
4,ZGW,"The movie has no respect for laws, political correctness or common decency, but it displays something more important: respect for its flawed, crazy people.",1,1,neutral,neutral,-1.376755714416504,-1.1815637350082397,-1.2883504629135132
4,ZGW,"In a strange way, Egoyan has done too much.",1,1,neutral,neutral,-1.3676584959030151,-0.9460513591766357,-1.386202335357666
4,ZGW,"After seeing the film, I can tell you that there's no other reason why anyone should bother remembering it.",0,1,negative,neutral,-1.0969276428222656,-0.9486237168312073,-1.6599680185317993
4,ZGW,The film is darkly funny in its observation of just how much more grueling and time-consuming the illusion of work is than actual work.,2,2,positive,positive,-1.325985074043274,-1.1106950044631958,-0.9031854867935181
4,ZGW,"In some ways, Lagaan is quintessential Bollywood.",1,2,neutral,positive,-1.2683647871017456,-1.2054108381271362,-0.9029960036277771
4,ZGW,"Pacino and Williams seem to keep upping the ante on each other, just as their characters do in the film.",2,0,positive,negative,-1.0940238237380981,-1.7933703660964966,-1.3570863008499146
4,ZGW,"It would be disingenuous to call Reno a great film, but you can say that about most of the flicks moving in and out of the multiplex.",1,2,neutral,positive,-1.3241119384765625,-1.2142547369003296,-0.9819609522819519
4,ZGW,"Some movies can get by without being funny simply by structuring the scenes as if they were jokes: a setup, delivery and payoff.",1,0,neutral,negative,-1.028416633605957,-1.3886672258377075,-1.0489314794540405
4,ZGW,Narc can only remind us of brilliant crime dramas without becoming one itself.,1,0,neutral,negative,-0.901157021522522,-1.5106335878372192,-1.38125479221344
4,ZGW,Narc is a no-bull throwback to 1970s action films.,2,2,positive,positive,-1.9201067686080933,-0.8584372997283936,-0.6675459146499634
4,ZGW,Intriguing and downright intoxicating.,2,2,positive,positive,-0.6538615822792053,-2.331162691116333,0.1046411469578743
4,ZGW,"The wonderful combination of the sweetness and the extraordinary technical accomplishments of the first film are maintained, but its overall impact falls a little flat with a storyline that never quite delivers the original magic.",1,1,neutral,neutral,-1.324172019958496,-0.8531596064567566,-1.0280852317810059
4,ZGW,Perhaps the most annoying thing about Who Is Cletis Tout? is that it's a crime movie made by someone who obviously knows nothing about crime.,0,0,negative,negative,-1.1404296159744263,-1.3460484743118286,-1.267469882965088
4,ZGW,"In addition to scoring high for originality of plot -- putting together familiar themes of family, forgiveness and love in a new way -- Lilo & Stitch has a number of other assets to commend it to movie audiences both innocent and jaded.",2,1,positive,neutral,-1.2821193933486938,-0.9295315146446228,-1.096429705619812
4,ZGW,The quirky drama touches the heart and the funnybone thanks to the energetic and always surprising performance by Rachel Griffiths.,2,1,positive,neutral,-1.2693092823028564,-1.2057958841323853,-1.3349746465682983
4,ZGW,"At its worst, it implodes in a series of very bad special effects.",0,2,negative,positive,-1.7246603965759277,-1.106895089149475,-0.5274240374565125
4,ZGW,Bad and baffling from the get-go.,0,2,negative,positive,-2.074295997619629,-1.0250221490859985,-0.6692171096801758
4,ZGW,"The movie is a blast of educational energy, as bouncy animation and catchy songs escort you through the entire 85 minutes.",2,1,positive,neutral,-1.6396547555923462,-0.8577863574028015,-0.9768558740615845
4,ZGW,The original wasn't a good movie but this remake makes it look like a masterpiece!,0,1,negative,neutral,-1.1494606733322144,-0.8367064595222473,-1.6640145778656006
4,ZGW,"To my taste, the film's comic characters come perilously close to being Amoses and Andys for a new generation.",1,0,neutral,negative,-0.8615819215774536,-1.2238985300064087,-1.513176441192627
4,ZGW,"Although the sequel has all the outward elements of the original, the first film's lovely flakiness is gone, replaced by the forced funniness found in the dullest kiddie flicks.",0,2,negative,positive,-1.0689384937286377,-1.10153067111969,-1.0658215284347534
4,ZGW,"The real charm of this trifle is the deadpan comic face of its star, Jean Reno, who resembles Sly Stallone in a hot sake half-sleep.",1,1,neutral,neutral,-1.0978347063064575,-0.5828975439071655,-1.32268488407135
4,ZGW,"... a cute and sometimes side-splittingly funny blend of Legally Blonde and Drop Dead Gorgeous, starring Piper Perabo in what could be her breakthrough role.",2,2,positive,positive,-1.2540444135665894,-1.1515746116638184,-0.07398097962141037
4,ZGW,"This method almost never fails him, and it works superbly here.",2,0,positive,negative,-1.286001205444336,-1.3420488834381104,-1.8211389780044556
4,ZGW,Few films capture so perfectly the hopes and dreams of little boys on baseball fields as well as the grown men who sit in the stands.,2,0,positive,negative,-0.6695069074630737,-1.2953386306762695,-1.7144700288772583
4,ZGW,Steers has an unexpectedly adamant streak of warm-blooded empathy for all his disparate Manhattan denizens -- especially the a**holes.,1,1,neutral,neutral,-1.649850845336914,-0.7179434895515442,-1.2317675352096558
4,ZGW,"The Emperor's Club is one of those films that possesses all the good intentions in the world, but...",1,0,neutral,negative,-0.5205304026603699,-1.2924143075942993,-1.7210582494735718
4,ZGW,The most compelling performance of the year adds substantial depth to this shocking testament to anti-Semitism and neo-fascism.,2,0,positive,negative,-0.5260404944419861,-0.7656089663505554,-1.7604402303695679
4,ZGW,"LaBute can't avoid a fatal mistake in the modern era: He's changed the male academic from a lower-class Brit to an American, a choice that upsets the novel's exquisite balance and shreds the fabric of the film.",1,2,neutral,positive,-1.9230096340179443,-1.0005154609680176,0.004065311513841152
4,ZGW,A biopic about Crane's life in the classic tradition but evolves into what has become of us all in the era of video.,1,0,neutral,negative,-0.6321588754653931,-1.4814308881759644,-1.2127007246017456
4,ZGW,"A work of extraordinary journalism, but it is also a work of deft and subtle poetry.",2,0,positive,negative,-0.6231012940406799,-1.022566795349121,-1.3717737197875977
4,ZGW,... think of it as American Pie On Valium.,1,2,neutral,positive,-1.0679290294647217,-1.0100857019424438,-0.5976285338401794
4,ZGW,Gere gives a good performance in a film that doesn't merit it.,1,0,neutral,negative,-0.8353083729743958,-1.0857572555541992,-1.1339539289474487
4,ZGW,The Pianist is Polanski's best film.,2,1,positive,neutral,-1.8713290691375732,-0.6370965838432312,-1.8646544218063354
4,ZGW,Maybe Thomas Wolfe was right: You can't go home again.,1,2,neutral,positive,-1.2563868761062622,-1.1308584213256836,-0.8238779306411743
4,ZGW,"The director, with his fake backdrops and stately pacing, never settles on a consistent tone.",0,0,negative,negative,-0.2570491433143616,-1.174552083015442,-1.9295395612716675
4,ZGW,"Why he was given free reign over this project -- he wrote, directed, starred and produced -- is beyond me.",0,0,negative,negative,-0.7461988925933838,-1.2637256383895874,-1.8922394514083862
4,ZGW,"If you enjoy being rewarded by a script that assumes you aren't very bright, then Blood Work is for you.",0,0,negative,negative,-0.8235377073287964,-0.8388627171516418,-1.4420305490493774
4,ZGW,"Like Rudy Yellow Lodge, Eyre needs to take a good sweat to clarify his cinematic vision before his next creation and remember the lessons of the trickster spider.",0,0,negative,negative,-0.9033823609352112,-0.9945028424263,-1.6755722761154175
4,ZGW,But his showboating wise-cracker stock persona sure is getting old.,1,1,neutral,neutral,-1.0253220796585083,-1.0219159126281738,-1.679585337638855
4,ZGW,"Circuit queens won't learn a thing, they'll be too busy cursing the film's strategically placed white sheets.",1,0,neutral,negative,-0.5129873752593994,-1.1906602382659912,-1.5911706686019897
4,ZGW,"A lot of talent is wasted in this crass, low-wattage endeavor.",0,1,negative,neutral,-0.9649202227592468,-0.3812728524208069,-1.2650012969970703
4,ZGW,"Alain Choquart's camera barely stops moving, portraying both the turmoil of the time and giving Conduct a perpetual sense of urgency, which, for a film that takes nearly three hours to unspool, is both funny and irritating.",1,1,neutral,neutral,-0.9963292479515076,-0.8907794952392578,-1.240108609199524
4,ZGW,The second coming of Harry Potter is a film far superior to its predecessor.,2,1,positive,neutral,-0.6938633322715759,-0.5542765259742737,-1.8403290510177612
4,ZGW,This stuck pig of a movie flails limply between bizarre comedy and pallid horror.,0,0,negative,negative,-0.517422080039978,-1.405363917350769,-1.7398531436920166
4,ZGW,"The film just might turn on many people to opera, in general, an art form at once visceral and spiritual, wonderfully vulgar and sublimely lofty -- and as emotionally grand as life.",2,1,positive,neutral,-1.4214955568313599,-0.7419288158416748,-1.1367313861846924
4,ZGW,"The delicious trimmings... arrive early and stay late, filling nearly every minute... with a lighthearted glow, some impudent snickers, and a glorious dose of humankind's liberating ability to triumph over a Scrooge or two.",2,0,positive,negative,-0.7390697002410889,-0.9455755352973938,-1.9212119579315186
4,ZGW,"Parker should be commended for taking a fresh approach to familiar material, but his determination to remain true to the original text leads him to adopt a somewhat mannered tone... that ultimately dulls the human tragedy at the story's core.",1,2,neutral,positive,-1.2447956800460815,-1.0146260261535645,-0.8510811924934387
4,ZGW,"Hard, endearing, caring, warm.",2,2,positive,positive,-1.7220309972763062,-0.6731438040733337,-0.6375638246536255
4,ZGW,"I have no problem with ``difficult'' movies, or movies that ask the audience to meet them halfway and connect the dots instead of having things all spelled out.",1,0,neutral,negative,-0.7146052122116089,-0.9305192232131958,-1.4878813028335571
4,ZGW,The way Coppola professes his love for movies -- both colorful pop junk and the classics that unequivocally qualify as art -- is giddily entertaining.,2,0,positive,negative,-0.8321827054023743,-1.0118168592453003,-1.9633584022521973
4,ZGW,Both the crime story and the love story are unusual.,1,1,neutral,neutral,-1.7451387643814087,0.14678087830543518,-1.2153877019882202
4,ZGW,It's never a good sign when a film's star spends the entirety of the film in a coma.,0,0,negative,negative,-0.34362009167671204,-0.9002137780189514,-1.630329966545105
4,ZGW,A creaky staircase gothic.,1,1,neutral,neutral,-2.2564728260040283,0.04282311722636223,-0.7335528135299683
4,ZGW,"If there's a way to effectively teach kids about the dangers of drugs, I think it's in projects like the (unfortunately R-rated) Paid.",1,1,neutral,neutral,-1.2135504484176636,-0.9448256492614746,-1.0875834226608276
4,ZGW,"If you're a WWF fan, or you related to the people who watched the robots getting butchered in A.I., you'll probably like Rollerball.",1,1,neutral,neutral,-1.1361174583435059,-0.5594317317008972,-1.3762235641479492
4,ZGW,Norton holds the film together.,1,1,neutral,neutral,-1.5767364501953125,0.5244104266166687,-1.473618984222412
4,ZGW,"A breathtaking adventure for all ages, Spirit tells its poignant and uplifting story in a stunning fusion of music and images.",2,1,positive,neutral,-1.0773053169250488,-0.8123143315315247,-2.172222137451172
4,ZGW,It won't bust your gut -- and it's not intended to -- it's merely a blandly cinematic surgical examination of what makes a joke a joke.,1,0,neutral,negative,-0.7704453468322754,-1.1768032312393188,-1.5178629159927368
4,ZGW,Largely a for-fans artifact.,1,1,neutral,neutral,-0.9658743739128113,-0.16564728319644928,-0.9994368553161621
4,ZGW,A movie so bad that it quickly enters the pantheon of wreckage that includes Battlefield Earth and Showgirls.,0,2,negative,positive,-1.486096739768982,-0.9382819533348083,-0.8141651153564453
4,ZGW,"If you're over 25, have an IQ over 90, and have a driver's license, you should be able to find better entertainment.",0,0,negative,negative,-0.38716888427734375,-1.6827389001846313,-2.2356975078582764
4,ZGW,A solid piece of journalistic work that draws a picture of a man for whom political expedience became a deadly foreign policy.,1,0,neutral,negative,-0.6587955355644226,-0.8430262804031372,-1.8801931142807007
4,ZGW,"The doofus-on-the-loose banter of Welcome to Collinwood has a cocky, after-hours loopiness to it.",1,1,neutral,neutral,-0.6865782737731934,-0.6739309430122375,-1.4762895107269287
4,ZGW,It's the funniest American comedy since Graffiti Bridge.,2,1,positive,neutral,-1.08773934841156,-1.0173674821853638,-1.4568079710006714
4,ZGW,Samuel Beckett applied to the Iranian voting process.,1,0,neutral,negative,-1.2468148469924927,-1.482062578201294,-1.5086361169815063
4,ZGW,A strangely compelling and brilliantly acted psychological drama.,2,1,positive,neutral,-0.8939005732536316,-0.03684495761990547,-2.264313220977783
4,ZGW,"Often gruelling and heartbreaking to witness, but Seldahl and Wollter's sterling performances raise this far above the level of the usual maudlin disease movie.",2,0,positive,negative,-0.7807010412216187,-1.7169711589813232,-1.4204634428024292
4,ZGW,"This enthralling documentary... is at once playful and haunting, an in-depth portrait of an iconoclastic artist who was fundamentally unknowable even to his closest friends.",2,1,positive,neutral,-1.3838074207305908,-0.8484636545181274,-1.372781753540039
4,ZGW,"I didn't laugh at the ongoing efforts of Cube, and his skinny buddy Mike Epps, to make like Laurel and Hardy'n the hood.",0,0,negative,negative,-1.0675384998321533,-1.4192510843276978,-1.5910381078720093
4,ZGW,"At its best when the guarded, resentful Betty and the manipulative yet needy Margot are front and center.",1,1,neutral,neutral,-1.1539136171340942,-1.0537928342819214,-1.5313260555267334
4,ZGW,Ford deserves to be remembered at Oscar time for crafting this wonderful portrait of a conflicted soldier.,2,0,positive,negative,-0.7873805165290833,-1.742282748222351,-1.642149567604065
4,ZGW,"That is essentially what's missing from Blackboards -- the sense of something bigger, some ultimate point.",1,1,neutral,neutral,-1.1173895597457886,-0.4761350154876709,-2.0842490196228027
4,ZGW,"It's a bizarre curiosity memorable mainly for the way it fritters away its potentially interesting subject matter via a banal script, unimpressive acting and indifferent direction.",1,1,neutral,neutral,-1.7525960206985474,-0.6720536351203918,-0.999636173248291
4,ZGW,"While obviously an extremely personal work, it remains inextricably stuck in an emotionally unavailable rut.",1,0,neutral,negative,-0.7480385899543762,-1.9313310384750366,-1.5026365518569946
4,ZGW,"A dim-witted and lazy spin-off of the Animal Planet documentary series, Crocodile Hunter is entertainment opportunism at its most glaring.",0,0,negative,negative,-0.4790264666080475,-1.5322626829147339,-1.347835659980774
4,ZGW,"The good is very, very good... The rest runs from mildly unimpressive to despairingly awful.",1,0,neutral,negative,-0.5107465982437134,-1.274915337562561,-1.658278226852417
4,ZGW,One of the most exciting action films to come out of China in recent years.,2,0,positive,negative,-0.4472964406013489,-1.253623127937317,-1.7543278932571411
4,ZGW,Adam Sandler's Eight Crazy Nights grows on you -- like a rash.,0,1,negative,neutral,-0.8818398714065552,-0.842659592628479,-1.6787006855010986
4,ZGW,"The film feels formulaic, its plot and pacing typical Hollywood war-movie stuff, while the performances elicit more of a sense of deja vu than awe.",0,0,negative,negative,-0.8147634267807007,-1.1402535438537598,-1.562250018119812
4,ZGW,"... pitiful, slapdash disaster.",0,2,negative,positive,-1.5452626943588257,-2.1562695503234863,-0.82949298620224
4,ZGW,"As it stands, there's some fine sex onscreen, and some tense arguing, but not a whole lot more.",1,0,neutral,negative,-0.8368480801582336,-1.421237826347351,-1.513204574584961
4,ZGW,It's neither as romantic nor as thrilling as it should be.,0,0,negative,negative,-0.730823814868927,-1.6937862634658813,-0.7563459873199463
4,ZGW,Returning director Rob Minkoff... and screenwriter Bruce Joel Rubin... have done a fine job of updating White's dry wit to a new age.,2,1,positive,neutral,-1.1527682542800903,-1.0637612342834473,-1.6309410333633423
4,ZGW,"The Venezuelans say things like ``si, pretty much'' and ``por favor, go home'' when talking to Americans.",1,2,neutral,positive,-1.3770524263381958,-2.0975186824798584,-1.2030951976776123
4,ZGW,"If you already like this sort of thing, this is that sort of thing all over again.",1,0,neutral,negative,-1.0250405073165894,-1.6140217781066895,-1.2067086696624756
4,ZGW,An awful movie that will only satisfy the most emotionally malleable of filmgoers.,0,0,negative,negative,-1.2683230638504028,-1.7616854906082153,-1.3007445335388184
4,ZGW,"This is an extraordinary film, not least because it is Japanese and yet feels universal.",2,0,positive,negative,-0.6918913722038269,-1.5723122358322144,-1.0660403966903687
4,ZGW,"Aptly named, this shimmering, beautifully costumed and filmed production doesn't work for me.",1,0,neutral,negative,-0.9421736001968384,-1.6300263404846191,-1.3084880113601685
4,ZGW,"If Borstal Boy isn't especially realistic, it is an engaging nostalgia piece.",1,0,neutral,negative,-0.3756691813468933,-2.0862834453582764,-1.5993062257766724
4,ZGW,Griffiths proves she's that rare luminary who continually raises the standard of her profession.,2,0,positive,negative,-0.5269951820373535,-1.5242339372634888,-1.423457145690918
4,ZGW,"The asylum material is gripping, as are the scenes of Jia with his family.",2,0,positive,negative,-0.6475164294242859,-1.1341837644577026,-1.7427170276641846
4,ZGW,"... by the time it's done with us, Mira Nair's new movie has its audience giddy with the delight of discovery, of having been immersed in a foreign culture only to find that human nature is pretty much the same all over.",2,1,positive,neutral,-1.382765531539917,-1.2506543397903442,-1.437170386314392
4,ZGW,... about as exciting to watch as two last-place basketball teams playing one another on the final day of the season.,0,0,negative,negative,-0.5473935008049011,-1.432877540588379,-2.166358709335327
4,ZGW,Girls gone wild and gone civil again,1,2,neutral,positive,-1.080655574798584,-1.9542418718338013,-0.31238651275634766
4,ZGW,To say Analyze That is De Niro's best film since Meet the Parents sums up the sad state of his recent career.,1,0,neutral,negative,-1.2280669212341309,-1.5175236463546753,-1.3656740188598633
4,ZGW,"Like being trapped inside a huge video game, where exciting, inane images keep popping past your head and the same illogical things keep happening over and over again.",1,0,neutral,negative,-0.9581795334815979,-1.0566941499710083,-1.5217742919921875
4,ZGW,`Enigma' is the kind of engaging historical drama that Hollywood appears to have given up on in favor of sentimental war movies in the vein of `We Were Soldiers.',1,1,neutral,neutral,-0.9082776308059692,-0.7390953898429871,-1.4854682683944702
4,ZGW,The Rock has a great presence but one battle after another is not the same as one battle followed by killer CGI effects.,1,0,neutral,negative,-0.8001648187637329,-1.7539687156677246,-1.9169039726257324
4,ZGW,"So young, so smart, such talent, such a wise ***.",2,0,positive,negative,-0.578890323638916,-1.0545092821121216,-1.760505199432373
4,ZGW,"The problem is that for the most part, the film is deadly dull.",0,1,negative,neutral,-0.6535415053367615,-0.3694498538970947,-2.820929527282715
4,ZGW,A thinly veiled look at different aspects of Chinese life clashing with each other.,1,0,neutral,negative,-0.5802922248840332,-1.518114447593689,-1.9257291555404663
4,ZGW,An exhilarating experience.,2,0,positive,negative,-0.5700138211250305,-1.5577799081802368,-0.966652512550354
4,ZGW,Its vision of that awkward age when sex threatens to overwhelm everything else is acute enough to make everyone who has been there squirm with recognition.,1,1,neutral,neutral,-1.4168418645858765,-0.9404952526092529,-1.4104779958724976
4,ZGW,Remarkably accessible and affecting.,2,2,positive,positive,-0.8992931842803955,-1.8666566610336304,-0.6502413153648376
4,ZGW,"The climactic events are so well realized that you may forget all about the original conflict, just like the movie does.",1,1,neutral,neutral,-1.5225292444229126,-0.6627532839775085,-1.5129817724227905
4,ZGW,Distinctly sub-par... more likely to drown a viewer in boredom than to send any shivers down his spine.,0,0,negative,negative,-0.5277333855628967,-1.2364643812179565,-1.9706932306289673
4,ZGW,Godard's ode to tackling life's wonderment is a rambling and incoherent manifesto about the vagueness of topical excess... In Praise of Love remains a ponderous and pretentious endeavor that's unfocused and tediously exasperating.,0,2,negative,positive,-1.7500122785568237,-0.8613760471343994,-0.7269361019134521
4,ZGW,"We never truly come to care about the main characters and whether or not they'll wind up together, and Michele's spiritual quest is neither amusing nor dramatic enough to sustain interest.",0,0,negative,negative,-0.23879724740982056,-1.286234736442566,-1.5726444721221924
4,ZGW,"Most haunting about ``Fence'' is its conclusion, when we hear the ultimate fate of these girls and realize, much to our dismay, that this really did happen.",2,0,positive,negative,-0.9429750442504883,-1.505727767944336,-1.4732121229171753
4,ZGW,"Bogdanovich taps deep into the Hearst mystique, entertainingly reenacting a historic scandal.",2,1,positive,neutral,-1.295425295829773,-0.8859764933586121,-2.1296722888946533
4,ZGW,"Peralta's mythmaking could have used some informed, adult hindsight.",1,0,neutral,negative,-0.18185004591941833,-1.366775393486023,-1.6077121496200562
4,ZGW,"``My god, I'm behaving like an idiot!''",1,0,neutral,negative,-0.2711905241012573,-1.113800048828125,-1.102918028831482
4,ZGW,"Devos and Cassel have tremendous chemistry -- their sexual and romantic tension, while never really vocalized, is palpable.",2,2,positive,positive,-0.8371812105178833,-2.1090104579925537,-0.7200385332107544
4,ZGW,"As a girl-meets-girl romantic comedy, Kissing Jessica Steinis quirky, charming and often hilarious.",2,0,positive,negative,-0.24217742681503296,-1.5158828496932983,-1.2441173791885376
4,ZGW,Gollum's `performance' is incredible!,2,0,positive,negative,0.5763399600982666,-0.5230898857116699,-1.138708233833313
4,ZGW,"... a haunting vision, with images that seem more like disturbing hallucinations.",0,0,negative,negative,-0.19122804701328278,-2.011164903640747,-0.7929201126098633
4,ZGW,"As a remake, it's a pale imitation.",0,0,negative,negative,0.10858822613954544,-2.7377846240997314,-1.2062662839889526
4,ZGW,Adults will certainly want to spend their time in the theater thinking up grocery lists and ways to tell their kids how not to act like Pinocchio.,1,0,neutral,negative,-0.5250605940818787,-2.084932804107666,-0.86476069688797
4,ZGW,"Not as distinctive or even as humorous as its needs to be to stand out, but it has clearly been made with affection and care.",1,2,neutral,positive,-0.7650822401046753,-1.5968818664550781,-0.11049934476613998
4,ZGW,A generic family comedy unlikely to be appreciated by anyone outside the under-10 set.,0,0,negative,negative,0.1930464506149292,-1.8364955186843872,-0.6996243596076965
4,ZGW,"An amalgam of The Fugitive, Blade Runner, and Total Recall, only without much energy or tension.",1,0,neutral,negative,-0.9987805485725403,-1.5069986581802368,-1.1588340997695923
4,ZGW,"Everything its title implies, a standard-issue crime drama spat out from the Tinseltown assembly line.",1,0,neutral,negative,-0.10977333039045334,-1.2028462886810303,-1.2310820817947388
4,ZGW,"This odd, poetic road movie, spiked by jolts of pop music, pretty much takes place in Morton's ever-watchful gaze -- and it's a tribute to the actress, and to her inventive director, that the journey is such a mesmerizing one.",2,0,positive,negative,-0.5223705768585205,-1.114221215248108,-0.9843953847885132
4,ZGW,"Co-writer/director Jonathan Parker's attempts to fashion a Brazil-like, hyper-real satire fall dreadfully short.",0,0,negative,negative,-0.08771166950464249,-1.7778552770614624,-1.3072700500488281
4,ZGW,"An amateurish, quasi-improvised acting exercise shot on ugly digital video.",0,0,negative,negative,-0.42720383405685425,-0.6629595160484314,-1.7373031377792358
4,ZGW,"A gratingly unfunny groaner littered with zero-dimensional, unlikable characters and hackneyed, threadbare comic setups.",0,0,negative,negative,-0.4018697142601013,-1.18524968624115,-1.5192723274230957
4,ZGW,"While this gentle and affecting melodrama will have luvvies in raptures, it's far too slight and introspective to appeal to anything wider than a niche audience.",1,2,neutral,positive,-0.4943346679210663,-2.0149166584014893,-0.23616936802864075
4,ZGW,Griffin & Co. manage to be spectacularly outrageous.,2,0,positive,negative,-0.47368866205215454,-1.1274739503860474,-0.9605947732925415
4,ZGW,"A profoundly stupid affair, populating its hackneyed and meanspirited storyline with cardboard characters and performers who value cash above credibility.",0,0,negative,negative,-0.5217806100845337,-1.2612131834030151,-0.9629184603691101
4,ZGW,"Warm Water Under a Red Bridge is a quirky and poignant Japanese film that explores the fascinating connections between women, water, nature, and sexuality.",2,0,positive,negative,-0.7048352956771851,-1.054848074913025,-1.052291989326477
4,ZGW,It isn't that Stealing Harvard is a horrible movie -- if only it were that grand a failure!,0,0,negative,negative,-0.25321608781814575,-0.5424432158470154,-0.8253384828567505
4,ZGW,It just doesn't have much else... especially in a moral sense.,1,0,neutral,negative,-0.2805839478969574,-1.1101802587509155,-0.4421391785144806
4,ZGW,Those unfamiliar with Mormon traditions may find The Singles Ward occasionally bewildering.,1,0,neutral,negative,-0.04721397906541824,-1.8195017576217651,-0.9094475507736206
4,ZGW,"Viewed as a comedy, a romance, a fairy tale, or a drama, there's nothing remotely triumphant about this motion picture.",1,0,neutral,negative,-0.5755078792572021,-1.4384578466415405,-1.254746675491333
4,ZGW,"But the talented cast alone will keep you watching, as will the fight scenes.",2,0,positive,negative,-0.649929940700531,-1.0172820091247559,-1.0165983438491821
4,ZGW,It's solid and affecting and exactly as thought-provoking as it should be.,2,0,positive,negative,-0.069078728556633,-1.0000520944595337,-0.415759414434433
4,ZGW,"Thanks largely to Williams, all the interesting developments are processed in 60 minutes -- the rest is just an overexposed waste of film.",0,0,negative,negative,-0.349770188331604,-1.8130265474319458,-1.3581918478012085
4,ZGW,"Cantet perfectly captures the hotel lobbies, two-lane highways, and roadside cafes that permeate Vincent's days",2,0,positive,negative,-0.16013160347938538,-1.4080743789672852,-1.0779141187667847
4,ZGW,"An important movie, a reminder of the power of film to move us and to make us examine our values.",2,0,positive,negative,-0.8987510204315186,-2.41705060005188,-1.1754766702651978
4,ZGW,"Too much of this well-acted but dangerously slow thriller feels like a preamble to a bigger, more complicated story, one that never materializes.",0,0,negative,negative,-0.2354658991098404,-0.9585665464401245,-1.9459517002105713
4,ZGW,A richly imagined and admirably mature work from a gifted director who definitely has something on his mind.,2,0,positive,negative,0.4996587932109833,-1.084973931312561,-1.5125327110290527
4,ZGW,"The art direction is often exquisite, and the anthropomorphic animal characters are beautifully realized through clever makeup design, leaving one to hope that the eventual DVD release will offer subtitles and the original Italian-language soundtrack.",2,0,positive,negative,-0.2993941307067871,-1.1416232585906982,-0.7460361123085022
4,ZGW,But what's nice is that there's a casual intelligence that permeates the script.,2,0,positive,negative,0.17102746665477753,-0.44908496737480164,-1.6621949672698975
4,ZGW,Wedding feels a bit anachronistic.,0,0,negative,negative,-0.3910372853279114,-2.3055126667022705,-0.8055516481399536
4,ZGW,"An action/thriller of the finest kind, evoking memories of Day of the Jackal, The French Connection, and Heat.",2,0,positive,negative,-0.48451027274131775,-1.616753101348877,-0.6537768244743347
4,ZGW,"This picture is murder by numbers, and as easy to be bored by as your ABC's, despite a few whopping shootouts.",0,0,negative,negative,-0.07008190453052521,-1.6244515180587769,-1.002063274383545
4,ZGW,"Every individual will see the movie through the prism of his or her own beliefs and prejudices, but the one thing most will take away is the sense that peace is possible.",2,0,positive,negative,-0.45462566614151,-1.0424320697784424,-1.0316540002822876
4,ZGW,"Feels slight, as if it were an extended short, albeit one made by the smartest kids in class.",1,0,neutral,negative,-0.2126145362854004,-1.4729024171829224,-1.398713231086731
4,ZGW,The picture doesn't know it's a comedy.,1,2,neutral,positive,-0.8377283811569214,-1.1508684158325195,-0.666251540184021
4,ZGW,"Starts out mediocre, spirals downward, and thuds to the bottom of the pool with an utterly incompetent conclusion.",0,0,negative,negative,-0.43349456787109375,-1.2931689023971558,-1.363916039466858
4,ZGW,The sort of movie that gives tastelessness a bad rap.,0,2,negative,positive,-0.593283474445343,-1.3960583209991455,-0.1936158835887909
4,ZGW,"Fans of the TV series will be disappointed, and everyone else will be slightly bored.",1,0,neutral,negative,-0.15714314579963684,-2.184130907058716,-0.5545689463615417
4,ZGW,"It's a head-turner -- thoughtfully written, beautifully read and, finally, deeply humanizing.",2,0,positive,negative,-0.48108646273612976,-1.3247426748275757,-0.7148663401603699
4,ZGW,"It's not a particularly good film, but neither is it a monsterous one.",1,0,neutral,negative,-0.7018525004386902,-0.990663468837738,-0.9061650037765503
4,ZGW,Men in Black II achieves ultimate insignificance -- it's the sci-fi comedy spectacle as Whiffle-Ball epic.,0,0,negative,negative,-0.19634217023849487,-1.4568887948989868,-1.892194151878357
4,ZGW,Martyr gets royally screwed and comes back for more.,1,0,neutral,negative,-0.2823547422885895,-1.0985087156295776,-1.2489204406738281
5,ZJM,Presents a good case while failing to provide a reason for us to care beyond the very basic dictums of human decency.,1,2,neutral,positive,-1.912742018699646,-2.0789427757263184,-0.6823334097862244
5,ZJM,"Beautifully crafted, engaging filmmaking that should attract upscale audiences hungry for quality and a nostalgic, twisty yarn that will keep them guessing.",2,2,positive,positive,-2.0981898307800293,-2.5704848766326904,0.6761098504066467
5,ZJM,"Bread, My Sweet has so many flaws it would be easy for critics to shred it.",0,2,negative,positive,-1.938746690750122,-1.4215450286865234,-0.8477409482002258
5,ZJM,"Slow, silly and unintentionally hilarious.",1,2,neutral,positive,-2.9946770668029785,-3.100442409515381,1.470870018005371
5,ZJM,"Ultimately feels empty and unsatisfying, like swallowing a Communion wafer without the wine.",0,2,negative,positive,-2.166548252105713,-2.1255013942718506,-0.012637974694371223
5,ZJM,Exudes the fizz of a Busby Berkeley musical and the visceral excitement of a sports extravaganza.,2,2,positive,positive,-2.296947956085205,-1.9353172779083252,-0.15465161204338074
5,ZJM,The film rehashes several old themes and is capped with pointless extremes -- it's insanely violent and very graphic.,0,2,negative,positive,-2.5694119930267334,-1.7933743000030518,-0.05283251404762268
5,ZJM,"Ryan Gosling is, in a word, brilliant as the conflicted Daniel.",2,1,positive,neutral,-2.04484486579895,-1.5258519649505615,-1.7928667068481445
5,ZJM,"If Deuces Wild had been tweaked up a notch it would have become a camp adventure, one of those movies that's so bad it starts to become good.",1,2,neutral,positive,-2.8369345664978027,-1.4990565776824951,-0.28724223375320435
5,ZJM,The film's stagecrafts are intimate and therefore bolder than the otherwise calculated artifice that defines and overwhelms the film's production design.,1,2,neutral,positive,-2.4775733947753906,-1.9838626384735107,0.7552984356880188
5,ZJM,"Frida is certainly no disaster, but neither is it the Kahlo movie Frida fans have been looking for.",1,2,neutral,positive,-1.7346619367599487,-2.9135351181030273,0.47162196040153503
5,ZJM,The film often achieves a mesmerizing poetry.,2,2,positive,positive,-2.5962438583374023,-1.9986311197280884,0.9024789333343506
5,ZJM,A work of astonishing delicacy and force.,2,2,positive,positive,-1.2560451030731201,-3.307457208633423,0.4284099340438843
5,ZJM,"The movie's plot is almost entirely witless and inane, carrying every gag two or three times beyond its limit to sustain a laugh.",0,2,negative,positive,-2.477970838546753,-2.166412115097046,0.6436824798583984
5,ZJM,"For the most part, the ingredients are there.",1,2,neutral,positive,-1.5579469203948975,-2.869023084640503,0.22564750909805298
5,ZJM,"But if you've paid a matinee price and bought a big tub of popcorn, there's guilty fun to be had here.",1,2,neutral,positive,-2.405176877975464,-2.402312994003296,0.08192256093025208
5,ZJM,"There's not much to Fatale, outside of its stylish surprises... but that's OK.",1,2,neutral,positive,-1.3826535940170288,-2.6647863388061523,-0.6573580503463745
5,ZJM,"The acting is stiff, the story lacks all trace of wit, the sets look like they were borrowed from Gilligan's Island -- and the CGI Scooby might well be the worst special-effects creation of the year.",0,2,negative,positive,-3.890282392501831,-1.049731731414795,0.9326044321060181
5,ZJM,"This version moves beyond the original's nostalgia for the communal film experiences of yesteryear to a deeper realization of cinema's inability to stand in for true, lived experience.",1,2,neutral,positive,-2.755584955215454,-2.2934155464172363,-0.12595897912979126
5,ZJM,"There's no palpable chemistry between Lopez and male lead Ralph Fiennes, plus the script by Working Girl scribe Kevin Wade is workmanlike in the extreme.",0,2,negative,positive,-1.0835894346237183,-2.9270174503326416,-0.24833565950393677
5,ZJM,"A first-class, thoroughly involving B movie that effectively combines two surefire, beloved genres -- the prison flick and the fight film.",2,2,positive,positive,-1.3813365697860718,-2.6410021781921387,0.17973792552947998
5,ZJM,The film is so bad it doesn't improve upon the experience of staring at a blank screen.,0,2,negative,positive,-1.687441349029541,-1.9178770780563354,-0.792994499206543
5,ZJM,Weiss and Speck never make a convincing case for the relevance of these two 20th-century footnotes.,1,2,neutral,positive,-1.9266315698623657,-2.836671829223633,1.1272836923599243
5,ZJM,Another Best of the Year selection.,2,2,positive,positive,-2.879807949066162,-3.6928048133850098,0.48654070496559143
5,ZJM,It's all a rather shapeless good time...,1,2,neutral,positive,-1.1571940183639526,-3.065706729888916,-0.4102526903152466
5,ZJM,"Same song, second verse, coulda been better, but it coulda been worse.",1,2,neutral,positive,-0.589170515537262,-2.6464180946350098,-0.12824253737926483
5,ZJM,I love the robust middle of this picture.,2,2,positive,positive,-1.2334901094436646,-3.7257769107818604,0.4122905731201172
5,ZJM,"That's not vintage Spielberg and that, finally, is minimally satisfying.",1,2,neutral,positive,-1.7346547842025757,-2.2133960723876953,-0.42476654052734375
5,ZJM,The soundtrack alone is worth the price of admission.,2,2,positive,positive,-1.9546452760696411,-3.0475714206695557,0.6506665349006653
5,ZJM,Mostly Martha could have used a little trimming -- 10 or 15 minutes could be cut and no one would notice -- but it's a pleasurable trifle.,1,2,neutral,positive,-2.846982955932617,-1.1964515447616577,-0.8438961505889893
5,ZJM,"For the rest of us, sitting through Dahmer's two hours amounts to little more than punishment.",0,2,negative,positive,-2.3322458267211914,-1.9817043542861938,-1.0638792514801025
5,ZJM,"Featuring a dangerously seductive performance from the great Daniel Auteuil, ``Sade'' covers the same period as Kaufmann's ``Quills'' with more unsettlingly realistic results.",2,2,positive,positive,-1.9737399816513062,-3.0758981704711914,0.23023846745491028
5,ZJM,"The movie is for fans who can't stop loving anime, and the fanatical excess built into it.",1,2,neutral,positive,-2.8504581451416016,-1.663574457168579,0.10553961992263794
5,ZJM,"The Ring is worth a look, if you don't demand much more than a few cheap thrills from your Halloween entertainment.",1,2,neutral,positive,-1.5987337827682495,-2.6119837760925293,-0.10056892037391663
5,ZJM,"Beautifully observed, miraculously unsentimental comedy-drama.",2,2,positive,positive,-1.4456042051315308,-4.4079437255859375,0.9251435995101929
5,ZJM,"What makes How I Killed My Father compelling, besides its terrific performances, is Fontaine's willingness to wander into the dark areas of parent-child relationships without flinching.",2,2,positive,positive,-2.6358489990234375,-2.1554551124572754,0.4677084982395172
5,ZJM,"This hastily mounted production exists only to capitalize on Hopkins' inclination to play Hannibal Lecter again, even though Harris has no immediate inclination to provide a fourth book.",0,2,negative,positive,-0.8026217818260193,-3.205960750579834,-0.317618727684021
5,ZJM,Bullock's complete lack of focus and ability quickly derails the film.,0,2,negative,positive,-1.8506911993026733,-1.7996408939361572,-0.5877661108970642
5,ZJM,"... a plotline that's as lumpy as two-day old porridge... the filmmakers' paws, sad to say, were all over this ``un-bear-able'' project!",0,2,negative,positive,-1.1440000534057617,-1.9783525466918945,-0.8995962738990784
5,ZJM,Crush could be the worst film a man has made about women since Valley of the Dolls.,0,2,negative,positive,-2.0613722801208496,-0.7343415021896362,0.22455501556396484
5,ZJM,"Reassuring, retro uplifter.",2,2,positive,positive,-2.961228132247925,-3.012366771697998,2.6866672039031982
5,ZJM,Flaccid drama and exasperatingly slow journey.,0,2,negative,positive,-2.275210380554199,-2.408074378967285,0.3269607126712799
5,ZJM,The Movie will reach far beyond its core demographic.,2,2,positive,positive,-0.6879147887229919,-3.312497138977051,0.03707095980644226
5,ZJM,How did it ever get made?,0,2,negative,positive,-1.6664518117904663,-3.557891845703125,1.2768914699554443
5,ZJM,I like the new footage and still love the old stuff.,2,2,positive,positive,-0.8355129361152649,-1.9936103820800781,0.13243210315704346
5,ZJM,"It briefly flirts with player masochism, but the point of real interest -- audience sadism -- is evaded completely.",1,2,neutral,positive,-2.25227427482605,-2.4526214599609375,0.3708235025405884
5,ZJM,Could The Country Bears really be as bad as its trailers?,0,2,negative,positive,-1.8725494146347046,-2.519178867340088,0.04996982216835022
5,ZJM,"At times, the movie looks genuinely pretty.",2,2,positive,positive,-2.299387216567993,-3.0207161903381348,1.4527571201324463
5,ZJM,It depends on how well flatulence gags fit into your holiday concept.,1,2,neutral,positive,-1.0533241033554077,-2.701023817062378,-0.9324824213981628
5,ZJM,"The stupidest, most insulting movie of 2002's first quarter.",0,0,negative,negative,-0.669806718826294,-1.4380602836608887,-2.0124709606170654
5,ZJM,The film seems a dead weight.,0,2,negative,positive,-2.620102882385254,-0.701244056224823,-0.4755578935146332
5,ZJM,"Sparkling, often hilarious romantic jealousy comedy... Attal looks so much like a young Robert DeNiro that it seems the film should instead be called `My Husband Is Travis Bickle'.",2,1,positive,neutral,-1.9977715015411377,-1.4374027252197266,-1.5275107622146606
5,ZJM,"I did go back and check out the last 10 minutes, but these were more repulsive than the first 30 or 40 minutes.",0,1,negative,neutral,-1.7703580856323242,-1.5595309734344482,-1.5760469436645508
5,ZJM,"A lousy movie that's not merely unwatchable, but also unlistenable.",0,0,negative,negative,-0.35882630944252014,-1.261222004890442,-2.3150157928466797
5,ZJM,One of the best films of the year with its exploration of the obstacles to happiness faced by five contemporary individuals... a psychological masterpiece.,2,0,positive,negative,-1.3667027950286865,-1.6886701583862305,-1.4686037302017212
5,ZJM,"A strong script, powerful direction and splendid production design allows us to be transported into the life of Wladyslaw Szpilman, who is not only a pianist, but a good human being.",2,2,positive,positive,-1.6430734395980835,-1.6026926040649414,-1.1724233627319336
5,ZJM,"But here's the real damn: It isn't funny, either.",0,2,negative,positive,-1.849127173423767,-2.1415319442749023,-0.3638806939125061
5,ZJM,"Qutting may be a flawed film, but it is nothing if not sincere.",1,1,neutral,neutral,-1.356831431388855,-0.8946033120155334,-1.8625085353851318
5,ZJM,It's a fanboy `what if?',1,2,neutral,positive,-1.4619325399398804,-2.415982484817505,-0.3808235228061676
5,ZJM,... something appears to have been lost in the translation this time.,0,1,negative,neutral,-1.2321103811264038,-1.1146087646484375,-1.4297397136688232
5,ZJM,"Like a documentary version of Fight Club, shorn of social insight, intellectual pretension and cinematic interest.",1,0,neutral,negative,-1.254048228263855,-1.4188992977142334,-1.9056155681610107
5,ZJM,"Stephen Rea, Aidan Quinn, and Alan Bates play Desmond's legal eagles, and when joined by Brosnan, the sight of this grandiloquent quartet lolling in pretty Irish settings is a pleasant enough thing, `tis.",2,2,positive,positive,-2.169344902038574,-2.1975321769714355,-0.5800186395645142
5,ZJM,"It's a powerful though flawed movie, guaranteed to put a lump in your throat while reaffirming Washington as possibly the best actor working in movies today.",2,0,positive,negative,-1.1695231199264526,-2.0482373237609863,-1.4937727451324463
5,ZJM,An intriguing and entertaining introduction to Johnson.,2,2,positive,positive,-1.0355908870697021,-1.415452241897583,-0.14883041381835938
5,ZJM,Everything was as superficial as the forced New Jersey lowbrow accent Uma had.,0,0,negative,negative,-0.6403151154518127,-1.3324482440948486,-2.041832447052002
5,ZJM,"Despite the holes in the story and the somewhat predictable plot, moments of the movie caused me to jump in my chair...",1,0,neutral,negative,-1.3864576816558838,-1.6299397945404053,-1.525573968887329
5,ZJM,`How many more voyages can this limping but dearly-loved franchise survive?',1,0,neutral,negative,-0.5783205032348633,-1.85166597366333,-2.0085411071777344
5,ZJM,If only the story about a multi-million dollar con bothered to include the con.,1,1,neutral,neutral,-1.401753544807434,-0.9338608980178833,-1.768399953842163
5,ZJM,"It is supremely unfunny and unentertaining to watch middle-age and older men drink to excess, piss on trees, b.s. one another and put on a show in drag.",0,2,negative,positive,-1.7091338634490967,-1.7674669027328491,-1.4201873540878296
5,ZJM,"Only a few minutes elapse before the daddy of all slashers arrives, still with the boiler suit and white mask, which look remarkably clean for a guy who has been mass-murdering since 1978 but has never been seen doing laundry.",1,1,neutral,neutral,-1.9784832000732422,-1.1575736999511719,-1.32234787940979
5,ZJM,"Showtime is one of the hapless victims of the arrogant ``if we put together a wry white man and a chatty black man and give them guns, the movie will be funny'' syndrome.",0,2,negative,positive,-1.762539267539978,-2.305263042449951,-0.9165056347846985
5,ZJM,"Whatever heartwarming scene the impressively discreet filmmakers may have expected to record with their mini DV, they show a remarkable ability to document both sides of this emotional car-wreck.",2,0,positive,negative,-1.3296712636947632,-1.708651065826416,-1.594705581665039
5,ZJM,"A zombie movie in every sense of the word -- mindless, lifeless, meandering, loud, painful, obnoxious.",0,0,negative,negative,-0.7952566146850586,-1.5834300518035889,-1.8922730684280396
5,ZJM,"It has fun with the quirks of family life, but it also treats the subject with fondness and respect.",2,0,positive,negative,-1.3012042045593262,-1.3221936225891113,-1.9059338569641113
5,ZJM,"Novak manages to capture a cruelly hilarious vein of black comedy in the situation with his cast of non-actors and a gritty, no-budget approach.",2,1,positive,neutral,-1.520210862159729,-0.7852890491485596,-1.9612274169921875
5,ZJM,"Since Lee is a sentimentalist, the film is more worshipful than your random E!",1,0,neutral,negative,-0.971455991268158,-1.3494367599487305,-1.9014886617660522
5,ZJM,"The movie is almost completely lacking in suspense, surprise and consistent emotional conviction.",0,0,negative,negative,-0.9504790902137756,-1.777259349822998,-1.7393500804901123
5,ZJM,"High Crimes knows the mistakes that bad movies make and is determined not to make them, and maybe that is nobility of a sort.",1,0,neutral,negative,-1.0703412294387817,-1.5426229238510132,-1.6123387813568115
5,ZJM,But it's too long and too convoluted and it ends in a muddle.,0,0,negative,negative,0.2502588927745819,-1.8159539699554443,-2.0436906814575195
5,ZJM,This thing works on no level whatsoever for me.,0,1,negative,neutral,-1.4005626440048218,-1.1366268396377563,-1.4409565925598145
5,ZJM,... a bland murder-on-campus yawner.,0,2,negative,positive,-1.7184616327285767,-3.075463056564331,-0.05690523982048035
5,ZJM,"One of the finest, most humane and important Holocaust movies ever made.",2,0,positive,negative,-1.0016415119171143,-1.6008131504058838,-1.7464789152145386
5,ZJM,"Suffers from rambling, repetitive dialogue and the visual drabness endemic to digital video.",0,1,negative,neutral,-1.3652410507202148,-1.2478034496307373,-1.834403395652771
5,ZJM,"The twist that ends the movie is the one with the most emotional resonance, but twists are getting irritating, and this is the kind of material where the filmmakers should be very careful about raising eyebrows.",1,1,neutral,neutral,-2.0913164615631104,-1.3207201957702637,-1.4567866325378418
5,ZJM,"Angel presents events partly from the perspective of Aurelie and Christelle, and infuses the film with the sensibility of a particularly nightmarish fairytale.",1,0,neutral,negative,-0.9994351267814636,-1.4641151428222656,-1.8899006843566895
5,ZJM,Features one of the most affecting depictions of a love affair ever committed to film.,2,1,positive,neutral,-1.1850439310073853,-0.8316715955734253,-2.287849187850952
5,ZJM,It is intensely personal and yet -- unlike Quills -- deftly shows us the temper of the times.,2,1,positive,neutral,-1.5933536291122437,-0.8824087977409363,-1.836548089981079
5,ZJM,"Even as I valiantly struggled to remain interested, or at least conscious, I could feel my eyelids... getting... very... heavy...",0,0,negative,negative,-0.6867106556892395,-0.7081992030143738,-2.1148369312286377
5,ZJM,"... a solid, well-formed satire.",2,2,positive,positive,-1.3904634714126587,-3.538926124572754,1.2744338512420654
5,ZJM,Deserves high marks for political courage but barely gets by on its artistic merits.,1,1,neutral,neutral,-1.5427796840667725,-0.6862984895706177,-1.9398064613342285
5,ZJM,Read My Lips is to be viewed and treasured for its extraordinary intelligence and originality as well as its lyrical variations on the game of love.,2,2,positive,positive,-1.5188642740249634,-1.4257683753967285,-1.2411309480667114
5,ZJM,"... creates a visceral sense of its characters' lives and conflicted emotions that carries it far above... what could have been a melodramatic, Lifetime Channel-style anthology.",1,2,neutral,positive,-1.9123941659927368,-1.4801313877105713,-1.419982671737671
5,ZJM,Reeks of rot and hack work from start to finish.,1,2,neutral,positive,-2.090937376022339,-1.3518627882003784,-0.9544337391853333
5,ZJM,Just how these families interact may surprise you.,1,2,neutral,positive,-1.5891098976135254,-2.218123435974121,-1.1725702285766602
5,ZJM,"The Movie is what happens when you blow up small potatoes to 10 times their natural size, and it ain't pretty.",0,0,negative,negative,-1.3375239372253418,-1.6053097248077393,-2.0269477367401123
5,ZJM,"Even a hardened voyeur would require the patience of Job to get through this interminable, shapeless documentary about the swinging subculture.",0,0,negative,negative,-0.8409244418144226,-1.319974660873413,-2.0104713439941406
5,ZJM,"Creepy, authentic and dark.",1,2,neutral,positive,-2.151211738586426,-0.7534035444259644,0.49775224924087524
5,ZJM,A lame romantic comedy about an unsympathetic character and someone who would not likely be so stupid as to get involved with her.,0,2,negative,positive,-1.1546796560287476,-2.752045154571533,-1.0356667041778564
5,ZJM,"Rob Schneider's infantile cross-dressing routines fill The Hot Chick, the latest gimmick from this unimaginative comedian.",0,0,negative,negative,-1.0167423486709595,-2.546835422515869,-1.0526864528656006
5,ZJM,"The film is a contrivance, as artificial as the video games Japanese teens play in a nightclub sequence, but it's an enjoyable one.",1,2,neutral,positive,-0.7538579106330872,-3.465327262878418,-0.4413945972919464
5,ZJM,"At its worst the screenplay is callow, but at its best it is a young artist's thoughtful consideration of fatherhood.",1,0,neutral,negative,-0.757256805896759,-2.58306622505188,-1.4208238124847412
5,ZJM,At 78 minutes it just zings along with vibrance and warmth.,2,0,positive,negative,0.3761114776134491,-2.3704142570495605,-1.3106722831726074
5,ZJM,"Only an epic documentary could get it all down, and Spike Lee's Jim Brown: All American at long last gives its subject a movie worthy of his talents.",2,2,positive,positive,-1.1731654405593872,-2.6125917434692383,-0.8834777474403381
5,ZJM,"As quiet, patient and tenacious as Mr. Lopez himself, who approaches his difficult, endless work with remarkable serenity and discipline.",2,0,positive,negative,-0.4479463994503021,-3.0799026489257812,-0.9287132024765015
5,ZJM,"Instead of hiding Pinocchio from critics, Miramax should have hidden it from everyone.",0,1,negative,neutral,-0.9518455266952515,-0.8899978995323181,-1.6107059717178345
5,ZJM,What a great shame that such a talented director as Chen Kaige has chosen to make his English-language debut with a film so poorly plotted and scripted.,0,2,negative,positive,-0.6369855403900146,-2.8634274005889893,-0.39500361680984497
5,ZJM,Jeffs has created a breathtakingly assured and stylish work of spare dialogue and acute expressiveness.,2,0,positive,negative,-0.10706344991922379,-2.62286114692688,-1.8320825099945068
5,ZJM,"Just about the best straight-up, old-school horror film of the last 15 years.",2,0,positive,negative,-0.5667722821235657,-1.4203917980194092,-1.7854533195495605
5,ZJM,"Gosling creates a staggeringly compelling character, a young man whose sharp intellect is at the very root of his contradictory, self-hating, self-destructive ways.",2,0,positive,negative,-0.9664762616157532,-2.0797853469848633,-1.1067960262298584
5,ZJM,"I thought the relationships were wonderful, the comedy was funny, and the love `real'.",2,0,positive,negative,-0.6628938317298889,-2.217721462249756,-0.8136312365531921
5,ZJM,Better at putting you to sleep than a sound machine.,0,0,negative,negative,0.4254100024700165,-2.2888479232788086,-3.135092258453369
5,ZJM,Feels less like a cousin to Blade Runner than like a bottom-feeder sequel in the Escape From New York series.,0,2,negative,positive,-2.2539825439453125,-2.137424945831299,-0.5743497014045715
5,ZJM,"Elegantly produced and expressively performed, the six musical numbers crystallize key plot moments into minutely detailed wonders of dreamlike ecstasy.",2,0,positive,negative,-0.8356263637542725,-1.9082348346710205,-1.3196704387664795
5,ZJM,"Ultimate X is a ride, basically the kind of greatest-hits reel that might come with a subscription to ESPN the Magazine.",1,0,neutral,negative,-0.7041797041893005,-3.079881429672241,-0.837240993976593
5,ZJM,"Celebrated at Sundance, this slight comedy of manners has winning performances and a glossy, glib charm that's hard to beat.",2,0,positive,negative,-1.1480518579483032,-2.484342098236084,-1.162953495979309
5,ZJM,"Apparently, romantic comedy with a fresh point of view just doesn't figure in the present Hollywood program.",0,0,negative,negative,-0.5761166214942932,-1.6197121143341064,-1.879640817642212
5,ZJM,That Haynes can both maintain and dismantle the facades that his genre and his character construct is a wonderous accomplishment of veracity and narrative grace.,2,2,positive,positive,-1.2700495719909668,-3.0230863094329834,-0.7880847454071045
5,ZJM,"Some elements of it really blow the big one, but other parts are decent.",1,0,neutral,negative,-0.0287080779671669,-2.255058765411377,-1.4504563808441162
5,ZJM,"No French people were harmed during the making of this movie, but they were insulted and the audience was put through torture for an hour and a half.",0,0,negative,negative,-0.3137679398059845,-2.554702043533325,-0.7763857245445251
5,ZJM,"I was feeling this movie until it veered off too far into the Exxon zone, and left me behind at the station looking for a return ticket to realism.",0,2,negative,positive,-1.2703601121902466,-1.7110676765441895,-1.1220669746398926
5,ZJM,The simplicity of The Way Home has few equals this side of Aesop.,1,0,neutral,negative,-0.6956390738487244,-2.304666757583618,-1.5742912292480469
5,ZJM,Exceptionally well acted by Diane Lane and Richard Gere.,2,0,positive,negative,-0.08107040077447891,-2.060997486114502,-1.577591896057129
5,ZJM,"Dong shows how intolerance has the power to deform families, then tear them apart.",1,0,neutral,negative,-0.7140545845031738,-2.426945686340332,-1.5155694484710693
5,ZJM,"A stupid, derivative horror film that substitutes extreme gore for suspense.",0,0,negative,negative,-0.6297652125358582,-2.3496789932250977,-1.3049371242523193
5,ZJM,It's a great American adventure and a wonderful film to bring to IMAX.,2,0,positive,negative,-1.0444616079330444,-1.7364859580993652,-1.5849355459213257
5,ZJM,It's 51 times better than this.,1,0,neutral,negative,-0.41681620478630066,-3.4238181114196777,-0.5078081488609314
5,ZJM,"It's like an old Warner Bros. costumer jived with sex -- this could be the movie Errol Flynn always wanted to make, though Bette Davis, cast as Joan, would have killed him.",1,2,neutral,positive,-0.3329329192638397,-3.8316526412963867,-0.33002769947052
5,ZJM,"A miraculous movie, I'm Going Home is so slight, yet overflows with wisdom and emotion.",2,0,positive,negative,-0.6527336239814758,-2.4030985832214355,-1.3171188831329346
5,ZJM,"A fiercely clever and subtle film, capturing the precarious balance between the extravagant confidence of the exiled aristocracy and the cruel earnestness of the victorious revolutionaries.",2,2,positive,positive,-1.0615285634994507,-2.776280641555786,-0.7279329299926758
5,ZJM,"It's as if you're watching a movie that was made in 1978 but not released then because it was so weak, and it has been unearthed and released now, when it has become even weaker.",0,2,negative,positive,-1.5251506567001343,-2.079042911529541,-0.6591433882713318
5,ZJM,Anemic chronicle of money grubbing New Yorkers and their serial loveless hook ups.,1,0,neutral,negative,0.2118825614452362,-3.174596071243286,-1.2284561395645142
5,ZJM,"Thanks to a small star with big heart, this family film sequel is plenty of fun for all.",2,0,positive,negative,-0.4765280783176422,-2.5000829696655273,-1.2034324407577515
5,ZJM,And I've decided to leave a light on every night from now on.,1,0,neutral,negative,-0.2381199300289154,-2.779651641845703,-1.5416046380996704
5,ZJM,Festers in just such a dungpile that you'd swear you were watching monkeys flinging their feces at you.,0,0,negative,negative,-0.5336686372756958,-3.2992162704467773,-1.2868995666503906
5,ZJM,under-rehearsed and lifeless,0,2,negative,positive,0.021820686757564545,-4.615607261657715,0.24806851148605347
5,ZJM,Exactly what you'd expect from a guy named Kaos.,1,0,neutral,negative,-0.4934419095516205,-3.4648656845092773,-0.6828345060348511
5,ZJM,"If legendary shlockmeister Ed Wood had ever made a movie about a vampire, it probably would look a lot like this alarming production, adapted from Anne Rice's novel The Vampire Chronicles.",1,0,neutral,negative,-1.062591791152954,-2.2063727378845215,-1.1004128456115723
5,ZJM,"For those for whom the name Woody Allen was once a guarantee of something fresh, sometimes funny, and usually genuinely worthwhile, Hollywood Ending is a depressing experience.",0,2,negative,positive,-0.7921941876411438,-2.8813352584838867,-0.4842192530632019
5,ZJM,Bella is the picture of health with boundless energy until a few days before she dies.,1,0,neutral,negative,-0.08733920007944107,-2.867522716522217,-1.508906364440918
5,ZJM,"The fun of the movie is the chance it affords to watch Jackson, who also served as executive producer, take his smooth, shrewd, powerful act abroad.",2,0,positive,negative,-0.03331843763589859,-4.238925933837891,-0.6252827048301697
5,ZJM,What should have been a cutting Hollywood satire is instead about as fresh as last week's issue of Variety.,0,0,negative,negative,0.056833527982234955,-2.04807710647583,-1.6061503887176514
5,ZJM,"Cox offers plenty of glimpses at existing photos, but there are no movies of Nijinsky, so instead the director treats us to an aimless hodgepodge.",0,0,negative,negative,-0.34839025139808655,-3.2069907188415527,-0.9700396060943604
5,ZJM,Aaliyah rarely dampens her diva persona enough to spark genuine chemistry with Townsend.,1,0,neutral,negative,-0.3100808560848236,-2.5307416915893555,-1.372894048690796
5,ZJM,Mr. Soderbergh's direction and visual style struck me as unusually and unimpressively fussy and pretentious.,0,0,negative,negative,-0.14237043261528015,-3.3825137615203857,-1.3758132457733154
5,ZJM,Mazel tov to a film about a family's joyous life acting on the Yiddish stage.,2,0,positive,negative,-0.3575269281864166,-2.239759922027588,-1.0263601541519165
5,ZJM,... would be a total loss if not for two supporting performances taking place at the movie's edges.,1,0,neutral,negative,-0.12324003130197525,-2.6404659748077393,-1.5468634366989136
5,ZJM,An inspiring and heart-affecting film about the desperate attempts of Vietnamese refugees living in U.S. relocation camps to keep their hopes alive in 1975.,2,2,positive,positive,-1.5812197923660278,-2.855175733566284,-0.2735207676887512
5,ZJM,"Loud, chaotic and largely unfunny.",0,0,negative,negative,-0.24268785119056702,-4.085071563720703,-0.9473258256912231
5,ZJM,The immersive powers of the giant screen and its hyper-realistic images are put to perfect use in the breathtakingly beautiful outer-space documentary Space Station 3D.,2,0,positive,negative,-0.952470600605011,-1.4480977058410645,-1.4308414459228516
5,ZJM,It's everything you don't go to the movies for.,0,2,negative,positive,-1.0677794218063354,-1.8037023544311523,-0.933198869228363
5,ZJM,"Harris is supposed to be the star of the story, but comes across as pretty dull and wooden.",1,0,neutral,negative,-0.6790257692337036,-1.6899322271347046,-1.2768547534942627
5,ZJM,Allen's funniest and most likeable movie in years.,2,1,positive,neutral,-1.5754146575927734,-0.5598585605621338,-0.7947830557823181
5,ZJM,"For those who pride themselves on sophisticated, discerning taste, this might not seem like the proper cup of tea, however it is almost guaranteed that even the stuffiest cinema goers will laugh their 1*** off for an hour-and-a-half.",2,2,positive,positive,-1.185855746269226,-2.2607340812683105,-0.6471045613288879
5,ZJM,"There is a refreshing absence of cynicism in Stuart Little 2 -- quite a rarity, even in the family film market.",2,0,positive,negative,-1.0005782842636108,-2.124253511428833,-1.1657342910766602
5,ZJM,There are plot holes big enough for Shamu the killer whale to swim through.,0,0,negative,negative,-0.6929829120635986,-1.8206164836883545,-1.374790906906128
5,ZJM,... always remains movingly genuine.,2,2,positive,positive,-0.6652396321296692,-1.7929468154907227,0.936299741268158
5,ZJM,"Stitch is a bad mannered, ugly and destructive little ****.",0,0,negative,negative,-0.4768810272216797,-2.196824312210083,-0.8216761350631714
5,ZJM,The cast is top-notch and I predict there will be plenty of female audience members drooling over Michael Idemoto as Michael.,2,2,positive,positive,-1.1899926662445068,-2.2391395568847656,-0.8487792015075684
5,ZJM,Kirshner and Monroe seem to be in a contest to see who can out-bad-act the other.,0,0,negative,negative,-0.4815604090690613,-2.178447723388672,-1.3211143016815186
5,ZJM,This is one of those war movies that focuses on human interaction rather than battle and action sequences... and it's all the stronger because of it.,2,0,positive,negative,-0.5632936954498291,-1.849255919456482,-1.295442819595337
5,ZJM,"Like life on the island, the movie grows boring despite the scenery.",0,1,negative,neutral,-1.198889970779419,-0.9004360437393188,-1.686694622039795
5,ZJM,It's anchored by splendid performances from an honored screen veteran and a sparkling newcomer who instantly transform themselves into a believable mother/daughter pair.,2,0,positive,negative,-0.7294629216194153,-2.2800233364105225,-0.8606804013252258
5,ZJM,An atonal estrogen opera that demonizes feminism while gifting the most sympathetic male of the piece with a nice vomit bath at his wedding.,0,0,negative,negative,-0.5576778054237366,-2.2989180088043213,-1.0568054914474487
5,ZJM,"Even by the intentionally low standards of frat-boy humor, Sorority Boys is a bowser.",0,0,negative,negative,-0.8368729948997498,-1.4389150142669678,-1.4297983646392822
5,ZJM,"Director of photography Benoit Delhomme shot the movie in delicious colors, and the costumes and sets are grand.",2,0,positive,negative,-0.4691157042980194,-1.9062557220458984,-1.605015516281128
5,ZJM,The only entertainment you'll derive from this choppy and sloppy affair will be from unintentional giggles -- several of them.,0,0,negative,negative,-0.6111833453178406,-2.0948212146759033,-1.1594655513763428
5,ZJM,The film serves as a valuable time capsule to remind us of the devastating horror suffered by an entire people.,1,0,neutral,negative,-0.7259953618049622,-2.619539737701416,-1.2094628810882568
5,ZJM,"A bittersweet contemporary comedy about benevolent deception, which, while it may not rival the filmmaker's period pieces, is still very much worth seeing.",2,0,positive,negative,-0.5963913798332214,-1.9308336973190308,-1.2178034782409668
5,ZJM,Attal pushes too hard to make this a comedy or serious drama.,0,0,negative,negative,-0.8660200238227844,-1.3389707803726196,-1.2619071006774902
5,ZJM,Isabelle Huppert excels as the enigmatic Mika and Anna Mouglalis is a stunning new young talent in one of Chabrol's most intense psychological mysteries.,2,0,positive,negative,-0.18965831398963928,-2.116887331008911,-0.9517744779586792
5,ZJM,A small movie with a big impact.,2,2,positive,positive,-1.4961214065551758,-2.0846171379089355,-0.19751296937465668
5,ZJM,This bold and lyrical first feature from Raja Amari expands the pat notion that middle-aged women just wanna have fun into a rousing treatise of sensual empowerment.,2,2,positive,positive,-1.7934621572494507,-1.816512107849121,-0.8374459743499756
5,ZJM,Photographed with melancholy richness and eloquently performed yet also decidedly uncinematic.,1,0,neutral,negative,-0.30406227707862854,-2.2848000526428223,-1.394976019859314
5,ZJM,"Hey Arnold! is now stretched to barely feature length, with a little more attention paid to the animation.",1,1,neutral,neutral,-1.4365206956863403,-1.281579852104187,-1.469369649887085
5,ZJM,"After that, it just gets stupid and maudlin.",0,2,negative,positive,-1.5993157625198364,-1.0444045066833496,-0.7771448493003845
5,ZJM,"The stunning, dreamlike visuals will impress even those viewers who have little patience for Euro-film pretension.",2,0,positive,negative,-1.1657962799072266,-1.5569344758987427,-1.243554711341858
5,ZJM,"Plods along, minus the twisted humor and eye-popping visuals that have made Miike... a cult hero.",1,0,neutral,negative,-1.19268798828125,-2.009941577911377,-1.4849237203598022
5,ZJM,"Impresses as a skillfully assembled, highly polished and professional adaptation... just about as chilling and unsettling as `Manhunter' was.",2,1,positive,neutral,-1.8079499006271362,-0.7403822541236877,-1.3731073141098022
5,ZJM,"For the most part, it's a work of incendiary genius, steering clear of knee-jerk reactions and quick solutions.",2,1,positive,neutral,-1.4530335664749146,-0.7335844039916992,-1.4823503494262695
5,ZJM,"It's badly acted, blandly directed, and could have been scripted by someone who just graduated from elementary school.",0,0,negative,negative,-0.8001059889793396,-1.9144808053970337,-1.4651427268981934
5,ZJM,"The sort of picture in which, whenever one of the characters has some serious soul searching to do, they go to a picture-perfect beach during sunset.",1,2,neutral,positive,-1.4884169101715088,-2.154897451400757,-0.9758042097091675
5,ZJM,"Despite its raucous intent, XXX is as conventional as a Nike ad and as rebellious as spring break.",1,2,neutral,positive,-1.4141292572021484,-1.518617868423462,-1.2664389610290527
5,ZJM,... a roller-coaster ride of a movie,2,2,positive,positive,-1.9861494302749634,-1.3353378772735596,1.5048272609710693
5,ZJM,"A colorful, vibrant introduction to a universal human impulse, lushly photographed and beautifully recorded.",2,0,positive,negative,-0.7927992939949036,-2.1104538440704346,-1.4467074871063232
5,ZJM,Audiard successfully maintains suspense on different levels throughout a film that is both gripping and compelling.,2,0,positive,negative,-0.8029367327690125,-1.8370271921157837,-1.6955504417419434
5,ZJM,After that it becomes long and tedious like a classroom play in a college history course.,0,1,negative,neutral,-1.47407066822052,-0.7378515601158142,-1.6831066608428955
5,ZJM,"This is cool, slick stuff, ready to quench the thirst of an audience that misses the summer blockbusters.",2,2,positive,positive,-1.2679015398025513,-1.8967618942260742,-1.1377747058868408
5,ZJM,"Blade II has a brilliant director and charismatic star, but it suffers from rampant vampire devaluation.",1,2,neutral,positive,-1.5947552919387817,-1.503643274307251,-1.2251455783843994
5,ZJM,"A loud, ugly, irritating movie without any of its satirical salvos hitting a discernible target.",0,0,negative,negative,-0.756892740726471,-1.9698840379714966,-1.44565749168396
5,ZJM,"For VeggieTales fans, this is more appetizing than a side dish of asparagus.",2,0,positive,negative,-1.1524564027786255,-1.2153747081756592,-1.728132724761963
5,ZJM,"While it regards 1967 as the key turning point of the 20th century, and returns again and again to images of dissidents in the streets, it's alarmingly current.",1,1,neutral,neutral,-1.7713148593902588,-0.9643310308456421,-1.5250704288482666
5,ZJM,A truly wonderful tale combined with stunning animation.,2,2,positive,positive,-1.7792301177978516,-1.6905596256256104,-0.3496570587158203
5,ZJM,"Nothing sticks, really, except a lingering creepiness one feels from being dragged through a sad, sordid universe of guns, drugs, avarice and damaged dreams.",0,2,negative,positive,-1.4780457019805908,-1.8274468183517456,-1.0541211366653442
5,ZJM,``Simone'' is a fun and funky look into an artificial creation in a world that thrives on artificiality.,2,0,positive,negative,-0.839926540851593,-1.7172319889068604,-1.4393138885498047
5,ZJM,"It's a hoot watching The Rock chomp on jumbo ants, pull an arrow out of his back, and leap unscathed through raging fire!",2,0,positive,negative,-1.2145955562591553,-1.469104290008545,-1.516282558441162
5,ZJM,"While Tattoo borrows heavily from both Seven and The Silence of the Lambs, it manages to maintain both a level of sophisticated intrigue and human-scale characters that suck the audience in.",2,1,positive,neutral,-1.4625929594039917,-1.2354270219802856,-1.5938913822174072
5,ZJM,A portrait of an artist.,1,2,neutral,positive,-0.8733052015304565,-2.11940336227417,0.6520161628723145
5,ZJM,"As written by Michael Berg and Michael J. Wilson from a story by Wilson, this relentless, all-wise-guys-all-the-time approach tries way too hard and gets tiring in no time at all.",0,1,negative,neutral,-1.0723994970321655,-0.9842315912246704,-1.2523143291473389
5,ZJM,"It's the best film of the year so far, the benchmark against which all other Best Picture contenders should be measured.",2,0,positive,negative,-0.7277418971061707,-1.251142144203186,-1.2423648834228516
5,ZJM,This is one of the biggest disappointments of the year.,0,0,negative,negative,-0.1747783124446869,-1.8271476030349731,-0.559946596622467
5,ZJM,It never fails to engage us.,2,2,positive,positive,-0.6607036590576172,-3.0679550170898438,0.5227077603340149
5,ZJM,"Denis forges out of the theories of class - based rage and sisterly obsession a razor-sided tuning fork that rings with cultural, sexual and social discord.",1,1,neutral,neutral,-1.1958385705947876,-1.0176970958709717,-1.372490406036377
5,ZJM,The movie slides downhill as soon as macho action conventions assert themselves.,0,0,negative,negative,-0.26890990138053894,-1.8454065322875977,-0.42320531606674194
5,ZJM,"More romantic, more emotional and ultimately more satisfying than the teary-eyed original.",2,1,positive,neutral,-0.9140375852584839,-0.6997748613357544,-1.3523402214050293
5,ZJM,"Like the best of Godard's movies... it is visually ravishing, penetrating, impenetrable.",2,0,positive,negative,-0.8472651839256287,-1.8392112255096436,-1.1435731649398804
5,ZJM,The cumulative effect of the movie is repulsive and depressing.,0,0,negative,negative,-0.7620657086372375,-1.24860680103302,-1.2036118507385254
5,ZJM,"Feels like nothing quite so much as a middle-aged moviemaker's attempt to surround himself with beautiful, half-naked women.",1,2,neutral,positive,-1.3555549383163452,-1.8761341571807861,-1.045558214187622
5,ZJM,"A very long movie, dull in stretches, with entirely too much focus on meal preparation and igloo construction.",0,0,negative,negative,-0.3706672489643097,-1.1827573776245117,-1.2990539073944092
5,ZJM,"In XXX, Diesel is that rare creature -- an action hero with table manners, and one who proves that elegance is more than tattoo deep.",2,1,positive,neutral,-1.1681278944015503,-1.0493172407150269,-1.649016261100769
5,ZJM,I'm not sure which will take longer to heal: the welt on Johnny Knoxville's stomach from a riot-control projectile or my own tortured psyche.,0,1,negative,neutral,-1.7725549936294556,-0.5932028293609619,-1.2766501903533936
5,ZJM,"While Serving Sara does have a long way to go before it reaches the level of crudity in the latest Austin Powers extravaganza, there's nothing here to match that movie's intermittent moments of inspiration.",1,2,neutral,positive,-1.3206819295883179,-1.1675872802734375,-1.1092665195465088
5,ZJM,"It's difficult to conceive of anyone who has reached puberty actually finding the characters in Slackers or their antics amusing, let alone funny.",0,1,negative,neutral,-1.5540319681167603,-0.5148742198944092,-1.407559871673584
5,ZJM,"It never is, not fully.",1,2,neutral,positive,-1.8444374799728394,-1.6523706912994385,-0.08878546953201294
5,ZJM,"Not only is Undercover Brother as funny, if not more so, than both Austin Powers films, but it's also one of the smarter, savvier spoofs to come along in some time.",2,1,positive,neutral,-1.8754855394363403,-0.893123984336853,-1.3010444641113281
5,ZJM,It should be mentioned that the set design and interiors of the haunted vessel are more than effectively creepy and moodily lit.,2,0,positive,negative,-0.8197076916694641,-1.1677790880203247,-1.3535854816436768
5,ZJM,"With the exception of some fleetingly amusing improvisations by Cedric the Entertainer as Perry's boss, there isn't a redeeming moment here.",0,0,negative,negative,-0.14550015330314636,-1.4318698644638062,-1.107297658920288
5,ZJM,It's a funny little movie with clever dialogue and likeable characters.,2,0,positive,negative,-0.26998957991600037,-1.471928358078003,-1.1933345794677734
5,ZJM,"``13 Conversations'' holds its goodwill close, but is relatively slow to come to the point.",1,2,neutral,positive,-1.187984824180603,-2.2037041187286377,-1.0345544815063477
5,ZJM,"Not the kind of film that will appeal to a mainstream American audience, but there is a certain charm about the film that makes it a suitable entry into the fest circuit.",2,1,positive,neutral,-1.6252532005310059,-1.1873352527618408,-1.3009527921676636
5,ZJM,"You come away wishing, though, that the movie spent a lot less time trying to make a credible case for reports from the afterlife and a lot more time on the romantic urgency that's at the center of the story.",1,1,neutral,neutral,-1.7942780256271362,-0.13583402335643768,-1.6860532760620117
5,ZJM,The movie is virtually without context -- journalistic or historical.,0,1,negative,neutral,-1.4171820878982544,-0.6962674856185913,-0.9173001646995544
5,ZJM,"After sitting through this sloppy, made-for-movie comedy special, it makes me wonder if Lawrence hates criticism so much that he refuses to evaluate his own work.",0,1,negative,neutral,-1.1485172510147095,-0.5810631513595581,-1.709166407585144
5,ZJM,Genuinely touching because it's realistic about all kinds of love.,2,0,positive,negative,-0.6457216143608093,-1.5853503942489624,-1.5438754558563232
5,ZJM,"For all the complications, it's all surprisingly predictable.",1,0,neutral,negative,-0.5479291081428528,-1.8242241144180298,-1.0764927864074707
5,ZJM,"Armed with a game supporting cast, from the pitch-perfect Forster to the always hilarious Meara and Levy, Like Mike shoots and scores, doing its namesake proud.",2,1,positive,neutral,-1.9204535484313965,-0.2481534630060196,-1.972240686416626
5,ZJM,It will guarantee to have you leaving the theater with a smile on your face.,2,0,positive,negative,0.054718755185604095,-1.4953285455703735,-1.1759331226348877
5,ZJM,"The misery of these people becomes just another voyeuristic spectacle, to be consumed and forgotten.",0,0,negative,negative,-0.8540785312652588,-1.186586618423462,-1.2645046710968018
5,ZJM,"A thoroughly awful movie -- dumb, narratively chaotic, visually sloppy... a weird amalgam of `The Thing' and a geriatric `Scream.'",0,1,negative,neutral,-0.8984261751174927,-0.5734255313873291,-1.5379042625427246
5,ZJM,"One of those staggeringly well-produced, joylessly extravagant pictures that keep whooshing you from one visual marvel to the next, hastily, emptily.",1,0,neutral,negative,-0.9889214038848877,-1.6828306913375854,-1.2694711685180664
5,ZJM,"Measured against practically any like-themed film other than its Oscar-sweeping franchise predecessor The Silence of the Lambs, Red Dragon rates as an exceptional thriller.",2,0,positive,negative,-0.16516056656837463,-1.8677051067352295,-0.8347299695014954
5,ZJM,"The movie has no respect for laws, political correctness or common decency, but it displays something more important: respect for its flawed, crazy people.",1,1,neutral,neutral,-0.7260920405387878,-0.4240763485431671,-1.352807641029358
5,ZJM,"In a strange way, Egoyan has done too much.",1,0,neutral,negative,-0.9012929201126099,-1.5846514701843262,-1.0682320594787598
5,ZJM,"After seeing the film, I can tell you that there's no other reason why anyone should bother remembering it.",0,1,negative,neutral,-1.0127625465393066,-0.9221402406692505,-1.6732426881790161
5,ZJM,The film is darkly funny in its observation of just how much more grueling and time-consuming the illusion of work is than actual work.,2,0,positive,negative,-0.10121963173151016,-0.3251035213470459,-2.245973825454712
5,ZJM,"In some ways, Lagaan is quintessential Bollywood.",1,2,neutral,positive,-1.3117386102676392,-0.42931291460990906,0.23995965719223022
5,ZJM,"Pacino and Williams seem to keep upping the ante on each other, just as their characters do in the film.",2,1,positive,neutral,-1.0104509592056274,-0.9861546754837036,-1.64083731174469
5,ZJM,"It would be disingenuous to call Reno a great film, but you can say that about most of the flicks moving in and out of the multiplex.",1,2,neutral,positive,-1.2984963655471802,-1.1584391593933105,-1.0809720754623413
5,ZJM,"Some movies can get by without being funny simply by structuring the scenes as if they were jokes: a setup, delivery and payoff.",1,0,neutral,negative,-0.24855640530586243,-0.7472999095916748,-1.754378318786621
5,ZJM,Narc can only remind us of brilliant crime dramas without becoming one itself.,1,0,neutral,negative,-0.27238282561302185,-0.4531356394290924,-1.974726915359497
5,ZJM,Narc is a no-bull throwback to 1970s action films.,2,0,positive,negative,0.10096534341573715,-0.9930980205535889,-1.4594178199768066
5,ZJM,Intriguing and downright intoxicating.,2,1,positive,neutral,-1.4647635221481323,-0.3452269732952118,-1.6115530729293823
5,ZJM,"The wonderful combination of the sweetness and the extraordinary technical accomplishments of the first film are maintained, but its overall impact falls a little flat with a storyline that never quite delivers the original magic.",1,1,neutral,neutral,-1.4933019876480103,-0.5060731768608093,-2.2385857105255127
5,ZJM,Perhaps the most annoying thing about Who Is Cletis Tout? is that it's a crime movie made by someone who obviously knows nothing about crime.,0,0,negative,negative,-0.8388529419898987,-1.5770466327667236,-1.4584122896194458
5,ZJM,"In addition to scoring high for originality of plot -- putting together familiar themes of family, forgiveness and love in a new way -- Lilo & Stitch has a number of other assets to commend it to movie audiences both innocent and jaded.",2,1,positive,neutral,-1.0356544256210327,-0.6182543039321899,-1.5620336532592773
5,ZJM,The quirky drama touches the heart and the funnybone thanks to the energetic and always surprising performance by Rachel Griffiths.,2,0,positive,negative,0.15490886569023132,-0.9813330173492432,-2.159806966781616
5,ZJM,"At its worst, it implodes in a series of very bad special effects.",0,0,negative,negative,-0.07403788715600967,-1.1405680179595947,-1.1599948406219482
5,ZJM,Bad and baffling from the get-go.,0,2,negative,positive,-0.8392381072044373,-2.285385847091675,1.1874467134475708
5,ZJM,"The movie is a blast of educational energy, as bouncy animation and catchy songs escort you through the entire 85 minutes.",2,1,positive,neutral,-1.1926881074905396,-0.7065542340278625,-1.7147690057754517
5,ZJM,The original wasn't a good movie but this remake makes it look like a masterpiece!,0,1,negative,neutral,-1.5813485383987427,-0.6081483364105225,-1.3989570140838623
5,ZJM,"To my taste, the film's comic characters come perilously close to being Amoses and Andys for a new generation.",1,1,neutral,neutral,-1.3175625801086426,-0.9646446108818054,-1.2749519348144531
5,ZJM,"Although the sequel has all the outward elements of the original, the first film's lovely flakiness is gone, replaced by the forced funniness found in the dullest kiddie flicks.",0,1,negative,neutral,-1.7556668519973755,-0.33516648411750793,-1.073454737663269
5,ZJM,"The real charm of this trifle is the deadpan comic face of its star, Jean Reno, who resembles Sly Stallone in a hot sake half-sleep.",1,1,neutral,neutral,-1.4086464643478394,-0.2166011780500412,-2.0353963375091553
5,ZJM,"... a cute and sometimes side-splittingly funny blend of Legally Blonde and Drop Dead Gorgeous, starring Piper Perabo in what could be her breakthrough role.",2,2,positive,positive,-1.1835132837295532,-1.2801218032836914,-0.7552384734153748
5,ZJM,"This method almost never fails him, and it works superbly here.",2,1,positive,neutral,-0.8672237992286682,-0.7644071578979492,-1.593894124031067
5,ZJM,Few films capture so perfectly the hopes and dreams of little boys on baseball fields as well as the grown men who sit in the stands.,2,0,positive,negative,-0.8717060089111328,-1.8448011875152588,-0.9668629765510559
5,ZJM,Steers has an unexpectedly adamant streak of warm-blooded empathy for all his disparate Manhattan denizens -- especially the a**holes.,1,1,neutral,neutral,-1.5798920392990112,-0.48389431834220886,-1.4412546157836914
5,ZJM,"The Emperor's Club is one of those films that possesses all the good intentions in the world, but...",1,0,neutral,negative,-0.6736262440681458,-1.1594758033752441,-1.6843843460083008
5,ZJM,The most compelling performance of the year adds substantial depth to this shocking testament to anti-Semitism and neo-fascism.,2,1,positive,neutral,-1.0704469680786133,-0.6648828983306885,-1.2707445621490479
5,ZJM,"LaBute can't avoid a fatal mistake in the modern era: He's changed the male academic from a lower-class Brit to an American, a choice that upsets the novel's exquisite balance and shreds the fabric of the film.",1,1,neutral,neutral,-2.219470739364624,-0.18649910390377045,-1.409593105316162
5,ZJM,A biopic about Crane's life in the classic tradition but evolves into what has become of us all in the era of video.,1,1,neutral,neutral,-0.861065685749054,-0.43852749466896057,-1.311326026916504
5,ZJM,"A work of extraordinary journalism, but it is also a work of deft and subtle poetry.",2,1,positive,neutral,-1.0484648942947388,-0.24588654935359955,-1.8638633489608765
5,ZJM,... think of it as American Pie On Valium.,1,0,neutral,negative,-0.7369206547737122,-0.8548688888549805,-2.078648328781128
5,ZJM,Gere gives a good performance in a film that doesn't merit it.,1,0,neutral,negative,-1.3466593027114868,-1.6002278327941895,-1.4750676155090332
5,ZJM,The Pianist is Polanski's best film.,2,1,positive,neutral,-1.9895330667495728,0.3198929727077484,-1.5544718503952026
5,ZJM,Maybe Thomas Wolfe was right: You can't go home again.,1,0,neutral,negative,-1.0260945558547974,-1.4094696044921875,-1.3367600440979004
5,ZJM,"The director, with his fake backdrops and stately pacing, never settles on a consistent tone.",0,1,negative,neutral,-1.3683303594589233,-0.8166715502738953,-1.6645931005477905
5,ZJM,"Why he was given free reign over this project -- he wrote, directed, starred and produced -- is beyond me.",0,1,negative,neutral,-1.372529149055481,-0.5973143577575684,-1.363383412361145
5,ZJM,"If you enjoy being rewarded by a script that assumes you aren't very bright, then Blood Work is for you.",0,1,negative,neutral,-0.9259422421455383,-0.6963077187538147,-1.118013858795166
5,ZJM,"Like Rudy Yellow Lodge, Eyre needs to take a good sweat to clarify his cinematic vision before his next creation and remember the lessons of the trickster spider.",0,1,negative,neutral,-1.3941757678985596,-0.6306263208389282,-1.267812728881836
5,ZJM,But his showboating wise-cracker stock persona sure is getting old.,1,1,neutral,neutral,-0.9286460280418396,-0.2864110469818115,-1.328680396080017
5,ZJM,"Circuit queens won't learn a thing, they'll be too busy cursing the film's strategically placed white sheets.",1,1,neutral,neutral,-0.8682706356048584,-0.6890809535980225,-1.853730320930481
5,ZJM,"A lot of talent is wasted in this crass, low-wattage endeavor.",0,1,negative,neutral,-0.6787213087081909,-0.6395261883735657,-1.6730822324752808
5,ZJM,"Alain Choquart's camera barely stops moving, portraying both the turmoil of the time and giving Conduct a perpetual sense of urgency, which, for a film that takes nearly three hours to unspool, is both funny and irritating.",1,1,neutral,neutral,-1.7219513654708862,-0.3708256185054779,-0.8298121094703674
5,ZJM,The second coming of Harry Potter is a film far superior to its predecessor.,2,2,positive,positive,-1.0282143354415894,-1.2733873128890991,-0.8796917796134949
5,ZJM,This stuck pig of a movie flails limply between bizarre comedy and pallid horror.,0,1,negative,neutral,-1.2067965269088745,-0.1391005963087082,-1.472034215927124
5,ZJM,"The film just might turn on many people to opera, in general, an art form at once visceral and spiritual, wonderfully vulgar and sublimely lofty -- and as emotionally grand as life.",2,1,positive,neutral,-1.587103009223938,-0.5897753238677979,-1.4623383283615112
5,ZJM,"The delicious trimmings... arrive early and stay late, filling nearly every minute... with a lighthearted glow, some impudent snickers, and a glorious dose of humankind's liberating ability to triumph over a Scrooge or two.",2,2,positive,positive,-2.18820858001709,-0.940601646900177,-0.732461154460907
5,ZJM,"The inhospitability of the land emphasizes the spare precision of the narratives and helps to give them an atavistic power, as if they were tales that had been handed down since the beginning of time.",1,2,neutral,positive,-2.18887996673584,-1.0578551292419434,-0.3681035339832306
5,ZJM,Even more baffling is that it's funny.,1,1,neutral,neutral,-0.8893709778785706,-0.7109288573265076,-0.8147217631340027
5,ZJM,"Parker should be commended for taking a fresh approach to familiar material, but his determination to remain true to the original text leads him to adopt a somewhat mannered tone... that ultimately dulls the human tragedy at the story's core.",1,2,neutral,positive,-2.3668692111968994,-1.1299536228179932,-0.4240969717502594
5,ZJM,"Hard, endearing, caring, warm.",2,2,positive,positive,-1.517506718635559,-2.569525718688965,2.6339175701141357
5,ZJM,"I have no problem with ``difficult'' movies, or movies that ask the audience to meet them halfway and connect the dots instead of having things all spelled out.",1,2,neutral,positive,-1.656089186668396,-1.2225663661956787,-1.0717713832855225
5,ZJM,The way Coppola professes his love for movies -- both colorful pop junk and the classics that unequivocally qualify as art -- is giddily entertaining.,2,1,positive,neutral,-1.2364007234573364,-1.1285492181777954,-1.2497599124908447
5,ZJM,Both the crime story and the love story are unusual.,1,1,neutral,neutral,-1.3987277746200562,-0.4055166244506836,-1.687024474143982
5,ZJM,It's never a good sign when a film's star spends the entirety of the film in a coma.,0,0,negative,negative,-0.5700088143348694,-1.1421177387237549,-1.6200592517852783
5,ZJM,A creaky staircase gothic.,1,2,neutral,positive,-1.7701359987258911,-3.0162148475646973,0.851502537727356
5,ZJM,"If there's a way to effectively teach kids about the dangers of drugs, I think it's in projects like the (unfortunately R-rated) Paid.",1,2,neutral,positive,-1.0475577116012573,-0.9488347768783569,-0.7752110362052917
5,ZJM,"If you're a WWF fan, or you related to the people who watched the robots getting butchered in A.I., you'll probably like Rollerball.",1,1,neutral,neutral,-1.4447177648544312,-1.0966501235961914,-1.1107616424560547
5,ZJM,Norton holds the film together.,1,2,neutral,positive,-1.2702304124832153,-1.4234650135040283,-0.44476908445358276
5,ZJM,"A breathtaking adventure for all ages, Spirit tells its poignant and uplifting story in a stunning fusion of music and images.",2,1,positive,neutral,-1.4844204187393188,-0.9762839674949646,-1.578459620475769
5,ZJM,It won't bust your gut -- and it's not intended to -- it's merely a blandly cinematic surgical examination of what makes a joke a joke.,1,0,neutral,negative,0.11702021211385727,-1.1466522216796875,-2.456239938735962
5,ZJM,Largely a for-fans artifact.,1,2,neutral,positive,-1.4012583494186401,-2.1846749782562256,-1.0635688304901123
5,ZJM,A movie so bad that it quickly enters the pantheon of wreckage that includes Battlefield Earth and Showgirls.,0,0,negative,negative,-0.9895324110984802,-1.0911610126495361,-1.7196171283721924
5,ZJM,"If you're over 25, have an IQ over 90, and have a driver's license, you should be able to find better entertainment.",0,2,negative,positive,-1.0766507387161255,-2.290090322494507,-1.0019640922546387
5,ZJM,A solid piece of journalistic work that draws a picture of a man for whom political expedience became a deadly foreign policy.,1,2,neutral,positive,-1.378016471862793,-1.7709025144577026,-1.0506850481033325
5,ZJM,"The doofus-on-the-loose banter of Welcome to Collinwood has a cocky, after-hours loopiness to it.",1,1,neutral,neutral,-1.7063899040222168,-0.5428712368011475,-1.244926929473877
5,ZJM,It's the funniest American comedy since Graffiti Bridge.,2,1,positive,neutral,-1.5417648553848267,-0.3411560356616974,-0.7326592803001404
5,ZJM,Samuel Beckett applied to the Iranian voting process.,1,2,neutral,positive,-1.1579818725585938,-1.567626953125,-0.6132277250289917
5,ZJM,A strangely compelling and brilliantly acted psychological drama.,2,0,positive,negative,-0.9813143610954285,-1.138725757598877,-1.014095425605774
5,ZJM,"Often gruelling and heartbreaking to witness, but Seldahl and Wollter's sterling performances raise this far above the level of the usual maudlin disease movie.",2,0,positive,negative,-0.9321250915527344,-1.4447684288024902,-1.0158082246780396
5,ZJM,"This enthralling documentary... is at once playful and haunting, an in-depth portrait of an iconoclastic artist who was fundamentally unknowable even to his closest friends.",2,2,positive,positive,-1.3477431535720825,-1.406578540802002,-0.8842864036560059
5,ZJM,"I didn't laugh at the ongoing efforts of Cube, and his skinny buddy Mike Epps, to make like Laurel and Hardy'n the hood.",0,1,negative,neutral,-0.7194034457206726,-0.5709953308105469,-1.9437376260757446
5,ZJM,"At its best when the guarded, resentful Betty and the manipulative yet needy Margot are front and center.",1,0,neutral,negative,-0.8068332076072693,-0.871387243270874,-1.8326082229614258
5,ZJM,Ford deserves to be remembered at Oscar time for crafting this wonderful portrait of a conflicted soldier.,2,0,positive,negative,-1.0723410844802856,-1.4370217323303223,-1.4531958103179932
5,ZJM,"That is essentially what's missing from Blackboards -- the sense of something bigger, some ultimate point.",1,0,neutral,negative,-0.7396748661994934,-0.9925622940063477,-1.8115975856781006
5,ZJM,"It's a bizarre curiosity memorable mainly for the way it fritters away its potentially interesting subject matter via a banal script, unimpressive acting and indifferent direction.",1,2,neutral,positive,-1.1433707475662231,-1.5237889289855957,-0.7842844128608704
5,ZJM,"While obviously an extremely personal work, it remains inextricably stuck in an emotionally unavailable rut.",1,1,neutral,neutral,-1.0123368501663208,-0.9029191732406616,-1.5542192459106445
5,ZJM,"A dim-witted and lazy spin-off of the Animal Planet documentary series, Crocodile Hunter is entertainment opportunism at its most glaring.",0,0,negative,negative,-0.7366148829460144,-1.5595380067825317,-1.307103157043457
5,ZJM,"The good is very, very good... The rest runs from mildly unimpressive to despairingly awful.",1,0,neutral,negative,-0.8266210556030273,-1.0997637510299683,-1.145796537399292
5,ZJM,"Methodical, measured, and gently tedious in its comedy, Secret Ballot is a purposefully reductive movie -- which may be why it's so successful at lodging itself in the brain.",2,1,positive,neutral,-1.6824454069137573,-0.612968921661377,-1.2344274520874023
5,ZJM,One of the most exciting action films to come out of China in recent years.,2,1,positive,neutral,-1.3197442293167114,-0.44660988450050354,-1.0181035995483398
5,ZJM,Adam Sandler's Eight Crazy Nights grows on you -- like a rash.,0,0,negative,negative,-0.2980102598667145,-1.3907123804092407,-1.472599744796753
5,ZJM,"The film feels formulaic, its plot and pacing typical Hollywood war-movie stuff, while the performances elicit more of a sense of deja vu than awe.",0,1,negative,neutral,-0.8531741499900818,-0.8273049592971802,-1.5798735618591309
5,ZJM,"... pitiful, slapdash disaster.",0,2,negative,positive,-1.9501242637634277,-0.7898025512695312,-0.2396104335784912
5,ZJM,"As it stands, there's some fine sex onscreen, and some tense arguing, but not a whole lot more.",1,0,neutral,negative,-0.6671749949455261,-0.7180947065353394,-1.6492289304733276
5,ZJM,It's neither as romantic nor as thrilling as it should be.,0,1,negative,neutral,-1.332971453666687,-0.43230363726615906,-0.900942862033844
5,ZJM,Returning director Rob Minkoff... and screenwriter Bruce Joel Rubin... have done a fine job of updating White's dry wit to a new age.,2,2,positive,positive,-0.6039029359817505,-1.9445443153381348,-0.5728453993797302
5,ZJM,"The Venezuelans say things like ``si, pretty much'' and ``por favor, go home'' when talking to Americans.",1,1,neutral,neutral,-1.093532919883728,-0.8207943439483643,-1.3882379531860352
5,ZJM,"If you already like this sort of thing, this is that sort of thing all over again.",1,0,neutral,negative,-1.0417410135269165,-1.429405689239502,-1.2780518531799316
5,ZJM,An awful movie that will only satisfy the most emotionally malleable of filmgoers.,0,0,negative,negative,0.06836190074682236,-0.8705571889877319,-1.5419325828552246
5,ZJM,"This is an extraordinary film, not least because it is Japanese and yet feels universal.",2,0,positive,negative,-0.8893337845802307,-1.054612636566162,-1.9061973094940186
5,ZJM,"Aptly named, this shimmering, beautifully costumed and filmed production doesn't work for me.",1,1,neutral,neutral,-1.0282673835754395,-0.7176947593688965,-2.0821287631988525
5,ZJM,"If Borstal Boy isn't especially realistic, it is an engaging nostalgia piece.",1,2,neutral,positive,-0.9839747548103333,-1.8160744905471802,-0.8496806025505066
5,ZJM,Griffiths proves she's that rare luminary who continually raises the standard of her profession.,2,0,positive,negative,-0.8252019286155701,-0.9458590745925903,-1.2344551086425781
5,ZJM,"The asylum material is gripping, as are the scenes of Jia with his family.",2,0,positive,negative,-0.6309307813644409,-1.1226245164871216,-1.7775626182556152
5,ZJM,"... by the time it's done with us, Mira Nair's new movie has its audience giddy with the delight of discovery, of having been immersed in a foreign culture only to find that human nature is pretty much the same all over.",2,1,positive,neutral,-1.7269656658172607,-0.5341151356697083,-1.4210896492004395
5,ZJM,... about as exciting to watch as two last-place basketball teams playing one another on the final day of the season.,0,1,negative,neutral,-1.0285786390304565,-0.8631756901741028,-1.1129863262176514
5,ZJM,Girls gone wild and gone civil again,1,2,neutral,positive,-2.2006049156188965,-1.1426929235458374,-0.028106870129704475
5,ZJM,To say Analyze That is De Niro's best film since Meet the Parents sums up the sad state of his recent career.,1,0,neutral,negative,-0.693866491317749,-1.5971035957336426,-1.1066220998764038
5,ZJM,"Like being trapped inside a huge video game, where exciting, inane images keep popping past your head and the same illogical things keep happening over and over again.",1,1,neutral,neutral,-1.4636621475219727,-0.9506498575210571,-1.5517282485961914
5,ZJM,`Enigma' is the kind of engaging historical drama that Hollywood appears to have given up on in favor of sentimental war movies in the vein of `We Were Soldiers.',1,1,neutral,neutral,-1.1371287107467651,-0.9039945602416992,-1.4385071992874146
5,ZJM,The Rock has a great presence but one battle after another is not the same as one battle followed by killer CGI effects.,1,2,neutral,positive,-1.056727647781372,-1.4251662492752075,-0.919067919254303
5,ZJM,Visually sumptuous but intellectually stultifying.,1,2,neutral,positive,-2.5160441398620605,-1.0598481893539429,-0.3676447868347168
5,ZJM,"So young, so smart, such talent, such a wise ***.",2,1,positive,neutral,-0.932122528553009,-0.6786156892776489,-1.5064506530761719
5,ZJM,"The problem is that for the most part, the film is deadly dull.",0,2,negative,positive,-0.8894844651222229,-1.398606300354004,-0.6561398506164551
5,ZJM,A thinly veiled look at different aspects of Chinese life clashing with each other.,1,2,neutral,positive,-1.599538803100586,-1.2960097789764404,-0.9151965975761414
5,ZJM,An exhilarating experience.,2,2,positive,positive,-1.3858671188354492,-1.4095900058746338,2.9178290367126465
5,ZJM,Its vision of that awkward age when sex threatens to overwhelm everything else is acute enough to make everyone who has been there squirm with recognition.,1,2,neutral,positive,-1.775965690612793,-1.1961259841918945,-0.7328053712844849
5,ZJM,Remarkably accessible and affecting.,2,2,positive,positive,-2.326676607131958,-0.5235003232955933,-0.17602872848510742
5,ZJM,"The climactic events are so well realized that you may forget all about the original conflict, just like the movie does.",1,1,neutral,neutral,-1.3139547109603882,-0.7786428928375244,-0.8829129934310913
5,ZJM,Distinctly sub-par... more likely to drown a viewer in boredom than to send any shivers down his spine.,0,1,negative,neutral,-1.2119464874267578,-1.0052292346954346,-1.1547999382019043
5,ZJM,Godard's ode to tackling life's wonderment is a rambling and incoherent manifesto about the vagueness of topical excess... In Praise of Love remains a ponderous and pretentious endeavor that's unfocused and tediously exasperating.,0,2,negative,positive,-1.8748048543930054,-1.2704366445541382,-0.9886610507965088
5,ZJM,"We never truly come to care about the main characters and whether or not they'll wind up together, and Michele's spiritual quest is neither amusing nor dramatic enough to sustain interest.",0,2,negative,positive,-1.5203543901443481,-1.795492172241211,-0.26728537678718567
5,ZJM,"Most haunting about ``Fence'' is its conclusion, when we hear the ultimate fate of these girls and realize, much to our dismay, that this really did happen.",2,2,positive,positive,-1.2141677141189575,-2.2051949501037598,0.15592491626739502
5,ZJM,"Bogdanovich taps deep into the Hearst mystique, entertainingly reenacting a historic scandal.",2,2,positive,positive,-2.210721969604492,-0.6452314853668213,-0.18399539589881897
5,ZJM,"Peralta's mythmaking could have used some informed, adult hindsight.",1,0,neutral,negative,-0.8172919750213623,-1.7714602947235107,-1.080054521560669
5,ZJM,"``My god, I'm behaving like an idiot!''",1,1,neutral,neutral,-1.0983401536941528,-0.25537797808647156,-1.0765548944473267
5,ZJM,"Devos and Cassel have tremendous chemistry -- their sexual and romantic tension, while never really vocalized, is palpable.",2,0,positive,negative,-0.8023300170898438,-1.5025694370269775,-1.0913928747177124
5,ZJM,"As a girl-meets-girl romantic comedy, Kissing Jessica Steinis quirky, charming and often hilarious.",2,0,positive,negative,-1.055904746055603,-1.0936472415924072,-1.122259497642517
5,ZJM,"... a haunting vision, with images that seem more like disturbing hallucinations.",0,0,negative,negative,-0.3558679521083832,-1.1841737031936646,-1.655689001083374
5,ZJM,"As a remake, it's a pale imitation.",0,0,negative,negative,-0.8668117523193359,-1.0320988893508911,-0.9739473462104797
5,ZJM,Adults will certainly want to spend their time in the theater thinking up grocery lists and ways to tell their kids how not to act like Pinocchio.,1,2,neutral,positive,-1.5069732666015625,-1.4204387664794922,-0.749450147151947
5,ZJM,"Not as distinctive or even as humorous as its needs to be to stand out, but it has clearly been made with affection and care.",1,0,neutral,negative,-0.7413206696510315,-1.3193681240081787,-1.227664828300476
5,ZJM,A generic family comedy unlikely to be appreciated by anyone outside the under-10 set.,0,0,negative,negative,-0.2890615165233612,-1.2568657398223877,-1.5937011241912842
5,ZJM,"An amalgam of The Fugitive, Blade Runner, and Total Recall, only without much energy or tension.",1,0,neutral,negative,-0.9946224689483643,-1.030541181564331,-1.3323864936828613
5,ZJM,"Everything its title implies, a standard-issue crime drama spat out from the Tinseltown assembly line.",1,0,neutral,negative,-1.0131160020828247,-1.2729415893554688,-1.0891525745391846
5,ZJM,"This odd, poetic road movie, spiked by jolts of pop music, pretty much takes place in Morton's ever-watchful gaze -- and it's a tribute to the actress, and to her inventive director, that the journey is such a mesmerizing one.",2,2,positive,positive,-1.7821942567825317,-1.0584087371826172,-0.6766161918640137
5,ZJM,"Co-writer/director Jonathan Parker's attempts to fashion a Brazil-like, hyper-real satire fall dreadfully short.",0,0,negative,negative,-0.5815373063087463,-1.3887797594070435,-1.4120664596557617
5,ZJM,"An amateurish, quasi-improvised acting exercise shot on ugly digital video.",0,0,negative,negative,-0.47510242462158203,-1.2559490203857422,-1.1165165901184082
5,ZJM,"``The Kid Stays in the Picture'' is a great story, terrifically told by the man who wrote it but this Cliff Notes edition is a cheat.",1,0,neutral,negative,-0.2650032937526703,-2.2990925312042236,-0.64901202917099
5,ZJM,"A gratingly unfunny groaner littered with zero-dimensional, unlikable characters and hackneyed, threadbare comic setups.",0,0,negative,negative,-0.06863633543252945,-2.084906578063965,-0.8083062767982483
5,ZJM,"While this gentle and affecting melodrama will have luvvies in raptures, it's far too slight and introspective to appeal to anything wider than a niche audience.",1,0,neutral,negative,-0.6920410394668579,-1.5589203834533691,-1.4912314414978027
5,ZJM,Griffin & Co. manage to be spectacularly outrageous.,2,0,positive,negative,0.42212584614753723,-2.0306923389434814,0.03466236591339111
5,ZJM,"A profoundly stupid affair, populating its hackneyed and meanspirited storyline with cardboard characters and performers who value cash above credibility.",0,0,negative,negative,-0.2687899172306061,-1.5776623487472534,-1.419027328491211
5,ZJM,"Warm Water Under a Red Bridge is a quirky and poignant Japanese film that explores the fascinating connections between women, water, nature, and sexuality.",2,2,positive,positive,-0.9022271037101746,-1.9796338081359863,-0.28194981813430786
5,ZJM,It isn't that Stealing Harvard is a horrible movie -- if only it were that grand a failure!,0,0,negative,negative,0.09530039876699448,-1.0666007995605469,-1.4069724082946777
5,ZJM,It just doesn't have much else... especially in a moral sense.,1,0,neutral,negative,0.9829952716827393,-2.013145685195923,-1.2523102760314941
5,ZJM,Those unfamiliar with Mormon traditions may find The Singles Ward occasionally bewildering.,1,0,neutral,negative,-1.0311113595962524,-1.3815217018127441,-1.3224608898162842
5,ZJM,"Viewed as a comedy, a romance, a fairy tale, or a drama, there's nothing remotely triumphant about this motion picture.",1,0,neutral,negative,-0.6233230829238892,-1.1493570804595947,-1.158097505569458
5,ZJM,"But the talented cast alone will keep you watching, as will the fight scenes.",2,0,positive,negative,-0.46051108837127686,-1.4585902690887451,-0.9701618552207947
5,ZJM,It's solid and affecting and exactly as thought-provoking as it should be.,2,0,positive,negative,0.08910658210515976,-2.0818700790405273,-0.7146990895271301
5,ZJM,"Thanks largely to Williams, all the interesting developments are processed in 60 minutes -- the rest is just an overexposed waste of film.",0,0,negative,negative,0.3171583116054535,-1.8423867225646973,-1.4191031455993652
5,ZJM,"Cantet perfectly captures the hotel lobbies, two-lane highways, and roadside cafes that permeate Vincent's days",2,0,positive,negative,-0.44619670510292053,-2.3404958248138428,-0.9910909533500671
5,ZJM,"An important movie, a reminder of the power of film to move us and to make us examine our values.",2,2,positive,positive,-1.3085767030715942,-1.249800205230713,-0.969327449798584
5,ZJM,"Too much of this well-acted but dangerously slow thriller feels like a preamble to a bigger, more complicated story, one that never materializes.",0,0,negative,negative,0.7341734766960144,-2.0850350856781006,-1.275259017944336
5,ZJM,A richly imagined and admirably mature work from a gifted director who definitely has something on his mind.,2,0,positive,negative,0.2652924954891205,-1.4861443042755127,-1.27109694480896
5,ZJM,"The art direction is often exquisite, and the anthropomorphic animal characters are beautifully realized through clever makeup design, leaving one to hope that the eventual DVD release will offer subtitles and the original Italian-language soundtrack.",2,0,positive,negative,-0.3208039104938507,-0.8998761773109436,-1.5542190074920654
5,ZJM,"... Jones, despite a definitely distinctive screen presence, just isn't able to muster for a movie that, its title notwithstanding, should have been a lot nastier if it wanted to fully capitalize on its lead's specific gifts.",1,0,neutral,negative,-0.2177211344242096,-1.715212345123291,-1.0495579242706299
5,ZJM,But what's nice is that there's a casual intelligence that permeates the script.,2,0,positive,negative,1.5296461582183838,-2.2206239700317383,-1.8580198287963867
5,ZJM,Wedding feels a bit anachronistic.,0,1,negative,neutral,-0.8566290736198425,-0.37020114064216614,-0.9878718852996826
5,ZJM,"An action/thriller of the finest kind, evoking memories of Day of the Jackal, The French Connection, and Heat.",2,0,positive,negative,3.3021605014801025,-2.9851601123809814,-1.1852412223815918
5,ZJM,"This picture is murder by numbers, and as easy to be bored by as your ABC's, despite a few whopping shootouts.",0,0,negative,negative,1.4536126852035522,-2.6286611557006836,-0.5578590631484985
5,ZJM,"Every individual will see the movie through the prism of his or her own beliefs and prejudices, but the one thing most will take away is the sense that peace is possible.",2,0,positive,negative,0.4245932400226593,-2.073078155517578,-1.1181087493896484
5,ZJM,"Feels slight, as if it were an extended short, albeit one made by the smartest kids in class.",1,0,neutral,negative,0.3246535360813141,-1.5853532552719116,-1.5970088243484497
5,ZJM,The picture doesn't know it's a comedy.,1,0,neutral,negative,-0.3176940977573395,-1.349606990814209,-0.8483083248138428
5,ZJM,A classy item by a legend who may have nothing left to prove but still has the chops and drive to show how its done.,2,0,positive,negative,-0.16594713926315308,-2.2318460941314697,-1.0472992658615112
5,ZJM,"Starts out mediocre, spirals downward, and thuds to the bottom of the pool with an utterly incompetent conclusion.",0,0,negative,negative,0.6394255757331848,-2.797422170639038,-0.5687204599380493
5,ZJM,The sort of movie that gives tastelessness a bad rap.,0,0,negative,negative,0.44937315583229065,-3.3051161766052246,-0.04526881128549576
5,ZJM,Its engaging simplicity is driven by appealing leads.,2,0,positive,negative,0.30668655037879944,-2.8893539905548096,-0.9427710175514221
5,ZJM,"Fans of the TV series will be disappointed, and everyone else will be slightly bored.",1,0,neutral,negative,0.40785953402519226,-1.9911870956420898,-1.2984442710876465
5,ZJM,"It's a head-turner -- thoughtfully written, beautifully read and, finally, deeply humanizing.",2,0,positive,negative,2.272963523864746,-3.681178569793701,-0.9456548094749451
5,ZJM,"It's not a particularly good film, but neither is it a monsterous one.",1,0,neutral,negative,-0.2934481203556061,-1.043806552886963,-1.4657914638519287
5,ZJM,Men in Black II achieves ultimate insignificance -- it's the sci-fi comedy spectacle as Whiffle-Ball epic.,0,0,negative,negative,0.9443427324295044,-2.457235813140869,-1.2722727060317993
5,ZJM,Martyr gets royally screwed and comes back for more.,1,2,neutral,positive,-1.0033202171325684,-1.537649393081665,-0.9784731864929199
6,ZJN,Presents a good case while failing to provide a reason for us to care beyond the very basic dictums of human decency.,1,2,neutral,positive,-0.41710177063941956,-0.6395095586776733,0.5547088980674744
6,ZJN,"Beautifully crafted, engaging filmmaking that should attract upscale audiences hungry for quality and a nostalgic, twisty yarn that will keep them guessing.",2,2,positive,positive,-0.6779569387435913,-0.4275657832622528,0.44812455773353577
6,ZJN,"Bread, My Sweet has so many flaws it would be easy for critics to shred it.",0,2,negative,positive,-0.8848719596862793,-0.47602519392967224,0.2526315748691559
6,ZJN,"Slow, silly and unintentionally hilarious.",1,1,neutral,neutral,-1.346871256828308,-0.7205765843391418,-1.011492133140564
6,ZJN,"Ultimately feels empty and unsatisfying, like swallowing a Communion wafer without the wine.",0,2,negative,positive,-0.8497734069824219,-0.8325894474983215,-0.30570295453071594
6,ZJN,Exudes the fizz of a Busby Berkeley musical and the visceral excitement of a sports extravaganza.,2,2,positive,positive,-0.49503955245018005,-0.5410206317901611,0.47958630323410034
6,ZJN,The film rehashes several old themes and is capped with pointless extremes -- it's insanely violent and very graphic.,0,1,negative,neutral,-2.1208534240722656,0.7421939969062805,-0.8801742792129517
6,ZJN,"Ryan Gosling is, in a word, brilliant as the conflicted Daniel.",2,2,positive,positive,-0.6104595065116882,-0.8484359383583069,-0.30493828654289246
6,ZJN,"If Deuces Wild had been tweaked up a notch it would have become a camp adventure, one of those movies that's so bad it starts to become good.",1,2,neutral,positive,-0.3370942771434784,-0.7067508101463318,0.6958585381507874
6,ZJN,The film's stagecrafts are intimate and therefore bolder than the otherwise calculated artifice that defines and overwhelms the film's production design.,1,2,neutral,positive,-0.1967291384935379,-0.40237513184547424,0.29423749446868896
6,ZJN,"Frida is certainly no disaster, but neither is it the Kahlo movie Frida fans have been looking for.",1,2,neutral,positive,-0.3610006272792816,-0.36315321922302246,0.025790059939026833
6,ZJN,The film often achieves a mesmerizing poetry.,2,2,positive,positive,-1.4018555879592896,-0.8959845900535583,-0.5296788215637207
6,ZJN,A work of astonishing delicacy and force.,2,1,positive,neutral,-1.4071205854415894,-0.4257946312427521,-1.1209274530410767
6,ZJN,"The movie's plot is almost entirely witless and inane, carrying every gag two or three times beyond its limit to sustain a laugh.",0,2,negative,positive,-0.3497052490711212,-0.3035629987716675,-0.022413289174437523
6,ZJN,"For the most part, the ingredients are there.",1,1,neutral,neutral,-0.7615995407104492,-0.3970186114311218,-0.8438286185264587
6,ZJN,"But if you've paid a matinee price and bought a big tub of popcorn, there's guilty fun to be had here.",1,2,neutral,positive,-0.8749770522117615,-0.5112341046333313,-0.49020957946777344
6,ZJN,"There's not much to Fatale, outside of its stylish surprises... but that's OK.",1,2,neutral,positive,-0.7923901081085205,-0.502590000629425,0.22574958205223083
6,ZJN,"The acting is stiff, the story lacks all trace of wit, the sets look like they were borrowed from Gilligan's Island -- and the CGI Scooby might well be the worst special-effects creation of the year.",0,2,negative,positive,-0.14617107808589935,-0.4683942198753357,-0.12370548397302628
6,ZJN,"This version moves beyond the original's nostalgia for the communal film experiences of yesteryear to a deeper realization of cinema's inability to stand in for true, lived experience.",1,1,neutral,neutral,-0.48273733258247375,-0.3434922993183136,-0.4150974750518799
6,ZJN,"There's no palpable chemistry between Lopez and male lead Ralph Fiennes, plus the script by Working Girl scribe Kevin Wade is workmanlike in the extreme.",0,2,negative,positive,-0.23812301456928253,-0.7033417224884033,0.3044317364692688
6,ZJN,"A first-class, thoroughly involving B movie that effectively combines two surefire, beloved genres -- the prison flick and the fight film.",2,2,positive,positive,-0.09327419102191925,-0.7408447265625,0.31551310420036316
6,ZJN,The film is so bad it doesn't improve upon the experience of staring at a blank screen.,0,2,negative,positive,-0.13032104074954987,-0.522621750831604,-0.07851842790842056
6,ZJN,Another Best of the Year selection.,2,2,positive,positive,-0.5223683714866638,-1.2572462558746338,0.32697954773902893
6,ZJN,It's all a rather shapeless good time...,1,2,neutral,positive,-1.6369733810424805,-0.9104335904121399,0.7934840321540833
6,ZJN,"Same song, second verse, coulda been better, but it coulda been worse.",1,2,neutral,positive,-0.4385004937648773,-0.8010382056236267,-0.08104173094034195
6,ZJN,I love the robust middle of this picture.,2,0,positive,negative,-0.17614929378032684,-0.3533012568950653,-1.465110421180725
6,ZJN,"That's not vintage Spielberg and that, finally, is minimally satisfying.",1,2,neutral,positive,-1.3018094301223755,-0.5815039277076721,-0.3307378590106964
6,ZJN,The soundtrack alone is worth the price of admission.,2,2,positive,positive,-1.137503743171692,-0.4288240671157837,0.21959161758422852
6,ZJN,Mostly Martha could have used a little trimming -- 10 or 15 minutes could be cut and no one would notice -- but it's a pleasurable trifle.,1,1,neutral,neutral,-0.7130800485610962,-0.09947612881660461,-0.7376239895820618
6,ZJN,"For the rest of us, sitting through Dahmer's two hours amounts to little more than punishment.",0,0,negative,negative,-0.018568027764558792,-0.3749745488166809,-0.09558025747537613
6,ZJN,"Featuring a dangerously seductive performance from the great Daniel Auteuil, ``Sade'' covers the same period as Kaufmann's ``Quills'' with more unsettlingly realistic results.",2,2,positive,positive,-0.35400140285491943,-0.3691357672214508,-0.2142215073108673
6,ZJN,"The movie is for fans who can't stop loving anime, and the fanatical excess built into it.",1,1,neutral,neutral,-0.3633505702018738,-0.2888570725917816,-0.4589069187641144
6,ZJN,"The Ring is worth a look, if you don't demand much more than a few cheap thrills from your Halloween entertainment.",1,2,neutral,positive,-0.4474288523197174,-0.5233299732208252,0.21281325817108154
6,ZJN,"Beautifully observed, miraculously unsentimental comedy-drama.",2,0,positive,negative,-0.34212079644203186,-0.9739660620689392,-0.736835241317749
6,ZJN,"What makes How I Killed My Father compelling, besides its terrific performances, is Fontaine's willingness to wander into the dark areas of parent-child relationships without flinching.",2,1,positive,neutral,-0.3415784537792206,-0.27956029772758484,-0.4048937261104584
6,ZJN,"This hastily mounted production exists only to capitalize on Hopkins' inclination to play Hannibal Lecter again, even though Harris has no immediate inclination to provide a fourth book.",0,2,negative,positive,-0.31224173307418823,-0.16370204091072083,0.0901164636015892
6,ZJN,Bullock's complete lack of focus and ability quickly derails the film.,0,2,negative,positive,-0.0826609879732132,-0.8347175717353821,0.15249541401863098
6,ZJN,"... a plotline that's as lumpy as two-day old porridge... the filmmakers' paws, sad to say, were all over this ``un-bear-able'' project!",0,2,negative,positive,-0.5165269374847412,-0.330875039100647,-0.26222890615463257
6,ZJN,Crush could be the worst film a man has made about women since Valley of the Dolls.,0,2,negative,positive,-0.4762659966945648,-0.505835235118866,-0.004451549146324396
6,ZJN,"Reassuring, retro uplifter.",2,2,positive,positive,-0.8690707087516785,-1.705802321434021,0.2793199121952057
6,ZJN,Flaccid drama and exasperatingly slow journey.,0,2,negative,positive,-0.6868836879730225,-1.040802240371704,0.37946203351020813
6,ZJN,The Movie will reach far beyond its core demographic.,2,2,positive,positive,-0.7634763717651367,-0.6830839514732361,-0.1028989925980568
6,ZJN,How did it ever get made?,0,2,negative,positive,-0.6063055396080017,-0.8950806856155396,-0.3285171687602997
6,ZJN,I like the new footage and still love the old stuff.,2,0,positive,negative,-0.3891805112361908,-0.5726590752601624,-0.9677481651306152
6,ZJN,"It briefly flirts with player masochism, but the point of real interest -- audience sadism -- is evaded completely.",1,1,neutral,neutral,-0.7944214940071106,-0.1119864284992218,-0.4509483277797699
6,ZJN,Could The Country Bears really be as bad as its trailers?,0,1,negative,neutral,-0.7010583281517029,-0.5475661754608154,-0.7615700960159302
6,ZJN,"At times, the movie looks genuinely pretty.",2,2,positive,positive,-1.2432199716567993,-0.7911381125450134,-0.44162610173225403
6,ZJN,It depends on how well flatulence gags fit into your holiday concept.,1,2,neutral,positive,-0.9203457832336426,-0.4685118496417999,0.08186771720647812
6,ZJN,"The stupidest, most insulting movie of 2002's first quarter.",0,1,negative,neutral,-0.9804520010948181,-0.14671435952186584,-0.7717585563659668
6,ZJN,The film seems a dead weight.,0,1,negative,neutral,-1.124553918838501,0.21727046370506287,-0.989894449710846
6,ZJN,"Sparkling, often hilarious romantic jealousy comedy... Attal looks so much like a young Robert DeNiro that it seems the film should instead be called `My Husband Is Travis Bickle'.",2,1,positive,neutral,-0.5786709189414978,-0.15102067589759827,-0.23646309971809387
6,ZJN,"I did go back and check out the last 10 minutes, but these were more repulsive than the first 30 or 40 minutes.",0,1,negative,neutral,-0.5380353927612305,-0.09849599003791809,-0.3650059401988983
6,ZJN,"A lousy movie that's not merely unwatchable, but also unlistenable.",0,2,negative,positive,-0.3609049916267395,-0.8118300437927246,0.24483069777488708
6,ZJN,One of the best films of the year with its exploration of the obstacles to happiness faced by five contemporary individuals... a psychological masterpiece.,2,1,positive,neutral,-0.2833769917488098,-0.1322639286518097,-0.700256884098053
6,ZJN,"A strong script, powerful direction and splendid production design allows us to be transported into the life of Wladyslaw Szpilman, who is not only a pianist, but a good human being.",2,1,positive,neutral,-0.38921964168548584,0.05090603232383728,-0.41371265053749084
6,ZJN,"But here's the real damn: It isn't funny, either.",0,1,negative,neutral,-0.6063932180404663,-0.18968412280082703,-1.1789928674697876
6,ZJN,"Qutting may be a flawed film, but it is nothing if not sincere.",1,0,neutral,negative,-0.012593287043273449,-0.20156416296958923,-0.6765630841255188
6,ZJN,It's a fanboy `what if?',1,1,neutral,neutral,-1.0312262773513794,-0.33431294560432434,-0.6658799648284912
6,ZJN,... something appears to have been lost in the translation this time.,0,0,negative,negative,-0.037696439772844315,-0.517674446105957,-0.08841411024332047
6,ZJN,"Like a documentary version of Fight Club, shorn of social insight, intellectual pretension and cinematic interest.",1,1,neutral,neutral,-0.6887578368186951,0.039164572954177856,-0.4409734308719635
6,ZJN,"Stephen Rea, Aidan Quinn, and Alan Bates play Desmond's legal eagles, and when joined by Brosnan, the sight of this grandiloquent quartet lolling in pretty Irish settings is a pleasant enough thing, `tis.",2,0,positive,negative,0.2375427633523941,-0.2282538115978241,-0.3435215651988983
6,ZJN,"It's a powerful though flawed movie, guaranteed to put a lump in your throat while reaffirming Washington as possibly the best actor working in movies today.",2,1,positive,neutral,-0.3085395395755768,-0.20728862285614014,-0.5030872225761414
6,ZJN,An intriguing and entertaining introduction to Johnson.,2,1,positive,neutral,-0.5689488053321838,-0.3126833438873291,-0.9667635560035706
6,ZJN,Everything was as superficial as the forced New Jersey lowbrow accent Uma had.,0,1,negative,neutral,-0.6542057394981384,0.08865448832511902,-0.8221381306648254
6,ZJN,"Despite the holes in the story and the somewhat predictable plot, moments of the movie caused me to jump in my chair...",1,1,neutral,neutral,-1.1802955865859985,0.717556357383728,-1.2378216981887817
6,ZJN,`How many more voyages can this limping but dearly-loved franchise survive?',1,1,neutral,neutral,-0.5532895922660828,-0.3701390027999878,-0.7896832823753357
6,ZJN,If only the story about a multi-million dollar con bothered to include the con.,1,0,neutral,negative,0.07465575635433197,-0.4112912118434906,-0.1570245325565338
6,ZJN,"It is supremely unfunny and unentertaining to watch middle-age and older men drink to excess, piss on trees, b.s. one another and put on a show in drag.",0,2,negative,positive,-0.1977853626012802,-0.4208299219608307,-0.12509188055992126
6,ZJN,"Showtime is one of the hapless victims of the arrogant ``if we put together a wry white man and a chatty black man and give them guns, the movie will be funny'' syndrome.",0,1,negative,neutral,-0.7563071846961975,-0.02342429757118225,-0.3687475025653839
6,ZJN,"Whatever heartwarming scene the impressively discreet filmmakers may have expected to record with their mini DV, they show a remarkable ability to document both sides of this emotional car-wreck.",2,0,positive,negative,-0.10265876352787018,-0.1587713062763214,-0.5708936452865601
6,ZJN,"A zombie movie in every sense of the word -- mindless, lifeless, meandering, loud, painful, obnoxious.",0,2,negative,positive,-0.14988575875759125,-0.6219205260276794,0.05975707620382309
6,ZJN,"It has fun with the quirks of family life, but it also treats the subject with fondness and respect.",2,2,positive,positive,-0.373894602060318,-0.4683617949485779,0.039009593427181244
6,ZJN,"Novak manages to capture a cruelly hilarious vein of black comedy in the situation with his cast of non-actors and a gritty, no-budget approach.",2,0,positive,negative,0.004889172036200762,-0.4720938205718994,-0.5511095523834229
6,ZJN,"Since Lee is a sentimentalist, the film is more worshipful than your random E!",1,1,neutral,neutral,-0.39800500869750977,0.09802886843681335,-1.2735143899917603
6,ZJN,"The movie is almost completely lacking in suspense, surprise and consistent emotional conviction.",0,0,negative,negative,0.17914487421512604,-0.740456759929657,-0.467988520860672
6,ZJN,"High Crimes knows the mistakes that bad movies make and is determined not to make them, and maybe that is nobility of a sort.",1,2,neutral,positive,-0.45395636558532715,-0.38461005687713623,-0.2466072142124176
6,ZJN,But it's too long and too convoluted and it ends in a muddle.,0,1,negative,neutral,-0.9463390707969666,0.37302592396736145,-1.970579743385315
6,ZJN,This thing works on no level whatsoever for me.,0,1,negative,neutral,-0.659995973110199,-0.5142965912818909,-0.5829083919525146
6,ZJN,... a bland murder-on-campus yawner.,0,1,negative,neutral,-1.639941692352295,-0.11107531189918518,-0.36628153920173645
6,ZJN,"One of the finest, most humane and important Holocaust movies ever made.",2,0,positive,negative,0.12057431042194366,-0.31902533769607544,-0.15106704831123352
6,ZJN,"Suffers from rambling, repetitive dialogue and the visual drabness endemic to digital video.",0,0,negative,negative,-0.19006289541721344,-0.35031431913375854,-0.6489110589027405
6,ZJN,"The twist that ends the movie is the one with the most emotional resonance, but twists are getting irritating, and this is the kind of material where the filmmakers should be very careful about raising eyebrows.",1,1,neutral,neutral,-0.39748886227607727,-0.08791795372962952,-0.26611611247062683
6,ZJN,"Angel presents events partly from the perspective of Aurelie and Christelle, and infuses the film with the sensibility of a particularly nightmarish fairytale.",1,0,neutral,negative,-0.022030163556337357,-0.15401104092597961,-0.05013249069452286
6,ZJN,Features one of the most affecting depictions of a love affair ever committed to film.,2,0,positive,negative,-0.14550291001796722,-0.31477805972099304,-0.46430185437202454
6,ZJN,It is intensely personal and yet -- unlike Quills -- deftly shows us the temper of the times.,2,0,positive,negative,-0.1434786170721054,-0.14542463421821594,-0.9664045572280884
6,ZJN,"Even as I valiantly struggled to remain interested, or at least conscious, I could feel my eyelids... getting... very... heavy...",0,1,negative,neutral,-0.28019803762435913,-0.23299047350883484,-0.5681466460227966
6,ZJN,"... a solid, well-formed satire.",2,2,positive,positive,-1.0489530563354492,-1.236820936203003,-0.14584186673164368
6,ZJN,Deserves high marks for political courage but barely gets by on its artistic merits.,1,1,neutral,neutral,-0.5061817765235901,-0.22953090071678162,-0.7377170324325562
6,ZJN,Read My Lips is to be viewed and treasured for its extraordinary intelligence and originality as well as its lyrical variations on the game of love.,2,2,positive,positive,0.08727441728115082,-0.5229872465133667,0.7591765522956848
6,ZJN,"... creates a visceral sense of its characters' lives and conflicted emotions that carries it far above... what could have been a melodramatic, Lifetime Channel-style anthology.",1,2,neutral,positive,-0.10719706118106842,-0.07669898867607117,-0.01805034838616848
6,ZJN,Reeks of rot and hack work from start to finish.,1,1,neutral,neutral,-0.653766930103302,-0.12452885508537292,-0.710964024066925
6,ZJN,Just how these families interact may surprise you.,1,2,neutral,positive,-0.8303911685943604,-0.29322466254234314,0.26791802048683167
6,ZJN,"The Movie is what happens when you blow up small potatoes to 10 times their natural size, and it ain't pretty.",0,1,negative,neutral,-1.2014236450195312,0.3378337323665619,-1.4472917318344116
6,ZJN,"Even a hardened voyeur would require the patience of Job to get through this interminable, shapeless documentary about the swinging subculture.",0,2,negative,positive,-0.09681804478168488,-0.2680322229862213,0.09165569394826889
6,ZJN,"Creepy, authentic and dark.",1,2,neutral,positive,-0.833598792552948,-1.0165575742721558,0.10348661988973618
6,ZJN,A lame romantic comedy about an unsympathetic character and someone who would not likely be so stupid as to get involved with her.,0,2,negative,positive,-0.19392038881778717,-0.446365088224411,0.16378143429756165
6,ZJN,"The film is a contrivance, as artificial as the video games Japanese teens play in a nightclub sequence, but it's an enjoyable one.",1,1,neutral,neutral,-0.34461233019828796,-0.05316236615180969,-0.5863951444625854
6,ZJN,"At its worst the screenplay is callow, but at its best it is a young artist's thoughtful consideration of fatherhood.",1,2,neutral,positive,-0.13212282955646515,-0.7022445797920227,0.42069199681282043
6,ZJN,At 78 minutes it just zings along with vibrance and warmth.,2,0,positive,negative,0.13505499064922333,-0.38015109300613403,-0.27478042244911194
6,ZJN,"Only an epic documentary could get it all down, and Spike Lee's Jim Brown: All American at long last gives its subject a movie worthy of his talents.",2,2,positive,positive,-0.012071031145751476,-0.4298471510410309,0.07076343148946762
6,ZJN,"As quiet, patient and tenacious as Mr. Lopez himself, who approaches his difficult, endless work with remarkable serenity and discipline.",2,1,positive,neutral,-0.5324798226356506,0.01577475666999817,-1.3695240020751953
6,ZJN,"Instead of hiding Pinocchio from critics, Miramax should have hidden it from everyone.",0,1,negative,neutral,-0.029494453221559525,0.12806400656700134,-1.134482502937317
6,ZJN,What a great shame that such a talented director as Chen Kaige has chosen to make his English-language debut with a film so poorly plotted and scripted.,0,1,negative,neutral,-0.5635090470314026,0.7308553457260132,-0.6511427760124207
6,ZJN,Jeffs has created a breathtakingly assured and stylish work of spare dialogue and acute expressiveness.,2,0,positive,negative,0.01794249936938286,-0.004534692037850618,-0.3083082139492035
6,ZJN,"Just about the best straight-up, old-school horror film of the last 15 years.",2,1,positive,neutral,-0.4195493161678314,-0.1745699942111969,-0.8723742365837097
6,ZJN,"Gosling creates a staggeringly compelling character, a young man whose sharp intellect is at the very root of his contradictory, self-hating, self-destructive ways.",2,2,positive,positive,0.1693783849477768,-0.7361021637916565,0.4988029897212982
6,ZJN,"I thought the relationships were wonderful, the comedy was funny, and the love `real'.",2,2,positive,positive,-0.3096822500228882,-0.6175629496574402,0.04301788657903671
6,ZJN,Better at putting you to sleep than a sound machine.,0,0,negative,negative,-0.12063910067081451,-0.5197898149490356,-0.9260447025299072
6,ZJN,Feels less like a cousin to Blade Runner than like a bottom-feeder sequel in the Escape From New York series.,0,2,negative,positive,0.23805701732635498,-0.8346574902534485,0.33119872212409973
6,ZJN,"Elegantly produced and expressively performed, the six musical numbers crystallize key plot moments into minutely detailed wonders of dreamlike ecstasy.",2,0,positive,negative,0.31256625056266785,0.25001052021980286,-0.34362533688545227
6,ZJN,"Ultimate X is a ride, basically the kind of greatest-hits reel that might come with a subscription to ESPN the Magazine.",1,0,neutral,negative,0.04574890062212944,-0.27792394161224365,-0.23811331391334534
6,ZJN,"Celebrated at Sundance, this slight comedy of manners has winning performances and a glossy, glib charm that's hard to beat.",2,2,positive,positive,0.3001256287097931,-0.9812554717063904,0.3834289610385895
6,ZJN,That Haynes can both maintain and dismantle the facades that his genre and his character construct is a wonderous accomplishment of veracity and narrative grace.,2,2,positive,positive,0.04948459193110466,-0.7829270362854004,0.21803933382034302
6,ZJN,"Some elements of it really blow the big one, but other parts are decent.",1,0,neutral,negative,0.2530793249607086,-0.3845078945159912,-0.3309384286403656
6,ZJN,"No French people were harmed during the making of this movie, but they were insulted and the audience was put through torture for an hour and a half.",0,2,negative,positive,0.3105181157588959,-0.36326169967651367,0.4806983470916748
6,ZJN,"I was feeling this movie until it veered off too far into the Exxon zone, and left me behind at the station looking for a return ticket to realism.",0,0,negative,negative,0.5631843209266663,-0.4741908013820648,0.4815102219581604
6,ZJN,The simplicity of The Way Home has few equals this side of Aesop.,1,0,neutral,negative,0.5165507197380066,-0.7101925015449524,0.4607660472393036
6,ZJN,Exceptionally well acted by Diane Lane and Richard Gere.,2,0,positive,negative,0.21153192222118378,-0.3285491168498993,-0.24544289708137512
6,ZJN,"Dong shows how intolerance has the power to deform families, then tear them apart.",1,1,neutral,neutral,-0.2715568542480469,0.10698732733726501,-0.9329020977020264
6,ZJN,"A stupid, derivative horror film that substitutes extreme gore for suspense.",0,1,negative,neutral,0.1649526208639145,0.17359718680381775,-0.9600996971130371
6,ZJN,It's a great American adventure and a wonderful film to bring to IMAX.,2,1,positive,neutral,-0.4870084822177887,0.11252376437187195,-0.5453397035598755
6,ZJN,It's 51 times better than this.,1,2,neutral,positive,-0.42456111311912537,-0.710465133190155,1.177863359451294
6,ZJN,"It's like an old Warner Bros. costumer jived with sex -- this could be the movie Errol Flynn always wanted to make, though Bette Davis, cast as Joan, would have killed him.",1,2,neutral,positive,0.3064878284931183,-0.6480857133865356,0.804106593132019
6,ZJN,"A miraculous movie, I'm Going Home is so slight, yet overflows with wisdom and emotion.",2,0,positive,negative,0.12184326350688934,-0.2547929584980011,-0.5693742632865906
6,ZJN,"A fiercely clever and subtle film, capturing the precarious balance between the extravagant confidence of the exiled aristocracy and the cruel earnestness of the victorious revolutionaries.",2,2,positive,positive,0.28150710463523865,-0.9932011365890503,1.3125666379928589
6,ZJN,"It's as if you're watching a movie that was made in 1978 but not released then because it was so weak, and it has been unearthed and released now, when it has become even weaker.",0,1,negative,neutral,0.21154870092868805,0.5046976208686829,-0.4831182062625885
6,ZJN,Anemic chronicle of money grubbing New Yorkers and their serial loveless hook ups.,1,0,neutral,negative,0.6487612724304199,-0.6677187085151672,0.2551079988479614
6,ZJN,"Thanks to a small star with big heart, this family film sequel is plenty of fun for all.",2,0,positive,negative,0.8090999722480774,-0.5715537667274475,0.5639410614967346
6,ZJN,And I've decided to leave a light on every night from now on.,1,2,neutral,positive,0.399221271276474,-1.2077499628067017,1.4206994771957397
6,ZJN,Festers in just such a dungpile that you'd swear you were watching monkeys flinging their feces at you.,0,0,negative,negative,0.6223694682121277,-0.8714766502380371,0.5714910626411438
6,ZJN,under-rehearsed and lifeless,0,2,negative,positive,-0.27962151169776917,-0.8212124705314636,0.683951735496521
6,ZJN,Exactly what you'd expect from a guy named Kaos.,1,0,neutral,negative,0.4389896094799042,-0.0918247401714325,0.24906125664710999
6,ZJN,"If legendary shlockmeister Ed Wood had ever made a movie about a vampire, it probably would look a lot like this alarming production, adapted from Anne Rice's novel The Vampire Chronicles.",1,2,neutral,positive,0.29430630803108215,-0.2477426826953888,0.3815901577472687
6,ZJN,"For those for whom the name Woody Allen was once a guarantee of something fresh, sometimes funny, and usually genuinely worthwhile, Hollywood Ending is a depressing experience.",0,2,negative,positive,0.402511328458786,-1.2668087482452393,1.3559638261795044
6,ZJN,Bella is the picture of health with boundless energy until a few days before she dies.,1,0,neutral,negative,0.2064642459154129,-0.4162035882472992,-0.10288874059915543
6,ZJN,"The fun of the movie is the chance it affords to watch Jackson, who also served as executive producer, take his smooth, shrewd, powerful act abroad.",2,0,positive,negative,0.20543409883975983,-0.4710952341556549,0.0961892232298851
6,ZJN,What should have been a cutting Hollywood satire is instead about as fresh as last week's issue of Variety.,0,0,negative,negative,0.3336388170719147,-0.39647018909454346,0.32605215907096863
6,ZJN,"Cox offers plenty of glimpses at existing photos, but there are no movies of Nijinsky, so instead the director treats us to an aimless hodgepodge.",0,0,negative,negative,0.350146621465683,-0.4500231444835663,0.15044450759887695
6,ZJN,Aaliyah rarely dampens her diva persona enough to spark genuine chemistry with Townsend.,1,0,neutral,negative,0.788821280002594,-0.7889007925987244,0.05649688094854355
6,ZJN,Mr. Soderbergh's direction and visual style struck me as unusually and unimpressively fussy and pretentious.,0,0,negative,negative,0.673878014087677,-0.06973132491111755,-0.07782600075006485
6,ZJN,Mazel tov to a film about a family's joyous life acting on the Yiddish stage.,2,1,positive,neutral,0.09237124025821686,0.21611925959587097,-0.7446596026420593
6,ZJN,... would be a total loss if not for two supporting performances taking place at the movie's edges.,1,0,neutral,negative,0.2865162193775177,-0.4443820118904114,0.036717675626277924
6,ZJN,An inspiring and heart-affecting film about the desperate attempts of Vietnamese refugees living in U.S. relocation camps to keep their hopes alive in 1975.,2,0,positive,negative,0.4273127615451813,-0.8096211552619934,0.41720184683799744
6,ZJN,"Loud, chaotic and largely unfunny.",0,2,negative,positive,-0.30902916193008423,-1.429566740989685,1.7478662729263306
6,ZJN,The immersive powers of the giant screen and its hyper-realistic images are put to perfect use in the breathtakingly beautiful outer-space documentary Space Station 3D.,2,2,positive,positive,-0.3401331901550293,-0.7168163657188416,1.0528136491775513
6,ZJN,It's everything you don't go to the movies for.,0,1,negative,neutral,-0.3494366407394409,-0.2838762104511261,-0.7205265760421753
6,ZJN,"Harris is supposed to be the star of the story, but comes across as pretty dull and wooden.",1,2,neutral,positive,-0.6789962649345398,-0.5389230847358704,0.17293336987495422
6,ZJN,Allen's funniest and most likeable movie in years.,2,2,positive,positive,-0.3757695257663727,-0.3911267817020416,-0.10863516479730606
6,ZJN,"For those who pride themselves on sophisticated, discerning taste, this might not seem like the proper cup of tea, however it is almost guaranteed that even the stuffiest cinema goers will laugh their 1*** off for an hour-and-a-half.",2,2,positive,positive,-0.46668919920921326,-0.14172962307929993,0.3181900084018707
6,ZJN,"There is a refreshing absence of cynicism in Stuart Little 2 -- quite a rarity, even in the family film market.",2,2,positive,positive,-0.3749302923679352,-0.6671783924102783,-0.03341592103242874
6,ZJN,There are plot holes big enough for Shamu the killer whale to swim through.,0,2,negative,positive,-0.5339612364768982,-0.7251293063163757,0.14948368072509766
6,ZJN,... always remains movingly genuine.,2,2,positive,positive,-0.13622380793094635,-1.3281514644622803,0.6730796694755554
6,ZJN,"Stitch is a bad mannered, ugly and destructive little ****.",0,1,negative,neutral,-1.0311384201049805,-0.2066110074520111,-0.6381673216819763
6,ZJN,The cast is top-notch and I predict there will be plenty of female audience members drooling over Michael Idemoto as Michael.,2,2,positive,positive,-0.9041383266448975,-0.43471989035606384,0.7702081203460693
6,ZJN,Kirshner and Monroe seem to be in a contest to see who can out-bad-act the other.,0,2,negative,positive,-0.5337569117546082,-0.42940929532051086,0.5916056036949158
6,ZJN,This is one of those war movies that focuses on human interaction rather than battle and action sequences... and it's all the stronger because of it.,2,2,positive,positive,-0.3561556339263916,-0.16957417130470276,1.0620135068893433
6,ZJN,"Like life on the island, the movie grows boring despite the scenery.",0,1,negative,neutral,-0.4199039936065674,0.174157053232193,-0.9621903300285339
6,ZJN,It's anchored by splendid performances from an honored screen veteran and a sparkling newcomer who instantly transform themselves into a believable mother/daughter pair.,2,2,positive,positive,-0.4635871648788452,-0.33517298102378845,0.3245505690574646
6,ZJN,An atonal estrogen opera that demonizes feminism while gifting the most sympathetic male of the piece with a nice vomit bath at his wedding.,0,1,negative,neutral,-1.055330753326416,-0.12413868308067322,-0.5323755145072937
6,ZJN,"Even by the intentionally low standards of frat-boy humor, Sorority Boys is a bowser.",0,2,negative,positive,-0.39991775155067444,-0.36772671341896057,0.4065297544002533
6,ZJN,"Director of photography Benoit Delhomme shot the movie in delicious colors, and the costumes and sets are grand.",2,1,positive,neutral,-1.1118881702423096,-0.09166494011878967,-0.7927207350730896
6,ZJN,The only entertainment you'll derive from this choppy and sloppy affair will be from unintentional giggles -- several of them.,0,1,negative,neutral,-1.1069194078445435,0.08068123459815979,-0.8768531680107117
6,ZJN,The film serves as a valuable time capsule to remind us of the devastating horror suffered by an entire people.,1,0,neutral,negative,0.09057982265949249,-0.5203151106834412,-0.12999871373176575
6,ZJN,"A bittersweet contemporary comedy about benevolent deception, which, while it may not rival the filmmaker's period pieces, is still very much worth seeing.",2,1,positive,neutral,-0.6353015899658203,0.22673287987709045,0.09617813676595688
6,ZJN,Attal pushes too hard to make this a comedy or serious drama.,0,0,negative,negative,-0.044522274285554886,-0.3352613151073456,-0.43661054968833923
6,ZJN,Isabelle Huppert excels as the enigmatic Mika and Anna Mouglalis is a stunning new young talent in one of Chabrol's most intense psychological mysteries.,2,2,positive,positive,-0.08411000669002533,-0.6544106602668762,0.45418021082878113
6,ZJN,A small movie with a big impact.,2,2,positive,positive,-0.6421723961830139,-0.6661785244941711,0.392074316740036
6,ZJN,This bold and lyrical first feature from Raja Amari expands the pat notion that middle-aged women just wanna have fun into a rousing treatise of sensual empowerment.,2,1,positive,neutral,-1.0144107341766357,0.014020412229001522,-0.7046037316322327
6,ZJN,Photographed with melancholy richness and eloquently performed yet also decidedly uncinematic.,1,0,neutral,negative,-0.14355893433094025,-0.32033947110176086,-0.5838680863380432
6,ZJN,"Hey Arnold! is now stretched to barely feature length, with a little more attention paid to the animation.",1,1,neutral,neutral,-1.3854120969772339,1.0338343381881714,-0.9440478682518005
6,ZJN,"After that, it just gets stupid and maudlin.",0,1,negative,neutral,-1.8800666332244873,-0.31378665566444397,-1.384805679321289
6,ZJN,"The stunning, dreamlike visuals will impress even those viewers who have little patience for Euro-film pretension.",2,2,positive,positive,-0.38648900389671326,-0.10437199473381042,-0.07793555408716202
6,ZJN,"Plods along, minus the twisted humor and eye-popping visuals that have made Miike... a cult hero.",1,2,neutral,positive,-0.32841554284095764,-0.17978373169898987,-0.15376588702201843
6,ZJN,"Impresses as a skillfully assembled, highly polished and professional adaptation... just about as chilling and unsettling as `Manhunter' was.",2,2,positive,positive,-0.39638328552246094,-0.5733010768890381,0.5300426483154297
6,ZJN,"For the most part, it's a work of incendiary genius, steering clear of knee-jerk reactions and quick solutions.",2,2,positive,positive,-0.38178470730781555,-0.0810106098651886,0.27559325098991394
6,ZJN,"It's badly acted, blandly directed, and could have been scripted by someone who just graduated from elementary school.",0,2,negative,positive,-0.4471304416656494,-0.1123446524143219,0.47951173782348633
6,ZJN,"The sort of picture in which, whenever one of the characters has some serious soul searching to do, they go to a picture-perfect beach during sunset.",1,1,neutral,neutral,-0.8647196888923645,0.1791900098323822,-0.9026634097099304
6,ZJN,"Despite its raucous intent, XXX is as conventional as a Nike ad and as rebellious as spring break.",1,1,neutral,neutral,-0.5880709886550903,0.32927921414375305,-0.7027754187583923
6,ZJN,... a roller-coaster ride of a movie,2,2,positive,positive,-0.703172504901886,-0.7718011140823364,0.1691456139087677
6,ZJN,Audiard successfully maintains suspense on different levels throughout a film that is both gripping and compelling.,2,2,positive,positive,-0.5872982144355774,-0.3016831576824188,-0.08767078071832657
6,ZJN,After that it becomes long and tedious like a classroom play in a college history course.,0,1,negative,neutral,-0.24381031095981598,-0.04514852166175842,-0.2745535671710968
6,ZJN,"This is cool, slick stuff, ready to quench the thirst of an audience that misses the summer blockbusters.",2,2,positive,positive,-0.15923665463924408,-0.8342568278312683,0.500095546245575
6,ZJN,"Blade II has a brilliant director and charismatic star, but it suffers from rampant vampire devaluation.",1,2,neutral,positive,-0.5284313559532166,-0.8285679817199707,0.9638743996620178
6,ZJN,"A loud, ugly, irritating movie without any of its satirical salvos hitting a discernible target.",0,2,negative,positive,-0.2935772240161896,-0.5269035696983337,0.2722056210041046
6,ZJN,"For VeggieTales fans, this is more appetizing than a side dish of asparagus.",2,2,positive,positive,-0.6622995734214783,-0.23550614714622498,-0.23440596461296082
6,ZJN,"While it regards 1967 as the key turning point of the 20th century, and returns again and again to images of dissidents in the streets, it's alarmingly current.",1,1,neutral,neutral,-1.3344167470932007,1.0234124660491943,-0.20857593417167664
6,ZJN,A truly wonderful tale combined with stunning animation.,2,2,positive,positive,-1.965798258781433,-0.37051138281822205,-0.1006094291806221
6,ZJN,"Nothing sticks, really, except a lingering creepiness one feels from being dragged through a sad, sordid universe of guns, drugs, avarice and damaged dreams.",0,2,negative,positive,-0.15528233349323273,-0.5955519080162048,0.2995187044143677
6,ZJN,``Simone'' is a fun and funky look into an artificial creation in a world that thrives on artificiality.,2,2,positive,positive,-0.4771267771720886,-0.4220147430896759,0.20625534653663635
6,ZJN,"It's a hoot watching The Rock chomp on jumbo ants, pull an arrow out of his back, and leap unscathed through raging fire!",2,2,positive,positive,-0.1325579434633255,-0.3834964632987976,0.8947479724884033
6,ZJN,"While Tattoo borrows heavily from both Seven and The Silence of the Lambs, it manages to maintain both a level of sophisticated intrigue and human-scale characters that suck the audience in.",2,2,positive,positive,-0.01935868337750435,-0.7700566649436951,0.34673789143562317
6,ZJN,A portrait of an artist.,1,1,neutral,neutral,-0.9825642108917236,-0.5677194595336914,-0.7717089056968689
6,ZJN,"As written by Michael Berg and Michael J. Wilson from a story by Wilson, this relentless, all-wise-guys-all-the-time approach tries way too hard and gets tiring in no time at all.",0,0,negative,negative,-0.38405096530914307,-0.7405171990394592,-0.49629196524620056
6,ZJN,"It's the best film of the year so far, the benchmark against which all other Best Picture contenders should be measured.",2,2,positive,positive,-0.5518565773963928,-0.4512019455432892,-0.3559543788433075
6,ZJN,It never fails to engage us.,2,2,positive,positive,-0.39268383383750916,-1.5894948244094849,0.018254244700074196
6,ZJN,"Denis forges out of the theories of class - based rage and sisterly obsession a razor-sided tuning fork that rings with cultural, sexual and social discord.",1,1,neutral,neutral,-0.7885231375694275,-0.34993478655815125,-0.596221387386322
6,ZJN,The movie slides downhill as soon as macho action conventions assert themselves.,0,1,negative,neutral,-0.5993216037750244,-0.3150995671749115,-0.7309674620628357
6,ZJN,"More romantic, more emotional and ultimately more satisfying than the teary-eyed original.",2,1,positive,neutral,-0.747304379940033,-0.017497390508651733,-1.5352286100387573
6,ZJN,"Like the best of Godard's movies... it is visually ravishing, penetrating, impenetrable.",2,1,positive,neutral,-0.5624287128448486,0.2147265374660492,-0.7686640620231628
6,ZJN,The cumulative effect of the movie is repulsive and depressing.,0,1,negative,neutral,-0.5260500311851501,-0.43387940526008606,-1.2338776588439941
6,ZJN,"Feels like nothing quite so much as a middle-aged moviemaker's attempt to surround himself with beautiful, half-naked women.",1,1,neutral,neutral,-0.2910475432872772,0.0646716058254242,-1.1528950929641724
6,ZJN,"A very long movie, dull in stretches, with entirely too much focus on meal preparation and igloo construction.",0,1,negative,neutral,-0.4911925792694092,-0.1878068745136261,-0.8578369617462158
6,ZJN,"In XXX, Diesel is that rare creature -- an action hero with table manners, and one who proves that elegance is more than tattoo deep.",2,2,positive,positive,-0.4842897355556488,-0.471187949180603,-0.16959932446479797
6,ZJN,I'm not sure which will take longer to heal: the welt on Johnny Knoxville's stomach from a riot-control projectile or my own tortured psyche.,0,1,negative,neutral,-1.8204890489578247,0.59670490026474,-0.4143240749835968
6,ZJN,"While Serving Sara does have a long way to go before it reaches the level of crudity in the latest Austin Powers extravaganza, there's nothing here to match that movie's intermittent moments of inspiration.",1,1,neutral,neutral,-0.6202884316444397,-0.32387205958366394,-0.5723166465759277
6,ZJN,"It's difficult to conceive of anyone who has reached puberty actually finding the characters in Slackers or their antics amusing, let alone funny.",0,2,negative,positive,-0.13201762735843658,-1.2095853090286255,0.022191578522324562
6,ZJN,"It never is, not fully.",1,1,neutral,neutral,-0.8515183329582214,-0.6914880275726318,-1.0570045709609985
6,ZJN,"Not only is Undercover Brother as funny, if not more so, than both Austin Powers films, but it's also one of the smarter, savvier spoofs to come along in some time.",2,1,positive,neutral,-0.7864468693733215,0.06029197573661804,-0.9964308142662048
6,ZJN,It should be mentioned that the set design and interiors of the haunted vessel are more than effectively creepy and moodily lit.,2,2,positive,positive,-0.11644800007343292,-0.3365218937397003,-0.09298256784677505
6,ZJN,"With the exception of some fleetingly amusing improvisations by Cedric the Entertainer as Perry's boss, there isn't a redeeming moment here.",0,1,negative,neutral,-0.6275568604469299,-0.3503742516040802,-0.8399173617362976
6,ZJN,It's a funny little movie with clever dialogue and likeable characters.,2,0,positive,negative,-0.2374311238527298,-0.9763202667236328,-0.31902745366096497
6,ZJN,"``13 Conversations'' holds its goodwill close, but is relatively slow to come to the point.",1,1,neutral,neutral,-0.5325543284416199,-0.021838754415512085,-1.1923121213912964
6,ZJN,"Not the kind of film that will appeal to a mainstream American audience, but there is a certain charm about the film that makes it a suitable entry into the fest circuit.",2,2,positive,positive,-0.5942028164863586,-0.42897453904151917,-0.28812047839164734
6,ZJN,"You come away wishing, though, that the movie spent a lot less time trying to make a credible case for reports from the afterlife and a lot more time on the romantic urgency that's at the center of the story.",1,1,neutral,neutral,-0.925968587398529,0.20995602011680603,-0.6444218158721924
6,ZJN,The movie is virtually without context -- journalistic or historical.,0,2,negative,positive,-0.5724220871925354,-0.7879144549369812,-0.35043683648109436
6,ZJN,"After sitting through this sloppy, made-for-movie comedy special, it makes me wonder if Lawrence hates criticism so much that he refuses to evaluate his own work.",0,2,negative,positive,-0.4883168339729309,-0.6776432991027832,-0.2360733449459076
6,ZJN,Genuinely touching because it's realistic about all kinds of love.,2,1,positive,neutral,-1.0453509092330933,-0.03716596961021423,-0.039013780653476715
6,ZJN,"For all the complications, it's all surprisingly predictable.",1,2,neutral,positive,-0.47507914900779724,-1.0260183811187744,0.2803562581539154
6,ZJN,"Armed with a game supporting cast, from the pitch-perfect Forster to the always hilarious Meara and Levy, Like Mike shoots and scores, doing its namesake proud.",2,2,positive,positive,-0.33651211857795715,-0.5577149987220764,-0.14011868834495544
6,ZJN,It will guarantee to have you leaving the theater with a smile on your face.,2,1,positive,neutral,-0.7637173533439636,-0.20490220189094543,-0.6218077540397644
6,ZJN,"The misery of these people becomes just another voyeuristic spectacle, to be consumed and forgotten.",0,2,negative,positive,-0.4275706708431244,-0.6471251845359802,-0.29494550824165344
6,ZJN,"A thoroughly awful movie -- dumb, narratively chaotic, visually sloppy... a weird amalgam of `The Thing' and a geriatric `Scream.'",0,1,negative,neutral,-0.6535606980323792,-0.05403682589530945,-1.0344936847686768
6,ZJN,"One of those staggeringly well-produced, joylessly extravagant pictures that keep whooshing you from one visual marvel to the next, hastily, emptily.",1,1,neutral,neutral,-0.5160509943962097,-0.3627791106700897,-0.6304221749305725
6,ZJN,"Measured against practically any like-themed film other than its Oscar-sweeping franchise predecessor The Silence of the Lambs, Red Dragon rates as an exceptional thriller.",2,1,positive,neutral,-0.4324769079685211,-0.19593194127082825,-0.6357182860374451
6,ZJN,"The movie has no respect for laws, political correctness or common decency, but it displays something more important: respect for its flawed, crazy people.",1,1,neutral,neutral,-0.5647257566452026,-0.2349858283996582,-0.488069623708725
6,ZJN,"In a strange way, Egoyan has done too much.",1,1,neutral,neutral,-1.0579725503921509,-0.5807226896286011,-0.993057906627655
6,ZJN,"After seeing the film, I can tell you that there's no other reason why anyone should bother remembering it.",0,1,negative,neutral,-0.6069958806037903,-0.31943848729133606,-0.6281089186668396
6,ZJN,The film is darkly funny in its observation of just how much more grueling and time-consuming the illusion of work is than actual work.,2,1,positive,neutral,-0.786579966545105,-0.20620372891426086,-0.49734166264533997
6,ZJN,"In some ways, Lagaan is quintessential Bollywood.",1,1,neutral,neutral,-1.0236610174179077,-0.09495154023170471,-1.7982319593429565
6,ZJN,"Pacino and Williams seem to keep upping the ante on each other, just as their characters do in the film.",2,1,positive,neutral,-0.8957498073577881,-0.23794057965278625,-0.8898988366127014
6,ZJN,"It would be disingenuous to call Reno a great film, but you can say that about most of the flicks moving in and out of the multiplex.",1,0,neutral,negative,-0.3754926025867462,-0.4598223865032196,-0.43206992745399475
6,ZJN,"Some movies can get by without being funny simply by structuring the scenes as if they were jokes: a setup, delivery and payoff.",1,1,neutral,neutral,-0.517991840839386,-0.261548787355423,-0.5819386839866638
6,ZJN,Narc can only remind us of brilliant crime dramas without becoming one itself.,1,1,neutral,neutral,-0.7517848610877991,0.01925024390220642,-1.5987212657928467
6,ZJN,Narc is a no-bull throwback to 1970s action films.,2,0,positive,negative,-0.4421481788158417,-0.6594762206077576,-0.7712296843528748
6,ZJN,Intriguing and downright intoxicating.,2,0,positive,negative,-0.15637217462062836,-1.4899204969406128,-0.4412004053592682
6,ZJN,"The wonderful combination of the sweetness and the extraordinary technical accomplishments of the first film are maintained, but its overall impact falls a little flat with a storyline that never quite delivers the original magic.",1,1,neutral,neutral,-0.6676647663116455,-0.29645317792892456,-0.5446817278862
6,ZJN,Perhaps the most annoying thing about Who Is Cletis Tout? is that it's a crime movie made by someone who obviously knows nothing about crime.,0,1,negative,neutral,-0.6583011746406555,-0.1633603870868683,-0.3148808181285858
6,ZJN,"In addition to scoring high for originality of plot -- putting together familiar themes of family, forgiveness and love in a new way -- Lilo & Stitch has a number of other assets to commend it to movie audiences both innocent and jaded.",2,1,positive,neutral,-0.7727608680725098,0.5749247670173645,-0.392581969499588
6,ZJN,The quirky drama touches the heart and the funnybone thanks to the energetic and always surprising performance by Rachel Griffiths.,2,1,positive,neutral,-1.2262146472930908,0.9259783029556274,-1.3754371404647827
6,ZJN,"At its worst, it implodes in a series of very bad special effects.",0,0,negative,negative,-0.26543426513671875,-0.42476949095726013,-0.5932702422142029
6,ZJN,Bad and baffling from the get-go.,0,2,negative,positive,-0.777468204498291,-0.8432496786117554,-0.41506752371788025
6,ZJN,"The movie is a blast of educational energy, as bouncy animation and catchy songs escort you through the entire 85 minutes.",2,2,positive,positive,-0.5191468596458435,-0.7955115437507629,-0.4713699221611023
6,ZJN,The original wasn't a good movie but this remake makes it look like a masterpiece!,0,1,negative,neutral,-0.5141263008117676,0.06750306487083435,-0.7885951399803162
6,ZJN,"To my taste, the film's comic characters come perilously close to being Amoses and Andys for a new generation.",1,0,neutral,negative,0.3798377513885498,-0.6465631127357483,0.01995178498327732
6,ZJN,"Although the sequel has all the outward elements of the original, the first film's lovely flakiness is gone, replaced by the forced funniness found in the dullest kiddie flicks.",0,2,negative,positive,-0.3404909074306488,-0.31114932894706726,-0.20365402102470398
6,ZJN,"The real charm of this trifle is the deadpan comic face of its star, Jean Reno, who resembles Sly Stallone in a hot sake half-sleep.",1,2,neutral,positive,-0.7430089712142944,-0.18989059329032898,0.008916312828660011
6,ZJN,"... a cute and sometimes side-splittingly funny blend of Legally Blonde and Drop Dead Gorgeous, starring Piper Perabo in what could be her breakthrough role.",2,2,positive,positive,-0.33829742670059204,-0.6133749485015869,0.9844521880149841
6,ZJN,"This method almost never fails him, and it works superbly here.",2,1,positive,neutral,-0.30520567297935486,-0.12006667256355286,-0.6809440851211548
6,ZJN,Few films capture so perfectly the hopes and dreams of little boys on baseball fields as well as the grown men who sit in the stands.,2,2,positive,positive,-1.0932097434997559,-0.373923122882843,0.42424753308296204
6,ZJN,Steers has an unexpectedly adamant streak of warm-blooded empathy for all his disparate Manhattan denizens -- especially the a**holes.,1,2,neutral,positive,-0.5274129509925842,-0.474683552980423,0.5552375912666321
6,ZJN,"The Emperor's Club is one of those films that possesses all the good intentions in the world, but...",1,1,neutral,neutral,-0.5864598155021667,0.7040029168128967,-1.8705432415008545
6,ZJN,The most compelling performance of the year adds substantial depth to this shocking testament to anti-Semitism and neo-fascism.,2,0,positive,negative,0.06885457038879395,-0.6800686717033386,-0.4674791395664215
6,ZJN,"LaBute can't avoid a fatal mistake in the modern era: He's changed the male academic from a lower-class Brit to an American, a choice that upsets the novel's exquisite balance and shreds the fabric of the film.",1,2,neutral,positive,-0.9528056979179382,-0.31602588295936584,0.16068795323371887
6,ZJN,A biopic about Crane's life in the classic tradition but evolves into what has become of us all in the era of video.,1,2,neutral,positive,0.09154324233531952,-0.9791229963302612,1.17526113986969
6,ZJN,"A work of extraordinary journalism, but it is also a work of deft and subtle poetry.",2,1,positive,neutral,-0.1462254375219345,0.030380696058273315,-0.21372321248054504
6,ZJN,... think of it as American Pie On Valium.,1,2,neutral,positive,-0.2687402665615082,-1.655752420425415,0.9524449706077576
6,ZJN,Gere gives a good performance in a film that doesn't merit it.,1,2,neutral,positive,-1.2753278017044067,-0.8447272777557373,0.9545134902000427
6,ZJN,The Pianist is Polanski's best film.,2,2,positive,positive,-0.31764063239097595,-1.263551115989685,1.0696464776992798
6,ZJN,Maybe Thomas Wolfe was right: You can't go home again.,1,2,neutral,positive,-1.7163779735565186,-0.4908532500267029,1.0559026002883911
6,ZJN,"The director, with his fake backdrops and stately pacing, never settles on a consistent tone.",0,2,negative,positive,-0.04173745587468147,-0.28778669238090515,0.5978923439979553
6,ZJN,"Why he was given free reign over this project -- he wrote, directed, starred and produced -- is beyond me.",0,2,negative,positive,0.29613736271858215,-0.7396998405456543,0.8545622825622559
6,ZJN,"If you enjoy being rewarded by a script that assumes you aren't very bright, then Blood Work is for you.",0,1,negative,neutral,-0.2924337685108185,0.1368267834186554,-1.066630244255066
6,ZJN,"Like Rudy Yellow Lodge, Eyre needs to take a good sweat to clarify his cinematic vision before his next creation and remember the lessons of the trickster spider.",0,1,negative,neutral,-1.3578084707260132,0.4928832948207855,-0.3373752534389496
6,ZJN,But his showboating wise-cracker stock persona sure is getting old.,1,2,neutral,positive,-0.518979012966156,-0.6950101256370544,1.1272717714309692
6,ZJN,"Circuit queens won't learn a thing, they'll be too busy cursing the film's strategically placed white sheets.",1,0,neutral,negative,-0.04458882287144661,-0.10236206650733948,-0.49663785099983215
6,ZJN,"A lot of talent is wasted in this crass, low-wattage endeavor.",0,2,negative,positive,-0.32275041937828064,-1.156275749206543,0.7249464988708496
6,ZJN,"Alain Choquart's camera barely stops moving, portraying both the turmoil of the time and giving Conduct a perpetual sense of urgency, which, for a film that takes nearly three hours to unspool, is both funny and irritating.",1,2,neutral,positive,-0.0719146579504013,-0.8112738728523254,0.5388577580451965
6,ZJN,The second coming of Harry Potter is a film far superior to its predecessor.,2,2,positive,positive,-0.9750162959098816,-1.2827311754226685,1.295478105545044
6,ZJN,This stuck pig of a movie flails limply between bizarre comedy and pallid horror.,0,2,negative,positive,-0.8256729245185852,-0.3662107288837433,-0.021545683965086937
6,ZJN,"The film just might turn on many people to opera, in general, an art form at once visceral and spiritual, wonderfully vulgar and sublimely lofty -- and as emotionally grand as life.",2,2,positive,positive,-0.8079707026481628,-0.4774915874004364,0.5894502997398376
6,ZJN,"The delicious trimmings... arrive early and stay late, filling nearly every minute... with a lighthearted glow, some impudent snickers, and a glorious dose of humankind's liberating ability to triumph over a Scrooge or two.",2,2,positive,positive,-0.2858372628688812,-0.9805275797843933,0.8336697220802307
6,ZJN,"The inhospitability of the land emphasizes the spare precision of the narratives and helps to give them an atavistic power, as if they were tales that had been handed down since the beginning of time.",1,2,neutral,positive,-0.37279921770095825,-0.530353307723999,0.5854974985122681
6,ZJN,Even more baffling is that it's funny.,1,2,neutral,positive,-1.6126608848571777,-0.24508139491081238,0.3953193724155426
6,ZJN,"Parker should be commended for taking a fresh approach to familiar material, but his determination to remain true to the original text leads him to adopt a somewhat mannered tone... that ultimately dulls the human tragedy at the story's core.",1,2,neutral,positive,-0.9864072203636169,-0.5847335457801819,0.39657166600227356
6,ZJN,"Hard, endearing, caring, warm.",2,2,positive,positive,-1.8104746341705322,0.007298677694052458,0.4808752238750458
6,ZJN,"I have no problem with ``difficult'' movies, or movies that ask the audience to meet them halfway and connect the dots instead of having things all spelled out.",1,2,neutral,positive,-0.02368037775158882,-1.3671939373016357,0.8665041327476501
6,ZJN,The way Coppola professes his love for movies -- both colorful pop junk and the classics that unequivocally qualify as art -- is giddily entertaining.,2,2,positive,positive,-0.24922038614749908,-0.6463008522987366,0.2915413975715637
6,ZJN,Both the crime story and the love story are unusual.,1,2,neutral,positive,-0.24315141141414642,-0.7314732670783997,0.6790091395378113
6,ZJN,It's never a good sign when a film's star spends the entirety of the film in a coma.,0,1,negative,neutral,-0.007528054993599653,0.0010012679267674685,-0.4987904131412506
6,ZJN,A creaky staircase gothic.,1,2,neutral,positive,-1.93051016330719,-0.651655375957489,1.737980842590332
6,ZJN,"If there's a way to effectively teach kids about the dangers of drugs, I think it's in projects like the (unfortunately R-rated) Paid.",1,2,neutral,positive,-0.26911070942878723,-1.0158464908599854,0.7266989350318909
6,ZJN,"If you're a WWF fan, or you related to the people who watched the robots getting butchered in A.I., you'll probably like Rollerball.",1,1,neutral,neutral,-0.4285278618335724,0.02139154076576233,-0.5922192931175232
6,ZJN,Norton holds the film together.,1,2,neutral,positive,-1.2168716192245483,-0.7722731232643127,1.373475193977356
6,ZJN,"A breathtaking adventure for all ages, Spirit tells its poignant and uplifting story in a stunning fusion of music and images.",2,1,positive,neutral,-0.9241464138031006,0.5596067905426025,-0.9128508567810059
6,ZJN,It won't bust your gut -- and it's not intended to -- it's merely a blandly cinematic surgical examination of what makes a joke a joke.,1,2,neutral,positive,0.13798916339874268,-1.1908732652664185,0.9465376138687134
6,ZJN,Largely a for-fans artifact.,1,2,neutral,positive,0.2561359107494354,-2.7427427768707275,1.9659042358398438
6,ZJN,A movie so bad that it quickly enters the pantheon of wreckage that includes Battlefield Earth and Showgirls.,0,0,negative,negative,0.2111225575208664,-0.1356307864189148,-0.6677877306938171
6,ZJN,"If you're over 25, have an IQ over 90, and have a driver's license, you should be able to find better entertainment.",0,0,negative,negative,0.1921834498643875,-0.5782391428947449,-0.12676683068275452
6,ZJN,A solid piece of journalistic work that draws a picture of a man for whom political expedience became a deadly foreign policy.,1,0,neutral,negative,0.24875612556934357,-0.48638924956321716,-0.6797167658805847
6,ZJN,"The doofus-on-the-loose banter of Welcome to Collinwood has a cocky, after-hours loopiness to it.",1,2,neutral,positive,0.41655677556991577,-1.0271803140640259,0.44621047377586365
6,ZJN,It's the funniest American comedy since Graffiti Bridge.,2,1,positive,neutral,-1.2708858251571655,-0.4046596586704254,-0.6305832862854004
6,ZJN,Samuel Beckett applied to the Iranian voting process.,1,2,neutral,positive,-1.2768231630325317,-1.840547800064087,0.49503761529922485
6,ZJN,A strangely compelling and brilliantly acted psychological drama.,2,1,positive,neutral,-0.5590214133262634,0.004351168405264616,-0.2578815519809723
6,ZJN,"Often gruelling and heartbreaking to witness, but Seldahl and Wollter's sterling performances raise this far above the level of the usual maudlin disease movie.",2,2,positive,positive,0.1938420981168747,-1.7456735372543335,1.2671476602554321
6,ZJN,"This enthralling documentary... is at once playful and haunting, an in-depth portrait of an iconoclastic artist who was fundamentally unknowable even to his closest friends.",2,2,positive,positive,-0.4110046923160553,-0.8612772822380066,0.45950672030448914
6,ZJN,"I didn't laugh at the ongoing efforts of Cube, and his skinny buddy Mike Epps, to make like Laurel and Hardy'n the hood.",0,2,negative,positive,-0.41248413920402527,-0.788262665271759,0.5140949487686157
6,ZJN,"At its best when the guarded, resentful Betty and the manipulative yet needy Margot are front and center.",1,2,neutral,positive,-0.007732230704277754,-1.8204537630081177,0.579491138458252
6,ZJN,Ford deserves to be remembered at Oscar time for crafting this wonderful portrait of a conflicted soldier.,2,2,positive,positive,-0.37205904722213745,-0.7311037182807922,-0.15794458985328674
6,ZJN,"That is essentially what's missing from Blackboards -- the sense of something bigger, some ultimate point.",1,2,neutral,positive,-0.6339660286903381,-0.788892924785614,0.14237859845161438
6,ZJN,"It's a bizarre curiosity memorable mainly for the way it fritters away its potentially interesting subject matter via a banal script, unimpressive acting and indifferent direction.",1,2,neutral,positive,-0.33553192019462585,-1.4243834018707275,0.4304317831993103
6,ZJN,"While obviously an extremely personal work, it remains inextricably stuck in an emotionally unavailable rut.",1,2,neutral,positive,-0.03156251087784767,-1.5707441568374634,0.6898819208145142
6,ZJN,"A dim-witted and lazy spin-off of the Animal Planet documentary series, Crocodile Hunter is entertainment opportunism at its most glaring.",0,2,negative,positive,0.07942770421504974,-1.439088225364685,0.881376326084137
6,ZJN,"The good is very, very good... The rest runs from mildly unimpressive to despairingly awful.",1,2,neutral,positive,-0.627185046672821,-0.9357949495315552,-0.29404136538505554
6,ZJN,"Methodical, measured, and gently tedious in its comedy, Secret Ballot is a purposefully reductive movie -- which may be why it's so successful at lodging itself in the brain.",2,1,positive,neutral,-0.6306581497192383,-0.25542423129081726,-0.39464911818504333
6,ZJN,One of the most exciting action films to come out of China in recent years.,2,2,positive,positive,-0.5140898823738098,-1.1807900667190552,0.24004009366035461
6,ZJN,Adam Sandler's Eight Crazy Nights grows on you -- like a rash.,0,2,negative,positive,-0.4179804027080536,-1.2368818521499634,0.2837432622909546
6,ZJN,"The film feels formulaic, its plot and pacing typical Hollywood war-movie stuff, while the performances elicit more of a sense of deja vu than awe.",0,2,negative,positive,-0.8900647759437561,-0.4543943405151367,0.3700977563858032
6,ZJN,"... pitiful, slapdash disaster.",0,1,negative,neutral,-1.5672508478164673,0.038578301668167114,-0.6412862539291382
6,ZJN,"As it stands, there's some fine sex onscreen, and some tense arguing, but not a whole lot more.",1,1,neutral,neutral,-1.0542807579040527,-0.16197159886360168,-1.2300373315811157
6,ZJN,It's neither as romantic nor as thrilling as it should be.,0,2,negative,positive,-1.7322828769683838,-0.9369557499885559,-0.4975760877132416
6,ZJN,Returning director Rob Minkoff... and screenwriter Bruce Joel Rubin... have done a fine job of updating White's dry wit to a new age.,2,2,positive,positive,-0.6400503516197205,-0.9808087944984436,1.300240159034729
6,ZJN,"The Venezuelans say things like ``si, pretty much'' and ``por favor, go home'' when talking to Americans.",1,2,neutral,positive,-1.3240636587142944,-0.7749048471450806,-0.2781032621860504
6,ZJN,"If you already like this sort of thing, this is that sort of thing all over again.",1,2,neutral,positive,-0.6645777225494385,-1.5046404600143433,-0.38770559430122375
6,ZJN,An awful movie that will only satisfy the most emotionally malleable of filmgoers.,0,0,negative,negative,0.1259821206331253,-1.4655723571777344,0.03032287396490574
6,ZJN,"This is an extraordinary film, not least because it is Japanese and yet feels universal.",2,2,positive,positive,-0.19238276779651642,-1.5979562997817993,0.5665268301963806
6,ZJN,"Aptly named, this shimmering, beautifully costumed and filmed production doesn't work for me.",1,2,neutral,positive,-0.7256161570549011,-0.8400833606719971,0.2564027011394501
6,ZJN,"If Borstal Boy isn't especially realistic, it is an engaging nostalgia piece.",1,2,neutral,positive,-0.4892723262310028,-1.604793906211853,0.06113012880086899
6,ZJN,Griffiths proves she's that rare luminary who continually raises the standard of her profession.,2,2,positive,positive,-0.16265033185482025,-1.969040036201477,1.232197642326355
6,ZJN,"The asylum material is gripping, as are the scenes of Jia with his family.",2,2,positive,positive,-0.5722972750663757,-1.029823660850525,0.4720830023288727
6,ZJN,"... by the time it's done with us, Mira Nair's new movie has its audience giddy with the delight of discovery, of having been immersed in a foreign culture only to find that human nature is pretty much the same all over.",2,2,positive,positive,-0.937351644039154,-0.1420654058456421,0.31943222880363464
6,ZJN,... about as exciting to watch as two last-place basketball teams playing one another on the final day of the season.,0,2,negative,positive,-1.0273921489715576,-0.6267721056938171,1.0327134132385254
6,ZJN,Girls gone wild and gone civil again,1,2,neutral,positive,-1.0111019611358643,-1.917868733406067,0.9995731711387634
6,ZJN,To say Analyze That is De Niro's best film since Meet the Parents sums up the sad state of his recent career.,1,2,neutral,positive,-0.5504829287528992,-1.1308730840682983,1.3038324117660522
6,ZJN,"Like being trapped inside a huge video game, where exciting, inane images keep popping past your head and the same illogical things keep happening over and over again.",1,2,neutral,positive,-0.9128018617630005,-0.7163578271865845,0.7298209071159363
6,ZJN,`Enigma' is the kind of engaging historical drama that Hollywood appears to have given up on in favor of sentimental war movies in the vein of `We Were Soldiers.',1,2,neutral,positive,-0.8781978487968445,-1.084903359413147,0.7278753519058228
6,ZJN,The Rock has a great presence but one battle after another is not the same as one battle followed by killer CGI effects.,1,2,neutral,positive,-0.23153485357761383,-1.37293541431427,0.5892454981803894
6,ZJN,Visually sumptuous but intellectually stultifying.,1,2,neutral,positive,-0.7106550335884094,-0.8490281105041504,-0.08615437895059586
6,ZJN,"So young, so smart, such talent, such a wise ***.",2,2,positive,positive,-1.2191596031188965,-1.027429223060608,0.09772207587957382
6,ZJN,"The problem is that for the most part, the film is deadly dull.",0,2,negative,positive,-0.14861665666103363,-1.3079746961593628,0.5144806504249573
6,ZJN,A thinly veiled look at different aspects of Chinese life clashing with each other.,1,2,neutral,positive,-0.2210017889738083,-1.3954883813858032,0.10114743560552597
6,ZJN,An exhilarating experience.,2,2,positive,positive,-0.7594309449195862,-1.4755218029022217,0.9435226321220398
6,ZJN,Its vision of that awkward age when sex threatens to overwhelm everything else is acute enough to make everyone who has been there squirm with recognition.,1,2,neutral,positive,-1.0474064350128174,-0.4144435524940491,1.063116192817688
6,ZJN,Remarkably accessible and affecting.,2,2,positive,positive,-1.151576042175293,-1.6184229850769043,1.0516281127929688
6,ZJN,"The climactic events are so well realized that you may forget all about the original conflict, just like the movie does.",1,2,neutral,positive,-1.1176902055740356,-1.471513271331787,2.2360265254974365
6,ZJN,Distinctly sub-par... more likely to drown a viewer in boredom than to send any shivers down his spine.,0,2,negative,positive,-0.3341863453388214,-1.1040977239608765,-0.09209398180246353
6,ZJN,Godard's ode to tackling life's wonderment is a rambling and incoherent manifesto about the vagueness of topical excess... In Praise of Love remains a ponderous and pretentious endeavor that's unfocused and tediously exasperating.,0,2,negative,positive,-0.6453213095664978,-0.8911409378051758,1.4788872003555298
6,ZJN,"We never truly come to care about the main characters and whether or not they'll wind up together, and Michele's spiritual quest is neither amusing nor dramatic enough to sustain interest.",0,2,negative,positive,-0.6959471702575684,-0.8159919381141663,1.2570222616195679
6,ZJN,"Most haunting about ``Fence'' is its conclusion, when we hear the ultimate fate of these girls and realize, much to our dismay, that this really did happen.",2,2,positive,positive,-1.0721619129180908,-1.0867780447006226,1.0033901929855347
6,ZJN,"Bogdanovich taps deep into the Hearst mystique, entertainingly reenacting a historic scandal.",2,1,positive,neutral,-0.8998724818229675,-0.4743095934391022,-0.8625190854072571
6,ZJN,"Peralta's mythmaking could have used some informed, adult hindsight.",1,1,neutral,neutral,-1.1409101486206055,0.25197842717170715,-0.8643080592155457
6,ZJN,"``My god, I'm behaving like an idiot!''",1,2,neutral,positive,-1.9270755052566528,-0.7799339294433594,2.276125192642212
6,ZJN,"Devos and Cassel have tremendous chemistry -- their sexual and romantic tension, while never really vocalized, is palpable.",2,2,positive,positive,-1.4057806730270386,-0.17690226435661316,0.3349243998527527
6,ZJN,"As a girl-meets-girl romantic comedy, Kissing Jessica Steinis quirky, charming and often hilarious.",2,1,positive,neutral,-0.6889646649360657,0.27759286761283875,-0.8868613839149475
6,ZJN,Gollum's `performance' is incredible!,2,2,positive,positive,-1.3332394361495972,-0.29738518595695496,0.20069661736488342
6,ZJN,"... a haunting vision, with images that seem more like disturbing hallucinations.",0,0,negative,negative,-0.34210970997810364,-0.3886244595050812,-0.8222437500953674
6,ZJN,"As a remake, it's a pale imitation.",0,1,negative,neutral,-1.5697078704833984,0.06747618317604065,-0.4482928216457367
6,ZJN,Adults will certainly want to spend their time in the theater thinking up grocery lists and ways to tell their kids how not to act like Pinocchio.,1,2,neutral,positive,-0.4822365939617157,-0.22676143050193787,0.6051991581916809
6,ZJN,"Not as distinctive or even as humorous as its needs to be to stand out, but it has clearly been made with affection and care.",1,1,neutral,neutral,-0.5425189137458801,0.05492702126502991,-0.2786066234111786
6,ZJN,A generic family comedy unlikely to be appreciated by anyone outside the under-10 set.,0,1,negative,neutral,-1.397508978843689,0.14555218815803528,-0.28591349720954895
6,ZJN,"An amalgam of The Fugitive, Blade Runner, and Total Recall, only without much energy or tension.",1,1,neutral,neutral,-0.8242055773735046,0.8442411422729492,-1.641720175743103
6,ZJN,"Everything its title implies, a standard-issue crime drama spat out from the Tinseltown assembly line.",1,0,neutral,negative,-0.008965241722762585,-0.33227482438087463,-0.2558566629886627
6,ZJN,"This odd, poetic road movie, spiked by jolts of pop music, pretty much takes place in Morton's ever-watchful gaze -- and it's a tribute to the actress, and to her inventive director, that the journey is such a mesmerizing one.",2,1,positive,neutral,-0.892012357711792,0.09417465329170227,0.037753187119960785
6,ZJN,"Co-writer/director Jonathan Parker's attempts to fashion a Brazil-like, hyper-real satire fall dreadfully short.",0,1,negative,neutral,-0.5946699976921082,0.5588535666465759,-0.8850817084312439
6,ZJN,"An amateurish, quasi-improvised acting exercise shot on ugly digital video.",0,2,negative,positive,-1.5674680471420288,0.024031907320022583,0.7464893460273743
6,ZJN,"``The Kid Stays in the Picture'' is a great story, terrifically told by the man who wrote it but this Cliff Notes edition is a cheat.",1,1,neutral,neutral,-0.8813198208808899,0.3635239899158478,-0.21449986100196838
6,ZJN,"A gratingly unfunny groaner littered with zero-dimensional, unlikable characters and hackneyed, threadbare comic setups.",0,2,negative,positive,-0.39248183369636536,-0.04954811930656433,0.1584247648715973
6,ZJN,"While this gentle and affecting melodrama will have luvvies in raptures, it's far too slight and introspective to appeal to anything wider than a niche audience.",1,2,neutral,positive,-1.2188776731491089,0.3170398771762848,0.7907620072364807
6,ZJN,Griffin & Co. manage to be spectacularly outrageous.,2,1,positive,neutral,-2.330301284790039,1.1743968725204468,0.4677286148071289
6,ZJN,"A profoundly stupid affair, populating its hackneyed and meanspirited storyline with cardboard characters and performers who value cash above credibility.",0,1,negative,neutral,-0.6379287838935852,0.04562416672706604,-0.8161246180534363
6,ZJN,"Warm Water Under a Red Bridge is a quirky and poignant Japanese film that explores the fascinating connections between women, water, nature, and sexuality.",2,2,positive,positive,-1.2729268074035645,-0.05803593993186951,0.4414847493171692
6,ZJN,It isn't that Stealing Harvard is a horrible movie -- if only it were that grand a failure!,0,1,negative,neutral,-0.9133287072181702,0.11033180356025696,-0.5691751837730408
6,ZJN,It just doesn't have much else... especially in a moral sense.,1,2,neutral,positive,-0.27380701899528503,-0.44462618231773376,0.8025891780853271
6,ZJN,Those unfamiliar with Mormon traditions may find The Singles Ward occasionally bewildering.,1,0,neutral,negative,0.059591155499219894,-0.45500412583351135,-0.10010866075754166
6,ZJN,"Viewed as a comedy, a romance, a fairy tale, or a drama, there's nothing remotely triumphant about this motion picture.",1,1,neutral,neutral,-1.0015232563018799,-0.0784357488155365,-0.27107587456703186
6,ZJN,"But the talented cast alone will keep you watching, as will the fight scenes.",2,2,positive,positive,-1.3617419004440308,-0.5359417200088501,1.3361270427703857
6,ZJN,It's solid and affecting and exactly as thought-provoking as it should be.,2,1,positive,neutral,-1.0201061964035034,0.04172977805137634,-0.012391483411192894
6,ZJN,"Thanks largely to Williams, all the interesting developments are processed in 60 minutes -- the rest is just an overexposed waste of film.",0,1,negative,neutral,-0.9756701588630676,0.7571710348129272,-0.7359811663627625
6,ZJN,"Cantet perfectly captures the hotel lobbies, two-lane highways, and roadside cafes that permeate Vincent's days",2,1,positive,neutral,-0.4763578176498413,0.31526538729667664,-1.4128315448760986
6,ZJN,"An important movie, a reminder of the power of film to move us and to make us examine our values.",2,1,positive,neutral,-1.5024640560150146,0.4940682351589203,-0.5433880090713501
6,ZJN,"Too much of this well-acted but dangerously slow thriller feels like a preamble to a bigger, more complicated story, one that never materializes.",0,1,negative,neutral,-0.988298773765564,0.54237300157547,-1.1191620826721191
6,ZJN,A richly imagined and admirably mature work from a gifted director who definitely has something on his mind.,2,1,positive,neutral,-1.0926495790481567,1.0565953254699707,-0.7004866003990173
6,ZJN,"The art direction is often exquisite, and the anthropomorphic animal characters are beautifully realized through clever makeup design, leaving one to hope that the eventual DVD release will offer subtitles and the original Italian-language soundtrack.",2,1,positive,neutral,-1.1162728071212769,0.5832626223564148,-0.5779009461402893
6,ZJN,"... Jones, despite a definitely distinctive screen presence, just isn't able to muster for a movie that, its title notwithstanding, should have been a lot nastier if it wanted to fully capitalize on its lead's specific gifts.",1,1,neutral,neutral,-0.582368791103363,0.3138909637928009,-0.1626550257205963
6,ZJN,But what's nice is that there's a casual intelligence that permeates the script.,2,2,positive,positive,-0.5764739513397217,0.043913036584854126,0.2685498595237732
6,ZJN,"Every individual will see the movie through the prism of his or her own beliefs and prejudices, but the one thing most will take away is the sense that peace is possible.",2,2,positive,positive,-1.230209469795227,0.04611930251121521,0.20920535922050476
6,ZJN,"Feels slight, as if it were an extended short, albeit one made by the smartest kids in class.",1,1,neutral,neutral,-1.1345138549804688,0.33760687708854675,-1.4965837001800537
6,ZJN,The picture doesn't know it's a comedy.,1,1,neutral,neutral,-1.6444679498672485,0.4881732761859894,-0.2027832567691803
6,ZJN,"Starts out mediocre, spirals downward, and thuds to the bottom of the pool with an utterly incompetent conclusion.",0,1,negative,neutral,-0.4840204417705536,0.2339661419391632,-0.5965794324874878
6,ZJN,The sort of movie that gives tastelessness a bad rap.,0,1,negative,neutral,-1.606324315071106,0.26642927527427673,-0.924022912979126
6,ZJN,Its engaging simplicity is driven by appealing leads.,2,1,positive,neutral,-1.9370403289794922,0.7323947548866272,0.23192957043647766
7,ZJS,"Beautifully crafted, engaging filmmaking that should attract upscale audiences hungry for quality and a nostalgic, twisty yarn that will keep them guessing.",2,2,positive,positive,-1.2153947353363037,0.7172631621360779,1.1544431447982788
7,ZJS,"Bread, My Sweet has so many flaws it would be easy for critics to shred it.",0,2,negative,positive,0.007274842355400324,-0.07656197249889374,0.8021896481513977
7,ZJS,"Slow, silly and unintentionally hilarious.",1,2,neutral,positive,-0.02234063483774662,0.6717336177825928,1.4522815942764282
7,ZJS,"Ultimately feels empty and unsatisfying, like swallowing a Communion wafer without the wine.",0,0,negative,negative,0.744190514087677,0.01567070372402668,-0.4140690863132477
7,ZJS,The film rehashes several old themes and is capped with pointless extremes -- it's insanely violent and very graphic.,0,1,negative,neutral,-0.4093477725982666,0.5416544079780579,-0.12372695654630661
7,ZJS,"Ryan Gosling is, in a word, brilliant as the conflicted Daniel.",2,2,positive,positive,0.38168302178382874,0.3232152462005615,0.5190181136131287
7,ZJS,"If Deuces Wild had been tweaked up a notch it would have become a camp adventure, one of those movies that's so bad it starts to become good.",1,2,neutral,positive,0.15620402991771698,-0.42428117990493774,1.3874685764312744
7,ZJS,The film's stagecrafts are intimate and therefore bolder than the otherwise calculated artifice that defines and overwhelms the film's production design.,1,2,neutral,positive,-0.9686115980148315,-0.8512443900108337,1.7700461149215698
7,ZJS,"Frida is certainly no disaster, but neither is it the Kahlo movie Frida fans have been looking for.",1,2,neutral,positive,-0.13159558176994324,-0.05514201521873474,0.6965855956077576
7,ZJS,The film often achieves a mesmerizing poetry.,2,2,positive,positive,-0.1200082078576088,0.23893792927265167,0.8487613797187805
7,ZJS,A work of astonishing delicacy and force.,2,2,positive,positive,-0.9112792015075684,-0.5595284700393677,2.5104405879974365
7,ZJS,"For the most part, the ingredients are there.",1,2,neutral,positive,-0.48018479347229004,0.08616523444652557,0.36981678009033203
7,ZJS,"But if you've paid a matinee price and bought a big tub of popcorn, there's guilty fun to be had here.",1,2,neutral,positive,0.00647827098146081,0.1484464704990387,0.945880115032196
7,ZJS,"There's not much to Fatale, outside of its stylish surprises... but that's OK.",1,1,neutral,neutral,0.1227397546172142,0.6831724643707275,0.2459360808134079
7,ZJS,"This version moves beyond the original's nostalgia for the communal film experiences of yesteryear to a deeper realization of cinema's inability to stand in for true, lived experience.",1,2,neutral,positive,-0.440670907497406,0.004841612186282873,0.5020308494567871
7,ZJS,"There's no palpable chemistry between Lopez and male lead Ralph Fiennes, plus the script by Working Girl scribe Kevin Wade is workmanlike in the extreme.",0,2,negative,positive,-0.6062870025634766,-0.8953891396522522,1.8357672691345215
7,ZJS,"A first-class, thoroughly involving B movie that effectively combines two surefire, beloved genres -- the prison flick and the fight film.",2,1,positive,neutral,-0.20697784423828125,0.6975453495979309,0.5708333253860474
7,ZJS,The film is so bad it doesn't improve upon the experience of staring at a blank screen.,0,2,negative,positive,0.11025667190551758,-0.3553324043750763,0.24187158048152924
7,ZJS,Another Best of the Year selection.,2,2,positive,positive,-1.1609970331192017,-0.6372738480567932,1.2685322761535645
7,ZJS,It's all a rather shapeless good time...,1,2,neutral,positive,-0.7243156433105469,-0.7641838788986206,1.6040138006210327
7,ZJS,I love the robust middle of this picture.,2,2,positive,positive,0.11856452375650406,0.053097791969776154,1.016646385192871
7,ZJS,"That's not vintage Spielberg and that, finally, is minimally satisfying.",1,0,neutral,negative,0.42611145973205566,0.1700519621372223,0.3177851140499115
7,ZJS,The soundtrack alone is worth the price of admission.,2,0,positive,negative,0.6091575622558594,-0.8077255487442017,0.4954492151737213
7,ZJS,"Featuring a dangerously seductive performance from the great Daniel Auteuil, ``Sade'' covers the same period as Kaufmann's ``Quills'' with more unsettlingly realistic results.",2,2,positive,positive,-1.1934947967529297,-0.6970648765563965,1.5474908351898193
7,ZJS,"The movie is for fans who can't stop loving anime, and the fanatical excess built into it.",1,2,neutral,positive,-0.20970246195793152,0.23340724408626556,0.44961169362068176
7,ZJS,"The Ring is worth a look, if you don't demand much more than a few cheap thrills from your Halloween entertainment.",1,2,neutral,positive,0.1911482810974121,-0.9726906418800354,1.1155009269714355
7,ZJS,"What makes How I Killed My Father compelling, besides its terrific performances, is Fontaine's willingness to wander into the dark areas of parent-child relationships without flinching.",2,2,positive,positive,-0.852158784866333,-0.0970558226108551,1.5887949466705322
7,ZJS,"This hastily mounted production exists only to capitalize on Hopkins' inclination to play Hannibal Lecter again, even though Harris has no immediate inclination to provide a fourth book.",0,2,negative,positive,-0.35804498195648193,-0.8440044522285461,1.6592847108840942
7,ZJS,"Reassuring, retro uplifter.",2,2,positive,positive,-2.20900559425354,-0.9740486145019531,4.0859293937683105
7,ZJS,Flaccid drama and exasperatingly slow journey.,0,2,negative,positive,-0.8443503379821777,0.11419196426868439,1.6168580055236816
7,ZJS,The Movie will reach far beyond its core demographic.,2,0,positive,negative,0.7534141540527344,0.22364753484725952,-0.09748878329992294
7,ZJS,How did it ever get made?,0,2,negative,positive,-1.0990240573883057,0.4783594608306885,1.6143672466278076
7,ZJS,I like the new footage and still love the old stuff.,2,2,positive,positive,-0.4742075800895691,-0.6274070739746094,1.5940622091293335
7,ZJS,Could The Country Bears really be as bad as its trailers?,0,0,negative,negative,0.9219728112220764,-0.30007845163345337,0.37224847078323364
7,ZJS,"At times, the movie looks genuinely pretty.",2,2,positive,positive,0.4742186665534973,-0.06982143223285675,0.5638496279716492
7,ZJS,It depends on how well flatulence gags fit into your holiday concept.,1,0,neutral,negative,0.3265169858932495,-0.31351161003112793,-0.1096099242568016
7,ZJS,The film seems a dead weight.,0,2,negative,positive,-1.7734824419021606,-0.5599237680435181,3.279982328414917
7,ZJS,"Sparkling, often hilarious romantic jealousy comedy... Attal looks so much like a young Robert DeNiro that it seems the film should instead be called `My Husband Is Travis Bickle'.",2,2,positive,positive,-0.6473923921585083,0.31310492753982544,0.7602909207344055
7,ZJS,"A lousy movie that's not merely unwatchable, but also unlistenable.",0,2,negative,positive,-0.5575717687606812,0.1839170753955841,1.771011233329773
7,ZJS,"A strong script, powerful direction and splendid production design allows us to be transported into the life of Wladyslaw Szpilman, who is not only a pianist, but a good human being.",2,2,positive,positive,-0.44689589738845825,-1.5328155755996704,2.476931571960449
7,ZJS,"But here's the real damn: It isn't funny, either.",0,0,negative,negative,0.9615036249160767,-1.1363420486450195,0.33704835176467896
7,ZJS,"Qutting may be a flawed film, but it is nothing if not sincere.",1,0,neutral,negative,0.9818037152290344,-0.23265139758586884,0.8508957028388977
7,ZJS,It's a fanboy `what if?',1,2,neutral,positive,-0.897100031375885,-0.6675482988357544,1.912247896194458
7,ZJS,... something appears to have been lost in the translation this time.,0,2,negative,positive,-0.029233867302536964,-0.23650407791137695,1.333807110786438
7,ZJS,"It's a powerful though flawed movie, guaranteed to put a lump in your throat while reaffirming Washington as possibly the best actor working in movies today.",2,2,positive,positive,-1.4989272356033325,-0.8740208745002747,1.7977327108383179
7,ZJS,An intriguing and entertaining introduction to Johnson.,2,2,positive,positive,-1.4025254249572754,-0.30846646428108215,2.863363027572632
7,ZJS,Everything was as superficial as the forced New Jersey lowbrow accent Uma had.,0,1,negative,neutral,-0.12354584783315659,1.3632280826568604,0.3637796640396118
7,ZJS,"Despite the holes in the story and the somewhat predictable plot, moments of the movie caused me to jump in my chair...",1,2,neutral,positive,-0.802268385887146,-0.29451054334640503,0.9439007043838501
7,ZJS,`How many more voyages can this limping but dearly-loved franchise survive?',1,2,neutral,positive,-0.6721169352531433,-0.20751848816871643,0.8361487984657288
7,ZJS,If only the story about a multi-million dollar con bothered to include the con.,1,2,neutral,positive,-0.6232276558876038,0.5435407757759094,0.6329733729362488
7,ZJS,"It is supremely unfunny and unentertaining to watch middle-age and older men drink to excess, piss on trees, b.s. one another and put on a show in drag.",0,2,negative,positive,-1.1121044158935547,-0.3622475266456604,1.0781913995742798
7,ZJS,"Only a few minutes elapse before the daddy of all slashers arrives, still with the boiler suit and white mask, which look remarkably clean for a guy who has been mass-murdering since 1978 but has never been seen doing laundry.",1,2,neutral,positive,-1.059232234954834,-0.8133618235588074,1.4673142433166504
7,ZJS,"Whatever heartwarming scene the impressively discreet filmmakers may have expected to record with their mini DV, they show a remarkable ability to document both sides of this emotional car-wreck.",2,2,positive,positive,-0.19027704000473022,0.17298594117164612,0.882499635219574
7,ZJS,"A zombie movie in every sense of the word -- mindless, lifeless, meandering, loud, painful, obnoxious.",0,2,negative,positive,-0.3471301794052124,-0.025587527081370354,0.8918965458869934
7,ZJS,"It has fun with the quirks of family life, but it also treats the subject with fondness and respect.",2,1,positive,neutral,-1.2387487888336182,0.7346633076667786,0.6071608662605286
7,ZJS,"Novak manages to capture a cruelly hilarious vein of black comedy in the situation with his cast of non-actors and a gritty, no-budget approach.",2,1,positive,neutral,-0.04391311854124069,0.8074615597724915,-1.1580008268356323
7,ZJS,"Since Lee is a sentimentalist, the film is more worshipful than your random E!",1,2,neutral,positive,-0.14995726943016052,-0.089505136013031,0.20436173677444458
7,ZJS,"The movie is almost completely lacking in suspense, surprise and consistent emotional conviction.",0,2,negative,positive,-0.3449905812740326,-0.6421326994895935,1.148215651512146
7,ZJS,But it's too long and too convoluted and it ends in a muddle.,0,2,negative,positive,-0.3662388026714325,0.14632518589496613,0.982768714427948
7,ZJS,... a bland murder-on-campus yawner.,0,2,negative,positive,-2.036571979522705,-0.26300904154777527,3.035419464111328
7,ZJS,"One of the finest, most humane and important Holocaust movies ever made.",2,2,positive,positive,-1.3954246044158936,-0.4350934326648712,0.946013331413269
7,ZJS,"Suffers from rambling, repetitive dialogue and the visual drabness endemic to digital video.",0,2,negative,positive,-0.6436235904693604,-0.7094459533691406,1.4822498559951782
7,ZJS,"The twist that ends the movie is the one with the most emotional resonance, but twists are getting irritating, and this is the kind of material where the filmmakers should be very careful about raising eyebrows.",1,2,neutral,positive,-0.9934525489807129,-0.5625957250595093,1.6528617143630981
7,ZJS,"Angel presents events partly from the perspective of Aurelie and Christelle, and infuses the film with the sensibility of a particularly nightmarish fairytale.",1,2,neutral,positive,-0.9802696108818054,0.4308692514896393,0.9012086391448975
7,ZJS,Features one of the most affecting depictions of a love affair ever committed to film.,2,2,positive,positive,-0.8734322786331177,-0.22084364295005798,0.7708144783973694
7,ZJS,It is intensely personal and yet -- unlike Quills -- deftly shows us the temper of the times.,2,2,positive,positive,-0.42415618896484375,-0.660142183303833,1.7495269775390625
7,ZJS,"Even as I valiantly struggled to remain interested, or at least conscious, I could feel my eyelids... getting... very... heavy...",0,2,negative,positive,-0.22962957620620728,-0.31406834721565247,1.1579900979995728
7,ZJS,"... a solid, well-formed satire.",2,2,positive,positive,-2.2263972759246826,-2.2123236656188965,4.765509605407715
7,ZJS,Deserves high marks for political courage but barely gets by on its artistic merits.,1,2,neutral,positive,0.25335055589675903,-0.553459644317627,0.7185980677604675
7,ZJS,Read My Lips is to be viewed and treasured for its extraordinary intelligence and originality as well as its lyrical variations on the game of love.,2,2,positive,positive,-1.3016226291656494,-0.475055992603302,0.9337255954742432
7,ZJS,"... creates a visceral sense of its characters' lives and conflicted emotions that carries it far above... what could have been a melodramatic, Lifetime Channel-style anthology.",1,2,neutral,positive,-0.8755356073379517,-0.8586141467094421,1.4192962646484375
7,ZJS,Reeks of rot and hack work from start to finish.,1,2,neutral,positive,-0.4661899209022522,0.07349725067615509,0.7824347019195557
7,ZJS,Just how these families interact may surprise you.,1,2,neutral,positive,-1.4197007417678833,-0.25850653648376465,1.754640817642212
7,ZJS,"The Movie is what happens when you blow up small potatoes to 10 times their natural size, and it ain't pretty.",0,2,negative,positive,-0.5446456074714661,0.12521997094154358,0.6676640510559082
7,ZJS,"The film is a contrivance, as artificial as the video games Japanese teens play in a nightclub sequence, but it's an enjoyable one.",1,2,neutral,positive,1.1034445762634277,-1.2090778350830078,2.2755112648010254
7,ZJS,"At its worst the screenplay is callow, but at its best it is a young artist's thoughtful consideration of fatherhood.",1,2,neutral,positive,0.43342822790145874,-0.6689653992652893,0.8326942920684814
7,ZJS,At 78 minutes it just zings along with vibrance and warmth.,2,0,positive,negative,1.123039960861206,1.0864168405532837,0.33429425954818726
7,ZJS,"Instead of hiding Pinocchio from critics, Miramax should have hidden it from everyone.",0,2,negative,positive,-0.17160294950008392,-0.058021917939186096,-0.016874782741069794
7,ZJS,What a great shame that such a talented director as Chen Kaige has chosen to make his English-language debut with a film so poorly plotted and scripted.,0,0,negative,negative,0.7846347093582153,-0.05039288103580475,0.6859639883041382
7,ZJS,Jeffs has created a breathtakingly assured and stylish work of spare dialogue and acute expressiveness.,2,0,positive,negative,0.8828977346420288,-0.4962596893310547,-0.9589192271232605
7,ZJS,"Just about the best straight-up, old-school horror film of the last 15 years.",2,0,positive,negative,1.1892666816711426,-0.07086049020290375,-0.70151287317276
7,ZJS,Better at putting you to sleep than a sound machine.,0,1,negative,neutral,0.014071820303797722,0.10152857005596161,-0.09654610604047775
7,ZJS,Feels less like a cousin to Blade Runner than like a bottom-feeder sequel in the Escape From New York series.,0,0,negative,negative,1.5917565822601318,-1.2310340404510498,0.26160234212875366
7,ZJS,"Elegantly produced and expressively performed, the six musical numbers crystallize key plot moments into minutely detailed wonders of dreamlike ecstasy.",2,2,positive,positive,0.23927494883537292,-0.3436904549598694,0.9282899498939514
7,ZJS,"Ultimate X is a ride, basically the kind of greatest-hits reel that might come with a subscription to ESPN the Magazine.",1,2,neutral,positive,-0.6923033595085144,-0.7749500870704651,1.3591976165771484
7,ZJS,"Celebrated at Sundance, this slight comedy of manners has winning performances and a glossy, glib charm that's hard to beat.",2,2,positive,positive,0.6048214435577393,-0.7942212224006653,1.1910303831100464
7,ZJS,That Haynes can both maintain and dismantle the facades that his genre and his character construct is a wonderous accomplishment of veracity and narrative grace.,2,2,positive,positive,0.37528708577156067,-0.08196862041950226,0.9165450930595398
7,ZJS,"Some elements of it really blow the big one, but other parts are decent.",1,0,neutral,negative,1.99484384059906,-0.48438605666160583,0.5575825572013855
7,ZJS,"No French people were harmed during the making of this movie, but they were insulted and the audience was put through torture for an hour and a half.",0,2,negative,positive,-0.36595606803894043,-0.8045857548713684,0.8104739785194397
7,ZJS,"I was feeling this movie until it veered off too far into the Exxon zone, and left me behind at the station looking for a return ticket to realism.",0,2,negative,positive,-0.46883708238601685,0.5873177647590637,1.0990912914276123
7,ZJS,The simplicity of The Way Home has few equals this side of Aesop.,1,2,neutral,positive,0.7109466791152954,-0.7150089740753174,0.8070895671844482
7,ZJS,Exceptionally well acted by Diane Lane and Richard Gere.,2,2,positive,positive,0.12314584851264954,-0.7485175728797913,1.1726099252700806
7,ZJS,"A stupid, derivative horror film that substitutes extreme gore for suspense.",0,0,negative,negative,1.023608684539795,-0.27244895696640015,-0.17901672422885895
7,ZJS,It's a great American adventure and a wonderful film to bring to IMAX.,2,0,positive,negative,1.0960787534713745,-0.9979690909385681,0.10720477253198624
7,ZJS,It's 51 times better than this.,1,0,neutral,negative,1.7649283409118652,0.12137000262737274,-0.7043229937553406
7,ZJS,"It's like an old Warner Bros. costumer jived with sex -- this could be the movie Errol Flynn always wanted to make, though Bette Davis, cast as Joan, would have killed him.",1,2,neutral,positive,-0.2678868770599365,-1.315833330154419,2.693850040435791
7,ZJS,"A miraculous movie, I'm Going Home is so slight, yet overflows with wisdom and emotion.",2,0,positive,negative,0.7134078741073608,-0.05876339226961136,0.4078987240791321
7,ZJS,"A fiercely clever and subtle film, capturing the precarious balance between the extravagant confidence of the exiled aristocracy and the cruel earnestness of the victorious revolutionaries.",2,0,positive,negative,0.3473375141620636,-0.24822941422462463,-0.11224997788667679
7,ZJS,"It's as if you're watching a movie that was made in 1978 but not released then because it was so weak, and it has been unearthed and released now, when it has become even weaker.",0,2,negative,positive,0.5136565566062927,-0.8671470284461975,1.0480564832687378
7,ZJS,Anemic chronicle of money grubbing New Yorkers and their serial loveless hook ups.,1,0,neutral,negative,0.34242379665374756,-1.1299258470535278,-0.2846430242061615
7,ZJS,"Thanks to a small star with big heart, this family film sequel is plenty of fun for all.",2,1,positive,neutral,-1.1139999628067017,1.8181986808776855,0.44415563344955444
7,ZJS,And I've decided to leave a light on every night from now on.,1,1,neutral,neutral,-0.9655954837799072,0.16943000257015228,-0.3120487928390503
7,ZJS,Festers in just such a dungpile that you'd swear you were watching monkeys flinging their feces at you.,0,2,negative,positive,0.007616064045578241,0.23322327435016632,0.32013222575187683
7,ZJS,under-rehearsed and lifeless,0,2,negative,positive,1.4460978507995605,-1.939333438873291,2.293487310409546
7,ZJS,Exactly what you'd expect from a guy named Kaos.,1,1,neutral,neutral,1.3389496803283691,1.8471282720565796,-1.4367817640304565
7,ZJS,"If legendary shlockmeister Ed Wood had ever made a movie about a vampire, it probably would look a lot like this alarming production, adapted from Anne Rice's novel The Vampire Chronicles.",1,2,neutral,positive,-0.01613348163664341,-1.0802539587020874,1.3834069967269897
7,ZJS,Bella is the picture of health with boundless energy until a few days before she dies.,1,2,neutral,positive,0.5766761898994446,-0.48331350088119507,1.206563949584961
7,ZJS,"The fun of the movie is the chance it affords to watch Jackson, who also served as executive producer, take his smooth, shrewd, powerful act abroad.",2,2,positive,positive,0.5694602727890015,-0.6072056293487549,1.6565274000167847
7,ZJS,What should have been a cutting Hollywood satire is instead about as fresh as last week's issue of Variety.,0,2,negative,positive,-0.30763009190559387,-0.36713454127311707,1.0502183437347412
7,ZJS,"Cox offers plenty of glimpses at existing photos, but there are no movies of Nijinsky, so instead the director treats us to an aimless hodgepodge.",0,2,negative,positive,0.2078811675310135,-0.4637787342071533,1.1932480335235596
7,ZJS,Aaliyah rarely dampens her diva persona enough to spark genuine chemistry with Townsend.,1,2,neutral,positive,0.16304369270801544,0.29908323287963867,1.1059523820877075
7,ZJS,Mazel tov to a film about a family's joyous life acting on the Yiddish stage.,2,0,positive,negative,0.8386075496673584,0.2313011735677719,-0.43804970383644104
7,ZJS,... would be a total loss if not for two supporting performances taking place at the movie's edges.,1,0,neutral,negative,0.5669209361076355,0.13374799489974976,0.1867937296628952
7,ZJS,An inspiring and heart-affecting film about the desperate attempts of Vietnamese refugees living in U.S. relocation camps to keep their hopes alive in 1975.,2,2,positive,positive,0.39295247197151184,-0.9857775568962097,1.454785704612732
7,ZJS,"Loud, chaotic and largely unfunny.",0,2,negative,positive,0.1431579887866974,-2.2135226726531982,4.980561256408691
7,ZJS,The immersive powers of the giant screen and its hyper-realistic images are put to perfect use in the breathtakingly beautiful outer-space documentary Space Station 3D.,2,2,positive,positive,-0.3562716841697693,0.00693476339802146,0.9068687558174133
7,ZJS,It's everything you don't go to the movies for.,0,2,negative,positive,0.43270736932754517,-0.42728063464164734,0.468968003988266
7,ZJS,"Harris is supposed to be the star of the story, but comes across as pretty dull and wooden.",1,0,neutral,negative,0.619392454624176,-0.4430409371852875,-0.3916572034358978
7,ZJS,Allen's funniest and most likeable movie in years.,2,1,positive,neutral,0.27083736658096313,0.6125288605690002,0.16293101012706757
7,ZJS,"For those who pride themselves on sophisticated, discerning taste, this might not seem like the proper cup of tea, however it is almost guaranteed that even the stuffiest cinema goers will laugh their 1*** off for an hour-and-a-half.",2,2,positive,positive,-1.3186726570129395,-0.029366714879870415,1.7110093832015991
7,ZJS,"There is a refreshing absence of cynicism in Stuart Little 2 -- quite a rarity, even in the family film market.",2,2,positive,positive,0.13923519849777222,0.15859805047512054,0.7800111174583435
7,ZJS,There are plot holes big enough for Shamu the killer whale to swim through.,0,1,negative,neutral,0.42516419291496277,1.0658522844314575,-0.40248045325279236
7,ZJS,... always remains movingly genuine.,2,0,positive,negative,0.376759797334671,-0.6085749268531799,-0.18136729300022125
7,ZJS,Kirshner and Monroe seem to be in a contest to see who can out-bad-act the other.,0,2,negative,positive,-0.14248336851596832,-0.35540658235549927,1.0382713079452515
7,ZJS,"Like life on the island, the movie grows boring despite the scenery.",0,2,negative,positive,-0.2970387935638428,-0.24037127196788788,1.2775782346725464
7,ZJS,"Even by the intentionally low standards of frat-boy humor, Sorority Boys is a bowser.",0,2,negative,positive,0.04409954696893692,-0.18164649605751038,0.2134181261062622
7,ZJS,"Director of photography Benoit Delhomme shot the movie in delicious colors, and the costumes and sets are grand.",2,0,positive,negative,0.4673018455505371,-0.3674696087837219,0.43971845507621765
7,ZJS,The only entertainment you'll derive from this choppy and sloppy affair will be from unintentional giggles -- several of them.,0,2,negative,positive,-0.10187043994665146,-0.2703636884689331,1.2180200815200806
7,ZJS,The film serves as a valuable time capsule to remind us of the devastating horror suffered by an entire people.,1,2,neutral,positive,-0.12577074766159058,-0.8894532918930054,0.8376675248146057
7,ZJS,Attal pushes too hard to make this a comedy or serious drama.,0,2,negative,positive,-0.11999496072530746,-1.7041070461273193,0.8476037979125977
7,ZJS,Isabelle Huppert excels as the enigmatic Mika and Anna Mouglalis is a stunning new young talent in one of Chabrol's most intense psychological mysteries.,2,2,positive,positive,-0.9763222336769104,-1.4367913007736206,2.7128539085388184
7,ZJS,A small movie with a big impact.,2,2,positive,positive,-0.4662429988384247,-1.6175551414489746,1.6230207681655884
7,ZJS,Photographed with melancholy richness and eloquently performed yet also decidedly uncinematic.,1,0,neutral,negative,1.2109785079956055,-0.5238466858863831,-0.8717695474624634
7,ZJS,"Hey Arnold! is now stretched to barely feature length, with a little more attention paid to the animation.",1,2,neutral,positive,-0.5197409987449646,-1.4976496696472168,2.4907052516937256
7,ZJS,"After that, it just gets stupid and maudlin.",0,2,negative,positive,0.6740915775299072,-0.7774677872657776,1.0203611850738525
7,ZJS,"The stunning, dreamlike visuals will impress even those viewers who have little patience for Euro-film pretension.",2,0,positive,negative,0.5092369318008423,0.04770457744598389,0.4194999635219574
7,ZJS,"Plods along, minus the twisted humor and eye-popping visuals that have made Miike... a cult hero.",1,2,neutral,positive,-0.08210622519254684,-0.06124959886074066,0.45144352316856384
7,ZJS,"Impresses as a skillfully assembled, highly polished and professional adaptation... just about as chilling and unsettling as `Manhunter' was.",2,0,positive,negative,1.2589064836502075,1.106993317604065,-0.18133728206157684
7,ZJS,"For the most part, it's a work of incendiary genius, steering clear of knee-jerk reactions and quick solutions.",2,2,positive,positive,0.17995521426200867,-0.8421439528465271,0.9811689257621765
7,ZJS,"It's badly acted, blandly directed, and could have been scripted by someone who just graduated from elementary school.",0,2,negative,positive,-0.2656398415565491,-1.2372698783874512,2.227349281311035
7,ZJS,"The sort of picture in which, whenever one of the characters has some serious soul searching to do, they go to a picture-perfect beach during sunset.",1,2,neutral,positive,-0.34257423877716064,-1.0711420774459839,1.710398554801941
7,ZJS,... a roller-coaster ride of a movie,2,0,positive,negative,1.3158926963806152,0.8271310925483704,-0.11658593267202377
7,ZJS,"A colorful, vibrant introduction to a universal human impulse, lushly photographed and beautifully recorded.",2,1,positive,neutral,0.5259242653846741,0.7186213731765747,0.5436109900474548
7,ZJS,Audiard successfully maintains suspense on different levels throughout a film that is both gripping and compelling.,2,2,positive,positive,0.3903346061706543,-1.0992985963821411,1.3126857280731201
7,ZJS,After that it becomes long and tedious like a classroom play in a college history course.,0,0,negative,negative,0.7122082710266113,0.23367692530155182,0.36195865273475647
7,ZJS,"This is cool, slick stuff, ready to quench the thirst of an audience that misses the summer blockbusters.",2,2,positive,positive,-0.049639903008937836,-0.34716376662254333,1.0129517316818237
7,ZJS,"Blade II has a brilliant director and charismatic star, but it suffers from rampant vampire devaluation.",1,0,neutral,negative,0.8644887208938599,0.07475244998931885,-0.015720807015895844
7,ZJS,"A loud, ugly, irritating movie without any of its satirical salvos hitting a discernible target.",0,2,negative,positive,0.47087475657463074,-0.7865189909934998,0.5853269696235657
7,ZJS,"For VeggieTales fans, this is more appetizing than a side dish of asparagus.",2,2,positive,positive,0.03679209202528,-0.14624521136283875,0.6039491295814514
7,ZJS,"While it regards 1967 as the key turning point of the 20th century, and returns again and again to images of dissidents in the streets, it's alarmingly current.",1,2,neutral,positive,-0.8083614110946655,-0.9962297081947327,2.117112159729004
7,ZJS,A truly wonderful tale combined with stunning animation.,2,2,positive,positive,-0.48750337958335876,-1.4091497659683228,0.9716786742210388
7,ZJS,"Nothing sticks, really, except a lingering creepiness one feels from being dragged through a sad, sordid universe of guns, drugs, avarice and damaged dreams.",0,2,negative,positive,-0.4387456774711609,-0.9256807565689087,1.5303364992141724
7,ZJS,``Simone'' is a fun and funky look into an artificial creation in a world that thrives on artificiality.,2,2,positive,positive,0.15017879009246826,-0.7629647254943848,0.8096710443496704
7,ZJS,"It's a hoot watching The Rock chomp on jumbo ants, pull an arrow out of his back, and leap unscathed through raging fire!",2,2,positive,positive,-0.5404298305511475,-0.12236911058425903,1.5390969514846802
7,ZJS,"While Tattoo borrows heavily from both Seven and The Silence of the Lambs, it manages to maintain both a level of sophisticated intrigue and human-scale characters that suck the audience in.",2,2,positive,positive,-1.069981575012207,-0.9819406867027283,2.3716156482696533
7,ZJS,A portrait of an artist.,1,2,neutral,positive,0.4862869679927826,-1.4688434600830078,1.1146584749221802
7,ZJS,"It's the best film of the year so far, the benchmark against which all other Best Picture contenders should be measured.",2,0,positive,negative,0.002583762863650918,-0.1788451075553894,-0.09491553157567978
7,ZJS,This is one of the biggest disappointments of the year.,0,2,negative,positive,-1.5613819360733032,-0.45064690709114075,2.125030755996704
7,ZJS,It never fails to engage us.,2,2,positive,positive,-0.2402179092168808,-0.9335142970085144,2.138737678527832
7,ZJS,"Denis forges out of the theories of class - based rage and sisterly obsession a razor-sided tuning fork that rings with cultural, sexual and social discord.",1,2,neutral,positive,-1.5052367448806763,0.7942565679550171,0.8919574618339539
7,ZJS,The movie slides downhill as soon as macho action conventions assert themselves.,0,2,negative,positive,-0.5225218534469604,-0.071602001786232,0.9895012974739075
7,ZJS,"More romantic, more emotional and ultimately more satisfying than the teary-eyed original.",2,1,positive,neutral,0.4351271688938141,1.0354984998703003,-0.47010645270347595
7,ZJS,"Like the best of Godard's movies... it is visually ravishing, penetrating, impenetrable.",2,2,positive,positive,-0.10636534541845322,-0.1803590953350067,0.5181580781936646
7,ZJS,The cumulative effect of the movie is repulsive and depressing.,0,2,negative,positive,-0.3496711254119873,-0.28914111852645874,0.6875391006469727
7,ZJS,"Feels like nothing quite so much as a middle-aged moviemaker's attempt to surround himself with beautiful, half-naked women.",1,2,neutral,positive,-0.19755977392196655,-0.5988625288009644,-0.16250409185886383
7,ZJS,"A very long movie, dull in stretches, with entirely too much focus on meal preparation and igloo construction.",0,1,negative,neutral,-1.0037716627120972,0.24991567432880402,0.007900753058493137
7,ZJS,"In XXX, Diesel is that rare creature -- an action hero with table manners, and one who proves that elegance is more than tattoo deep.",2,2,positive,positive,-1.3486404418945312,-0.023577241227030754,0.6471686959266663
7,ZJS,I'm not sure which will take longer to heal: the welt on Johnny Knoxville's stomach from a riot-control projectile or my own tortured psyche.,0,1,negative,neutral,-0.25236478447914124,0.9651402831077576,-0.22112686932086945
7,ZJS,"While Serving Sara does have a long way to go before it reaches the level of crudity in the latest Austin Powers extravaganza, there's nothing here to match that movie's intermittent moments of inspiration.",1,2,neutral,positive,-1.1919448375701904,0.05865626037120819,0.782265841960907
7,ZJS,"It's difficult to conceive of anyone who has reached puberty actually finding the characters in Slackers or their antics amusing, let alone funny.",0,2,negative,positive,-3.265080690383911,-0.31701457500457764,2.1567561626434326
7,ZJS,"It never is, not fully.",1,2,neutral,positive,-1.473924994468689,-0.22890658676624298,2.3755064010620117
7,ZJS,"Not only is Undercover Brother as funny, if not more so, than both Austin Powers films, but it's also one of the smarter, savvier spoofs to come along in some time.",2,2,positive,positive,-1.0531725883483887,0.01061648316681385,0.2869735360145569
7,ZJS,It should be mentioned that the set design and interiors of the haunted vessel are more than effectively creepy and moodily lit.,2,1,positive,neutral,-0.24524906277656555,0.47313615679740906,-1.2204538583755493
7,ZJS,"With the exception of some fleetingly amusing improvisations by Cedric the Entertainer as Perry's boss, there isn't a redeeming moment here.",0,2,negative,positive,-0.9937154650688171,-0.14027200639247894,0.007413187064230442
7,ZJS,It's a funny little movie with clever dialogue and likeable characters.,2,2,positive,positive,0.445247620344162,0.3709810674190521,1.3761069774627686
7,ZJS,"``13 Conversations'' holds its goodwill close, but is relatively slow to come to the point.",1,2,neutral,positive,-1.6842018365859985,0.06848680973052979,1.4185216426849365
7,ZJS,"Not the kind of film that will appeal to a mainstream American audience, but there is a certain charm about the film that makes it a suitable entry into the fest circuit.",2,2,positive,positive,-1.495275616645813,-0.42569735646247864,0.9883566498756409
7,ZJS,"You come away wishing, though, that the movie spent a lot less time trying to make a credible case for reports from the afterlife and a lot more time on the romantic urgency that's at the center of the story.",1,2,neutral,positive,-2.62917423248291,0.7584320902824402,0.7719306945800781
7,ZJS,The movie is virtually without context -- journalistic or historical.,0,2,negative,positive,-0.7005006074905396,-0.6956036686897278,0.7496626973152161
7,ZJS,"After sitting through this sloppy, made-for-movie comedy special, it makes me wonder if Lawrence hates criticism so much that he refuses to evaluate his own work.",0,2,negative,positive,-2.7816905975341797,-0.41755780577659607,1.5369783639907837
7,ZJS,Genuinely touching because it's realistic about all kinds of love.,2,0,positive,negative,0.8560143709182739,-0.6753613352775574,-0.35817623138427734
7,ZJS,"For all the complications, it's all surprisingly predictable.",1,2,neutral,positive,-0.8538958430290222,0.602184534072876,1.9300578832626343
7,ZJS,"Armed with a game supporting cast, from the pitch-perfect Forster to the always hilarious Meara and Levy, Like Mike shoots and scores, doing its namesake proud.",2,2,positive,positive,-1.4972306489944458,-0.36238110065460205,0.6403595805168152
7,ZJS,It will guarantee to have you leaving the theater with a smile on your face.,2,2,positive,positive,-1.0119744539260864,-0.014431236311793327,0.4325081408023834
7,ZJS,"A thoroughly awful movie -- dumb, narratively chaotic, visually sloppy... a weird amalgam of `The Thing' and a geriatric `Scream.'",0,2,negative,positive,-1.8040761947631836,-0.3257785141468048,1.1311798095703125
7,ZJS,"One of those staggeringly well-produced, joylessly extravagant pictures that keep whooshing you from one visual marvel to the next, hastily, emptily.",1,2,neutral,positive,-1.6732065677642822,-0.9173244833946228,1.3331438302993774
7,ZJS,"Measured against practically any like-themed film other than its Oscar-sweeping franchise predecessor The Silence of the Lambs, Red Dragon rates as an exceptional thriller.",2,2,positive,positive,-2.218629837036133,-0.9155364632606506,1.6557844877243042
7,ZJS,"The movie has no respect for laws, political correctness or common decency, but it displays something more important: respect for its flawed, crazy people.",1,2,neutral,positive,-1.3216551542282104,-0.24438105523586273,1.132086157798767
7,ZJS,"In a strange way, Egoyan has done too much.",1,1,neutral,neutral,-1.4184402227401733,1.2402563095092773,0.8485252261161804
7,ZJS,The film is darkly funny in its observation of just how much more grueling and time-consuming the illusion of work is than actual work.,2,2,positive,positive,-0.10328762978315353,-1.4693690538406372,0.6918421387672424
7,ZJS,"In some ways, Lagaan is quintessential Bollywood.",1,2,neutral,positive,-1.2833331823349,0.2935330271720886,1.573694109916687
7,ZJS,"Pacino and Williams seem to keep upping the ante on each other, just as their characters do in the film.",2,2,positive,positive,-0.8257911205291748,-1.1967129707336426,1.1695114374160767
7,ZJS,"It would be disingenuous to call Reno a great film, but you can say that about most of the flicks moving in and out of the multiplex.",1,2,neutral,positive,-1.0848336219787598,0.18175210058689117,0.42436447739601135
7,ZJS,"Some movies can get by without being funny simply by structuring the scenes as if they were jokes: a setup, delivery and payoff.",1,2,neutral,positive,-2.068202257156372,-0.1755927950143814,0.9022156596183777
7,ZJS,Narc can only remind us of brilliant crime dramas without becoming one itself.,1,0,neutral,negative,0.4195905029773712,-0.7573457360267639,0.3875928223133087
7,ZJS,Narc is a no-bull throwback to 1970s action films.,2,2,positive,positive,0.212161585688591,0.2537810802459717,0.8740867376327515
7,ZJS,Intriguing and downright intoxicating.,2,2,positive,positive,-2.4003331661224365,-0.7290711402893066,2.3565433025360107
7,ZJS,"The wonderful combination of the sweetness and the extraordinary technical accomplishments of the first film are maintained, but its overall impact falls a little flat with a storyline that never quite delivers the original magic.",1,2,neutral,positive,-2.0683932304382324,-0.5079292058944702,1.344859004020691
7,ZJS,Perhaps the most annoying thing about Who Is Cletis Tout? is that it's a crime movie made by someone who obviously knows nothing about crime.,0,2,negative,positive,-1.7422971725463867,-1.5830453634262085,1.5866481065750122
7,ZJS,The quirky drama touches the heart and the funnybone thanks to the energetic and always surprising performance by Rachel Griffiths.,2,2,positive,positive,-1.9852012395858765,-1.2111942768096924,1.4448615312576294
7,ZJS,"At its worst, it implodes in a series of very bad special effects.",0,2,negative,positive,0.3977547883987427,-0.4296910762786865,0.8619841933250427
7,ZJS,Bad and baffling from the get-go.,0,2,negative,positive,-2.8342859745025635,0.2204485684633255,3.2310285568237305
7,ZJS,"The movie is a blast of educational energy, as bouncy animation and catchy songs escort you through the entire 85 minutes.",2,2,positive,positive,-1.4605211019515991,0.12007899582386017,0.5282469391822815
7,ZJS,"To my taste, the film's comic characters come perilously close to being Amoses and Andys for a new generation.",1,2,neutral,positive,-0.4525318145751953,-0.016515566036105156,1.989554762840271
7,ZJS,"Although the sequel has all the outward elements of the original, the first film's lovely flakiness is gone, replaced by the forced funniness found in the dullest kiddie flicks.",0,2,negative,positive,-2.560887336730957,0.6313371658325195,3.660209894180298
7,ZJS,"The real charm of this trifle is the deadpan comic face of its star, Jean Reno, who resembles Sly Stallone in a hot sake half-sleep.",1,2,neutral,positive,-0.32159215211868286,-0.779519259929657,1.8923823833465576
7,ZJS,"... a cute and sometimes side-splittingly funny blend of Legally Blonde and Drop Dead Gorgeous, starring Piper Perabo in what could be her breakthrough role.",2,2,positive,positive,-0.6226601600646973,-0.28421199321746826,2.6440484523773193
7,ZJS,"This method almost never fails him, and it works superbly here.",2,1,positive,neutral,-0.2216513603925705,1.4608737230300903,1.1673033237457275
7,ZJS,Few films capture so perfectly the hopes and dreams of little boys on baseball fields as well as the grown men who sit in the stands.,2,2,positive,positive,-1.1898130178451538,-0.2386275827884674,1.6481472253799438
7,ZJS,Steers has an unexpectedly adamant streak of warm-blooded empathy for all his disparate Manhattan denizens -- especially the a**holes.,1,2,neutral,positive,-0.759184718132019,0.575031578540802,1.6856555938720703
7,ZJS,"LaBute can't avoid a fatal mistake in the modern era: He's changed the male academic from a lower-class Brit to an American, a choice that upsets the novel's exquisite balance and shreds the fabric of the film.",1,2,neutral,positive,-0.2596403956413269,0.3259844481945038,1.9142496585845947
7,ZJS,A biopic about Crane's life in the classic tradition but evolves into what has become of us all in the era of video.,1,2,neutral,positive,-1.0574002265930176,-0.6613776087760925,2.0160250663757324
7,ZJS,"A work of extraordinary journalism, but it is also a work of deft and subtle poetry.",2,2,positive,positive,-3.016463279724121,-0.3217468857765198,3.2208690643310547
7,ZJS,... think of it as American Pie On Valium.,1,0,neutral,negative,0.7418406009674072,0.09199024736881256,0.4102194309234619
7,ZJS,Gere gives a good performance in a film that doesn't merit it.,1,0,neutral,negative,1.070227861404419,-1.1305030584335327,0.9869658350944519
7,ZJS,The Pianist is Polanski's best film.,2,2,positive,positive,-2.2520101070404053,-1.8715332746505737,4.035991668701172
7,ZJS,Maybe Thomas Wolfe was right: You can't go home again.,1,2,neutral,positive,-1.5056754350662231,0.6764921545982361,2.9353890419006348
7,ZJS,"The director, with his fake backdrops and stately pacing, never settles on a consistent tone.",0,2,negative,positive,-0.15937091410160065,-0.44804859161376953,1.5627979040145874
7,ZJS,"Why he was given free reign over this project -- he wrote, directed, starred and produced -- is beyond me.",0,2,negative,positive,-0.14014890789985657,0.09456779062747955,1.290581226348877
7,ZJS,"If you enjoy being rewarded by a script that assumes you aren't very bright, then Blood Work is for you.",0,2,negative,positive,-1.7844773530960083,-0.06044469773769379,2.6139891147613525
7,ZJS,But his showboating wise-cracker stock persona sure is getting old.,1,2,neutral,positive,-0.6250393390655518,0.32314053177833557,1.611014485359192
7,ZJS,"Circuit queens won't learn a thing, they'll be too busy cursing the film's strategically placed white sheets.",1,2,neutral,positive,-0.38077041506767273,-0.6407848000526428,1.3333230018615723
7,ZJS,"A lot of talent is wasted in this crass, low-wattage endeavor.",0,2,negative,positive,-2.3698878288269043,0.2527227997779846,2.3048715591430664
7,ZJS,"Alain Choquart's camera barely stops moving, portraying both the turmoil of the time and giving Conduct a perpetual sense of urgency, which, for a film that takes nearly three hours to unspool, is both funny and irritating.",1,2,neutral,positive,-1.1005748510360718,-1.220764398574829,2.9555296897888184
7,ZJS,The second coming of Harry Potter is a film far superior to its predecessor.,2,2,positive,positive,-3.912618637084961,0.6136056780815125,4.910239219665527
7,ZJS,"The delicious trimmings... arrive early and stay late, filling nearly every minute... with a lighthearted glow, some impudent snickers, and a glorious dose of humankind's liberating ability to triumph over a Scrooge or two.",2,2,positive,positive,-1.790685772895813,-0.34974294900894165,3.1805639266967773
7,ZJS,"The inhospitability of the land emphasizes the spare precision of the narratives and helps to give them an atavistic power, as if they were tales that had been handed down since the beginning of time.",1,2,neutral,positive,-1.8494491577148438,-0.007806642446666956,3.424152374267578
7,ZJS,"Parker should be commended for taking a fresh approach to familiar material, but his determination to remain true to the original text leads him to adopt a somewhat mannered tone... that ultimately dulls the human tragedy at the story's core.",1,2,neutral,positive,-1.6867620944976807,-0.9443201422691345,2.7402515411376953
7,ZJS,"Hard, endearing, caring, warm.",2,2,positive,positive,-1.5261625051498413,0.6675305366516113,5.125655174255371
7,ZJS,"I have no problem with ``difficult'' movies, or movies that ask the audience to meet them halfway and connect the dots instead of having things all spelled out.",1,2,neutral,positive,-1.3254661560058594,-1.2366586923599243,2.6333189010620117
7,ZJS,The way Coppola professes his love for movies -- both colorful pop junk and the classics that unequivocally qualify as art -- is giddily entertaining.,2,2,positive,positive,-1.8984802961349487,-1.085062861442566,2.4242584705352783
7,ZJS,It's never a good sign when a film's star spends the entirety of the film in a coma.,0,2,negative,positive,-0.6841225624084473,-0.055498406291007996,2.110806941986084
7,ZJS,A creaky staircase gothic.,1,2,neutral,positive,-2.5372254848480225,-0.009412510320544243,4.776202201843262
7,ZJS,"If there's a way to effectively teach kids about the dangers of drugs, I think it's in projects like the (unfortunately R-rated) Paid.",1,2,neutral,positive,-0.3823074996471405,-0.6067827343940735,1.749909520149231
7,ZJS,"If you're a WWF fan, or you related to the people who watched the robots getting butchered in A.I., you'll probably like Rollerball.",1,2,neutral,positive,-0.3066311180591583,-0.6249966025352478,1.847890019416809
7,ZJS,Norton holds the film together.,1,2,neutral,positive,-1.4028470516204834,-2.098144292831421,4.451884746551514
7,ZJS,"A breathtaking adventure for all ages, Spirit tells its poignant and uplifting story in a stunning fusion of music and images.",2,2,positive,positive,-1.4337890148162842,0.46066656708717346,3.134871006011963
7,ZJS,It won't bust your gut -- and it's not intended to -- it's merely a blandly cinematic surgical examination of what makes a joke a joke.,1,2,neutral,positive,-0.9466934204101562,0.14001502096652985,0.9451399445533752
7,ZJS,Largely a for-fans artifact.,1,2,neutral,positive,-1.067476511001587,0.32435259222984314,1.3872398138046265
7,ZJS,A movie so bad that it quickly enters the pantheon of wreckage that includes Battlefield Earth and Showgirls.,0,2,negative,positive,-1.52469003200531,-0.29060113430023193,2.273021697998047
7,ZJS,"If you're over 25, have an IQ over 90, and have a driver's license, you should be able to find better entertainment.",0,2,negative,positive,0.17090454697608948,0.29979920387268066,0.7478381991386414
7,ZJS,A solid piece of journalistic work that draws a picture of a man for whom political expedience became a deadly foreign policy.,1,2,neutral,positive,-1.3569895029067993,0.12666553258895874,2.2237350940704346
7,ZJS,"The doofus-on-the-loose banter of Welcome to Collinwood has a cocky, after-hours loopiness to it.",1,2,neutral,positive,-1.3459889888763428,0.36723792552948,1.8135530948638916
7,ZJS,It's the funniest American comedy since Graffiti Bridge.,2,2,positive,positive,-0.8557446002960205,-0.26499122381210327,4.928692817687988
7,ZJS,Samuel Beckett applied to the Iranian voting process.,1,2,neutral,positive,-2.8869526386260986,0.6850537061691284,5.581771373748779
7,ZJS,A strangely compelling and brilliantly acted psychological drama.,2,2,positive,positive,-2.439056396484375,0.34790414571762085,5.279606342315674
7,ZJS,"Often gruelling and heartbreaking to witness, but Seldahl and Wollter's sterling performances raise this far above the level of the usual maudlin disease movie.",2,2,positive,positive,-3.2192487716674805,0.8969925045967102,1.5627883672714233
7,ZJS,"This enthralling documentary... is at once playful and haunting, an in-depth portrait of an iconoclastic artist who was fundamentally unknowable even to his closest friends.",2,2,positive,positive,-3.2051138877868652,0.5670878887176514,1.8860927820205688
7,ZJS,"I didn't laugh at the ongoing efforts of Cube, and his skinny buddy Mike Epps, to make like Laurel and Hardy'n the hood.",0,2,negative,positive,-2.586789131164551,-0.08916296064853668,2.5231773853302
7,ZJS,"At its best when the guarded, resentful Betty and the manipulative yet needy Margot are front and center.",1,2,neutral,positive,-3.256141424179077,-0.37898749113082886,2.4610395431518555
7,ZJS,Ford deserves to be remembered at Oscar time for crafting this wonderful portrait of a conflicted soldier.,2,2,positive,positive,-3.773374557495117,1.0680878162384033,1.9061102867126465
7,ZJS,"That is essentially what's missing from Blackboards -- the sense of something bigger, some ultimate point.",1,2,neutral,positive,-2.9724385738372803,0.3406311869621277,2.456634044647217
7,ZJS,"It's a bizarre curiosity memorable mainly for the way it fritters away its potentially interesting subject matter via a banal script, unimpressive acting and indifferent direction.",1,2,neutral,positive,-3.6729087829589844,0.518644392490387,1.9486788511276245
7,ZJS,"While obviously an extremely personal work, it remains inextricably stuck in an emotionally unavailable rut.",1,2,neutral,positive,-3.689342975616455,1.1608409881591797,1.1617683172225952
7,ZJS,"A dim-witted and lazy spin-off of the Animal Planet documentary series, Crocodile Hunter is entertainment opportunism at its most glaring.",0,2,negative,positive,-3.9939613342285156,0.9938690066337585,1.7653268575668335
7,ZJS,"The good is very, very good... The rest runs from mildly unimpressive to despairingly awful.",1,2,neutral,positive,-2.818685293197632,-0.04716522991657257,3.889767646789551
7,ZJS,"Methodical, measured, and gently tedious in its comedy, Secret Ballot is a purposefully reductive movie -- which may be why it's so successful at lodging itself in the brain.",2,2,positive,positive,-3.3927974700927734,-0.002445919904857874,2.5498456954956055
7,ZJS,One of the most exciting action films to come out of China in recent years.,2,2,positive,positive,-2.364129066467285,0.1555412858724594,4.9634246826171875
7,ZJS,Adam Sandler's Eight Crazy Nights grows on you -- like a rash.,0,2,negative,positive,-2.9055793285369873,0.01650296337902546,3.3423056602478027
7,ZJS,"The film feels formulaic, its plot and pacing typical Hollywood war-movie stuff, while the performances elicit more of a sense of deja vu than awe.",0,2,negative,positive,-2.7947816848754883,-0.1271282583475113,2.557673931121826
7,ZJS,"... pitiful, slapdash disaster.",0,2,negative,positive,0.15291865170001984,-1.735586166381836,5.035751819610596
7,ZJS,"As it stands, there's some fine sex onscreen, and some tense arguing, but not a whole lot more.",1,2,neutral,positive,-1.5912431478500366,-0.4490950107574463,2.329702854156494
7,ZJS,It's neither as romantic nor as thrilling as it should be.,0,2,negative,positive,-3.4239954948425293,0.9948866963386536,2.538907766342163
7,ZJS,Returning director Rob Minkoff... and screenwriter Bruce Joel Rubin... have done a fine job of updating White's dry wit to a new age.,2,2,positive,positive,-2.9840946197509766,0.8020884394645691,1.325061321258545
7,ZJS,"The Venezuelans say things like ``si, pretty much'' and ``por favor, go home'' when talking to Americans.",1,2,neutral,positive,-2.410098075866699,0.049416229128837585,3.514674663543701
7,ZJS,"If you already like this sort of thing, this is that sort of thing all over again.",1,2,neutral,positive,-3.658156394958496,1.0280508995056152,1.7180780172348022
7,ZJS,An awful movie that will only satisfy the most emotionally malleable of filmgoers.,0,2,negative,positive,-3.5734004974365234,1.1751245260238647,2.3247294425964355
7,ZJS,"This is an extraordinary film, not least because it is Japanese and yet feels universal.",2,2,positive,positive,-3.838623285293579,0.5703458786010742,2.746851682662964
7,ZJS,"Aptly named, this shimmering, beautifully costumed and filmed production doesn't work for me.",1,2,neutral,positive,-2.9822163581848145,0.08774040639400482,2.9196436405181885
7,ZJS,"If Borstal Boy isn't especially realistic, it is an engaging nostalgia piece.",1,2,neutral,positive,-2.71098256111145,0.6156039834022522,3.759697198867798
7,ZJS,Griffiths proves she's that rare luminary who continually raises the standard of her profession.,2,2,positive,positive,-2.626131057739258,-0.4223604202270508,3.4311490058898926
7,ZJS,"The asylum material is gripping, as are the scenes of Jia with his family.",2,2,positive,positive,-2.316739320755005,-0.06967060267925262,2.88806414604187
7,ZJS,"... by the time it's done with us, Mira Nair's new movie has its audience giddy with the delight of discovery, of having been immersed in a foreign culture only to find that human nature is pretty much the same all over.",2,2,positive,positive,-3.9521167278289795,0.5193774104118347,1.5699701309204102
7,ZJS,... about as exciting to watch as two last-place basketball teams playing one another on the final day of the season.,0,2,negative,positive,-2.9922475814819336,0.15264885127544403,3.3439342975616455
7,ZJS,Girls gone wild and gone civil again,1,2,neutral,positive,-2.9698283672332764,0.8216419816017151,2.7030835151672363
7,ZJS,To say Analyze That is De Niro's best film since Meet the Parents sums up the sad state of his recent career.,1,2,neutral,positive,-2.8667168617248535,-0.07131285965442657,2.783452033996582
7,ZJS,"Like being trapped inside a huge video game, where exciting, inane images keep popping past your head and the same illogical things keep happening over and over again.",1,2,neutral,positive,-3.1115970611572266,0.29640430212020874,1.4915142059326172
7,ZJS,`Enigma' is the kind of engaging historical drama that Hollywood appears to have given up on in favor of sentimental war movies in the vein of `We Were Soldiers.',1,2,neutral,positive,-3.1989097595214844,-0.24161078035831451,1.6839678287506104
7,ZJS,The Rock has a great presence but one battle after another is not the same as one battle followed by killer CGI effects.,1,2,neutral,positive,-3.3002724647521973,0.4423678517341614,2.1490869522094727
7,ZJS,Visually sumptuous but intellectually stultifying.,1,2,neutral,positive,-1.7192602157592773,-1.4127519130706787,5.07579231262207
7,ZJS,"So young, so smart, such talent, such a wise ***.",2,2,positive,positive,-1.453154444694519,-1.1409000158309937,5.684489727020264
7,ZJS,"The problem is that for the most part, the film is deadly dull.",0,2,negative,positive,-0.910302460193634,-1.5962518453598022,4.229039192199707
7,ZJS,A thinly veiled look at different aspects of Chinese life clashing with each other.,1,2,neutral,positive,-1.5221121311187744,-1.292443037033081,4.214338302612305
7,ZJS,An exhilarating experience.,2,2,positive,positive,-0.43060562014579773,-1.5060250759124756,5.9505791664123535
7,ZJS,Its vision of that awkward age when sex threatens to overwhelm everything else is acute enough to make everyone who has been there squirm with recognition.,1,2,neutral,positive,-2.8180789947509766,0.1774083822965622,2.335676670074463
7,ZJS,Remarkably accessible and affecting.,2,2,positive,positive,-1.8581303358078003,-0.15634708106517792,4.409675121307373
7,ZJS,"The climactic events are so well realized that you may forget all about the original conflict, just like the movie does.",1,2,neutral,positive,-3.0010712146759033,0.007461057510226965,2.669546604156494
7,ZJS,Distinctly sub-par... more likely to drown a viewer in boredom than to send any shivers down his spine.,0,2,negative,positive,-2.7612383365631104,0.1491786688566208,2.933687210083008
7,ZJS,Godard's ode to tackling life's wonderment is a rambling and incoherent manifesto about the vagueness of topical excess... In Praise of Love remains a ponderous and pretentious endeavor that's unfocused and tediously exasperating.,0,2,negative,positive,-3.874180793762207,0.434384822845459,1.1205700635910034
7,ZJS,"We never truly come to care about the main characters and whether or not they'll wind up together, and Michele's spiritual quest is neither amusing nor dramatic enough to sustain interest.",0,2,negative,positive,-3.4879658222198486,0.6273862719535828,1.794113039970398
7,ZJS,"Most haunting about ``Fence'' is its conclusion, when we hear the ultimate fate of these girls and realize, much to our dismay, that this really did happen.",2,2,positive,positive,-3.5849690437316895,0.47504526376724243,1.3528333902359009
7,ZJS,"Bogdanovich taps deep into the Hearst mystique, entertainingly reenacting a historic scandal.",2,2,positive,positive,-2.1546151638031006,-0.2938425540924072,1.2511345148086548
7,ZJS,"``My god, I'm behaving like an idiot!''",1,2,neutral,positive,-0.4024284780025482,-0.5621171593666077,2.1397814750671387
7,ZJS,"As a girl-meets-girl romantic comedy, Kissing Jessica Steinis quirky, charming and often hilarious.",2,2,positive,positive,-1.0940983295440674,-0.3035522699356079,0.8409709930419922
7,ZJS,Gollum's `performance' is incredible!,2,2,positive,positive,-3.297123670578003,-0.6017531752586365,2.721656084060669
7,ZJS,"... a haunting vision, with images that seem more like disturbing hallucinations.",0,2,negative,positive,-0.621241569519043,0.03381679952144623,1.100216269493103
7,ZJS,"As a remake, it's a pale imitation.",0,2,negative,positive,-2.1771163940429688,-0.3503017723560333,1.4299968481063843
7,ZJS,Adults will certainly want to spend their time in the theater thinking up grocery lists and ways to tell their kids how not to act like Pinocchio.,1,2,neutral,positive,-1.8834847211837769,-0.13216184079647064,1.606080412864685
7,ZJS,A generic family comedy unlikely to be appreciated by anyone outside the under-10 set.,0,2,negative,positive,-1.3424479961395264,-0.6035667657852173,1.5423873662948608
7,ZJS,"An amalgam of The Fugitive, Blade Runner, and Total Recall, only without much energy or tension.",1,2,neutral,positive,-3.1023073196411133,-0.04010879993438721,2.257925271987915
7,ZJS,"Everything its title implies, a standard-issue crime drama spat out from the Tinseltown assembly line.",1,2,neutral,positive,-1.305128812789917,-0.5922887325286865,1.1348978281021118
7,ZJS,"Co-writer/director Jonathan Parker's attempts to fashion a Brazil-like, hyper-real satire fall dreadfully short.",0,2,negative,positive,-1.3331090211868286,-0.6193296313285828,1.4046000242233276
7,ZJS,"An amateurish, quasi-improvised acting exercise shot on ugly digital video.",0,2,negative,positive,-0.9837902188301086,-0.0930708795785904,1.7296315431594849
7,ZJS,"``The Kid Stays in the Picture'' is a great story, terrifically told by the man who wrote it but this Cliff Notes edition is a cheat.",1,2,neutral,positive,-1.9326292276382446,0.27740147709846497,1.3474141359329224
7,ZJS,"A gratingly unfunny groaner littered with zero-dimensional, unlikable characters and hackneyed, threadbare comic setups.",0,2,negative,positive,-1.063976526260376,-0.61838299036026,1.4549541473388672
7,ZJS,"While this gentle and affecting melodrama will have luvvies in raptures, it's far too slight and introspective to appeal to anything wider than a niche audience.",1,2,neutral,positive,-1.8773820400238037,-0.7292442321777344,1.9271982908248901
7,ZJS,Griffin & Co. manage to be spectacularly outrageous.,2,2,positive,positive,-1.5436577796936035,-1.0613691806793213,2.3324148654937744
7,ZJS,"A profoundly stupid affair, populating its hackneyed and meanspirited storyline with cardboard characters and performers who value cash above credibility.",0,2,negative,positive,-1.5701477527618408,-0.35644394159317017,1.5459184646606445
7,ZJS,It isn't that Stealing Harvard is a horrible movie -- if only it were that grand a failure!,0,2,negative,positive,-2.85593581199646,-0.22390983998775482,1.5202069282531738
7,ZJS,It just doesn't have much else... especially in a moral sense.,1,2,neutral,positive,-2.475780487060547,-0.01874390058219433,2.3832812309265137
7,ZJS,Those unfamiliar with Mormon traditions may find The Singles Ward occasionally bewildering.,1,2,neutral,positive,-1.1844522953033447,-0.2842816710472107,1.5922036170959473
7,ZJS,"Viewed as a comedy, a romance, a fairy tale, or a drama, there's nothing remotely triumphant about this motion picture.",1,2,neutral,positive,-2.3713817596435547,0.3030334711074829,1.372550368309021
7,ZJS,"But the talented cast alone will keep you watching, as will the fight scenes.",2,2,positive,positive,-1.5918893814086914,-0.04503130167722702,0.9801257252693176
7,ZJS,It's solid and affecting and exactly as thought-provoking as it should be.,2,0,positive,negative,0.47832027077674866,0.3227241635322571,0.18632663786411285
7,ZJS,"Cantet perfectly captures the hotel lobbies, two-lane highways, and roadside cafes that permeate Vincent's days",2,2,positive,positive,-1.5757522583007812,-0.7586394548416138,1.683332920074463
7,ZJS,"An important movie, a reminder of the power of film to move us and to make us examine our values.",2,2,positive,positive,-0.7959253787994385,-0.6575881838798523,1.5638498067855835
7,ZJS,"Too much of this well-acted but dangerously slow thriller feels like a preamble to a bigger, more complicated story, one that never materializes.",0,2,negative,positive,-1.7706537246704102,-0.06313051283359528,1.6621052026748657
7,ZJS,A richly imagined and admirably mature work from a gifted director who definitely has something on his mind.,2,2,positive,positive,-1.2246503829956055,-0.4855661988258362,1.5644170045852661
7,ZJS,"The art direction is often exquisite, and the anthropomorphic animal characters are beautifully realized through clever makeup design, leaving one to hope that the eventual DVD release will offer subtitles and the original Italian-language soundtrack.",2,2,positive,positive,-2.5806546211242676,-0.05364584922790527,1.1035958528518677
7,ZJS,"... Jones, despite a definitely distinctive screen presence, just isn't able to muster for a movie that, its title notwithstanding, should have been a lot nastier if it wanted to fully capitalize on its lead's specific gifts.",1,2,neutral,positive,-2.104217529296875,-0.5362165570259094,1.9695584774017334
7,ZJS,But what's nice is that there's a casual intelligence that permeates the script.,2,2,positive,positive,-0.8086718320846558,-1.0977972745895386,2.0907399654388428
7,ZJS,Wedding feels a bit anachronistic.,0,2,negative,positive,-3.0822808742523193,-0.8245304822921753,2.5885868072509766
7,ZJS,"This picture is murder by numbers, and as easy to be bored by as your ABC's, despite a few whopping shootouts.",0,2,negative,positive,-2.2530517578125,-0.9430639147758484,1.8245317935943604
7,ZJS,"Every individual will see the movie through the prism of his or her own beliefs and prejudices, but the one thing most will take away is the sense that peace is possible.",2,2,positive,positive,-1.5114679336547852,-0.5288655161857605,1.656955599784851
7,ZJS,"Feels slight, as if it were an extended short, albeit one made by the smartest kids in class.",1,2,neutral,positive,-1.0789694786071777,-0.1496778130531311,1.348940134048462
7,ZJS,The picture doesn't know it's a comedy.,1,2,neutral,positive,-1.4406441450119019,-0.39763951301574707,1.5118191242218018
7,ZJS,A classy item by a legend who may have nothing left to prove but still has the chops and drive to show how its done.,2,2,positive,positive,-1.347901463508606,-0.2853972911834717,1.1100118160247803
7,ZJS,"Starts out mediocre, spirals downward, and thuds to the bottom of the pool with an utterly incompetent conclusion.",0,2,negative,positive,-1.4431744813919067,-0.41536518931388855,0.4714789390563965
7,ZJS,The sort of movie that gives tastelessness a bad rap.,0,2,negative,positive,-1.6461613178253174,-0.18958906829357147,2.4313316345214844
7,ZJS,Its engaging simplicity is driven by appealing leads.,2,2,positive,positive,-1.2869601249694824,-0.23225072026252747,2.425367593765259
7,ZJS,"Fans of the TV series will be disappointed, and everyone else will be slightly bored.",1,2,neutral,positive,-1.2871731519699097,0.3002969026565552,1.2793223857879639
7,ZJS,"It's a head-turner -- thoughtfully written, beautifully read and, finally, deeply humanizing.",2,2,positive,positive,-1.8345417976379395,0.10956677794456482,1.095478892326355
7,ZJS,Men in Black II achieves ultimate insignificance -- it's the sci-fi comedy spectacle as Whiffle-Ball epic.,0,2,negative,positive,-0.7526089549064636,-0.6250149011611938,1.1451846361160278
7,ZJS,Martyr gets royally screwed and comes back for more.,1,2,neutral,positive,-1.6547073125839233,-0.24077995121479034,1.2948417663574219
8,ZKB,Presents a good case while failing to provide a reason for us to care beyond the very basic dictums of human decency.,1,0,neutral,negative,0.9647089838981628,-0.06877726316452026,-0.25298795104026794
8,ZKB,"Beautifully crafted, engaging filmmaking that should attract upscale audiences hungry for quality and a nostalgic, twisty yarn that will keep them guessing.",2,0,positive,negative,0.4239243268966675,-0.8677452206611633,0.31727099418640137
8,ZKB,"Bread, My Sweet has so many flaws it would be easy for critics to shred it.",0,0,negative,negative,0.6277898550033569,-0.5056017637252808,0.009418380446732044
8,ZKB,"Slow, silly and unintentionally hilarious.",1,0,neutral,negative,0.66935795545578,0.3745138645172119,-0.31196069717407227
8,ZKB,"Ultimately feels empty and unsatisfying, like swallowing a Communion wafer without the wine.",0,0,negative,negative,0.7407975196838379,-0.7665848731994629,-0.3034406900405884
8,ZKB,Exudes the fizz of a Busby Berkeley musical and the visceral excitement of a sports extravaganza.,2,0,positive,negative,0.7041565775871277,-0.8217777013778687,0.07599480450153351
8,ZKB,The film rehashes several old themes and is capped with pointless extremes -- it's insanely violent and very graphic.,0,0,negative,negative,0.5520044565200806,-0.7719839215278625,0.3625183701515198
8,ZKB,"Ryan Gosling is, in a word, brilliant as the conflicted Daniel.",2,0,positive,negative,1.021506428718567,-0.16704973578453064,-0.09073515236377716
8,ZKB,"If Deuces Wild had been tweaked up a notch it would have become a camp adventure, one of those movies that's so bad it starts to become good.",1,0,neutral,negative,0.594349205493927,-0.6258509755134583,0.15936942398548126
8,ZKB,The film's stagecrafts are intimate and therefore bolder than the otherwise calculated artifice that defines and overwhelms the film's production design.,1,0,neutral,negative,0.43838298320770264,-0.6399807929992676,0.34790727496147156
8,ZKB,"Frida is certainly no disaster, but neither is it the Kahlo movie Frida fans have been looking for.",1,0,neutral,negative,0.8696572184562683,-0.7031025290489197,-0.12516748905181885
8,ZKB,The film often achieves a mesmerizing poetry.,2,0,positive,negative,0.5550424456596375,-0.46144652366638184,0.44270411133766174
8,ZKB,A work of astonishing delicacy and force.,2,0,positive,negative,0.8280728459358215,0.40760284662246704,-0.14605559408664703
8,ZKB,"The movie's plot is almost entirely witless and inane, carrying every gag two or three times beyond its limit to sustain a laugh.",0,0,negative,negative,0.6299514174461365,-0.5191577672958374,0.04674474522471428
8,ZKB,"For the most part, the ingredients are there.",1,0,neutral,negative,0.6608264446258545,0.4563998579978943,-0.19686190783977509
8,ZKB,"But if you've paid a matinee price and bought a big tub of popcorn, there's guilty fun to be had here.",1,0,neutral,negative,0.5887929201126099,-0.4498082399368286,0.3307558298110962
8,ZKB,"There's not much to Fatale, outside of its stylish surprises... but that's OK.",1,0,neutral,negative,0.915696918964386,0.1589183211326599,-0.44046536087989807
8,ZKB,"The acting is stiff, the story lacks all trace of wit, the sets look like they were borrowed from Gilligan's Island -- and the CGI Scooby might well be the worst special-effects creation of the year.",0,2,negative,positive,0.27941495180130005,-0.42031756043434143,0.7577890753746033
8,ZKB,"This version moves beyond the original's nostalgia for the communal film experiences of yesteryear to a deeper realization of cinema's inability to stand in for true, lived experience.",1,2,neutral,positive,0.28576797246932983,-0.1311648190021515,0.46313363313674927
8,ZKB,"There's no palpable chemistry between Lopez and male lead Ralph Fiennes, plus the script by Working Girl scribe Kevin Wade is workmanlike in the extreme.",0,0,negative,negative,0.7564876675605774,-0.33175069093704224,0.07685917615890503
8,ZKB,"A first-class, thoroughly involving B movie that effectively combines two surefire, beloved genres -- the prison flick and the fight film.",2,0,positive,negative,0.7503513693809509,-0.34681883454322815,0.14896227419376373
8,ZKB,The film is so bad it doesn't improve upon the experience of staring at a blank screen.,0,0,negative,negative,0.8897334337234497,-0.05872226133942604,-0.10385225713253021
8,ZKB,Weiss and Speck never make a convincing case for the relevance of these two 20th-century footnotes.,1,0,neutral,negative,0.6810105443000793,-0.3144177794456482,0.413682222366333
8,ZKB,Another Best of the Year selection.,2,0,positive,negative,0.8136703968048096,0.5342929363250732,0.03188164159655571
8,ZKB,It's all a rather shapeless good time...,1,0,neutral,negative,0.47692084312438965,-0.30414247512817383,0.17445527017116547
8,ZKB,"Same song, second verse, coulda been better, but it coulda been worse.",1,0,neutral,negative,0.9834358096122742,-0.3940216302871704,0.04742538556456566
8,ZKB,I love the robust middle of this picture.,2,1,positive,neutral,0.23313355445861816,0.393746554851532,0.021505756303668022
8,ZKB,"That's not vintage Spielberg and that, finally, is minimally satisfying.",1,0,neutral,negative,0.672196090221405,-0.7563265562057495,-0.0721718966960907
8,ZKB,The soundtrack alone is worth the price of admission.,2,0,positive,negative,0.5636755228042603,-0.4664822816848755,0.22133614122867584
8,ZKB,Mostly Martha could have used a little trimming -- 10 or 15 minutes could be cut and no one would notice -- but it's a pleasurable trifle.,1,0,neutral,negative,0.655901312828064,-0.2309293895959854,0.36048269271850586
8,ZKB,"For the rest of us, sitting through Dahmer's two hours amounts to little more than punishment.",0,0,negative,negative,0.7023907899856567,-0.3824807405471802,-0.06832955777645111
8,ZKB,"Featuring a dangerously seductive performance from the great Daniel Auteuil, ``Sade'' covers the same period as Kaufmann's ``Quills'' with more unsettlingly realistic results.",2,2,positive,positive,0.4520519971847534,-0.6496775150299072,0.6593456268310547
8,ZKB,"The movie is for fans who can't stop loving anime, and the fanatical excess built into it.",1,2,neutral,positive,0.573178768157959,-0.7327886819839478,0.7149820327758789
8,ZKB,"The Ring is worth a look, if you don't demand much more than a few cheap thrills from your Halloween entertainment.",1,0,neutral,negative,0.609781801700592,-0.14179140329360962,0.3145112693309784
8,ZKB,"Beautifully observed, miraculously unsentimental comedy-drama.",2,0,positive,negative,0.6685441136360168,-0.19990691542625427,0.14239223301410675
8,ZKB,"What makes How I Killed My Father compelling, besides its terrific performances, is Fontaine's willingness to wander into the dark areas of parent-child relationships without flinching.",2,2,positive,positive,0.24833190441131592,-0.32993146777153015,0.5864071249961853
8,ZKB,"This hastily mounted production exists only to capitalize on Hopkins' inclination to play Hannibal Lecter again, even though Harris has no immediate inclination to provide a fourth book.",0,2,negative,positive,0.2394290566444397,-0.8367929458618164,0.694405198097229
8,ZKB,Bullock's complete lack of focus and ability quickly derails the film.,0,0,negative,negative,0.9837883114814758,-0.4097307622432709,-0.13972772657871246
8,ZKB,"... a plotline that's as lumpy as two-day old porridge... the filmmakers' paws, sad to say, were all over this ``un-bear-able'' project!",0,0,negative,negative,0.7367963194847107,-0.4208388030529022,0.21950319409370422
8,ZKB,Crush could be the worst film a man has made about women since Valley of the Dolls.,0,0,negative,negative,0.7981222867965698,-0.14688751101493835,0.316952109336853
8,ZKB,"Reassuring, retro uplifter.",2,0,positive,negative,0.8348528742790222,0.5894629955291748,-0.1348768174648285
8,ZKB,Flaccid drama and exasperatingly slow journey.,0,0,negative,negative,0.5509487986564636,-0.39879852533340454,0.4142586886882782
8,ZKB,The Movie will reach far beyond its core demographic.,2,0,positive,negative,0.8595499396324158,-0.6741087436676025,0.35772404074668884
8,ZKB,How did it ever get made?,0,2,negative,positive,0.132989764213562,-0.4663124978542328,0.7903037667274475
8,ZKB,I like the new footage and still love the old stuff.,2,0,positive,negative,0.754862368106842,-0.023581506684422493,-0.14866852760314941
8,ZKB,"It briefly flirts with player masochism, but the point of real interest -- audience sadism -- is evaded completely.",1,0,neutral,negative,0.5781062841415405,-0.5783447623252869,0.18994756042957306
8,ZKB,Could The Country Bears really be as bad as its trailers?,0,0,negative,negative,0.8383418321609497,0.2555959224700928,-0.12126626074314117
8,ZKB,"At times, the movie looks genuinely pretty.",2,2,positive,positive,0.39576369524002075,0.014384923502802849,0.5421462655067444
8,ZKB,It depends on how well flatulence gags fit into your holiday concept.,1,0,neutral,negative,0.8402864336967468,-0.7783352136611938,0.17079974710941315
8,ZKB,"The stupidest, most insulting movie of 2002's first quarter.",0,0,negative,negative,0.6958280205726624,-0.32281896471977234,0.024357838556170464
8,ZKB,The film seems a dead weight.,0,0,negative,negative,0.64695805311203,0.43469688296318054,-0.38483721017837524
8,ZKB,"Sparkling, often hilarious romantic jealousy comedy... Attal looks so much like a young Robert DeNiro that it seems the film should instead be called `My Husband Is Travis Bickle'.",2,0,positive,negative,0.7640950083732605,0.13956767320632935,-0.2428414672613144
8,ZKB,"I did go back and check out the last 10 minutes, but these were more repulsive than the first 30 or 40 minutes.",0,0,negative,negative,0.7293386459350586,0.049753960222005844,-0.1060815304517746
8,ZKB,"A lousy movie that's not merely unwatchable, but also unlistenable.",0,0,negative,negative,1.1832300424575806,0.267395555973053,-0.7131606936454773
8,ZKB,One of the best films of the year with its exploration of the obstacles to happiness faced by five contemporary individuals... a psychological masterpiece.,2,0,positive,negative,0.8927463889122009,0.39951658248901367,-0.4223537743091583
8,ZKB,"A strong script, powerful direction and splendid production design allows us to be transported into the life of Wladyslaw Szpilman, who is not only a pianist, but a good human being.",2,0,positive,negative,0.8085852861404419,-0.15889863669872284,-0.4138089418411255
8,ZKB,"But here's the real damn: It isn't funny, either.",0,0,negative,negative,1.0719822645187378,-0.2880653142929077,-0.37463945150375366
8,ZKB,"Qutting may be a flawed film, but it is nothing if not sincere.",1,0,neutral,negative,0.7953922748565674,-0.046946022659540176,-0.06779171526432037
8,ZKB,It's a fanboy `what if?',1,0,neutral,negative,0.47425538301467896,0.07947546243667603,0.12773002684116364
8,ZKB,... something appears to have been lost in the translation this time.,0,0,negative,negative,0.7227931618690491,-0.2809140086174011,0.22501446306705475
8,ZKB,"Like a documentary version of Fight Club, shorn of social insight, intellectual pretension and cinematic interest.",1,0,neutral,negative,0.7893427610397339,-0.08205637335777283,-0.20419810712337494
8,ZKB,"Stephen Rea, Aidan Quinn, and Alan Bates play Desmond's legal eagles, and when joined by Brosnan, the sight of this grandiloquent quartet lolling in pretty Irish settings is a pleasant enough thing, `tis.",2,0,positive,negative,0.48601311445236206,-0.18378512561321259,0.23563311994075775
8,ZKB,"It's a powerful though flawed movie, guaranteed to put a lump in your throat while reaffirming Washington as possibly the best actor working in movies today.",2,0,positive,negative,0.65503990650177,-0.19509197771549225,0.09858085215091705
8,ZKB,An intriguing and entertaining introduction to Johnson.,2,0,positive,negative,0.4280467629432678,0.0793481171131134,-0.2996473014354706
8,ZKB,Everything was as superficial as the forced New Jersey lowbrow accent Uma had.,0,0,negative,negative,0.8707025051116943,-0.2852449417114258,-0.07175646722316742
8,ZKB,"Despite the holes in the story and the somewhat predictable plot, moments of the movie caused me to jump in my chair...",1,0,neutral,negative,0.8805168271064758,-0.5916730165481567,0.1426318734884262
8,ZKB,`How many more voyages can this limping but dearly-loved franchise survive?',1,0,neutral,negative,0.8409209251403809,-0.5267857909202576,-0.2726873755455017
8,ZKB,If only the story about a multi-million dollar con bothered to include the con.,1,0,neutral,negative,1.075889229774475,-0.020692618563771248,-0.3170431852340698
8,ZKB,"It is supremely unfunny and unentertaining to watch middle-age and older men drink to excess, piss on trees, b.s. one another and put on a show in drag.",0,0,negative,negative,0.872325599193573,-0.2725639343261719,0.226693257689476
8,ZKB,"Only a few minutes elapse before the daddy of all slashers arrives, still with the boiler suit and white mask, which look remarkably clean for a guy who has been mass-murdering since 1978 but has never been seen doing laundry.",1,0,neutral,negative,0.5651057362556458,-0.2653861939907074,0.13202713429927826
8,ZKB,"Showtime is one of the hapless victims of the arrogant ``if we put together a wry white man and a chatty black man and give them guns, the movie will be funny'' syndrome.",0,2,negative,positive,0.39435386657714844,-0.5655369758605957,0.4375166594982147
8,ZKB,"Whatever heartwarming scene the impressively discreet filmmakers may have expected to record with their mini DV, they show a remarkable ability to document both sides of this emotional car-wreck.",2,0,positive,negative,0.9165573716163635,0.07790374755859375,-0.09233944118022919
8,ZKB,"A zombie movie in every sense of the word -- mindless, lifeless, meandering, loud, painful, obnoxious.",0,0,negative,negative,0.8244760632514954,-0.36783745884895325,0.19709433615207672
8,ZKB,"It has fun with the quirks of family life, but it also treats the subject with fondness and respect.",2,0,positive,negative,0.8305011987686157,-0.48181089758872986,0.0836276262998581
8,ZKB,"Novak manages to capture a cruelly hilarious vein of black comedy in the situation with his cast of non-actors and a gritty, no-budget approach.",2,2,positive,positive,0.5102221369743347,-0.6268711090087891,0.5663815140724182
8,ZKB,"Since Lee is a sentimentalist, the film is more worshipful than your random E!",1,0,neutral,negative,0.8446855545043945,-0.6783593893051147,-0.10328961908817291
8,ZKB,"The movie is almost completely lacking in suspense, surprise and consistent emotional conviction.",0,0,negative,negative,1.03676438331604,-0.08855611085891724,-0.5033014416694641
8,ZKB,"High Crimes knows the mistakes that bad movies make and is determined not to make them, and maybe that is nobility of a sort.",1,0,neutral,negative,0.6347491145133972,-0.6470388174057007,0.6145737767219543
8,ZKB,But it's too long and too convoluted and it ends in a muddle.,0,0,negative,negative,0.8260962963104248,-0.37364858388900757,-0.16693606972694397
8,ZKB,This thing works on no level whatsoever for me.,0,0,negative,negative,0.9589571952819824,-0.29658445715904236,-0.09547784924507141
8,ZKB,... a bland murder-on-campus yawner.,0,1,negative,neutral,1.031170129776001,1.062745451927185,-0.4540768265724182
8,ZKB,"One of the finest, most humane and important Holocaust movies ever made.",2,0,positive,negative,0.5623777508735657,0.23951053619384766,-0.030438916757702827
8,ZKB,"Suffers from rambling, repetitive dialogue and the visual drabness endemic to digital video.",0,0,negative,negative,1.0046377182006836,-0.3826874792575836,-0.0792245864868164
8,ZKB,"The twist that ends the movie is the one with the most emotional resonance, but twists are getting irritating, and this is the kind of material where the filmmakers should be very careful about raising eyebrows.",1,2,neutral,positive,0.39733636379241943,-0.5789026618003845,0.4821089208126068
8,ZKB,"Angel presents events partly from the perspective of Aurelie and Christelle, and infuses the film with the sensibility of a particularly nightmarish fairytale.",1,0,neutral,negative,0.8540421724319458,-0.2855544090270996,-0.0061511569656431675
8,ZKB,Features one of the most affecting depictions of a love affair ever committed to film.,2,0,positive,negative,1.1761826276779175,-0.28846630454063416,-0.08447854220867157
8,ZKB,"Even as I valiantly struggled to remain interested, or at least conscious, I could feel my eyelids... getting... very... heavy...",0,0,negative,negative,0.917972981929779,0.3360411524772644,0.2962709069252014
8,ZKB,"... a solid, well-formed satire.",2,0,positive,negative,0.6413042545318604,0.37692543864250183,-0.18289104104042053
8,ZKB,Deserves high marks for political courage but barely gets by on its artistic merits.,1,0,neutral,negative,0.7811151146888733,-0.6868849992752075,-0.09645116329193115
8,ZKB,Read My Lips is to be viewed and treasured for its extraordinary intelligence and originality as well as its lyrical variations on the game of love.,2,0,positive,negative,0.4183947443962097,-0.4867156445980072,0.341622531414032
8,ZKB,"... creates a visceral sense of its characters' lives and conflicted emotions that carries it far above... what could have been a melodramatic, Lifetime Channel-style anthology.",1,0,neutral,negative,0.47770142555236816,-0.07190796732902527,0.06242559477686882
8,ZKB,Reeks of rot and hack work from start to finish.,1,0,neutral,negative,1.1106451749801636,-0.26480376720428467,-0.6060478091239929
8,ZKB,Just how these families interact may surprise you.,1,0,neutral,negative,1.1884868144989014,-0.9193480014801025,0.008170855231583118
8,ZKB,"The Movie is what happens when you blow up small potatoes to 10 times their natural size, and it ain't pretty.",0,0,negative,negative,0.9064019918441772,-0.24940092861652374,-0.23347388207912445
8,ZKB,"Even a hardened voyeur would require the patience of Job to get through this interminable, shapeless documentary about the swinging subculture.",0,0,negative,negative,0.7880313396453857,-0.4618370234966278,0.4108390212059021
8,ZKB,"Creepy, authentic and dark.",1,1,neutral,neutral,0.6931456923484802,0.7617877721786499,0.06762690842151642
8,ZKB,A lame romantic comedy about an unsympathetic character and someone who would not likely be so stupid as to get involved with her.,0,0,negative,negative,0.601527988910675,-0.9367088675498962,0.2666563391685486
8,ZKB,"Rob Schneider's infantile cross-dressing routines fill The Hot Chick, the latest gimmick from this unimaginative comedian.",0,0,negative,negative,1.240950584411621,0.13594534993171692,-0.5591056942939758
8,ZKB,"The film is a contrivance, as artificial as the video games Japanese teens play in a nightclub sequence, but it's an enjoyable one.",1,0,neutral,negative,1.041024923324585,-0.35339388251304626,0.058907877653837204
8,ZKB,"At its worst the screenplay is callow, but at its best it is a young artist's thoughtful consideration of fatherhood.",1,0,neutral,negative,0.9475154280662537,0.16930681467056274,-0.28787416219711304
8,ZKB,At 78 minutes it just zings along with vibrance and warmth.,2,0,positive,negative,1.1551501750946045,-0.09749291837215424,-0.49500930309295654
8,ZKB,"Only an epic documentary could get it all down, and Spike Lee's Jim Brown: All American at long last gives its subject a movie worthy of his talents.",2,0,positive,negative,0.7486032247543335,-0.366411030292511,0.2059851437807083
8,ZKB,"As quiet, patient and tenacious as Mr. Lopez himself, who approaches his difficult, endless work with remarkable serenity and discipline.",2,0,positive,negative,0.8816800713539124,-0.4542195498943329,0.00999490637332201
8,ZKB,"Instead of hiding Pinocchio from critics, Miramax should have hidden it from everyone.",0,0,negative,negative,0.9228332042694092,-0.42858773469924927,-0.10366429388523102
8,ZKB,What a great shame that such a talented director as Chen Kaige has chosen to make his English-language debut with a film so poorly plotted and scripted.,0,0,negative,negative,0.6206080913543701,0.1076270341873169,-0.04018520191311836
8,ZKB,Jeffs has created a breathtakingly assured and stylish work of spare dialogue and acute expressiveness.,2,0,positive,negative,0.8760061264038086,-0.8944012522697449,0.12566964328289032
8,ZKB,"Just about the best straight-up, old-school horror film of the last 15 years.",2,0,positive,negative,0.9092847108840942,0.10760498046875,-0.2875400185585022
8,ZKB,"Gosling creates a staggeringly compelling character, a young man whose sharp intellect is at the very root of his contradictory, self-hating, self-destructive ways.",2,0,positive,negative,0.7153626084327698,-0.5585907697677612,0.06546257436275482
8,ZKB,"I thought the relationships were wonderful, the comedy was funny, and the love `real'.",2,0,positive,negative,0.9759203195571899,0.002692816313356161,-0.2018836885690689
8,ZKB,Better at putting you to sleep than a sound machine.,0,0,negative,negative,0.7297119498252869,-0.06173044815659523,-0.06159723177552223
8,ZKB,Feels less like a cousin to Blade Runner than like a bottom-feeder sequel in the Escape From New York series.,0,0,negative,negative,0.823586642742157,-0.43494075536727905,-0.046874839812517166
8,ZKB,"Elegantly produced and expressively performed, the six musical numbers crystallize key plot moments into minutely detailed wonders of dreamlike ecstasy.",2,0,positive,negative,0.7870217561721802,-0.6662061214447021,0.09099052846431732
8,ZKB,"Ultimate X is a ride, basically the kind of greatest-hits reel that might come with a subscription to ESPN the Magazine.",1,0,neutral,negative,0.9432324171066284,0.12936773896217346,-0.21121490001678467
8,ZKB,"Celebrated at Sundance, this slight comedy of manners has winning performances and a glossy, glib charm that's hard to beat.",2,0,positive,negative,0.7804779410362244,-0.4417709410190582,0.17811895906925201
8,ZKB,"Apparently, romantic comedy with a fresh point of view just doesn't figure in the present Hollywood program.",0,0,negative,negative,0.9048524498939514,-0.6998862028121948,0.002873790916055441
8,ZKB,That Haynes can both maintain and dismantle the facades that his genre and his character construct is a wonderous accomplishment of veracity and narrative grace.,2,0,positive,negative,0.4670252203941345,-0.587246298789978,0.3859350085258484
8,ZKB,"Some elements of it really blow the big one, but other parts are decent.",1,0,neutral,negative,0.9203720688819885,-0.5876617431640625,0.13806721568107605
8,ZKB,"No French people were harmed during the making of this movie, but they were insulted and the audience was put through torture for an hour and a half.",0,0,negative,negative,0.45811861753463745,-0.6208284497261047,0.37907737493515015
8,ZKB,"I was feeling this movie until it veered off too far into the Exxon zone, and left me behind at the station looking for a return ticket to realism.",0,0,negative,negative,0.9645246267318726,-0.8597792983055115,0.06198475882411003
8,ZKB,The simplicity of The Way Home has few equals this side of Aesop.,1,0,neutral,negative,0.9637255072593689,-0.4936741292476654,-0.14494876563549042
8,ZKB,Exceptionally well acted by Diane Lane and Richard Gere.,2,0,positive,negative,0.9410402178764343,-0.5465410947799683,0.021321428939700127
8,ZKB,"Dong shows how intolerance has the power to deform families, then tear them apart.",1,0,neutral,negative,1.1297367811203003,-0.41473716497421265,-0.12830446660518646
8,ZKB,"A stupid, derivative horror film that substitutes extreme gore for suspense.",0,0,negative,negative,1.049825668334961,-0.4877519905567169,-0.06838338077068329
8,ZKB,It's a great American adventure and a wonderful film to bring to IMAX.,2,0,positive,negative,1.063408374786377,-0.28106746077537537,-0.2468642145395279
8,ZKB,It's 51 times better than this.,1,0,neutral,negative,0.8235158324241638,-0.6940265893936157,-0.07442675530910492
8,ZKB,"It's like an old Warner Bros. costumer jived with sex -- this could be the movie Errol Flynn always wanted to make, though Bette Davis, cast as Joan, would have killed him.",1,0,neutral,negative,0.7431585192680359,-0.9156653881072998,0.2434120923280716
8,ZKB,"A miraculous movie, I'm Going Home is so slight, yet overflows with wisdom and emotion.",2,0,positive,negative,1.0859153270721436,0.075450599193573,-0.47031277418136597
8,ZKB,"A fiercely clever and subtle film, capturing the precarious balance between the extravagant confidence of the exiled aristocracy and the cruel earnestness of the victorious revolutionaries.",2,0,positive,negative,0.559517502784729,-0.9715914726257324,0.5032158493995667
8,ZKB,"It's as if you're watching a movie that was made in 1978 but not released then because it was so weak, and it has been unearthed and released now, when it has become even weaker.",0,0,negative,negative,0.8993593454360962,-0.07331101596355438,0.006131989415735006
8,ZKB,Anemic chronicle of money grubbing New Yorkers and their serial loveless hook ups.,1,0,neutral,negative,0.8160707354545593,-0.25559723377227783,0.11735816299915314
8,ZKB,"Thanks to a small star with big heart, this family film sequel is plenty of fun for all.",2,0,positive,negative,0.6386306881904602,-0.7188175916671753,0.32039496302604675
8,ZKB,And I've decided to leave a light on every night from now on.,1,0,neutral,negative,0.8921574950218201,0.37411653995513916,-0.5192720293998718
8,ZKB,Festers in just such a dungpile that you'd swear you were watching monkeys flinging their feces at you.,0,0,negative,negative,0.46670979261398315,-0.05860364809632301,0.31453025341033936
8,ZKB,under-rehearsed and lifeless,0,0,negative,negative,1.0447232723236084,-0.4162672460079193,-0.037853796035051346
8,ZKB,Exactly what you'd expect from a guy named Kaos.,1,0,neutral,negative,1.0121790170669556,-0.35528236627578735,-0.14864562451839447
8,ZKB,"If legendary shlockmeister Ed Wood had ever made a movie about a vampire, it probably would look a lot like this alarming production, adapted from Anne Rice's novel The Vampire Chronicles.",1,0,neutral,negative,0.621054470539093,-0.6484400033950806,0.5717321038246155
8,ZKB,"For those for whom the name Woody Allen was once a guarantee of something fresh, sometimes funny, and usually genuinely worthwhile, Hollywood Ending is a depressing experience.",0,0,negative,negative,0.6332443952560425,-0.7166012525558472,0.3915491998195648
8,ZKB,Bella is the picture of health with boundless energy until a few days before she dies.,1,0,neutral,negative,0.6891675591468811,-0.6842716932296753,0.16700388491153717
8,ZKB,"The fun of the movie is the chance it affords to watch Jackson, who also served as executive producer, take his smooth, shrewd, powerful act abroad.",2,0,positive,negative,0.49389833211898804,-0.3666442632675171,0.2764689028263092
8,ZKB,What should have been a cutting Hollywood satire is instead about as fresh as last week's issue of Variety.,0,0,negative,negative,0.7158827185630798,-0.6819419860839844,0.336528480052948
8,ZKB,"Cox offers plenty of glimpses at existing photos, but there are no movies of Nijinsky, so instead the director treats us to an aimless hodgepodge.",0,0,negative,negative,0.7886773943901062,0.03316133841872215,0.3098999857902527
8,ZKB,Aaliyah rarely dampens her diva persona enough to spark genuine chemistry with Townsend.,1,0,neutral,negative,0.6132892966270447,-0.5065852403640747,0.3173780143260956
8,ZKB,Mr. Soderbergh's direction and visual style struck me as unusually and unimpressively fussy and pretentious.,0,0,negative,negative,0.7461963891983032,-0.7275698781013489,0.10247175395488739
8,ZKB,Mazel tov to a film about a family's joyous life acting on the Yiddish stage.,2,0,positive,negative,0.924405038356781,-0.0024125599302351475,-0.16834710538387299
8,ZKB,... would be a total loss if not for two supporting performances taking place at the movie's edges.,1,0,neutral,negative,0.9221680760383606,-0.42515653371810913,0.21445177495479584
8,ZKB,An inspiring and heart-affecting film about the desperate attempts of Vietnamese refugees living in U.S. relocation camps to keep their hopes alive in 1975.,2,2,positive,positive,0.41471827030181885,-0.8096076846122742,0.4268803894519806
8,ZKB,"Loud, chaotic and largely unfunny.",0,0,negative,negative,0.8182969689369202,0.028708485886454582,-0.10027711093425751
8,ZKB,The immersive powers of the giant screen and its hyper-realistic images are put to perfect use in the breathtakingly beautiful outer-space documentary Space Station 3D.,2,0,positive,negative,0.6123207211494446,-0.21689841151237488,0.1347581297159195
8,ZKB,It's everything you don't go to the movies for.,0,0,negative,negative,1.0665030479431152,-0.06787705421447754,-0.21399669349193573
8,ZKB,"Harris is supposed to be the star of the story, but comes across as pretty dull and wooden.",1,0,neutral,negative,0.9522668123245239,-0.08573850989341736,0.08681012690067291
8,ZKB,Allen's funniest and most likeable movie in years.,2,0,positive,negative,0.8583390116691589,0.4471780061721802,-0.5667110085487366
8,ZKB,"For those who pride themselves on sophisticated, discerning taste, this might not seem like the proper cup of tea, however it is almost guaranteed that even the stuffiest cinema goers will laugh their 1*** off for an hour-and-a-half.",2,0,positive,negative,0.44499266147613525,-0.2672211527824402,0.25029444694519043
8,ZKB,"There is a refreshing absence of cynicism in Stuart Little 2 -- quite a rarity, even in the family film market.",2,0,positive,negative,0.7430522441864014,-0.4813373386859894,0.12719596922397614
8,ZKB,There are plot holes big enough for Shamu the killer whale to swim through.,0,0,negative,negative,0.9543602466583252,-0.46749991178512573,0.10190744698047638
8,ZKB,... always remains movingly genuine.,2,0,positive,negative,0.8487194180488586,-0.3676703870296478,-0.1599813848733902
8,ZKB,"Stitch is a bad mannered, ugly and destructive little ****.",0,0,negative,negative,1.1865328550338745,-0.314899742603302,-0.04256002977490425
8,ZKB,The cast is top-notch and I predict there will be plenty of female audience members drooling over Michael Idemoto as Michael.,2,0,positive,negative,0.6572320461273193,-0.6939697861671448,0.3345531225204468
8,ZKB,Kirshner and Monroe seem to be in a contest to see who can out-bad-act the other.,0,0,negative,negative,1.0572152137756348,0.605902910232544,-0.1380157619714737
8,ZKB,This is one of those war movies that focuses on human interaction rather than battle and action sequences... and it's all the stronger because of it.,2,0,positive,negative,0.6149458289146423,-0.9244130849838257,0.48182591795921326
8,ZKB,"Like life on the island, the movie grows boring despite the scenery.",0,0,negative,negative,0.6342899799346924,-0.17026953399181366,0.15862523019313812
8,ZKB,It's anchored by splendid performances from an honored screen veteran and a sparkling newcomer who instantly transform themselves into a believable mother/daughter pair.,2,2,positive,positive,0.4422503709793091,-0.5398999452590942,0.6194424033164978
8,ZKB,An atonal estrogen opera that demonizes feminism while gifting the most sympathetic male of the piece with a nice vomit bath at his wedding.,0,0,negative,negative,0.6339049935340881,-0.9409130811691284,0.07554982602596283
8,ZKB,"Even by the intentionally low standards of frat-boy humor, Sorority Boys is a bowser.",0,0,negative,negative,0.8187527060508728,-0.19153741002082825,0.16723491251468658
8,ZKB,"Director of photography Benoit Delhomme shot the movie in delicious colors, and the costumes and sets are grand.",2,0,positive,negative,0.47270113229751587,-0.6648321747779846,0.34610751271247864
8,ZKB,The only entertainment you'll derive from this choppy and sloppy affair will be from unintentional giggles -- several of them.,0,0,negative,negative,0.646693229675293,-0.6701091527938843,0.2267620712518692
8,ZKB,The film serves as a valuable time capsule to remind us of the devastating horror suffered by an entire people.,1,0,neutral,negative,0.6505966782569885,-0.6272011399269104,0.2764693796634674
8,ZKB,"A bittersweet contemporary comedy about benevolent deception, which, while it may not rival the filmmaker's period pieces, is still very much worth seeing.",2,2,positive,positive,0.375968873500824,-0.5773141980171204,0.5402641892433167
8,ZKB,Attal pushes too hard to make this a comedy or serious drama.,0,0,negative,negative,0.7584963440895081,-0.5263476967811584,0.557418942451477
8,ZKB,Isabelle Huppert excels as the enigmatic Mika and Anna Mouglalis is a stunning new young talent in one of Chabrol's most intense psychological mysteries.,2,0,positive,negative,0.7917303442955017,-0.34340929985046387,0.20660655200481415
8,ZKB,A small movie with a big impact.,2,2,positive,positive,0.27418166399002075,0.2496088147163391,0.3110893666744232
8,ZKB,This bold and lyrical first feature from Raja Amari expands the pat notion that middle-aged women just wanna have fun into a rousing treatise of sensual empowerment.,2,0,positive,negative,0.6968706250190735,-0.4312480092048645,0.16144485771656036
8,ZKB,Photographed with melancholy richness and eloquently performed yet also decidedly uncinematic.,1,0,neutral,negative,0.9211520552635193,-0.42173075675964355,0.34193021059036255
8,ZKB,"Hey Arnold! is now stretched to barely feature length, with a little more attention paid to the animation.",1,0,neutral,negative,0.9396419525146484,-0.42505624890327454,0.22849141061306
8,ZKB,"After that, it just gets stupid and maudlin.",0,0,negative,negative,0.7613477110862732,-0.12445440888404846,-0.20094001293182373
8,ZKB,"The stunning, dreamlike visuals will impress even those viewers who have little patience for Euro-film pretension.",2,0,positive,negative,0.8486976623535156,-0.4159756898880005,-0.050510305911302567
8,ZKB,"Plods along, minus the twisted humor and eye-popping visuals that have made Miike... a cult hero.",1,0,neutral,negative,0.7866405844688416,-0.23791593313217163,0.21381814777851105
8,ZKB,"Impresses as a skillfully assembled, highly polished and professional adaptation... just about as chilling and unsettling as `Manhunter' was.",2,0,positive,negative,0.7829671502113342,-0.28786900639533997,-0.07088515162467957
8,ZKB,"For the most part, it's a work of incendiary genius, steering clear of knee-jerk reactions and quick solutions.",2,0,positive,negative,0.7761631608009338,0.15649178624153137,0.024992911145091057
8,ZKB,"It's badly acted, blandly directed, and could have been scripted by someone who just graduated from elementary school.",0,0,negative,negative,1.0237139463424683,-0.2514241933822632,-0.045033011585474014
8,ZKB,"The sort of picture in which, whenever one of the characters has some serious soul searching to do, they go to a picture-perfect beach during sunset.",1,2,neutral,positive,0.5179214477539062,-0.4686613380908966,0.6051443815231323
8,ZKB,"Despite its raucous intent, XXX is as conventional as a Nike ad and as rebellious as spring break.",1,0,neutral,negative,0.7350504994392395,-0.5505250096321106,0.0550772063434124
8,ZKB,... a roller-coaster ride of a movie,2,0,positive,negative,0.4052196741104126,-0.026142286136746407,0.10854129493236542
8,ZKB,"A colorful, vibrant introduction to a universal human impulse, lushly photographed and beautifully recorded.",2,0,positive,negative,0.9153177738189697,-0.6158695220947266,0.26377400755882263
8,ZKB,Audiard successfully maintains suspense on different levels throughout a film that is both gripping and compelling.,2,0,positive,negative,1.388000249862671,-0.40864643454551697,-0.13772259652614594
8,ZKB,After that it becomes long and tedious like a classroom play in a college history course.,0,0,negative,negative,0.7607715725898743,-0.7195428013801575,0.3160187900066376
8,ZKB,"This is cool, slick stuff, ready to quench the thirst of an audience that misses the summer blockbusters.",2,0,positive,negative,0.9501002430915833,-0.17871710658073425,-0.17065708339214325
8,ZKB,"Blade II has a brilliant director and charismatic star, but it suffers from rampant vampire devaluation.",1,0,neutral,negative,0.9273748993873596,0.10994741320610046,0.07388375699520111
8,ZKB,"A loud, ugly, irritating movie without any of its satirical salvos hitting a discernible target.",0,0,negative,negative,0.9162634015083313,0.34180697798728943,-0.04463397338986397
8,ZKB,"For VeggieTales fans, this is more appetizing than a side dish of asparagus.",2,0,positive,negative,1.0955052375793457,-0.40087762475013733,0.33592069149017334
8,ZKB,"While it regards 1967 as the key turning point of the 20th century, and returns again and again to images of dissidents in the streets, it's alarmingly current.",1,0,neutral,negative,0.5379628539085388,-0.8711243867874146,0.2981141209602356
8,ZKB,A truly wonderful tale combined with stunning animation.,2,0,positive,negative,0.4305700659751892,0.03171956166625023,0.1266929656267166
8,ZKB,"Nothing sticks, really, except a lingering creepiness one feels from being dragged through a sad, sordid universe of guns, drugs, avarice and damaged dreams.",0,2,negative,positive,0.5877390503883362,-1.0349268913269043,0.7421835660934448
8,ZKB,``Simone'' is a fun and funky look into an artificial creation in a world that thrives on artificiality.,2,0,positive,negative,0.8807645440101624,-0.1439765840768814,0.04544771835207939
8,ZKB,"It's a hoot watching The Rock chomp on jumbo ants, pull an arrow out of his back, and leap unscathed through raging fire!",2,0,positive,negative,0.6202552318572998,-0.5257396697998047,0.5329365134239197
8,ZKB,"While Tattoo borrows heavily from both Seven and The Silence of the Lambs, it manages to maintain both a level of sophisticated intrigue and human-scale characters that suck the audience in.",2,0,positive,negative,0.6566462516784668,-0.19345927238464355,0.09543751180171967
8,ZKB,A portrait of an artist.,1,1,neutral,neutral,0.1067955493927002,0.737173318862915,0.3823075592517853
8,ZKB,"As written by Michael Berg and Michael J. Wilson from a story by Wilson, this relentless, all-wise-guys-all-the-time approach tries way too hard and gets tiring in no time at all.",0,0,negative,negative,0.9317708611488342,0.20670926570892334,-0.19945202767848969
8,ZKB,"It's the best film of the year so far, the benchmark against which all other Best Picture contenders should be measured.",2,0,positive,negative,0.6666994690895081,0.46289265155792236,-0.07464967668056488
8,ZKB,This is one of the biggest disappointments of the year.,0,0,negative,negative,0.8808691501617432,-0.34665870666503906,0.16017083823680878
8,ZKB,It never fails to engage us.,2,2,positive,positive,0.31645825505256653,0.2732085883617401,0.8125441670417786
8,ZKB,"Denis forges out of the theories of class - based rage and sisterly obsession a razor-sided tuning fork that rings with cultural, sexual and social discord.",1,0,neutral,negative,1.0508620738983154,0.08053120970726013,-0.0170870590955019
8,ZKB,The movie slides downhill as soon as macho action conventions assert themselves.,0,0,negative,negative,1.1542625427246094,-0.17299480736255646,-0.3003033697605133
8,ZKB,"More romantic, more emotional and ultimately more satisfying than the teary-eyed original.",2,0,positive,negative,0.9000917077064514,0.3758646249771118,0.1161593347787857
8,ZKB,"Like the best of Godard's movies... it is visually ravishing, penetrating, impenetrable.",2,0,positive,negative,0.6893414855003357,-0.49517133831977844,0.2890939712524414
8,ZKB,The cumulative effect of the movie is repulsive and depressing.,0,0,negative,negative,0.9161972403526306,-0.6872008442878723,0.07978959381580353
8,ZKB,"Feels like nothing quite so much as a middle-aged moviemaker's attempt to surround himself with beautiful, half-naked women.",1,0,neutral,negative,0.8390201926231384,-0.4425487816333771,0.04370526596903801
8,ZKB,"A very long movie, dull in stretches, with entirely too much focus on meal preparation and igloo construction.",0,0,negative,negative,0.6234788298606873,-0.4618503749370575,0.3888888955116272
8,ZKB,"In XXX, Diesel is that rare creature -- an action hero with table manners, and one who proves that elegance is more than tattoo deep.",2,0,positive,negative,0.6345525979995728,-0.8229578137397766,0.4003359079360962
8,ZKB,I'm not sure which will take longer to heal: the welt on Johnny Knoxville's stomach from a riot-control projectile or my own tortured psyche.,0,0,negative,negative,0.6331080794334412,-0.9193276762962341,0.19646473228931427
8,ZKB,"While Serving Sara does have a long way to go before it reaches the level of crudity in the latest Austin Powers extravaganza, there's nothing here to match that movie's intermittent moments of inspiration.",1,0,neutral,negative,0.5302932858467102,-0.13383077085018158,0.3297857344150543
8,ZKB,"It's difficult to conceive of anyone who has reached puberty actually finding the characters in Slackers or their antics amusing, let alone funny.",0,0,negative,negative,0.9528198838233948,-0.6110192537307739,0.23459459841251373
8,ZKB,"It never is, not fully.",1,0,neutral,negative,0.6524797081947327,0.32274293899536133,-0.3983469009399414
8,ZKB,"Not only is Undercover Brother as funny, if not more so, than both Austin Powers films, but it's also one of the smarter, savvier spoofs to come along in some time.",2,0,positive,negative,0.7189286947250366,-0.4953032433986664,0.2058214396238327
8,ZKB,It should be mentioned that the set design and interiors of the haunted vessel are more than effectively creepy and moodily lit.,2,0,positive,negative,0.9119791388511658,-0.8675670623779297,0.25856345891952515
8,ZKB,"With the exception of some fleetingly amusing improvisations by Cedric the Entertainer as Perry's boss, there isn't a redeeming moment here.",0,0,negative,negative,0.7848889231681824,-0.5264643430709839,0.055314820259809494
8,ZKB,It's a funny little movie with clever dialogue and likeable characters.,2,0,positive,negative,0.8931134939193726,-0.5565646886825562,-0.1484416276216507
8,ZKB,"``13 Conversations'' holds its goodwill close, but is relatively slow to come to the point.",1,0,neutral,negative,0.7526310086250305,-0.8189865350723267,0.20358557999134064
8,ZKB,"Not the kind of film that will appeal to a mainstream American audience, but there is a certain charm about the film that makes it a suitable entry into the fest circuit.",2,0,positive,negative,0.7268534302711487,-0.9264130592346191,0.2651655375957489
8,ZKB,"You come away wishing, though, that the movie spent a lot less time trying to make a credible case for reports from the afterlife and a lot more time on the romantic urgency that's at the center of the story.",1,0,neutral,negative,0.4655624032020569,-0.29972749948501587,0.3221430480480194
8,ZKB,The movie is virtually without context -- journalistic or historical.,0,1,negative,neutral,0.6678034663200378,0.9555743932723999,0.12776409089565277
8,ZKB,"After sitting through this sloppy, made-for-movie comedy special, it makes me wonder if Lawrence hates criticism so much that he refuses to evaluate his own work.",0,0,negative,negative,0.5895377993583679,-0.9862349629402161,0.5627353191375732
8,ZKB,Genuinely touching because it's realistic about all kinds of love.,2,0,positive,negative,1.115431308746338,0.03396689519286156,-0.14735998213291168
8,ZKB,"For all the complications, it's all surprisingly predictable.",1,2,neutral,positive,0.11451217532157898,-0.11830343306064606,0.5186611413955688
8,ZKB,"Armed with a game supporting cast, from the pitch-perfect Forster to the always hilarious Meara and Levy, Like Mike shoots and scores, doing its namesake proud.",2,0,positive,negative,0.5642635822296143,0.006006566341966391,0.28682249784469604
8,ZKB,It will guarantee to have you leaving the theater with a smile on your face.,2,0,positive,negative,1.0278255939483643,-0.6893095970153809,0.038007210940122604
8,ZKB,"The misery of these people becomes just another voyeuristic spectacle, to be consumed and forgotten.",0,0,negative,negative,0.8905763030052185,-0.3318327069282532,-0.10323964804410934
8,ZKB,"A thoroughly awful movie -- dumb, narratively chaotic, visually sloppy... a weird amalgam of `The Thing' and a geriatric `Scream.'",0,0,negative,negative,1.261934757232666,-0.2123909592628479,-0.16594356298446655
8,ZKB,"One of those staggeringly well-produced, joylessly extravagant pictures that keep whooshing you from one visual marvel to the next, hastily, emptily.",1,0,neutral,negative,1.0214273929595947,0.3224177360534668,-0.04209797456860542
8,ZKB,"Measured against practically any like-themed film other than its Oscar-sweeping franchise predecessor The Silence of the Lambs, Red Dragon rates as an exceptional thriller.",2,0,positive,negative,0.6713114380836487,-0.37880831956863403,0.17911307513713837
8,ZKB,"The movie has no respect for laws, political correctness or common decency, but it displays something more important: respect for its flawed, crazy people.",1,0,neutral,negative,0.9086409211158752,-0.06527508795261383,-0.037352968007326126
8,ZKB,"In a strange way, Egoyan has done too much.",1,0,neutral,negative,0.8795726299285889,0.055412884801626205,0.07924751937389374
8,ZKB,"After seeing the film, I can tell you that there's no other reason why anyone should bother remembering it.",0,0,negative,negative,0.5974262952804565,-0.6726057529449463,0.33972516655921936
8,ZKB,The film is darkly funny in its observation of just how much more grueling and time-consuming the illusion of work is than actual work.,2,0,positive,negative,0.8690496683120728,-0.3972286880016327,0.2699182629585266
8,ZKB,"In some ways, Lagaan is quintessential Bollywood.",1,0,neutral,negative,1.2926101684570312,-0.38540151715278625,-0.5749545097351074
8,ZKB,"Pacino and Williams seem to keep upping the ante on each other, just as their characters do in the film.",2,0,positive,negative,0.8563676476478577,-0.5286924839019775,0.012808752246201038
8,ZKB,"It would be disingenuous to call Reno a great film, but you can say that about most of the flicks moving in and out of the multiplex.",1,2,neutral,positive,0.5162702202796936,-0.4382251799106598,0.516535222530365
8,ZKB,"Some movies can get by without being funny simply by structuring the scenes as if they were jokes: a setup, delivery and payoff.",1,0,neutral,negative,0.5399410128593445,-0.9831400513648987,0.41057777404785156
8,ZKB,Narc can only remind us of brilliant crime dramas without becoming one itself.,1,0,neutral,negative,1.0674539804458618,-0.5354242920875549,0.029926849529147148
8,ZKB,Narc is a no-bull throwback to 1970s action films.,2,0,positive,negative,0.9542337656021118,-0.5570765733718872,0.05551169440150261
8,ZKB,Intriguing and downright intoxicating.,2,0,positive,negative,0.8485769033432007,0.08148300647735596,-0.5247808694839478
8,ZKB,"The wonderful combination of the sweetness and the extraordinary technical accomplishments of the first film are maintained, but its overall impact falls a little flat with a storyline that never quite delivers the original magic.",1,0,neutral,negative,0.6873782873153687,-0.031687889248132706,0.21263660490512848
8,ZKB,Perhaps the most annoying thing about Who Is Cletis Tout? is that it's a crime movie made by someone who obviously knows nothing about crime.,0,0,negative,negative,0.9379976391792297,-0.03985360637307167,0.09714527428150177
8,ZKB,"In addition to scoring high for originality of plot -- putting together familiar themes of family, forgiveness and love in a new way -- Lilo & Stitch has a number of other assets to commend it to movie audiences both innocent and jaded.",2,0,positive,negative,0.9194976091384888,-0.3694276213645935,0.30807390809059143
8,ZKB,The quirky drama touches the heart and the funnybone thanks to the energetic and always surprising performance by Rachel Griffiths.,2,0,positive,negative,0.6439213156700134,-0.8553652167320251,0.3893924057483673
8,ZKB,"At its worst, it implodes in a series of very bad special effects.",0,0,negative,negative,0.8944502472877502,-0.29929423332214355,-0.08739215135574341
8,ZKB,Bad and baffling from the get-go.,0,0,negative,negative,1.0217597484588623,-0.014036538079380989,-0.3561655879020691
8,ZKB,"The movie is a blast of educational energy, as bouncy animation and catchy songs escort you through the entire 85 minutes.",2,0,positive,negative,0.674491822719574,-0.3151753544807434,0.19962932169437408
8,ZKB,The original wasn't a good movie but this remake makes it look like a masterpiece!,0,0,negative,negative,0.8667629957199097,0.4942858815193176,-0.14171142876148224
8,ZKB,"To my taste, the film's comic characters come perilously close to being Amoses and Andys for a new generation.",1,0,neutral,negative,0.7502833008766174,0.7076843976974487,-0.298208087682724
8,ZKB,"Although the sequel has all the outward elements of the original, the first film's lovely flakiness is gone, replaced by the forced funniness found in the dullest kiddie flicks.",0,1,negative,neutral,0.7587518095970154,0.7654789686203003,-0.100499227643013
8,ZKB,"The real charm of this trifle is the deadpan comic face of its star, Jean Reno, who resembles Sly Stallone in a hot sake half-sleep.",1,0,neutral,negative,0.5475510954856873,0.037002529948949814,0.010378521867096424
8,ZKB,"... a cute and sometimes side-splittingly funny blend of Legally Blonde and Drop Dead Gorgeous, starring Piper Perabo in what could be her breakthrough role.",2,0,positive,negative,0.770653486251831,0.5100630521774292,0.1741340309381485
8,ZKB,"This method almost never fails him, and it works superbly here.",2,0,positive,negative,0.6865218281745911,0.5258257985115051,-0.1592455357313156
8,ZKB,Few films capture so perfectly the hopes and dreams of little boys on baseball fields as well as the grown men who sit in the stands.,2,1,positive,neutral,0.5792626738548279,0.6132040619850159,-0.0003102892660535872
8,ZKB,Steers has an unexpectedly adamant streak of warm-blooded empathy for all his disparate Manhattan denizens -- especially the a**holes.,1,1,neutral,neutral,0.6783588528633118,0.7978512048721313,0.03671638295054436
8,ZKB,"The Emperor's Club is one of those films that possesses all the good intentions in the world, but...",1,0,neutral,negative,0.5764219760894775,0.4576873779296875,-0.0033447020687162876
8,ZKB,The most compelling performance of the year adds substantial depth to this shocking testament to anti-Semitism and neo-fascism.,2,0,positive,negative,0.7567169070243835,-0.009120495989918709,0.19555343687534332
8,ZKB,"LaBute can't avoid a fatal mistake in the modern era: He's changed the male academic from a lower-class Brit to an American, a choice that upsets the novel's exquisite balance and shreds the fabric of the film.",1,0,neutral,negative,0.6259471774101257,0.48602133989334106,0.04455752298235893
8,ZKB,A biopic about Crane's life in the classic tradition but evolves into what has become of us all in the era of video.,1,0,neutral,negative,0.8164662718772888,-0.043154824525117874,0.17601321637630463
8,ZKB,"A work of extraordinary journalism, but it is also a work of deft and subtle poetry.",2,1,positive,neutral,0.8445792198181152,0.9108830094337463,-0.26590895652770996
8,ZKB,... think of it as American Pie On Valium.,1,1,neutral,neutral,0.4876391589641571,0.8643189668655396,-0.2301124483346939
8,ZKB,Gere gives a good performance in a film that doesn't merit it.,1,0,neutral,negative,0.8931667804718018,0.02698635868728161,0.05671672150492668
8,ZKB,The Pianist is Polanski's best film.,2,2,positive,positive,0.3107854723930359,0.2729804515838623,0.4823792576789856
8,ZKB,Maybe Thomas Wolfe was right: You can't go home again.,1,1,neutral,neutral,0.6186158061027527,0.6922842264175415,-0.0769161731004715
8,ZKB,"The director, with his fake backdrops and stately pacing, never settles on a consistent tone.",0,0,negative,negative,0.8417143225669861,-0.06763792037963867,0.03684021160006523
8,ZKB,"Why he was given free reign over this project -- he wrote, directed, starred and produced -- is beyond me.",0,0,negative,negative,0.6902114748954773,0.11588329076766968,0.14383123815059662
8,ZKB,"If you enjoy being rewarded by a script that assumes you aren't very bright, then Blood Work is for you.",0,0,negative,negative,0.6752929091453552,-0.1665731519460678,-0.15940207242965698
8,ZKB,"Like Rudy Yellow Lodge, Eyre needs to take a good sweat to clarify his cinematic vision before his next creation and remember the lessons of the trickster spider.",0,1,negative,neutral,0.5934382081031799,1.1884671449661255,-0.049950290471315384
8,ZKB,But his showboating wise-cracker stock persona sure is getting old.,1,0,neutral,negative,0.7981798648834229,-0.023430081084370613,-0.11022207140922546
8,ZKB,"Circuit queens won't learn a thing, they'll be too busy cursing the film's strategically placed white sheets.",1,0,neutral,negative,0.621908962726593,0.06498947739601135,-0.1242491751909256
8,ZKB,"A lot of talent is wasted in this crass, low-wattage endeavor.",0,0,negative,negative,0.8613178730010986,0.20618799328804016,-0.2818561792373657
8,ZKB,"Alain Choquart's camera barely stops moving, portraying both the turmoil of the time and giving Conduct a perpetual sense of urgency, which, for a film that takes nearly three hours to unspool, is both funny and irritating.",1,0,neutral,negative,0.45131951570510864,0.2738224267959595,0.12433229386806488
8,ZKB,The second coming of Harry Potter is a film far superior to its predecessor.,2,0,positive,negative,0.6066951155662537,0.29148873686790466,0.49295881390571594
8,ZKB,This stuck pig of a movie flails limply between bizarre comedy and pallid horror.,0,0,negative,negative,0.9183154702186584,-0.42699944972991943,-0.1732022613286972
8,ZKB,"The film just might turn on many people to opera, in general, an art form at once visceral and spiritual, wonderfully vulgar and sublimely lofty -- and as emotionally grand as life.",2,0,positive,negative,0.7646391987800598,-0.15158730745315552,0.3983907401561737
8,ZKB,"The delicious trimmings... arrive early and stay late, filling nearly every minute... with a lighthearted glow, some impudent snickers, and a glorious dose of humankind's liberating ability to triumph over a Scrooge or two.",2,0,positive,negative,0.6459598541259766,0.5042890906333923,0.11194853484630585
8,ZKB,"The inhospitability of the land emphasizes the spare precision of the narratives and helps to give them an atavistic power, as if they were tales that had been handed down since the beginning of time.",1,0,neutral,negative,0.7245845198631287,-0.6134074926376343,-0.027918564155697823
8,ZKB,Even more baffling is that it's funny.,1,1,neutral,neutral,0.08157020807266235,0.4140840768814087,-0.0728420615196228
8,ZKB,"Parker should be commended for taking a fresh approach to familiar material, but his determination to remain true to the original text leads him to adopt a somewhat mannered tone... that ultimately dulls the human tragedy at the story's core.",1,0,neutral,negative,0.546068012714386,-0.010110797360539436,0.11866749823093414
8,ZKB,"Hard, endearing, caring, warm.",2,1,positive,neutral,0.06340044736862183,0.8331018090248108,0.05002449080348015
8,ZKB,"I have no problem with ``difficult'' movies, or movies that ask the audience to meet them halfway and connect the dots instead of having things all spelled out.",1,0,neutral,negative,0.9035996794700623,-0.3767918646335602,0.007650358136743307
8,ZKB,The way Coppola professes his love for movies -- both colorful pop junk and the classics that unequivocally qualify as art -- is giddily entertaining.,2,2,positive,positive,0.25871071219444275,0.08660396933555603,0.43171262741088867
8,ZKB,Both the crime story and the love story are unusual.,1,0,neutral,negative,0.6838616728782654,0.5844845771789551,-0.0572679229080677
8,ZKB,It's never a good sign when a film's star spends the entirety of the film in a coma.,0,0,negative,negative,0.3779885768890381,0.2194407880306244,0.34921738505363464
8,ZKB,A creaky staircase gothic.,1,1,neutral,neutral,0.20901364088058472,0.25581493973731995,0.0912555605173111
8,ZKB,"If there's a way to effectively teach kids about the dangers of drugs, I think it's in projects like the (unfortunately R-rated) Paid.",1,0,neutral,negative,0.45990246534347534,-0.6447961330413818,0.0539676658809185
8,ZKB,"If you're a WWF fan, or you related to the people who watched the robots getting butchered in A.I., you'll probably like Rollerball.",1,0,neutral,negative,0.42920494079589844,-0.5726733207702637,0.21761192381381989
8,ZKB,Norton holds the film together.,1,1,neutral,neutral,0.27298596501350403,0.6702789068222046,0.008210730738937855
8,ZKB,"A breathtaking adventure for all ages, Spirit tells its poignant and uplifting story in a stunning fusion of music and images.",2,0,positive,negative,0.8118374943733215,-0.19230253994464874,0.08561478555202484
8,ZKB,It won't bust your gut -- and it's not intended to -- it's merely a blandly cinematic surgical examination of what makes a joke a joke.,1,0,neutral,negative,0.6831933856010437,-0.12655632197856903,-0.04622333124279976
8,ZKB,Largely a for-fans artifact.,1,1,neutral,neutral,0.4589086174964905,0.5789656043052673,0.341100811958313
8,ZKB,A movie so bad that it quickly enters the pantheon of wreckage that includes Battlefield Earth and Showgirls.,0,1,negative,neutral,0.28818267583847046,0.564723014831543,-0.41227078437805176
8,ZKB,"If you're over 25, have an IQ over 90, and have a driver's license, you should be able to find better entertainment.",0,0,negative,negative,0.6627285480499268,0.3235941231250763,0.1683855801820755
8,ZKB,A solid piece of journalistic work that draws a picture of a man for whom political expedience became a deadly foreign policy.,1,0,neutral,negative,0.5294373035430908,-0.2971082925796509,-0.014470803551375866
8,ZKB,"The doofus-on-the-loose banter of Welcome to Collinwood has a cocky, after-hours loopiness to it.",1,0,neutral,negative,0.9000349640846252,0.10084140300750732,0.027097119018435478
8,ZKB,It's the funniest American comedy since Graffiti Bridge.,2,1,positive,neutral,0.7210828065872192,0.9124404191970825,-0.057577330619096756
8,ZKB,Samuel Beckett applied to the Iranian voting process.,1,0,neutral,negative,0.6573998332023621,0.28016796708106995,-0.1949186474084854
8,ZKB,A strangely compelling and brilliantly acted psychological drama.,2,0,positive,negative,0.3191845118999481,0.3159908652305603,-0.002589630428701639
8,ZKB,"Often gruelling and heartbreaking to witness, but Seldahl and Wollter's sterling performances raise this far above the level of the usual maudlin disease movie.",2,0,positive,negative,0.5118699669837952,0.3303269147872925,-0.2289476841688156
8,ZKB,"This enthralling documentary... is at once playful and haunting, an in-depth portrait of an iconoclastic artist who was fundamentally unknowable even to his closest friends.",2,0,positive,negative,0.5927851796150208,-0.033914510160684586,0.03767630085349083
8,ZKB,"I didn't laugh at the ongoing efforts of Cube, and his skinny buddy Mike Epps, to make like Laurel and Hardy'n the hood.",0,0,negative,negative,0.4704832136631012,-0.20490674674510956,0.09580595791339874
8,ZKB,"At its best when the guarded, resentful Betty and the manipulative yet needy Margot are front and center.",1,0,neutral,negative,0.5140766501426697,0.0954817533493042,-0.3826286792755127
8,ZKB,Ford deserves to be remembered at Oscar time for crafting this wonderful portrait of a conflicted soldier.,2,0,positive,negative,0.8076401352882385,-0.24634352326393127,-0.25601109862327576
8,ZKB,"That is essentially what's missing from Blackboards -- the sense of something bigger, some ultimate point.",1,0,neutral,negative,0.4631369113922119,0.18597719073295593,0.12908978760242462
8,ZKB,"It's a bizarre curiosity memorable mainly for the way it fritters away its potentially interesting subject matter via a banal script, unimpressive acting and indifferent direction.",1,0,neutral,negative,0.21198290586471558,0.09424495697021484,0.15949185192584991
8,ZKB,"While obviously an extremely personal work, it remains inextricably stuck in an emotionally unavailable rut.",1,1,neutral,neutral,0.31537628173828125,0.4792993664741516,-0.1671435385942459
8,ZKB,"A dim-witted and lazy spin-off of the Animal Planet documentary series, Crocodile Hunter is entertainment opportunism at its most glaring.",0,0,negative,negative,0.5774162411689758,-0.13535857200622559,0.538880467414856
8,ZKB,"The good is very, very good... The rest runs from mildly unimpressive to despairingly awful.",1,0,neutral,negative,0.388245165348053,-0.5671954154968262,-0.020054208114743233
8,ZKB,"Methodical, measured, and gently tedious in its comedy, Secret Ballot is a purposefully reductive movie -- which may be why it's so successful at lodging itself in the brain.",2,2,positive,positive,0.0760924220085144,-0.26032084226608276,0.5865857601165771
8,ZKB,One of the most exciting action films to come out of China in recent years.,2,2,positive,positive,0.0822131335735321,0.27262094616889954,0.9052839875221252
8,ZKB,Adam Sandler's Eight Crazy Nights grows on you -- like a rash.,0,0,negative,negative,0.5041906237602234,-0.8073290586471558,0.4436158239841461
8,ZKB,"The film feels formulaic, its plot and pacing typical Hollywood war-movie stuff, while the performances elicit more of a sense of deja vu than awe.",0,2,negative,positive,0.1695777177810669,-0.33157041668891907,0.39424753189086914
8,ZKB,"... pitiful, slapdash disaster.",0,1,negative,neutral,-0.32930636405944824,0.6213887929916382,0.5304357409477234
8,ZKB,"As it stands, there's some fine sex onscreen, and some tense arguing, but not a whole lot more.",1,0,neutral,negative,0.5873517394065857,-0.5325958728790283,0.1621762067079544
8,ZKB,It's neither as romantic nor as thrilling as it should be.,0,0,negative,negative,0.5217139720916748,0.005988237913697958,-0.3625752329826355
8,ZKB,Returning director Rob Minkoff... and screenwriter Bruce Joel Rubin... have done a fine job of updating White's dry wit to a new age.,2,2,positive,positive,0.31116241216659546,-0.7855651378631592,0.526561975479126
8,ZKB,"The Venezuelans say things like ``si, pretty much'' and ``por favor, go home'' when talking to Americans.",1,2,neutral,positive,0.07614463567733765,0.06668001413345337,0.45924392342567444
8,ZKB,"If you already like this sort of thing, this is that sort of thing all over again.",1,0,neutral,negative,0.5293855667114258,0.09672322869300842,0.41300150752067566
8,ZKB,An awful movie that will only satisfy the most emotionally malleable of filmgoers.,0,0,negative,negative,0.40071213245391846,0.3981970250606537,-0.16013817489147186
8,ZKB,"This is an extraordinary film, not least because it is Japanese and yet feels universal.",2,1,positive,neutral,0.33462852239608765,0.760771632194519,-0.02409266121685505
8,ZKB,"Aptly named, this shimmering, beautifully costumed and filmed production doesn't work for me.",1,2,neutral,positive,0.3406714200973511,-0.5292619466781616,0.363789439201355
8,ZKB,"If Borstal Boy isn't especially realistic, it is an engaging nostalgia piece.",1,0,neutral,negative,0.46114790439605713,-0.16162577271461487,-0.07923202216625214
8,ZKB,Griffiths proves she's that rare luminary who continually raises the standard of her profession.,2,0,positive,negative,0.8046858310699463,-0.3429795801639557,-0.06316132843494415
8,ZKB,"The asylum material is gripping, as are the scenes of Jia with his family.",2,1,positive,neutral,0.31731823086738586,0.5401368141174316,0.3177697956562042
8,ZKB,"... by the time it's done with us, Mira Nair's new movie has its audience giddy with the delight of discovery, of having been immersed in a foreign culture only to find that human nature is pretty much the same all over.",2,2,positive,positive,0.04856080189347267,-0.22360490262508392,0.11581699550151825
8,ZKB,... about as exciting to watch as two last-place basketball teams playing one another on the final day of the season.,0,2,negative,positive,0.19830060005187988,-0.8655895590782166,0.39347583055496216
8,ZKB,Girls gone wild and gone civil again,1,0,neutral,negative,0.3730238080024719,-0.11862853169441223,-0.03749721124768257
8,ZKB,To say Analyze That is De Niro's best film since Meet the Parents sums up the sad state of his recent career.,1,0,neutral,negative,0.34343504905700684,-0.35018864274024963,0.18024520576000214
8,ZKB,"Like being trapped inside a huge video game, where exciting, inane images keep popping past your head and the same illogical things keep happening over and over again.",1,2,neutral,positive,0.3555564284324646,-0.22662369906902313,0.5292580723762512
8,ZKB,`Enigma' is the kind of engaging historical drama that Hollywood appears to have given up on in favor of sentimental war movies in the vein of `We Were Soldiers.',1,2,neutral,positive,0.19084113836288452,-0.16432984173297882,0.5048529505729675
8,ZKB,The Rock has a great presence but one battle after another is not the same as one battle followed by killer CGI effects.,1,2,neutral,positive,-0.012265559285879135,0.24508550763130188,0.449344277381897
8,ZKB,Visually sumptuous but intellectually stultifying.,1,1,neutral,neutral,0.2865012288093567,0.5519623756408691,-0.25147706270217896
8,ZKB,"So young, so smart, such talent, such a wise ***.",2,0,positive,negative,0.6975039839744568,-0.3181644082069397,0.0847167819738388
8,ZKB,"The problem is that for the most part, the film is deadly dull.",0,0,negative,negative,0.5537434816360474,-0.35062485933303833,0.023092253133654594
8,ZKB,A thinly veiled look at different aspects of Chinese life clashing with each other.,1,0,neutral,negative,0.8078007698059082,-0.3550747036933899,0.26180773973464966
8,ZKB,An exhilarating experience.,2,2,positive,positive,-0.1373177468776703,-0.21342715620994568,0.0912456065416336
8,ZKB,Its vision of that awkward age when sex threatens to overwhelm everything else is acute enough to make everyone who has been there squirm with recognition.,1,2,neutral,positive,0.1904945969581604,-0.19499176740646362,0.2318931668996811
8,ZKB,Remarkably accessible and affecting.,2,0,positive,negative,0.14169985055923462,-0.054489199072122574,-0.1405126452445984
8,ZKB,"The climactic events are so well realized that you may forget all about the original conflict, just like the movie does.",1,0,neutral,negative,0.33033615350723267,-0.3914787173271179,0.17298637330532074
8,ZKB,Distinctly sub-par... more likely to drown a viewer in boredom than to send any shivers down his spine.,0,1,negative,neutral,-0.10910248756408691,1.1958812475204468,0.22366096079349518
8,ZKB,Godard's ode to tackling life's wonderment is a rambling and incoherent manifesto about the vagueness of topical excess... In Praise of Love remains a ponderous and pretentious endeavor that's unfocused and tediously exasperating.,0,0,negative,negative,0.4877740144729614,0.008297650143504143,0.0918864756822586
8,ZKB,"We never truly come to care about the main characters and whether or not they'll wind up together, and Michele's spiritual quest is neither amusing nor dramatic enough to sustain interest.",0,0,negative,negative,0.5679738521575928,0.47761011123657227,-0.17422568798065186
8,ZKB,"Most haunting about ``Fence'' is its conclusion, when we hear the ultimate fate of these girls and realize, much to our dismay, that this really did happen.",2,2,positive,positive,0.15218490362167358,-0.5643724799156189,0.6287233233451843
8,ZKB,"Bogdanovich taps deep into the Hearst mystique, entertainingly reenacting a historic scandal.",2,0,positive,negative,0.6337863206863403,0.18620407581329346,0.1347241848707199
8,ZKB,"Peralta's mythmaking could have used some informed, adult hindsight.",1,0,neutral,negative,0.5494375228881836,-0.25807151198387146,-0.03274618461728096
8,ZKB,"``My god, I'm behaving like an idiot!''",1,0,neutral,negative,0.41119062900543213,-0.42655402421951294,-0.23825635015964508
8,ZKB,"Devos and Cassel have tremendous chemistry -- their sexual and romantic tension, while never really vocalized, is palpable.",2,0,positive,negative,0.8761062026023865,0.44124138355255127,-0.3768061101436615
8,ZKB,"As a girl-meets-girl romantic comedy, Kissing Jessica Steinis quirky, charming and often hilarious.",2,0,positive,negative,0.8277472853660583,0.6611917614936829,-0.10598401725292206
8,ZKB,Gollum's `performance' is incredible!,2,1,positive,neutral,0.21928387880325317,0.8022458553314209,0.16113407909870148
8,ZKB,"... a haunting vision, with images that seem more like disturbing hallucinations.",0,0,negative,negative,0.7016540169715881,0.41966667771339417,-0.08743423223495483
8,ZKB,"As a remake, it's a pale imitation.",0,0,negative,negative,0.2945641279220581,0.18526369333267212,-0.33076292276382446
8,ZKB,Adults will certainly want to spend their time in the theater thinking up grocery lists and ways to tell their kids how not to act like Pinocchio.,1,0,neutral,negative,0.8886889815330505,-0.07108035683631897,0.038195591419935226
8,ZKB,"Not as distinctive or even as humorous as its needs to be to stand out, but it has clearly been made with affection and care.",1,0,neutral,negative,0.3745991587638855,-0.27837350964546204,0.1896805316209793
8,ZKB,A generic family comedy unlikely to be appreciated by anyone outside the under-10 set.,0,0,negative,negative,0.45377084612846375,0.09955599904060364,0.19449131190776825
8,ZKB,"An amalgam of The Fugitive, Blade Runner, and Total Recall, only without much energy or tension.",1,0,neutral,negative,0.4281756281852722,-0.32763350009918213,0.0786767452955246
8,ZKB,"Everything its title implies, a standard-issue crime drama spat out from the Tinseltown assembly line.",1,0,neutral,negative,0.6993682980537415,-0.5557078123092651,-0.03499545529484749
8,ZKB,"This odd, poetic road movie, spiked by jolts of pop music, pretty much takes place in Morton's ever-watchful gaze -- and it's a tribute to the actress, and to her inventive director, that the journey is such a mesmerizing one.",2,0,positive,negative,0.42822200059890747,-0.779805600643158,0.2431212216615677
8,ZKB,"Co-writer/director Jonathan Parker's attempts to fashion a Brazil-like, hyper-real satire fall dreadfully short.",0,0,negative,negative,0.618443489074707,0.5863325595855713,-0.059101302176713943
8,ZKB,"An amateurish, quasi-improvised acting exercise shot on ugly digital video.",0,0,negative,negative,0.49672168493270874,-0.21630826592445374,-0.010713058523833752
8,ZKB,"``The Kid Stays in the Picture'' is a great story, terrifically told by the man who wrote it but this Cliff Notes edition is a cheat.",1,0,neutral,negative,0.33134573698043823,0.20812952518463135,0.22502127289772034
8,ZKB,"A gratingly unfunny groaner littered with zero-dimensional, unlikable characters and hackneyed, threadbare comic setups.",0,1,negative,neutral,0.802646815776825,0.8547887802124023,-0.25202956795692444
8,ZKB,"While this gentle and affecting melodrama will have luvvies in raptures, it's far too slight and introspective to appeal to anything wider than a niche audience.",1,0,neutral,negative,0.467817485332489,-0.31573688983917236,0.056122880429029465
8,ZKB,Griffin & Co. manage to be spectacularly outrageous.,2,0,positive,negative,0.6925806999206543,0.05202006921172142,-0.014923441223800182
8,ZKB,"A profoundly stupid affair, populating its hackneyed and meanspirited storyline with cardboard characters and performers who value cash above credibility.",0,0,negative,negative,0.45132505893707275,-0.6461740732192993,0.3485775887966156
8,ZKB,"Warm Water Under a Red Bridge is a quirky and poignant Japanese film that explores the fascinating connections between women, water, nature, and sexuality.",2,0,positive,negative,0.6015301942825317,-0.09697037935256958,0.027558935806155205
8,ZKB,It isn't that Stealing Harvard is a horrible movie -- if only it were that grand a failure!,0,0,negative,negative,0.27830642461776733,-0.5403838157653809,0.19870536029338837
8,ZKB,It just doesn't have much else... especially in a moral sense.,1,0,neutral,negative,0.6119886040687561,-0.7344908714294434,0.2021409422159195
8,ZKB,Those unfamiliar with Mormon traditions may find The Singles Ward occasionally bewildering.,1,0,neutral,negative,0.8529199957847595,-0.1802479773759842,0.26192498207092285
8,ZKB,"Viewed as a comedy, a romance, a fairy tale, or a drama, there's nothing remotely triumphant about this motion picture.",1,0,neutral,negative,0.5263274312019348,-0.851323127746582,0.27954769134521484
8,ZKB,"But the talented cast alone will keep you watching, as will the fight scenes.",2,0,positive,negative,0.38654571771621704,-0.13147427141666412,0.34893375635147095
8,ZKB,It's solid and affecting and exactly as thought-provoking as it should be.,2,0,positive,negative,0.6060094833374023,-0.43610477447509766,0.20075248181819916
8,ZKB,"Thanks largely to Williams, all the interesting developments are processed in 60 minutes -- the rest is just an overexposed waste of film.",0,2,negative,positive,-0.0190751813352108,-0.5557349324226379,0.7559769749641418
8,ZKB,"Cantet perfectly captures the hotel lobbies, two-lane highways, and roadside cafes that permeate Vincent's days",2,0,positive,negative,0.6836071610450745,-0.641880214214325,0.030064566060900688
8,ZKB,"An important movie, a reminder of the power of film to move us and to make us examine our values.",2,2,positive,positive,0.4649513065814972,-0.7730644941329956,0.6584197878837585
8,ZKB,"Too much of this well-acted but dangerously slow thriller feels like a preamble to a bigger, more complicated story, one that never materializes.",0,0,negative,negative,0.48616480827331543,-0.0372784323990345,0.12032775580883026
8,ZKB,A richly imagined and admirably mature work from a gifted director who definitely has something on his mind.,2,0,positive,negative,0.3728930354118347,-0.4944242238998413,0.08743678033351898
8,ZKB,"The art direction is often exquisite, and the anthropomorphic animal characters are beautifully realized through clever makeup design, leaving one to hope that the eventual DVD release will offer subtitles and the original Italian-language soundtrack.",2,1,positive,neutral,0.37895286083221436,0.55080246925354,0.21634574234485626
8,ZKB,"... Jones, despite a definitely distinctive screen presence, just isn't able to muster for a movie that, its title notwithstanding, should have been a lot nastier if it wanted to fully capitalize on its lead's specific gifts.",1,0,neutral,negative,0.5254181027412415,-0.6634954214096069,0.05177868530154228
8,ZKB,But what's nice is that there's a casual intelligence that permeates the script.,2,0,positive,negative,0.6250951886177063,0.006999341305345297,0.10682065784931183
8,ZKB,Wedding feels a bit anachronistic.,0,2,negative,positive,-0.29380273818969727,0.27395033836364746,0.6554445624351501
8,ZKB,"An action/thriller of the finest kind, evoking memories of Day of the Jackal, The French Connection, and Heat.",2,2,positive,positive,0.2681294083595276,-0.28005313873291016,0.41301780939102173
8,ZKB,"This picture is murder by numbers, and as easy to be bored by as your ABC's, despite a few whopping shootouts.",0,0,negative,negative,0.4379185438156128,-0.41317877173423767,0.2900633215904236
8,ZKB,"Every individual will see the movie through the prism of his or her own beliefs and prejudices, but the one thing most will take away is the sense that peace is possible.",2,2,positive,positive,0.4246516525745392,-0.5001178979873657,0.4714583158493042
8,ZKB,"Feels slight, as if it were an extended short, albeit one made by the smartest kids in class.",1,2,neutral,positive,0.40405967831611633,-0.44597238302230835,0.9066445827484131
8,ZKB,The picture doesn't know it's a comedy.,1,0,neutral,negative,0.4209236204624176,-0.1359054297208786,0.31516537070274353
8,ZKB,A classy item by a legend who may have nothing left to prove but still has the chops and drive to show how its done.,2,0,positive,negative,0.5743727684020996,0.3564597964286804,0.07738708704710007
8,ZKB,"Starts out mediocre, spirals downward, and thuds to the bottom of the pool with an utterly incompetent conclusion.",0,0,negative,negative,0.34786316752433777,-0.5779141783714294,-0.018248550593852997
8,ZKB,The sort of movie that gives tastelessness a bad rap.,0,0,negative,negative,0.42902085185050964,0.014757556840777397,0.19858099520206451
8,ZKB,Its engaging simplicity is driven by appealing leads.,2,2,positive,positive,0.2598869800567627,-0.5715788006782532,0.44650518894195557
8,ZKB,"Fans of the TV series will be disappointed, and everyone else will be slightly bored.",1,0,neutral,negative,0.2645549476146698,-0.20652565360069275,0.07835210859775543
8,ZKB,"It's a head-turner -- thoughtfully written, beautifully read and, finally, deeply humanizing.",2,0,positive,negative,0.5412046909332275,-0.7034615874290466,0.17698150873184204
8,ZKB,"It's not a particularly good film, but neither is it a monsterous one.",1,1,neutral,neutral,0.37800028920173645,0.42879176139831543,0.3585799038410187
8,ZKB,Men in Black II achieves ultimate insignificance -- it's the sci-fi comedy spectacle as Whiffle-Ball epic.,0,0,negative,negative,0.7587281465530396,-0.2815457880496979,0.4975506365299225
8,ZKB,Martyr gets royally screwed and comes back for more.,1,2,neutral,positive,0.401424765586853,-0.49309369921684265,0.4605124592781067
9,ZKH,Presents a good case while failing to provide a reason for us to care beyond the very basic dictums of human decency.,1,2,neutral,positive,-0.7584480047225952,-2.126330852508545,0.10517129302024841
9,ZKH,"Beautifully crafted, engaging filmmaking that should attract upscale audiences hungry for quality and a nostalgic, twisty yarn that will keep them guessing.",2,2,positive,positive,-0.482968807220459,-1.6673386096954346,0.06024792790412903
9,ZKH,"Bread, My Sweet has so many flaws it would be easy for critics to shred it.",0,0,negative,negative,-0.42901384830474854,-2.350050687789917,-0.5308058261871338
9,ZKH,"Slow, silly and unintentionally hilarious.",1,2,neutral,positive,-1.9697558879852295,-2.634207010269165,1.4396631717681885
9,ZKH,"Ultimately feels empty and unsatisfying, like swallowing a Communion wafer without the wine.",0,2,negative,positive,-1.1346797943115234,-2.0665442943573,-0.18569672107696533
9,ZKH,Exudes the fizz of a Busby Berkeley musical and the visceral excitement of a sports extravaganza.,2,0,positive,negative,-0.3922792375087738,-1.8626246452331543,-1.209404706954956
9,ZKH,The film rehashes several old themes and is capped with pointless extremes -- it's insanely violent and very graphic.,0,0,negative,negative,-0.32007312774658203,-1.8436206579208374,-0.8669025897979736
9,ZKH,"Ryan Gosling is, in a word, brilliant as the conflicted Daniel.",2,2,positive,positive,-2.065781593322754,-2.881056308746338,1.7806000709533691
9,ZKH,"If Deuces Wild had been tweaked up a notch it would have become a camp adventure, one of those movies that's so bad it starts to become good.",1,2,neutral,positive,-0.753252387046814,-2.0758540630340576,-0.07575768232345581
9,ZKH,The film's stagecrafts are intimate and therefore bolder than the otherwise calculated artifice that defines and overwhelms the film's production design.,1,2,neutral,positive,-0.830399215221405,-1.8665924072265625,-0.28056836128234863
9,ZKH,"Frida is certainly no disaster, but neither is it the Kahlo movie Frida fans have been looking for.",1,0,neutral,negative,-0.29511013627052307,-2.0772879123687744,-0.7391173839569092
9,ZKH,The film often achieves a mesmerizing poetry.,2,2,positive,positive,-1.6288968324661255,-1.8114427328109741,0.1003580093383789
9,ZKH,A work of astonishing delicacy and force.,2,2,positive,positive,-2.664125919342041,-2.684173345565796,1.564598798751831
9,ZKH,"The movie's plot is almost entirely witless and inane, carrying every gag two or three times beyond its limit to sustain a laugh.",0,0,negative,negative,-0.25943493843078613,-1.5531173944473267,-0.375490665435791
9,ZKH,"For the most part, the ingredients are there.",1,2,neutral,positive,-0.8049187064170837,-2.300776481628418,-0.35631048679351807
9,ZKH,"But if you've paid a matinee price and bought a big tub of popcorn, there's guilty fun to be had here.",1,0,neutral,negative,-0.48932236433029175,-1.6571015119552612,-0.9512224197387695
9,ZKH,"There's not much to Fatale, outside of its stylish surprises... but that's OK.",1,2,neutral,positive,-0.523065447807312,-1.9842711687088013,-0.5017626285552979
9,ZKH,"The acting is stiff, the story lacks all trace of wit, the sets look like they were borrowed from Gilligan's Island -- and the CGI Scooby might well be the worst special-effects creation of the year.",0,0,negative,negative,-0.17162102460861206,-1.547569990158081,-1.0121268033981323
9,ZKH,"This version moves beyond the original's nostalgia for the communal film experiences of yesteryear to a deeper realization of cinema's inability to stand in for true, lived experience.",1,2,neutral,positive,-0.7789741158485413,-1.9142677783966064,-0.6188675165176392
9,ZKH,"There's no palpable chemistry between Lopez and male lead Ralph Fiennes, plus the script by Working Girl scribe Kevin Wade is workmanlike in the extreme.",0,2,negative,positive,-0.8688021898269653,-2.1281888484954834,-0.44974589347839355
9,ZKH,"A first-class, thoroughly involving B movie that effectively combines two surefire, beloved genres -- the prison flick and the fight film.",2,2,positive,positive,-0.774362325668335,-2.011401653289795,-0.401533305644989
9,ZKH,The film is so bad it doesn't improve upon the experience of staring at a blank screen.,0,0,negative,negative,-0.3305848240852356,-1.7687735557556152,-0.5840716361999512
9,ZKH,Weiss and Speck never make a convincing case for the relevance of these two 20th-century footnotes.,1,0,neutral,negative,-0.4435846209526062,-1.8177707195281982,-0.5308374166488647
9,ZKH,Another Best of the Year selection.,2,2,positive,positive,-2.18027400970459,-2.254473924636841,1.2002100944519043
9,ZKH,It's all a rather shapeless good time...,1,2,neutral,positive,-1.1074975728988647,-2.458860158920288,0.7634633779525757
9,ZKH,"Same song, second verse, coulda been better, but it coulda been worse.",1,0,neutral,negative,-0.3940977156162262,-1.9458119869232178,-0.5811924934387207
9,ZKH,I love the robust middle of this picture.,2,2,positive,positive,-1.1689852476119995,-1.938708782196045,0.559089183807373
9,ZKH,"That's not vintage Spielberg and that, finally, is minimally satisfying.",1,2,neutral,positive,-0.2702208161354065,-1.4036829471588135,-0.21376341581344604
9,ZKH,The soundtrack alone is worth the price of admission.,2,2,positive,positive,-1.426520586013794,-1.316961646080017,-0.3303086757659912
9,ZKH,Mostly Martha could have used a little trimming -- 10 or 15 minutes could be cut and no one would notice -- but it's a pleasurable trifle.,1,2,neutral,positive,-0.797148585319519,-1.8926194906234741,-0.7329185009002686
9,ZKH,"For the rest of us, sitting through Dahmer's two hours amounts to little more than punishment.",0,0,negative,negative,-0.5220683217048645,-2.129913568496704,-0.6653136610984802
9,ZKH,"Featuring a dangerously seductive performance from the great Daniel Auteuil, ``Sade'' covers the same period as Kaufmann's ``Quills'' with more unsettlingly realistic results.",2,2,positive,positive,-0.6891307234764099,-1.7821094989776611,-0.4366914629936218
9,ZKH,"The movie is for fans who can't stop loving anime, and the fanatical excess built into it.",1,0,neutral,negative,-0.6288018226623535,-1.663914680480957,-0.6502646207809448
9,ZKH,"The Ring is worth a look, if you don't demand much more than a few cheap thrills from your Halloween entertainment.",1,2,neutral,positive,-0.4232112169265747,-2.128049612045288,0.1140592098236084
9,ZKH,"Beautifully observed, miraculously unsentimental comedy-drama.",2,2,positive,positive,-0.9381032586097717,-1.7499361038208008,-0.12692618370056152
9,ZKH,"What makes How I Killed My Father compelling, besides its terrific performances, is Fontaine's willingness to wander into the dark areas of parent-child relationships without flinching.",2,0,positive,negative,-0.4623679220676422,-1.549790382385254,-0.7148611545562744
9,ZKH,"This hastily mounted production exists only to capitalize on Hopkins' inclination to play Hannibal Lecter again, even though Harris has no immediate inclination to provide a fourth book.",0,0,negative,negative,-0.23020395636558533,-1.9861955642700195,-0.35250112414360046
9,ZKH,Bullock's complete lack of focus and ability quickly derails the film.,0,0,negative,negative,-0.5425434112548828,-1.4805608987808228,-0.9122915267944336
9,ZKH,"... a plotline that's as lumpy as two-day old porridge... the filmmakers' paws, sad to say, were all over this ``un-bear-able'' project!",0,0,negative,negative,-0.5361775159835815,-1.537664532661438,-0.7567412853240967
9,ZKH,Crush could be the worst film a man has made about women since Valley of the Dolls.,0,2,negative,positive,-0.935004711151123,-2.228261947631836,-0.7203783392906189
9,ZKH,"Reassuring, retro uplifter.",2,2,positive,positive,-1.5858861207962036,-1.854780912399292,0.66923987865448
9,ZKH,Flaccid drama and exasperatingly slow journey.,0,0,negative,negative,-0.13745218515396118,-1.509530782699585,-0.5480854511260986
9,ZKH,The Movie will reach far beyond its core demographic.,2,2,positive,positive,-0.86538165807724,-2.1368489265441895,-0.17255878448486328
9,ZKH,How did it ever get made?,0,2,negative,positive,-1.3775025606155396,-2.6520121097564697,0.19064831733703613
9,ZKH,I like the new footage and still love the old stuff.,2,2,positive,positive,-0.9651722311973572,-2.2542724609375,0.34208935499191284
9,ZKH,"It briefly flirts with player masochism, but the point of real interest -- audience sadism -- is evaded completely.",1,0,neutral,negative,-0.32940608263015747,-1.8273146152496338,-1.0591856241226196
9,ZKH,Could The Country Bears really be as bad as its trailers?,0,0,negative,negative,-0.5215080976486206,-1.8686553239822388,-0.7631791234016418
9,ZKH,"At times, the movie looks genuinely pretty.",2,2,positive,positive,-1.2236158847808838,-1.7163358926773071,0.24165049195289612
9,ZKH,It depends on how well flatulence gags fit into your holiday concept.,1,0,neutral,negative,-0.5376378297805786,-1.8425607681274414,-1.1104815006256104
9,ZKH,"The stupidest, most insulting movie of 2002's first quarter.",0,2,negative,positive,-0.26408928632736206,-1.5487873554229736,-0.2148381471633911
9,ZKH,The film seems a dead weight.,0,0,negative,negative,-0.008146161213517189,-1.5938655138015747,-1.3350332975387573
9,ZKH,"Sparkling, often hilarious romantic jealousy comedy... Attal looks so much like a young Robert DeNiro that it seems the film should instead be called `My Husband Is Travis Bickle'.",2,2,positive,positive,-0.4079984426498413,-1.7052829265594482,0.0160161554813385
9,ZKH,"I did go back and check out the last 10 minutes, but these were more repulsive than the first 30 or 40 minutes.",0,0,negative,negative,-0.3318787217140198,-1.3807501792907715,-0.7977519631385803
9,ZKH,"A lousy movie that's not merely unwatchable, but also unlistenable.",0,0,negative,negative,-0.22850528359413147,-1.9402986764907837,-0.7211737632751465
9,ZKH,One of the best films of the year with its exploration of the obstacles to happiness faced by five contemporary individuals... a psychological masterpiece.,2,2,positive,positive,-0.7449918389320374,-2.202363967895508,-0.14637047052383423
9,ZKH,"A strong script, powerful direction and splendid production design allows us to be transported into the life of Wladyslaw Szpilman, who is not only a pianist, but a good human being.",2,0,positive,negative,-0.31895095109939575,-1.2680022716522217,-0.6905919909477234
9,ZKH,"But here's the real damn: It isn't funny, either.",0,2,negative,positive,-1.7787312269210815,-1.7702257633209229,-0.3205112814903259
9,ZKH,"Qutting may be a flawed film, but it is nothing if not sincere.",1,2,neutral,positive,-0.4816846251487732,-2.0035712718963623,-0.42401254177093506
9,ZKH,It's a fanboy `what if?',1,2,neutral,positive,-1.0527135133743286,-2.547715187072754,1.2012662887573242
9,ZKH,... something appears to have been lost in the translation this time.,0,2,negative,positive,-0.7137001156806946,-2.3284075260162354,-0.30142277479171753
9,ZKH,"Like a documentary version of Fight Club, shorn of social insight, intellectual pretension and cinematic interest.",1,0,neutral,negative,-0.4294733703136444,-2.1731908321380615,-0.6437336206436157
9,ZKH,"Stephen Rea, Aidan Quinn, and Alan Bates play Desmond's legal eagles, and when joined by Brosnan, the sight of this grandiloquent quartet lolling in pretty Irish settings is a pleasant enough thing, `tis.",2,2,positive,positive,-0.39647385478019714,-1.662643313407898,-0.1986711621284485
9,ZKH,"It's a powerful though flawed movie, guaranteed to put a lump in your throat while reaffirming Washington as possibly the best actor working in movies today.",2,0,positive,negative,-0.5454902648925781,-1.56662118434906,-0.5620413422584534
9,ZKH,An intriguing and entertaining introduction to Johnson.,2,2,positive,positive,-1.1781888008117676,-1.9106467962265015,-0.27556246519088745
9,ZKH,Everything was as superficial as the forced New Jersey lowbrow accent Uma had.,0,0,negative,negative,-0.7288402915000916,-2.0459578037261963,-0.7620031833648682
9,ZKH,"Despite the holes in the story and the somewhat predictable plot, moments of the movie caused me to jump in my chair...",1,0,neutral,negative,-0.18152013421058655,-1.5691148042678833,-0.7427681684494019
9,ZKH,`How many more voyages can this limping but dearly-loved franchise survive?',1,0,neutral,negative,-0.17515476047992706,-1.9878921508789062,-0.6489431262016296
9,ZKH,If only the story about a multi-million dollar con bothered to include the con.,1,0,neutral,negative,0.12935411930084229,-1.9860470294952393,-1.1471679210662842
9,ZKH,"It is supremely unfunny and unentertaining to watch middle-age and older men drink to excess, piss on trees, b.s. one another and put on a show in drag.",0,2,negative,positive,-0.6992818117141724,-2.059041738510132,0.14943212270736694
9,ZKH,"Only a few minutes elapse before the daddy of all slashers arrives, still with the boiler suit and white mask, which look remarkably clean for a guy who has been mass-murdering since 1978 but has never been seen doing laundry.",1,0,neutral,negative,-0.15537621080875397,-1.6238521337509155,-0.7002503871917725
9,ZKH,"Showtime is one of the hapless victims of the arrogant ``if we put together a wry white man and a chatty black man and give them guns, the movie will be funny'' syndrome.",0,2,negative,positive,-0.8623619079589844,-2.103986978530884,-0.2340036928653717
9,ZKH,"Whatever heartwarming scene the impressively discreet filmmakers may have expected to record with their mini DV, they show a remarkable ability to document both sides of this emotional car-wreck.",2,0,positive,negative,-0.48019087314605713,-1.206960916519165,-0.848729133605957
9,ZKH,"A zombie movie in every sense of the word -- mindless, lifeless, meandering, loud, painful, obnoxious.",0,2,negative,positive,-0.9110171794891357,-2.5031654834747314,-0.025988876819610596
9,ZKH,"It has fun with the quirks of family life, but it also treats the subject with fondness and respect.",2,2,positive,positive,-0.6557452082633972,-1.6844713687896729,-0.5112866759300232
9,ZKH,"Novak manages to capture a cruelly hilarious vein of black comedy in the situation with his cast of non-actors and a gritty, no-budget approach.",2,2,positive,positive,-0.5639121532440186,-1.8937948942184448,-0.5336041450500488
9,ZKH,"Since Lee is a sentimentalist, the film is more worshipful than your random E!",1,2,neutral,positive,-0.6811568140983582,-2.157872438430786,-0.46901780366897583
9,ZKH,"The movie is almost completely lacking in suspense, surprise and consistent emotional conviction.",0,0,negative,negative,-0.03831176832318306,-1.891646146774292,-0.9441977143287659
9,ZKH,"High Crimes knows the mistakes that bad movies make and is determined not to make them, and maybe that is nobility of a sort.",1,2,neutral,positive,-0.5581150054931641,-1.8475024700164795,-0.37091025710105896
9,ZKH,But it's too long and too convoluted and it ends in a muddle.,0,2,negative,positive,-1.1386809349060059,-2.114844799041748,-0.26175516843795776
9,ZKH,This thing works on no level whatsoever for me.,0,2,negative,positive,-0.5997005105018616,-1.6806493997573853,-0.184761643409729
9,ZKH,... a bland murder-on-campus yawner.,0,2,negative,positive,-2.174281358718872,-1.8828980922698975,0.5317560434341431
9,ZKH,"One of the finest, most humane and important Holocaust movies ever made.",2,0,positive,negative,-0.5054284334182739,-1.58938729763031,-0.784191906452179
9,ZKH,"Suffers from rambling, repetitive dialogue and the visual drabness endemic to digital video.",0,0,negative,negative,-0.2506313621997833,-2.083113431930542,-1.2974337339401245
9,ZKH,"The twist that ends the movie is the one with the most emotional resonance, but twists are getting irritating, and this is the kind of material where the filmmakers should be very careful about raising eyebrows.",1,0,neutral,negative,-0.5009437799453735,-1.5456801652908325,-0.782309353351593
9,ZKH,"Angel presents events partly from the perspective of Aurelie and Christelle, and infuses the film with the sensibility of a particularly nightmarish fairytale.",1,0,neutral,negative,-0.15203717350959778,-1.6323530673980713,-1.0162508487701416
9,ZKH,Features one of the most affecting depictions of a love affair ever committed to film.,2,0,positive,negative,-0.12636595964431763,-1.9036011695861816,-1.1887962818145752
9,ZKH,It is intensely personal and yet -- unlike Quills -- deftly shows us the temper of the times.,2,0,positive,negative,-0.0940033569931984,-1.5677924156188965,-1.2370909452438354
9,ZKH,"Even as I valiantly struggled to remain interested, or at least conscious, I could feel my eyelids... getting... very... heavy...",0,0,negative,negative,0.11468728631734848,-1.733906865119934,-0.9765087366104126
9,ZKH,"... a solid, well-formed satire.",2,0,positive,negative,0.14169254899024963,-0.8701096773147583,-0.959703266620636
9,ZKH,Deserves high marks for political courage but barely gets by on its artistic merits.,1,0,neutral,negative,0.018010897561907768,-1.7592790126800537,-1.0380752086639404
9,ZKH,Read My Lips is to be viewed and treasured for its extraordinary intelligence and originality as well as its lyrical variations on the game of love.,2,0,positive,negative,-0.16081072390079498,-1.647054672241211,-1.0033658742904663
9,ZKH,"... creates a visceral sense of its characters' lives and conflicted emotions that carries it far above... what could have been a melodramatic, Lifetime Channel-style anthology.",1,2,neutral,positive,-0.3556321859359741,-1.606292724609375,-0.13678640127182007
9,ZKH,Reeks of rot and hack work from start to finish.,1,0,neutral,negative,-0.13260948657989502,-1.4428882598876953,-0.6454485654830933
9,ZKH,Just how these families interact may surprise you.,1,0,neutral,negative,-0.4239290654659271,-1.9356334209442139,-0.6146297454833984
9,ZKH,"The Movie is what happens when you blow up small potatoes to 10 times their natural size, and it ain't pretty.",0,0,negative,negative,-0.6073206067085266,-1.538463830947876,-1.1614863872528076
9,ZKH,"Even a hardened voyeur would require the patience of Job to get through this interminable, shapeless documentary about the swinging subculture.",0,0,negative,negative,-0.19427341222763062,-1.2787134647369385,-0.9150214195251465
9,ZKH,"Creepy, authentic and dark.",1,2,neutral,positive,-1.3008719682693481,-1.6540125608444214,0.5811761617660522
9,ZKH,A lame romantic comedy about an unsympathetic character and someone who would not likely be so stupid as to get involved with her.,0,0,negative,negative,-0.36511561274528503,-1.9076032638549805,-0.5869378447532654
9,ZKH,"Rob Schneider's infantile cross-dressing routines fill The Hot Chick, the latest gimmick from this unimaginative comedian.",0,0,negative,negative,-0.37537622451782227,-1.797027587890625,-1.129636287689209
9,ZKH,"The film is a contrivance, as artificial as the video games Japanese teens play in a nightclub sequence, but it's an enjoyable one.",1,0,neutral,negative,-0.36516568064689636,-1.9880183935165405,-0.4569564461708069
9,ZKH,"At its worst the screenplay is callow, but at its best it is a young artist's thoughtful consideration of fatherhood.",1,0,neutral,negative,-0.5297914743423462,-2.087900400161743,-0.877352774143219
9,ZKH,"Only an epic documentary could get it all down, and Spike Lee's Jim Brown: All American at long last gives its subject a movie worthy of his talents.",2,0,positive,negative,-0.30257537961006165,-1.8301512002944946,-0.4296492338180542
9,ZKH,"As quiet, patient and tenacious as Mr. Lopez himself, who approaches his difficult, endless work with remarkable serenity and discipline.",2,0,positive,negative,-0.1065196767449379,-1.8919005393981934,-0.6352946758270264
9,ZKH,"Instead of hiding Pinocchio from critics, Miramax should have hidden it from everyone.",0,0,negative,negative,-0.44230470061302185,-1.5307860374450684,-1.0549118518829346
9,ZKH,What a great shame that such a talented director as Chen Kaige has chosen to make his English-language debut with a film so poorly plotted and scripted.,0,0,negative,negative,-0.3986867666244507,-1.7850544452667236,-0.6697213649749756
9,ZKH,Jeffs has created a breathtakingly assured and stylish work of spare dialogue and acute expressiveness.,2,0,positive,negative,0.06034165248274803,-1.8061846494674683,-1.1599220037460327
9,ZKH,"Just about the best straight-up, old-school horror film of the last 15 years.",2,2,positive,positive,-0.7919710874557495,-1.801390528678894,0.08447420597076416
9,ZKH,"Gosling creates a staggeringly compelling character, a young man whose sharp intellect is at the very root of his contradictory, self-hating, self-destructive ways.",2,0,positive,negative,-0.5525925159454346,-1.585437536239624,-0.6268534660339355
9,ZKH,"I thought the relationships were wonderful, the comedy was funny, and the love `real'.",2,0,positive,negative,-0.4412335455417633,-1.723031759262085,-1.0824000835418701
9,ZKH,Better at putting you to sleep than a sound machine.,0,0,negative,negative,-0.13040691614151,-1.7301737070083618,-0.8061327934265137
9,ZKH,Feels less like a cousin to Blade Runner than like a bottom-feeder sequel in the Escape From New York series.,0,0,negative,negative,-0.5979223847389221,-2.0092337131500244,-0.8386818766593933
9,ZKH,"Elegantly produced and expressively performed, the six musical numbers crystallize key plot moments into minutely detailed wonders of dreamlike ecstasy.",2,0,positive,negative,-0.13821540772914886,-1.5012140274047852,-0.52951580286026
9,ZKH,"Ultimate X is a ride, basically the kind of greatest-hits reel that might come with a subscription to ESPN the Magazine.",1,0,neutral,negative,-0.33479779958724976,-1.7040371894836426,-0.7205888628959656
9,ZKH,"Celebrated at Sundance, this slight comedy of manners has winning performances and a glossy, glib charm that's hard to beat.",2,0,positive,negative,-0.19638383388519287,-1.316848635673523,-0.974216878414154
9,ZKH,"Apparently, romantic comedy with a fresh point of view just doesn't figure in the present Hollywood program.",0,0,negative,negative,0.18614518642425537,-1.4321863651275635,-0.9395461678504944
9,ZKH,That Haynes can both maintain and dismantle the facades that his genre and his character construct is a wonderous accomplishment of veracity and narrative grace.,2,0,positive,negative,-0.46389684081077576,-1.6705750226974487,-0.9719045758247375
9,ZKH,"Some elements of it really blow the big one, but other parts are decent.",1,0,neutral,negative,-0.6023276448249817,-1.1047183275222778,-0.9616012573242188
9,ZKH,"No French people were harmed during the making of this movie, but they were insulted and the audience was put through torture for an hour and a half.",0,0,negative,negative,-0.18916477262973785,-1.9442495107650757,-0.36549848318099976
9,ZKH,"I was feeling this movie until it veered off too far into the Exxon zone, and left me behind at the station looking for a return ticket to realism.",0,0,negative,negative,-0.19564169645309448,-1.4154307842254639,-1.0541305541992188
9,ZKH,The simplicity of The Way Home has few equals this side of Aesop.,1,0,neutral,negative,-0.2673605680465698,-1.6216480731964111,-1.2497327327728271
9,ZKH,Exceptionally well acted by Diane Lane and Richard Gere.,2,0,positive,negative,0.013066375628113747,-1.6656856536865234,-1.299143671989441
9,ZKH,"Dong shows how intolerance has the power to deform families, then tear them apart.",1,0,neutral,negative,0.09953829646110535,-1.502231478691101,-1.104451060295105
9,ZKH,"A stupid, derivative horror film that substitutes extreme gore for suspense.",0,0,negative,negative,-0.7222346663475037,-1.612769603729248,-1.060624361038208
9,ZKH,It's a great American adventure and a wonderful film to bring to IMAX.,2,0,positive,negative,0.25765466690063477,-1.7289347648620605,-1.2083134651184082
9,ZKH,It's 51 times better than this.,1,2,neutral,positive,-1.8070284128189087,-2.286900758743286,0.46858829259872437
9,ZKH,"It's like an old Warner Bros. costumer jived with sex -- this could be the movie Errol Flynn always wanted to make, though Bette Davis, cast as Joan, would have killed him.",1,0,neutral,negative,0.19806407392024994,-1.4034581184387207,-1.5027705430984497
9,ZKH,"A miraculous movie, I'm Going Home is so slight, yet overflows with wisdom and emotion.",2,0,positive,negative,0.15972653031349182,-1.6485521793365479,-1.1565041542053223
9,ZKH,"A fiercely clever and subtle film, capturing the precarious balance between the extravagant confidence of the exiled aristocracy and the cruel earnestness of the victorious revolutionaries.",2,2,positive,positive,-0.4485566318035126,-1.9127165079116821,0.13241630792617798
9,ZKH,"It's as if you're watching a movie that was made in 1978 but not released then because it was so weak, and it has been unearthed and released now, when it has become even weaker.",0,0,negative,negative,-0.42770230770111084,-1.7646843194961548,-0.6874210238456726
9,ZKH,Anemic chronicle of money grubbing New Yorkers and their serial loveless hook ups.,1,0,neutral,negative,0.05022416636347771,-1.6356844902038574,-0.8816765546798706
9,ZKH,"Thanks to a small star with big heart, this family film sequel is plenty of fun for all.",2,0,positive,negative,-0.3244927227497101,-1.8176863193511963,-0.9534894824028015
9,ZKH,And I've decided to leave a light on every night from now on.,1,0,neutral,negative,0.49062252044677734,-1.4355074167251587,-1.324540615081787
9,ZKH,Festers in just such a dungpile that you'd swear you were watching monkeys flinging their feces at you.,0,0,negative,negative,-0.12713101506233215,-1.4983669519424438,-1.0926167964935303
9,ZKH,under-rehearsed and lifeless,0,2,negative,positive,-0.1721896231174469,-1.6876485347747803,0.6048197150230408
9,ZKH,Exactly what you'd expect from a guy named Kaos.,1,2,neutral,positive,-0.6696048378944397,-2.1487066745758057,-0.23667508363723755
9,ZKH,"If legendary shlockmeister Ed Wood had ever made a movie about a vampire, it probably would look a lot like this alarming production, adapted from Anne Rice's novel The Vampire Chronicles.",1,0,neutral,negative,-0.04937255010008812,-1.5546683073043823,-1.0045230388641357
9,ZKH,"For those for whom the name Woody Allen was once a guarantee of something fresh, sometimes funny, and usually genuinely worthwhile, Hollywood Ending is a depressing experience.",0,0,negative,negative,-0.0026659017894417048,-1.8391445875167847,-1.0274465084075928
9,ZKH,Bella is the picture of health with boundless energy until a few days before she dies.,1,0,neutral,negative,-0.018409164622426033,-1.9725044965744019,-1.229038953781128
9,ZKH,"The fun of the movie is the chance it affords to watch Jackson, who also served as executive producer, take his smooth, shrewd, powerful act abroad.",2,0,positive,negative,-0.4651326537132263,-1.6662373542785645,-0.785678505897522
9,ZKH,What should have been a cutting Hollywood satire is instead about as fresh as last week's issue of Variety.,0,0,negative,negative,-0.0652761310338974,-1.613399863243103,-0.9721247553825378
9,ZKH,"Cox offers plenty of glimpses at existing photos, but there are no movies of Nijinsky, so instead the director treats us to an aimless hodgepodge.",0,0,negative,negative,-0.23223918676376343,-1.3499428033828735,-0.8545159101486206
9,ZKH,Aaliyah rarely dampens her diva persona enough to spark genuine chemistry with Townsend.,1,0,neutral,negative,0.16707944869995117,-1.6589198112487793,-1.7144498825073242
9,ZKH,Mr. Soderbergh's direction and visual style struck me as unusually and unimpressively fussy and pretentious.,0,0,negative,negative,-0.0901913270354271,-1.450508952140808,-1.0223952531814575
9,ZKH,Mazel tov to a film about a family's joyous life acting on the Yiddish stage.,2,0,positive,negative,0.21694499254226685,-2.0438168048858643,-1.0368534326553345
9,ZKH,... would be a total loss if not for two supporting performances taking place at the movie's edges.,1,0,neutral,negative,-0.10570510476827621,-1.6547091007232666,-0.7064042687416077
9,ZKH,An inspiring and heart-affecting film about the desperate attempts of Vietnamese refugees living in U.S. relocation camps to keep their hopes alive in 1975.,2,0,positive,negative,-0.10812430083751678,-1.7088261842727661,-0.9395241737365723
9,ZKH,"Loud, chaotic and largely unfunny.",0,1,negative,neutral,-1.042214035987854,-0.49156099557876587,-1.5602152347564697
9,ZKH,The immersive powers of the giant screen and its hyper-realistic images are put to perfect use in the breathtakingly beautiful outer-space documentary Space Station 3D.,2,2,positive,positive,-0.6459330916404724,-1.4051014184951782,-0.618828296661377
9,ZKH,It's everything you don't go to the movies for.,0,0,negative,negative,-0.2897498607635498,-1.9419368505477905,-1.4316880702972412
9,ZKH,"Harris is supposed to be the star of the story, but comes across as pretty dull and wooden.",1,0,neutral,negative,-0.9113695621490479,-1.9270111322402954,-1.0926809310913086
9,ZKH,Allen's funniest and most likeable movie in years.,2,0,positive,negative,-0.46380120515823364,-1.6864069700241089,-1.425250768661499
9,ZKH,"For those who pride themselves on sophisticated, discerning taste, this might not seem like the proper cup of tea, however it is almost guaranteed that even the stuffiest cinema goers will laugh their 1*** off for an hour-and-a-half.",2,0,positive,negative,-0.6773344874382019,-1.7081612348556519,-0.8302695751190186
9,ZKH,"There is a refreshing absence of cynicism in Stuart Little 2 -- quite a rarity, even in the family film market.",2,0,positive,negative,-0.5299216508865356,-1.4900798797607422,-1.5003037452697754
9,ZKH,There are plot holes big enough for Shamu the killer whale to swim through.,0,0,negative,negative,-0.2050585299730301,-1.4882956743240356,-0.9825669527053833
9,ZKH,... always remains movingly genuine.,2,2,positive,positive,-0.8514671325683594,-2.2895729541778564,0.3772426247596741
9,ZKH,"Stitch is a bad mannered, ugly and destructive little ****.",0,2,negative,positive,-0.5166223645210266,-1.8127872943878174,-0.4956492781639099
9,ZKH,The cast is top-notch and I predict there will be plenty of female audience members drooling over Michael Idemoto as Michael.,2,0,positive,negative,-0.3482525944709778,-1.8897980451583862,-0.9752227067947388
9,ZKH,Kirshner and Monroe seem to be in a contest to see who can out-bad-act the other.,0,0,negative,negative,-0.019646262750029564,-1.4689973592758179,-1.4768239259719849
9,ZKH,This is one of those war movies that focuses on human interaction rather than battle and action sequences... and it's all the stronger because of it.,2,2,positive,positive,-0.6974642276763916,-1.7104747295379639,-0.5207061767578125
9,ZKH,"Like life on the island, the movie grows boring despite the scenery.",0,0,negative,negative,-0.40558966994285583,-1.3506619930267334,-1.0749337673187256
9,ZKH,It's anchored by splendid performances from an honored screen veteran and a sparkling newcomer who instantly transform themselves into a believable mother/daughter pair.,2,0,positive,negative,-0.33450135588645935,-1.5745850801467896,-1.0121897459030151
9,ZKH,An atonal estrogen opera that demonizes feminism while gifting the most sympathetic male of the piece with a nice vomit bath at his wedding.,0,0,negative,negative,-0.28341829776763916,-1.6682183742523193,-0.8621833324432373
9,ZKH,"Even by the intentionally low standards of frat-boy humor, Sorority Boys is a bowser.",0,0,negative,negative,-0.011206479743123055,-1.3790326118469238,-1.2721155881881714
9,ZKH,"Director of photography Benoit Delhomme shot the movie in delicious colors, and the costumes and sets are grand.",2,0,positive,negative,0.07655205577611923,-1.6250296831130981,-1.0431694984436035
9,ZKH,The only entertainment you'll derive from this choppy and sloppy affair will be from unintentional giggles -- several of them.,0,0,negative,negative,-0.26396626234054565,-1.6640783548355103,-1.2586874961853027
9,ZKH,The film serves as a valuable time capsule to remind us of the devastating horror suffered by an entire people.,1,0,neutral,negative,0.1356719434261322,-1.4003310203552246,-1.552683711051941
9,ZKH,"A bittersweet contemporary comedy about benevolent deception, which, while it may not rival the filmmaker's period pieces, is still very much worth seeing.",2,0,positive,negative,-0.2591690719127655,-1.4440760612487793,-1.0495564937591553
9,ZKH,Attal pushes too hard to make this a comedy or serious drama.,0,0,negative,negative,-0.3969841003417969,-1.4573884010314941,-1.0622313022613525
9,ZKH,Isabelle Huppert excels as the enigmatic Mika and Anna Mouglalis is a stunning new young talent in one of Chabrol's most intense psychological mysteries.,2,0,positive,negative,0.13143324851989746,-1.2891426086425781,-0.9778143763542175
9,ZKH,A small movie with a big impact.,2,2,positive,positive,-1.1338448524475098,-1.3976038694381714,-0.39548009634017944
9,ZKH,This bold and lyrical first feature from Raja Amari expands the pat notion that middle-aged women just wanna have fun into a rousing treatise of sensual empowerment.,2,0,positive,negative,-0.1880573034286499,-1.6912850141525269,-1.2802228927612305
9,ZKH,Photographed with melancholy richness and eloquently performed yet also decidedly uncinematic.,1,0,neutral,negative,0.03358084335923195,-1.5490299463272095,-1.2224149703979492
9,ZKH,"Hey Arnold! is now stretched to barely feature length, with a little more attention paid to the animation.",1,0,neutral,negative,-0.03720271214842796,-1.549027442932129,-1.8241496086120605
9,ZKH,"After that, it just gets stupid and maudlin.",0,0,negative,negative,-0.29188212752342224,-0.9708993434906006,-0.8680731654167175
9,ZKH,"The stunning, dreamlike visuals will impress even those viewers who have little patience for Euro-film pretension.",2,0,positive,negative,-0.3335633873939514,-1.5471210479736328,-1.1695796251296997
9,ZKH,"Plods along, minus the twisted humor and eye-popping visuals that have made Miike... a cult hero.",1,0,neutral,negative,0.02826034091413021,-1.8673772811889648,-0.9593056440353394
9,ZKH,"Impresses as a skillfully assembled, highly polished and professional adaptation... just about as chilling and unsettling as `Manhunter' was.",2,0,positive,negative,0.23426035046577454,-1.607895851135254,-1.4218592643737793
9,ZKH,"For the most part, it's a work of incendiary genius, steering clear of knee-jerk reactions and quick solutions.",2,0,positive,negative,-0.021651456132531166,-1.2978650331497192,-1.1116290092468262
9,ZKH,"It's badly acted, blandly directed, and could have been scripted by someone who just graduated from elementary school.",0,0,negative,negative,0.0008104423177428544,-1.4236853122711182,-1.0673967599868774
9,ZKH,"The sort of picture in which, whenever one of the characters has some serious soul searching to do, they go to a picture-perfect beach during sunset.",1,0,neutral,negative,-0.3222757875919342,-1.5253311395645142,-0.6959937810897827
9,ZKH,"Despite its raucous intent, XXX is as conventional as a Nike ad and as rebellious as spring break.",1,0,neutral,negative,0.27141034603118896,-1.2672083377838135,-1.5753589868545532
9,ZKH,... a roller-coaster ride of a movie,2,2,positive,positive,-1.1648585796356201,-1.708021640777588,0.6491301655769348
9,ZKH,"A colorful, vibrant introduction to a universal human impulse, lushly photographed and beautifully recorded.",2,0,positive,negative,0.11011563241481781,-1.2572441101074219,-1.509822964668274
9,ZKH,Audiard successfully maintains suspense on different levels throughout a film that is both gripping and compelling.,2,0,positive,negative,0.02025236003100872,-1.7504616975784302,-1.0760587453842163
9,ZKH,After that it becomes long and tedious like a classroom play in a college history course.,0,0,negative,negative,0.12349309027194977,-1.4866557121276855,-1.3964524269104004
9,ZKH,"This is cool, slick stuff, ready to quench the thirst of an audience that misses the summer blockbusters.",2,0,positive,negative,-0.0602714978158474,-1.1546024084091187,-0.9939030408859253
9,ZKH,"Blade II has a brilliant director and charismatic star, but it suffers from rampant vampire devaluation.",1,0,neutral,negative,0.6881529092788696,-0.866111159324646,-1.2561970949172974
9,ZKH,"A loud, ugly, irritating movie without any of its satirical salvos hitting a discernible target.",0,0,negative,negative,0.4087721109390259,-1.5076746940612793,-1.2210882902145386
9,ZKH,"For VeggieTales fans, this is more appetizing than a side dish of asparagus.",2,0,positive,negative,0.08950529992580414,-1.089881181716919,-0.6525179743766785
9,ZKH,"While it regards 1967 as the key turning point of the 20th century, and returns again and again to images of dissidents in the streets, it's alarmingly current.",1,0,neutral,negative,-0.040254976600408554,-1.3041781187057495,-0.7133731245994568
9,ZKH,A truly wonderful tale combined with stunning animation.,2,0,positive,negative,-0.456886887550354,-1.4081761837005615,-1.6722561120986938
9,ZKH,"Nothing sticks, really, except a lingering creepiness one feels from being dragged through a sad, sordid universe of guns, drugs, avarice and damaged dreams.",0,0,negative,negative,-0.3908247947692871,-1.0398762226104736,-1.0052807331085205
9,ZKH,``Simone'' is a fun and funky look into an artificial creation in a world that thrives on artificiality.,2,0,positive,negative,-0.28819581866264343,-1.575044870376587,-1.489030122756958
9,ZKH,"It's a hoot watching The Rock chomp on jumbo ants, pull an arrow out of his back, and leap unscathed through raging fire!",2,0,positive,negative,0.1163814514875412,-1.4575567245483398,-0.7631158232688904
9,ZKH,"While Tattoo borrows heavily from both Seven and The Silence of the Lambs, it manages to maintain both a level of sophisticated intrigue and human-scale characters that suck the audience in.",2,0,positive,negative,-0.1597883403301239,-1.129386305809021,-1.4100054502487183
9,ZKH,A portrait of an artist.,1,1,neutral,neutral,-3.3873374462127686,0.7807241082191467,-0.1807798147201538
9,ZKH,"As written by Michael Berg and Michael J. Wilson from a story by Wilson, this relentless, all-wise-guys-all-the-time approach tries way too hard and gets tiring in no time at all.",0,2,negative,positive,-0.6585740447044373,-1.8339060544967651,-0.15249058604240417
9,ZKH,"It's the best film of the year so far, the benchmark against which all other Best Picture contenders should be measured.",2,2,positive,positive,-0.7071197628974915,-2.02844500541687,-0.4615580439567566
9,ZKH,This is one of the biggest disappointments of the year.,0,2,negative,positive,-1.693689227104187,-2.6539652347564697,0.885127067565918
9,ZKH,It never fails to engage us.,2,0,positive,negative,-0.21145209670066833,-1.4930473566055298,-0.7958974838256836
9,ZKH,"Denis forges out of the theories of class - based rage and sisterly obsession a razor-sided tuning fork that rings with cultural, sexual and social discord.",1,0,neutral,negative,-0.5350139737129211,-1.7519190311431885,-0.8984799981117249
9,ZKH,The movie slides downhill as soon as macho action conventions assert themselves.,0,0,negative,negative,-0.25079795718193054,-1.9326199293136597,-0.670038104057312
9,ZKH,"More romantic, more emotional and ultimately more satisfying than the teary-eyed original.",2,0,positive,negative,-0.05398697778582573,-1.2120062112808228,-1.661177635192871
9,ZKH,"Like the best of Godard's movies... it is visually ravishing, penetrating, impenetrable.",2,0,positive,negative,0.29981231689453125,-1.6027979850769043,-1.7765216827392578
9,ZKH,The cumulative effect of the movie is repulsive and depressing.,0,0,negative,negative,-0.7816419005393982,-1.1111435890197754,-1.5594691038131714
9,ZKH,"Feels like nothing quite so much as a middle-aged moviemaker's attempt to surround himself with beautiful, half-naked women.",1,0,neutral,negative,-0.3234347105026245,-1.7628711462020874,-0.9218766689300537
9,ZKH,"A very long movie, dull in stretches, with entirely too much focus on meal preparation and igloo construction.",0,0,negative,negative,-0.20424696803092957,-1.5554274320602417,-0.9500449895858765
9,ZKH,"In XXX, Diesel is that rare creature -- an action hero with table manners, and one who proves that elegance is more than tattoo deep.",2,0,positive,negative,-0.3652598261833191,-1.7022370100021362,-0.8472400903701782
9,ZKH,I'm not sure which will take longer to heal: the welt on Johnny Knoxville's stomach from a riot-control projectile or my own tortured psyche.,0,0,negative,negative,-0.24624598026275635,-1.4931339025497437,-0.6586043238639832
9,ZKH,"While Serving Sara does have a long way to go before it reaches the level of crudity in the latest Austin Powers extravaganza, there's nothing here to match that movie's intermittent moments of inspiration.",1,0,neutral,negative,-0.35614338517189026,-1.540810465812683,-0.9255595207214355
9,ZKH,"It's difficult to conceive of anyone who has reached puberty actually finding the characters in Slackers or their antics amusing, let alone funny.",0,0,negative,negative,0.05610482394695282,-1.381259560585022,-1.003190279006958
9,ZKH,"It never is, not fully.",1,2,neutral,positive,-1.2634069919586182,-1.8308484554290771,0.1943012773990631
9,ZKH,"Not only is Undercover Brother as funny, if not more so, than both Austin Powers films, but it's also one of the smarter, savvier spoofs to come along in some time.",2,0,positive,negative,-0.5326459407806396,-1.883469820022583,-0.5908395051956177
9,ZKH,It should be mentioned that the set design and interiors of the haunted vessel are more than effectively creepy and moodily lit.,2,0,positive,negative,-0.19707545638084412,-1.0361766815185547,-0.9081530570983887
9,ZKH,"With the exception of some fleetingly amusing improvisations by Cedric the Entertainer as Perry's boss, there isn't a redeeming moment here.",0,0,negative,negative,-0.09747134894132614,-1.4327671527862549,-0.6166411638259888
9,ZKH,It's a funny little movie with clever dialogue and likeable characters.,2,0,positive,negative,0.17238619923591614,-1.560359001159668,-1.7665319442749023
9,ZKH,"``13 Conversations'' holds its goodwill close, but is relatively slow to come to the point.",1,0,neutral,negative,-0.21904626488685608,-1.880743384361267,-0.9108420610427856
9,ZKH,"Not the kind of film that will appeal to a mainstream American audience, but there is a certain charm about the film that makes it a suitable entry into the fest circuit.",2,0,positive,negative,-0.48339831829071045,-1.7344104051589966,-0.8385488986968994
9,ZKH,"You come away wishing, though, that the movie spent a lot less time trying to make a credible case for reports from the afterlife and a lot more time on the romantic urgency that's at the center of the story.",1,0,neutral,negative,-0.5677638053894043,-0.7423682808876038,-1.2249077558517456
9,ZKH,The movie is virtually without context -- journalistic or historical.,0,0,negative,negative,-0.12319427728652954,-1.593864917755127,-1.5089168548583984
9,ZKH,"After sitting through this sloppy, made-for-movie comedy special, it makes me wonder if Lawrence hates criticism so much that he refuses to evaluate his own work.",0,0,negative,negative,-0.13675525784492493,-1.5445317029953003,-1.7229275703430176
9,ZKH,Genuinely touching because it's realistic about all kinds of love.,2,0,positive,negative,0.2283404916524887,-1.7977559566497803,-1.3830928802490234
9,ZKH,"For all the complications, it's all surprisingly predictable.",1,0,neutral,negative,-0.8041269183158875,-1.930796504020691,-0.8751913905143738
9,ZKH,"Armed with a game supporting cast, from the pitch-perfect Forster to the always hilarious Meara and Levy, Like Mike shoots and scores, doing its namesake proud.",2,0,positive,negative,0.07913868129253387,-1.410779595375061,-1.087925672531128
9,ZKH,It will guarantee to have you leaving the theater with a smile on your face.,2,0,positive,negative,-0.022612961009144783,-1.6349619626998901,-0.7464917898178101
9,ZKH,"The misery of these people becomes just another voyeuristic spectacle, to be consumed and forgotten.",0,0,negative,negative,0.1127622202038765,-1.4577113389968872,-1.3303606510162354
9,ZKH,"A thoroughly awful movie -- dumb, narratively chaotic, visually sloppy... a weird amalgam of `The Thing' and a geriatric `Scream.'",0,0,negative,negative,-0.17615243792533875,-1.6928447484970093,-1.0276095867156982
9,ZKH,"One of those staggeringly well-produced, joylessly extravagant pictures that keep whooshing you from one visual marvel to the next, hastily, emptily.",1,0,neutral,negative,-0.2432754635810852,-1.3384695053100586,-0.8266156911849976
9,ZKH,"Measured against practically any like-themed film other than its Oscar-sweeping franchise predecessor The Silence of the Lambs, Red Dragon rates as an exceptional thriller.",2,0,positive,negative,-0.5920011401176453,-1.7645772695541382,-0.8607127070426941
9,ZKH,"The movie has no respect for laws, political correctness or common decency, but it displays something more important: respect for its flawed, crazy people.",1,0,neutral,negative,-0.30358362197875977,-1.9346184730529785,-0.6416821479797363
9,ZKH,"In a strange way, Egoyan has done too much.",1,0,neutral,negative,-0.32947829365730286,-1.408614158630371,-0.7163665294647217
9,ZKH,"After seeing the film, I can tell you that there's no other reason why anyone should bother remembering it.",0,0,negative,negative,0.20663636922836304,-1.041358470916748,-1.3245201110839844
9,ZKH,The film is darkly funny in its observation of just how much more grueling and time-consuming the illusion of work is than actual work.,2,0,positive,negative,-0.5968940258026123,-1.5355547666549683,-0.9626840353012085
9,ZKH,"In some ways, Lagaan is quintessential Bollywood.",1,2,neutral,positive,-1.1886001825332642,-1.9631731510162354,-0.42376601696014404
9,ZKH,"Pacino and Williams seem to keep upping the ante on each other, just as their characters do in the film.",2,0,positive,negative,-0.14376676082611084,-1.4428335428237915,-1.0035736560821533
9,ZKH,"It would be disingenuous to call Reno a great film, but you can say that about most of the flicks moving in and out of the multiplex.",1,0,neutral,negative,-0.16754797101020813,-1.3917160034179688,-1.2542424201965332
9,ZKH,"Some movies can get by without being funny simply by structuring the scenes as if they were jokes: a setup, delivery and payoff.",1,0,neutral,negative,-0.1174880787730217,-1.7635784149169922,-1.1445964574813843
9,ZKH,Narc can only remind us of brilliant crime dramas without becoming one itself.,1,0,neutral,negative,0.11944036185741425,-1.6022943258285522,-1.080822229385376
9,ZKH,Narc is a no-bull throwback to 1970s action films.,2,0,positive,negative,-0.9995026588439941,-1.6080446243286133,-1.3664435148239136
9,ZKH,Intriguing and downright intoxicating.,2,2,positive,positive,-0.812231719493866,-2.107909917831421,-0.20567721128463745
9,ZKH,"The wonderful combination of the sweetness and the extraordinary technical accomplishments of the first film are maintained, but its overall impact falls a little flat with a storyline that never quite delivers the original magic.",1,0,neutral,negative,-0.08539950102567673,-1.0580214262008667,-1.486860990524292
9,ZKH,Perhaps the most annoying thing about Who Is Cletis Tout? is that it's a crime movie made by someone who obviously knows nothing about crime.,0,0,negative,negative,-0.32955658435821533,-1.7549740076065063,-0.8019264340400696
9,ZKH,"In addition to scoring high for originality of plot -- putting together familiar themes of family, forgiveness and love in a new way -- Lilo & Stitch has a number of other assets to commend it to movie audiences both innocent and jaded.",2,0,positive,negative,-0.24573379755020142,-1.5668060779571533,-0.7220230102539062
9,ZKH,The quirky drama touches the heart and the funnybone thanks to the energetic and always surprising performance by Rachel Griffiths.,2,0,positive,negative,0.09050524234771729,-1.4407631158828735,-1.4760425090789795
9,ZKH,"At its worst, it implodes in a series of very bad special effects.",0,0,negative,negative,0.052450913935899734,-1.6015965938568115,-1.2145040035247803
9,ZKH,Bad and baffling from the get-go.,0,0,negative,negative,-0.5524942874908447,-1.2735369205474854,-1.0981740951538086
9,ZKH,"The movie is a blast of educational energy, as bouncy animation and catchy songs escort you through the entire 85 minutes.",2,0,positive,negative,0.008019475266337395,-1.112805962562561,-0.7562286257743835
9,ZKH,The original wasn't a good movie but this remake makes it look like a masterpiece!,0,2,negative,positive,-0.48904746770858765,-1.8508714437484741,-0.2450428605079651
9,ZKH,"To my taste, the film's comic characters come perilously close to being Amoses and Andys for a new generation.",1,0,neutral,negative,-0.3753732442855835,-1.5304324626922607,-0.8931941986083984
9,ZKH,"Although the sequel has all the outward elements of the original, the first film's lovely flakiness is gone, replaced by the forced funniness found in the dullest kiddie flicks.",0,2,negative,positive,-0.3840266168117523,-2.214284658432007,0.03664672374725342
9,ZKH,"The real charm of this trifle is the deadpan comic face of its star, Jean Reno, who resembles Sly Stallone in a hot sake half-sleep.",1,2,neutral,positive,-0.48213067650794983,-1.7570685148239136,-0.2473055124282837
9,ZKH,"... a cute and sometimes side-splittingly funny blend of Legally Blonde and Drop Dead Gorgeous, starring Piper Perabo in what could be her breakthrough role.",2,2,positive,positive,-0.4831966757774353,-1.7350578308105469,0.04498812556266785
9,ZKH,"This method almost never fails him, and it works superbly here.",2,2,positive,positive,-0.3499167561531067,-2.1774234771728516,-0.28056952357292175
9,ZKH,Few films capture so perfectly the hopes and dreams of little boys on baseball fields as well as the grown men who sit in the stands.,2,2,positive,positive,-0.7119685411453247,-2.151689052581787,-0.103354811668396
9,ZKH,"The Emperor's Club is one of those films that possesses all the good intentions in the world, but...",1,0,neutral,negative,-0.4391355514526367,-1.8071917295455933,-1.0713053941726685
9,ZKH,The most compelling performance of the year adds substantial depth to this shocking testament to anti-Semitism and neo-fascism.,2,0,positive,negative,-0.2728278636932373,-1.6799527406692505,-0.7055904865264893
9,ZKH,"LaBute can't avoid a fatal mistake in the modern era: He's changed the male academic from a lower-class Brit to an American, a choice that upsets the novel's exquisite balance and shreds the fabric of the film.",1,2,neutral,positive,-0.659247100353241,-1.7850321531295776,-0.5063481330871582
9,ZKH,A biopic about Crane's life in the classic tradition but evolves into what has become of us all in the era of video.,1,0,neutral,negative,-0.2473980188369751,-1.5991675853729248,-0.5472637414932251
9,ZKH,"A work of extraordinary journalism, but it is also a work of deft and subtle poetry.",2,0,positive,negative,0.3025016188621521,-1.4738267660140991,-0.9896053075790405
9,ZKH,... think of it as American Pie On Valium.,1,2,neutral,positive,-3.201751947402954,-2.0727221965789795,1.62906813621521
9,ZKH,Gere gives a good performance in a film that doesn't merit it.,1,0,neutral,negative,-0.5471374988555908,-1.6434483528137207,-0.6396321058273315
9,ZKH,The Pianist is Polanski's best film.,2,2,positive,positive,-1.0309927463531494,-2.6177480220794678,0.47472813725471497
9,ZKH,Maybe Thomas Wolfe was right: You can't go home again.,1,0,neutral,negative,-0.07992055267095566,-1.688713788986206,-0.8514562249183655
9,ZKH,"The director, with his fake backdrops and stately pacing, never settles on a consistent tone.",0,0,negative,negative,-0.4671037495136261,-1.859074592590332,-1.4237629175186157
9,ZKH,"Why he was given free reign over this project -- he wrote, directed, starred and produced -- is beyond me.",0,0,negative,negative,-0.4934682846069336,-2.0149192810058594,-0.822394847869873
9,ZKH,"If you enjoy being rewarded by a script that assumes you aren't very bright, then Blood Work is for you.",0,0,negative,negative,-0.3134485185146332,-1.895254373550415,-0.4497608244419098
9,ZKH,But his showboating wise-cracker stock persona sure is getting old.,1,2,neutral,positive,-0.5913278460502625,-1.8466933965682983,-0.32973960041999817
9,ZKH,The second coming of Harry Potter is a film far superior to its predecessor.,2,0,positive,negative,-0.19984246790409088,-2.00588321685791,-0.40005582571029663
9,ZKH,This stuck pig of a movie flails limply between bizarre comedy and pallid horror.,0,0,negative,negative,-0.5589486360549927,-1.7224705219268799,-0.5839792490005493
9,ZKH,"The film just might turn on many people to opera, in general, an art form at once visceral and spiritual, wonderfully vulgar and sublimely lofty -- and as emotionally grand as life.",2,0,positive,negative,-0.16321684420108795,-1.62013578414917,-0.23917201161384583
9,ZKH,"The inhospitability of the land emphasizes the spare precision of the narratives and helps to give them an atavistic power, as if they were tales that had been handed down since the beginning of time.",1,0,neutral,negative,-0.3772648870944977,-1.4264663457870483,-0.4652358293533325
9,ZKH,Even more baffling is that it's funny.,1,2,neutral,positive,-2.0161895751953125,-1.6462457180023193,1.889337182044983
9,ZKH,"Parker should be commended for taking a fresh approach to familiar material, but his determination to remain true to the original text leads him to adopt a somewhat mannered tone... that ultimately dulls the human tragedy at the story's core.",1,0,neutral,negative,-0.1987283080816269,-1.7018688917160034,-0.3048987090587616
9,ZKH,"Hard, endearing, caring, warm.",2,2,positive,positive,-2.1163713932037354,-1.9062222242355347,0.10836619138717651
9,ZKH,"I have no problem with ``difficult'' movies, or movies that ask the audience to meet them halfway and connect the dots instead of having things all spelled out.",1,0,neutral,negative,-0.7328805923461914,-1.8957922458648682,-1.2656030654907227
9,ZKH,The way Coppola professes his love for movies -- both colorful pop junk and the classics that unequivocally qualify as art -- is giddily entertaining.,2,2,positive,positive,-0.28339844942092896,-1.862532377243042,-0.27285802364349365
9,ZKH,Both the crime story and the love story are unusual.,1,0,neutral,negative,-0.6566535234451294,-1.964881420135498,-1.445497751235962
9,ZKH,It's never a good sign when a film's star spends the entirety of the film in a coma.,0,0,negative,negative,-0.28271475434303284,-1.7605724334716797,-0.7820741534233093
9,ZKH,"If there's a way to effectively teach kids about the dangers of drugs, I think it's in projects like the (unfortunately R-rated) Paid.",1,0,neutral,negative,-0.5204896926879883,-1.6372833251953125,-0.7581098079681396
9,ZKH,"If you're a WWF fan, or you related to the people who watched the robots getting butchered in A.I., you'll probably like Rollerball.",1,2,neutral,positive,-0.43477582931518555,-1.765579104423523,-0.3269408643245697
9,ZKH,Norton holds the film together.,1,2,neutral,positive,-0.4046802520751953,-2.120483875274658,0.0050369505770504475
9,ZKH,"A breathtaking adventure for all ages, Spirit tells its poignant and uplifting story in a stunning fusion of music and images.",2,0,positive,negative,-0.3046960234642029,-1.2611677646636963,-0.9392105340957642
9,ZKH,It won't bust your gut -- and it's not intended to -- it's merely a blandly cinematic surgical examination of what makes a joke a joke.,1,2,neutral,positive,-0.4373231530189514,-1.878378987312317,-0.274331271648407
9,ZKH,Largely a for-fans artifact.,1,2,neutral,positive,-1.2003062963485718,-2.044517993927002,1.0488252639770508
9,ZKH,A movie so bad that it quickly enters the pantheon of wreckage that includes Battlefield Earth and Showgirls.,0,0,negative,negative,-0.23584073781967163,-1.8037768602371216,-1.2691799402236938
9,ZKH,"If you're over 25, have an IQ over 90, and have a driver's license, you should be able to find better entertainment.",0,2,negative,positive,-0.7559716701507568,-2.03082013130188,-0.15220433473587036
9,ZKH,A solid piece of journalistic work that draws a picture of a man for whom political expedience became a deadly foreign policy.,1,0,neutral,negative,0.1296766996383667,-1.6276830434799194,-1.2290923595428467
9,ZKH,"The doofus-on-the-loose banter of Welcome to Collinwood has a cocky, after-hours loopiness to it.",1,0,neutral,negative,-0.19758854806423187,-1.9054162502288818,-0.33358967304229736
9,ZKH,It's the funniest American comedy since Graffiti Bridge.,2,2,positive,positive,-0.8993237018585205,-1.997519850730896,-0.21906590461730957
9,ZKH,Samuel Beckett applied to the Iranian voting process.,1,2,neutral,positive,-0.7235455513000488,-2.0877957344055176,-0.5385076999664307
9,ZKH,A strangely compelling and brilliantly acted psychological drama.,2,2,positive,positive,-1.99004328250885,-2.5290415287017822,0.970656156539917
9,ZKH,"Often gruelling and heartbreaking to witness, but Seldahl and Wollter's sterling performances raise this far above the level of the usual maudlin disease movie.",2,2,positive,positive,-0.18424560129642487,-2.046466827392578,-0.11972922086715698
9,ZKH,"This enthralling documentary... is at once playful and haunting, an in-depth portrait of an iconoclastic artist who was fundamentally unknowable even to his closest friends.",2,2,positive,positive,-0.6665520668029785,-1.6369330883026123,-0.43026092648506165
9,ZKH,"I didn't laugh at the ongoing efforts of Cube, and his skinny buddy Mike Epps, to make like Laurel and Hardy'n the hood.",0,2,negative,positive,-0.6939047574996948,-1.9475024938583374,-0.05700889229774475
9,ZKH,"At its best when the guarded, resentful Betty and the manipulative yet needy Margot are front and center.",1,2,neutral,positive,-0.7562990784645081,-1.9088588953018188,-0.5282512307167053
9,ZKH,Ford deserves to be remembered at Oscar time for crafting this wonderful portrait of a conflicted soldier.,2,0,positive,negative,-0.27378350496292114,-1.6218316555023193,-1.0556080341339111
9,ZKH,"That is essentially what's missing from Blackboards -- the sense of something bigger, some ultimate point.",1,0,neutral,negative,-0.2119140625,-1.5897765159606934,-0.6205995082855225
9,ZKH,"It's a bizarre curiosity memorable mainly for the way it fritters away its potentially interesting subject matter via a banal script, unimpressive acting and indifferent direction.",1,0,neutral,negative,-0.4511193633079529,-1.6274056434631348,-0.9602553844451904
9,ZKH,"While obviously an extremely personal work, it remains inextricably stuck in an emotionally unavailable rut.",1,0,neutral,negative,-0.08463278412818909,-1.388692855834961,-0.8716358542442322
9,ZKH,"A dim-witted and lazy spin-off of the Animal Planet documentary series, Crocodile Hunter is entertainment opportunism at its most glaring.",0,2,negative,positive,-0.3719942569732666,-1.4902832508087158,-0.2127404808998108
9,ZKH,"The good is very, very good... The rest runs from mildly unimpressive to despairingly awful.",1,0,neutral,negative,-0.440592885017395,-1.7190463542938232,-0.8839218616485596
9,ZKH,"Methodical, measured, and gently tedious in its comedy, Secret Ballot is a purposefully reductive movie -- which may be why it's so successful at lodging itself in the brain.",2,2,positive,positive,-0.7421659231185913,-1.8906315565109253,-0.6827713251113892
9,ZKH,One of the most exciting action films to come out of China in recent years.,2,0,positive,negative,0.015125615522265434,-1.2326147556304932,-0.9280935525894165
9,ZKH,Adam Sandler's Eight Crazy Nights grows on you -- like a rash.,0,0,negative,negative,0.02832583151757717,-2.1198785305023193,-0.15977716445922852
9,ZKH,"The film feels formulaic, its plot and pacing typical Hollywood war-movie stuff, while the performances elicit more of a sense of deja vu than awe.",0,0,negative,negative,-0.4010561406612396,-1.5079424381256104,-0.6494109630584717
9,ZKH,"... pitiful, slapdash disaster.",0,2,negative,positive,-0.2461603283882141,-2.1507153511047363,0.03278067708015442
9,ZKH,"As it stands, there's some fine sex onscreen, and some tense arguing, but not a whole lot more.",1,2,neutral,positive,-0.6491436958312988,-2.598604917526245,0.5751394033432007
9,ZKH,It's neither as romantic nor as thrilling as it should be.,0,0,negative,negative,-0.6740230917930603,-1.662468433380127,-1.0327298641204834
9,ZKH,Returning director Rob Minkoff... and screenwriter Bruce Joel Rubin... have done a fine job of updating White's dry wit to a new age.,2,2,positive,positive,-0.5666007995605469,-2.2054038047790527,0.30031082034111023
9,ZKH,"The Venezuelans say things like ``si, pretty much'' and ``por favor, go home'' when talking to Americans.",1,0,neutral,negative,-0.25768181681632996,-1.3863394260406494,-0.7474210262298584
9,ZKH,"If you already like this sort of thing, this is that sort of thing all over again.",1,0,neutral,negative,-0.5698239803314209,-1.9771062135696411,-0.6789458394050598
9,ZKH,An awful movie that will only satisfy the most emotionally malleable of filmgoers.,0,2,negative,positive,-0.7767508625984192,-2.0750560760498047,0.5975176095962524
9,ZKH,"This is an extraordinary film, not least because it is Japanese and yet feels universal.",2,0,positive,negative,-0.4101863205432892,-1.8766855001449585,-0.5678843259811401
9,ZKH,"Aptly named, this shimmering, beautifully costumed and filmed production doesn't work for me.",1,2,neutral,positive,-0.9425171613693237,-1.9478050470352173,-0.83981853723526
9,ZKH,"If Borstal Boy isn't especially realistic, it is an engaging nostalgia piece.",1,0,neutral,negative,-0.10370880365371704,-1.649794101715088,-0.5518414974212646
9,ZKH,Griffiths proves she's that rare luminary who continually raises the standard of her profession.,2,0,positive,negative,-0.7010497450828552,-1.455912470817566,-0.8783011436462402
9,ZKH,"The asylum material is gripping, as are the scenes of Jia with his family.",2,2,positive,positive,-0.5277537107467651,-1.9668573141098022,0.11986744403839111
9,ZKH,"... by the time it's done with us, Mira Nair's new movie has its audience giddy with the delight of discovery, of having been immersed in a foreign culture only to find that human nature is pretty much the same all over.",2,0,positive,negative,-0.21133440732955933,-0.8767902851104736,-0.8235479593276978
9,ZKH,... about as exciting to watch as two last-place basketball teams playing one another on the final day of the season.,0,2,negative,positive,-0.49768173694610596,-1.4878382682800293,-0.35530516505241394
9,ZKH,Girls gone wild and gone civil again,1,2,neutral,positive,-0.7351642847061157,-2.364643096923828,0.3516254425048828
9,ZKH,To say Analyze That is De Niro's best film since Meet the Parents sums up the sad state of his recent career.,1,0,neutral,negative,-0.5174362659454346,-1.5328680276870728,-0.6093065142631531
9,ZKH,"Like being trapped inside a huge video game, where exciting, inane images keep popping past your head and the same illogical things keep happening over and over again.",1,2,neutral,positive,-0.4972626268863678,-1.65411376953125,0.01500618550926447
9,ZKH,`Enigma' is the kind of engaging historical drama that Hollywood appears to have given up on in favor of sentimental war movies in the vein of `We Were Soldiers.',1,0,neutral,negative,-0.43907982110977173,-1.389399528503418,-0.496812641620636
9,ZKH,The Rock has a great presence but one battle after another is not the same as one battle followed by killer CGI effects.,1,0,neutral,negative,-0.398917555809021,-1.7990747690200806,-0.42053186893463135
9,ZKH,Visually sumptuous but intellectually stultifying.,1,2,neutral,positive,-0.8254705667495728,-1.887108564376831,-0.18302372097969055
9,ZKH,"So young, so smart, such talent, such a wise ***.",2,0,positive,negative,-0.31323322653770447,-1.8302229642868042,-1.210949182510376
9,ZKH,"The problem is that for the most part, the film is deadly dull.",0,2,negative,positive,0.021608328446745872,-2.608351707458496,0.9246091842651367
9,ZKH,A thinly veiled look at different aspects of Chinese life clashing with each other.,1,2,neutral,positive,-1.0912113189697266,-1.5154742002487183,-0.04442250728607178
9,ZKH,An exhilarating experience.,2,2,positive,positive,-0.55484539270401,-2.3430657386779785,-0.3514852225780487
9,ZKH,Its vision of that awkward age when sex threatens to overwhelm everything else is acute enough to make everyone who has been there squirm with recognition.,1,2,neutral,positive,-0.3494894802570343,-1.677946925163269,-0.24594515562057495
9,ZKH,Remarkably accessible and affecting.,2,2,positive,positive,-1.1614151000976562,-1.1799049377441406,0.35106131434440613
9,ZKH,"The climactic events are so well realized that you may forget all about the original conflict, just like the movie does.",1,0,neutral,negative,-0.32098710536956787,-1.9154154062271118,-0.5962522625923157
9,ZKH,Distinctly sub-par... more likely to drown a viewer in boredom than to send any shivers down his spine.,0,0,negative,negative,-0.4591299295425415,-1.5161875486373901,-1.4833835363388062
9,ZKH,Godard's ode to tackling life's wonderment is a rambling and incoherent manifesto about the vagueness of topical excess... In Praise of Love remains a ponderous and pretentious endeavor that's unfocused and tediously exasperating.,0,2,negative,positive,-0.5125294327735901,-1.7983195781707764,-0.3468768894672394
9,ZKH,"We never truly come to care about the main characters and whether or not they'll wind up together, and Michele's spiritual quest is neither amusing nor dramatic enough to sustain interest.",0,0,negative,negative,-0.2584681510925293,-1.6338629722595215,-0.7962930202484131
9,ZKH,"Most haunting about ``Fence'' is its conclusion, when we hear the ultimate fate of these girls and realize, much to our dismay, that this really did happen.",2,2,positive,positive,-0.3187142014503479,-1.7764592170715332,0.009834528900682926
9,ZKH,"Bogdanovich taps deep into the Hearst mystique, entertainingly reenacting a historic scandal.",2,0,positive,negative,-0.4494588375091553,-2.0067501068115234,-0.6607140302658081
9,ZKH,"Peralta's mythmaking could have used some informed, adult hindsight.",1,2,neutral,positive,-0.5701847672462463,-2.1963796615600586,-0.365499883890152
9,ZKH,"``My god, I'm behaving like an idiot!''",1,2,neutral,positive,-0.40496551990509033,-2.176736354827881,1.0764193534851074
9,ZKH,"Devos and Cassel have tremendous chemistry -- their sexual and romantic tension, while never really vocalized, is palpable.",2,0,positive,negative,-0.3782676160335541,-2.0776000022888184,-0.5539906620979309
9,ZKH,"As a girl-meets-girl romantic comedy, Kissing Jessica Steinis quirky, charming and often hilarious.",2,0,positive,negative,-0.13362708687782288,-2.016127824783325,-0.37913861870765686
9,ZKH,Gollum's `performance' is incredible!,2,2,positive,positive,-0.5899834632873535,-2.7628049850463867,1.6511564254760742
9,ZKH,"... a haunting vision, with images that seem more like disturbing hallucinations.",0,2,negative,positive,-0.982696533203125,-1.764162540435791,0.8283640146255493
9,ZKH,"As a remake, it's a pale imitation.",0,2,negative,positive,-0.4465372860431671,-2.746117115020752,0.8068794012069702
9,ZKH,Adults will certainly want to spend their time in the theater thinking up grocery lists and ways to tell their kids how not to act like Pinocchio.,1,2,neutral,positive,-0.5461405515670776,-1.866923213005066,-0.3117276728153229
9,ZKH,"Not as distinctive or even as humorous as its needs to be to stand out, but it has clearly been made with affection and care.",1,0,neutral,negative,-0.14252910017967224,-1.9083669185638428,-0.1670204997062683
9,ZKH,A generic family comedy unlikely to be appreciated by anyone outside the under-10 set.,0,0,negative,negative,0.2707890272140503,-1.0766785144805908,-1.278649926185608
9,ZKH,"An amalgam of The Fugitive, Blade Runner, and Total Recall, only without much energy or tension.",1,0,neutral,negative,-0.4988631010055542,-1.9731773138046265,-0.7291548252105713
9,ZKH,"Everything its title implies, a standard-issue crime drama spat out from the Tinseltown assembly line.",1,0,neutral,negative,-0.08030081540346146,-1.767155408859253,-0.6837207674980164
9,ZKH,"This odd, poetic road movie, spiked by jolts of pop music, pretty much takes place in Morton's ever-watchful gaze -- and it's a tribute to the actress, and to her inventive director, that the journey is such a mesmerizing one.",2,0,positive,negative,-0.38843315839767456,-1.2889643907546997,-0.8225578665733337
9,ZKH,"Co-writer/director Jonathan Parker's attempts to fashion a Brazil-like, hyper-real satire fall dreadfully short.",0,0,negative,negative,-0.297900915145874,-1.8861899375915527,-0.5124118328094482
9,ZKH,"An amateurish, quasi-improvised acting exercise shot on ugly digital video.",0,0,negative,negative,0.12919922173023224,-1.5151885747909546,-1.2189691066741943
9,ZKH,"``The Kid Stays in the Picture'' is a great story, terrifically told by the man who wrote it but this Cliff Notes edition is a cheat.",1,0,neutral,negative,-0.19522440433502197,-1.550073504447937,-0.715406596660614
9,ZKH,"A gratingly unfunny groaner littered with zero-dimensional, unlikable characters and hackneyed, threadbare comic setups.",0,0,negative,negative,-0.5440725684165955,-1.8265414237976074,-0.7751750349998474
9,ZKH,"While this gentle and affecting melodrama will have luvvies in raptures, it's far too slight and introspective to appeal to anything wider than a niche audience.",1,0,neutral,negative,-0.005795160308480263,-1.4036318063735962,-0.8737909197807312
9,ZKH,Griffin & Co. manage to be spectacularly outrageous.,2,2,positive,positive,-0.8922791481018066,-1.4317656755447388,-0.4905396103858948
9,ZKH,"A profoundly stupid affair, populating its hackneyed and meanspirited storyline with cardboard characters and performers who value cash above credibility.",0,0,negative,negative,-0.19003140926361084,-1.574812889099121,-0.8190279603004456
9,ZKH,"Warm Water Under a Red Bridge is a quirky and poignant Japanese film that explores the fascinating connections between women, water, nature, and sexuality.",2,2,positive,positive,-0.726401150226593,-2.0851032733917236,0.008825034834444523
9,ZKH,It isn't that Stealing Harvard is a horrible movie -- if only it were that grand a failure!,0,0,negative,negative,-0.305433452129364,-1.8198988437652588,-0.4555532932281494
9,ZKH,It just doesn't have much else... especially in a moral sense.,1,2,neutral,positive,-0.3802589178085327,-1.582808256149292,0.5010846853256226
9,ZKH,Those unfamiliar with Mormon traditions may find The Singles Ward occasionally bewildering.,1,1,neutral,neutral,-0.7858055830001831,0.12891866266727448,-0.5215365886688232
9,ZKH,"Viewed as a comedy, a romance, a fairy tale, or a drama, there's nothing remotely triumphant about this motion picture.",1,0,neutral,negative,-0.2637143135070801,-1.8299599885940552,-0.5976879596710205
9,ZKH,"But the talented cast alone will keep you watching, as will the fight scenes.",2,0,positive,negative,-0.26503822207450867,-1.0897064208984375,-1.090162754058838
9,ZKH,It's solid and affecting and exactly as thought-provoking as it should be.,2,2,positive,positive,-0.7419248223304749,-1.8026838302612305,-0.18584132194519043
9,ZKH,"Thanks largely to Williams, all the interesting developments are processed in 60 minutes -- the rest is just an overexposed waste of film.",0,0,negative,negative,-0.19837048649787903,-1.6171432733535767,-0.438854455947876
9,ZKH,"Cantet perfectly captures the hotel lobbies, two-lane highways, and roadside cafes that permeate Vincent's days",2,0,positive,negative,-0.3492228090763092,-1.455847978591919,-0.7122795581817627
9,ZKH,"An important movie, a reminder of the power of film to move us and to make us examine our values.",2,0,positive,negative,-0.2767002582550049,-1.3117241859436035,-0.5253574848175049
9,ZKH,"Too much of this well-acted but dangerously slow thriller feels like a preamble to a bigger, more complicated story, one that never materializes.",0,0,negative,negative,-0.19314490258693695,-1.7670495510101318,-0.7498960494995117
9,ZKH,A richly imagined and admirably mature work from a gifted director who definitely has something on his mind.,2,0,positive,negative,-0.17365914583206177,-1.2077192068099976,-0.8696693778038025
9,ZKH,"The art direction is often exquisite, and the anthropomorphic animal characters are beautifully realized through clever makeup design, leaving one to hope that the eventual DVD release will offer subtitles and the original Italian-language soundtrack.",2,0,positive,negative,-0.4900159537792206,-1.4836515188217163,-0.573864221572876
9,ZKH,"... Jones, despite a definitely distinctive screen presence, just isn't able to muster for a movie that, its title notwithstanding, should have been a lot nastier if it wanted to fully capitalize on its lead's specific gifts.",1,0,neutral,negative,-0.4133276641368866,-0.8105167150497437,-0.9104943871498108
9,ZKH,But what's nice is that there's a casual intelligence that permeates the script.,2,2,positive,positive,-0.6749464273452759,-1.7934863567352295,-0.13152849674224854
9,ZKH,Wedding feels a bit anachronistic.,0,2,negative,positive,-0.974960446357727,-2.0473477840423584,0.6861740350723267
9,ZKH,"An action/thriller of the finest kind, evoking memories of Day of the Jackal, The French Connection, and Heat.",2,0,positive,negative,-0.01499229110777378,-1.6650515794754028,-0.9323567748069763
9,ZKH,"This picture is murder by numbers, and as easy to be bored by as your ABC's, despite a few whopping shootouts.",0,0,negative,negative,-0.17274519801139832,-2.048312187194824,-0.25659099221229553
9,ZKH,"Every individual will see the movie through the prism of his or her own beliefs and prejudices, but the one thing most will take away is the sense that peace is possible.",2,0,positive,negative,-0.35762619972229004,-1.2038912773132324,-0.7112976908683777
9,ZKH,"Feels slight, as if it were an extended short, albeit one made by the smartest kids in class.",1,0,neutral,negative,-0.020781146362423897,-1.5304551124572754,-0.13085293769836426
9,ZKH,The picture doesn't know it's a comedy.,1,2,neutral,positive,-2.1357169151306152,-2.607682943344116,1.7979531288146973
9,ZKH,A classy item by a legend who may have nothing left to prove but still has the chops and drive to show how its done.,2,0,positive,negative,-0.5363362431526184,-1.8225840330123901,-0.669681191444397
9,ZKH,"Starts out mediocre, spirals downward, and thuds to the bottom of the pool with an utterly incompetent conclusion.",0,0,negative,negative,-0.2929878830909729,-1.341599941253662,-0.813675045967102
9,ZKH,The sort of movie that gives tastelessness a bad rap.,0,0,negative,negative,-0.4266493320465088,-1.7028480768203735,-0.5546897053718567
9,ZKH,Its engaging simplicity is driven by appealing leads.,2,2,positive,positive,-1.4214025735855103,-2.7365450859069824,1.2435548305511475
9,ZKH,"Fans of the TV series will be disappointed, and everyone else will be slightly bored.",1,2,neutral,positive,-1.3526555299758911,-1.1672699451446533,0.6611501574516296
9,ZKH,"It's a head-turner -- thoughtfully written, beautifully read and, finally, deeply humanizing.",2,2,positive,positive,-0.8455525040626526,-1.6215789318084717,0.15990900993347168
9,ZKH,"It's not a particularly good film, but neither is it a monsterous one.",1,2,neutral,positive,-1.5783363580703735,-0.9129780530929565,0.5609927177429199
9,ZKH,Men in Black II achieves ultimate insignificance -- it's the sci-fi comedy spectacle as Whiffle-Ball epic.,0,2,negative,positive,-0.5542789697647095,-1.4705601930618286,0.5049185752868652
9,ZKH,Martyr gets royally screwed and comes back for more.,1,0,neutral,negative,-0.3751118779182434,-1.8331968784332275,-0.968647837638855
10,ZKW,Presents a good case while failing to provide a reason for us to care beyond the very basic dictums of human decency.,1,2,neutral,positive,0.025242971256375313,0.3780283033847809,0.5679231286048889
10,ZKW,"Beautifully crafted, engaging filmmaking that should attract upscale audiences hungry for quality and a nostalgic, twisty yarn that will keep them guessing.",2,1,positive,neutral,-0.10034263134002686,0.4523514211177826,0.3524514138698578
10,ZKW,"Bread, My Sweet has so many flaws it would be easy for critics to shred it.",0,2,negative,positive,0.5282864570617676,0.30097028613090515,0.6415788531303406
10,ZKW,"Slow, silly and unintentionally hilarious.",1,1,neutral,neutral,0.3037477731704712,0.4689982831478119,0.27106139063835144
10,ZKW,"Ultimately feels empty and unsatisfying, like swallowing a Communion wafer without the wine.",0,1,negative,neutral,0.28209102153778076,0.5721354484558105,0.1945851445198059
10,ZKW,Exudes the fizz of a Busby Berkeley musical and the visceral excitement of a sports extravaganza.,2,1,positive,neutral,0.18898937106132507,0.8270842432975769,0.26412859559059143
10,ZKW,The film rehashes several old themes and is capped with pointless extremes -- it's insanely violent and very graphic.,0,1,negative,neutral,0.5212969183921814,0.5697974562644958,0.4109724462032318
10,ZKW,"Ryan Gosling is, in a word, brilliant as the conflicted Daniel.",2,0,positive,negative,0.6770574450492859,0.5874266028404236,0.5549019575119019
10,ZKW,"If Deuces Wild had been tweaked up a notch it would have become a camp adventure, one of those movies that's so bad it starts to become good.",1,1,neutral,neutral,0.13802945613861084,0.808458149433136,0.35124722123146057
10,ZKW,The film's stagecrafts are intimate and therefore bolder than the otherwise calculated artifice that defines and overwhelms the film's production design.,1,1,neutral,neutral,-0.04681279882788658,0.7078219056129456,0.10438679903745651
10,ZKW,"Frida is certainly no disaster, but neither is it the Kahlo movie Frida fans have been looking for.",1,1,neutral,neutral,0.17180843651294708,0.6839296817779541,0.16116254031658173
10,ZKW,The film often achieves a mesmerizing poetry.,2,1,positive,neutral,-0.36577922105789185,0.6309084892272949,0.414571613073349
10,ZKW,A work of astonishing delicacy and force.,2,1,positive,neutral,0.3436954617500305,0.5372815728187561,0.4742819368839264
10,ZKW,"The movie's plot is almost entirely witless and inane, carrying every gag two or three times beyond its limit to sustain a laugh.",0,1,negative,neutral,-0.3161858320236206,0.6042118668556213,0.5749995112419128
10,ZKW,"For the most part, the ingredients are there.",1,2,neutral,positive,0.5440282821655273,0.5632880926132202,1.193528413772583
10,ZKW,"But if you've paid a matinee price and bought a big tub of popcorn, there's guilty fun to be had here.",1,1,neutral,neutral,0.1628928780555725,0.546514093875885,0.4030589461326599
10,ZKW,"There's not much to Fatale, outside of its stylish surprises... but that's OK.",1,0,neutral,negative,0.685495913028717,0.3974250257015228,0.1521579772233963
10,ZKW,"The acting is stiff, the story lacks all trace of wit, the sets look like they were borrowed from Gilligan's Island -- and the CGI Scooby might well be the worst special-effects creation of the year.",0,2,negative,positive,-0.21193654835224152,0.43162617087364197,0.44376465678215027
10,ZKW,"This version moves beyond the original's nostalgia for the communal film experiences of yesteryear to a deeper realization of cinema's inability to stand in for true, lived experience.",1,1,neutral,neutral,-0.11865242570638657,0.7345545887947083,0.36348310112953186
10,ZKW,"There's no palpable chemistry between Lopez and male lead Ralph Fiennes, plus the script by Working Girl scribe Kevin Wade is workmanlike in the extreme.",0,1,negative,neutral,-0.06694706529378891,0.6745952367782593,0.4456046521663666
10,ZKW,"A first-class, thoroughly involving B movie that effectively combines two surefire, beloved genres -- the prison flick and the fight film.",2,1,positive,neutral,0.32305577397346497,0.5723904967308044,0.4195166826248169
10,ZKW,The film is so bad it doesn't improve upon the experience of staring at a blank screen.,0,0,negative,negative,0.6050422787666321,0.4021739065647125,0.13925836980342865
10,ZKW,Weiss and Speck never make a convincing case for the relevance of these two 20th-century footnotes.,1,1,neutral,neutral,0.20102328062057495,0.7160294651985168,0.20379509031772614
10,ZKW,Another Best of the Year selection.,2,1,positive,neutral,0.357896625995636,0.7273686528205872,0.43815281987190247
10,ZKW,It's all a rather shapeless good time...,1,2,neutral,positive,-0.12389682233333588,0.3063414394855499,0.3399742543697357
10,ZKW,"Same song, second verse, coulda been better, but it coulda been worse.",1,0,neutral,negative,0.7110987305641174,0.6195711493492126,0.21094682812690735
10,ZKW,I love the robust middle of this picture.,2,1,positive,neutral,0.4175432324409485,0.6748520135879517,0.14082121849060059
10,ZKW,"That's not vintage Spielberg and that, finally, is minimally satisfying.",1,0,neutral,negative,0.714934229850769,0.4872267544269562,0.3412252366542816
10,ZKW,The soundtrack alone is worth the price of admission.,2,1,positive,neutral,0.4269102215766907,0.7004756331443787,0.38309401273727417
10,ZKW,Mostly Martha could have used a little trimming -- 10 or 15 minutes could be cut and no one would notice -- but it's a pleasurable trifle.,1,1,neutral,neutral,-0.19099313020706177,0.7091896533966064,0.2068450152873993
10,ZKW,"For the rest of us, sitting through Dahmer's two hours amounts to little more than punishment.",0,1,negative,neutral,0.35422420501708984,0.6221803426742554,0.5984863042831421
10,ZKW,"Featuring a dangerously seductive performance from the great Daniel Auteuil, ``Sade'' covers the same period as Kaufmann's ``Quills'' with more unsettlingly realistic results.",2,1,positive,neutral,0.1828361451625824,0.745470404624939,0.5500293374061584
10,ZKW,"The movie is for fans who can't stop loving anime, and the fanatical excess built into it.",1,0,neutral,negative,0.5058064460754395,0.30372336506843567,0.2085728496313095
10,ZKW,"The Ring is worth a look, if you don't demand much more than a few cheap thrills from your Halloween entertainment.",1,1,neutral,neutral,0.389265775680542,0.4672607481479645,0.45191678404808044
10,ZKW,"Beautifully observed, miraculously unsentimental comedy-drama.",2,1,positive,neutral,0.08733981847763062,0.47293922305107117,0.27037134766578674
10,ZKW,"What makes How I Killed My Father compelling, besides its terrific performances, is Fontaine's willingness to wander into the dark areas of parent-child relationships without flinching.",2,1,positive,neutral,-0.20934943854808807,0.6380683183670044,0.4237006604671478
10,ZKW,"This hastily mounted production exists only to capitalize on Hopkins' inclination to play Hannibal Lecter again, even though Harris has no immediate inclination to provide a fourth book.",0,1,negative,neutral,-0.21202197670936584,0.7449750900268555,0.3804938495159149
10,ZKW,Bullock's complete lack of focus and ability quickly derails the film.,0,1,negative,neutral,0.0356251560151577,0.7672008275985718,0.2741137742996216
10,ZKW,"... a plotline that's as lumpy as two-day old porridge... the filmmakers' paws, sad to say, were all over this ``un-bear-able'' project!",0,1,negative,neutral,0.10641659796237946,0.6528628468513489,0.37984412908554077
10,ZKW,Crush could be the worst film a man has made about women since Valley of the Dolls.,0,1,negative,neutral,0.26570379734039307,0.8109890222549438,0.2981708347797394
10,ZKW,"Reassuring, retro uplifter.",2,2,positive,positive,0.08199380338191986,0.3220057189464569,0.4420069754123688
10,ZKW,Flaccid drama and exasperatingly slow journey.,0,1,negative,neutral,-0.06717585027217865,0.7394343018531799,0.41174107789993286
10,ZKW,The Movie will reach far beyond its core demographic.,2,0,positive,negative,0.6938294172286987,-0.037174325436353683,0.6231076717376709
10,ZKW,How did it ever get made?,0,2,negative,positive,0.4328193664550781,0.5552998781204224,0.6794156432151794
10,ZKW,I like the new footage and still love the old stuff.,2,1,positive,neutral,0.24073126912117004,0.8612818121910095,0.19861994683742523
10,ZKW,"It briefly flirts with player masochism, but the point of real interest -- audience sadism -- is evaded completely.",1,1,neutral,neutral,0.06450047343969345,0.6499648094177246,0.25652602314949036
10,ZKW,Could The Country Bears really be as bad as its trailers?,0,1,negative,neutral,0.6730878353118896,0.7321068048477173,0.39716801047325134
10,ZKW,"At times, the movie looks genuinely pretty.",2,0,positive,negative,0.854458749294281,0.5430465340614319,0.20551644265651703
10,ZKW,It depends on how well flatulence gags fit into your holiday concept.,1,1,neutral,neutral,0.29143089056015015,0.36728885769844055,0.2778589427471161
10,ZKW,"The stupidest, most insulting movie of 2002's first quarter.",0,0,negative,negative,0.9157988429069519,-0.03489671275019646,0.2488989382982254
10,ZKW,The film seems a dead weight.,0,2,negative,positive,0.16554690897464752,0.41602882742881775,0.9603124260902405
10,ZKW,"Sparkling, often hilarious romantic jealousy comedy... Attal looks so much like a young Robert DeNiro that it seems the film should instead be called `My Husband Is Travis Bickle'.",2,2,positive,positive,-0.33199575543403625,0.5150843858718872,0.8654515147209167
10,ZKW,"I did go back and check out the last 10 minutes, but these were more repulsive than the first 30 or 40 minutes.",0,2,negative,positive,0.1278892606496811,0.43161413073539734,0.5439749360084534
10,ZKW,"A lousy movie that's not merely unwatchable, but also unlistenable.",0,0,negative,negative,0.6143736243247986,0.3155040144920349,0.4513750970363617
10,ZKW,One of the best films of the year with its exploration of the obstacles to happiness faced by five contemporary individuals... a psychological masterpiece.,2,2,positive,positive,-0.20177970826625824,0.34169164299964905,0.6504979133605957
10,ZKW,"A strong script, powerful direction and splendid production design allows us to be transported into the life of Wladyslaw Szpilman, who is not only a pianist, but a good human being.",2,2,positive,positive,-0.13915805518627167,0.5574617981910706,0.7752038836479187
10,ZKW,"But here's the real damn: It isn't funny, either.",0,0,negative,negative,0.5092508792877197,0.09158720821142197,0.2680227756500244
10,ZKW,"Qutting may be a flawed film, but it is nothing if not sincere.",1,0,neutral,negative,0.5328986644744873,0.22775746881961823,0.33915507793426514
10,ZKW,It's a fanboy `what if?',1,2,neutral,positive,0.2276364266872406,0.3036816120147705,0.5474750399589539
10,ZKW,... something appears to have been lost in the translation this time.,0,0,negative,negative,1.213664174079895,-0.36808887124061584,0.7060523629188538
10,ZKW,"Like a documentary version of Fight Club, shorn of social insight, intellectual pretension and cinematic interest.",1,0,neutral,negative,0.5475741624832153,0.5384299159049988,0.4843633472919464
10,ZKW,"Stephen Rea, Aidan Quinn, and Alan Bates play Desmond's legal eagles, and when joined by Brosnan, the sight of this grandiloquent quartet lolling in pretty Irish settings is a pleasant enough thing, `tis.",2,2,positive,positive,-0.37317371368408203,0.2905581295490265,0.9133651852607727
10,ZKW,"It's a powerful though flawed movie, guaranteed to put a lump in your throat while reaffirming Washington as possibly the best actor working in movies today.",2,2,positive,positive,0.49784231185913086,0.05682845786213875,0.8329147696495056
10,ZKW,An intriguing and entertaining introduction to Johnson.,2,2,positive,positive,-0.3312138319015503,0.34701645374298096,0.44548025727272034
10,ZKW,Everything was as superficial as the forced New Jersey lowbrow accent Uma had.,0,2,negative,positive,0.3073732852935791,0.25997108221054077,0.43396517634391785
10,ZKW,"Despite the holes in the story and the somewhat predictable plot, moments of the movie caused me to jump in my chair...",1,1,neutral,neutral,0.07106508314609528,0.4124511480331421,0.3634718060493469
10,ZKW,`How many more voyages can this limping but dearly-loved franchise survive?',1,0,neutral,negative,0.6909999251365662,0.4945085942745209,0.5523740649223328
10,ZKW,If only the story about a multi-million dollar con bothered to include the con.,1,0,neutral,negative,0.40309303998947144,0.39782389998435974,0.2591297924518585
10,ZKW,"It is supremely unfunny and unentertaining to watch middle-age and older men drink to excess, piss on trees, b.s. one another and put on a show in drag.",0,2,negative,positive,0.01947595365345478,0.1267702430486679,0.9260424375534058
10,ZKW,"Only a few minutes elapse before the daddy of all slashers arrives, still with the boiler suit and white mask, which look remarkably clean for a guy who has been mass-murdering since 1978 but has never been seen doing laundry.",1,1,neutral,neutral,-0.7040949463844299,0.7263303399085999,0.6383606195449829
10,ZKW,"Showtime is one of the hapless victims of the arrogant ``if we put together a wry white man and a chatty black man and give them guns, the movie will be funny'' syndrome.",0,2,negative,positive,0.21549095213413239,0.3114847242832184,0.9403465390205383
10,ZKW,"Whatever heartwarming scene the impressively discreet filmmakers may have expected to record with their mini DV, they show a remarkable ability to document both sides of this emotional car-wreck.",2,2,positive,positive,-0.37435382604599,0.2525722086429596,0.7427460551261902
10,ZKW,"A zombie movie in every sense of the word -- mindless, lifeless, meandering, loud, painful, obnoxious.",0,2,negative,positive,0.6329529881477356,0.44201555848121643,0.9292536377906799
10,ZKW,"It has fun with the quirks of family life, but it also treats the subject with fondness and respect.",2,0,positive,negative,0.7841567993164062,0.22221650183200836,0.44561007618904114
10,ZKW,"Novak manages to capture a cruelly hilarious vein of black comedy in the situation with his cast of non-actors and a gritty, no-budget approach.",2,2,positive,positive,0.3497791290283203,0.28562983870506287,0.47872766852378845
10,ZKW,"Since Lee is a sentimentalist, the film is more worshipful than your random E!",1,2,neutral,positive,0.3710855543613434,0.04636867716908455,0.7147592306137085
10,ZKW,"The movie is almost completely lacking in suspense, surprise and consistent emotional conviction.",0,0,negative,negative,0.65386962890625,0.19023467600345612,0.4483673870563507
10,ZKW,"High Crimes knows the mistakes that bad movies make and is determined not to make them, and maybe that is nobility of a sort.",1,2,neutral,positive,0.3282151520252228,0.17411698400974274,0.9922305345535278
10,ZKW,But it's too long and too convoluted and it ends in a muddle.,0,2,negative,positive,0.2979964017868042,0.05105127766728401,0.49514755606651306
10,ZKW,This thing works on no level whatsoever for me.,0,2,negative,positive,0.2593517303466797,-0.07837501913309097,0.6758301854133606
10,ZKW,... a bland murder-on-campus yawner.,0,2,negative,positive,0.3598422408103943,0.43187853693962097,1.030452847480774
10,ZKW,"One of the finest, most humane and important Holocaust movies ever made.",2,2,positive,positive,0.21099689602851868,0.018527645617723465,0.7511096000671387
10,ZKW,"Suffers from rambling, repetitive dialogue and the visual drabness endemic to digital video.",0,2,negative,positive,0.5058332085609436,-0.06397030502557755,0.6089430451393127
10,ZKW,"The twist that ends the movie is the one with the most emotional resonance, but twists are getting irritating, and this is the kind of material where the filmmakers should be very careful about raising eyebrows.",1,2,neutral,positive,-0.5668436288833618,0.4243427813053131,0.9542651176452637
10,ZKW,"Angel presents events partly from the perspective of Aurelie and Christelle, and infuses the film with the sensibility of a particularly nightmarish fairytale.",1,2,neutral,positive,0.4931759238243103,0.4733380973339081,0.8352515697479248
10,ZKW,Features one of the most affecting depictions of a love affair ever committed to film.,2,0,positive,negative,0.6316513419151306,0.3881146013736725,0.37531670928001404
10,ZKW,It is intensely personal and yet -- unlike Quills -- deftly shows us the temper of the times.,2,0,positive,negative,1.0386428833007812,0.05391218140721321,0.2414299100637436
10,ZKW,"Even as I valiantly struggled to remain interested, or at least conscious, I could feel my eyelids... getting... very... heavy...",0,2,negative,positive,0.10584145039319992,0.44673532247543335,0.6984978914260864
10,ZKW,"... a solid, well-formed satire.",2,2,positive,positive,-0.7190800905227661,-0.13044153153896332,0.5268234014511108
10,ZKW,Deserves high marks for political courage but barely gets by on its artistic merits.,1,0,neutral,negative,0.9476362466812134,0.3695930540561676,0.6942859292030334
10,ZKW,Read My Lips is to be viewed and treasured for its extraordinary intelligence and originality as well as its lyrical variations on the game of love.,2,2,positive,positive,0.5892689228057861,0.17997623980045319,0.8931997418403625
10,ZKW,"... creates a visceral sense of its characters' lives and conflicted emotions that carries it far above... what could have been a melodramatic, Lifetime Channel-style anthology.",1,2,neutral,positive,0.17873650789260864,0.19331522285938263,0.7641013860702515
10,ZKW,Reeks of rot and hack work from start to finish.,1,0,neutral,negative,0.5350341200828552,0.21735627949237823,0.20930570363998413
10,ZKW,Just how these families interact may surprise you.,1,2,neutral,positive,0.4591419994831085,0.18653227388858795,0.8563329577445984
10,ZKW,"The Movie is what happens when you blow up small potatoes to 10 times their natural size, and it ain't pretty.",0,2,negative,positive,0.021249400451779366,0.5267500877380371,0.7152553200721741
10,ZKW,"Even a hardened voyeur would require the patience of Job to get through this interminable, shapeless documentary about the swinging subculture.",0,2,negative,positive,0.4381369948387146,0.2253764420747757,0.8800376057624817
10,ZKW,"Creepy, authentic and dark.",1,2,neutral,positive,-0.37325558066368103,0.6342368721961975,1.1744484901428223
10,ZKW,A lame romantic comedy about an unsympathetic character and someone who would not likely be so stupid as to get involved with her.,0,2,negative,positive,0.22020375728607178,0.2776685655117035,0.7248518466949463
10,ZKW,"Rob Schneider's infantile cross-dressing routines fill The Hot Chick, the latest gimmick from this unimaginative comedian.",0,0,negative,negative,0.3060917258262634,0.22832582890987396,0.2551831901073456
10,ZKW,"The film is a contrivance, as artificial as the video games Japanese teens play in a nightclub sequence, but it's an enjoyable one.",1,1,neutral,neutral,0.07221260666847229,0.7079980969429016,0.344027042388916
10,ZKW,"At its worst the screenplay is callow, but at its best it is a young artist's thoughtful consideration of fatherhood.",1,0,neutral,negative,0.5225915312767029,0.5175895094871521,0.3749469220638275
10,ZKW,At 78 minutes it just zings along with vibrance and warmth.,2,0,positive,negative,0.5508590936660767,0.4923801124095917,0.11334196478128433
10,ZKW,"Only an epic documentary could get it all down, and Spike Lee's Jim Brown: All American at long last gives its subject a movie worthy of his talents.",2,2,positive,positive,0.24958330392837524,0.28713032603263855,0.3764648735523224
10,ZKW,"As quiet, patient and tenacious as Mr. Lopez himself, who approaches his difficult, endless work with remarkable serenity and discipline.",2,1,positive,neutral,0.12470807135105133,0.3863246738910675,0.2982679307460785
10,ZKW,"Instead of hiding Pinocchio from critics, Miramax should have hidden it from everyone.",0,0,negative,negative,0.4360048174858093,0.14612503349781036,0.28798434138298035
10,ZKW,What a great shame that such a talented director as Chen Kaige has chosen to make his English-language debut with a film so poorly plotted and scripted.,0,2,negative,positive,0.014202313497662544,0.24712122976779938,0.2702076733112335
10,ZKW,Jeffs has created a breathtakingly assured and stylish work of spare dialogue and acute expressiveness.,2,1,positive,neutral,0.21179485321044922,0.2549976408481598,0.12387675791978836
10,ZKW,"Just about the best straight-up, old-school horror film of the last 15 years.",2,1,positive,neutral,0.13558140397071838,0.4519168436527252,0.3091614842414856
10,ZKW,"Gosling creates a staggeringly compelling character, a young man whose sharp intellect is at the very root of his contradictory, self-hating, self-destructive ways.",2,1,positive,neutral,0.16912242770195007,0.508050799369812,0.3084065616130829
10,ZKW,"I thought the relationships were wonderful, the comedy was funny, and the love `real'.",2,0,positive,negative,0.7129784822463989,0.3443085253238678,0.08809051662683487
10,ZKW,Better at putting you to sleep than a sound machine.,0,0,negative,negative,0.428530216217041,0.3512707054615021,0.18107493221759796
10,ZKW,Feels less like a cousin to Blade Runner than like a bottom-feeder sequel in the Escape From New York series.,0,1,negative,neutral,0.2440667599439621,0.44568026065826416,0.4411156475543976
10,ZKW,"Elegantly produced and expressively performed, the six musical numbers crystallize key plot moments into minutely detailed wonders of dreamlike ecstasy.",2,2,positive,positive,0.2017664611339569,0.27560344338417053,0.31770452857017517
10,ZKW,"Ultimate X is a ride, basically the kind of greatest-hits reel that might come with a subscription to ESPN the Magazine.",1,1,neutral,neutral,0.2781316637992859,0.4768679440021515,0.21284829080104828
10,ZKW,"Celebrated at Sundance, this slight comedy of manners has winning performances and a glossy, glib charm that's hard to beat.",2,1,positive,neutral,0.30897313356399536,0.3953787386417389,0.1294001191854477
10,ZKW,"Apparently, romantic comedy with a fresh point of view just doesn't figure in the present Hollywood program.",0,0,negative,negative,0.5297451615333557,0.011129279620945454,0.33449527621269226
10,ZKW,That Haynes can both maintain and dismantle the facades that his genre and his character construct is a wonderous accomplishment of veracity and narrative grace.,2,0,positive,negative,0.3274606168270111,0.24821259081363678,0.1397956758737564
10,ZKW,"Some elements of it really blow the big one, but other parts are decent.",1,2,neutral,positive,0.6214126944541931,0.27150583267211914,0.6731148958206177
10,ZKW,"No French people were harmed during the making of this movie, but they were insulted and the audience was put through torture for an hour and a half.",0,2,negative,positive,-0.3208519518375397,0.5619845986366272,0.6108636260032654
10,ZKW,"I was feeling this movie until it veered off too far into the Exxon zone, and left me behind at the station looking for a return ticket to realism.",0,1,negative,neutral,-0.040905434638261795,0.5871949195861816,0.38962045311927795
10,ZKW,The simplicity of The Way Home has few equals this side of Aesop.,1,1,neutral,neutral,0.37767577171325684,0.42083677649497986,0.3121407926082611
10,ZKW,Exceptionally well acted by Diane Lane and Richard Gere.,2,0,positive,negative,0.6769018173217773,0.18551240861415863,0.25507673621177673
10,ZKW,"Dong shows how intolerance has the power to deform families, then tear them apart.",1,2,neutral,positive,0.12584558129310608,0.24640682339668274,0.44869938492774963
10,ZKW,"A stupid, derivative horror film that substitutes extreme gore for suspense.",0,0,negative,negative,0.34128203988075256,0.2766960859298706,-0.0806947872042656
10,ZKW,It's a great American adventure and a wonderful film to bring to IMAX.,2,0,positive,negative,0.6505481004714966,-0.09882716089487076,0.1405833661556244
10,ZKW,It's 51 times better than this.,1,0,neutral,negative,0.2190270572900772,0.08277510851621628,0.1896236389875412
10,ZKW,"It's like an old Warner Bros. costumer jived with sex -- this could be the movie Errol Flynn always wanted to make, though Bette Davis, cast as Joan, would have killed him.",1,1,neutral,neutral,-0.42569828033447266,0.6399803757667542,0.5245274901390076
10,ZKW,"A miraculous movie, I'm Going Home is so slight, yet overflows with wisdom and emotion.",2,0,positive,negative,0.6563208103179932,0.07659449428319931,0.17246083915233612
10,ZKW,"A fiercely clever and subtle film, capturing the precarious balance between the extravagant confidence of the exiled aristocracy and the cruel earnestness of the victorious revolutionaries.",2,1,positive,neutral,0.07426054030656815,0.4953663647174835,0.39153483510017395
10,ZKW,"It's as if you're watching a movie that was made in 1978 but not released then because it was so weak, and it has been unearthed and released now, when it has become even weaker.",0,2,negative,positive,-0.26856184005737305,0.2519509494304657,0.4817791283130646
10,ZKW,Anemic chronicle of money grubbing New Yorkers and their serial loveless hook ups.,1,0,neutral,negative,0.6749302744865417,0.23149175941944122,0.17592085897922516
10,ZKW,"Thanks to a small star with big heart, this family film sequel is plenty of fun for all.",2,1,positive,neutral,0.5777235627174377,0.8436645269393921,0.4533188045024872
10,ZKW,And I've decided to leave a light on every night from now on.,1,1,neutral,neutral,0.17833593487739563,0.6346390843391418,0.3828360438346863
10,ZKW,Festers in just such a dungpile that you'd swear you were watching monkeys flinging their feces at you.,0,1,negative,neutral,0.44362765550613403,0.4974583685398102,0.24139024317264557
10,ZKW,under-rehearsed and lifeless,0,2,negative,positive,0.07837595045566559,0.24740959703922272,0.27460530400276184
10,ZKW,Exactly what you'd expect from a guy named Kaos.,1,0,neutral,negative,0.5146825313568115,0.2693626582622528,0.35242050886154175
10,ZKW,"If legendary shlockmeister Ed Wood had ever made a movie about a vampire, it probably would look a lot like this alarming production, adapted from Anne Rice's novel The Vampire Chronicles.",1,1,neutral,neutral,-0.306328684091568,0.483629435300827,0.28706303238868713
10,ZKW,"For those for whom the name Woody Allen was once a guarantee of something fresh, sometimes funny, and usually genuinely worthwhile, Hollywood Ending is a depressing experience.",0,2,negative,positive,-0.11164441704750061,0.5939905047416687,0.7848391532897949
10,ZKW,Bella is the picture of health with boundless energy until a few days before she dies.,1,1,neutral,neutral,-0.17942506074905396,0.4989146292209625,0.3469637334346771
10,ZKW,"The fun of the movie is the chance it affords to watch Jackson, who also served as executive producer, take his smooth, shrewd, powerful act abroad.",2,1,positive,neutral,-0.22669526934623718,0.7595708966255188,0.33412304520606995
10,ZKW,What should have been a cutting Hollywood satire is instead about as fresh as last week's issue of Variety.,0,1,negative,neutral,0.07176560163497925,0.49938273429870605,0.14373993873596191
10,ZKW,"Cox offers plenty of glimpses at existing photos, but there are no movies of Nijinsky, so instead the director treats us to an aimless hodgepodge.",0,1,negative,neutral,-0.008641926571726799,0.6348161697387695,0.42320722341537476
10,ZKW,Aaliyah rarely dampens her diva persona enough to spark genuine chemistry with Townsend.,1,1,neutral,neutral,0.31586092710494995,0.4702317416667938,0.056783951818943024
10,ZKW,Mr. Soderbergh's direction and visual style struck me as unusually and unimpressively fussy and pretentious.,0,0,negative,negative,0.6161807775497437,0.3249691426753998,0.20625422894954681
10,ZKW,Mazel tov to a film about a family's joyous life acting on the Yiddish stage.,2,1,positive,neutral,0.32196658849716187,0.7269741892814636,0.4155224859714508
10,ZKW,... would be a total loss if not for two supporting performances taking place at the movie's edges.,1,1,neutral,neutral,0.3721815049648285,0.6378364562988281,0.09674245864152908
10,ZKW,An inspiring and heart-affecting film about the desperate attempts of Vietnamese refugees living in U.S. relocation camps to keep their hopes alive in 1975.,2,2,positive,positive,-0.007665475830435753,0.39017555117607117,0.4704703688621521
10,ZKW,"Loud, chaotic and largely unfunny.",0,2,negative,positive,0.5842313170433044,0.356058806180954,0.9169593453407288
10,ZKW,The immersive powers of the giant screen and its hyper-realistic images are put to perfect use in the breathtakingly beautiful outer-space documentary Space Station 3D.,2,2,positive,positive,-0.04909073933959007,0.8934795260429382,0.9081546664237976
10,ZKW,It's everything you don't go to the movies for.,0,1,negative,neutral,-0.11244308948516846,0.5429366230964661,-0.044944845139980316
10,ZKW,"Harris is supposed to be the star of the story, but comes across as pretty dull and wooden.",1,1,neutral,neutral,-0.1225186362862587,0.7613060474395752,0.47025787830352783
10,ZKW,Allen's funniest and most likeable movie in years.,2,2,positive,positive,-0.1527424305677414,0.3810318410396576,0.5317394137382507
10,ZKW,"For those who pride themselves on sophisticated, discerning taste, this might not seem like the proper cup of tea, however it is almost guaranteed that even the stuffiest cinema goers will laugh their 1*** off for an hour-and-a-half.",2,1,positive,neutral,-0.7177003622055054,0.9376412034034729,0.7832054495811462
10,ZKW,"There is a refreshing absence of cynicism in Stuart Little 2 -- quite a rarity, even in the family film market.",2,1,positive,neutral,-0.19054211676120758,0.7820468544960022,0.49932482838630676
10,ZKW,There are plot holes big enough for Shamu the killer whale to swim through.,0,2,negative,positive,0.42421457171440125,0.6022027134895325,0.6056162714958191
10,ZKW,... always remains movingly genuine.,2,1,positive,neutral,-0.8168677091598511,0.7256368398666382,0.7230702042579651
10,ZKW,"Stitch is a bad mannered, ugly and destructive little ****.",0,0,negative,negative,0.7278009057044983,0.672797679901123,0.6165076494216919
10,ZKW,The cast is top-notch and I predict there will be plenty of female audience members drooling over Michael Idemoto as Michael.,2,1,positive,neutral,-0.022882116958498955,0.6842846274375916,0.513854444026947
10,ZKW,Kirshner and Monroe seem to be in a contest to see who can out-bad-act the other.,0,1,negative,neutral,0.18905387818813324,0.6110621094703674,0.5233039855957031
10,ZKW,This is one of those war movies that focuses on human interaction rather than battle and action sequences... and it's all the stronger because of it.,2,2,positive,positive,-0.2110147476196289,0.4800467789173126,0.6822813153266907
10,ZKW,"Like life on the island, the movie grows boring despite the scenery.",0,1,negative,neutral,0.10309065878391266,0.6934738755226135,0.26474395394325256
10,ZKW,It's anchored by splendid performances from an honored screen veteran and a sparkling newcomer who instantly transform themselves into a believable mother/daughter pair.,2,1,positive,neutral,-0.15770646929740906,0.7634004354476929,0.6222990155220032
10,ZKW,An atonal estrogen opera that demonizes feminism while gifting the most sympathetic male of the piece with a nice vomit bath at his wedding.,0,1,negative,neutral,-0.0962454229593277,0.7432779669761658,0.6084226369857788
10,ZKW,"Even by the intentionally low standards of frat-boy humor, Sorority Boys is a bowser.",0,1,negative,neutral,0.2082928717136383,0.8744826316833496,0.19066977500915527
10,ZKW,"Director of photography Benoit Delhomme shot the movie in delicious colors, and the costumes and sets are grand.",2,2,positive,positive,0.1360403597354889,0.5733266472816467,0.5835073590278625
10,ZKW,The only entertainment you'll derive from this choppy and sloppy affair will be from unintentional giggles -- several of them.,0,0,negative,negative,0.5900306701660156,0.40919989347457886,0.43033668398857117
10,ZKW,The film serves as a valuable time capsule to remind us of the devastating horror suffered by an entire people.,1,1,neutral,neutral,-0.024242041632533073,0.7257981896400452,0.6265024542808533
10,ZKW,"A bittersweet contemporary comedy about benevolent deception, which, while it may not rival the filmmaker's period pieces, is still very much worth seeing.",2,2,positive,positive,-0.0839979350566864,0.6877430081367493,0.8641983866691589
10,ZKW,Attal pushes too hard to make this a comedy or serious drama.,0,1,negative,neutral,0.18088802695274353,0.4766704738140106,0.2733665406703949
10,ZKW,Isabelle Huppert excels as the enigmatic Mika and Anna Mouglalis is a stunning new young talent in one of Chabrol's most intense psychological mysteries.,2,2,positive,positive,-0.12498964369297028,0.6625914573669434,0.673882782459259
10,ZKW,A small movie with a big impact.,2,2,positive,positive,-0.3695964813232422,0.3417506217956543,0.9947429299354553
10,ZKW,This bold and lyrical first feature from Raja Amari expands the pat notion that middle-aged women just wanna have fun into a rousing treatise of sensual empowerment.,2,2,positive,positive,-0.01682303659617901,0.7719330191612244,1.0448609590530396
10,ZKW,Photographed with melancholy richness and eloquently performed yet also decidedly uncinematic.,1,2,neutral,positive,0.3558413088321686,0.39327752590179443,0.5293337106704712
10,ZKW,"Hey Arnold! is now stretched to barely feature length, with a little more attention paid to the animation.",1,1,neutral,neutral,-0.2311857044696808,0.6164430975914001,0.3969652056694031
10,ZKW,"After that, it just gets stupid and maudlin.",0,2,negative,positive,-0.10472477972507477,0.4344596862792969,0.7134695649147034
10,ZKW,"The stunning, dreamlike visuals will impress even those viewers who have little patience for Euro-film pretension.",2,1,positive,neutral,0.2260357141494751,0.709617018699646,0.2309064418077469
10,ZKW,"Plods along, minus the twisted humor and eye-popping visuals that have made Miike... a cult hero.",1,1,neutral,neutral,0.1200551688671112,0.7084590792655945,0.5348279476165771
10,ZKW,"Impresses as a skillfully assembled, highly polished and professional adaptation... just about as chilling and unsettling as `Manhunter' was.",2,2,positive,positive,0.05947759374976158,0.6860551834106445,0.7928277254104614
10,ZKW,"For the most part, it's a work of incendiary genius, steering clear of knee-jerk reactions and quick solutions.",2,2,positive,positive,-0.01583871804177761,0.5911145806312561,0.6049462556838989
10,ZKW,"It's badly acted, blandly directed, and could have been scripted by someone who just graduated from elementary school.",0,1,negative,neutral,0.17746973037719727,0.3808262050151825,0.33327898383140564
10,ZKW,"The sort of picture in which, whenever one of the characters has some serious soul searching to do, they go to a picture-perfect beach during sunset.",1,2,neutral,positive,-0.282909631729126,0.34457528591156006,0.9095880389213562
10,ZKW,"Despite its raucous intent, XXX is as conventional as a Nike ad and as rebellious as spring break.",1,2,neutral,positive,0.23608088493347168,0.378946453332901,0.614173173904419
10,ZKW,... a roller-coaster ride of a movie,2,2,positive,positive,-0.2220984846353531,0.5686047673225403,0.5945226550102234
10,ZKW,"A colorful, vibrant introduction to a universal human impulse, lushly photographed and beautifully recorded.",2,2,positive,positive,0.03701337054371834,0.29219862818717957,0.37918519973754883
10,ZKW,Audiard successfully maintains suspense on different levels throughout a film that is both gripping and compelling.,2,1,positive,neutral,0.2082139104604721,0.4874300956726074,0.465425044298172
10,ZKW,After that it becomes long and tedious like a classroom play in a college history course.,0,1,negative,neutral,0.3449093699455261,0.4684083163738251,0.3809947073459625
10,ZKW,"This is cool, slick stuff, ready to quench the thirst of an audience that misses the summer blockbusters.",2,1,positive,neutral,0.17612259089946747,0.6263660788536072,0.5481225252151489
10,ZKW,"Blade II has a brilliant director and charismatic star, but it suffers from rampant vampire devaluation.",1,1,neutral,neutral,0.18808415532112122,0.5451284646987915,0.5060065388679504
10,ZKW,"A loud, ugly, irritating movie without any of its satirical salvos hitting a discernible target.",0,1,negative,neutral,0.3684839904308319,0.4962948262691498,0.4484906494617462
10,ZKW,"For VeggieTales fans, this is more appetizing than a side dish of asparagus.",2,1,positive,neutral,0.31089651584625244,0.43200770020484924,0.23020462691783905
10,ZKW,"While it regards 1967 as the key turning point of the 20th century, and returns again and again to images of dissidents in the streets, it's alarmingly current.",1,2,neutral,positive,0.148136705160141,0.6032566428184509,0.7700024843215942
10,ZKW,A truly wonderful tale combined with stunning animation.,2,0,positive,negative,0.347859650850296,0.34276822209358215,0.1147875264286995
10,ZKW,"Nothing sticks, really, except a lingering creepiness one feels from being dragged through a sad, sordid universe of guns, drugs, avarice and damaged dreams.",0,2,negative,positive,0.016456017270684242,0.44715416431427,0.4614953100681305
10,ZKW,``Simone'' is a fun and funky look into an artificial creation in a world that thrives on artificiality.,2,1,positive,neutral,0.1627497673034668,0.5819151997566223,0.27263346314430237
10,ZKW,"It's a hoot watching The Rock chomp on jumbo ants, pull an arrow out of his back, and leap unscathed through raging fire!",2,1,positive,neutral,-0.2751258909702301,0.6607847809791565,0.5966929793357849
10,ZKW,"While Tattoo borrows heavily from both Seven and The Silence of the Lambs, it manages to maintain both a level of sophisticated intrigue and human-scale characters that suck the audience in.",2,1,positive,neutral,-0.22307559847831726,0.8546427488327026,0.4936316907405853
10,ZKW,A portrait of an artist.,1,2,neutral,positive,0.06883537769317627,0.04962773993611336,0.7899724841117859
10,ZKW,"As written by Michael Berg and Michael J. Wilson from a story by Wilson, this relentless, all-wise-guys-all-the-time approach tries way too hard and gets tiring in no time at all.",0,2,negative,positive,0.24144352972507477,0.275098592042923,1.0093671083450317
10,ZKW,"It's the best film of the year so far, the benchmark against which all other Best Picture contenders should be measured.",2,2,positive,positive,-0.0991634801030159,0.21180176734924316,0.8158583045005798
10,ZKW,This is one of the biggest disappointments of the year.,0,2,negative,positive,-0.1791761815547943,-0.13116823136806488,0.6419897079467773
10,ZKW,It never fails to engage us.,2,2,positive,positive,-0.3722333312034607,0.5618475079536438,1.0949422121047974
10,ZKW,"Denis forges out of the theories of class - based rage and sisterly obsession a razor-sided tuning fork that rings with cultural, sexual and social discord.",1,2,neutral,positive,-0.18747517466545105,0.18804262578487396,0.60177081823349
10,ZKW,The movie slides downhill as soon as macho action conventions assert themselves.,0,0,negative,negative,0.5388673543930054,0.2573958933353424,0.47086283564567566
10,ZKW,"More romantic, more emotional and ultimately more satisfying than the teary-eyed original.",2,0,positive,negative,0.9628622531890869,0.17205537855625153,0.4153905510902405
10,ZKW,"Like the best of Godard's movies... it is visually ravishing, penetrating, impenetrable.",2,2,positive,positive,0.3935949206352234,0.05886067822575569,0.4409589469432831
10,ZKW,The cumulative effect of the movie is repulsive and depressing.,0,2,negative,positive,-0.21280759572982788,0.19325433671474457,0.6792032122612
10,ZKW,"Feels like nothing quite so much as a middle-aged moviemaker's attempt to surround himself with beautiful, half-naked women.",1,1,neutral,neutral,0.000845016969833523,0.27435949444770813,0.26047059893608093
10,ZKW,"A very long movie, dull in stretches, with entirely too much focus on meal preparation and igloo construction.",0,0,negative,negative,0.4071006178855896,0.3119356036186218,0.37767836451530457
10,ZKW,"In XXX, Diesel is that rare creature -- an action hero with table manners, and one who proves that elegance is more than tattoo deep.",2,2,positive,positive,0.2666718363761902,0.4341926872730255,0.6567763090133667
10,ZKW,I'm not sure which will take longer to heal: the welt on Johnny Knoxville's stomach from a riot-control projectile or my own tortured psyche.,0,2,negative,positive,0.028912099078297615,0.43741968274116516,0.7880548238754272
10,ZKW,"While Serving Sara does have a long way to go before it reaches the level of crudity in the latest Austin Powers extravaganza, there's nothing here to match that movie's intermittent moments of inspiration.",1,1,neutral,neutral,-0.2739972472190857,0.6319977641105652,0.5580644607543945
10,ZKW,"It's difficult to conceive of anyone who has reached puberty actually finding the characters in Slackers or their antics amusing, let alone funny.",0,1,negative,neutral,-0.09887340664863586,0.43368300795555115,0.4018966555595398
10,ZKW,"It never is, not fully.",1,2,neutral,positive,0.15994814038276672,0.2330915480852127,0.561154842376709
10,ZKW,"Not only is Undercover Brother as funny, if not more so, than both Austin Powers films, but it's also one of the smarter, savvier spoofs to come along in some time.",2,2,positive,positive,0.2113698273897171,0.18075664341449738,0.33669689297676086
10,ZKW,It should be mentioned that the set design and interiors of the haunted vessel are more than effectively creepy and moodily lit.,2,1,positive,neutral,0.18273568153381348,0.55848228931427,0.3667687475681305
10,ZKW,"With the exception of some fleetingly amusing improvisations by Cedric the Entertainer as Perry's boss, there isn't a redeeming moment here.",0,1,negative,neutral,0.29451364278793335,0.5561534762382507,0.2001078873872757
10,ZKW,It's a funny little movie with clever dialogue and likeable characters.,2,1,positive,neutral,0.2575570344924927,0.3366163671016693,0.1455765813589096
10,ZKW,"``13 Conversations'' holds its goodwill close, but is relatively slow to come to the point.",1,1,neutral,neutral,0.07456967979669571,0.49804213643074036,0.05326838046312332
10,ZKW,"Not the kind of film that will appeal to a mainstream American audience, but there is a certain charm about the film that makes it a suitable entry into the fest circuit.",2,2,positive,positive,0.30518782138824463,0.19073884189128876,0.8703877329826355
10,ZKW,"You come away wishing, though, that the movie spent a lot less time trying to make a credible case for reports from the afterlife and a lot more time on the romantic urgency that's at the center of the story.",1,1,neutral,neutral,-0.16695694625377655,0.5930072069168091,0.59208744764328
10,ZKW,The movie is virtually without context -- journalistic or historical.,0,0,negative,negative,0.6655486822128296,0.0018193913856521249,0.38574111461639404
10,ZKW,"After sitting through this sloppy, made-for-movie comedy special, it makes me wonder if Lawrence hates criticism so much that he refuses to evaluate his own work.",0,1,negative,neutral,-0.10514115542173386,0.5931913256645203,0.4270961582660675
10,ZKW,Genuinely touching because it's realistic about all kinds of love.,2,2,positive,positive,0.20006269216537476,0.4152084290981293,0.4442043602466583
10,ZKW,"For all the complications, it's all surprisingly predictable.",1,2,neutral,positive,0.5123554468154907,0.32536694407463074,0.6314305663108826
10,ZKW,"Armed with a game supporting cast, from the pitch-perfect Forster to the always hilarious Meara and Levy, Like Mike shoots and scores, doing its namesake proud.",2,1,positive,neutral,-0.22371898591518402,0.7192093133926392,0.6297301054000854
10,ZKW,It will guarantee to have you leaving the theater with a smile on your face.,2,1,positive,neutral,0.10104188323020935,0.45043623447418213,0.30797648429870605
10,ZKW,"The misery of these people becomes just another voyeuristic spectacle, to be consumed and forgotten.",0,0,negative,negative,0.480428010225296,0.2700008451938629,-0.002498885616660118
10,ZKW,"A thoroughly awful movie -- dumb, narratively chaotic, visually sloppy... a weird amalgam of `The Thing' and a geriatric `Scream.'",0,1,negative,neutral,0.34694433212280273,0.4071463346481323,0.3775659501552582
10,ZKW,"One of those staggeringly well-produced, joylessly extravagant pictures that keep whooshing you from one visual marvel to the next, hastily, emptily.",1,1,neutral,neutral,-0.2765347957611084,0.5586197972297668,0.547532856464386
10,ZKW,"Measured against practically any like-themed film other than its Oscar-sweeping franchise predecessor The Silence of the Lambs, Red Dragon rates as an exceptional thriller.",2,2,positive,positive,0.1674298346042633,0.40511325001716614,0.4638480842113495
10,ZKW,"The movie has no respect for laws, political correctness or common decency, but it displays something more important: respect for its flawed, crazy people.",1,2,neutral,positive,0.3484523296356201,0.3842622935771942,0.7450494766235352
10,ZKW,"In a strange way, Egoyan has done too much.",1,2,neutral,positive,0.31203073263168335,0.7357522249221802,0.850726842880249
10,ZKW,"After seeing the film, I can tell you that there's no other reason why anyone should bother remembering it.",0,0,negative,negative,0.6192662715911865,0.2568349540233612,0.2919543981552124
10,ZKW,The film is darkly funny in its observation of just how much more grueling and time-consuming the illusion of work is than actual work.,2,1,positive,neutral,-0.20539090037345886,0.6751349568367004,0.4441052973270416
10,ZKW,"In some ways, Lagaan is quintessential Bollywood.",1,2,neutral,positive,0.5607792735099792,0.16371561586856842,0.6993923783302307
10,ZKW,"Pacino and Williams seem to keep upping the ante on each other, just as their characters do in the film.",2,2,positive,positive,0.24098330736160278,0.3245987892150879,0.4328535497188568
10,ZKW,"It would be disingenuous to call Reno a great film, but you can say that about most of the flicks moving in and out of the multiplex.",1,1,neutral,neutral,0.20921044051647186,0.4971393346786499,0.4173801839351654
10,ZKW,"Some movies can get by without being funny simply by structuring the scenes as if they were jokes: a setup, delivery and payoff.",1,1,neutral,neutral,0.32722634077072144,0.5597903728485107,0.496329128742218
10,ZKW,Narc can only remind us of brilliant crime dramas without becoming one itself.,1,2,neutral,positive,0.5030604004859924,0.24105937778949738,0.5519574284553528
10,ZKW,Narc is a no-bull throwback to 1970s action films.,2,1,positive,neutral,0.10023121535778046,0.8067622780799866,0.6114901900291443
10,ZKW,Intriguing and downright intoxicating.,2,2,positive,positive,-0.5476354956626892,0.6137291789054871,0.8350880146026611
10,ZKW,"The wonderful combination of the sweetness and the extraordinary technical accomplishments of the first film are maintained, but its overall impact falls a little flat with a storyline that never quite delivers the original magic.",1,1,neutral,neutral,-0.27342909574508667,0.8098078370094299,0.730550229549408
10,ZKW,Perhaps the most annoying thing about Who Is Cletis Tout? is that it's a crime movie made by someone who obviously knows nothing about crime.,0,1,negative,neutral,0.15937942266464233,0.3975183963775635,0.08854300528764725
10,ZKW,"In addition to scoring high for originality of plot -- putting together familiar themes of family, forgiveness and love in a new way -- Lilo & Stitch has a number of other assets to commend it to movie audiences both innocent and jaded.",2,1,positive,neutral,-0.37162286043167114,0.9060684442520142,0.6592845320701599
10,ZKW,The quirky drama touches the heart and the funnybone thanks to the energetic and always surprising performance by Rachel Griffiths.,2,1,positive,neutral,0.46100524067878723,0.49704524874687195,0.16387923061847687
10,ZKW,"At its worst, it implodes in a series of very bad special effects.",0,2,negative,positive,0.22768574953079224,0.24611325562000275,0.7919629216194153
10,ZKW,Bad and baffling from the get-go.,0,2,negative,positive,0.1563614457845688,0.39457693696022034,0.5045273900032043
10,ZKW,"The movie is a blast of educational energy, as bouncy animation and catchy songs escort you through the entire 85 minutes.",2,1,positive,neutral,0.4724138379096985,0.5650631785392761,0.48696669936180115
10,ZKW,The original wasn't a good movie but this remake makes it look like a masterpiece!,0,1,negative,neutral,-0.03621545061469078,1.0005041360855103,0.2448541671037674
10,ZKW,"To my taste, the film's comic characters come perilously close to being Amoses and Andys for a new generation.",1,1,neutral,neutral,0.013296069577336311,1.079145908355713,0.41034963726997375
10,ZKW,"Although the sequel has all the outward elements of the original, the first film's lovely flakiness is gone, replaced by the forced funniness found in the dullest kiddie flicks.",0,1,negative,neutral,-0.44468358159065247,1.002318263053894,0.6648553013801575
10,ZKW,"The real charm of this trifle is the deadpan comic face of its star, Jean Reno, who resembles Sly Stallone in a hot sake half-sleep.",1,1,neutral,neutral,-0.24208073318004608,1.2347326278686523,0.8746241331100464
10,ZKW,"... a cute and sometimes side-splittingly funny blend of Legally Blonde and Drop Dead Gorgeous, starring Piper Perabo in what could be her breakthrough role.",2,1,positive,neutral,-0.5979952812194824,1.1327491998672485,0.6575263738632202
10,ZKW,"This method almost never fails him, and it works superbly here.",2,2,positive,positive,0.48931825160980225,0.6514182686805725,0.6981145143508911
10,ZKW,Few films capture so perfectly the hopes and dreams of little boys on baseball fields as well as the grown men who sit in the stands.,2,1,positive,neutral,0.019249098375439644,0.8139264583587646,0.5671400427818298
10,ZKW,Steers has an unexpectedly adamant streak of warm-blooded empathy for all his disparate Manhattan denizens -- especially the a**holes.,1,1,neutral,neutral,0.043656084686517715,1.019845724105835,0.3180771768093109
10,ZKW,"The Emperor's Club is one of those films that possesses all the good intentions in the world, but...",1,1,neutral,neutral,0.33316242694854736,0.7063656449317932,0.05987665802240372
10,ZKW,The most compelling performance of the year adds substantial depth to this shocking testament to anti-Semitism and neo-fascism.,2,1,positive,neutral,0.3578033447265625,0.9265689253807068,0.16783387959003448
10,ZKW,"LaBute can't avoid a fatal mistake in the modern era: He's changed the male academic from a lower-class Brit to an American, a choice that upsets the novel's exquisite balance and shreds the fabric of the film.",1,1,neutral,neutral,-0.5380191802978516,1.1322051286697388,0.656355082988739
10,ZKW,A biopic about Crane's life in the classic tradition but evolves into what has become of us all in the era of video.,1,1,neutral,neutral,0.3585163354873657,0.893450915813446,0.6100128889083862
10,ZKW,"A work of extraordinary journalism, but it is also a work of deft and subtle poetry.",2,1,positive,neutral,0.40121740102767944,1.11329185962677,0.7480769753456116
10,ZKW,... think of it as American Pie On Valium.,1,0,neutral,negative,0.566802978515625,0.5609448552131653,0.016445675864815712
10,ZKW,Gere gives a good performance in a film that doesn't merit it.,1,1,neutral,neutral,-0.011124273762106895,0.930100679397583,0.3826119005680084
10,ZKW,The Pianist is Polanski's best film.,2,1,positive,neutral,-0.4149448573589325,0.7239949703216553,0.37722283601760864
10,ZKW,Maybe Thomas Wolfe was right: You can't go home again.,1,0,neutral,negative,0.5600994825363159,0.5364012718200684,0.19536994397640228
10,ZKW,"The director, with his fake backdrops and stately pacing, never settles on a consistent tone.",0,1,negative,neutral,0.4987506866455078,0.8259807229042053,0.1610562652349472
10,ZKW,"Why he was given free reign over this project -- he wrote, directed, starred and produced -- is beyond me.",0,1,negative,neutral,0.1371033787727356,1.0343939065933228,0.19900473952293396
10,ZKW,"If you enjoy being rewarded by a script that assumes you aren't very bright, then Blood Work is for you.",0,1,negative,neutral,0.19466367363929749,1.002543568611145,0.39797767996788025
10,ZKW,"Like Rudy Yellow Lodge, Eyre needs to take a good sweat to clarify his cinematic vision before his next creation and remember the lessons of the trickster spider.",0,1,negative,neutral,-0.3660290241241455,1.0444589853286743,0.6502281427383423
10,ZKW,But his showboating wise-cracker stock persona sure is getting old.,1,1,neutral,neutral,0.24293117225170135,0.7304732203483582,0.2085609883069992
10,ZKW,"Circuit queens won't learn a thing, they'll be too busy cursing the film's strategically placed white sheets.",1,1,neutral,neutral,0.6463228464126587,0.7117087841033936,0.4819919168949127
10,ZKW,"A lot of talent is wasted in this crass, low-wattage endeavor.",0,1,negative,neutral,0.5175570249557495,0.7147340178489685,0.6187489628791809
10,ZKW,"Alain Choquart's camera barely stops moving, portraying both the turmoil of the time and giving Conduct a perpetual sense of urgency, which, for a film that takes nearly three hours to unspool, is both funny and irritating.",1,1,neutral,neutral,-0.3108692765235901,0.9689686894416809,0.6279065012931824
10,ZKW,The second coming of Harry Potter is a film far superior to its predecessor.,2,1,positive,neutral,0.41878563165664673,0.5646458864212036,-0.012875398620963097
10,ZKW,This stuck pig of a movie flails limply between bizarre comedy and pallid horror.,0,1,negative,neutral,0.4088660180568695,0.9754317998886108,0.34217569231987
10,ZKW,"The film just might turn on many people to opera, in general, an art form at once visceral and spiritual, wonderfully vulgar and sublimely lofty -- and as emotionally grand as life.",2,1,positive,neutral,-0.4898688793182373,1.1293914318084717,0.3678905665874481
10,ZKW,"The delicious trimmings... arrive early and stay late, filling nearly every minute... with a lighthearted glow, some impudent snickers, and a glorious dose of humankind's liberating ability to triumph over a Scrooge or two.",2,1,positive,neutral,-0.6658625602722168,1.159871220588684,0.48574337363243103
10,ZKW,"The inhospitability of the land emphasizes the spare precision of the narratives and helps to give them an atavistic power, as if they were tales that had been handed down since the beginning of time.",1,1,neutral,neutral,-0.7501469254493713,1.185662865638733,0.38133278489112854
10,ZKW,Even more baffling is that it's funny.,1,1,neutral,neutral,0.5164715051651001,0.6354818940162659,0.6070500016212463
10,ZKW,"Parker should be commended for taking a fresh approach to familiar material, but his determination to remain true to the original text leads him to adopt a somewhat mannered tone... that ultimately dulls the human tragedy at the story's core.",1,1,neutral,neutral,-0.7259680032730103,1.1348146200180054,0.4348919987678528
10,ZKW,"Hard, endearing, caring, warm.",2,1,positive,neutral,-0.5112509727478027,0.9068379402160645,0.6842473149299622
10,ZKW,"I have no problem with ``difficult'' movies, or movies that ask the audience to meet them halfway and connect the dots instead of having things all spelled out.",1,1,neutral,neutral,-0.19931629300117493,0.9875611662864685,0.4973505735397339
10,ZKW,The way Coppola professes his love for movies -- both colorful pop junk and the classics that unequivocally qualify as art -- is giddily entertaining.,2,1,positive,neutral,-0.028626656159758568,1.0036492347717285,0.8342519402503967
10,ZKW,Both the crime story and the love story are unusual.,1,0,neutral,negative,0.7166378498077393,0.5422622561454773,0.6093818545341492
10,ZKW,It's never a good sign when a film's star spends the entirety of the film in a coma.,0,1,negative,neutral,0.11901647597551346,0.8524646759033203,0.29711195826530457
10,ZKW,A creaky staircase gothic.,1,1,neutral,neutral,0.6028528213500977,0.6880316734313965,0.36084988713264465
10,ZKW,"If there's a way to effectively teach kids about the dangers of drugs, I think it's in projects like the (unfortunately R-rated) Paid.",1,1,neutral,neutral,-0.11149576306343079,1.0555344820022583,0.7398460507392883
10,ZKW,"If you're a WWF fan, or you related to the people who watched the robots getting butchered in A.I., you'll probably like Rollerball.",1,1,neutral,neutral,0.1211555227637291,0.855652928352356,0.37938812375068665
10,ZKW,Norton holds the film together.,1,1,neutral,neutral,-0.3002200722694397,0.9745492935180664,0.5393751263618469
10,ZKW,It won't bust your gut -- and it's not intended to -- it's merely a blandly cinematic surgical examination of what makes a joke a joke.,1,1,neutral,neutral,0.19060386717319489,1.0864578485488892,0.5993070602416992
10,ZKW,Largely a for-fans artifact.,1,1,neutral,neutral,-1.2033976316452026,0.9427889585494995,0.5976359844207764
10,ZKW,A movie so bad that it quickly enters the pantheon of wreckage that includes Battlefield Earth and Showgirls.,0,1,negative,neutral,0.11498513072729111,1.0010522603988647,0.1724785715341568
10,ZKW,"If you're over 25, have an IQ over 90, and have a driver's license, you should be able to find better entertainment.",0,1,negative,neutral,0.27781784534454346,0.8627976775169373,0.16306699812412262
10,ZKW,A solid piece of journalistic work that draws a picture of a man for whom political expedience became a deadly foreign policy.,1,1,neutral,neutral,0.12491123378276825,0.77679842710495,0.5107685923576355
10,ZKW,"The doofus-on-the-loose banter of Welcome to Collinwood has a cocky, after-hours loopiness to it.",1,0,neutral,negative,0.9233556389808655,0.4491475522518158,0.42664363980293274
10,ZKW,It's the funniest American comedy since Graffiti Bridge.,2,1,positive,neutral,-0.14381074905395508,0.9883611798286438,0.1972673535346985
10,ZKW,Samuel Beckett applied to the Iranian voting process.,1,1,neutral,neutral,0.6718281507492065,0.8446505665779114,0.38027891516685486
10,ZKW,A strangely compelling and brilliantly acted psychological drama.,2,1,positive,neutral,-0.3509831428527832,0.9263979196548462,0.3194431960582733
10,ZKW,"Often gruelling and heartbreaking to witness, but Seldahl and Wollter's sterling performances raise this far above the level of the usual maudlin disease movie.",2,1,positive,neutral,-0.5329895615577698,1.1800950765609741,0.3841386139392853
10,ZKW,"This enthralling documentary... is at once playful and haunting, an in-depth portrait of an iconoclastic artist who was fundamentally unknowable even to his closest friends.",2,1,positive,neutral,-0.21514680981636047,0.8985260128974915,0.33393988013267517
10,ZKW,"I didn't laugh at the ongoing efforts of Cube, and his skinny buddy Mike Epps, to make like Laurel and Hardy'n the hood.",0,1,negative,neutral,-0.39677658677101135,1.0338588953018188,-0.02433682046830654
10,ZKW,"At its best when the guarded, resentful Betty and the manipulative yet needy Margot are front and center.",1,1,neutral,neutral,-0.10577969998121262,1.2031885385513306,0.14145953953266144
10,ZKW,Ford deserves to be remembered at Oscar time for crafting this wonderful portrait of a conflicted soldier.,2,1,positive,neutral,0.32791784405708313,0.7231302857398987,0.15166737139225006
10,ZKW,"That is essentially what's missing from Blackboards -- the sense of something bigger, some ultimate point.",1,1,neutral,neutral,0.6481483578681946,0.7907537817955017,0.381451815366745
10,ZKW,"It's a bizarre curiosity memorable mainly for the way it fritters away its potentially interesting subject matter via a banal script, unimpressive acting and indifferent direction.",1,1,neutral,neutral,-0.17297661304473877,0.8718007206916809,0.3189445436000824
10,ZKW,"While obviously an extremely personal work, it remains inextricably stuck in an emotionally unavailable rut.",1,1,neutral,neutral,0.3104379177093506,0.7884500026702881,0.22038601338863373
10,ZKW,"A dim-witted and lazy spin-off of the Animal Planet documentary series, Crocodile Hunter is entertainment opportunism at its most glaring.",0,1,negative,neutral,-0.09682755917310715,0.982372522354126,0.22616057097911835
10,ZKW,"The good is very, very good... The rest runs from mildly unimpressive to despairingly awful.",1,1,neutral,neutral,-0.19309855997562408,0.77482670545578,0.18520282208919525
10,ZKW,"Methodical, measured, and gently tedious in its comedy, Secret Ballot is a purposefully reductive movie -- which may be why it's so successful at lodging itself in the brain.",2,1,positive,neutral,-0.3949451744556427,1.1629630327224731,0.5514749884605408
10,ZKW,One of the most exciting action films to come out of China in recent years.,2,1,positive,neutral,-0.019620349630713463,0.9315622448921204,0.003433728590607643
10,ZKW,Adam Sandler's Eight Crazy Nights grows on you -- like a rash.,0,2,negative,positive,0.23277518153190613,0.9518296122550964,1.0233054161071777
10,ZKW,"The film feels formulaic, its plot and pacing typical Hollywood war-movie stuff, while the performances elicit more of a sense of deja vu than awe.",0,1,negative,neutral,-0.5567091107368469,0.8977887034416199,0.3858175575733185
10,ZKW,"... pitiful, slapdash disaster.",0,1,negative,neutral,0.48046037554740906,0.6755077838897705,0.4809340536594391
10,ZKW,"As it stands, there's some fine sex onscreen, and some tense arguing, but not a whole lot more.",1,1,neutral,neutral,0.19392451643943787,0.977350115776062,0.4186095595359802
10,ZKW,It's neither as romantic nor as thrilling as it should be.,0,1,negative,neutral,-0.3812166452407837,0.5405258536338806,0.14317931234836578
10,ZKW,Returning director Rob Minkoff... and screenwriter Bruce Joel Rubin... have done a fine job of updating White's dry wit to a new age.,2,1,positive,neutral,-0.3670763373374939,0.9868292212486267,0.31131860613822937
10,ZKW,"The Venezuelans say things like ``si, pretty much'' and ``por favor, go home'' when talking to Americans.",1,1,neutral,neutral,-0.008463969454169273,1.0060635805130005,0.29700130224227905
10,ZKW,"If you already like this sort of thing, this is that sort of thing all over again.",1,1,neutral,neutral,0.17983946204185486,0.9974396228790283,0.6131681203842163
10,ZKW,An awful movie that will only satisfy the most emotionally malleable of filmgoers.,0,1,negative,neutral,0.48127663135528564,0.6366243362426758,0.26956555247306824
10,ZKW,"This is an extraordinary film, not least because it is Japanese and yet feels universal.",2,1,positive,neutral,-0.004102809354662895,0.8294530510902405,-0.060516975820064545
10,ZKW,"Aptly named, this shimmering, beautifully costumed and filmed production doesn't work for me.",1,1,neutral,neutral,0.015176000073552132,0.848171055316925,0.24660566449165344
10,ZKW,"If Borstal Boy isn't especially realistic, it is an engaging nostalgia piece.",1,1,neutral,neutral,0.15316668152809143,0.6958940625190735,0.4701630771160126
10,ZKW,Griffiths proves she's that rare luminary who continually raises the standard of her profession.,2,1,positive,neutral,0.30515310168266296,0.8284181356430054,0.16956646740436554
10,ZKW,"The asylum material is gripping, as are the scenes of Jia with his family.",2,1,positive,neutral,0.21922944486141205,0.7139940857887268,0.048119910061359406
10,ZKW,"... by the time it's done with us, Mira Nair's new movie has its audience giddy with the delight of discovery, of having been immersed in a foreign culture only to find that human nature is pretty much the same all over.",2,1,positive,neutral,-0.7779194712638855,0.7449933290481567,0.33591726422309875
10,ZKW,... about as exciting to watch as two last-place basketball teams playing one another on the final day of the season.,0,1,negative,neutral,0.0894567221403122,0.8054967522621155,0.10094157606363297
10,ZKW,Girls gone wild and gone civil again,1,1,neutral,neutral,-0.30203062295913696,0.837015688419342,0.3240136206150055
10,ZKW,To say Analyze That is De Niro's best film since Meet the Parents sums up the sad state of his recent career.,1,1,neutral,neutral,0.063572458922863,0.7971442341804504,0.44574272632598877
10,ZKW,"Like being trapped inside a huge video game, where exciting, inane images keep popping past your head and the same illogical things keep happening over and over again.",1,1,neutral,neutral,-0.10849253833293915,0.9389517903327942,0.5128088593482971
10,ZKW,`Enigma' is the kind of engaging historical drama that Hollywood appears to have given up on in favor of sentimental war movies in the vein of `We Were Soldiers.',1,1,neutral,neutral,-0.3754934072494507,0.6624550223350525,0.43004104495048523
10,ZKW,The Rock has a great presence but one battle after another is not the same as one battle followed by killer CGI effects.,1,1,neutral,neutral,0.060580309480428696,1.1705690622329712,0.4441184103488922
10,ZKW,Visually sumptuous but intellectually stultifying.,1,1,neutral,neutral,-0.40509721636772156,0.7346338629722595,0.41999390721321106
10,ZKW,"So young, so smart, such talent, such a wise ***.",2,1,positive,neutral,0.22341561317443848,0.7812274694442749,0.5529469847679138
10,ZKW,"The problem is that for the most part, the film is deadly dull.",0,1,negative,neutral,0.009067939594388008,0.6864427328109741,0.4478479325771332
10,ZKW,A thinly veiled look at different aspects of Chinese life clashing with each other.,1,1,neutral,neutral,0.5101548433303833,0.5975640416145325,0.2562309205532074
10,ZKW,An exhilarating experience.,2,2,positive,positive,0.257975697517395,0.43765881657600403,1.035055160522461
10,ZKW,Its vision of that awkward age when sex threatens to overwhelm everything else is acute enough to make everyone who has been there squirm with recognition.,1,1,neutral,neutral,-0.22679486870765686,1.063134789466858,0.46888020634651184
10,ZKW,Remarkably accessible and affecting.,2,2,positive,positive,-0.695850670337677,0.39222708344459534,0.5885415077209473
10,ZKW,"The climactic events are so well realized that you may forget all about the original conflict, just like the movie does.",1,1,neutral,neutral,-0.06329478323459625,0.9014851450920105,0.23472534120082855
10,ZKW,Distinctly sub-par... more likely to drown a viewer in boredom than to send any shivers down his spine.,0,1,negative,neutral,-0.13539555668830872,0.5034627914428711,0.04611606150865555
10,ZKW,Godard's ode to tackling life's wonderment is a rambling and incoherent manifesto about the vagueness of topical excess... In Praise of Love remains a ponderous and pretentious endeavor that's unfocused and tediously exasperating.,0,1,negative,neutral,-0.38702309131622314,1.033299207687378,0.3446553647518158
10,ZKW,"We never truly come to care about the main characters and whether or not they'll wind up together, and Michele's spiritual quest is neither amusing nor dramatic enough to sustain interest.",0,1,negative,neutral,-0.8215042948722839,0.9613550305366516,0.23238308727741241
10,ZKW,"Most haunting about ``Fence'' is its conclusion, when we hear the ultimate fate of these girls and realize, much to our dismay, that this really did happen.",2,1,positive,neutral,-0.13453198969364166,1.0261472463607788,0.2562253773212433
10,ZKW,"Bogdanovich taps deep into the Hearst mystique, entertainingly reenacting a historic scandal.",2,0,positive,negative,0.5264531970024109,0.5242921710014343,0.24430428445339203
10,ZKW,"Peralta's mythmaking could have used some informed, adult hindsight.",1,1,neutral,neutral,0.10485552996397018,1.049757719039917,0.13868819177150726
10,ZKW,"``My god, I'm behaving like an idiot!''",1,2,neutral,positive,0.008524173870682716,0.6175618171691895,0.7445549368858337
10,ZKW,"Devos and Cassel have tremendous chemistry -- their sexual and romantic tension, while never really vocalized, is palpable.",2,1,positive,neutral,0.3149223327636719,0.9321056604385376,0.6475666761398315
10,ZKW,"As a girl-meets-girl romantic comedy, Kissing Jessica Steinis quirky, charming and often hilarious.",2,1,positive,neutral,-0.021041003987193108,1.2902432680130005,0.6210554242134094
10,ZKW,Gollum's `performance' is incredible!,2,1,positive,neutral,-0.6612452268600464,0.7784448862075806,0.10928548127412796
10,ZKW,"... a haunting vision, with images that seem more like disturbing hallucinations.",0,1,negative,neutral,0.4177763760089874,0.9376058578491211,0.26103994250297546
10,ZKW,"As a remake, it's a pale imitation.",0,1,negative,neutral,0.6696033477783203,0.7708524465560913,0.5957992672920227
10,ZKW,Adults will certainly want to spend their time in the theater thinking up grocery lists and ways to tell their kids how not to act like Pinocchio.,1,1,neutral,neutral,-0.19023461639881134,1.0713871717453003,0.24721263349056244
10,ZKW,"Not as distinctive or even as humorous as its needs to be to stand out, but it has clearly been made with affection and care.",1,1,neutral,neutral,0.18194159865379333,1.012100100517273,0.3046240508556366
10,ZKW,A generic family comedy unlikely to be appreciated by anyone outside the under-10 set.,0,1,negative,neutral,0.2477438747882843,0.8487967848777771,-0.016197314485907555
10,ZKW,"An amalgam of The Fugitive, Blade Runner, and Total Recall, only without much energy or tension.",1,1,neutral,neutral,0.5246871709823608,1.017084002494812,0.30582305788993835
10,ZKW,"Everything its title implies, a standard-issue crime drama spat out from the Tinseltown assembly line.",1,1,neutral,neutral,0.19088491797447205,0.7640431523323059,0.21946121752262115
10,ZKW,"This odd, poetic road movie, spiked by jolts of pop music, pretty much takes place in Morton's ever-watchful gaze -- and it's a tribute to the actress, and to her inventive director, that the journey is such a mesmerizing one.",2,1,positive,neutral,-0.6360833048820496,1.1361619234085083,0.13818511366844177
10,ZKW,"Co-writer/director Jonathan Parker's attempts to fashion a Brazil-like, hyper-real satire fall dreadfully short.",0,1,negative,neutral,-0.03081326000392437,0.7663261294364929,0.01640627719461918
10,ZKW,"An amateurish, quasi-improvised acting exercise shot on ugly digital video.",0,1,negative,neutral,0.14075078070163727,0.8960505127906799,0.3549351990222931
10,ZKW,"``The Kid Stays in the Picture'' is a great story, terrifically told by the man who wrote it but this Cliff Notes edition is a cheat.",1,1,neutral,neutral,-0.2877049148082733,1.2042135000228882,0.3337947428226471
10,ZKW,"A gratingly unfunny groaner littered with zero-dimensional, unlikable characters and hackneyed, threadbare comic setups.",0,1,negative,neutral,0.2902883291244507,0.8874531984329224,0.3539360761642456
10,ZKW,"While this gentle and affecting melodrama will have luvvies in raptures, it's far too slight and introspective to appeal to anything wider than a niche audience.",1,1,neutral,neutral,-0.09398074448108673,0.9562584757804871,0.4781874716281891
10,ZKW,Griffin & Co. manage to be spectacularly outrageous.,2,1,positive,neutral,-0.6791115999221802,0.7329594492912292,0.1783549040555954
10,ZKW,"A profoundly stupid affair, populating its hackneyed and meanspirited storyline with cardboard characters and performers who value cash above credibility.",0,1,negative,neutral,0.20085129141807556,0.93997722864151,0.484304279088974
10,ZKW,"Warm Water Under a Red Bridge is a quirky and poignant Japanese film that explores the fascinating connections between women, water, nature, and sexuality.",2,1,positive,neutral,-0.49109089374542236,1.1378127336502075,0.3280174434185028
10,ZKW,It isn't that Stealing Harvard is a horrible movie -- if only it were that grand a failure!,0,1,negative,neutral,0.06158052757382393,0.9790803790092468,0.15242531895637512
10,ZKW,It just doesn't have much else... especially in a moral sense.,1,1,neutral,neutral,0.21588385105133057,0.5897068977355957,0.32898080348968506
10,ZKW,Those unfamiliar with Mormon traditions may find The Singles Ward occasionally bewildering.,1,1,neutral,neutral,0.44630253314971924,1.0594582557678223,0.5587757229804993
10,ZKW,"Viewed as a comedy, a romance, a fairy tale, or a drama, there's nothing remotely triumphant about this motion picture.",1,1,neutral,neutral,-0.1536109447479248,1.129938006401062,0.3318301737308502
10,ZKW,"But the talented cast alone will keep you watching, as will the fight scenes.",2,1,positive,neutral,0.26930418610572815,0.750547468662262,0.026517460122704506
10,ZKW,It's solid and affecting and exactly as thought-provoking as it should be.,2,1,positive,neutral,0.22611141204833984,0.7107893824577332,0.13575880229473114
10,ZKW,"Thanks largely to Williams, all the interesting developments are processed in 60 minutes -- the rest is just an overexposed waste of film.",0,1,negative,neutral,-0.38222748041152954,0.9748126268386841,0.323576956987381
10,ZKW,"Cantet perfectly captures the hotel lobbies, two-lane highways, and roadside cafes that permeate Vincent's days",2,1,positive,neutral,-0.2959422171115875,0.9413877129554749,-0.05683249980211258
10,ZKW,"An important movie, a reminder of the power of film to move us and to make us examine our values.",2,1,positive,neutral,-0.5402160882949829,0.8525758981704712,0.16786736249923706
10,ZKW,"Too much of this well-acted but dangerously slow thriller feels like a preamble to a bigger, more complicated story, one that never materializes.",0,1,negative,neutral,-0.0649641901254654,0.867277979850769,0.11896044760942459
10,ZKW,A richly imagined and admirably mature work from a gifted director who definitely has something on his mind.,2,1,positive,neutral,-0.14494208991527557,0.9559476971626282,0.15618126094341278
10,ZKW,"The art direction is often exquisite, and the anthropomorphic animal characters are beautifully realized through clever makeup design, leaving one to hope that the eventual DVD release will offer subtitles and the original Italian-language soundtrack.",2,1,positive,neutral,-0.8312670588493347,1.138901710510254,0.2912842333316803
10,ZKW,"... Jones, despite a definitely distinctive screen presence, just isn't able to muster for a movie that, its title notwithstanding, should have been a lot nastier if it wanted to fully capitalize on its lead's specific gifts.",1,1,neutral,neutral,-0.923440158367157,1.0243988037109375,0.30721887946128845
10,ZKW,But what's nice is that there's a casual intelligence that permeates the script.,2,1,positive,neutral,0.5265016555786133,0.860058069229126,0.44958198070526123
10,ZKW,Wedding feels a bit anachronistic.,0,1,negative,neutral,-0.8489447236061096,1.0149881839752197,0.3333069980144501
10,ZKW,"An action/thriller of the finest kind, evoking memories of Day of the Jackal, The French Connection, and Heat.",2,1,positive,neutral,0.20545585453510284,0.8349307775497437,0.3004002273082733
10,ZKW,"This picture is murder by numbers, and as easy to be bored by as your ABC's, despite a few whopping shootouts.",0,1,negative,neutral,0.24018891155719757,1.0077520608901978,0.2504819631576538
10,ZKW,"Every individual will see the movie through the prism of his or her own beliefs and prejudices, but the one thing most will take away is the sense that peace is possible.",2,1,positive,neutral,-0.21838121116161346,1.0260056257247925,0.3058840334415436
10,ZKW,"Feels slight, as if it were an extended short, albeit one made by the smartest kids in class.",1,1,neutral,neutral,-0.20740486681461334,0.9219720363616943,0.26139429211616516
10,ZKW,The picture doesn't know it's a comedy.,1,1,neutral,neutral,-0.03738446533679962,0.7263540625572205,0.3269713521003723
10,ZKW,A classy item by a legend who may have nothing left to prove but still has the chops and drive to show how its done.,2,1,positive,neutral,-0.25362855195999146,0.9461716413497925,0.4090821444988251
10,ZKW,"Starts out mediocre, spirals downward, and thuds to the bottom of the pool with an utterly incompetent conclusion.",0,1,negative,neutral,0.18341685831546783,0.8379603624343872,0.6806639432907104
10,ZKW,The sort of movie that gives tastelessness a bad rap.,0,1,negative,neutral,0.2568334639072418,0.7786566615104675,0.5748070478439331
10,ZKW,Its engaging simplicity is driven by appealing leads.,2,1,positive,neutral,-0.007452817168086767,0.8097715973854065,0.38954904675483704
10,ZKW,"Fans of the TV series will be disappointed, and everyone else will be slightly bored.",1,1,neutral,neutral,-0.10272426158189774,0.8840526938438416,0.09514623880386353
10,ZKW,"It's a head-turner -- thoughtfully written, beautifully read and, finally, deeply humanizing.",2,1,positive,neutral,0.021831918507814407,0.7506867051124573,0.20859064161777496
10,ZKW,"It's not a particularly good film, but neither is it a monsterous one.",1,1,neutral,neutral,0.20506250858306885,1.0902372598648071,0.09010844677686691
10,ZKW,Men in Black II achieves ultimate insignificance -- it's the sci-fi comedy spectacle as Whiffle-Ball epic.,0,1,negative,neutral,0.04987592622637749,1.06839919090271,0.14032287895679474
10,ZKW,Martyr gets royally screwed and comes back for more.,1,1,neutral,neutral,0.3069750666618347,0.9334381222724915,0.4418918788433075
11,ZMG,Presents a good case while failing to provide a reason for us to care beyond the very basic dictums of human decency.,1,1,neutral,neutral,-0.4175370931625366,-0.2667500972747803,-0.364667147397995
11,ZMG,"Beautifully crafted, engaging filmmaking that should attract upscale audiences hungry for quality and a nostalgic, twisty yarn that will keep them guessing.",2,2,positive,positive,-0.482407808303833,-0.2549358904361725,-0.25059640407562256
11,ZMG,"Bread, My Sweet has so many flaws it would be easy for critics to shred it.",0,1,negative,neutral,-0.35689815878868103,-0.20942680537700653,-0.3889876902103424
11,ZMG,"Slow, silly and unintentionally hilarious.",1,0,neutral,negative,-0.2210833728313446,-0.413693904876709,-0.5097946524620056
11,ZMG,"Ultimately feels empty and unsatisfying, like swallowing a Communion wafer without the wine.",0,1,negative,neutral,-0.28580573201179504,-0.2100214809179306,-0.38434460759162903
11,ZMG,Exudes the fizz of a Busby Berkeley musical and the visceral excitement of a sports extravaganza.,2,2,positive,positive,-0.30841368436813354,-0.3322586417198181,-0.30189716815948486
11,ZMG,The film rehashes several old themes and is capped with pointless extremes -- it's insanely violent and very graphic.,0,0,negative,negative,-0.2016906440258026,-0.42146408557891846,-0.43382009863853455
11,ZMG,"Ryan Gosling is, in a word, brilliant as the conflicted Daniel.",2,0,positive,negative,-0.14575549960136414,-0.2466384321451187,-0.36033448576927185
11,ZMG,"If Deuces Wild had been tweaked up a notch it would have become a camp adventure, one of those movies that's so bad it starts to become good.",1,2,neutral,positive,-0.44489333033561707,-0.3414461016654968,-0.3174070417881012
11,ZMG,The film's stagecrafts are intimate and therefore bolder than the otherwise calculated artifice that defines and overwhelms the film's production design.,1,1,neutral,neutral,-0.506420910358429,-0.3678790330886841,-0.39002689719200134
11,ZMG,"Frida is certainly no disaster, but neither is it the Kahlo movie Frida fans have been looking for.",1,1,neutral,neutral,-0.42782559990882874,-0.25023511052131653,-0.47396960854530334
11,ZMG,The film often achieves a mesmerizing poetry.,2,0,positive,negative,-0.19766810536384583,-0.2675302028656006,-0.2976095378398895
11,ZMG,A work of astonishing delicacy and force.,2,1,positive,neutral,-0.3352036476135254,-0.07499714940786362,-0.16344887018203735
11,ZMG,"The movie's plot is almost entirely witless and inane, carrying every gag two or three times beyond its limit to sustain a laugh.",0,1,negative,neutral,-0.5119889378547668,-0.25071296095848083,-0.28446662425994873
11,ZMG,"For the most part, the ingredients are there.",1,1,neutral,neutral,-0.35959458351135254,-0.18413807451725006,-0.2500847280025482
11,ZMG,"But if you've paid a matinee price and bought a big tub of popcorn, there's guilty fun to be had here.",1,1,neutral,neutral,-0.31966128945350647,-0.24873478710651398,-0.318422794342041
11,ZMG,"There's not much to Fatale, outside of its stylish surprises... but that's OK.",1,1,neutral,neutral,-0.34572598338127136,-0.301818311214447,-0.3898167610168457
11,ZMG,"The acting is stiff, the story lacks all trace of wit, the sets look like they were borrowed from Gilligan's Island -- and the CGI Scooby might well be the worst special-effects creation of the year.",0,1,negative,neutral,-0.6201211810112,-0.1984526813030243,-0.2399817556142807
11,ZMG,"This version moves beyond the original's nostalgia for the communal film experiences of yesteryear to a deeper realization of cinema's inability to stand in for true, lived experience.",1,2,neutral,positive,-0.5104665160179138,-0.3690582513809204,-0.27864035964012146
11,ZMG,"There's no palpable chemistry between Lopez and male lead Ralph Fiennes, plus the script by Working Girl scribe Kevin Wade is workmanlike in the extreme.",0,1,negative,neutral,-0.44246992468833923,-0.21002204716205597,-0.3209587335586548
11,ZMG,"A first-class, thoroughly involving B movie that effectively combines two surefire, beloved genres -- the prison flick and the fight film.",2,1,positive,neutral,-0.38389575481414795,-0.31277555227279663,-0.48033204674720764
11,ZMG,The film is so bad it doesn't improve upon the experience of staring at a blank screen.,0,0,negative,negative,-0.18914279341697693,-0.30188536643981934,-0.36138036847114563
11,ZMG,Weiss and Speck never make a convincing case for the relevance of these two 20th-century footnotes.,1,0,neutral,negative,-0.3458239734172821,-0.40725240111351013,-0.35956892371177673
11,ZMG,Another Best of the Year selection.,2,1,positive,neutral,-0.3012758195400238,-0.010888343676924706,-0.4576452672481537
11,ZMG,It's all a rather shapeless good time...,1,1,neutral,neutral,-0.4217839539051056,-0.29726576805114746,-0.3446209728717804
11,ZMG,"Same song, second verse, coulda been better, but it coulda been worse.",1,0,neutral,negative,-0.17172759771347046,-0.22106806933879852,-0.3852926790714264
11,ZMG,I love the robust middle of this picture.,2,2,positive,positive,-0.18819469213485718,-0.2831685245037079,-0.12902621924877167
11,ZMG,"That's not vintage Spielberg and that, finally, is minimally satisfying.",1,0,neutral,negative,-0.24315136671066284,-0.32669752836227417,-0.3544505834579468
11,ZMG,The soundtrack alone is worth the price of admission.,2,0,positive,negative,-0.29616281390190125,-0.31325048208236694,-0.4571440517902374
11,ZMG,"For the rest of us, sitting through Dahmer's two hours amounts to little more than punishment.",0,0,negative,negative,-0.2450057864189148,-0.39574694633483887,-0.6297823190689087
11,ZMG,"Featuring a dangerously seductive performance from the great Daniel Auteuil, ``Sade'' covers the same period as Kaufmann's ``Quills'' with more unsettlingly realistic results.",2,1,positive,neutral,-0.3972032964229584,-0.34415173530578613,-0.39742591977119446
11,ZMG,"The movie is for fans who can't stop loving anime, and the fanatical excess built into it.",1,0,neutral,negative,-0.2921575903892517,-0.3684704005718231,-0.45336052775382996
11,ZMG,"The Ring is worth a look, if you don't demand much more than a few cheap thrills from your Halloween entertainment.",1,1,neutral,neutral,-0.29847604036331177,-0.23935449123382568,-0.38491714000701904
11,ZMG,"Beautifully observed, miraculously unsentimental comedy-drama.",2,0,positive,negative,-0.28819432854652405,-0.3702324628829956,-0.3823692798614502
11,ZMG,"What makes How I Killed My Father compelling, besides its terrific performances, is Fontaine's willingness to wander into the dark areas of parent-child relationships without flinching.",2,2,positive,positive,-0.405406653881073,-0.3538796901702881,-0.32761284708976746
11,ZMG,"This hastily mounted production exists only to capitalize on Hopkins' inclination to play Hannibal Lecter again, even though Harris has no immediate inclination to provide a fourth book.",0,1,negative,neutral,-0.6290958523750305,-0.27249225974082947,-0.34536874294281006
11,ZMG,Bullock's complete lack of focus and ability quickly derails the film.,0,0,negative,negative,-0.17196407914161682,-0.2956976294517517,-0.47239193320274353
11,ZMG,"... a plotline that's as lumpy as two-day old porridge... the filmmakers' paws, sad to say, were all over this ``un-bear-able'' project!",0,1,negative,neutral,-0.27837851643562317,-0.21711422502994537,-0.3649778962135315
11,ZMG,Crush could be the worst film a man has made about women since Valley of the Dolls.,0,1,negative,neutral,-0.2913821041584015,-0.1462632566690445,-0.46368443965911865
11,ZMG,"Reassuring, retro uplifter.",2,1,positive,neutral,-0.2797725200653076,-0.030316947028040886,-0.23730793595314026
11,ZMG,Flaccid drama and exasperatingly slow journey.,0,0,negative,negative,-0.32346922159194946,-0.3548811972141266,-0.4262484014034271
11,ZMG,The Movie will reach far beyond its core demographic.,2,2,positive,positive,-0.14465808868408203,-0.2673361301422119,-0.12267637997865677
11,ZMG,How did it ever get made?,0,1,negative,neutral,-0.44547033309936523,-0.1596945971250534,-0.2654235064983368
11,ZMG,I like the new footage and still love the old stuff.,2,2,positive,positive,-0.3323603570461273,-0.4160025715827942,-0.2714054584503174
11,ZMG,"It briefly flirts with player masochism, but the point of real interest -- audience sadism -- is evaded completely.",1,1,neutral,neutral,-0.350638210773468,-0.23912450671195984,-0.2553807497024536
11,ZMG,Could The Country Bears really be as bad as its trailers?,0,0,negative,negative,-0.29846394062042236,-0.3358412981033325,-0.44513794779777527
11,ZMG,"At times, the movie looks genuinely pretty.",2,0,positive,negative,-0.21988773345947266,-0.2707470655441284,-0.3894646465778351
11,ZMG,It depends on how well flatulence gags fit into your holiday concept.,1,1,neutral,neutral,-0.2728196978569031,-0.26167505979537964,-0.32692649960517883
11,ZMG,"Sparkling, often hilarious romantic jealousy comedy... Attal looks so much like a young Robert DeNiro that it seems the film should instead be called `My Husband Is Travis Bickle'.",2,2,positive,positive,-0.47850745916366577,-0.36675697565078735,-0.2645746171474457
11,ZMG,"I did go back and check out the last 10 minutes, but these were more repulsive than the first 30 or 40 minutes.",0,2,negative,positive,-0.5191185474395752,-0.2177380919456482,-0.21346502006053925
11,ZMG,"A lousy movie that's not merely unwatchable, but also unlistenable.",0,0,negative,negative,-0.20309782028198242,-0.3071308434009552,-0.47328490018844604
11,ZMG,One of the best films of the year with its exploration of the obstacles to happiness faced by five contemporary individuals... a psychological masterpiece.,2,1,positive,neutral,-0.42226243019104004,-0.24978111684322357,-0.3430769443511963
11,ZMG,"A strong script, powerful direction and splendid production design allows us to be transported into the life of Wladyslaw Szpilman, who is not only a pianist, but a good human being.",2,2,positive,positive,-0.41525977849960327,-0.3330235481262207,-0.17402403056621552
11,ZMG,"But here's the real damn: It isn't funny, either.",0,0,negative,negative,-0.210138738155365,-0.3929375410079956,-0.41741469502449036
11,ZMG,"Qutting may be a flawed film, but it is nothing if not sincere.",1,0,neutral,negative,-0.2743155062198639,-0.48279643058776855,-0.30162313580513
11,ZMG,It's a fanboy `what if?',1,1,neutral,neutral,-0.32319730520248413,-0.1544090062379837,-0.19144219160079956
11,ZMG,... something appears to have been lost in the translation this time.,0,1,negative,neutral,-0.2243441939353943,-0.1950778216123581,-0.42925533652305603
11,ZMG,"Like a documentary version of Fight Club, shorn of social insight, intellectual pretension and cinematic interest.",1,1,neutral,neutral,-0.49087223410606384,-0.39822569489479065,-0.40912696719169617
11,ZMG,"Stephen Rea, Aidan Quinn, and Alan Bates play Desmond's legal eagles, and when joined by Brosnan, the sight of this grandiloquent quartet lolling in pretty Irish settings is a pleasant enough thing, `tis.",2,2,positive,positive,-0.5325161814689636,-0.2902347445487976,-0.18715791404247284
11,ZMG,An intriguing and entertaining introduction to Johnson.,2,0,positive,negative,-0.24130558967590332,-0.43001431226730347,-0.39345571398735046
11,ZMG,Everything was as superficial as the forced New Jersey lowbrow accent Uma had.,0,0,negative,negative,-0.2442624568939209,-0.3649658262729645,-0.3391675353050232
11,ZMG,"Despite the holes in the story and the somewhat predictable plot, moments of the movie caused me to jump in my chair...",1,0,neutral,negative,-0.3044961094856262,-0.4316886067390442,-0.5093823671340942
11,ZMG,`How many more voyages can this limping but dearly-loved franchise survive?',1,0,neutral,negative,-0.3184492588043213,-0.3277501165866852,-0.6207714676856995
11,ZMG,If only the story about a multi-million dollar con bothered to include the con.,1,0,neutral,negative,-0.29441261291503906,-0.4273393452167511,-0.4676884114742279
11,ZMG,"It is supremely unfunny and unentertaining to watch middle-age and older men drink to excess, piss on trees, b.s. one another and put on a show in drag.",0,2,negative,positive,-0.46912509202957153,-0.3514138460159302,-0.34831684827804565
11,ZMG,"Only a few minutes elapse before the daddy of all slashers arrives, still with the boiler suit and white mask, which look remarkably clean for a guy who has been mass-murdering since 1978 but has never been seen doing laundry.",1,1,neutral,neutral,-0.7109230160713196,-0.2624397575855255,-0.2953965961933136
11,ZMG,"Showtime is one of the hapless victims of the arrogant ``if we put together a wry white man and a chatty black man and give them guns, the movie will be funny'' syndrome.",0,2,negative,positive,-0.5152742266654968,-0.259110689163208,-0.1975877732038498
11,ZMG,"Whatever heartwarming scene the impressively discreet filmmakers may have expected to record with their mini DV, they show a remarkable ability to document both sides of this emotional car-wreck.",2,2,positive,positive,-0.628035843372345,-0.30621519684791565,-0.12451580166816711
11,ZMG,"A zombie movie in every sense of the word -- mindless, lifeless, meandering, loud, painful, obnoxious.",0,0,negative,negative,-0.22435009479522705,-0.5006017088890076,-0.6362714767456055
11,ZMG,"It has fun with the quirks of family life, but it also treats the subject with fondness and respect.",2,1,positive,neutral,-0.3851333260536194,-0.37385767698287964,-0.480020672082901
11,ZMG,"Novak manages to capture a cruelly hilarious vein of black comedy in the situation with his cast of non-actors and a gritty, no-budget approach.",2,2,positive,positive,-0.4179832935333252,-0.5061998963356018,-0.35968509316444397
11,ZMG,"Since Lee is a sentimentalist, the film is more worshipful than your random E!",1,1,neutral,neutral,-0.3484349250793457,-0.24694819748401642,-0.4388955235481262
11,ZMG,"The movie is almost completely lacking in suspense, surprise and consistent emotional conviction.",0,0,negative,negative,-0.06948351860046387,-0.35892149806022644,-0.3966757357120514
11,ZMG,"High Crimes knows the mistakes that bad movies make and is determined not to make them, and maybe that is nobility of a sort.",1,2,neutral,positive,-0.3909209370613098,-0.4044796824455261,-0.2835284173488617
11,ZMG,But it's too long and too convoluted and it ends in a muddle.,0,1,negative,neutral,-0.3395746946334839,-0.2996150851249695,-0.6458756327629089
11,ZMG,This thing works on no level whatsoever for me.,0,1,negative,neutral,-0.3457658290863037,-0.132894366979599,-0.38907870650291443
11,ZMG,... a bland murder-on-campus yawner.,0,2,negative,positive,-0.5349504351615906,-0.5059790015220642,-0.4857121407985687
11,ZMG,"One of the finest, most humane and important Holocaust movies ever made.",2,0,positive,negative,-0.09612971544265747,-0.46546900272369385,-0.5604618191719055
11,ZMG,"Suffers from rambling, repetitive dialogue and the visual drabness endemic to digital video.",0,0,negative,negative,-0.20682570338249207,-0.5012707114219666,-0.5461264252662659
11,ZMG,"The twist that ends the movie is the one with the most emotional resonance, but twists are getting irritating, and this is the kind of material where the filmmakers should be very careful about raising eyebrows.",1,2,neutral,positive,-0.5914488434791565,-0.34535083174705505,-0.2337946742773056
11,ZMG,"Angel presents events partly from the perspective of Aurelie and Christelle, and infuses the film with the sensibility of a particularly nightmarish fairytale.",1,2,neutral,positive,-0.5812886953353882,-0.3564125597476959,-0.3132805824279785
11,ZMG,Features one of the most affecting depictions of a love affair ever committed to film.,2,0,positive,negative,-0.3255157768726349,-0.45013296604156494,-0.6699387431144714
11,ZMG,It is intensely personal and yet -- unlike Quills -- deftly shows us the temper of the times.,2,1,positive,neutral,-0.4152527451515198,-0.3312438130378723,-0.396445631980896
11,ZMG,"Even as I valiantly struggled to remain interested, or at least conscious, I could feel my eyelids... getting... very... heavy...",0,2,negative,positive,-0.45821768045425415,-0.4554975628852844,-0.39487767219543457
11,ZMG,"... a solid, well-formed satire.",2,0,positive,negative,-0.24166297912597656,-0.28863540291786194,-0.6298288702964783
11,ZMG,Deserves high marks for political courage but barely gets by on its artistic merits.,1,1,neutral,neutral,-0.35399511456489563,-0.23669826984405518,-0.29436105489730835
11,ZMG,Read My Lips is to be viewed and treasured for its extraordinary intelligence and originality as well as its lyrical variations on the game of love.,2,0,positive,negative,-0.2802931070327759,-0.4406464695930481,-0.44248875975608826
11,ZMG,"... creates a visceral sense of its characters' lives and conflicted emotions that carries it far above... what could have been a melodramatic, Lifetime Channel-style anthology.",1,1,neutral,neutral,-0.4928908348083496,-0.2370409518480301,-0.3427797853946686
11,ZMG,Reeks of rot and hack work from start to finish.,1,1,neutral,neutral,-0.3705238699913025,-0.3335323631763458,-0.4986321032047272
11,ZMG,Just how these families interact may surprise you.,1,0,neutral,negative,-0.3324948251247406,-0.43714308738708496,-0.8002344369888306
11,ZMG,"The Movie is what happens when you blow up small potatoes to 10 times their natural size, and it ain't pretty.",0,1,negative,neutral,-0.4702288806438446,-0.2528208792209625,-0.5461181402206421
11,ZMG,"Even a hardened voyeur would require the patience of Job to get through this interminable, shapeless documentary about the swinging subculture.",0,0,negative,negative,-0.3946417570114136,-0.4121551811695099,-0.5101234316825867
11,ZMG,"Creepy, authentic and dark.",1,0,neutral,negative,-0.24014151096343994,-0.331223726272583,-0.5841909646987915
11,ZMG,A lame romantic comedy about an unsympathetic character and someone who would not likely be so stupid as to get involved with her.,0,2,negative,positive,-0.5551261901855469,-0.37650054693222046,-0.28990355134010315
11,ZMG,"At its worst the screenplay is callow, but at its best it is a young artist's thoughtful consideration of fatherhood.",1,0,neutral,negative,-0.21661770343780518,-0.24687545001506805,-0.6982854008674622
11,ZMG,At 78 minutes it just zings along with vibrance and warmth.,2,1,positive,neutral,-0.27669158577919006,-0.2642609179019928,-0.5854587554931641
11,ZMG,"Only an epic documentary could get it all down, and Spike Lee's Jim Brown: All American at long last gives its subject a movie worthy of his talents.",2,1,positive,neutral,-0.39133331179618835,-0.2649986743927002,-0.48512664437294006
11,ZMG,"As quiet, patient and tenacious as Mr. Lopez himself, who approaches his difficult, endless work with remarkable serenity and discipline.",2,1,positive,neutral,-0.4487297534942627,-0.39376091957092285,-0.535252034664154
11,ZMG,"Instead of hiding Pinocchio from critics, Miramax should have hidden it from everyone.",0,0,negative,negative,-0.22698742151260376,-0.2919943034648895,-0.6221303343772888
11,ZMG,What a great shame that such a talented director as Chen Kaige has chosen to make his English-language debut with a film so poorly plotted and scripted.,0,1,negative,neutral,-0.4679117798805237,-0.31791767477989197,-0.4896790683269501
11,ZMG,Jeffs has created a breathtakingly assured and stylish work of spare dialogue and acute expressiveness.,2,0,positive,negative,-0.22192227840423584,-0.3471309542655945,-0.6112203598022461
11,ZMG,"Just about the best straight-up, old-school horror film of the last 15 years.",2,1,positive,neutral,-0.29655253887176514,-0.27860867977142334,-0.6874816417694092
11,ZMG,"Gosling creates a staggeringly compelling character, a young man whose sharp intellect is at the very root of his contradictory, self-hating, self-destructive ways.",2,1,positive,neutral,-0.492034912109375,-0.23350019752979279,-0.5425611138343811
11,ZMG,"I thought the relationships were wonderful, the comedy was funny, and the love `real'.",2,0,positive,negative,-0.2856867015361786,-0.32045820355415344,-0.5551537871360779
11,ZMG,Better at putting you to sleep than a sound machine.,0,1,negative,neutral,-0.5245064496994019,-0.23520241677761078,-0.630831241607666
11,ZMG,Feels less like a cousin to Blade Runner than like a bottom-feeder sequel in the Escape From New York series.,0,1,negative,neutral,-0.3272523283958435,-0.20562683045864105,-0.4576650559902191
11,ZMG,"Elegantly produced and expressively performed, the six musical numbers crystallize key plot moments into minutely detailed wonders of dreamlike ecstasy.",2,1,positive,neutral,-0.4490201771259308,-0.24810083210468292,-0.5051634907722473
11,ZMG,"Ultimate X is a ride, basically the kind of greatest-hits reel that might come with a subscription to ESPN the Magazine.",1,0,neutral,negative,-0.27978968620300293,-0.3347380757331848,-0.5549182891845703
11,ZMG,"Celebrated at Sundance, this slight comedy of manners has winning performances and a glossy, glib charm that's hard to beat.",2,1,positive,neutral,-0.5067339539527893,-0.33643418550491333,-0.5907747149467468
11,ZMG,"Apparently, romantic comedy with a fresh point of view just doesn't figure in the present Hollywood program.",0,0,negative,negative,-0.3816973567008972,-0.386351615190506,-0.6728003621101379
11,ZMG,That Haynes can both maintain and dismantle the facades that his genre and his character construct is a wonderous accomplishment of veracity and narrative grace.,2,1,positive,neutral,-0.3954712748527527,-0.37114134430885315,-0.5863121747970581
11,ZMG,"Some elements of it really blow the big one, but other parts are decent.",1,1,neutral,neutral,-0.3304276466369629,-0.24296504259109497,-0.7049499750137329
11,ZMG,"No French people were harmed during the making of this movie, but they were insulted and the audience was put through torture for an hour and a half.",0,1,negative,neutral,-0.4191933870315552,-0.3198821544647217,-0.4653647541999817
11,ZMG,"I was feeling this movie until it veered off too far into the Exxon zone, and left me behind at the station looking for a return ticket to realism.",0,1,negative,neutral,-0.48933514952659607,-0.3417755365371704,-0.427550345659256
11,ZMG,The simplicity of The Way Home has few equals this side of Aesop.,1,0,neutral,negative,-0.32539743185043335,-0.3289850652217865,-0.5679864883422852
11,ZMG,Exceptionally well acted by Diane Lane and Richard Gere.,2,1,positive,neutral,-0.41376322507858276,-0.09215440601110458,-0.5450298190116882
11,ZMG,"Dong shows how intolerance has the power to deform families, then tear them apart.",1,1,neutral,neutral,-0.34641194343566895,-0.3385170102119446,-0.4709616005420685
11,ZMG,"A stupid, derivative horror film that substitutes extreme gore for suspense.",0,0,negative,negative,-0.3024832308292389,-0.6159218549728394,-0.7838553190231323
11,ZMG,It's a great American adventure and a wonderful film to bring to IMAX.,2,0,positive,negative,-0.32326793670654297,-0.4141254425048828,-0.7138174176216125
11,ZMG,It's 51 times better than this.,1,1,neutral,neutral,-0.5016639828681946,-0.13786353170871735,-0.7744163870811462
11,ZMG,"It's like an old Warner Bros. costumer jived with sex -- this could be the movie Errol Flynn always wanted to make, though Bette Davis, cast as Joan, would have killed him.",1,1,neutral,neutral,-0.400636225938797,-0.32689642906188965,-0.5453724265098572
11,ZMG,"A miraculous movie, I'm Going Home is so slight, yet overflows with wisdom and emotion.",2,1,positive,neutral,-0.3283196687698364,-0.2352873533964157,-0.642626941204071
11,ZMG,"A fiercely clever and subtle film, capturing the precarious balance between the extravagant confidence of the exiled aristocracy and the cruel earnestness of the victorious revolutionaries.",2,1,positive,neutral,-0.5556924939155579,-0.3944404721260071,-0.4928329288959503
11,ZMG,"It's as if you're watching a movie that was made in 1978 but not released then because it was so weak, and it has been unearthed and released now, when it has become even weaker.",0,1,negative,neutral,-0.6496292948722839,-0.29341810941696167,-0.4762413501739502
11,ZMG,Anemic chronicle of money grubbing New Yorkers and their serial loveless hook ups.,1,0,neutral,negative,-0.2807975113391876,-0.48591697216033936,-0.6493033170700073
11,ZMG,"Thanks to a small star with big heart, this family film sequel is plenty of fun for all.",2,1,positive,neutral,-0.44831937551498413,-0.15972603857517242,-0.6448826193809509
11,ZMG,And I've decided to leave a light on every night from now on.,1,1,neutral,neutral,-0.43429994583129883,-0.11297790706157684,-0.4592873752117157
11,ZMG,under-rehearsed and lifeless,0,1,negative,neutral,-0.334180623292923,-0.09585124999284744,-0.733656644821167
11,ZMG,Exactly what you'd expect from a guy named Kaos.,1,1,neutral,neutral,-0.45209646224975586,-0.4269014894962311,-0.7034955024719238
11,ZMG,"If legendary shlockmeister Ed Wood had ever made a movie about a vampire, it probably would look a lot like this alarming production, adapted from Anne Rice's novel The Vampire Chronicles.",1,1,neutral,neutral,-0.5835646986961365,-0.26045525074005127,-0.5763131976127625
11,ZMG,"For those for whom the name Woody Allen was once a guarantee of something fresh, sometimes funny, and usually genuinely worthwhile, Hollywood Ending is a depressing experience.",0,1,negative,neutral,-0.5753573775291443,-0.29791808128356934,-0.5654771327972412
11,ZMG,Bella is the picture of health with boundless energy until a few days before she dies.,1,0,neutral,negative,-0.345683753490448,-0.35159528255462646,-0.7348509430885315
11,ZMG,"The fun of the movie is the chance it affords to watch Jackson, who also served as executive producer, take his smooth, shrewd, powerful act abroad.",2,1,positive,neutral,-0.5996748208999634,-0.289488285779953,-0.4960097372531891
11,ZMG,What should have been a cutting Hollywood satire is instead about as fresh as last week's issue of Variety.,0,1,negative,neutral,-0.4908308982849121,-0.2597119212150574,-0.5916643738746643
11,ZMG,"Cox offers plenty of glimpses at existing photos, but there are no movies of Nijinsky, so instead the director treats us to an aimless hodgepodge.",0,1,negative,neutral,-0.5481898188591003,-0.20715120434761047,-0.5809938311576843
11,ZMG,Aaliyah rarely dampens her diva persona enough to spark genuine chemistry with Townsend.,1,1,neutral,neutral,-0.35856205224990845,-0.25888943672180176,-0.7097393870353699
11,ZMG,Mr. Soderbergh's direction and visual style struck me as unusually and unimpressively fussy and pretentious.,0,1,negative,neutral,-0.39419281482696533,-0.3319239318370819,-0.5888801217079163
11,ZMG,Mazel tov to a film about a family's joyous life acting on the Yiddish stage.,2,1,positive,neutral,-0.5218220949172974,-0.3031253516674042,-0.8939852118492126
11,ZMG,... would be a total loss if not for two supporting performances taking place at the movie's edges.,1,0,neutral,negative,-0.21998292207717896,-0.4748504161834717,-0.7494632601737976
11,ZMG,An inspiring and heart-affecting film about the desperate attempts of Vietnamese refugees living in U.S. relocation camps to keep their hopes alive in 1975.,2,1,positive,neutral,-0.480587899684906,-0.27242618799209595,-0.7297355532646179
11,ZMG,"Loud, chaotic and largely unfunny.",0,1,negative,neutral,-0.3691118657588959,-0.36525923013687134,-0.7466966509819031
11,ZMG,The immersive powers of the giant screen and its hyper-realistic images are put to perfect use in the breathtakingly beautiful outer-space documentary Space Station 3D.,2,2,positive,positive,-0.37299665808677673,-0.336887389421463,-0.26240214705467224
11,ZMG,It's everything you don't go to the movies for.,0,0,negative,negative,-0.29547858238220215,-0.38876181840896606,-0.48271551728248596
11,ZMG,"Harris is supposed to be the star of the story, but comes across as pretty dull and wooden.",1,0,neutral,negative,-0.22253820300102234,-0.39963072538375854,-0.42970654368400574
11,ZMG,Allen's funniest and most likeable movie in years.,2,1,positive,neutral,-0.35384124517440796,-0.1730952113866806,-0.2669132649898529
11,ZMG,"There is a refreshing absence of cynicism in Stuart Little 2 -- quite a rarity, even in the family film market.",2,0,positive,negative,-0.26077669858932495,-0.3008468747138977,-0.3721359670162201
11,ZMG,There are plot holes big enough for Shamu the killer whale to swim through.,0,0,negative,negative,-0.05748307704925537,-0.6104409098625183,-0.5903983116149902
11,ZMG,... always remains movingly genuine.,2,1,positive,neutral,-0.38392364978790283,-0.21482495963573456,-0.2605290114879608
11,ZMG,"Stitch is a bad mannered, ugly and destructive little ****.",0,0,negative,negative,-0.22584444284439087,-0.33899998664855957,-0.30197957158088684
11,ZMG,The cast is top-notch and I predict there will be plenty of female audience members drooling over Michael Idemoto as Michael.,2,0,positive,negative,-0.3229043483734131,-0.5346568822860718,-0.5108966827392578
11,ZMG,Kirshner and Monroe seem to be in a contest to see who can out-bad-act the other.,0,0,negative,negative,-0.14994758367538452,-0.5748699903488159,-0.5319742560386658
11,ZMG,This is one of those war movies that focuses on human interaction rather than battle and action sequences... and it's all the stronger because of it.,2,2,positive,positive,-0.38068893551826477,-0.47235631942749023,-0.3212500214576721
11,ZMG,"Like life on the island, the movie grows boring despite the scenery.",0,0,negative,negative,-0.11751717329025269,-0.6019482016563416,-0.6369930505752563
11,ZMG,It's anchored by splendid performances from an honored screen veteran and a sparkling newcomer who instantly transform themselves into a believable mother/daughter pair.,2,0,positive,negative,-0.2728528082370758,-0.4328225553035736,-0.46183398365974426
11,ZMG,An atonal estrogen opera that demonizes feminism while gifting the most sympathetic male of the piece with a nice vomit bath at his wedding.,0,0,negative,negative,-0.37887805700302124,-0.5399351716041565,-0.3873588740825653
11,ZMG,"Even by the intentionally low standards of frat-boy humor, Sorority Boys is a bowser.",0,0,negative,negative,-0.16762271523475647,-0.35435083508491516,-0.5749468207359314
11,ZMG,"Director of photography Benoit Delhomme shot the movie in delicious colors, and the costumes and sets are grand.",2,0,positive,negative,-0.19715875387191772,-0.5158427953720093,-0.5604276061058044
11,ZMG,The only entertainment you'll derive from this choppy and sloppy affair will be from unintentional giggles -- several of them.,0,0,negative,negative,-0.29286321997642517,-0.36741992831230164,-0.4125431180000305
11,ZMG,The film serves as a valuable time capsule to remind us of the devastating horror suffered by an entire people.,1,0,neutral,negative,-0.20514047145843506,-0.4768710136413574,-0.5748448967933655
11,ZMG,"A bittersweet contemporary comedy about benevolent deception, which, while it may not rival the filmmaker's period pieces, is still very much worth seeing.",2,0,positive,negative,-0.3501867651939392,-0.5242472290992737,-0.35648754239082336
11,ZMG,Attal pushes too hard to make this a comedy or serious drama.,0,1,negative,neutral,-0.4233993887901306,-0.3180044889450073,-0.3619087040424347
11,ZMG,Isabelle Huppert excels as the enigmatic Mika and Anna Mouglalis is a stunning new young talent in one of Chabrol's most intense psychological mysteries.,2,2,positive,positive,-0.3925195634365082,-0.4107930362224579,-0.3064437508583069
11,ZMG,A small movie with a big impact.,2,0,positive,negative,-0.24399986863136292,-0.3738816976547241,-0.44940534234046936
11,ZMG,This bold and lyrical first feature from Raja Amari expands the pat notion that middle-aged women just wanna have fun into a rousing treatise of sensual empowerment.,2,0,positive,negative,-0.4211999177932739,-0.5945873856544495,-0.4358501136302948
11,ZMG,Photographed with melancholy richness and eloquently performed yet also decidedly uncinematic.,1,0,neutral,negative,-0.12769651412963867,-0.46222665905952454,-0.5966190695762634
11,ZMG,"Hey Arnold! is now stretched to barely feature length, with a little more attention paid to the animation.",1,0,neutral,negative,-0.21097183227539062,-0.4420837163925171,-0.4068760573863983
11,ZMG,"After that, it just gets stupid and maudlin.",0,1,negative,neutral,-0.23976194858551025,-0.21812288463115692,-0.3242010176181793
11,ZMG,"The stunning, dreamlike visuals will impress even those viewers who have little patience for Euro-film pretension.",2,0,positive,negative,-0.294826865196228,-0.3948698043823242,-0.45815256237983704
11,ZMG,"Plods along, minus the twisted humor and eye-popping visuals that have made Miike... a cult hero.",1,0,neutral,negative,-0.10647320747375488,-0.4303194582462311,-0.4843040704727173
11,ZMG,"Impresses as a skillfully assembled, highly polished and professional adaptation... just about as chilling and unsettling as `Manhunter' was.",2,0,positive,negative,-0.18988072872161865,-0.42461317777633667,-0.5527229905128479
11,ZMG,"For the most part, it's a work of incendiary genius, steering clear of knee-jerk reactions and quick solutions.",2,0,positive,negative,-0.31903958320617676,-0.5282929539680481,-0.547251284122467
11,ZMG,"It's badly acted, blandly directed, and could have been scripted by someone who just graduated from elementary school.",0,0,negative,negative,-0.32159823179244995,-0.4355163872241974,-0.48218637704849243
11,ZMG,"The sort of picture in which, whenever one of the characters has some serious soul searching to do, they go to a picture-perfect beach during sunset.",1,0,neutral,negative,-0.406491756439209,-0.5119470357894897,-0.47705698013305664
11,ZMG,"Despite its raucous intent, XXX is as conventional as a Nike ad and as rebellious as spring break.",1,0,neutral,negative,-0.16388320922851562,-0.39053523540496826,-0.48716846108436584
11,ZMG,... a roller-coaster ride of a movie,2,0,positive,negative,-0.21798838675022125,-0.5255681276321411,-0.5335361361503601
11,ZMG,"A colorful, vibrant introduction to a universal human impulse, lushly photographed and beautifully recorded.",2,0,positive,negative,-0.27258172631263733,-0.5348296165466309,-0.5828080773353577
11,ZMG,Audiard successfully maintains suspense on different levels throughout a film that is both gripping and compelling.,2,0,positive,negative,-0.19185730814933777,-0.5940003395080566,-0.6853253245353699
11,ZMG,"This is cool, slick stuff, ready to quench the thirst of an audience that misses the summer blockbusters.",2,0,positive,negative,-0.2739616632461548,-0.5256413221359253,-0.39966365694999695
11,ZMG,"Blade II has a brilliant director and charismatic star, but it suffers from rampant vampire devaluation.",1,0,neutral,negative,-0.1988721787929535,-0.4463624656200409,-0.5634151101112366
11,ZMG,"A loud, ugly, irritating movie without any of its satirical salvos hitting a discernible target.",0,0,negative,negative,-0.24675363302230835,-0.4350147843360901,-0.49603724479675293
11,ZMG,"For VeggieTales fans, this is more appetizing than a side dish of asparagus.",2,0,positive,negative,-0.27513280510902405,-0.47426414489746094,-0.511838972568512
11,ZMG,"While it regards 1967 as the key turning point of the 20th century, and returns again and again to images of dissidents in the streets, it's alarmingly current.",1,2,neutral,positive,-0.3159588873386383,-0.420703649520874,-0.30172306299209595
11,ZMG,A truly wonderful tale combined with stunning animation.,2,0,positive,negative,-0.32545214891433716,-0.49802809953689575,-0.4766135513782501
11,ZMG,"Nothing sticks, really, except a lingering creepiness one feels from being dragged through a sad, sordid universe of guns, drugs, avarice and damaged dreams.",0,2,negative,positive,-0.44357556104660034,-0.5194203853607178,-0.4156125783920288
11,ZMG,``Simone'' is a fun and funky look into an artificial creation in a world that thrives on artificiality.,2,0,positive,negative,-0.3449241816997528,-0.43259310722351074,-0.4170420467853546
11,ZMG,"It's a hoot watching The Rock chomp on jumbo ants, pull an arrow out of his back, and leap unscathed through raging fire!",2,0,positive,negative,-0.34851059317588806,-0.40151211619377136,-0.4816598892211914
11,ZMG,"While Tattoo borrows heavily from both Seven and The Silence of the Lambs, it manages to maintain both a level of sophisticated intrigue and human-scale characters that suck the audience in.",2,2,positive,positive,-0.6266125440597534,-0.38167455792427063,-0.23784862458705902
11,ZMG,A portrait of an artist.,1,2,neutral,positive,-0.4903825521469116,-0.179315984249115,-0.12362661212682724
11,ZMG,"As written by Michael Berg and Michael J. Wilson from a story by Wilson, this relentless, all-wise-guys-all-the-time approach tries way too hard and gets tiring in no time at all.",0,2,negative,positive,-0.7392527461051941,-0.38760924339294434,-0.38487544655799866
11,ZMG,"It's the best film of the year so far, the benchmark against which all other Best Picture contenders should be measured.",2,0,positive,negative,-0.4220486879348755,-0.44610995054244995,-0.6847639083862305
11,ZMG,This is one of the biggest disappointments of the year.,0,1,negative,neutral,-0.38982701301574707,-0.1118815615773201,-0.5082162618637085
11,ZMG,It never fails to engage us.,2,1,positive,neutral,-0.5327630043029785,-0.3354436755180359,-0.3814508020877838
11,ZMG,"Denis forges out of the theories of class - based rage and sisterly obsession a razor-sided tuning fork that rings with cultural, sexual and social discord.",1,2,neutral,positive,-0.5970891118049622,-0.27909204363822937,-0.24885204434394836
11,ZMG,The movie slides downhill as soon as macho action conventions assert themselves.,0,0,negative,negative,-0.09109315276145935,-0.48900842666625977,-0.630416750907898
11,ZMG,"More romantic, more emotional and ultimately more satisfying than the teary-eyed original.",2,1,positive,neutral,-0.5979226231575012,-0.41662999987602234,-0.4699006974697113
11,ZMG,"Like the best of Godard's movies... it is visually ravishing, penetrating, impenetrable.",2,0,positive,negative,-0.17398622632026672,-0.32657578587532043,-0.3653484284877777
11,ZMG,The cumulative effect of the movie is repulsive and depressing.,0,1,negative,neutral,-0.31555014848709106,-0.27654868364334106,-0.5780274271965027
11,ZMG,"Feels like nothing quite so much as a middle-aged moviemaker's attempt to surround himself with beautiful, half-naked women.",1,1,neutral,neutral,-0.3799136281013489,-0.33001527190208435,-0.3516972064971924
11,ZMG,"A very long movie, dull in stretches, with entirely too much focus on meal preparation and igloo construction.",0,1,negative,neutral,-0.44028395414352417,-0.250476211309433,-0.4010258615016937
11,ZMG,"In XXX, Diesel is that rare creature -- an action hero with table manners, and one who proves that elegance is more than tattoo deep.",2,2,positive,positive,-0.7122941613197327,-0.4637671709060669,-0.41854026913642883
11,ZMG,I'm not sure which will take longer to heal: the welt on Johnny Knoxville's stomach from a riot-control projectile or my own tortured psyche.,0,0,negative,negative,-0.41145825386047363,-0.4237520694732666,-0.5409279465675354
11,ZMG,"While Serving Sara does have a long way to go before it reaches the level of crudity in the latest Austin Powers extravaganza, there's nothing here to match that movie's intermittent moments of inspiration.",1,2,neutral,positive,-0.599595844745636,-0.46929043531417847,-0.41554248332977295
11,ZMG,"It's difficult to conceive of anyone who has reached puberty actually finding the characters in Slackers or their antics amusing, let alone funny.",0,2,negative,positive,-0.6877891421318054,-0.5900000929832458,-0.48467034101486206
11,ZMG,"It never is, not fully.",1,1,neutral,neutral,-0.5435172319412231,-0.11612440645694733,-0.4255996644496918
11,ZMG,"Not only is Undercover Brother as funny, if not more so, than both Austin Powers films, but it's also one of the smarter, savvier spoofs to come along in some time.",2,1,positive,neutral,-0.5944818258285522,-0.3364335298538208,-0.3377099931240082
11,ZMG,It should be mentioned that the set design and interiors of the haunted vessel are more than effectively creepy and moodily lit.,2,2,positive,positive,-0.3864881992340088,-0.4718148708343506,-0.3628383278846741
11,ZMG,"With the exception of some fleetingly amusing improvisations by Cedric the Entertainer as Perry's boss, there isn't a redeeming moment here.",0,2,negative,positive,-0.5029193758964539,-0.5592944025993347,-0.4343946576118469
11,ZMG,It's a funny little movie with clever dialogue and likeable characters.,2,1,positive,neutral,-0.5008562803268433,-0.38556602597236633,-0.4530090391635895
11,ZMG,"``13 Conversations'' holds its goodwill close, but is relatively slow to come to the point.",1,0,neutral,negative,-0.3925548493862152,-0.452089786529541,-0.5551262497901917
11,ZMG,"Not the kind of film that will appeal to a mainstream American audience, but there is a certain charm about the film that makes it a suitable entry into the fest circuit.",2,0,positive,negative,-0.4589081406593323,-0.48145562410354614,-0.5591226816177368
11,ZMG,"You come away wishing, though, that the movie spent a lot less time trying to make a credible case for reports from the afterlife and a lot more time on the romantic urgency that's at the center of the story.",1,2,neutral,positive,-0.7885803580284119,-0.3434571623802185,-0.2460196167230606
11,ZMG,The movie is virtually without context -- journalistic or historical.,0,1,negative,neutral,-0.5298146605491638,-0.13479788601398468,-0.5878498554229736
11,ZMG,"After sitting through this sloppy, made-for-movie comedy special, it makes me wonder if Lawrence hates criticism so much that he refuses to evaluate his own work.",0,2,negative,positive,-0.4986720681190491,-0.6283063292503357,-0.4672175943851471
11,ZMG,Genuinely touching because it's realistic about all kinds of love.,2,0,positive,negative,-0.37938350439071655,-0.6344120502471924,-0.406706839799881
11,ZMG,"For all the complications, it's all surprisingly predictable.",1,1,neutral,neutral,-0.6032793521881104,-0.3298528492450714,-0.3547154366970062
11,ZMG,"Armed with a game supporting cast, from the pitch-perfect Forster to the always hilarious Meara and Levy, Like Mike shoots and scores, doing its namesake proud.",2,2,positive,positive,-0.6367285847663879,-0.4258047938346863,-0.34456291794776917
11,ZMG,It will guarantee to have you leaving the theater with a smile on your face.,2,1,positive,neutral,-0.5748674273490906,-0.451035737991333,-0.4516817033290863
11,ZMG,"The misery of these people becomes just another voyeuristic spectacle, to be consumed and forgotten.",0,1,negative,neutral,-0.46474066376686096,-0.39648035168647766,-0.41214606165885925
11,ZMG,"A thoroughly awful movie -- dumb, narratively chaotic, visually sloppy... a weird amalgam of `The Thing' and a geriatric `Scream.'",0,1,negative,neutral,-0.49616074562072754,-0.24209530651569366,-0.4492610991001129
11,ZMG,"Measured against practically any like-themed film other than its Oscar-sweeping franchise predecessor The Silence of the Lambs, Red Dragon rates as an exceptional thriller.",2,2,positive,positive,-0.46917256712913513,-0.4510388672351837,-0.37631118297576904
11,ZMG,"The movie has no respect for laws, political correctness or common decency, but it displays something more important: respect for its flawed, crazy people.",1,1,neutral,neutral,-0.6624825596809387,-0.44015806913375854,-0.4553281366825104
11,ZMG,"In a strange way, Egoyan has done too much.",1,1,neutral,neutral,-0.6330500245094299,-0.15815891325473785,-0.4037266671657562
11,ZMG,"After seeing the film, I can tell you that there's no other reason why anyone should bother remembering it.",0,1,negative,neutral,-0.4932190179824829,-0.2278122752904892,-0.7954863905906677
11,ZMG,The film is darkly funny in its observation of just how much more grueling and time-consuming the illusion of work is than actual work.,2,1,positive,neutral,-0.35416674613952637,-0.2908809185028076,-0.49022695422172546
11,ZMG,"In some ways, Lagaan is quintessential Bollywood.",1,2,neutral,positive,-0.5600930452346802,-0.3293592929840088,-0.2550964057445526
11,ZMG,"Pacino and Williams seem to keep upping the ante on each other, just as their characters do in the film.",2,1,positive,neutral,-0.5130214691162109,-0.3511367440223694,-0.6626563668251038
11,ZMG,"It would be disingenuous to call Reno a great film, but you can say that about most of the flicks moving in and out of the multiplex.",1,1,neutral,neutral,-0.5167896151542664,-0.4909900426864624,-0.5747097134590149
11,ZMG,"Some movies can get by without being funny simply by structuring the scenes as if they were jokes: a setup, delivery and payoff.",1,2,neutral,positive,-0.5409178137779236,-0.4379396140575409,-0.4360611140727997
11,ZMG,Narc can only remind us of brilliant crime dramas without becoming one itself.,1,2,neutral,positive,-0.45190852880477905,-0.44866129755973816,-0.32100945711135864
11,ZMG,Narc is a no-bull throwback to 1970s action films.,2,1,positive,neutral,-0.5139485001564026,-0.2551446259021759,-0.3178479075431824
11,ZMG,Intriguing and downright intoxicating.,2,1,positive,neutral,-0.7555745244026184,-0.3146432638168335,-0.47451648116111755
11,ZMG,"The wonderful combination of the sweetness and the extraordinary technical accomplishments of the first film are maintained, but its overall impact falls a little flat with a storyline that never quite delivers the original magic.",1,2,neutral,positive,-0.7879370450973511,-0.5197767019271851,-0.2908410429954529
11,ZMG,Perhaps the most annoying thing about Who Is Cletis Tout? is that it's a crime movie made by someone who obviously knows nothing about crime.,0,2,negative,positive,-0.46006059646606445,-0.36914029717445374,-0.3416464030742645
11,ZMG,"In addition to scoring high for originality of plot -- putting together familiar themes of family, forgiveness and love in a new way -- Lilo & Stitch has a number of other assets to commend it to movie audiences both innocent and jaded.",2,2,positive,positive,-0.9263147115707397,-0.3930668532848358,-0.3724922835826874
11,ZMG,The quirky drama touches the heart and the funnybone thanks to the energetic and always surprising performance by Rachel Griffiths.,2,2,positive,positive,-0.48060688376426697,-0.39927932620048523,-0.23931105434894562
11,ZMG,"At its worst, it implodes in a series of very bad special effects.",0,1,negative,neutral,-0.3881780207157135,-0.255129873752594,-0.6924748420715332
11,ZMG,Bad and baffling from the get-go.,0,1,negative,neutral,-0.6670405268669128,-0.1498618870973587,-0.6200361847877502
11,ZMG,"The movie is a blast of educational energy, as bouncy animation and catchy songs escort you through the entire 85 minutes.",2,1,positive,neutral,-0.5936272740364075,-0.47287654876708984,-0.5526260733604431
11,ZMG,The original wasn't a good movie but this remake makes it look like a masterpiece!,0,0,negative,negative,-0.23794803023338318,-0.3736526668071747,-0.5638049244880676
11,ZMG,"To my taste, the film's comic characters come perilously close to being Amoses and Andys for a new generation.",1,2,neutral,positive,-0.41654813289642334,-0.4021785259246826,-0.3811870515346527
11,ZMG,"Although the sequel has all the outward elements of the original, the first film's lovely flakiness is gone, replaced by the forced funniness found in the dullest kiddie flicks.",0,1,negative,neutral,-0.6158671379089355,-0.21012108027935028,-0.28090453147888184
11,ZMG,"The real charm of this trifle is the deadpan comic face of its star, Jean Reno, who resembles Sly Stallone in a hot sake half-sleep.",1,2,neutral,positive,-0.5126484036445618,-0.3285047709941864,-0.29501989483833313
11,ZMG,"... a cute and sometimes side-splittingly funny blend of Legally Blonde and Drop Dead Gorgeous, starring Piper Perabo in what could be her breakthrough role.",2,1,positive,neutral,-0.5231284499168396,-0.20159803330898285,-0.32898181676864624
11,ZMG,"This method almost never fails him, and it works superbly here.",2,1,positive,neutral,-0.3243210017681122,-0.32111963629722595,-0.4998662769794464
11,ZMG,Few films capture so perfectly the hopes and dreams of little boys on baseball fields as well as the grown men who sit in the stands.,2,0,positive,negative,-0.2647704780101776,-0.3565356433391571,-0.35985976457595825
11,ZMG,Steers has an unexpectedly adamant streak of warm-blooded empathy for all his disparate Manhattan denizens -- especially the a**holes.,1,1,neutral,neutral,-0.478441059589386,-0.31991541385650635,-0.355180561542511
11,ZMG,"The Emperor's Club is one of those films that possesses all the good intentions in the world, but...",1,0,neutral,negative,-0.17102858424186707,-0.41319215297698975,-0.4670337438583374
11,ZMG,The most compelling performance of the year adds substantial depth to this shocking testament to anti-Semitism and neo-fascism.,2,0,positive,negative,-0.2836202085018158,-0.3514922559261322,-0.43685802817344666
11,ZMG,"LaBute can't avoid a fatal mistake in the modern era: He's changed the male academic from a lower-class Brit to an American, a choice that upsets the novel's exquisite balance and shreds the fabric of the film.",1,2,neutral,positive,-0.6063336133956909,-0.2844233512878418,-0.2731275260448456
11,ZMG,A biopic about Crane's life in the classic tradition but evolves into what has become of us all in the era of video.,1,2,neutral,positive,-0.518642008304596,-0.26631706953048706,-0.2601390480995178
11,ZMG,"A work of extraordinary journalism, but it is also a work of deft and subtle poetry.",2,1,positive,neutral,-0.2878172993659973,-0.2821589708328247,-0.4941311478614807
11,ZMG,... think of it as American Pie On Valium.,1,1,neutral,neutral,-0.375077486038208,-0.18066567182540894,-0.2965323030948639
11,ZMG,Gere gives a good performance in a film that doesn't merit it.,1,0,neutral,negative,-0.22697323560714722,-0.36568427085876465,-0.34336337447166443
11,ZMG,The Pianist is Polanski's best film.,2,2,positive,positive,-0.4908721446990967,-0.3835679292678833,-0.2826306223869324
11,ZMG,Maybe Thomas Wolfe was right: You can't go home again.,1,0,neutral,negative,-0.205318421125412,-0.34667038917541504,-0.3798283040523529
11,ZMG,"The director, with his fake backdrops and stately pacing, never settles on a consistent tone.",0,0,negative,negative,-0.34366923570632935,-0.38924312591552734,-0.41582274436950684
11,ZMG,"Why he was given free reign over this project -- he wrote, directed, starred and produced -- is beyond me.",0,1,negative,neutral,-0.3578639626502991,-0.3358153998851776,-0.4567965865135193
11,ZMG,"If you enjoy being rewarded by a script that assumes you aren't very bright, then Blood Work is for you.",0,2,negative,positive,-0.40792861580848694,-0.34123462438583374,-0.26106759905815125
11,ZMG,"Like Rudy Yellow Lodge, Eyre needs to take a good sweat to clarify his cinematic vision before his next creation and remember the lessons of the trickster spider.",0,2,negative,positive,-0.5772173404693604,-0.25140833854675293,-0.20308582484722137
11,ZMG,But his showboating wise-cracker stock persona sure is getting old.,1,1,neutral,neutral,-0.3082562983036041,-0.1792871206998825,-0.42574062943458557
11,ZMG,"Circuit queens won't learn a thing, they'll be too busy cursing the film's strategically placed white sheets.",1,0,neutral,negative,-0.35264989733695984,-0.382773220539093,-0.4405762851238251
11,ZMG,"A lot of talent is wasted in this crass, low-wattage endeavor.",0,0,negative,negative,-0.2883337438106537,-0.34453320503234863,-0.49489152431488037
11,ZMG,"Alain Choquart's camera barely stops moving, portraying both the turmoil of the time and giving Conduct a perpetual sense of urgency, which, for a film that takes nearly three hours to unspool, is both funny and irritating.",1,1,neutral,neutral,-0.729003369808197,-0.19863788783550262,-0.2195589393377304
11,ZMG,The second coming of Harry Potter is a film far superior to its predecessor.,2,0,positive,negative,-0.26756101846694946,-0.4097433388233185,-0.580681324005127
11,ZMG,This stuck pig of a movie flails limply between bizarre comedy and pallid horror.,0,0,negative,negative,-0.13811147212982178,-0.4357672333717346,-0.5458821058273315
11,ZMG,"The film just might turn on many people to opera, in general, an art form at once visceral and spiritual, wonderfully vulgar and sublimely lofty -- and as emotionally grand as life.",2,2,positive,positive,-0.5462350845336914,-0.34288620948791504,-0.22623693943023682
11,ZMG,"The delicious trimmings... arrive early and stay late, filling nearly every minute... with a lighthearted glow, some impudent snickers, and a glorious dose of humankind's liberating ability to triumph over a Scrooge or two.",2,2,positive,positive,-0.5994480848312378,-0.2801946997642517,-0.2121952921152115
11,ZMG,"The inhospitability of the land emphasizes the spare precision of the narratives and helps to give them an atavistic power, as if they were tales that had been handed down since the beginning of time.",1,2,neutral,positive,-0.600996732711792,-0.35848096013069153,-0.19937069714069366
11,ZMG,Even more baffling is that it's funny.,1,0,neutral,negative,-0.3447358310222626,-0.38938552141189575,-0.46851596236228943
11,ZMG,"Parker should be commended for taking a fresh approach to familiar material, but his determination to remain true to the original text leads him to adopt a somewhat mannered tone... that ultimately dulls the human tragedy at the story's core.",1,2,neutral,positive,-0.6131262183189392,-0.29543226957321167,-0.20179782807826996
11,ZMG,"Hard, endearing, caring, warm.",2,1,positive,neutral,-0.42622852325439453,-0.30499500036239624,-0.3445861041545868
11,ZMG,"I have no problem with ``difficult'' movies, or movies that ask the audience to meet them halfway and connect the dots instead of having things all spelled out.",1,1,neutral,neutral,-0.4925693869590759,-0.26126769185066223,-0.29291483759880066
11,ZMG,The way Coppola professes his love for movies -- both colorful pop junk and the classics that unequivocally qualify as art -- is giddily entertaining.,2,2,positive,positive,-0.4922628402709961,-0.44478464126586914,-0.43376198410987854
11,ZMG,Both the crime story and the love story are unusual.,1,1,neutral,neutral,-0.29697299003601074,-0.2212994247674942,-0.2784311771392822
11,ZMG,It's never a good sign when a film's star spends the entirety of the film in a coma.,0,0,negative,negative,-0.28975266218185425,-0.3829062283039093,-0.5343026518821716
11,ZMG,A creaky staircase gothic.,1,2,neutral,positive,-0.5715499520301819,-0.354668527841568,-0.29073983430862427
11,ZMG,"If there's a way to effectively teach kids about the dangers of drugs, I think it's in projects like the (unfortunately R-rated) Paid.",1,2,neutral,positive,-0.47508615255355835,-0.4096023142337799,-0.3738928735256195
11,ZMG,"If you're a WWF fan, or you related to the people who watched the robots getting butchered in A.I., you'll probably like Rollerball.",1,2,neutral,positive,-0.4264342188835144,-0.3797001540660858,-0.367792546749115
11,ZMG,Norton holds the film together.,1,2,neutral,positive,-0.3975421190261841,-0.4565804600715637,-0.3883827030658722
11,ZMG,"A breathtaking adventure for all ages, Spirit tells its poignant and uplifting story in a stunning fusion of music and images.",2,0,positive,negative,-0.28655701875686646,-0.30661317706108093,-0.4981672465801239
11,ZMG,It won't bust your gut -- and it's not intended to -- it's merely a blandly cinematic surgical examination of what makes a joke a joke.,1,0,neutral,negative,-0.3072269558906555,-0.360412061214447,-0.36620399355888367
11,ZMG,Largely a for-fans artifact.,1,1,neutral,neutral,-0.4529334306716919,-0.25937896966934204,-0.340938538312912
11,ZMG,A movie so bad that it quickly enters the pantheon of wreckage that includes Battlefield Earth and Showgirls.,0,0,negative,negative,-0.24915170669555664,-0.4441628158092499,-0.5137879252433777
11,ZMG,"If you're over 25, have an IQ over 90, and have a driver's license, you should be able to find better entertainment.",0,1,negative,neutral,-0.3771989345550537,-0.3123124837875366,-0.5173976421356201
11,ZMG,A solid piece of journalistic work that draws a picture of a man for whom political expedience became a deadly foreign policy.,1,1,neutral,neutral,-0.33092883229255676,-0.3022034466266632,-0.37343451380729675
11,ZMG,"The doofus-on-the-loose banter of Welcome to Collinwood has a cocky, after-hours loopiness to it.",1,1,neutral,neutral,-0.47606736421585083,-0.4359791576862335,-0.4858621656894684
11,ZMG,It's the funniest American comedy since Graffiti Bridge.,2,1,positive,neutral,-0.3516114056110382,-0.28025680780410767,-0.49282053112983704
11,ZMG,Samuel Beckett applied to the Iranian voting process.,1,0,neutral,negative,-0.19625753164291382,-0.32252267003059387,-0.3928740322589874
11,ZMG,A strangely compelling and brilliantly acted psychological drama.,2,1,positive,neutral,-0.2809302806854248,-0.1578747183084488,-0.2531345784664154
11,ZMG,"Often gruelling and heartbreaking to witness, but Seldahl and Wollter's sterling performances raise this far above the level of the usual maudlin disease movie.",2,1,positive,neutral,-0.42350882291793823,-0.11597160995006561,-0.2960015833377838
11,ZMG,"This enthralling documentary... is at once playful and haunting, an in-depth portrait of an iconoclastic artist who was fundamentally unknowable even to his closest friends.",2,1,positive,neutral,-0.39379584789276123,-0.11064887791872025,-0.3449324071407318
11,ZMG,"I didn't laugh at the ongoing efforts of Cube, and his skinny buddy Mike Epps, to make like Laurel and Hardy'n the hood.",0,1,negative,neutral,-0.37717151641845703,-0.12985417246818542,-0.3419691026210785
11,ZMG,"At its best when the guarded, resentful Betty and the manipulative yet needy Margot are front and center.",1,0,neutral,negative,-0.32950228452682495,-0.3566776216030121,-0.5959445834159851
11,ZMG,Ford deserves to be remembered at Oscar time for crafting this wonderful portrait of a conflicted soldier.,2,1,positive,neutral,-0.31357619166374207,-0.29108744859695435,-0.4509386122226715
11,ZMG,"While obviously an extremely personal work, it remains inextricably stuck in an emotionally unavailable rut.",1,0,neutral,negative,-0.21494626998901367,-0.3362281322479248,-0.4659494459629059
11,ZMG,"A dim-witted and lazy spin-off of the Animal Planet documentary series, Crocodile Hunter is entertainment opportunism at its most glaring.",0,1,negative,neutral,-0.2950197160243988,-0.20240530371665955,-0.34690579771995544
11,ZMG,"The good is very, very good... The rest runs from mildly unimpressive to despairingly awful.",1,1,neutral,neutral,-0.3057785630226135,-0.20962214469909668,-0.41307398676872253
11,ZMG,"Methodical, measured, and gently tedious in its comedy, Secret Ballot is a purposefully reductive movie -- which may be why it's so successful at lodging itself in the brain.",2,1,positive,neutral,-0.48150330781936646,-0.07727903872728348,-0.19126290082931519
11,ZMG,One of the most exciting action films to come out of China in recent years.,2,1,positive,neutral,-0.2672557532787323,-0.2281251847743988,-0.3539639413356781
11,ZMG,Adam Sandler's Eight Crazy Nights grows on you -- like a rash.,0,1,negative,neutral,-0.34583353996276855,-0.10598663240671158,-0.3624406158924103
11,ZMG,"The film feels formulaic, its plot and pacing typical Hollywood war-movie stuff, while the performances elicit more of a sense of deja vu than awe.",0,1,negative,neutral,-0.6265506744384766,-0.1846133917570114,-0.2879350185394287
11,ZMG,"... pitiful, slapdash disaster.",0,1,negative,neutral,-0.4002110958099365,-0.25526130199432373,-0.4178335666656494
11,ZMG,"As it stands, there's some fine sex onscreen, and some tense arguing, but not a whole lot more.",1,1,neutral,neutral,-0.3253561854362488,-0.3155158460140228,-0.43313875794410706
11,ZMG,It's neither as romantic nor as thrilling as it should be.,0,1,negative,neutral,-0.32725846767425537,-0.18623118102550507,-0.2069852203130722
11,ZMG,Returning director Rob Minkoff... and screenwriter Bruce Joel Rubin... have done a fine job of updating White's dry wit to a new age.,2,1,positive,neutral,-0.2543524503707886,-0.2507343590259552,-0.33784615993499756
11,ZMG,"The Venezuelans say things like ``si, pretty much'' and ``por favor, go home'' when talking to Americans.",1,1,neutral,neutral,-0.28974252939224243,-0.2848709523677826,-0.4239484667778015
11,ZMG,"If you already like this sort of thing, this is that sort of thing all over again.",1,0,neutral,negative,-0.16968536376953125,-0.25472745299339294,-0.5023865699768066
11,ZMG,An awful movie that will only satisfy the most emotionally malleable of filmgoers.,0,1,negative,neutral,-0.3269376754760742,-0.1508929580450058,-0.27061325311660767
11,ZMG,"This is an extraordinary film, not least because it is Japanese and yet feels universal.",2,1,positive,neutral,-0.2608537971973419,-0.2205367535352707,-0.40757548809051514
11,ZMG,"Aptly named, this shimmering, beautifully costumed and filmed production doesn't work for me.",1,0,neutral,negative,-0.18710362911224365,-0.22491903603076935,-0.3305334448814392
11,ZMG,"If Borstal Boy isn't especially realistic, it is an engaging nostalgia piece.",1,0,neutral,negative,-0.12700679898262024,-0.2658784091472626,-0.4925786554813385
11,ZMG,Griffiths proves she's that rare luminary who continually raises the standard of her profession.,2,1,positive,neutral,-0.2957870066165924,-0.26363542675971985,-0.39004552364349365
11,ZMG,"The asylum material is gripping, as are the scenes of Jia with his family.",2,1,positive,neutral,-0.2866967022418976,-0.2070056051015854,-0.30185964703559875
11,ZMG,"... by the time it's done with us, Mira Nair's new movie has its audience giddy with the delight of discovery, of having been immersed in a foreign culture only to find that human nature is pretty much the same all over.",2,1,positive,neutral,-0.4231093227863312,-0.1709703505039215,-0.30206215381622314
11,ZMG,... about as exciting to watch as two last-place basketball teams playing one another on the final day of the season.,0,0,negative,negative,-0.27307114005088806,-0.33438098430633545,-0.5070962905883789
11,ZMG,Girls gone wild and gone civil again,1,1,neutral,neutral,-0.29787564277648926,-0.2510909140110016,-0.33962875604629517
11,ZMG,To say Analyze That is De Niro's best film since Meet the Parents sums up the sad state of his recent career.,1,1,neutral,neutral,-0.3752295970916748,-0.2512897253036499,-0.4146866500377655
11,ZMG,`Enigma' is the kind of engaging historical drama that Hollywood appears to have given up on in favor of sentimental war movies in the vein of `We Were Soldiers.',1,1,neutral,neutral,-0.44934195280075073,-0.14308024942874908,-0.21213684976100922
11,ZMG,The Rock has a great presence but one battle after another is not the same as one battle followed by killer CGI effects.,1,1,neutral,neutral,-0.37512022256851196,-0.21195757389068604,-0.34836018085479736
11,ZMG,Visually sumptuous but intellectually stultifying.,1,2,neutral,positive,-0.40104931592941284,-0.31222233176231384,-0.3062334358692169
11,ZMG,"So young, so smart, such talent, such a wise ***.",2,1,positive,neutral,-0.3911130726337433,-0.0649641677737236,-0.23357702791690826
11,ZMG,"The problem is that for the most part, the film is deadly dull.",0,1,negative,neutral,-0.322526216506958,-0.2344260811805725,-0.3792005479335785
11,ZMG,A thinly veiled look at different aspects of Chinese life clashing with each other.,1,0,neutral,negative,-0.16811585426330566,-0.25309932231903076,-0.4487442672252655
11,ZMG,An exhilarating experience.,2,1,positive,neutral,-0.4980711340904236,-0.09613333642482758,-0.2468065321445465
11,ZMG,Its vision of that awkward age when sex threatens to overwhelm everything else is acute enough to make everyone who has been there squirm with recognition.,1,1,neutral,neutral,-0.377574622631073,-0.21705009043216705,-0.27380046248435974
11,ZMG,Remarkably accessible and affecting.,2,1,positive,neutral,-0.4627116322517395,-0.04429341107606888,-0.20847943425178528
11,ZMG,"The climactic events are so well realized that you may forget all about the original conflict, just like the movie does.",1,1,neutral,neutral,-0.2886340022087097,-0.22036835551261902,-0.3903270363807678
11,ZMG,Distinctly sub-par... more likely to drown a viewer in boredom than to send any shivers down his spine.,0,1,negative,neutral,-0.3385446071624756,-0.16861045360565186,-0.4018252193927765
11,ZMG,Godard's ode to tackling life's wonderment is a rambling and incoherent manifesto about the vagueness of topical excess... In Praise of Love remains a ponderous and pretentious endeavor that's unfocused and tediously exasperating.,0,1,negative,neutral,-0.45528075098991394,-0.2197648286819458,-0.29543519020080566
11,ZMG,"We never truly come to care about the main characters and whether or not they'll wind up together, and Michele's spiritual quest is neither amusing nor dramatic enough to sustain interest.",0,2,negative,positive,-0.4142947196960449,-0.2425961047410965,-0.22807760536670685
11,ZMG,"Bogdanovich taps deep into the Hearst mystique, entertainingly reenacting a historic scandal.",2,0,positive,negative,-0.2388198971748352,-0.3687881827354431,-0.454994261264801
11,ZMG,"Peralta's mythmaking could have used some informed, adult hindsight.",1,0,neutral,negative,-0.2767269015312195,-0.41258594393730164,-0.6295824646949768
11,ZMG,"``My god, I'm behaving like an idiot!''",1,2,neutral,positive,-0.6132505536079407,-0.3321915566921234,-0.1810065358877182
11,ZMG,"Devos and Cassel have tremendous chemistry -- their sexual and romantic tension, while never really vocalized, is palpable.",2,2,positive,positive,-0.4944232702255249,-0.36863410472869873,-0.30684083700180054
11,ZMG,"As a girl-meets-girl romantic comedy, Kissing Jessica Steinis quirky, charming and often hilarious.",2,0,positive,negative,-0.22200822830200195,-0.44001665711402893,-0.4739988148212433
11,ZMG,Gollum's `performance' is incredible!,2,2,positive,positive,-0.4310421049594879,-0.32508695125579834,-0.18012653291225433
11,ZMG,"... a haunting vision, with images that seem more like disturbing hallucinations.",0,0,negative,negative,-0.311996191740036,-0.36546337604522705,-0.37499529123306274
11,ZMG,"As a remake, it's a pale imitation.",0,1,negative,neutral,-0.3561517596244812,-0.29187172651290894,-0.423879474401474
11,ZMG,Adults will certainly want to spend their time in the theater thinking up grocery lists and ways to tell their kids how not to act like Pinocchio.,1,2,neutral,positive,-0.5233445167541504,-0.32432568073272705,-0.22271057963371277
11,ZMG,"Not as distinctive or even as humorous as its needs to be to stand out, but it has clearly been made with affection and care.",1,2,neutral,positive,-0.40499845147132874,-0.4678727388381958,-0.3734361231327057
11,ZMG,A generic family comedy unlikely to be appreciated by anyone outside the under-10 set.,0,0,negative,negative,-0.24243968725204468,-0.5007400512695312,-0.3954711854457855
11,ZMG,"An amalgam of The Fugitive, Blade Runner, and Total Recall, only without much energy or tension.",1,0,neutral,negative,-0.27919167280197144,-0.4293859601020813,-0.4406237304210663
11,ZMG,"Everything its title implies, a standard-issue crime drama spat out from the Tinseltown assembly line.",1,2,neutral,positive,-0.39406779408454895,-0.4222780764102936,-0.2660871148109436
11,ZMG,"Co-writer/director Jonathan Parker's attempts to fashion a Brazil-like, hyper-real satire fall dreadfully short.",0,0,negative,negative,-0.2417958676815033,-0.3862660229206085,-0.5040572285652161
11,ZMG,"An amateurish, quasi-improvised acting exercise shot on ugly digital video.",0,2,negative,positive,-0.34009236097335815,-0.2883884310722351,-0.21934638917446136
11,ZMG,"``The Kid Stays in the Picture'' is a great story, terrifically told by the man who wrote it but this Cliff Notes edition is a cheat.",1,2,neutral,positive,-0.5030583739280701,-0.3826225697994232,-0.22831164300441742
11,ZMG,"A gratingly unfunny groaner littered with zero-dimensional, unlikable characters and hackneyed, threadbare comic setups.",0,1,negative,neutral,-0.3270195722579956,-0.30773112177848816,-0.32074055075645447
11,ZMG,"While this gentle and affecting melodrama will have luvvies in raptures, it's far too slight and introspective to appeal to anything wider than a niche audience.",1,2,neutral,positive,-0.43320125341415405,-0.43194931745529175,-0.3519239127635956
11,ZMG,Griffin & Co. manage to be spectacularly outrageous.,2,0,positive,negative,-0.3084906041622162,-0.5085062384605408,-0.39829808473587036
11,ZMG,"A profoundly stupid affair, populating its hackneyed and meanspirited storyline with cardboard characters and performers who value cash above credibility.",0,2,negative,positive,-0.41561734676361084,-0.40073513984680176,-0.27831870317459106
11,ZMG,"Warm Water Under a Red Bridge is a quirky and poignant Japanese film that explores the fascinating connections between women, water, nature, and sexuality.",2,2,positive,positive,-0.3663328289985657,-0.4211673140525818,-0.36043524742126465
11,ZMG,It isn't that Stealing Harvard is a horrible movie -- if only it were that grand a failure!,0,0,negative,negative,-0.2266136109828949,-0.32149216532707214,-0.3618326485157013
11,ZMG,It just doesn't have much else... especially in a moral sense.,1,0,neutral,negative,-0.34098517894744873,-0.4235139787197113,-0.40528783202171326
11,ZMG,Those unfamiliar with Mormon traditions may find The Singles Ward occasionally bewildering.,1,2,neutral,positive,-0.30193203687667847,-0.43644142150878906,-0.26305821537971497
11,ZMG,"Viewed as a comedy, a romance, a fairy tale, or a drama, there's nothing remotely triumphant about this motion picture.",1,2,neutral,positive,-0.3486689329147339,-0.5322639346122742,-0.28768011927604675
11,ZMG,"But the talented cast alone will keep you watching, as will the fight scenes.",2,0,positive,negative,-0.27505606412887573,-0.47712281346321106,-0.3674422800540924
11,ZMG,It's solid and affecting and exactly as thought-provoking as it should be.,2,2,positive,positive,-0.491973340511322,-0.47060704231262207,-0.3001871407032013
11,ZMG,"Thanks largely to Williams, all the interesting developments are processed in 60 minutes -- the rest is just an overexposed waste of film.",0,0,negative,negative,-0.3270006775856018,-0.5282789468765259,-0.38510560989379883
11,ZMG,"Cantet perfectly captures the hotel lobbies, two-lane highways, and roadside cafes that permeate Vincent's days",2,0,positive,negative,-0.2803153395652771,-0.4394731819629669,-0.48327550292015076
11,ZMG,"An important movie, a reminder of the power of film to move us and to make us examine our values.",2,2,positive,positive,-0.4031737744808197,-0.4325477182865143,-0.36924734711647034
11,ZMG,"Too much of this well-acted but dangerously slow thriller feels like a preamble to a bigger, more complicated story, one that never materializes.",0,2,negative,positive,-0.3745855689048767,-0.515705943107605,-0.3346773087978363
11,ZMG,A richly imagined and admirably mature work from a gifted director who definitely has something on his mind.,2,2,positive,positive,-0.40972819924354553,-0.5636258125305176,-0.2617223262786865
11,ZMG,"The art direction is often exquisite, and the anthropomorphic animal characters are beautifully realized through clever makeup design, leaving one to hope that the eventual DVD release will offer subtitles and the original Italian-language soundtrack.",2,2,positive,positive,-0.5581091046333313,-0.31485262513160706,-0.24714168906211853
11,ZMG,"... Jones, despite a definitely distinctive screen presence, just isn't able to muster for a movie that, its title notwithstanding, should have been a lot nastier if it wanted to fully capitalize on its lead's specific gifts.",1,1,neutral,neutral,-0.45572298765182495,-0.33224090933799744,-0.4005528390407562
11,ZMG,But what's nice is that there's a casual intelligence that permeates the script.,2,2,positive,positive,-0.4501093924045563,-0.38718220591545105,-0.3748134672641754
11,ZMG,Wedding feels a bit anachronistic.,0,0,negative,negative,-0.3906768560409546,-0.6134183406829834,-0.413434237241745
11,ZMG,"An action/thriller of the finest kind, evoking memories of Day of the Jackal, The French Connection, and Heat.",2,0,positive,negative,-0.3175879716873169,-0.44121772050857544,-0.5467890501022339
11,ZMG,"This picture is murder by numbers, and as easy to be bored by as your ABC's, despite a few whopping shootouts.",0,0,negative,negative,-0.26020583510398865,-0.6446114778518677,-0.42158758640289307
11,ZMG,"Every individual will see the movie through the prism of his or her own beliefs and prejudices, but the one thing most will take away is the sense that peace is possible.",2,2,positive,positive,-0.5113566517829895,-0.3394765853881836,-0.21014490723609924
11,ZMG,"Feels slight, as if it were an extended short, albeit one made by the smartest kids in class.",1,2,neutral,positive,-0.32538944482803345,-0.2848493158817291,-0.28412336111068726
11,ZMG,The picture doesn't know it's a comedy.,1,2,neutral,positive,-0.45688265562057495,-0.5628029108047485,-0.3524211645126343
11,ZMG,A classy item by a legend who may have nothing left to prove but still has the chops and drive to show how its done.,2,2,positive,positive,-0.47844839096069336,-0.4894447326660156,-0.3932253122329712
11,ZMG,"Starts out mediocre, spirals downward, and thuds to the bottom of the pool with an utterly incompetent conclusion.",0,2,negative,positive,-0.34222763776779175,-0.5071291327476501,-0.3129860758781433
11,ZMG,The sort of movie that gives tastelessness a bad rap.,0,0,negative,negative,-0.17586243152618408,-0.43388065695762634,-0.42385736107826233
11,ZMG,Its engaging simplicity is driven by appealing leads.,2,2,positive,positive,-0.41133296489715576,-0.4403061270713806,-0.2854464650154114
11,ZMG,"Fans of the TV series will be disappointed, and everyone else will be slightly bored.",1,2,neutral,positive,-0.5078971982002258,-0.3744794726371765,-0.24808935821056366
11,ZMG,"It's a head-turner -- thoughtfully written, beautifully read and, finally, deeply humanizing.",2,2,positive,positive,-0.534792423248291,-0.2990748882293701,-0.1839105784893036
11,ZMG,"It's not a particularly good film, but neither is it a monsterous one.",1,2,neutral,positive,-0.4126894474029541,-0.3137669563293457,-0.11433973908424377
11,ZMG,Men in Black II achieves ultimate insignificance -- it's the sci-fi comedy spectacle as Whiffle-Ball epic.,0,0,negative,negative,-0.3707336187362671,-0.45261073112487793,-0.3712587058544159
11,ZMG,Martyr gets royally screwed and comes back for more.,1,2,neutral,positive,-0.4132049083709717,-0.38301756978034973,-0.22185161709785461
12,ZPH,Presents a good case while failing to provide a reason for us to care beyond the very basic dictums of human decency.,1,1,neutral,neutral,0.2923077344894409,0.7722200751304626,0.5215131640434265
12,ZPH,"Beautifully crafted, engaging filmmaking that should attract upscale audiences hungry for quality and a nostalgic, twisty yarn that will keep them guessing.",2,1,positive,neutral,0.36230412125587463,0.7580355405807495,0.49817028641700745
12,ZPH,"Bread, My Sweet has so many flaws it would be easy for critics to shred it.",0,1,negative,neutral,0.3776625394821167,0.7460424900054932,0.179392009973526
12,ZPH,"Slow, silly and unintentionally hilarious.",1,1,neutral,neutral,0.37636813521385193,0.644136369228363,0.3740364611148834
12,ZPH,"Ultimately feels empty and unsatisfying, like swallowing a Communion wafer without the wine.",0,1,negative,neutral,0.2984812259674072,0.5082677602767944,0.1275496780872345
12,ZPH,Exudes the fizz of a Busby Berkeley musical and the visceral excitement of a sports extravaganza.,2,1,positive,neutral,0.40142786502838135,0.5047025084495544,0.19659796357154846
12,ZPH,The film rehashes several old themes and is capped with pointless extremes -- it's insanely violent and very graphic.,0,1,negative,neutral,0.511975884437561,0.5168073773384094,0.30688461661338806
12,ZPH,"Ryan Gosling is, in a word, brilliant as the conflicted Daniel.",2,1,positive,neutral,0.47878026962280273,0.6311621069908142,0.2003696858882904
12,ZPH,"If Deuces Wild had been tweaked up a notch it would have become a camp adventure, one of those movies that's so bad it starts to become good.",1,1,neutral,neutral,0.28378719091415405,0.6587928533554077,0.41044190526008606
12,ZPH,The film's stagecrafts are intimate and therefore bolder than the otherwise calculated artifice that defines and overwhelms the film's production design.,1,1,neutral,neutral,0.26267436146736145,0.683666467666626,0.3492760956287384
12,ZPH,"Frida is certainly no disaster, but neither is it the Kahlo movie Frida fans have been looking for.",1,1,neutral,neutral,0.3936160206794739,0.6585800051689148,0.24863192439079285
12,ZPH,The film often achieves a mesmerizing poetry.,2,1,positive,neutral,0.42984336614608765,0.9045353531837463,0.42287495732307434
12,ZPH,A work of astonishing delicacy and force.,2,1,positive,neutral,0.24376630783081055,0.5165467858314514,0.18883374333381653
12,ZPH,"The movie's plot is almost entirely witless and inane, carrying every gag two or three times beyond its limit to sustain a laugh.",0,1,negative,neutral,0.07316070795059204,0.6574891209602356,0.5695935487747192
12,ZPH,"For the most part, the ingredients are there.",1,1,neutral,neutral,0.17654654383659363,0.8563502430915833,0.6051833033561707
12,ZPH,"But if you've paid a matinee price and bought a big tub of popcorn, there's guilty fun to be had here.",1,1,neutral,neutral,0.3116437792778015,0.684311032295227,0.2141825258731842
12,ZPH,"There's not much to Fatale, outside of its stylish surprises... but that's OK.",1,1,neutral,neutral,0.46033400297164917,0.616412341594696,0.0010871021077036858
12,ZPH,"The acting is stiff, the story lacks all trace of wit, the sets look like they were borrowed from Gilligan's Island -- and the CGI Scooby might well be the worst special-effects creation of the year.",0,1,negative,neutral,0.10856464505195618,0.8029411435127258,0.6583988070487976
12,ZPH,"This version moves beyond the original's nostalgia for the communal film experiences of yesteryear to a deeper realization of cinema's inability to stand in for true, lived experience.",1,1,neutral,neutral,0.19719767570495605,0.7358585000038147,0.48878219723701477
12,ZPH,"There's no palpable chemistry between Lopez and male lead Ralph Fiennes, plus the script by Working Girl scribe Kevin Wade is workmanlike in the extreme.",0,1,negative,neutral,0.24031317234039307,0.6867750287055969,0.49343863129615784
12,ZPH,"A first-class, thoroughly involving B movie that effectively combines two surefire, beloved genres -- the prison flick and the fight film.",2,1,positive,neutral,0.3005285859107971,0.6359819769859314,0.312204509973526
12,ZPH,The film is so bad it doesn't improve upon the experience of staring at a blank screen.,0,1,negative,neutral,0.39228856563568115,0.5436537861824036,0.2179119884967804
12,ZPH,Weiss and Speck never make a convincing case for the relevance of these two 20th-century footnotes.,1,1,neutral,neutral,0.4656124711036682,0.6344181895256042,0.33892086148262024
12,ZPH,Another Best of the Year selection.,2,1,positive,neutral,0.37900787591934204,0.8450379371643066,0.37700149416923523
12,ZPH,It's all a rather shapeless good time...,1,1,neutral,neutral,0.25226321816444397,0.5865309834480286,0.3620619475841522
12,ZPH,"Same song, second verse, coulda been better, but it coulda been worse.",1,0,neutral,negative,0.5293616056442261,0.46846282482147217,0.17839011549949646
12,ZPH,I love the robust middle of this picture.,2,1,positive,neutral,0.31733372807502747,0.3215283453464508,0.10991868376731873
12,ZPH,"That's not vintage Spielberg and that, finally, is minimally satisfying.",1,1,neutral,neutral,0.3396156430244446,0.45193302631378174,0.18995192646980286
12,ZPH,The soundtrack alone is worth the price of admission.,2,1,positive,neutral,0.41340044140815735,0.5713402032852173,0.27101173996925354
12,ZPH,Mostly Martha could have used a little trimming -- 10 or 15 minutes could be cut and no one would notice -- but it's a pleasurable trifle.,1,1,neutral,neutral,0.23081687092781067,0.6403059959411621,0.45208051800727844
12,ZPH,"For the rest of us, sitting through Dahmer's two hours amounts to little more than punishment.",0,1,negative,neutral,0.47246482968330383,0.5011876225471497,0.09285584092140198
12,ZPH,"Featuring a dangerously seductive performance from the great Daniel Auteuil, ``Sade'' covers the same period as Kaufmann's ``Quills'' with more unsettlingly realistic results.",2,1,positive,neutral,0.2710122764110565,0.7004685997962952,0.46625348925590515
12,ZPH,"The movie is for fans who can't stop loving anime, and the fanatical excess built into it.",1,1,neutral,neutral,0.4026610553264618,0.6365546584129333,0.17297229170799255
12,ZPH,"The Ring is worth a look, if you don't demand much more than a few cheap thrills from your Halloween entertainment.",1,1,neutral,neutral,0.3452310562133789,0.600728452205658,0.08803704380989075
12,ZPH,"Beautifully observed, miraculously unsentimental comedy-drama.",2,1,positive,neutral,0.2649472653865814,0.6678372025489807,0.48186448216438293
12,ZPH,"What makes How I Killed My Father compelling, besides its terrific performances, is Fontaine's willingness to wander into the dark areas of parent-child relationships without flinching.",2,1,positive,neutral,0.1488173007965088,0.6654508113861084,0.4445846378803253
12,ZPH,"This hastily mounted production exists only to capitalize on Hopkins' inclination to play Hannibal Lecter again, even though Harris has no immediate inclination to provide a fourth book.",0,1,negative,neutral,0.17444637417793274,0.6368713974952698,0.5371825098991394
12,ZPH,Bullock's complete lack of focus and ability quickly derails the film.,0,1,negative,neutral,0.3252542316913605,0.5427262783050537,0.23288461565971375
12,ZPH,"... a plotline that's as lumpy as two-day old porridge... the filmmakers' paws, sad to say, were all over this ``un-bear-able'' project!",0,1,negative,neutral,0.2676876485347748,0.5603347420692444,0.22786781191825867
12,ZPH,Crush could be the worst film a man has made about women since Valley of the Dolls.,0,1,negative,neutral,0.5170221924781799,0.6021977066993713,0.31105050444602966
12,ZPH,"Reassuring, retro uplifter.",2,1,positive,neutral,0.3980037569999695,0.6296557784080505,0.4465114176273346
12,ZPH,Flaccid drama and exasperatingly slow journey.,0,1,negative,neutral,0.22176405787467957,0.689623236656189,0.3397510349750519
12,ZPH,The Movie will reach far beyond its core demographic.,2,1,positive,neutral,0.3521919846534729,0.4543754458427429,0.20724645256996155
12,ZPH,How did it ever get made?,0,1,negative,neutral,0.2501775324344635,0.6020539402961731,0.25417807698249817
12,ZPH,I like the new footage and still love the old stuff.,2,1,positive,neutral,0.40580910444259644,0.5504396557807922,-0.004007783718407154
12,ZPH,"It briefly flirts with player masochism, but the point of real interest -- audience sadism -- is evaded completely.",1,1,neutral,neutral,0.2612778842449188,0.5577112436294556,0.16030898690223694
12,ZPH,Could The Country Bears really be as bad as its trailers?,0,1,negative,neutral,0.29928845167160034,0.3761634826660156,0.208406001329422
12,ZPH,"At times, the movie looks genuinely pretty.",2,1,positive,neutral,0.37281864881515503,0.5724479556083679,0.37631288170814514
12,ZPH,It depends on how well flatulence gags fit into your holiday concept.,1,1,neutral,neutral,0.4088793396949768,0.6500350832939148,0.2274439036846161
12,ZPH,"The stupidest, most insulting movie of 2002's first quarter.",0,1,negative,neutral,0.32913482189178467,0.6990978121757507,0.23148474097251892
12,ZPH,The film seems a dead weight.,0,1,negative,neutral,0.4196118712425232,0.6160523891448975,0.34201017022132874
12,ZPH,"Sparkling, often hilarious romantic jealousy comedy... Attal looks so much like a young Robert DeNiro that it seems the film should instead be called `My Husband Is Travis Bickle'.",2,1,positive,neutral,0.16301998496055603,0.6138917803764343,0.5249671936035156
12,ZPH,"I did go back and check out the last 10 minutes, but these were more repulsive than the first 30 or 40 minutes.",0,1,negative,neutral,0.27149826288223267,0.5810689330101013,0.434011310338974
12,ZPH,"A lousy movie that's not merely unwatchable, but also unlistenable.",0,0,negative,negative,0.3983180522918701,0.37839847803115845,0.2510966360569
12,ZPH,One of the best films of the year with its exploration of the obstacles to happiness faced by five contemporary individuals... a psychological masterpiece.,2,1,positive,neutral,0.26619458198547363,0.5084502100944519,0.2804955542087555
12,ZPH,"A strong script, powerful direction and splendid production design allows us to be transported into the life of Wladyslaw Szpilman, who is not only a pianist, but a good human being.",2,1,positive,neutral,0.22076506912708282,0.5320166945457458,0.41728976368904114
12,ZPH,"But here's the real damn: It isn't funny, either.",0,0,negative,negative,0.5139583945274353,0.41983333230018616,0.08035263419151306
12,ZPH,"Qutting may be a flawed film, but it is nothing if not sincere.",1,0,neutral,negative,0.5735231637954712,0.44266659021377563,0.22270050644874573
12,ZPH,It's a fanboy `what if?',1,1,neutral,neutral,0.23571373522281647,0.5204846858978271,0.3534144461154938
12,ZPH,... something appears to have been lost in the translation this time.,0,1,negative,neutral,0.47419682145118713,0.4921609163284302,0.09706434607505798
12,ZPH,"Like a documentary version of Fight Club, shorn of social insight, intellectual pretension and cinematic interest.",1,0,neutral,negative,0.5568361282348633,0.5254043340682983,0.011546882800757885
12,ZPH,"Stephen Rea, Aidan Quinn, and Alan Bates play Desmond's legal eagles, and when joined by Brosnan, the sight of this grandiloquent quartet lolling in pretty Irish settings is a pleasant enough thing, `tis.",2,1,positive,neutral,0.059800874441862106,0.5268446207046509,0.41090020537376404
12,ZPH,"It's a powerful though flawed movie, guaranteed to put a lump in your throat while reaffirming Washington as possibly the best actor working in movies today.",2,1,positive,neutral,0.3427917957305908,0.5800561308860779,0.2113785445690155
12,ZPH,An intriguing and entertaining introduction to Johnson.,2,1,positive,neutral,0.44606512784957886,0.488477885723114,0.25000616908073425
12,ZPH,Everything was as superficial as the forced New Jersey lowbrow accent Uma had.,0,1,negative,neutral,0.3911289572715759,0.4501696825027466,0.12154629826545715
12,ZPH,"Despite the holes in the story and the somewhat predictable plot, moments of the movie caused me to jump in my chair...",1,1,neutral,neutral,0.42351847887039185,0.5012703537940979,0.2061939537525177
12,ZPH,`How many more voyages can this limping but dearly-loved franchise survive?',1,1,neutral,neutral,0.43663910031318665,0.6600670218467712,0.17858722805976868
12,ZPH,If only the story about a multi-million dollar con bothered to include the con.,1,1,neutral,neutral,0.49361100792884827,0.6029918789863586,0.2182769477367401
12,ZPH,"It is supremely unfunny and unentertaining to watch middle-age and older men drink to excess, piss on trees, b.s. one another and put on a show in drag.",0,2,negative,positive,0.2373001128435135,0.38944604992866516,0.4404989182949066
12,ZPH,"Only a few minutes elapse before the daddy of all slashers arrives, still with the boiler suit and white mask, which look remarkably clean for a guy who has been mass-murdering since 1978 but has never been seen doing laundry.",1,1,neutral,neutral,0.13040423393249512,0.7080450654029846,0.5766745209693909
12,ZPH,"Showtime is one of the hapless victims of the arrogant ``if we put together a wry white man and a chatty black man and give them guns, the movie will be funny'' syndrome.",0,1,negative,neutral,0.1929663121700287,0.628131091594696,0.4514773190021515
12,ZPH,"Whatever heartwarming scene the impressively discreet filmmakers may have expected to record with their mini DV, they show a remarkable ability to document both sides of this emotional car-wreck.",2,1,positive,neutral,0.04400103911757469,0.7298203110694885,0.6075229048728943
12,ZPH,"A zombie movie in every sense of the word -- mindless, lifeless, meandering, loud, painful, obnoxious.",0,1,negative,neutral,0.4196775555610657,0.4351625144481659,-0.01603689417243004
12,ZPH,"It has fun with the quirks of family life, but it also treats the subject with fondness and respect.",2,1,positive,neutral,0.5029329061508179,0.5481973886489868,0.17972537875175476
12,ZPH,"Novak manages to capture a cruelly hilarious vein of black comedy in the situation with his cast of non-actors and a gritty, no-budget approach.",2,1,positive,neutral,0.3011098802089691,0.47405168414115906,0.4114737808704376
12,ZPH,"Since Lee is a sentimentalist, the film is more worshipful than your random E!",1,1,neutral,neutral,0.5261932611465454,0.5955252647399902,0.1604125201702118
12,ZPH,"The movie is almost completely lacking in suspense, surprise and consistent emotional conviction.",0,1,negative,neutral,0.44693952798843384,0.5464605093002319,0.1315576136112213
12,ZPH,"High Crimes knows the mistakes that bad movies make and is determined not to make them, and maybe that is nobility of a sort.",1,1,neutral,neutral,0.37389707565307617,0.568859875202179,0.1671590507030487
12,ZPH,But it's too long and too convoluted and it ends in a muddle.,0,0,negative,negative,0.5621720552444458,0.5157409310340881,0.08341076970100403
12,ZPH,This thing works on no level whatsoever for me.,0,1,negative,neutral,0.418037474155426,0.4995550811290741,0.34767332673072815
12,ZPH,... a bland murder-on-campus yawner.,0,2,negative,positive,0.20593461394309998,0.20175960659980774,0.29991546273231506
12,ZPH,"One of the finest, most humane and important Holocaust movies ever made.",2,0,positive,negative,0.48795098066329956,0.401129812002182,0.0979180634021759
12,ZPH,"Suffers from rambling, repetitive dialogue and the visual drabness endemic to digital video.",0,1,negative,neutral,0.262717604637146,0.4319744110107422,0.06495115160942078
12,ZPH,"The twist that ends the movie is the one with the most emotional resonance, but twists are getting irritating, and this is the kind of material where the filmmakers should be very careful about raising eyebrows.",1,1,neutral,neutral,0.10627308487892151,0.5641879439353943,0.38801535964012146
12,ZPH,"Angel presents events partly from the perspective of Aurelie and Christelle, and infuses the film with the sensibility of a particularly nightmarish fairytale.",1,1,neutral,neutral,0.18749581277370453,0.5248802900314331,0.35551491379737854
12,ZPH,Features one of the most affecting depictions of a love affair ever committed to film.,2,0,positive,negative,0.4972171485424042,0.4063580632209778,-0.004428056068718433
12,ZPH,It is intensely personal and yet -- unlike Quills -- deftly shows us the temper of the times.,2,0,positive,negative,0.46140772104263306,0.35860341787338257,0.1722659170627594
12,ZPH,"Even as I valiantly struggled to remain interested, or at least conscious, I could feel my eyelids... getting... very... heavy...",0,0,negative,negative,0.5290953516960144,0.5138006210327148,0.15806087851524353
12,ZPH,"... a solid, well-formed satire.",2,1,positive,neutral,-0.06023435667157173,0.5576683878898621,0.25616225600242615
12,ZPH,Deserves high marks for political courage but barely gets by on its artistic merits.,1,1,neutral,neutral,0.5200035572052002,0.6531435251235962,0.1889524757862091
12,ZPH,Read My Lips is to be viewed and treasured for its extraordinary intelligence and originality as well as its lyrical variations on the game of love.,2,1,positive,neutral,0.4047209620475769,0.7659297585487366,0.5255677700042725
12,ZPH,"... creates a visceral sense of its characters' lives and conflicted emotions that carries it far above... what could have been a melodramatic, Lifetime Channel-style anthology.",1,1,neutral,neutral,0.34091219305992126,0.6974613070487976,0.5502696633338928
12,ZPH,Reeks of rot and hack work from start to finish.,1,1,neutral,neutral,0.34469470381736755,0.5322057008743286,0.21137139201164246
12,ZPH,Just how these families interact may surprise you.,1,1,neutral,neutral,0.24177947640419006,0.5175936222076416,0.2851797044277191
12,ZPH,"The Movie is what happens when you blow up small potatoes to 10 times their natural size, and it ain't pretty.",0,0,negative,negative,0.3902316391468048,0.380452036857605,0.054710421711206436
12,ZPH,"Even a hardened voyeur would require the patience of Job to get through this interminable, shapeless documentary about the swinging subculture.",0,1,negative,neutral,0.2956804931163788,0.5619601011276245,0.18880215287208557
12,ZPH,"Creepy, authentic and dark.",1,1,neutral,neutral,0.14121049642562866,0.6042032837867737,0.378208190202713
12,ZPH,A lame romantic comedy about an unsympathetic character and someone who would not likely be so stupid as to get involved with her.,0,1,negative,neutral,0.29340577125549316,0.4787353575229645,0.26729241013526917
12,ZPH,"Rob Schneider's infantile cross-dressing routines fill The Hot Chick, the latest gimmick from this unimaginative comedian.",0,1,negative,neutral,0.2640115022659302,0.5288726687431335,0.19143500924110413
12,ZPH,"At its worst the screenplay is callow, but at its best it is a young artist's thoughtful consideration of fatherhood.",1,1,neutral,neutral,0.42414408922195435,0.5969880223274231,0.17262926697731018
12,ZPH,At 78 minutes it just zings along with vibrance and warmth.,2,1,positive,neutral,0.37218669056892395,0.5846086740493774,0.3689441382884979
12,ZPH,"Only an epic documentary could get it all down, and Spike Lee's Jim Brown: All American at long last gives its subject a movie worthy of his talents.",2,1,positive,neutral,0.16790899634361267,0.6613672971725464,0.3520936667919159
12,ZPH,"As quiet, patient and tenacious as Mr. Lopez himself, who approaches his difficult, endless work with remarkable serenity and discipline.",2,1,positive,neutral,0.30174487829208374,0.49859553575515747,0.14116987586021423
12,ZPH,"Instead of hiding Pinocchio from critics, Miramax should have hidden it from everyone.",0,0,negative,negative,0.6084878444671631,0.49981218576431274,0.14358589053153992
12,ZPH,What a great shame that such a talented director as Chen Kaige has chosen to make his English-language debut with a film so poorly plotted and scripted.,0,1,negative,neutral,0.1847262680530548,0.4737328290939331,0.3329707682132721
12,ZPH,"Just about the best straight-up, old-school horror film of the last 15 years.",2,1,positive,neutral,0.312193900346756,0.6358140110969543,0.1762586534023285
12,ZPH,"Gosling creates a staggeringly compelling character, a young man whose sharp intellect is at the very root of his contradictory, self-hating, self-destructive ways.",2,1,positive,neutral,0.06394430994987488,0.6396638751029968,0.3771306574344635
12,ZPH,"I thought the relationships were wonderful, the comedy was funny, and the love `real'.",2,1,positive,neutral,0.37713056802749634,0.6171237826347351,0.26299336552619934
12,ZPH,Better at putting you to sleep than a sound machine.,0,1,negative,neutral,0.3280682861804962,0.531658947467804,0.16849419474601746
12,ZPH,Feels less like a cousin to Blade Runner than like a bottom-feeder sequel in the Escape From New York series.,0,1,negative,neutral,0.3143414855003357,0.5696752667427063,0.4032166302204132
12,ZPH,"Elegantly produced and expressively performed, the six musical numbers crystallize key plot moments into minutely detailed wonders of dreamlike ecstasy.",2,1,positive,neutral,0.26859229803085327,0.4771581292152405,0.23917755484580994
12,ZPH,"Ultimate X is a ride, basically the kind of greatest-hits reel that might come with a subscription to ESPN the Magazine.",1,1,neutral,neutral,0.011692596599459648,0.5985522866249084,0.4541899263858795
12,ZPH,"Celebrated at Sundance, this slight comedy of manners has winning performances and a glossy, glib charm that's hard to beat.",2,1,positive,neutral,0.2803853154182434,0.6332698464393616,0.26787975430488586
12,ZPH,"Apparently, romantic comedy with a fresh point of view just doesn't figure in the present Hollywood program.",0,1,negative,neutral,0.5772199630737305,0.5790446996688843,0.11218371987342834
12,ZPH,That Haynes can both maintain and dismantle the facades that his genre and his character construct is a wonderous accomplishment of veracity and narrative grace.,2,1,positive,neutral,0.26523780822753906,0.5138517618179321,0.30299511551856995
12,ZPH,"Some elements of it really blow the big one, but other parts are decent.",1,0,neutral,negative,0.53196120262146,0.5076626539230347,0.204738050699234
12,ZPH,"No French people were harmed during the making of this movie, but they were insulted and the audience was put through torture for an hour and a half.",0,1,negative,neutral,0.358536958694458,0.8542842864990234,0.46614280343055725
12,ZPH,The simplicity of The Way Home has few equals this side of Aesop.,1,1,neutral,neutral,0.2072812020778656,0.5986910462379456,0.1148996651172638
12,ZPH,Exceptionally well acted by Diane Lane and Richard Gere.,2,1,positive,neutral,0.3496958017349243,0.5598721504211426,0.1627500355243683
12,ZPH,"Dong shows how intolerance has the power to deform families, then tear them apart.",1,1,neutral,neutral,0.4691524803638458,0.532131016254425,0.16965815424919128
12,ZPH,"A stupid, derivative horror film that substitutes extreme gore for suspense.",0,0,negative,negative,0.5162057876586914,0.44861355423927307,0.22844216227531433
12,ZPH,It's a great American adventure and a wonderful film to bring to IMAX.,2,1,positive,neutral,0.3299001455307007,0.5593726634979248,0.2106272280216217
12,ZPH,It's 51 times better than this.,1,1,neutral,neutral,0.321097731590271,0.7069353461265564,0.23318031430244446
12,ZPH,"It's like an old Warner Bros. costumer jived with sex -- this could be the movie Errol Flynn always wanted to make, though Bette Davis, cast as Joan, would have killed him.",1,1,neutral,neutral,0.09523338079452515,0.8052121996879578,0.5802808403968811
12,ZPH,"A miraculous movie, I'm Going Home is so slight, yet overflows with wisdom and emotion.",2,1,positive,neutral,0.5073968172073364,0.5277979373931885,-0.0023853452876210213
12,ZPH,"A fiercely clever and subtle film, capturing the precarious balance between the extravagant confidence of the exiled aristocracy and the cruel earnestness of the victorious revolutionaries.",2,1,positive,neutral,0.1799677312374115,0.5040299296379089,0.26011601090431213
12,ZPH,"It's as if you're watching a movie that was made in 1978 but not released then because it was so weak, and it has been unearthed and released now, when it has become even weaker.",0,1,negative,neutral,0.03813789412379265,0.4931659400463104,0.3448130786418915
12,ZPH,Anemic chronicle of money grubbing New Yorkers and their serial loveless hook ups.,1,1,neutral,neutral,0.3539283275604248,0.5468153357505798,0.10533407330513
12,ZPH,"Thanks to a small star with big heart, this family film sequel is plenty of fun for all.",2,1,positive,neutral,0.3865359127521515,0.5539186596870422,0.0933322012424469
12,ZPH,And I've decided to leave a light on every night from now on.,1,1,neutral,neutral,0.4303306043148041,0.6043579578399658,0.13567522168159485
12,ZPH,Festers in just such a dungpile that you'd swear you were watching monkeys flinging their feces at you.,0,1,negative,neutral,0.6234451532363892,0.637170135974884,0.2965388596057892
12,ZPH,under-rehearsed and lifeless,0,2,negative,positive,0.29342013597488403,0.5443735122680664,0.5539981722831726
12,ZPH,Exactly what you'd expect from a guy named Kaos.,1,0,neutral,negative,0.5337576866149902,0.4874490201473236,0.12823942303657532
12,ZPH,"If legendary shlockmeister Ed Wood had ever made a movie about a vampire, it probably would look a lot like this alarming production, adapted from Anne Rice's novel The Vampire Chronicles.",1,1,neutral,neutral,0.2607628107070923,0.7349418997764587,0.5954423546791077
12,ZPH,"For those for whom the name Woody Allen was once a guarantee of something fresh, sometimes funny, and usually genuinely worthwhile, Hollywood Ending is a depressing experience.",0,1,negative,neutral,0.3282102346420288,0.6419529318809509,0.36479154229164124
12,ZPH,Bella is the picture of health with boundless energy until a few days before she dies.,1,1,neutral,neutral,0.3122759461402893,0.6753574013710022,0.1841963231563568
12,ZPH,"The fun of the movie is the chance it affords to watch Jackson, who also served as executive producer, take his smooth, shrewd, powerful act abroad.",2,1,positive,neutral,0.2809535264968872,0.534206748008728,0.4320615231990814
12,ZPH,What should have been a cutting Hollywood satire is instead about as fresh as last week's issue of Variety.,0,1,negative,neutral,0.3460700809955597,0.5008227825164795,0.3241340219974518
12,ZPH,"Cox offers plenty of glimpses at existing photos, but there are no movies of Nijinsky, so instead the director treats us to an aimless hodgepodge.",0,1,negative,neutral,0.22555306553840637,0.5867679715156555,0.3444995582103729
12,ZPH,Aaliyah rarely dampens her diva persona enough to spark genuine chemistry with Townsend.,1,1,neutral,neutral,0.5187126994132996,0.7962167859077454,0.17501506209373474
12,ZPH,Mr. Soderbergh's direction and visual style struck me as unusually and unimpressively fussy and pretentious.,0,1,negative,neutral,0.4659191071987152,0.6765456199645996,0.20601961016654968
12,ZPH,Mazel tov to a film about a family's joyous life acting on the Yiddish stage.,2,1,positive,neutral,0.45879557728767395,0.579267144203186,0.18747612833976746
12,ZPH,... would be a total loss if not for two supporting performances taking place at the movie's edges.,1,1,neutral,neutral,0.4817725419998169,0.48245060443878174,0.07783493399620056
12,ZPH,An inspiring and heart-affecting film about the desperate attempts of Vietnamese refugees living in U.S. relocation camps to keep their hopes alive in 1975.,2,1,positive,neutral,0.25347042083740234,0.504380464553833,0.3319980204105377
12,ZPH,"Loud, chaotic and largely unfunny.",0,1,negative,neutral,0.4275882840156555,0.6337723731994629,0.20894184708595276
12,ZPH,It's everything you don't go to the movies for.,0,1,negative,neutral,0.3676893413066864,0.5744280219078064,0.30417129397392273
12,ZPH,"Harris is supposed to be the star of the story, but comes across as pretty dull and wooden.",1,1,neutral,neutral,0.30073800683021545,0.6121598482131958,0.23524489998817444
12,ZPH,Allen's funniest and most likeable movie in years.,2,1,positive,neutral,0.5269385576248169,0.7226330041885376,0.24472013115882874
12,ZPH,"For those who pride themselves on sophisticated, discerning taste, this might not seem like the proper cup of tea, however it is almost guaranteed that even the stuffiest cinema goers will laugh their 1*** off for an hour-and-a-half.",2,1,positive,neutral,0.1270694136619568,0.6944880485534668,0.5474734902381897
12,ZPH,"There is a refreshing absence of cynicism in Stuart Little 2 -- quite a rarity, even in the family film market.",2,1,positive,neutral,0.44540175795555115,0.6686971783638,0.1709136664867401
12,ZPH,There are plot holes big enough for Shamu the killer whale to swim through.,0,1,negative,neutral,0.3938451409339905,0.7218149900436401,0.1362120807170868
12,ZPH,... always remains movingly genuine.,2,1,positive,neutral,0.28283095359802246,0.6843716502189636,0.3025391399860382
12,ZPH,The cast is top-notch and I predict there will be plenty of female audience members drooling over Michael Idemoto as Michael.,2,1,positive,neutral,0.5215674042701721,0.576790988445282,0.21843019127845764
12,ZPH,Kirshner and Monroe seem to be in a contest to see who can out-bad-act the other.,0,1,negative,neutral,0.3870082497596741,0.4234088361263275,-0.02777954563498497
12,ZPH,This is one of those war movies that focuses on human interaction rather than battle and action sequences... and it's all the stronger because of it.,2,1,positive,neutral,0.22056671977043152,0.4934183657169342,0.2926080524921417
12,ZPH,"Like life on the island, the movie grows boring despite the scenery.",0,1,negative,neutral,0.4548533260822296,0.4970324635505676,0.1206379234790802
12,ZPH,It's anchored by splendid performances from an honored screen veteran and a sparkling newcomer who instantly transform themselves into a believable mother/daughter pair.,2,1,positive,neutral,0.2957598567008972,0.5299684405326843,0.23457100987434387
12,ZPH,An atonal estrogen opera that demonizes feminism while gifting the most sympathetic male of the piece with a nice vomit bath at his wedding.,0,1,negative,neutral,0.3317790925502777,0.5941340327262878,0.296615868806839
12,ZPH,"Even by the intentionally low standards of frat-boy humor, Sorority Boys is a bowser.",0,0,negative,negative,0.5049535632133484,0.43222513794898987,0.126022607088089
12,ZPH,"Director of photography Benoit Delhomme shot the movie in delicious colors, and the costumes and sets are grand.",2,1,positive,neutral,0.48723670840263367,0.5052968859672546,0.1217862069606781
12,ZPH,The only entertainment you'll derive from this choppy and sloppy affair will be from unintentional giggles -- several of them.,0,1,negative,neutral,0.3690406084060669,0.4115675091743469,0.14368316531181335
12,ZPH,The film serves as a valuable time capsule to remind us of the devastating horror suffered by an entire people.,1,1,neutral,neutral,0.3413568139076233,0.46584486961364746,0.08689644932746887
12,ZPH,"A bittersweet contemporary comedy about benevolent deception, which, while it may not rival the filmmaker's period pieces, is still very much worth seeing.",2,1,positive,neutral,0.24207159876823425,0.5991883277893066,0.2159499228000641
12,ZPH,Attal pushes too hard to make this a comedy or serious drama.,0,1,negative,neutral,0.4283908009529114,0.5669006109237671,0.0006091324612498283
12,ZPH,Isabelle Huppert excels as the enigmatic Mika and Anna Mouglalis is a stunning new young talent in one of Chabrol's most intense psychological mysteries.,2,1,positive,neutral,0.20695140957832336,0.5388666391372681,0.34618404507637024
12,ZPH,A small movie with a big impact.,2,1,positive,neutral,0.4175386130809784,0.6359408497810364,0.36870041489601135
12,ZPH,This bold and lyrical first feature from Raja Amari expands the pat notion that middle-aged women just wanna have fun into a rousing treatise of sensual empowerment.,2,1,positive,neutral,0.19819575548171997,0.5575156807899475,0.41986748576164246
12,ZPH,Photographed with melancholy richness and eloquently performed yet also decidedly uncinematic.,1,1,neutral,neutral,0.4401799440383911,0.556113064289093,0.03435954824090004
12,ZPH,"Hey Arnold! is now stretched to barely feature length, with a little more attention paid to the animation.",1,1,neutral,neutral,0.44122692942619324,0.5947515964508057,0.155765563249588
12,ZPH,"After that, it just gets stupid and maudlin.",0,1,negative,neutral,0.4340294301509857,0.4946387708187103,0.20296409726142883
12,ZPH,"Plods along, minus the twisted humor and eye-popping visuals that have made Miike... a cult hero.",1,1,neutral,neutral,0.4534017741680145,0.4897845387458801,0.041056904941797256
12,ZPH,"Impresses as a skillfully assembled, highly polished and professional adaptation... just about as chilling and unsettling as `Manhunter' was.",2,1,positive,neutral,0.2452256679534912,0.74713534116745,0.28823623061180115
12,ZPH,"For the most part, it's a work of incendiary genius, steering clear of knee-jerk reactions and quick solutions.",2,1,positive,neutral,0.35385382175445557,0.5336159467697144,0.08031365275382996
12,ZPH,"It's badly acted, blandly directed, and could have been scripted by someone who just graduated from elementary school.",0,1,negative,neutral,0.4227879047393799,0.45751044154167175,0.07451459765434265
12,ZPH,"The sort of picture in which, whenever one of the characters has some serious soul searching to do, they go to a picture-perfect beach during sunset.",1,1,neutral,neutral,0.2748275399208069,0.591975748538971,0.30520424246788025
12,ZPH,"Despite its raucous intent, XXX is as conventional as a Nike ad and as rebellious as spring break.",1,1,neutral,neutral,0.3645439147949219,0.6527790427207947,0.2178000509738922
12,ZPH,... a roller-coaster ride of a movie,2,1,positive,neutral,0.19757241010665894,0.6660151481628418,0.13212844729423523
12,ZPH,"A colorful, vibrant introduction to a universal human impulse, lushly photographed and beautifully recorded.",2,1,positive,neutral,0.260928213596344,0.4179900288581848,0.024734649807214737
12,ZPH,Audiard successfully maintains suspense on different levels throughout a film that is both gripping and compelling.,2,1,positive,neutral,0.41822150349617004,0.5493730902671814,0.1612851917743683
12,ZPH,After that it becomes long and tedious like a classroom play in a college history course.,0,1,negative,neutral,0.47103071212768555,0.5842581987380981,0.18272998929023743
12,ZPH,"This is cool, slick stuff, ready to quench the thirst of an audience that misses the summer blockbusters.",2,0,positive,negative,0.4379059076309204,0.4307727813720703,0.13509872555732727
12,ZPH,"Blade II has a brilliant director and charismatic star, but it suffers from rampant vampire devaluation.",1,1,neutral,neutral,0.564060389995575,0.6318908929824829,0.3737565577030182
12,ZPH,"A loud, ugly, irritating movie without any of its satirical salvos hitting a discernible target.",0,1,negative,neutral,0.5288486480712891,0.7865346074104309,0.19455543160438538
12,ZPH,"For VeggieTales fans, this is more appetizing than a side dish of asparagus.",2,0,positive,negative,0.4308312237262726,0.3649454116821289,0.09845033288002014
12,ZPH,"While it regards 1967 as the key turning point of the 20th century, and returns again and again to images of dissidents in the streets, it's alarmingly current.",1,1,neutral,neutral,0.1910858452320099,0.6378945708274841,0.43524637818336487
12,ZPH,A truly wonderful tale combined with stunning animation.,2,1,positive,neutral,0.4570598602294922,0.5828071236610413,0.22043344378471375
12,ZPH,"Nothing sticks, really, except a lingering creepiness one feels from being dragged through a sad, sordid universe of guns, drugs, avarice and damaged dreams.",0,1,negative,neutral,0.1543857902288437,0.5110169053077698,0.33195868134498596
12,ZPH,``Simone'' is a fun and funky look into an artificial creation in a world that thrives on artificiality.,2,1,positive,neutral,0.47098928689956665,0.5448473691940308,0.19769194722175598
12,ZPH,"It's a hoot watching The Rock chomp on jumbo ants, pull an arrow out of his back, and leap unscathed through raging fire!",2,1,positive,neutral,0.393057644367218,0.6251012682914734,0.4032537043094635
12,ZPH,"While Tattoo borrows heavily from both Seven and The Silence of the Lambs, it manages to maintain both a level of sophisticated intrigue and human-scale characters that suck the audience in.",2,1,positive,neutral,0.078838050365448,0.6678932309150696,0.41391459107398987
12,ZPH,A portrait of an artist.,1,1,neutral,neutral,0.18241369724273682,0.7713305354118347,0.29651573300361633
12,ZPH,"As written by Michael Berg and Michael J. Wilson from a story by Wilson, this relentless, all-wise-guys-all-the-time approach tries way too hard and gets tiring in no time at all.",0,1,negative,neutral,0.26707854866981506,0.6526631116867065,0.3979175388813019
12,ZPH,"It's the best film of the year so far, the benchmark against which all other Best Picture contenders should be measured.",2,1,positive,neutral,0.4281345009803772,0.7284315228462219,0.30550363659858704
12,ZPH,This is one of the biggest disappointments of the year.,0,1,negative,neutral,0.28271588683128357,0.46579229831695557,0.09997448325157166
12,ZPH,It never fails to engage us.,2,1,positive,neutral,0.3528033196926117,0.6609960198402405,0.37443652749061584
12,ZPH,"Denis forges out of the theories of class - based rage and sisterly obsession a razor-sided tuning fork that rings with cultural, sexual and social discord.",1,1,neutral,neutral,0.20414942502975464,0.5486357808113098,0.2335440218448639
12,ZPH,The movie slides downhill as soon as macho action conventions assert themselves.,0,0,negative,negative,0.4871339499950409,0.4151749908924103,-0.003969577141106129
12,ZPH,"More romantic, more emotional and ultimately more satisfying than the teary-eyed original.",2,0,positive,negative,0.5253351926803589,0.5132328867912292,0.02945837751030922
12,ZPH,"Like the best of Godard's movies... it is visually ravishing, penetrating, impenetrable.",2,1,positive,neutral,0.3632407784461975,0.53664231300354,0.2065606415271759
12,ZPH,The cumulative effect of the movie is repulsive and depressing.,0,1,negative,neutral,0.47757095098495483,0.49901068210601807,0.24222925305366516
12,ZPH,"Feels like nothing quite so much as a middle-aged moviemaker's attempt to surround himself with beautiful, half-naked women.",1,1,neutral,neutral,0.4485035538673401,0.5028151869773865,0.11516478657722473
12,ZPH,"A very long movie, dull in stretches, with entirely too much focus on meal preparation and igloo construction.",0,1,negative,neutral,0.29662755131721497,0.4681134819984436,0.08541122078895569
12,ZPH,"In XXX, Diesel is that rare creature -- an action hero with table manners, and one who proves that elegance is more than tattoo deep.",2,1,positive,neutral,0.15708261728286743,0.6104674935340881,0.3241555392742157
12,ZPH,I'm not sure which will take longer to heal: the welt on Johnny Knoxville's stomach from a riot-control projectile or my own tortured psyche.,0,1,negative,neutral,0.2815980315208435,0.5904948115348816,0.18063977360725403
12,ZPH,"While Serving Sara does have a long way to go before it reaches the level of crudity in the latest Austin Powers extravaganza, there's nothing here to match that movie's intermittent moments of inspiration.",1,1,neutral,neutral,0.05795299634337425,0.7694661617279053,0.585580050945282
12,ZPH,"It's difficult to conceive of anyone who has reached puberty actually finding the characters in Slackers or their antics amusing, let alone funny.",0,1,negative,neutral,0.22140845656394958,0.6830188632011414,0.29904404282569885
12,ZPH,"It never is, not fully.",1,1,neutral,neutral,0.3001738488674164,0.7108922600746155,0.31956538558006287
12,ZPH,"Not only is Undercover Brother as funny, if not more so, than both Austin Powers films, but it's also one of the smarter, savvier spoofs to come along in some time.",2,1,positive,neutral,0.22382278740406036,0.6978282332420349,0.5343895554542542
12,ZPH,It should be mentioned that the set design and interiors of the haunted vessel are more than effectively creepy and moodily lit.,2,1,positive,neutral,0.457327663898468,0.4658697843551636,0.26527586579322815
12,ZPH,"With the exception of some fleetingly amusing improvisations by Cedric the Entertainer as Perry's boss, there isn't a redeeming moment here.",0,1,negative,neutral,0.39733046293258667,0.7803999781608582,0.2986866533756256
12,ZPH,It's a funny little movie with clever dialogue and likeable characters.,2,1,positive,neutral,0.32456961274147034,0.4917061924934387,0.22592440247535706
12,ZPH,"``13 Conversations'' holds its goodwill close, but is relatively slow to come to the point.",1,1,neutral,neutral,0.4154202938079834,0.5238006114959717,0.13177642226219177
12,ZPH,"Not the kind of film that will appeal to a mainstream American audience, but there is a certain charm about the film that makes it a suitable entry into the fest circuit.",2,1,positive,neutral,0.14416217803955078,0.5253190398216248,0.2684880793094635
12,ZPH,"You come away wishing, though, that the movie spent a lot less time trying to make a credible case for reports from the afterlife and a lot more time on the romantic urgency that's at the center of the story.",1,1,neutral,neutral,-0.0022002030164003372,0.5105699896812439,0.3734067976474762
12,ZPH,The movie is virtually without context -- journalistic or historical.,0,1,negative,neutral,0.3388335108757019,0.5465012192726135,0.13191917538642883
12,ZPH,"After sitting through this sloppy, made-for-movie comedy special, it makes me wonder if Lawrence hates criticism so much that he refuses to evaluate his own work.",0,1,negative,neutral,0.2794334590435028,0.6161028146743774,0.3682369291782379
12,ZPH,Genuinely touching because it's realistic about all kinds of love.,2,0,positive,negative,0.4682098627090454,0.44008949398994446,0.21658465266227722
12,ZPH,"For all the complications, it's all surprisingly predictable.",1,1,neutral,neutral,0.2930489182472229,0.38842830061912537,0.21821466088294983
12,ZPH,"Armed with a game supporting cast, from the pitch-perfect Forster to the always hilarious Meara and Levy, Like Mike shoots and scores, doing its namesake proud.",2,1,positive,neutral,0.06880474090576172,0.6735881567001343,0.40288713574409485
12,ZPH,It will guarantee to have you leaving the theater with a smile on your face.,2,1,positive,neutral,0.18482184410095215,0.6173568964004517,0.04921773448586464
12,ZPH,"The misery of these people becomes just another voyeuristic spectacle, to be consumed and forgotten.",0,1,negative,neutral,0.39651167392730713,0.4730399250984192,0.05289850011467934
12,ZPH,"A thoroughly awful movie -- dumb, narratively chaotic, visually sloppy... a weird amalgam of `The Thing' and a geriatric `Scream.'",0,1,negative,neutral,0.08564627170562744,0.6320847868919373,0.15157827734947205
12,ZPH,"One of those staggeringly well-produced, joylessly extravagant pictures that keep whooshing you from one visual marvel to the next, hastily, emptily.",1,1,neutral,neutral,0.19081246852874756,0.5737298130989075,0.27583935856819153
12,ZPH,"Measured against practically any like-themed film other than its Oscar-sweeping franchise predecessor The Silence of the Lambs, Red Dragon rates as an exceptional thriller.",2,1,positive,neutral,0.1587153673171997,0.5394145846366882,0.2884402573108673
12,ZPH,"The movie has no respect for laws, political correctness or common decency, but it displays something more important: respect for its flawed, crazy people.",1,0,neutral,negative,0.47541990876197815,0.44321003556251526,0.11918249726295471
12,ZPH,"In a strange way, Egoyan has done too much.",1,1,neutral,neutral,0.15059542655944824,0.47293537855148315,0.41063573956489563
12,ZPH,"After seeing the film, I can tell you that there's no other reason why anyone should bother remembering it.",0,1,negative,neutral,0.4208413362503052,0.7075001001358032,0.039777789264917374
12,ZPH,The film is darkly funny in its observation of just how much more grueling and time-consuming the illusion of work is than actual work.,2,1,positive,neutral,0.24087341129779816,0.4973592162132263,0.1317371428012848
12,ZPH,"In some ways, Lagaan is quintessential Bollywood.",1,1,neutral,neutral,0.37175753712654114,0.5891452431678772,0.42817172408103943
12,ZPH,"Pacino and Williams seem to keep upping the ante on each other, just as their characters do in the film.",2,1,positive,neutral,0.36418822407722473,0.5063461661338806,0.1802542507648468
12,ZPH,"It would be disingenuous to call Reno a great film, but you can say that about most of the flicks moving in and out of the multiplex.",1,1,neutral,neutral,0.21683134138584137,0.5472511649131775,0.3251616656780243
12,ZPH,"Some movies can get by without being funny simply by structuring the scenes as if they were jokes: a setup, delivery and payoff.",1,1,neutral,neutral,0.34957367181777954,0.7164335250854492,0.2825639545917511
12,ZPH,Narc can only remind us of brilliant crime dramas without becoming one itself.,1,1,neutral,neutral,0.33615195751190186,0.4150293171405792,0.043368611484766006
12,ZPH,Narc is a no-bull throwback to 1970s action films.,2,1,positive,neutral,0.39518213272094727,0.6945292949676514,0.4052688181400299
12,ZPH,Intriguing and downright intoxicating.,2,1,positive,neutral,0.15044578909873962,0.5133801698684692,0.1802043616771698
12,ZPH,"The wonderful combination of the sweetness and the extraordinary technical accomplishments of the first film are maintained, but its overall impact falls a little flat with a storyline that never quite delivers the original magic.",1,1,neutral,neutral,0.05190133675932884,0.663320779800415,0.44328394532203674
12,ZPH,Perhaps the most annoying thing about Who Is Cletis Tout? is that it's a crime movie made by someone who obviously knows nothing about crime.,0,1,negative,neutral,0.10298900306224823,0.6986374258995056,0.5407784581184387
12,ZPH,"In addition to scoring high for originality of plot -- putting together familiar themes of family, forgiveness and love in a new way -- Lilo & Stitch has a number of other assets to commend it to movie audiences both innocent and jaded.",2,1,positive,neutral,0.1338377743959427,0.6306589245796204,0.4996638596057892
12,ZPH,The quirky drama touches the heart and the funnybone thanks to the energetic and always surprising performance by Rachel Griffiths.,2,1,positive,neutral,0.39483410120010376,0.571448802947998,0.2481767237186432
12,ZPH,"At its worst, it implodes in a series of very bad special effects.",0,0,negative,negative,0.4546669125556946,0.4378284811973572,0.17303672432899475
12,ZPH,Bad and baffling from the get-go.,0,1,negative,neutral,0.2908966839313507,0.6193320155143738,0.27470090985298157
12,ZPH,"The movie is a blast of educational energy, as bouncy animation and catchy songs escort you through the entire 85 minutes.",2,1,positive,neutral,0.29183804988861084,0.7199973464012146,0.33723148703575134
12,ZPH,The original wasn't a good movie but this remake makes it look like a masterpiece!,0,1,negative,neutral,0.682651698589325,0.7626675963401794,0.17353907227516174
12,ZPH,"To my taste, the film's comic characters come perilously close to being Amoses and Andys for a new generation.",1,1,neutral,neutral,0.35346755385398865,0.5171944499015808,0.08086428046226501
12,ZPH,"Although the sequel has all the outward elements of the original, the first film's lovely flakiness is gone, replaced by the forced funniness found in the dullest kiddie flicks.",0,1,negative,neutral,0.2613513767719269,0.5656041502952576,0.23802068829536438
12,ZPH,"The real charm of this trifle is the deadpan comic face of its star, Jean Reno, who resembles Sly Stallone in a hot sake half-sleep.",1,1,neutral,neutral,0.4171895384788513,0.48606163263320923,0.037845585495233536
12,ZPH,"... a cute and sometimes side-splittingly funny blend of Legally Blonde and Drop Dead Gorgeous, starring Piper Perabo in what could be her breakthrough role.",2,1,positive,neutral,0.40651777386665344,0.5779467225074768,0.14999285340309143
12,ZPH,"This method almost never fails him, and it works superbly here.",2,1,positive,neutral,0.4880102872848511,0.5494559407234192,0.14522847533226013
12,ZPH,Few films capture so perfectly the hopes and dreams of little boys on baseball fields as well as the grown men who sit in the stands.,2,1,positive,neutral,0.3355594277381897,0.4041372537612915,0.09707590937614441
12,ZPH,Steers has an unexpectedly adamant streak of warm-blooded empathy for all his disparate Manhattan denizens -- especially the a**holes.,1,1,neutral,neutral,0.4697340130805969,0.5684574246406555,0.03448805585503578
12,ZPH,"The Emperor's Club is one of those films that possesses all the good intentions in the world, but...",1,0,neutral,negative,0.4767860174179077,0.26378145813941956,-0.10474422574043274
12,ZPH,The most compelling performance of the year adds substantial depth to this shocking testament to anti-Semitism and neo-fascism.,2,0,positive,negative,0.4619804918766022,0.45222991704940796,-0.09443512558937073
12,ZPH,"LaBute can't avoid a fatal mistake in the modern era: He's changed the male academic from a lower-class Brit to an American, a choice that upsets the novel's exquisite balance and shreds the fabric of the film.",1,1,neutral,neutral,0.04658647999167442,0.6976895332336426,0.4057997763156891
12,ZPH,A biopic about Crane's life in the classic tradition but evolves into what has become of us all in the era of video.,1,1,neutral,neutral,0.33614030480384827,0.48825323581695557,0.1522347629070282
12,ZPH,"A work of extraordinary journalism, but it is also a work of deft and subtle poetry.",2,1,positive,neutral,0.33117493987083435,0.4378741681575775,-0.028802361339330673
12,ZPH,... think of it as American Pie On Valium.,1,1,neutral,neutral,0.23179560899734497,0.5713624358177185,0.24180343747138977
12,ZPH,Gere gives a good performance in a film that doesn't merit it.,1,0,neutral,negative,0.5125364065170288,0.4310782849788666,0.17639324069023132
12,ZPH,The Pianist is Polanski's best film.,2,1,positive,neutral,0.27619943022727966,0.5391126871109009,0.3037913739681244
12,ZPH,Maybe Thomas Wolfe was right: You can't go home again.,1,1,neutral,neutral,0.39735376834869385,0.5664316415786743,0.05008331313729286
12,ZPH,"The director, with his fake backdrops and stately pacing, never settles on a consistent tone.",0,1,negative,neutral,0.30992037057876587,0.3408750295639038,-0.018261101096868515
12,ZPH,"Why he was given free reign over this project -- he wrote, directed, starred and produced -- is beyond me.",0,1,negative,neutral,0.43868589401245117,0.527252733707428,-0.011115279980003834
12,ZPH,"If you enjoy being rewarded by a script that assumes you aren't very bright, then Blood Work is for you.",0,0,negative,negative,0.33873897790908813,0.16017642617225647,-0.0032149823382496834
12,ZPH,"Like Rudy Yellow Lodge, Eyre needs to take a good sweat to clarify his cinematic vision before his next creation and remember the lessons of the trickster spider.",0,1,negative,neutral,0.36455973982810974,0.5018754601478577,0.08461841940879822
12,ZPH,But his showboating wise-cracker stock persona sure is getting old.,1,0,neutral,negative,0.42278000712394714,0.39988845586776733,0.08529123663902283
12,ZPH,"Circuit queens won't learn a thing, they'll be too busy cursing the film's strategically placed white sheets.",1,1,neutral,neutral,0.3217363953590393,0.6171490550041199,0.04964468255639076
12,ZPH,"A lot of talent is wasted in this crass, low-wattage endeavor.",0,1,negative,neutral,0.46115729212760925,0.6015249490737915,0.13259759545326233
12,ZPH,"Alain Choquart's camera barely stops moving, portraying both the turmoil of the time and giving Conduct a perpetual sense of urgency, which, for a film that takes nearly three hours to unspool, is both funny and irritating.",1,1,neutral,neutral,0.35796797275543213,0.4331601560115814,0.27618566155433655
12,ZPH,The second coming of Harry Potter is a film far superior to its predecessor.,2,0,positive,negative,0.4965539574623108,0.3641883134841919,0.055210862308740616
12,ZPH,This stuck pig of a movie flails limply between bizarre comedy and pallid horror.,0,1,negative,neutral,0.551559329032898,0.5958142876625061,0.11275866627693176
12,ZPH,"The film just might turn on many people to opera, in general, an art form at once visceral and spiritual, wonderfully vulgar and sublimely lofty -- and as emotionally grand as life.",2,1,positive,neutral,0.17286211252212524,0.5464958548545837,0.21411660313606262
12,ZPH,"The delicious trimmings... arrive early and stay late, filling nearly every minute... with a lighthearted glow, some impudent snickers, and a glorious dose of humankind's liberating ability to triumph over a Scrooge or two.",2,1,positive,neutral,0.15361881256103516,0.5760551691055298,0.21438661217689514
12,ZPH,"The inhospitability of the land emphasizes the spare precision of the narratives and helps to give them an atavistic power, as if they were tales that had been handed down since the beginning of time.",1,1,neutral,neutral,0.049236591905355453,0.5931568145751953,0.337600976228714
12,ZPH,Even more baffling is that it's funny.,1,1,neutral,neutral,0.4345477223396301,0.7388486266136169,0.37172022461891174
12,ZPH,"Parker should be commended for taking a fresh approach to familiar material, but his determination to remain true to the original text leads him to adopt a somewhat mannered tone... that ultimately dulls the human tragedy at the story's core.",1,1,neutral,neutral,0.06110527738928795,0.6424937844276428,0.45775124430656433
12,ZPH,"Hard, endearing, caring, warm.",2,1,positive,neutral,0.4583474099636078,0.8611509799957275,0.44746020436286926
12,ZPH,"I have no problem with ``difficult'' movies, or movies that ask the audience to meet them halfway and connect the dots instead of having things all spelled out.",1,1,neutral,neutral,0.2540059983730316,0.6934449076652527,0.28611132502555847
12,ZPH,The way Coppola professes his love for movies -- both colorful pop junk and the classics that unequivocally qualify as art -- is giddily entertaining.,2,1,positive,neutral,0.38312774896621704,0.6586126089096069,0.09864667057991028
12,ZPH,Both the crime story and the love story are unusual.,1,1,neutral,neutral,0.13106566667556763,0.585505485534668,0.1036958396434784
12,ZPH,It's never a good sign when a film's star spends the entirety of the film in a coma.,0,1,negative,neutral,0.3972254693508148,0.6422478556632996,0.14467498660087585
12,ZPH,A creaky staircase gothic.,1,1,neutral,neutral,0.24044233560562134,0.49710342288017273,0.2691313326358795
12,ZPH,"If you're a WWF fan, or you related to the people who watched the robots getting butchered in A.I., you'll probably like Rollerball.",1,1,neutral,neutral,0.27474522590637207,0.5284177660942078,0.2583766281604767
12,ZPH,Norton holds the film together.,1,1,neutral,neutral,0.3017497956752777,0.7666343450546265,0.4165526330471039
12,ZPH,"A breathtaking adventure for all ages, Spirit tells its poignant and uplifting story in a stunning fusion of music and images.",2,1,positive,neutral,0.2844868302345276,0.5494720339775085,0.1889980137348175
12,ZPH,It won't bust your gut -- and it's not intended to -- it's merely a blandly cinematic surgical examination of what makes a joke a joke.,1,1,neutral,neutral,0.5242975950241089,0.5833338499069214,0.18960979580879211
12,ZPH,Largely a for-fans artifact.,1,1,neutral,neutral,0.372339129447937,0.7502133250236511,0.3397352397441864
12,ZPH,A movie so bad that it quickly enters the pantheon of wreckage that includes Battlefield Earth and Showgirls.,0,1,negative,neutral,0.5785223245620728,0.663249135017395,0.04342612996697426
12,ZPH,"If you're over 25, have an IQ over 90, and have a driver's license, you should be able to find better entertainment.",0,1,negative,neutral,0.32427263259887695,0.5491732954978943,0.13606080412864685
12,ZPH,A solid piece of journalistic work that draws a picture of a man for whom political expedience became a deadly foreign policy.,1,1,neutral,neutral,0.40004169940948486,0.5484538674354553,0.030625496059656143
12,ZPH,"The doofus-on-the-loose banter of Welcome to Collinwood has a cocky, after-hours loopiness to it.",1,1,neutral,neutral,0.23379948735237122,0.5883355140686035,0.1071944534778595
12,ZPH,It's the funniest American comedy since Graffiti Bridge.,2,1,positive,neutral,0.44413426518440247,0.6706464290618896,0.3729855716228485
12,ZPH,Samuel Beckett applied to the Iranian voting process.,1,1,neutral,neutral,0.38929295539855957,0.6456820368766785,0.25298383831977844
12,ZPH,A strangely compelling and brilliantly acted psychological drama.,2,0,positive,negative,0.7255122661590576,0.6428987979888916,0.1116587221622467
12,ZPH,"Often gruelling and heartbreaking to witness, but Seldahl and Wollter's sterling performances raise this far above the level of the usual maudlin disease movie.",2,1,positive,neutral,0.31951239705085754,0.4855342507362366,0.18465116620063782
12,ZPH,"This enthralling documentary... is at once playful and haunting, an in-depth portrait of an iconoclastic artist who was fundamentally unknowable even to his closest friends.",2,1,positive,neutral,0.5620596408843994,0.6145268678665161,0.08508911728858948
12,ZPH,"I didn't laugh at the ongoing efforts of Cube, and his skinny buddy Mike Epps, to make like Laurel and Hardy'n the hood.",0,1,negative,neutral,0.37344080209732056,0.5807140469551086,0.21642538905143738
12,ZPH,"At its best when the guarded, resentful Betty and the manipulative yet needy Margot are front and center.",1,0,neutral,negative,0.5631386041641235,0.46865031123161316,0.019022200256586075
12,ZPH,Ford deserves to be remembered at Oscar time for crafting this wonderful portrait of a conflicted soldier.,2,0,positive,negative,0.5154645442962646,0.5038053393363953,-0.03187223896384239
12,ZPH,"That is essentially what's missing from Blackboards -- the sense of something bigger, some ultimate point.",1,0,neutral,negative,0.6484757661819458,0.509551465511322,0.08479252457618713
12,ZPH,"It's a bizarre curiosity memorable mainly for the way it fritters away its potentially interesting subject matter via a banal script, unimpressive acting and indifferent direction.",1,1,neutral,neutral,0.18774476647377014,0.5643145442008972,0.2256481945514679
12,ZPH,"While obviously an extremely personal work, it remains inextricably stuck in an emotionally unavailable rut.",1,1,neutral,neutral,0.40411946177482605,0.5592890977859497,0.1091260015964508
12,ZPH,"A dim-witted and lazy spin-off of the Animal Planet documentary series, Crocodile Hunter is entertainment opportunism at its most glaring.",0,1,negative,neutral,0.27342140674591064,0.5517501831054688,0.18237587809562683
12,ZPH,"The good is very, very good... The rest runs from mildly unimpressive to despairingly awful.",1,0,neutral,negative,0.5932864546775818,0.4909687042236328,0.07888802886009216
12,ZPH,"Methodical, measured, and gently tedious in its comedy, Secret Ballot is a purposefully reductive movie -- which may be why it's so successful at lodging itself in the brain.",2,1,positive,neutral,0.29738709330558777,0.6155907511711121,0.3169238269329071
12,ZPH,One of the most exciting action films to come out of China in recent years.,2,1,positive,neutral,0.253399133682251,0.5075892806053162,0.009888800792396069
12,ZPH,Adam Sandler's Eight Crazy Nights grows on you -- like a rash.,0,1,negative,neutral,0.43146249651908875,0.47950655221939087,0.0694715678691864
12,ZPH,"The film feels formulaic, its plot and pacing typical Hollywood war-movie stuff, while the performances elicit more of a sense of deja vu than awe.",0,1,negative,neutral,0.2171729952096939,0.4660749137401581,0.1546439230442047
12,ZPH,"... pitiful, slapdash disaster.",0,1,negative,neutral,0.2020239531993866,0.7561151385307312,0.4619010388851166
12,ZPH,"As it stands, there's some fine sex onscreen, and some tense arguing, but not a whole lot more.",1,1,neutral,neutral,0.34368667006492615,0.4959949851036072,0.05419347062706947
12,ZPH,It's neither as romantic nor as thrilling as it should be.,0,1,negative,neutral,0.6492041349411011,0.6890327334403992,0.2396123707294464
12,ZPH,Returning director Rob Minkoff... and screenwriter Bruce Joel Rubin... have done a fine job of updating White's dry wit to a new age.,2,1,positive,neutral,0.4581737518310547,0.6333892941474915,0.1887742578983307
12,ZPH,"The Venezuelans say things like ``si, pretty much'' and ``por favor, go home'' when talking to Americans.",1,1,neutral,neutral,0.3672099709510803,0.5804758071899414,0.1190512478351593
12,ZPH,"If you already like this sort of thing, this is that sort of thing all over again.",1,1,neutral,neutral,0.2804179787635803,0.6703523993492126,0.08779105544090271
12,ZPH,An awful movie that will only satisfy the most emotionally malleable of filmgoers.,0,0,negative,negative,0.5798811316490173,0.32563477754592896,-0.03443172201514244
12,ZPH,"This is an extraordinary film, not least because it is Japanese and yet feels universal.",2,1,positive,neutral,0.39737895131111145,0.4575793743133545,0.08400514721870422
12,ZPH,"Aptly named, this shimmering, beautifully costumed and filmed production doesn't work for me.",1,1,neutral,neutral,0.4508495330810547,0.462816059589386,0.04919836297631264
12,ZPH,"If Borstal Boy isn't especially realistic, it is an engaging nostalgia piece.",1,0,neutral,negative,0.6097710132598877,0.5740000605583191,0.06902298331260681
12,ZPH,Griffiths proves she's that rare luminary who continually raises the standard of her profession.,2,1,positive,neutral,0.4630376100540161,0.5569296479225159,0.2103295624256134
12,ZPH,"The asylum material is gripping, as are the scenes of Jia with his family.",2,0,positive,negative,0.4851326644420624,0.3609435558319092,0.09990069270133972
12,ZPH,"... by the time it's done with us, Mira Nair's new movie has its audience giddy with the delight of discovery, of having been immersed in a foreign culture only to find that human nature is pretty much the same all over.",2,1,positive,neutral,0.07034990191459656,0.6429959535598755,0.13628557324409485
12,ZPH,... about as exciting to watch as two last-place basketball teams playing one another on the final day of the season.,0,0,negative,negative,0.46639755368232727,0.3996252417564392,-0.0604000948369503
12,ZPH,Girls gone wild and gone civil again,1,1,neutral,neutral,0.6061282753944397,0.7522670030593872,0.0888458788394928
12,ZPH,To say Analyze That is De Niro's best film since Meet the Parents sums up the sad state of his recent career.,1,1,neutral,neutral,0.29488056898117065,0.5420646667480469,0.17024055123329163
12,ZPH,"Like being trapped inside a huge video game, where exciting, inane images keep popping past your head and the same illogical things keep happening over and over again.",1,1,neutral,neutral,0.2189660668373108,0.5588424801826477,0.30986288189888
12,ZPH,`Enigma' is the kind of engaging historical drama that Hollywood appears to have given up on in favor of sentimental war movies in the vein of `We Were Soldiers.',1,1,neutral,neutral,0.1066625714302063,0.6845394968986511,0.43452873826026917
12,ZPH,The Rock has a great presence but one battle after another is not the same as one battle followed by killer CGI effects.,1,1,neutral,neutral,0.2919829189777374,0.5456776022911072,0.2917453944683075
12,ZPH,Visually sumptuous but intellectually stultifying.,1,1,neutral,neutral,0.10917484760284424,0.6323188543319702,0.3485667407512665
12,ZPH,"So young, so smart, such talent, such a wise ***.",2,1,positive,neutral,0.3834984302520752,0.5040263533592224,0.1304381787776947
12,ZPH,"The problem is that for the most part, the film is deadly dull.",0,1,negative,neutral,0.4436444342136383,0.5250442028045654,0.1015453040599823
12,ZPH,A thinly veiled look at different aspects of Chinese life clashing with each other.,1,1,neutral,neutral,0.4327385127544403,0.5314668416976929,-0.07245120406150818
12,ZPH,An exhilarating experience.,2,1,positive,neutral,0.007762311026453972,0.6966884732246399,0.47882357239723206
12,ZPH,Its vision of that awkward age when sex threatens to overwhelm everything else is acute enough to make everyone who has been there squirm with recognition.,1,1,neutral,neutral,0.24692904949188232,0.5832067728042603,0.3689495027065277
12,ZPH,Remarkably accessible and affecting.,2,1,positive,neutral,0.1726323664188385,0.80771803855896,0.5738047957420349
12,ZPH,"The climactic events are so well realized that you may forget all about the original conflict, just like the movie does.",1,1,neutral,neutral,0.4328557252883911,0.5698455572128296,0.09355470538139343
12,ZPH,Distinctly sub-par... more likely to drown a viewer in boredom than to send any shivers down his spine.,0,1,negative,neutral,0.3384968042373657,0.6472282409667969,0.11996403336524963
12,ZPH,Godard's ode to tackling life's wonderment is a rambling and incoherent manifesto about the vagueness of topical excess... In Praise of Love remains a ponderous and pretentious endeavor that's unfocused and tediously exasperating.,0,1,negative,neutral,0.11488184332847595,0.6486971974372864,0.3548467457294464
12,ZPH,"We never truly come to care about the main characters and whether or not they'll wind up together, and Michele's spiritual quest is neither amusing nor dramatic enough to sustain interest.",0,1,negative,neutral,0.33070600032806396,0.6571499705314636,0.32569804787635803
12,ZPH,"Most haunting about ``Fence'' is its conclusion, when we hear the ultimate fate of these girls and realize, much to our dismay, that this really did happen.",2,1,positive,neutral,0.21152615547180176,0.5603017210960388,0.2850476801395416
12,ZPH,"Bogdanovich taps deep into the Hearst mystique, entertainingly reenacting a historic scandal.",2,1,positive,neutral,0.465395450592041,0.48235589265823364,0.009555253200232983
12,ZPH,"Peralta's mythmaking could have used some informed, adult hindsight.",1,1,neutral,neutral,0.3758253753185272,0.612271249294281,0.013072284869849682
12,ZPH,"``My god, I'm behaving like an idiot!''",1,1,neutral,neutral,0.13223499059677124,0.6762288808822632,0.3416855037212372
12,ZPH,"Devos and Cassel have tremendous chemistry -- their sexual and romantic tension, while never really vocalized, is palpable.",2,1,positive,neutral,0.4896734058856964,0.5383027195930481,0.04271671548485756
12,ZPH,"As a girl-meets-girl romantic comedy, Kissing Jessica Steinis quirky, charming and often hilarious.",2,1,positive,neutral,0.4233829081058502,0.5073845386505127,0.07890954613685608
12,ZPH,Gollum's `performance' is incredible!,2,1,positive,neutral,0.23367056250572205,0.7893334031105042,0.3057918846607208
12,ZPH,"... a haunting vision, with images that seem more like disturbing hallucinations.",0,1,negative,neutral,0.23047691583633423,0.6934904456138611,0.28970810770988464
12,ZPH,"As a remake, it's a pale imitation.",0,1,negative,neutral,0.39628586173057556,0.6537771821022034,0.4059094488620758
12,ZPH,Adults will certainly want to spend their time in the theater thinking up grocery lists and ways to tell their kids how not to act like Pinocchio.,1,1,neutral,neutral,0.583346962928772,0.6979479193687439,0.10042783617973328
12,ZPH,"Not as distinctive or even as humorous as its needs to be to stand out, but it has clearly been made with affection and care.",1,0,neutral,negative,0.6066982746124268,0.5831136703491211,-0.012599793262779713
12,ZPH,A generic family comedy unlikely to be appreciated by anyone outside the under-10 set.,0,1,negative,neutral,0.3721844255924225,0.49765080213546753,0.1728138029575348
12,ZPH,"An amalgam of The Fugitive, Blade Runner, and Total Recall, only without much energy or tension.",1,1,neutral,neutral,0.39171627163887024,0.8247072696685791,0.2661294639110565
12,ZPH,"Everything its title implies, a standard-issue crime drama spat out from the Tinseltown assembly line.",1,1,neutral,neutral,0.3861232101917267,0.5314716696739197,-0.1173158586025238
12,ZPH,"This odd, poetic road movie, spiked by jolts of pop music, pretty much takes place in Morton's ever-watchful gaze -- and it's a tribute to the actress, and to her inventive director, that the journey is such a mesmerizing one.",2,1,positive,neutral,0.033500637859106064,0.7899299263954163,0.6211668252944946
12,ZPH,"Co-writer/director Jonathan Parker's attempts to fashion a Brazil-like, hyper-real satire fall dreadfully short.",0,1,negative,neutral,0.43116727471351624,0.6702731251716614,0.07648774981498718
12,ZPH,"An amateurish, quasi-improvised acting exercise shot on ugly digital video.",0,1,negative,neutral,0.45038437843322754,0.7217050790786743,0.26829686760902405
12,ZPH,"``The Kid Stays in the Picture'' is a great story, terrifically told by the man who wrote it but this Cliff Notes edition is a cheat.",1,1,neutral,neutral,0.2704954445362091,0.5219308733940125,0.11897322535514832
12,ZPH,"A gratingly unfunny groaner littered with zero-dimensional, unlikable characters and hackneyed, threadbare comic setups.",0,1,negative,neutral,0.31797516345977783,0.6081872582435608,0.11880269646644592
12,ZPH,"While this gentle and affecting melodrama will have luvvies in raptures, it's far too slight and introspective to appeal to anything wider than a niche audience.",1,1,neutral,neutral,0.6053751707077026,0.8895614743232727,0.1067114770412445
12,ZPH,Griffin & Co. manage to be spectacularly outrageous.,2,1,positive,neutral,0.26890647411346436,0.7149883508682251,0.24007460474967957
12,ZPH,"A profoundly stupid affair, populating its hackneyed and meanspirited storyline with cardboard characters and performers who value cash above credibility.",0,1,negative,neutral,0.3439938426017761,0.7556685209274292,0.09956511855125427
12,ZPH,"Warm Water Under a Red Bridge is a quirky and poignant Japanese film that explores the fascinating connections between women, water, nature, and sexuality.",2,1,positive,neutral,0.4095248878002167,0.6342994570732117,0.013648423366248608
12,ZPH,It isn't that Stealing Harvard is a horrible movie -- if only it were that grand a failure!,0,0,negative,negative,0.5262969732284546,0.5088871717453003,0.1898128092288971
12,ZPH,It just doesn't have much else... especially in a moral sense.,1,1,neutral,neutral,0.5756911039352417,0.6257919669151306,-0.16680696606636047
12,ZPH,Those unfamiliar with Mormon traditions may find The Singles Ward occasionally bewildering.,1,1,neutral,neutral,0.5499482154846191,0.6252116560935974,0.12262919545173645
12,ZPH,"Viewed as a comedy, a romance, a fairy tale, or a drama, there's nothing remotely triumphant about this motion picture.",1,1,neutral,neutral,0.5193690061569214,0.6359720826148987,0.09492388367652893
12,ZPH,"But the talented cast alone will keep you watching, as will the fight scenes.",2,1,positive,neutral,0.5666661262512207,0.7025322914123535,0.2567642033100128
12,ZPH,It's solid and affecting and exactly as thought-provoking as it should be.,2,1,positive,neutral,0.5642067790031433,0.7423675656318665,0.33665838837623596
12,ZPH,"Thanks largely to Williams, all the interesting developments are processed in 60 minutes -- the rest is just an overexposed waste of film.",0,1,negative,neutral,0.4414367377758026,0.5958600640296936,0.13118436932563782
12,ZPH,"Cantet perfectly captures the hotel lobbies, two-lane highways, and roadside cafes that permeate Vincent's days",2,1,positive,neutral,0.40671610832214355,0.6453403830528259,0.11842182278633118
12,ZPH,"An important movie, a reminder of the power of film to move us and to make us examine our values.",2,1,positive,neutral,0.5490415096282959,0.5527750849723816,-0.006509390659630299
12,ZPH,"Too much of this well-acted but dangerously slow thriller feels like a preamble to a bigger, more complicated story, one that never materializes.",0,1,negative,neutral,0.5528514385223389,0.6868229508399963,0.14527156949043274
12,ZPH,A richly imagined and admirably mature work from a gifted director who definitely has something on his mind.,2,1,positive,neutral,0.451372355222702,0.678668200969696,0.052526507526636124
12,ZPH,"The art direction is often exquisite, and the anthropomorphic animal characters are beautifully realized through clever makeup design, leaving one to hope that the eventual DVD release will offer subtitles and the original Italian-language soundtrack.",2,1,positive,neutral,0.20659610629081726,0.6980605721473694,0.43478837609291077
12,ZPH,"... Jones, despite a definitely distinctive screen presence, just isn't able to muster for a movie that, its title notwithstanding, should have been a lot nastier if it wanted to fully capitalize on its lead's specific gifts.",1,1,neutral,neutral,0.033940162509679794,0.6168026924133301,0.2700658142566681
12,ZPH,But what's nice is that there's a casual intelligence that permeates the script.,2,1,positive,neutral,0.2867082953453064,0.8000831007957458,0.15449842810630798
12,ZPH,Wedding feels a bit anachronistic.,0,1,negative,neutral,0.287248432636261,0.7110909819602966,0.4131099283695221
12,ZPH,"An action/thriller of the finest kind, evoking memories of Day of the Jackal, The French Connection, and Heat.",2,1,positive,neutral,0.3547229468822479,0.4436177611351013,0.014323863200843334
12,ZPH,"This picture is murder by numbers, and as easy to be bored by as your ABC's, despite a few whopping shootouts.",0,1,negative,neutral,0.4983547031879425,0.8433243632316589,0.20151063799858093
12,ZPH,"Every individual will see the movie through the prism of his or her own beliefs and prejudices, but the one thing most will take away is the sense that peace is possible.",2,1,positive,neutral,0.43760940432548523,0.6183292865753174,0.11697813868522644
12,ZPH,"Feels slight, as if it were an extended short, albeit one made by the smartest kids in class.",1,1,neutral,neutral,0.4033278822898865,0.5096359848976135,0.09135356545448303
12,ZPH,The picture doesn't know it's a comedy.,1,1,neutral,neutral,0.592671275138855,0.7170992493629456,0.24311724305152893
12,ZPH,A classy item by a legend who may have nothing left to prove but still has the chops and drive to show how its done.,2,0,positive,negative,0.5140215754508972,0.5071848034858704,0.1567392647266388
12,ZPH,"Starts out mediocre, spirals downward, and thuds to the bottom of the pool with an utterly incompetent conclusion.",0,1,negative,neutral,0.4278595447540283,0.4926877021789551,-0.0038509638980031013
12,ZPH,The sort of movie that gives tastelessness a bad rap.,0,1,negative,neutral,0.3459605872631073,0.5423797965049744,0.3038614094257355
12,ZPH,Its engaging simplicity is driven by appealing leads.,2,1,positive,neutral,0.3363266885280609,0.609581470489502,0.27842041850090027
12,ZPH,"Fans of the TV series will be disappointed, and everyone else will be slightly bored.",1,1,neutral,neutral,0.5700110793113708,0.8159878253936768,0.2905440032482147
12,ZPH,"It's a head-turner -- thoughtfully written, beautifully read and, finally, deeply humanizing.",2,1,positive,neutral,0.48220205307006836,0.6225066184997559,0.13021351397037506
12,ZPH,"It's not a particularly good film, but neither is it a monsterous one.",1,1,neutral,neutral,0.2413506656885147,0.8116945028305054,0.2558614909648895
12,ZPH,Men in Black II achieves ultimate insignificance -- it's the sci-fi comedy spectacle as Whiffle-Ball epic.,0,1,negative,neutral,0.7040256857872009,0.7429372668266296,0.16979245841503143
12,ZPH,Martyr gets royally screwed and comes back for more.,1,0,neutral,negative,0.6313410997390747,0.6133256554603577,0.43440699577331543
