fold,held_out_subject,true_label_id,pred_label_id,true_label_name,pred_label_name
1,ZAB,1,1,neutral,neutral
1,ZAB,2,0,positive,negative
1,ZAB,0,1,negative,neutral
1,ZAB,1,0,neutral,negative
1,ZAB,0,0,negative,negative
1,ZAB,2,0,positive,negative
1,ZAB,0,0,negative,negative
1,ZAB,2,0,positive,negative
1,ZAB,1,0,neutral,negative
1,ZAB,1,0,neutral,negative
1,ZAB,1,0,neutral,negative
1,ZAB,2,0,positive,negative
1,ZAB,2,0,positive,negative
1,ZAB,0,0,negative,negative
1,ZAB,1,0,neutral,negative
1,ZAB,1,0,neutral,negative
1,ZAB,1,0,neutral,negative
1,ZAB,0,0,negative,negative
1,ZAB,1,0,neutral,negative
1,ZAB,0,0,negative,negative
1,ZAB,2,0,positive,negative
1,ZAB,0,0,negative,negative
1,ZAB,1,0,neutral,negative
1,ZAB,2,0,positive,negative
1,ZAB,1,0,neutral,negative
1,ZAB,1,0,neutral,negative
1,ZAB,2,0,positive,negative
1,ZAB,2,0,positive,negative
1,ZAB,1,0,neutral,negative
1,ZAB,0,1,negative,neutral
1,ZAB,2,0,positive,negative
1,ZAB,1,0,neutral,negative
1,ZAB,1,0,neutral,negative
1,ZAB,2,0,positive,negative
1,ZAB,2,0,positive,negative
1,ZAB,0,0,negative,negative
1,ZAB,0,0,negative,negative
1,ZAB,0,0,negative,negative
1,ZAB,0,0,negative,negative
1,ZAB,2,0,positive,negative
1,ZAB,0,0,negative,negative
1,ZAB,2,0,positive,negative
1,ZAB,0,0,negative,negative
1,ZAB,2,0,positive,negative
1,ZAB,1,0,neutral,negative
1,ZAB,0,0,negative,negative
1,ZAB,2,0,positive,negative
1,ZAB,1,0,neutral,negative
1,ZAB,0,0,negative,negative
1,ZAB,0,0,negative,negative
1,ZAB,2,0,positive,negative
1,ZAB,0,0,negative,negative
1,ZAB,0,0,negative,negative
1,ZAB,2,0,positive,negative
1,ZAB,2,0,positive,negative
1,ZAB,0,0,negative,negative
1,ZAB,1,0,neutral,negative
1,ZAB,1,0,neutral,negative
1,ZAB,0,0,negative,negative
1,ZAB,1,0,neutral,negative
1,ZAB,2,0,positive,negative
1,ZAB,2,0,positive,negative
1,ZAB,2,0,positive,negative
1,ZAB,0,0,negative,negative
1,ZAB,1,0,neutral,negative
1,ZAB,1,0,neutral,negative
1,ZAB,1,0,neutral,negative
1,ZAB,0,0,negative,negative
1,ZAB,0,0,negative,negative
1,ZAB,2,0,positive,negative
1,ZAB,0,0,negative,negative
1,ZAB,2,0,positive,negative
1,ZAB,2,0,positive,negative
1,ZAB,1,0,neutral,negative
1,ZAB,0,0,negative,negative
1,ZAB,1,0,neutral,negative
1,ZAB,0,0,negative,negative
1,ZAB,0,0,negative,negative
1,ZAB,0,0,negative,negative
1,ZAB,2,0,positive,negative
1,ZAB,0,0,negative,negative
1,ZAB,1,0,neutral,negative
1,ZAB,1,0,neutral,negative
1,ZAB,2,0,positive,negative
1,ZAB,2,0,positive,negative
1,ZAB,0,0,negative,negative
1,ZAB,2,0,positive,negative
1,ZAB,1,0,neutral,negative
1,ZAB,2,0,positive,negative
1,ZAB,1,0,neutral,negative
1,ZAB,1,0,neutral,negative
1,ZAB,1,0,neutral,negative
1,ZAB,0,0,negative,negative
1,ZAB,0,0,negative,negative
1,ZAB,1,0,neutral,negative
1,ZAB,0,0,negative,negative
1,ZAB,0,1,negative,neutral
1,ZAB,1,1,neutral,neutral
1,ZAB,1,1,neutral,neutral
1,ZAB,2,1,positive,neutral
1,ZAB,2,1,positive,neutral
1,ZAB,2,1,positive,neutral
1,ZAB,0,1,negative,neutral
1,ZAB,0,1,negative,neutral
1,ZAB,2,1,positive,neutral
1,ZAB,2,1,positive,neutral
1,ZAB,2,1,positive,neutral
1,ZAB,2,1,positive,neutral
1,ZAB,0,1,negative,neutral
1,ZAB,0,1,negative,neutral
1,ZAB,2,1,positive,neutral
1,ZAB,1,1,neutral,neutral
1,ZAB,2,1,positive,neutral
1,ZAB,0,1,negative,neutral
1,ZAB,2,1,positive,neutral
1,ZAB,1,1,neutral,neutral
1,ZAB,0,1,negative,neutral
1,ZAB,0,1,negative,neutral
1,ZAB,1,1,neutral,neutral
1,ZAB,2,1,positive,neutral
1,ZAB,1,1,neutral,neutral
1,ZAB,0,1,negative,neutral
1,ZAB,2,1,positive,neutral
1,ZAB,1,1,neutral,neutral
1,ZAB,1,1,neutral,neutral
1,ZAB,2,1,positive,neutral
1,ZAB,2,1,positive,neutral
1,ZAB,0,1,negative,neutral
1,ZAB,1,1,neutral,neutral
1,ZAB,2,1,positive,neutral
1,ZAB,1,1,neutral,neutral
1,ZAB,0,1,negative,neutral
1,ZAB,0,1,negative,neutral
1,ZAB,1,1,neutral,neutral
1,ZAB,1,1,neutral,neutral
1,ZAB,0,1,negative,neutral
1,ZAB,1,1,neutral,neutral
1,ZAB,2,1,positive,neutral
1,ZAB,0,1,negative,neutral
1,ZAB,0,1,negative,neutral
1,ZAB,1,1,neutral,neutral
1,ZAB,0,1,negative,neutral
1,ZAB,2,1,positive,neutral
1,ZAB,1,1,neutral,neutral
1,ZAB,2,1,positive,neutral
1,ZAB,0,1,negative,neutral
1,ZAB,2,0,positive,negative
1,ZAB,0,0,negative,negative
1,ZAB,1,0,neutral,negative
1,ZAB,2,0,positive,negative
1,ZAB,2,0,positive,negative
1,ZAB,2,0,positive,negative
1,ZAB,0,0,negative,negative
1,ZAB,2,0,positive,negative
1,ZAB,0,0,negative,negative
1,ZAB,2,0,positive,negative
1,ZAB,0,0,negative,negative
1,ZAB,2,0,positive,negative
1,ZAB,0,0,negative,negative
1,ZAB,2,0,positive,negative
1,ZAB,0,0,negative,negative
1,ZAB,0,0,negative,negative
1,ZAB,2,0,positive,negative
1,ZAB,0,0,negative,negative
1,ZAB,1,0,neutral,negative
1,ZAB,2,0,positive,negative
1,ZAB,0,0,negative,negative
1,ZAB,2,0,positive,negative
1,ZAB,2,0,positive,negative
1,ZAB,1,0,neutral,negative
1,ZAB,1,0,neutral,negative
1,ZAB,0,0,negative,negative
1,ZAB,2,0,positive,negative
1,ZAB,1,0,neutral,negative
1,ZAB,2,0,positive,negative
1,ZAB,2,0,positive,negative
1,ZAB,0,0,negative,negative
1,ZAB,1,0,neutral,negative
1,ZAB,2,0,positive,negative
1,ZAB,2,0,positive,negative
1,ZAB,2,0,positive,negative
1,ZAB,0,0,negative,negative
1,ZAB,2,0,positive,negative
1,ZAB,1,1,neutral,neutral
1,ZAB,0,0,negative,negative
1,ZAB,2,0,positive,negative
1,ZAB,1,0,neutral,negative
1,ZAB,2,1,positive,neutral
1,ZAB,0,0,negative,negative
1,ZAB,2,0,positive,negative
1,ZAB,2,1,positive,neutral
1,ZAB,2,1,positive,neutral
1,ZAB,1,0,neutral,negative
1,ZAB,0,1,negative,neutral
1,ZAB,2,1,positive,neutral
1,ZAB,0,1,negative,neutral
1,ZAB,2,1,positive,neutral
1,ZAB,1,1,neutral,neutral
1,ZAB,2,1,positive,neutral
1,ZAB,0,1,negative,neutral
1,ZAB,1,1,neutral,neutral
1,ZAB,0,1,negative,neutral
1,ZAB,2,1,positive,neutral
1,ZAB,0,1,negative,neutral
1,ZAB,1,1,neutral,neutral
1,ZAB,0,1,negative,neutral
1,ZAB,1,1,neutral,neutral
1,ZAB,2,1,positive,neutral
1,ZAB,2,1,positive,neutral
1,ZAB,0,1,negative,neutral
1,ZAB,2,1,positive,neutral
1,ZAB,1,1,neutral,neutral
1,ZAB,2,1,positive,neutral
1,ZAB,1,1,neutral,neutral
1,ZAB,0,1,negative,neutral
1,ZAB,0,1,negative,neutral
1,ZAB,2,1,positive,neutral
1,ZAB,1,1,neutral,neutral
1,ZAB,2,1,positive,neutral
1,ZAB,2,1,positive,neutral
1,ZAB,0,1,negative,neutral
1,ZAB,0,1,negative,neutral
1,ZAB,1,1,neutral,neutral
1,ZAB,2,1,positive,neutral
1,ZAB,1,1,neutral,neutral
1,ZAB,1,1,neutral,neutral
1,ZAB,0,1,negative,neutral
1,ZAB,2,1,positive,neutral
1,ZAB,1,1,neutral,neutral
1,ZAB,2,1,positive,neutral
1,ZAB,1,1,neutral,neutral
1,ZAB,1,1,neutral,neutral
1,ZAB,1,1,neutral,neutral
1,ZAB,2,1,positive,neutral
1,ZAB,2,1,positive,neutral
1,ZAB,1,1,neutral,neutral
1,ZAB,0,1,negative,neutral
1,ZAB,2,1,positive,neutral
1,ZAB,2,1,positive,neutral
1,ZAB,0,1,negative,neutral
1,ZAB,0,1,negative,neutral
1,ZAB,2,1,positive,neutral
1,ZAB,1,0,neutral,negative
1,ZAB,0,1,negative,neutral
1,ZAB,1,2,neutral,positive
1,ZAB,2,2,positive,positive
1,ZAB,2,0,positive,negative
1,ZAB,2,1,positive,neutral
1,ZAB,1,2,neutral,positive
1,ZAB,1,2,neutral,positive
1,ZAB,2,0,positive,negative
1,ZAB,1,2,neutral,positive
1,ZAB,1,2,neutral,positive
1,ZAB,2,0,positive,negative
1,ZAB,1,0,neutral,negative
1,ZAB,1,0,neutral,negative
1,ZAB,2,2,positive,positive
1,ZAB,1,2,neutral,positive
1,ZAB,0,1,negative,neutral
1,ZAB,0,1,negative,neutral
1,ZAB,0,0,negative,negative
1,ZAB,0,1,negative,neutral
1,ZAB,1,1,neutral,neutral
1,ZAB,1,1,neutral,neutral
1,ZAB,0,0,negative,negative
1,ZAB,1,2,neutral,positive
1,ZAB,2,0,positive,negative
1,ZAB,0,2,negative,positive
1,ZAB,2,2,positive,positive
1,ZAB,2,1,positive,neutral
1,ZAB,1,2,neutral,positive
1,ZAB,1,2,neutral,positive
1,ZAB,1,2,neutral,positive
1,ZAB,2,0,positive,negative
1,ZAB,1,1,neutral,neutral
1,ZAB,2,1,positive,neutral
1,ZAB,1,0,neutral,negative
1,ZAB,0,1,negative,neutral
1,ZAB,1,2,neutral,positive
1,ZAB,1,0,neutral,negative
1,ZAB,1,1,neutral,neutral
1,ZAB,1,1,neutral,neutral
1,ZAB,2,0,positive,negative
1,ZAB,1,1,neutral,neutral
1,ZAB,1,1,neutral,neutral
1,ZAB,0,1,negative,neutral
1,ZAB,0,1,negative,neutral
1,ZAB,1,1,neutral,neutral
1,ZAB,1,1,neutral,neutral
1,ZAB,2,1,positive,neutral
1,ZAB,1,1,neutral,neutral
1,ZAB,2,1,positive,neutral
1,ZAB,2,1,positive,neutral
1,ZAB,2,1,positive,neutral
1,ZAB,0,1,negative,neutral
1,ZAB,1,1,neutral,neutral
1,ZAB,2,1,positive,neutral
1,ZAB,1,1,neutral,neutral
1,ZAB,1,1,neutral,neutral
1,ZAB,1,1,neutral,neutral
1,ZAB,0,1,negative,neutral
1,ZAB,1,1,neutral,neutral
1,ZAB,2,1,positive,neutral
1,ZAB,2,1,positive,neutral
1,ZAB,0,1,negative,neutral
1,ZAB,0,1,negative,neutral
1,ZAB,0,1,negative,neutral
1,ZAB,1,1,neutral,neutral
1,ZAB,0,1,negative,neutral
1,ZAB,2,1,positive,neutral
1,ZAB,1,1,neutral,neutral
1,ZAB,1,1,neutral,neutral
1,ZAB,0,1,negative,neutral
1,ZAB,2,1,positive,neutral
1,ZAB,1,1,neutral,neutral
1,ZAB,1,1,neutral,neutral
1,ZAB,2,1,positive,neutral
1,ZAB,2,1,positive,neutral
1,ZAB,2,1,positive,neutral
1,ZAB,0,1,negative,neutral
1,ZAB,1,1,neutral,neutral
1,ZAB,1,1,neutral,neutral
1,ZAB,1,1,neutral,neutral
1,ZAB,1,1,neutral,neutral
1,ZAB,1,1,neutral,neutral
1,ZAB,1,1,neutral,neutral
1,ZAB,2,1,positive,neutral
1,ZAB,0,1,negative,neutral
1,ZAB,1,1,neutral,neutral
1,ZAB,2,1,positive,neutral
1,ZAB,1,1,neutral,neutral
1,ZAB,2,2,positive,positive
1,ZAB,1,1,neutral,neutral
1,ZAB,0,1,negative,neutral
1,ZAB,0,1,negative,neutral
1,ZAB,0,1,negative,neutral
1,ZAB,2,1,positive,neutral
1,ZAB,2,1,positive,neutral
1,ZAB,1,1,neutral,neutral
1,ZAB,2,0,positive,negative
1,ZAB,2,1,positive,neutral
1,ZAB,2,2,positive,positive
1,ZAB,0,1,negative,neutral
1,ZAB,0,1,negative,neutral
1,ZAB,1,2,neutral,positive
1,ZAB,1,1,neutral,neutral
1,ZAB,0,1,negative,neutral
1,ZAB,1,1,neutral,neutral
1,ZAB,1,1,neutral,neutral
1,ZAB,2,2,positive,positive
1,ZAB,0,1,negative,neutral
1,ZAB,0,2,negative,positive
1,ZAB,1,2,neutral,positive
1,ZAB,0,1,negative,neutral
1,ZAB,1,1,neutral,neutral
1,ZAB,2,0,positive,negative
1,ZAB,0,1,negative,neutral
1,ZAB,2,1,positive,neutral
1,ZAB,0,1,negative,neutral
1,ZAB,1,1,neutral,neutral
1,ZAB,1,1,neutral,neutral
1,ZAB,1,2,neutral,positive
1,ZAB,2,2,positive,positive
1,ZAB,2,1,positive,neutral
1,ZAB,0,1,negative,neutral
1,ZAB,2,1,positive,neutral
1,ZAB,2,2,positive,positive
1,ZAB,0,2,negative,positive
1,ZAB,2,1,positive,neutral
1,ZAB,2,1,positive,neutral
1,ZAB,1,1,neutral,neutral
1,ZAB,2,1,positive,neutral
1,ZAB,0,1,negative,neutral
1,ZAB,2,1,positive,neutral
1,ZAB,0,1,negative,neutral
1,ZAB,2,1,positive,neutral
1,ZAB,1,2,neutral,positive
1,ZAB,1,1,neutral,neutral
1,ZAB,2,1,positive,neutral
1,ZAB,0,1,negative,neutral
1,ZAB,0,1,negative,neutral
1,ZAB,2,2,positive,positive
1,ZAB,1,1,neutral,neutral
1,ZAB,2,1,positive,neutral
1,ZAB,1,1,neutral,neutral
1,ZAB,0,1,negative,neutral
1,ZAB,1,1,neutral,neutral
2,ZDM,1,1,neutral,neutral
2,ZDM,2,1,positive,neutral
2,ZDM,0,1,negative,neutral
2,ZDM,1,1,neutral,neutral
2,ZDM,2,1,positive,neutral
2,ZDM,0,1,negative,neutral
2,ZDM,2,1,positive,neutral
2,ZDM,1,1,neutral,neutral
2,ZDM,1,1,neutral,neutral
2,ZDM,1,1,neutral,neutral
2,ZDM,2,1,positive,neutral
2,ZDM,2,1,positive,neutral
2,ZDM,0,1,negative,neutral
2,ZDM,1,1,neutral,neutral
2,ZDM,1,1,neutral,neutral
2,ZDM,1,1,neutral,neutral
2,ZDM,0,1,negative,neutral
2,ZDM,1,1,neutral,neutral
2,ZDM,0,1,negative,neutral
2,ZDM,2,1,positive,neutral
2,ZDM,0,1,negative,neutral
2,ZDM,1,1,neutral,neutral
2,ZDM,2,2,positive,positive
2,ZDM,1,1,neutral,neutral
2,ZDM,1,1,neutral,neutral
2,ZDM,2,1,positive,neutral
2,ZDM,1,1,neutral,neutral
2,ZDM,2,1,positive,neutral
2,ZDM,1,1,neutral,neutral
2,ZDM,0,1,negative,neutral
2,ZDM,2,1,positive,neutral
2,ZDM,1,1,neutral,neutral
2,ZDM,1,1,neutral,neutral
2,ZDM,2,1,positive,neutral
2,ZDM,2,1,positive,neutral
2,ZDM,0,1,negative,neutral
2,ZDM,0,1,negative,neutral
2,ZDM,0,1,negative,neutral
2,ZDM,0,1,negative,neutral
2,ZDM,2,1,positive,neutral
2,ZDM,0,1,negative,neutral
2,ZDM,2,1,positive,neutral
2,ZDM,2,1,positive,neutral
2,ZDM,1,1,neutral,neutral
2,ZDM,0,1,negative,neutral
2,ZDM,2,1,positive,neutral
2,ZDM,1,1,neutral,neutral
2,ZDM,0,1,negative,neutral
2,ZDM,2,1,positive,neutral
2,ZDM,0,1,negative,neutral
2,ZDM,0,1,negative,neutral
2,ZDM,2,1,positive,neutral
2,ZDM,2,1,positive,neutral
2,ZDM,0,1,negative,neutral
2,ZDM,1,1,neutral,neutral
2,ZDM,1,1,neutral,neutral
2,ZDM,0,1,negative,neutral
2,ZDM,1,1,neutral,neutral
2,ZDM,2,1,positive,neutral
2,ZDM,2,1,positive,neutral
2,ZDM,2,1,positive,neutral
2,ZDM,0,1,negative,neutral
2,ZDM,1,1,neutral,neutral
2,ZDM,1,1,neutral,neutral
2,ZDM,0,1,negative,neutral
2,ZDM,1,1,neutral,neutral
2,ZDM,0,1,negative,neutral
2,ZDM,2,1,positive,neutral
2,ZDM,0,1,negative,neutral
2,ZDM,2,1,positive,neutral
2,ZDM,2,1,positive,neutral
2,ZDM,1,1,neutral,neutral
2,ZDM,0,1,negative,neutral
2,ZDM,1,1,neutral,neutral
2,ZDM,0,1,negative,neutral
2,ZDM,0,1,negative,neutral
2,ZDM,0,1,negative,neutral
2,ZDM,2,1,positive,neutral
2,ZDM,0,1,negative,neutral
2,ZDM,1,1,neutral,neutral
2,ZDM,2,1,positive,neutral
2,ZDM,2,2,positive,positive
2,ZDM,0,1,negative,neutral
2,ZDM,2,2,positive,positive
2,ZDM,1,1,neutral,neutral
2,ZDM,2,1,positive,neutral
2,ZDM,1,1,neutral,neutral
2,ZDM,1,1,neutral,neutral
2,ZDM,1,1,neutral,neutral
2,ZDM,0,1,negative,neutral
2,ZDM,0,1,negative,neutral
2,ZDM,1,1,neutral,neutral
2,ZDM,0,1,negative,neutral
2,ZDM,0,1,negative,neutral
2,ZDM,1,1,neutral,neutral
2,ZDM,1,1,neutral,neutral
2,ZDM,2,2,positive,positive
2,ZDM,2,1,positive,neutral
2,ZDM,2,1,positive,neutral
2,ZDM,0,1,negative,neutral
2,ZDM,0,1,negative,neutral
2,ZDM,2,1,positive,neutral
2,ZDM,2,1,positive,neutral
2,ZDM,2,1,positive,neutral
2,ZDM,2,1,positive,neutral
2,ZDM,0,1,negative,neutral
2,ZDM,0,1,negative,neutral
2,ZDM,2,1,positive,neutral
2,ZDM,1,1,neutral,neutral
2,ZDM,2,1,positive,neutral
2,ZDM,0,1,negative,neutral
2,ZDM,2,1,positive,neutral
2,ZDM,1,1,neutral,neutral
2,ZDM,0,1,negative,neutral
2,ZDM,0,1,negative,neutral
2,ZDM,1,1,neutral,neutral
2,ZDM,2,1,positive,neutral
2,ZDM,1,1,neutral,neutral
2,ZDM,0,1,negative,neutral
2,ZDM,2,1,positive,neutral
2,ZDM,1,1,neutral,neutral
2,ZDM,1,1,neutral,neutral
2,ZDM,2,1,positive,neutral
2,ZDM,2,1,positive,neutral
2,ZDM,0,1,negative,neutral
2,ZDM,1,1,neutral,neutral
2,ZDM,2,1,positive,neutral
2,ZDM,1,1,neutral,neutral
2,ZDM,0,1,negative,neutral
2,ZDM,0,1,negative,neutral
2,ZDM,1,1,neutral,neutral
2,ZDM,1,1,neutral,neutral
2,ZDM,0,1,negative,neutral
2,ZDM,0,1,negative,neutral
2,ZDM,0,1,negative,neutral
2,ZDM,1,1,neutral,neutral
2,ZDM,0,1,negative,neutral
2,ZDM,2,1,positive,neutral
2,ZDM,1,1,neutral,neutral
2,ZDM,2,1,positive,neutral
2,ZDM,0,2,negative,positive
2,ZDM,2,1,positive,neutral
2,ZDM,0,1,negative,neutral
2,ZDM,1,1,neutral,neutral
2,ZDM,2,1,positive,neutral
2,ZDM,2,1,positive,neutral
2,ZDM,2,2,positive,positive
2,ZDM,0,1,negative,neutral
2,ZDM,2,1,positive,neutral
2,ZDM,0,1,negative,neutral
2,ZDM,2,1,positive,neutral
2,ZDM,0,1,negative,neutral
2,ZDM,2,1,positive,neutral
2,ZDM,0,1,negative,neutral
2,ZDM,2,1,positive,neutral
2,ZDM,0,1,negative,neutral
2,ZDM,0,1,negative,neutral
2,ZDM,2,1,positive,neutral
2,ZDM,0,1,negative,neutral
2,ZDM,1,1,neutral,neutral
2,ZDM,2,1,positive,neutral
2,ZDM,0,1,negative,neutral
2,ZDM,2,1,positive,neutral
2,ZDM,2,1,positive,neutral
2,ZDM,2,1,positive,neutral
2,ZDM,1,1,neutral,neutral
2,ZDM,1,1,neutral,neutral
2,ZDM,0,1,negative,neutral
2,ZDM,2,1,positive,neutral
2,ZDM,1,1,neutral,neutral
2,ZDM,2,1,positive,neutral
2,ZDM,2,1,positive,neutral
2,ZDM,0,1,negative,neutral
2,ZDM,1,1,neutral,neutral
2,ZDM,1,1,neutral,neutral
2,ZDM,2,2,positive,positive
2,ZDM,2,1,positive,neutral
2,ZDM,2,1,positive,neutral
2,ZDM,0,1,negative,neutral
2,ZDM,2,1,positive,neutral
2,ZDM,1,1,neutral,neutral
2,ZDM,0,1,negative,neutral
2,ZDM,2,1,positive,neutral
2,ZDM,2,1,positive,neutral
2,ZDM,0,1,negative,neutral
2,ZDM,2,1,positive,neutral
2,ZDM,2,1,positive,neutral
2,ZDM,1,1,neutral,neutral
2,ZDM,0,1,negative,neutral
2,ZDM,2,1,positive,neutral
2,ZDM,0,1,negative,neutral
2,ZDM,2,1,positive,neutral
2,ZDM,1,1,neutral,neutral
2,ZDM,0,1,negative,neutral
2,ZDM,2,1,positive,neutral
2,ZDM,2,1,positive,neutral
2,ZDM,0,1,negative,neutral
2,ZDM,1,1,neutral,neutral
2,ZDM,0,1,negative,neutral
2,ZDM,2,1,positive,neutral
2,ZDM,0,1,negative,neutral
2,ZDM,0,1,negative,neutral
2,ZDM,1,1,neutral,neutral
2,ZDM,2,1,positive,neutral
2,ZDM,2,1,positive,neutral
2,ZDM,0,1,negative,neutral
2,ZDM,2,1,positive,neutral
2,ZDM,1,1,neutral,neutral
2,ZDM,2,1,positive,neutral
2,ZDM,1,1,neutral,neutral
2,ZDM,0,1,negative,neutral
2,ZDM,0,1,negative,neutral
2,ZDM,2,1,positive,neutral
2,ZDM,1,2,neutral,positive
2,ZDM,2,1,positive,neutral
2,ZDM,2,1,positive,neutral
2,ZDM,0,1,negative,neutral
2,ZDM,0,1,negative,neutral
2,ZDM,1,1,neutral,neutral
2,ZDM,2,1,positive,neutral
2,ZDM,1,1,neutral,neutral
2,ZDM,1,1,neutral,neutral
2,ZDM,0,1,negative,neutral
2,ZDM,2,2,positive,positive
2,ZDM,1,1,neutral,neutral
2,ZDM,2,1,positive,neutral
2,ZDM,1,1,neutral,neutral
2,ZDM,1,1,neutral,neutral
2,ZDM,1,1,neutral,neutral
2,ZDM,2,2,positive,positive
2,ZDM,2,1,positive,neutral
2,ZDM,1,1,neutral,neutral
2,ZDM,0,1,negative,neutral
2,ZDM,2,1,positive,neutral
2,ZDM,2,1,positive,neutral
2,ZDM,0,1,negative,neutral
2,ZDM,0,1,negative,neutral
2,ZDM,2,1,positive,neutral
2,ZDM,0,0,negative,negative
2,ZDM,1,1,neutral,neutral
2,ZDM,0,1,negative,neutral
2,ZDM,1,1,neutral,neutral
2,ZDM,2,1,positive,neutral
2,ZDM,2,1,positive,neutral
2,ZDM,2,1,positive,neutral
2,ZDM,1,1,neutral,neutral
2,ZDM,1,1,neutral,neutral
2,ZDM,2,1,positive,neutral
2,ZDM,1,1,neutral,neutral
2,ZDM,1,2,neutral,positive
2,ZDM,1,2,neutral,positive
2,ZDM,2,0,positive,negative
2,ZDM,1,1,neutral,neutral
2,ZDM,0,1,negative,neutral
2,ZDM,0,1,negative,neutral
2,ZDM,0,1,negative,neutral
2,ZDM,0,1,negative,neutral
2,ZDM,1,1,neutral,neutral
2,ZDM,1,1,neutral,neutral
2,ZDM,0,2,negative,positive
2,ZDM,2,1,positive,neutral
2,ZDM,0,1,negative,neutral
2,ZDM,2,1,positive,neutral
2,ZDM,2,1,positive,neutral
2,ZDM,1,1,neutral,neutral
2,ZDM,1,2,neutral,positive
2,ZDM,1,2,neutral,positive
2,ZDM,2,0,positive,negative
2,ZDM,1,2,neutral,positive
2,ZDM,2,1,positive,neutral
2,ZDM,1,1,neutral,neutral
2,ZDM,0,0,negative,negative
2,ZDM,1,0,neutral,negative
2,ZDM,1,2,neutral,positive
2,ZDM,1,2,neutral,positive
2,ZDM,1,1,neutral,neutral
2,ZDM,2,1,positive,neutral
2,ZDM,1,1,neutral,neutral
2,ZDM,1,1,neutral,neutral
2,ZDM,0,1,negative,neutral
2,ZDM,0,1,negative,neutral
2,ZDM,1,1,neutral,neutral
2,ZDM,1,2,neutral,positive
2,ZDM,2,2,positive,positive
2,ZDM,1,1,neutral,neutral
2,ZDM,2,1,positive,neutral
2,ZDM,2,1,positive,neutral
2,ZDM,2,1,positive,neutral
2,ZDM,0,1,negative,neutral
2,ZDM,1,1,neutral,neutral
2,ZDM,2,1,positive,neutral
2,ZDM,1,1,neutral,neutral
2,ZDM,1,1,neutral,neutral
2,ZDM,1,1,neutral,neutral
2,ZDM,0,1,negative,neutral
2,ZDM,1,1,neutral,neutral
2,ZDM,2,1,positive,neutral
2,ZDM,2,1,positive,neutral
2,ZDM,0,1,negative,neutral
2,ZDM,0,1,negative,neutral
2,ZDM,0,1,negative,neutral
2,ZDM,1,1,neutral,neutral
2,ZDM,0,1,negative,neutral
2,ZDM,2,1,positive,neutral
2,ZDM,1,1,neutral,neutral
2,ZDM,1,1,neutral,neutral
2,ZDM,0,1,negative,neutral
2,ZDM,2,1,positive,neutral
2,ZDM,1,1,neutral,neutral
2,ZDM,1,1,neutral,neutral
2,ZDM,2,1,positive,neutral
2,ZDM,2,1,positive,neutral
2,ZDM,0,1,negative,neutral
2,ZDM,1,1,neutral,neutral
2,ZDM,1,1,neutral,neutral
2,ZDM,1,1,neutral,neutral
2,ZDM,1,1,neutral,neutral
2,ZDM,1,1,neutral,neutral
2,ZDM,1,1,neutral,neutral
2,ZDM,2,1,positive,neutral
2,ZDM,0,1,negative,neutral
2,ZDM,1,1,neutral,neutral
2,ZDM,2,1,positive,neutral
2,ZDM,2,1,positive,neutral
2,ZDM,1,1,neutral,neutral
2,ZDM,0,1,negative,neutral
2,ZDM,0,1,negative,neutral
2,ZDM,0,1,negative,neutral
2,ZDM,2,1,positive,neutral
2,ZDM,2,1,positive,neutral
2,ZDM,1,0,neutral,negative
2,ZDM,1,1,neutral,neutral
2,ZDM,2,1,positive,neutral
2,ZDM,2,1,positive,neutral
2,ZDM,2,1,positive,neutral
2,ZDM,0,2,negative,positive
2,ZDM,0,2,negative,positive
2,ZDM,1,1,neutral,neutral
2,ZDM,1,1,neutral,neutral
2,ZDM,0,1,negative,neutral
2,ZDM,1,1,neutral,neutral
2,ZDM,1,1,neutral,neutral
2,ZDM,2,1,positive,neutral
2,ZDM,0,1,negative,neutral
2,ZDM,0,1,negative,neutral
2,ZDM,1,1,neutral,neutral
2,ZDM,0,1,negative,neutral
2,ZDM,1,1,neutral,neutral
2,ZDM,2,1,positive,neutral
2,ZDM,0,1,negative,neutral
2,ZDM,2,1,positive,neutral
2,ZDM,0,1,negative,neutral
2,ZDM,1,1,neutral,neutral
2,ZDM,1,1,neutral,neutral
2,ZDM,1,1,neutral,neutral
2,ZDM,2,1,positive,neutral
2,ZDM,2,1,positive,neutral
2,ZDM,0,0,negative,negative
2,ZDM,2,1,positive,neutral
2,ZDM,2,1,positive,neutral
2,ZDM,0,1,negative,neutral
2,ZDM,2,1,positive,neutral
2,ZDM,2,1,positive,neutral
2,ZDM,1,1,neutral,neutral
2,ZDM,2,1,positive,neutral
2,ZDM,0,1,negative,neutral
2,ZDM,2,1,positive,neutral
2,ZDM,2,1,positive,neutral
2,ZDM,1,1,neutral,neutral
2,ZDM,1,1,neutral,neutral
2,ZDM,2,1,positive,neutral
2,ZDM,0,1,negative,neutral
2,ZDM,0,1,negative,neutral
2,ZDM,2,1,positive,neutral
2,ZDM,1,0,neutral,negative
2,ZDM,2,1,positive,neutral
2,ZDM,1,1,neutral,neutral
2,ZDM,0,2,negative,positive
2,ZDM,1,1,neutral,neutral
3,ZDN,1,1,neutral,neutral
3,ZDN,2,1,positive,neutral
3,ZDN,0,1,negative,neutral
3,ZDN,1,1,neutral,neutral
3,ZDN,0,1,negative,neutral
3,ZDN,2,1,positive,neutral
3,ZDN,0,1,negative,neutral
3,ZDN,2,1,positive,neutral
3,ZDN,1,1,neutral,neutral
3,ZDN,1,1,neutral,neutral
3,ZDN,1,1,neutral,neutral
3,ZDN,2,1,positive,neutral
3,ZDN,2,1,positive,neutral
3,ZDN,0,1,negative,neutral
3,ZDN,1,1,neutral,neutral
3,ZDN,1,1,neutral,neutral
3,ZDN,1,1,neutral,neutral
3,ZDN,0,1,negative,neutral
3,ZDN,1,1,neutral,neutral
3,ZDN,0,1,negative,neutral
3,ZDN,2,1,positive,neutral
3,ZDN,0,1,negative,neutral
3,ZDN,2,1,positive,neutral
3,ZDN,1,1,neutral,neutral
3,ZDN,1,1,neutral,neutral
3,ZDN,2,1,positive,neutral
3,ZDN,1,1,neutral,neutral
3,ZDN,2,1,positive,neutral
3,ZDN,1,1,neutral,neutral
3,ZDN,0,1,negative,neutral
3,ZDN,2,1,positive,neutral
3,ZDN,1,1,neutral,neutral
3,ZDN,1,1,neutral,neutral
3,ZDN,2,1,positive,neutral
3,ZDN,2,1,positive,neutral
3,ZDN,0,1,negative,neutral
3,ZDN,0,1,negative,neutral
3,ZDN,0,1,negative,neutral
3,ZDN,0,1,negative,neutral
3,ZDN,2,1,positive,neutral
3,ZDN,0,1,negative,neutral
3,ZDN,2,1,positive,neutral
3,ZDN,0,1,negative,neutral
3,ZDN,2,1,positive,neutral
3,ZDN,1,1,neutral,neutral
3,ZDN,0,1,negative,neutral
3,ZDN,2,1,positive,neutral
3,ZDN,1,1,neutral,neutral
3,ZDN,0,1,negative,neutral
3,ZDN,0,1,negative,neutral
3,ZDN,2,1,positive,neutral
3,ZDN,0,1,negative,neutral
3,ZDN,0,1,negative,neutral
3,ZDN,2,1,positive,neutral
3,ZDN,2,1,positive,neutral
3,ZDN,0,1,negative,neutral
3,ZDN,1,1,neutral,neutral
3,ZDN,1,1,neutral,neutral
3,ZDN,0,1,negative,neutral
3,ZDN,1,1,neutral,neutral
3,ZDN,2,1,positive,neutral
3,ZDN,2,1,positive,neutral
3,ZDN,2,1,positive,neutral
3,ZDN,0,1,negative,neutral
3,ZDN,1,1,neutral,neutral
3,ZDN,1,1,neutral,neutral
3,ZDN,1,1,neutral,neutral
3,ZDN,0,1,negative,neutral
3,ZDN,1,1,neutral,neutral
3,ZDN,0,1,negative,neutral
3,ZDN,2,1,positive,neutral
3,ZDN,0,1,negative,neutral
3,ZDN,2,1,positive,neutral
3,ZDN,2,1,positive,neutral
3,ZDN,1,1,neutral,neutral
3,ZDN,0,1,negative,neutral
3,ZDN,1,1,neutral,neutral
3,ZDN,0,1,negative,neutral
3,ZDN,0,1,negative,neutral
3,ZDN,0,1,negative,neutral
3,ZDN,2,1,positive,neutral
3,ZDN,0,1,negative,neutral
3,ZDN,1,1,neutral,neutral
3,ZDN,1,1,neutral,neutral
3,ZDN,2,1,positive,neutral
3,ZDN,2,1,positive,neutral
3,ZDN,0,1,negative,neutral
3,ZDN,2,1,positive,neutral
3,ZDN,1,1,neutral,neutral
3,ZDN,2,1,positive,neutral
3,ZDN,1,1,neutral,neutral
3,ZDN,1,1,neutral,neutral
3,ZDN,1,1,neutral,neutral
3,ZDN,0,1,negative,neutral
3,ZDN,0,1,negative,neutral
3,ZDN,1,1,neutral,neutral
3,ZDN,0,1,negative,neutral
3,ZDN,1,1,neutral,neutral
3,ZDN,1,1,neutral,neutral
3,ZDN,2,1,positive,neutral
3,ZDN,2,1,positive,neutral
3,ZDN,2,1,positive,neutral
3,ZDN,0,1,negative,neutral
3,ZDN,0,1,negative,neutral
3,ZDN,2,1,positive,neutral
3,ZDN,2,1,positive,neutral
3,ZDN,2,1,positive,neutral
3,ZDN,2,1,positive,neutral
3,ZDN,0,1,negative,neutral
3,ZDN,0,1,negative,neutral
3,ZDN,2,1,positive,neutral
3,ZDN,1,1,neutral,neutral
3,ZDN,2,1,positive,neutral
3,ZDN,0,1,negative,neutral
3,ZDN,2,1,positive,neutral
3,ZDN,1,1,neutral,neutral
3,ZDN,0,1,negative,neutral
3,ZDN,0,1,negative,neutral
3,ZDN,1,1,neutral,neutral
3,ZDN,2,1,positive,neutral
3,ZDN,1,1,neutral,neutral
3,ZDN,0,1,negative,neutral
3,ZDN,2,1,positive,neutral
3,ZDN,1,1,neutral,neutral
3,ZDN,1,1,neutral,neutral
3,ZDN,2,1,positive,neutral
3,ZDN,2,1,positive,neutral
3,ZDN,0,1,negative,neutral
3,ZDN,1,1,neutral,neutral
3,ZDN,2,1,positive,neutral
3,ZDN,1,1,neutral,neutral
3,ZDN,0,1,negative,neutral
3,ZDN,0,1,negative,neutral
3,ZDN,1,1,neutral,neutral
3,ZDN,1,1,neutral,neutral
3,ZDN,0,1,negative,neutral
3,ZDN,1,1,neutral,neutral
3,ZDN,2,1,positive,neutral
3,ZDN,0,1,negative,neutral
3,ZDN,0,1,negative,neutral
3,ZDN,1,1,neutral,neutral
3,ZDN,0,1,negative,neutral
3,ZDN,2,1,positive,neutral
3,ZDN,1,1,neutral,neutral
3,ZDN,2,1,positive,neutral
3,ZDN,0,1,negative,neutral
3,ZDN,2,1,positive,neutral
3,ZDN,0,1,negative,neutral
3,ZDN,1,1,neutral,neutral
3,ZDN,0,1,negative,neutral
3,ZDN,1,1,neutral,neutral
3,ZDN,2,1,positive,neutral
3,ZDN,2,1,positive,neutral
3,ZDN,2,1,positive,neutral
3,ZDN,1,1,neutral,neutral
3,ZDN,1,1,neutral,neutral
3,ZDN,2,1,positive,neutral
3,ZDN,1,1,neutral,neutral
3,ZDN,1,1,neutral,neutral
3,ZDN,2,1,positive,neutral
3,ZDN,1,1,neutral,neutral
3,ZDN,1,1,neutral,neutral
3,ZDN,2,1,positive,neutral
3,ZDN,1,1,neutral,neutral
3,ZDN,0,1,negative,neutral
3,ZDN,0,1,negative,neutral
3,ZDN,0,1,negative,neutral
3,ZDN,0,1,negative,neutral
3,ZDN,1,1,neutral,neutral
3,ZDN,1,1,neutral,neutral
3,ZDN,0,1,negative,neutral
3,ZDN,1,1,neutral,neutral
3,ZDN,2,1,positive,neutral
3,ZDN,0,1,negative,neutral
3,ZDN,2,1,positive,neutral
3,ZDN,2,1,positive,neutral
3,ZDN,1,1,neutral,neutral
3,ZDN,1,1,neutral,neutral
3,ZDN,1,1,neutral,neutral
3,ZDN,2,1,positive,neutral
3,ZDN,1,1,neutral,neutral
3,ZDN,2,1,positive,neutral
3,ZDN,1,1,neutral,neutral
3,ZDN,0,1,negative,neutral
3,ZDN,1,1,neutral,neutral
3,ZDN,1,1,neutral,neutral
3,ZDN,1,1,neutral,neutral
3,ZDN,1,1,neutral,neutral
3,ZDN,2,1,positive,neutral
3,ZDN,1,1,neutral,neutral
3,ZDN,1,1,neutral,neutral
3,ZDN,0,1,negative,neutral
3,ZDN,0,1,negative,neutral
3,ZDN,1,1,neutral,neutral
3,ZDN,1,1,neutral,neutral
3,ZDN,2,1,positive,neutral
3,ZDN,1,1,neutral,neutral
3,ZDN,2,1,positive,neutral
3,ZDN,2,1,positive,neutral
3,ZDN,2,1,positive,neutral
3,ZDN,0,1,negative,neutral
3,ZDN,1,1,neutral,neutral
3,ZDN,2,1,positive,neutral
3,ZDN,1,1,neutral,neutral
3,ZDN,1,1,neutral,neutral
3,ZDN,1,1,neutral,neutral
3,ZDN,0,1,negative,neutral
3,ZDN,1,1,neutral,neutral
3,ZDN,2,1,positive,neutral
3,ZDN,2,1,positive,neutral
3,ZDN,0,1,negative,neutral
3,ZDN,0,1,negative,neutral
3,ZDN,0,1,negative,neutral
3,ZDN,1,1,neutral,neutral
3,ZDN,0,1,negative,neutral
3,ZDN,2,1,positive,neutral
3,ZDN,1,1,neutral,neutral
3,ZDN,1,1,neutral,neutral
3,ZDN,0,1,negative,neutral
3,ZDN,2,1,positive,neutral
3,ZDN,1,1,neutral,neutral
3,ZDN,1,1,neutral,neutral
3,ZDN,2,1,positive,neutral
3,ZDN,2,1,positive,neutral
3,ZDN,0,1,negative,neutral
3,ZDN,1,1,neutral,neutral
3,ZDN,1,1,neutral,neutral
3,ZDN,1,1,neutral,neutral
3,ZDN,1,1,neutral,neutral
3,ZDN,2,1,positive,neutral
3,ZDN,0,1,negative,neutral
3,ZDN,1,1,neutral,neutral
3,ZDN,2,1,positive,neutral
3,ZDN,1,1,neutral,neutral
3,ZDN,2,1,positive,neutral
3,ZDN,1,1,neutral,neutral
3,ZDN,0,1,negative,neutral
3,ZDN,0,1,negative,neutral
3,ZDN,0,1,negative,neutral
3,ZDN,2,1,positive,neutral
3,ZDN,2,1,positive,neutral
3,ZDN,1,1,neutral,neutral
3,ZDN,1,1,neutral,neutral
3,ZDN,2,1,positive,neutral
3,ZDN,2,1,positive,neutral
3,ZDN,2,1,positive,neutral
3,ZDN,0,1,negative,neutral
3,ZDN,0,1,negative,neutral
3,ZDN,1,1,neutral,neutral
3,ZDN,1,1,neutral,neutral
3,ZDN,0,1,negative,neutral
3,ZDN,1,1,neutral,neutral
3,ZDN,1,1,neutral,neutral
3,ZDN,2,1,positive,neutral
3,ZDN,0,1,negative,neutral
3,ZDN,0,1,negative,neutral
3,ZDN,1,1,neutral,neutral
3,ZDN,1,1,neutral,neutral
3,ZDN,2,1,positive,neutral
3,ZDN,0,1,negative,neutral
3,ZDN,2,1,positive,neutral
3,ZDN,0,1,negative,neutral
3,ZDN,1,1,neutral,neutral
3,ZDN,1,1,neutral,neutral
3,ZDN,1,1,neutral,neutral
3,ZDN,2,1,positive,neutral
3,ZDN,2,1,positive,neutral
3,ZDN,0,1,negative,neutral
3,ZDN,2,1,positive,neutral
3,ZDN,2,1,positive,neutral
3,ZDN,0,1,negative,neutral
3,ZDN,2,1,positive,neutral
3,ZDN,2,1,positive,neutral
3,ZDN,1,1,neutral,neutral
3,ZDN,2,1,positive,neutral
3,ZDN,0,1,negative,neutral
3,ZDN,2,1,positive,neutral
3,ZDN,0,1,negative,neutral
3,ZDN,2,1,positive,neutral
3,ZDN,1,1,neutral,neutral
3,ZDN,1,1,neutral,neutral
3,ZDN,2,1,positive,neutral
3,ZDN,0,1,negative,neutral
3,ZDN,0,1,negative,neutral
3,ZDN,2,1,positive,neutral
3,ZDN,1,1,neutral,neutral
3,ZDN,2,1,positive,neutral
3,ZDN,1,1,neutral,neutral
3,ZDN,0,1,negative,neutral
4,ZGW,1,2,neutral,positive
4,ZGW,2,2,positive,positive
4,ZGW,0,2,negative,positive
4,ZGW,1,2,neutral,positive
4,ZGW,0,2,negative,positive
4,ZGW,2,2,positive,positive
4,ZGW,0,0,negative,negative
4,ZGW,2,0,positive,negative
4,ZGW,1,2,neutral,positive
4,ZGW,1,2,neutral,positive
4,ZGW,1,2,neutral,positive
4,ZGW,2,2,positive,positive
4,ZGW,2,2,positive,positive
4,ZGW,0,2,negative,positive
4,ZGW,1,0,neutral,negative
4,ZGW,1,2,neutral,positive
4,ZGW,1,2,neutral,positive
4,ZGW,0,2,negative,positive
4,ZGW,1,2,neutral,positive
4,ZGW,0,2,negative,positive
4,ZGW,2,2,positive,positive
4,ZGW,0,2,negative,positive
4,ZGW,1,2,neutral,positive
4,ZGW,2,0,positive,negative
4,ZGW,1,2,neutral,positive
4,ZGW,1,2,neutral,positive
4,ZGW,2,2,positive,positive
4,ZGW,1,2,neutral,positive
4,ZGW,2,2,positive,positive
4,ZGW,1,2,neutral,positive
4,ZGW,0,2,negative,positive
4,ZGW,2,2,positive,positive
4,ZGW,1,2,neutral,positive
4,ZGW,1,2,neutral,positive
4,ZGW,2,2,positive,positive
4,ZGW,2,2,positive,positive
4,ZGW,0,2,negative,positive
4,ZGW,0,2,negative,positive
4,ZGW,0,2,negative,positive
4,ZGW,0,0,negative,negative
4,ZGW,2,2,positive,positive
4,ZGW,0,2,negative,positive
4,ZGW,2,2,positive,positive
4,ZGW,1,2,neutral,positive
4,ZGW,0,0,negative,negative
4,ZGW,2,2,positive,positive
4,ZGW,1,2,neutral,positive
4,ZGW,0,2,negative,positive
4,ZGW,0,2,negative,positive
4,ZGW,2,2,positive,positive
4,ZGW,0,2,negative,positive
4,ZGW,0,2,negative,positive
4,ZGW,2,2,positive,positive
4,ZGW,2,2,positive,positive
4,ZGW,0,2,negative,positive
4,ZGW,1,2,neutral,positive
4,ZGW,1,2,neutral,positive
4,ZGW,0,2,negative,positive
4,ZGW,1,2,neutral,positive
4,ZGW,2,2,positive,positive
4,ZGW,2,2,positive,positive
4,ZGW,2,2,positive,positive
4,ZGW,0,2,negative,positive
4,ZGW,1,2,neutral,positive
4,ZGW,1,2,neutral,positive
4,ZGW,1,2,neutral,positive
4,ZGW,0,2,negative,positive
4,ZGW,1,2,neutral,positive
4,ZGW,0,2,negative,positive
4,ZGW,2,2,positive,positive
4,ZGW,0,2,negative,positive
4,ZGW,2,2,positive,positive
4,ZGW,2,2,positive,positive
4,ZGW,1,2,neutral,positive
4,ZGW,0,2,negative,positive
4,ZGW,1,2,neutral,positive
4,ZGW,0,2,negative,positive
4,ZGW,0,2,negative,positive
4,ZGW,0,2,negative,positive
4,ZGW,2,2,positive,positive
4,ZGW,0,2,negative,positive
4,ZGW,1,2,neutral,positive
4,ZGW,1,2,neutral,positive
4,ZGW,2,2,positive,positive
4,ZGW,0,2,negative,positive
4,ZGW,2,2,positive,positive
4,ZGW,1,2,neutral,positive
4,ZGW,2,2,positive,positive
4,ZGW,1,2,neutral,positive
4,ZGW,1,2,neutral,positive
4,ZGW,1,2,neutral,positive
4,ZGW,0,2,negative,positive
4,ZGW,0,2,negative,positive
4,ZGW,0,2,negative,positive
4,ZGW,1,2,neutral,positive
4,ZGW,1,2,neutral,positive
4,ZGW,2,2,positive,positive
4,ZGW,2,2,positive,positive
4,ZGW,2,2,positive,positive
4,ZGW,0,2,negative,positive
4,ZGW,0,2,negative,positive
4,ZGW,2,2,positive,positive
4,ZGW,2,2,positive,positive
4,ZGW,2,2,positive,positive
4,ZGW,2,2,positive,positive
4,ZGW,0,2,negative,positive
4,ZGW,0,2,negative,positive
4,ZGW,2,2,positive,positive
4,ZGW,1,2,neutral,positive
4,ZGW,2,2,positive,positive
4,ZGW,0,2,negative,positive
4,ZGW,2,2,positive,positive
4,ZGW,0,2,negative,positive
4,ZGW,0,2,negative,positive
4,ZGW,1,2,neutral,positive
4,ZGW,2,2,positive,positive
4,ZGW,1,2,neutral,positive
4,ZGW,0,2,negative,positive
4,ZGW,2,2,positive,positive
4,ZGW,1,2,neutral,positive
4,ZGW,1,2,neutral,positive
4,ZGW,2,2,positive,positive
4,ZGW,2,2,positive,positive
4,ZGW,0,2,negative,positive
4,ZGW,1,2,neutral,positive
4,ZGW,2,2,positive,positive
4,ZGW,1,2,neutral,positive
4,ZGW,0,2,negative,positive
4,ZGW,1,2,neutral,positive
4,ZGW,1,2,neutral,positive
4,ZGW,0,2,negative,positive
4,ZGW,1,2,neutral,positive
4,ZGW,2,2,positive,positive
4,ZGW,0,2,negative,positive
4,ZGW,0,2,negative,positive
4,ZGW,1,2,neutral,positive
4,ZGW,0,2,negative,positive
4,ZGW,2,2,positive,positive
4,ZGW,1,2,neutral,positive
4,ZGW,2,2,positive,positive
4,ZGW,0,2,negative,positive
4,ZGW,2,2,positive,positive
4,ZGW,0,2,negative,positive
4,ZGW,1,0,neutral,negative
4,ZGW,2,0,positive,negative
4,ZGW,0,0,negative,negative
4,ZGW,2,0,positive,negative
4,ZGW,0,0,negative,negative
4,ZGW,2,2,positive,positive
4,ZGW,0,0,negative,negative
4,ZGW,2,0,positive,negative
4,ZGW,0,2,negative,positive
4,ZGW,2,2,positive,positive
4,ZGW,0,1,negative,neutral
4,ZGW,2,0,positive,negative
4,ZGW,0,2,negative,positive
4,ZGW,1,1,neutral,neutral
4,ZGW,2,0,positive,negative
4,ZGW,0,0,negative,negative
4,ZGW,2,2,positive,positive
4,ZGW,2,2,positive,positive
4,ZGW,2,2,positive,positive
4,ZGW,1,0,neutral,negative
4,ZGW,1,2,neutral,positive
4,ZGW,0,0,negative,negative
4,ZGW,2,1,positive,neutral
4,ZGW,1,2,neutral,positive
4,ZGW,2,2,positive,positive
4,ZGW,2,2,positive,positive
4,ZGW,1,2,neutral,positive
4,ZGW,2,0,positive,negative
4,ZGW,2,2,positive,positive
4,ZGW,2,2,positive,positive
4,ZGW,0,0,negative,negative
4,ZGW,1,0,neutral,negative
4,ZGW,0,0,negative,negative
4,ZGW,1,2,neutral,positive
4,ZGW,2,0,positive,negative
4,ZGW,0,2,negative,positive
4,ZGW,2,0,positive,negative
4,ZGW,2,2,positive,positive
4,ZGW,2,2,positive,positive
4,ZGW,0,2,negative,positive
4,ZGW,2,2,positive,positive
4,ZGW,0,2,negative,positive
4,ZGW,2,2,positive,positive
4,ZGW,1,2,neutral,positive
4,ZGW,0,2,negative,positive
4,ZGW,2,2,positive,positive
4,ZGW,2,2,positive,positive
4,ZGW,0,2,negative,positive
4,ZGW,1,2,neutral,positive
4,ZGW,0,2,negative,positive
4,ZGW,2,2,positive,positive
4,ZGW,0,2,negative,positive
4,ZGW,1,2,neutral,positive
4,ZGW,0,2,negative,positive
4,ZGW,1,2,neutral,positive
4,ZGW,2,2,positive,positive
4,ZGW,2,2,positive,positive
4,ZGW,0,2,negative,positive
4,ZGW,2,2,positive,positive
4,ZGW,1,2,neutral,positive
4,ZGW,1,2,neutral,positive
4,ZGW,0,2,negative,positive
4,ZGW,0,2,negative,positive
4,ZGW,2,2,positive,positive
4,ZGW,1,2,neutral,positive
4,ZGW,2,2,positive,positive
4,ZGW,0,2,negative,positive
4,ZGW,0,2,negative,positive
4,ZGW,1,2,neutral,positive
4,ZGW,2,2,positive,positive
4,ZGW,1,2,neutral,positive
4,ZGW,1,2,neutral,positive
4,ZGW,0,2,negative,positive
4,ZGW,2,2,positive,positive
4,ZGW,1,2,neutral,positive
4,ZGW,2,2,positive,positive
4,ZGW,1,2,neutral,positive
4,ZGW,1,2,neutral,positive
4,ZGW,1,2,neutral,positive
4,ZGW,2,2,positive,positive
4,ZGW,2,2,positive,positive
4,ZGW,1,2,neutral,positive
4,ZGW,0,2,negative,positive
4,ZGW,2,2,positive,positive
4,ZGW,2,2,positive,positive
4,ZGW,0,2,negative,positive
4,ZGW,0,2,negative,positive
4,ZGW,2,2,positive,positive
4,ZGW,0,2,negative,positive
4,ZGW,1,1,neutral,neutral
4,ZGW,0,2,negative,positive
4,ZGW,1,2,neutral,positive
4,ZGW,2,2,positive,positive
4,ZGW,2,1,positive,neutral
4,ZGW,2,1,positive,neutral
4,ZGW,1,2,neutral,positive
4,ZGW,1,2,neutral,positive
4,ZGW,2,2,positive,positive
4,ZGW,1,2,neutral,positive
4,ZGW,1,2,neutral,positive
4,ZGW,2,2,positive,positive
4,ZGW,1,2,neutral,positive
4,ZGW,1,2,neutral,positive
4,ZGW,2,1,positive,neutral
4,ZGW,1,2,neutral,positive
4,ZGW,0,1,negative,neutral
4,ZGW,0,1,negative,neutral
4,ZGW,0,1,negative,neutral
4,ZGW,0,2,negative,positive
4,ZGW,1,2,neutral,positive
4,ZGW,1,1,neutral,neutral
4,ZGW,0,2,negative,positive
4,ZGW,1,2,neutral,positive
4,ZGW,2,0,positive,negative
4,ZGW,0,2,negative,positive
4,ZGW,2,2,positive,positive
4,ZGW,2,1,positive,neutral
4,ZGW,1,2,neutral,positive
4,ZGW,2,2,positive,positive
4,ZGW,1,2,neutral,positive
4,ZGW,2,1,positive,neutral
4,ZGW,1,2,neutral,positive
4,ZGW,0,1,negative,neutral
4,ZGW,1,1,neutral,neutral
4,ZGW,1,2,neutral,positive
4,ZGW,1,2,neutral,positive
4,ZGW,1,2,neutral,positive
4,ZGW,2,1,positive,neutral
4,ZGW,1,1,neutral,neutral
4,ZGW,1,0,neutral,negative
4,ZGW,0,2,negative,positive
4,ZGW,0,1,negative,neutral
4,ZGW,1,2,neutral,positive
4,ZGW,1,1,neutral,neutral
4,ZGW,2,0,positive,negative
4,ZGW,1,0,neutral,negative
4,ZGW,2,0,positive,negative
4,ZGW,2,0,positive,negative
4,ZGW,2,0,positive,negative
4,ZGW,0,0,negative,negative
4,ZGW,1,0,neutral,negative
4,ZGW,2,0,positive,negative
4,ZGW,1,1,neutral,neutral
4,ZGW,1,1,neutral,neutral
4,ZGW,1,0,neutral,negative
4,ZGW,0,0,negative,negative
4,ZGW,1,0,neutral,negative
4,ZGW,2,0,positive,negative
4,ZGW,0,0,negative,negative
4,ZGW,0,0,negative,negative
4,ZGW,0,0,negative,negative
4,ZGW,1,0,neutral,negative
4,ZGW,0,0,negative,negative
4,ZGW,2,0,positive,negative
4,ZGW,1,0,neutral,negative
4,ZGW,1,0,neutral,negative
4,ZGW,0,0,negative,negative
4,ZGW,2,0,positive,negative
4,ZGW,1,0,neutral,negative
4,ZGW,1,0,neutral,negative
4,ZGW,2,0,positive,negative
4,ZGW,2,0,positive,negative
4,ZGW,2,1,positive,neutral
4,ZGW,0,0,negative,negative
4,ZGW,1,0,neutral,negative
4,ZGW,1,0,neutral,negative
4,ZGW,1,2,neutral,positive
4,ZGW,1,2,neutral,positive
4,ZGW,1,0,neutral,negative
4,ZGW,2,0,positive,negative
4,ZGW,0,0,negative,negative
4,ZGW,1,1,neutral,neutral
4,ZGW,2,2,positive,positive
4,ZGW,1,2,neutral,positive
4,ZGW,2,2,positive,positive
4,ZGW,1,1,neutral,neutral
4,ZGW,0,2,negative,positive
4,ZGW,0,2,negative,positive
4,ZGW,0,0,negative,negative
4,ZGW,2,2,positive,positive
4,ZGW,2,0,positive,negative
4,ZGW,1,2,neutral,positive
4,ZGW,1,2,neutral,positive
4,ZGW,2,2,positive,positive
4,ZGW,2,2,positive,positive
4,ZGW,2,2,positive,positive
4,ZGW,0,2,negative,positive
4,ZGW,0,2,negative,positive
4,ZGW,1,2,neutral,positive
4,ZGW,1,2,neutral,positive
4,ZGW,0,2,negative,positive
4,ZGW,1,2,neutral,positive
4,ZGW,1,2,neutral,positive
4,ZGW,2,2,positive,positive
4,ZGW,0,2,negative,positive
4,ZGW,0,2,negative,positive
4,ZGW,0,2,negative,positive
4,ZGW,1,2,neutral,positive
4,ZGW,2,2,positive,positive
4,ZGW,0,2,negative,positive
4,ZGW,2,2,positive,positive
4,ZGW,0,2,negative,positive
4,ZGW,1,2,neutral,positive
4,ZGW,1,2,neutral,positive
4,ZGW,1,2,neutral,positive
4,ZGW,2,2,positive,positive
4,ZGW,2,2,positive,positive
4,ZGW,0,2,negative,positive
4,ZGW,2,2,positive,positive
4,ZGW,2,2,positive,positive
4,ZGW,0,2,negative,positive
4,ZGW,2,2,positive,positive
4,ZGW,2,2,positive,positive
4,ZGW,2,2,positive,positive
4,ZGW,0,2,negative,positive
4,ZGW,2,2,positive,positive
4,ZGW,0,2,negative,positive
4,ZGW,2,2,positive,positive
4,ZGW,1,2,neutral,positive
4,ZGW,1,2,neutral,positive
4,ZGW,0,2,negative,positive
4,ZGW,0,2,negative,positive
4,ZGW,1,2,neutral,positive
4,ZGW,2,2,positive,positive
4,ZGW,1,2,neutral,positive
4,ZGW,0,2,negative,positive
4,ZGW,1,2,neutral,positive
5,ZJM,1,0,neutral,negative
5,ZJM,2,0,positive,negative
5,ZJM,0,0,negative,negative
5,ZJM,1,0,neutral,negative
5,ZJM,0,0,negative,negative
5,ZJM,2,0,positive,negative
5,ZJM,0,0,negative,negative
5,ZJM,2,0,positive,negative
5,ZJM,1,2,neutral,positive
5,ZJM,1,2,neutral,positive
5,ZJM,1,2,neutral,positive
5,ZJM,2,2,positive,positive
5,ZJM,2,0,positive,negative
5,ZJM,0,2,negative,positive
5,ZJM,1,2,neutral,positive
5,ZJM,1,2,neutral,positive
5,ZJM,1,0,neutral,negative
5,ZJM,0,2,negative,positive
5,ZJM,1,0,neutral,negative
5,ZJM,0,0,negative,negative
5,ZJM,2,0,positive,negative
5,ZJM,0,0,negative,negative
5,ZJM,1,0,neutral,negative
5,ZJM,2,0,positive,negative
5,ZJM,1,0,neutral,negative
5,ZJM,1,0,neutral,negative
5,ZJM,2,0,positive,negative
5,ZJM,1,0,neutral,negative
5,ZJM,2,0,positive,negative
5,ZJM,1,0,neutral,negative
5,ZJM,0,0,negative,negative
5,ZJM,2,0,positive,negative
5,ZJM,1,0,neutral,negative
5,ZJM,1,0,neutral,negative
5,ZJM,2,0,positive,negative
5,ZJM,2,0,positive,negative
5,ZJM,0,0,negative,negative
5,ZJM,0,0,negative,negative
5,ZJM,0,0,negative,negative
5,ZJM,0,1,negative,neutral
5,ZJM,2,0,positive,negative
5,ZJM,0,0,negative,negative
5,ZJM,2,0,positive,negative
5,ZJM,0,0,negative,negative
5,ZJM,2,0,positive,negative
5,ZJM,1,0,neutral,negative
5,ZJM,0,0,negative,negative
5,ZJM,2,0,positive,negative
5,ZJM,1,0,neutral,negative
5,ZJM,0,0,negative,negative
5,ZJM,0,0,negative,negative
5,ZJM,2,0,positive,negative
5,ZJM,0,1,negative,neutral
5,ZJM,0,0,negative,negative
5,ZJM,2,1,positive,neutral
5,ZJM,2,1,positive,neutral
5,ZJM,0,1,negative,neutral
5,ZJM,1,1,neutral,neutral
5,ZJM,1,0,neutral,negative
5,ZJM,0,1,negative,neutral
5,ZJM,1,0,neutral,negative
5,ZJM,2,0,positive,negative
5,ZJM,2,0,positive,negative
5,ZJM,2,0,positive,negative
5,ZJM,0,1,negative,neutral
5,ZJM,1,0,neutral,negative
5,ZJM,1,0,neutral,negative
5,ZJM,1,0,neutral,negative
5,ZJM,0,1,negative,neutral
5,ZJM,1,1,neutral,neutral
5,ZJM,0,0,negative,negative
5,ZJM,2,0,positive,negative
5,ZJM,0,1,negative,neutral
5,ZJM,2,1,positive,neutral
5,ZJM,2,0,positive,negative
5,ZJM,1,1,neutral,neutral
5,ZJM,0,0,negative,negative
5,ZJM,1,0,neutral,negative
5,ZJM,0,0,negative,negative
5,ZJM,0,1,negative,neutral
5,ZJM,0,0,negative,negative
5,ZJM,2,1,positive,neutral
5,ZJM,0,0,negative,negative
5,ZJM,1,1,neutral,neutral
5,ZJM,1,0,neutral,negative
5,ZJM,2,1,positive,neutral
5,ZJM,2,1,positive,neutral
5,ZJM,0,1,negative,neutral
5,ZJM,2,0,positive,negative
5,ZJM,1,1,neutral,neutral
5,ZJM,2,1,positive,neutral
5,ZJM,1,1,neutral,neutral
5,ZJM,1,0,neutral,negative
5,ZJM,1,0,neutral,negative
5,ZJM,0,0,negative,negative
5,ZJM,0,0,negative,negative
5,ZJM,1,0,neutral,negative
5,ZJM,0,0,negative,negative
5,ZJM,0,0,negative,negative
5,ZJM,1,0,neutral,negative
5,ZJM,1,0,neutral,negative
5,ZJM,2,0,positive,negative
5,ZJM,2,0,positive,negative
5,ZJM,2,0,positive,negative
5,ZJM,0,0,negative,negative
5,ZJM,0,0,negative,negative
5,ZJM,2,0,positive,negative
5,ZJM,2,0,positive,negative
5,ZJM,2,0,positive,negative
5,ZJM,2,0,positive,negative
5,ZJM,0,0,negative,negative
5,ZJM,0,0,negative,negative
5,ZJM,2,0,positive,negative
5,ZJM,1,0,neutral,negative
5,ZJM,2,0,positive,negative
5,ZJM,0,0,negative,negative
5,ZJM,2,0,positive,negative
5,ZJM,1,0,neutral,negative
5,ZJM,0,0,negative,negative
5,ZJM,0,0,negative,negative
5,ZJM,1,0,neutral,negative
5,ZJM,2,0,positive,negative
5,ZJM,1,0,neutral,negative
5,ZJM,0,0,negative,negative
5,ZJM,2,0,positive,negative
5,ZJM,1,0,neutral,negative
5,ZJM,1,0,neutral,negative
5,ZJM,2,0,positive,negative
5,ZJM,2,0,positive,negative
5,ZJM,0,0,negative,negative
5,ZJM,1,0,neutral,negative
5,ZJM,2,0,positive,negative
5,ZJM,1,0,neutral,negative
5,ZJM,0,0,negative,negative
5,ZJM,0,0,negative,negative
5,ZJM,1,0,neutral,negative
5,ZJM,1,0,neutral,negative
5,ZJM,0,0,negative,negative
5,ZJM,1,0,neutral,negative
5,ZJM,2,0,positive,negative
5,ZJM,0,0,negative,negative
5,ZJM,0,0,negative,negative
5,ZJM,1,0,neutral,negative
5,ZJM,0,0,negative,negative
5,ZJM,2,0,positive,negative
5,ZJM,1,0,neutral,negative
5,ZJM,2,0,positive,negative
5,ZJM,0,0,negative,negative
5,ZJM,2,0,positive,negative
5,ZJM,0,0,negative,negative
5,ZJM,1,0,neutral,negative
5,ZJM,2,1,positive,neutral
5,ZJM,2,1,positive,neutral
5,ZJM,2,0,positive,negative
5,ZJM,0,0,negative,negative
5,ZJM,2,0,positive,negative
5,ZJM,0,0,negative,negative
5,ZJM,2,1,positive,neutral
5,ZJM,0,0,negative,negative
5,ZJM,2,0,positive,negative
5,ZJM,0,0,negative,negative
5,ZJM,2,1,positive,neutral
5,ZJM,0,1,negative,neutral
5,ZJM,0,1,negative,neutral
5,ZJM,2,1,positive,neutral
5,ZJM,0,0,negative,negative
5,ZJM,1,1,neutral,neutral
5,ZJM,2,1,positive,neutral
5,ZJM,0,1,negative,neutral
5,ZJM,2,1,positive,neutral
5,ZJM,2,1,positive,neutral
5,ZJM,2,1,positive,neutral
5,ZJM,1,1,neutral,neutral
5,ZJM,1,1,neutral,neutral
5,ZJM,0,1,negative,neutral
5,ZJM,2,1,positive,neutral
5,ZJM,1,1,neutral,neutral
5,ZJM,2,1,positive,neutral
5,ZJM,2,1,positive,neutral
5,ZJM,0,1,negative,neutral
5,ZJM,1,1,neutral,neutral
5,ZJM,1,1,neutral,neutral
5,ZJM,2,0,positive,negative
5,ZJM,2,1,positive,neutral
5,ZJM,2,1,positive,neutral
5,ZJM,0,1,negative,neutral
5,ZJM,2,1,positive,neutral
5,ZJM,1,1,neutral,neutral
5,ZJM,0,1,negative,neutral
5,ZJM,2,1,positive,neutral
5,ZJM,1,1,neutral,neutral
5,ZJM,2,1,positive,neutral
5,ZJM,0,1,negative,neutral
5,ZJM,2,1,positive,neutral
5,ZJM,2,1,positive,neutral
5,ZJM,2,1,positive,neutral
5,ZJM,1,1,neutral,neutral
5,ZJM,0,0,negative,negative
5,ZJM,2,0,positive,negative
5,ZJM,0,0,negative,negative
5,ZJM,2,0,positive,negative
5,ZJM,1,0,neutral,negative
5,ZJM,0,0,negative,negative
5,ZJM,2,0,positive,negative
5,ZJM,2,0,positive,negative
5,ZJM,0,0,negative,negative
5,ZJM,1,0,neutral,negative
5,ZJM,0,0,negative,negative
5,ZJM,2,0,positive,negative
5,ZJM,0,0,negative,negative
5,ZJM,1,0,neutral,negative
5,ZJM,0,0,negative,negative
5,ZJM,1,0,neutral,negative
5,ZJM,2,0,positive,negative
5,ZJM,2,0,positive,negative
5,ZJM,0,0,negative,negative
5,ZJM,2,0,positive,negative
5,ZJM,1,0,neutral,negative
5,ZJM,2,0,positive,negative
5,ZJM,1,0,neutral,negative
5,ZJM,0,0,negative,negative
5,ZJM,0,0,negative,negative
5,ZJM,2,0,positive,negative
5,ZJM,1,0,neutral,negative
5,ZJM,2,0,positive,negative
5,ZJM,2,0,positive,negative
5,ZJM,0,0,negative,negative
5,ZJM,0,0,negative,negative
5,ZJM,1,0,neutral,negative
5,ZJM,2,0,positive,negative
5,ZJM,1,0,neutral,negative
5,ZJM,1,0,neutral,negative
5,ZJM,0,0,negative,negative
5,ZJM,2,0,positive,negative
5,ZJM,1,0,neutral,negative
5,ZJM,2,0,positive,negative
5,ZJM,1,0,neutral,negative
5,ZJM,1,0,neutral,negative
5,ZJM,1,0,neutral,negative
5,ZJM,2,0,positive,negative
5,ZJM,2,0,positive,negative
5,ZJM,1,0,neutral,negative
5,ZJM,0,0,negative,negative
5,ZJM,2,0,positive,negative
5,ZJM,2,0,positive,negative
5,ZJM,0,0,negative,negative
5,ZJM,0,0,negative,negative
5,ZJM,2,0,positive,negative
5,ZJM,0,2,negative,positive
5,ZJM,1,2,neutral,positive
5,ZJM,0,2,negative,positive
5,ZJM,1,2,neutral,positive
5,ZJM,2,2,positive,positive
5,ZJM,2,0,positive,negative
5,ZJM,2,2,positive,positive
5,ZJM,1,2,neutral,positive
5,ZJM,1,0,neutral,negative
5,ZJM,2,2,positive,positive
5,ZJM,1,2,neutral,positive
5,ZJM,1,2,neutral,positive
5,ZJM,2,2,positive,positive
5,ZJM,1,0,neutral,negative
5,ZJM,1,2,neutral,positive
5,ZJM,2,0,positive,negative
5,ZJM,1,0,neutral,negative
5,ZJM,0,0,negative,negative
5,ZJM,0,2,negative,positive
5,ZJM,0,0,negative,negative
5,ZJM,0,2,negative,positive
5,ZJM,1,0,neutral,negative
5,ZJM,1,0,neutral,negative
5,ZJM,0,0,negative,negative
5,ZJM,1,2,neutral,positive
5,ZJM,2,0,positive,negative
5,ZJM,0,0,negative,negative
5,ZJM,2,2,positive,positive
5,ZJM,2,2,positive,positive
5,ZJM,1,2,neutral,positive
5,ZJM,1,0,neutral,negative
5,ZJM,1,2,neutral,positive
5,ZJM,2,0,positive,negative
5,ZJM,1,0,neutral,negative
5,ZJM,2,0,positive,negative
5,ZJM,1,0,neutral,negative
5,ZJM,0,0,negative,negative
5,ZJM,1,2,neutral,positive
5,ZJM,1,0,neutral,negative
5,ZJM,1,2,neutral,positive
5,ZJM,1,0,neutral,negative
5,ZJM,2,0,positive,negative
5,ZJM,1,0,neutral,negative
5,ZJM,1,0,neutral,negative
5,ZJM,0,0,negative,negative
5,ZJM,0,2,negative,positive
5,ZJM,1,0,neutral,negative
5,ZJM,1,0,neutral,negative
5,ZJM,2,2,positive,positive
5,ZJM,1,2,neutral,positive
5,ZJM,2,2,positive,positive
5,ZJM,2,2,positive,positive
5,ZJM,2,2,positive,positive
5,ZJM,0,2,negative,positive
5,ZJM,1,2,neutral,positive
5,ZJM,2,0,positive,negative
5,ZJM,1,0,neutral,negative
5,ZJM,1,2,neutral,positive
5,ZJM,1,2,neutral,positive
5,ZJM,0,2,negative,positive
5,ZJM,1,0,neutral,negative
5,ZJM,2,2,positive,positive
5,ZJM,2,0,positive,negative
5,ZJM,0,0,negative,negative
5,ZJM,0,0,negative,negative
5,ZJM,0,2,negative,positive
5,ZJM,1,0,neutral,negative
5,ZJM,0,0,negative,negative
5,ZJM,2,2,positive,positive
5,ZJM,1,0,neutral,negative
5,ZJM,1,0,neutral,negative
5,ZJM,0,0,negative,negative
5,ZJM,2,0,positive,negative
5,ZJM,1,0,neutral,negative
5,ZJM,1,0,neutral,negative
5,ZJM,2,0,positive,negative
5,ZJM,2,0,positive,negative
5,ZJM,2,2,positive,positive
5,ZJM,0,2,negative,positive
5,ZJM,1,0,neutral,negative
5,ZJM,1,1,neutral,neutral
5,ZJM,1,2,neutral,positive
5,ZJM,1,2,neutral,positive
5,ZJM,1,1,neutral,neutral
5,ZJM,1,0,neutral,negative
5,ZJM,2,0,positive,negative
5,ZJM,0,0,negative,negative
5,ZJM,1,1,neutral,neutral
5,ZJM,2,0,positive,negative
5,ZJM,1,2,neutral,positive
5,ZJM,2,0,positive,negative
5,ZJM,1,0,neutral,negative
5,ZJM,0,1,negative,neutral
5,ZJM,0,2,negative,positive
5,ZJM,0,1,negative,neutral
5,ZJM,2,1,positive,neutral
5,ZJM,2,1,positive,neutral
5,ZJM,1,0,neutral,negative
5,ZJM,1,0,neutral,negative
5,ZJM,2,0,positive,negative
5,ZJM,2,0,positive,negative
5,ZJM,0,0,negative,negative
5,ZJM,0,0,negative,negative
5,ZJM,1,0,neutral,negative
5,ZJM,1,0,neutral,negative
5,ZJM,0,0,negative,negative
5,ZJM,1,0,neutral,negative
5,ZJM,1,0,neutral,negative
5,ZJM,2,0,positive,negative
5,ZJM,0,0,negative,negative
5,ZJM,0,0,negative,negative
5,ZJM,1,0,neutral,negative
5,ZJM,0,0,negative,negative
5,ZJM,1,0,neutral,negative
5,ZJM,2,0,positive,negative
5,ZJM,0,0,negative,negative
5,ZJM,2,0,positive,negative
5,ZJM,0,0,negative,negative
5,ZJM,1,0,neutral,negative
5,ZJM,1,0,neutral,negative
5,ZJM,1,0,neutral,negative
5,ZJM,2,0,positive,negative
5,ZJM,2,0,positive,negative
5,ZJM,0,0,negative,negative
5,ZJM,2,0,positive,negative
5,ZJM,2,0,positive,negative
5,ZJM,0,0,negative,negative
5,ZJM,2,0,positive,negative
5,ZJM,2,0,positive,negative
5,ZJM,1,0,neutral,negative
5,ZJM,2,0,positive,negative
5,ZJM,0,0,negative,negative
5,ZJM,2,0,positive,negative
5,ZJM,0,0,negative,negative
5,ZJM,2,0,positive,negative
5,ZJM,1,0,neutral,negative
5,ZJM,1,0,neutral,negative
5,ZJM,2,0,positive,negative
5,ZJM,0,0,negative,negative
5,ZJM,0,0,negative,negative
5,ZJM,2,0,positive,negative
5,ZJM,1,0,neutral,negative
5,ZJM,2,0,positive,negative
5,ZJM,1,0,neutral,negative
5,ZJM,0,0,negative,negative
5,ZJM,1,0,neutral,negative
6,ZJN,1,2,neutral,positive
6,ZJN,2,2,positive,positive
6,ZJN,0,0,negative,negative
6,ZJN,1,0,neutral,negative
6,ZJN,0,0,negative,negative
6,ZJN,2,0,positive,negative
6,ZJN,0,0,negative,negative
6,ZJN,2,0,positive,negative
6,ZJN,1,2,neutral,positive
6,ZJN,1,2,neutral,positive
6,ZJN,1,2,neutral,positive
6,ZJN,2,2,positive,positive
6,ZJN,2,2,positive,positive
6,ZJN,0,2,negative,positive
6,ZJN,1,0,neutral,negative
6,ZJN,1,2,neutral,positive
6,ZJN,1,0,neutral,negative
6,ZJN,0,2,negative,positive
6,ZJN,1,2,neutral,positive
6,ZJN,0,2,negative,positive
6,ZJN,2,2,positive,positive
6,ZJN,0,0,negative,negative
6,ZJN,2,2,positive,positive
6,ZJN,1,2,neutral,positive
6,ZJN,1,0,neutral,negative
6,ZJN,2,2,positive,positive
6,ZJN,1,2,neutral,positive
6,ZJN,2,2,positive,positive
6,ZJN,1,2,neutral,positive
6,ZJN,0,2,negative,positive
6,ZJN,2,2,positive,positive
6,ZJN,1,0,neutral,negative
6,ZJN,1,2,neutral,positive
6,ZJN,2,2,positive,positive
6,ZJN,2,2,positive,positive
6,ZJN,0,2,negative,positive
6,ZJN,0,2,negative,positive
6,ZJN,0,2,negative,positive
6,ZJN,0,2,negative,positive
6,ZJN,2,2,positive,positive
6,ZJN,0,2,negative,positive
6,ZJN,2,2,positive,positive
6,ZJN,0,2,negative,positive
6,ZJN,2,0,positive,negative
6,ZJN,1,2,neutral,positive
6,ZJN,0,2,negative,positive
6,ZJN,2,2,positive,positive
6,ZJN,1,2,neutral,positive
6,ZJN,0,2,negative,positive
6,ZJN,0,2,negative,positive
6,ZJN,2,2,positive,positive
6,ZJN,0,2,negative,positive
6,ZJN,0,2,negative,positive
6,ZJN,2,2,positive,positive
6,ZJN,2,2,positive,positive
6,ZJN,0,2,negative,positive
6,ZJN,1,2,neutral,positive
6,ZJN,1,0,neutral,negative
6,ZJN,0,2,negative,positive
6,ZJN,1,2,neutral,positive
6,ZJN,2,2,positive,positive
6,ZJN,2,2,positive,positive
6,ZJN,2,0,positive,negative
6,ZJN,0,2,negative,positive
6,ZJN,1,2,neutral,positive
6,ZJN,1,2,neutral,positive
6,ZJN,1,2,neutral,positive
6,ZJN,0,2,negative,positive
6,ZJN,0,2,negative,positive
6,ZJN,2,2,positive,positive
6,ZJN,0,2,negative,positive
6,ZJN,2,2,positive,positive
6,ZJN,2,2,positive,positive
6,ZJN,1,0,neutral,negative
6,ZJN,0,2,negative,positive
6,ZJN,1,2,neutral,positive
6,ZJN,0,2,negative,positive
6,ZJN,0,2,negative,positive
6,ZJN,0,2,negative,positive
6,ZJN,2,0,positive,negative
6,ZJN,0,0,negative,negative
6,ZJN,1,2,neutral,positive
6,ZJN,1,2,neutral,positive
6,ZJN,2,2,positive,positive
6,ZJN,2,2,positive,positive
6,ZJN,0,2,negative,positive
6,ZJN,2,2,positive,positive
6,ZJN,1,2,neutral,positive
6,ZJN,2,2,positive,positive
6,ZJN,1,2,neutral,positive
6,ZJN,1,2,neutral,positive
6,ZJN,1,2,neutral,positive
6,ZJN,0,2,negative,positive
6,ZJN,0,2,negative,positive
6,ZJN,1,2,neutral,positive
6,ZJN,0,2,negative,positive
6,ZJN,1,0,neutral,negative
6,ZJN,1,0,neutral,negative
6,ZJN,2,0,positive,negative
6,ZJN,2,0,positive,negative
6,ZJN,2,0,positive,negative
6,ZJN,0,0,negative,negative
6,ZJN,0,0,negative,negative
6,ZJN,2,0,positive,negative
6,ZJN,2,0,positive,negative
6,ZJN,2,0,positive,negative
6,ZJN,2,0,positive,negative
6,ZJN,0,0,negative,negative
6,ZJN,0,0,negative,negative
6,ZJN,2,0,positive,negative
6,ZJN,1,0,neutral,negative
6,ZJN,2,0,positive,negative
6,ZJN,2,0,positive,negative
6,ZJN,1,0,neutral,negative
6,ZJN,0,2,negative,positive
6,ZJN,0,0,negative,negative
6,ZJN,1,0,neutral,negative
6,ZJN,2,0,positive,negative
6,ZJN,1,0,neutral,negative
6,ZJN,0,0,negative,negative
6,ZJN,2,2,positive,positive
6,ZJN,1,0,neutral,negative
6,ZJN,1,2,neutral,positive
6,ZJN,2,0,positive,negative
6,ZJN,2,2,positive,positive
6,ZJN,0,2,negative,positive
6,ZJN,1,0,neutral,negative
6,ZJN,2,0,positive,negative
6,ZJN,1,2,neutral,positive
6,ZJN,0,0,negative,negative
6,ZJN,0,0,negative,negative
6,ZJN,1,0,neutral,negative
6,ZJN,1,2,neutral,positive
6,ZJN,0,2,negative,positive
6,ZJN,1,0,neutral,negative
6,ZJN,2,0,positive,negative
6,ZJN,0,2,negative,positive
6,ZJN,0,0,negative,negative
6,ZJN,1,0,neutral,negative
6,ZJN,0,0,negative,negative
6,ZJN,2,0,positive,negative
6,ZJN,1,0,neutral,negative
6,ZJN,2,2,positive,positive
6,ZJN,0,2,negative,positive
6,ZJN,2,2,positive,positive
6,ZJN,0,2,negative,positive
6,ZJN,1,2,neutral,positive
6,ZJN,2,2,positive,positive
6,ZJN,2,2,positive,positive
6,ZJN,2,2,positive,positive
6,ZJN,0,2,negative,positive
6,ZJN,2,2,positive,positive
6,ZJN,0,2,negative,positive
6,ZJN,2,2,positive,positive
6,ZJN,0,2,negative,positive
6,ZJN,2,2,positive,positive
6,ZJN,0,0,negative,negative
6,ZJN,2,2,positive,positive
6,ZJN,0,2,negative,positive
6,ZJN,0,2,negative,positive
6,ZJN,2,0,positive,negative
6,ZJN,0,2,negative,positive
6,ZJN,1,0,neutral,negative
6,ZJN,2,2,positive,positive
6,ZJN,0,2,negative,positive
6,ZJN,2,2,positive,positive
6,ZJN,2,2,positive,positive
6,ZJN,2,2,positive,positive
6,ZJN,1,0,neutral,negative
6,ZJN,1,2,neutral,positive
6,ZJN,0,0,negative,negative
6,ZJN,2,2,positive,positive
6,ZJN,1,2,neutral,positive
6,ZJN,2,2,positive,positive
6,ZJN,2,2,positive,positive
6,ZJN,0,2,negative,positive
6,ZJN,1,2,neutral,positive
6,ZJN,1,2,neutral,positive
6,ZJN,2,2,positive,positive
6,ZJN,2,2,positive,positive
6,ZJN,0,2,negative,positive
6,ZJN,2,2,positive,positive
6,ZJN,1,2,neutral,positive
6,ZJN,0,0,negative,negative
6,ZJN,2,2,positive,positive
6,ZJN,1,2,neutral,positive
6,ZJN,2,2,positive,positive
6,ZJN,0,2,negative,positive
6,ZJN,2,2,positive,positive
6,ZJN,2,2,positive,positive
6,ZJN,2,2,positive,positive
6,ZJN,1,2,neutral,positive
6,ZJN,0,2,negative,positive
6,ZJN,2,2,positive,positive
6,ZJN,2,0,positive,negative
6,ZJN,1,0,neutral,negative
6,ZJN,0,0,negative,negative
6,ZJN,2,0,positive,negative
6,ZJN,2,0,positive,negative
6,ZJN,0,0,negative,negative
6,ZJN,1,2,neutral,positive
6,ZJN,0,0,negative,negative
6,ZJN,2,2,positive,positive
6,ZJN,0,0,negative,negative
6,ZJN,1,2,neutral,positive
6,ZJN,0,2,negative,positive
6,ZJN,1,0,neutral,negative
6,ZJN,2,2,positive,positive
6,ZJN,2,2,positive,positive
6,ZJN,0,2,negative,positive
6,ZJN,2,0,positive,negative
6,ZJN,1,0,neutral,negative
6,ZJN,2,2,positive,positive
6,ZJN,1,2,neutral,positive
6,ZJN,0,2,negative,positive
6,ZJN,0,2,negative,positive
6,ZJN,2,2,positive,positive
6,ZJN,1,2,neutral,positive
6,ZJN,2,2,positive,positive
6,ZJN,2,0,positive,negative
6,ZJN,0,2,negative,positive
6,ZJN,0,0,negative,negative
6,ZJN,1,2,neutral,positive
6,ZJN,2,2,positive,positive
6,ZJN,1,0,neutral,negative
6,ZJN,1,0,neutral,negative
6,ZJN,0,0,negative,negative
6,ZJN,2,2,positive,positive
6,ZJN,1,0,neutral,negative
6,ZJN,2,0,positive,negative
6,ZJN,1,2,neutral,positive
6,ZJN,1,2,neutral,positive
6,ZJN,1,2,neutral,positive
6,ZJN,2,2,positive,positive
6,ZJN,2,2,positive,positive
6,ZJN,1,2,neutral,positive
6,ZJN,0,2,negative,positive
6,ZJN,2,2,positive,positive
6,ZJN,2,2,positive,positive
6,ZJN,0,2,negative,positive
6,ZJN,0,2,negative,positive
6,ZJN,2,2,positive,positive
6,ZJN,0,0,negative,negative
6,ZJN,1,2,neutral,positive
6,ZJN,0,2,negative,positive
6,ZJN,1,0,neutral,negative
6,ZJN,2,2,positive,positive
6,ZJN,2,2,positive,positive
6,ZJN,2,0,positive,negative
6,ZJN,1,0,neutral,negative
6,ZJN,1,2,neutral,positive
6,ZJN,2,0,positive,negative
6,ZJN,1,2,neutral,positive
6,ZJN,1,2,neutral,positive
6,ZJN,2,0,positive,negative
6,ZJN,1,2,neutral,positive
6,ZJN,1,2,neutral,positive
6,ZJN,2,0,positive,negative
6,ZJN,1,2,neutral,positive
6,ZJN,0,2,negative,positive
6,ZJN,0,2,negative,positive
6,ZJN,0,2,negative,positive
6,ZJN,0,2,negative,positive
6,ZJN,1,0,neutral,negative
6,ZJN,1,0,neutral,negative
6,ZJN,0,0,negative,negative
6,ZJN,1,2,neutral,positive
6,ZJN,2,2,positive,positive
6,ZJN,0,0,negative,negative
6,ZJN,2,0,positive,negative
6,ZJN,2,2,positive,positive
6,ZJN,1,2,neutral,positive
6,ZJN,1,2,neutral,positive
6,ZJN,1,2,neutral,positive
6,ZJN,2,2,positive,positive
6,ZJN,1,2,neutral,positive
6,ZJN,2,2,positive,positive
6,ZJN,1,2,neutral,positive
6,ZJN,0,2,negative,positive
6,ZJN,1,2,neutral,positive
6,ZJN,1,2,neutral,positive
6,ZJN,1,2,neutral,positive
6,ZJN,1,2,neutral,positive
6,ZJN,2,2,positive,positive
6,ZJN,1,0,neutral,negative
6,ZJN,1,2,neutral,positive
6,ZJN,0,2,negative,positive
6,ZJN,0,2,negative,positive
6,ZJN,1,0,neutral,negative
6,ZJN,1,2,neutral,positive
6,ZJN,2,2,positive,positive
6,ZJN,1,2,neutral,positive
6,ZJN,2,2,positive,positive
6,ZJN,2,2,positive,positive
6,ZJN,2,2,positive,positive
6,ZJN,0,2,negative,positive
6,ZJN,1,2,neutral,positive
6,ZJN,2,0,positive,negative
6,ZJN,1,0,neutral,negative
6,ZJN,1,2,neutral,positive
6,ZJN,1,2,neutral,positive
6,ZJN,0,2,negative,positive
6,ZJN,1,2,neutral,positive
6,ZJN,2,2,positive,positive
6,ZJN,2,2,positive,positive
6,ZJN,0,2,negative,positive
6,ZJN,0,2,negative,positive
6,ZJN,0,2,negative,positive
6,ZJN,1,0,neutral,negative
6,ZJN,0,2,negative,positive
6,ZJN,2,2,positive,positive
6,ZJN,1,2,neutral,positive
6,ZJN,1,0,neutral,negative
6,ZJN,0,0,negative,negative
6,ZJN,2,2,positive,positive
6,ZJN,1,2,neutral,positive
6,ZJN,1,0,neutral,negative
6,ZJN,2,2,positive,positive
6,ZJN,2,2,positive,positive
6,ZJN,2,2,positive,positive
6,ZJN,0,2,negative,positive
6,ZJN,1,2,neutral,positive
6,ZJN,1,2,neutral,positive
6,ZJN,1,2,neutral,positive
6,ZJN,1,2,neutral,positive
6,ZJN,1,2,neutral,positive
6,ZJN,1,0,neutral,negative
6,ZJN,2,2,positive,positive
6,ZJN,0,0,negative,negative
6,ZJN,1,0,neutral,negative
6,ZJN,2,2,positive,positive
6,ZJN,1,2,neutral,positive
6,ZJN,2,2,positive,positive
6,ZJN,1,2,neutral,positive
6,ZJN,0,2,negative,positive
6,ZJN,0,2,negative,positive
6,ZJN,0,2,negative,positive
6,ZJN,2,2,positive,positive
6,ZJN,2,0,positive,negative
6,ZJN,1,2,neutral,positive
6,ZJN,1,2,neutral,positive
6,ZJN,2,2,positive,positive
6,ZJN,2,2,positive,positive
6,ZJN,2,2,positive,positive
6,ZJN,0,2,negative,positive
6,ZJN,0,2,negative,positive
6,ZJN,1,2,neutral,positive
6,ZJN,1,2,neutral,positive
6,ZJN,0,2,negative,positive
6,ZJN,1,2,neutral,positive
6,ZJN,1,2,neutral,positive
6,ZJN,2,2,positive,positive
6,ZJN,0,2,negative,positive
6,ZJN,0,2,negative,positive
6,ZJN,1,2,neutral,positive
6,ZJN,0,2,negative,positive
6,ZJN,1,2,neutral,positive
6,ZJN,2,2,positive,positive
6,ZJN,0,2,negative,positive
6,ZJN,2,2,positive,positive
6,ZJN,0,2,negative,positive
6,ZJN,1,2,neutral,positive
6,ZJN,1,2,neutral,positive
6,ZJN,1,2,neutral,positive
6,ZJN,2,2,positive,positive
6,ZJN,2,2,positive,positive
6,ZJN,0,2,negative,positive
6,ZJN,2,2,positive,positive
6,ZJN,2,2,positive,positive
6,ZJN,0,2,negative,positive
6,ZJN,2,2,positive,positive
6,ZJN,2,2,positive,positive
6,ZJN,1,2,neutral,positive
6,ZJN,2,2,positive,positive
6,ZJN,2,2,positive,positive
6,ZJN,1,2,neutral,positive
6,ZJN,1,2,neutral,positive
6,ZJN,0,2,negative,positive
6,ZJN,0,2,negative,positive
6,ZJN,2,2,positive,positive
7,ZJS,2,2,positive,positive
7,ZJS,0,0,negative,negative
7,ZJS,1,2,neutral,positive
7,ZJS,0,0,negative,negative
7,ZJS,0,1,negative,neutral
7,ZJS,2,2,positive,positive
7,ZJS,1,2,neutral,positive
7,ZJS,1,1,neutral,neutral
7,ZJS,1,0,neutral,negative
7,ZJS,2,1,positive,neutral
7,ZJS,2,2,positive,positive
7,ZJS,1,0,neutral,negative
7,ZJS,1,1,neutral,neutral
7,ZJS,1,1,neutral,neutral
7,ZJS,1,1,neutral,neutral
7,ZJS,0,2,negative,positive
7,ZJS,2,1,positive,neutral
7,ZJS,0,1,negative,neutral
7,ZJS,2,1,positive,neutral
7,ZJS,1,2,neutral,positive
7,ZJS,2,0,positive,negative
7,ZJS,1,0,neutral,negative
7,ZJS,2,0,positive,negative
7,ZJS,2,1,positive,neutral
7,ZJS,1,0,neutral,negative
7,ZJS,1,1,neutral,neutral
7,ZJS,2,1,positive,neutral
7,ZJS,0,1,negative,neutral
7,ZJS,2,2,positive,positive
7,ZJS,0,2,negative,positive
7,ZJS,2,1,positive,neutral
7,ZJS,0,1,negative,neutral
7,ZJS,2,1,positive,neutral
7,ZJS,0,1,negative,neutral
7,ZJS,2,1,positive,neutral
7,ZJS,1,1,neutral,neutral
7,ZJS,0,2,negative,positive
7,ZJS,2,1,positive,neutral
7,ZJS,0,1,negative,neutral
7,ZJS,2,1,positive,neutral
7,ZJS,0,1,negative,neutral
7,ZJS,1,1,neutral,neutral
7,ZJS,1,2,neutral,positive
7,ZJS,0,1,negative,neutral
7,ZJS,2,1,positive,neutral
7,ZJS,2,2,positive,positive
7,ZJS,0,1,negative,neutral
7,ZJS,1,1,neutral,neutral
7,ZJS,1,1,neutral,neutral
7,ZJS,1,1,neutral,neutral
7,ZJS,0,1,negative,neutral
7,ZJS,1,1,neutral,neutral
7,ZJS,2,1,positive,neutral
7,ZJS,0,1,negative,neutral
7,ZJS,2,1,positive,neutral
7,ZJS,2,1,positive,neutral
7,ZJS,1,1,neutral,neutral
7,ZJS,0,1,negative,neutral
7,ZJS,0,1,negative,neutral
7,ZJS,0,1,negative,neutral
7,ZJS,2,1,positive,neutral
7,ZJS,0,1,negative,neutral
7,ZJS,1,1,neutral,neutral
7,ZJS,1,1,neutral,neutral
7,ZJS,2,1,positive,neutral
7,ZJS,2,1,positive,neutral
7,ZJS,0,1,negative,neutral
7,ZJS,2,2,positive,positive
7,ZJS,1,1,neutral,neutral
7,ZJS,2,1,positive,neutral
7,ZJS,1,1,neutral,neutral
7,ZJS,1,1,neutral,neutral
7,ZJS,1,2,neutral,positive
7,ZJS,0,1,negative,neutral
7,ZJS,1,0,neutral,negative
7,ZJS,1,0,neutral,negative
7,ZJS,2,0,positive,negative
7,ZJS,0,0,negative,negative
7,ZJS,0,0,negative,negative
7,ZJS,2,0,positive,negative
7,ZJS,2,0,positive,negative
7,ZJS,0,0,negative,negative
7,ZJS,0,0,negative,negative
7,ZJS,2,0,positive,negative
7,ZJS,1,0,neutral,negative
7,ZJS,2,0,positive,negative
7,ZJS,2,0,positive,negative
7,ZJS,1,0,neutral,negative
7,ZJS,0,0,negative,negative
7,ZJS,0,0,negative,negative
7,ZJS,1,0,neutral,negative
7,ZJS,2,0,positive,negative
7,ZJS,0,0,negative,negative
7,ZJS,2,0,positive,negative
7,ZJS,1,0,neutral,negative
7,ZJS,1,0,neutral,negative
7,ZJS,2,0,positive,negative
7,ZJS,2,0,positive,negative
7,ZJS,0,0,negative,negative
7,ZJS,1,0,neutral,negative
7,ZJS,2,0,positive,negative
7,ZJS,1,1,neutral,neutral
7,ZJS,0,0,negative,negative
7,ZJS,0,0,negative,negative
7,ZJS,1,0,neutral,negative
7,ZJS,1,0,neutral,negative
7,ZJS,1,0,neutral,negative
7,ZJS,2,0,positive,negative
7,ZJS,0,0,negative,negative
7,ZJS,0,0,negative,negative
7,ZJS,1,0,neutral,negative
7,ZJS,2,0,positive,negative
7,ZJS,1,0,neutral,negative
7,ZJS,2,0,positive,negative
7,ZJS,0,0,negative,negative
7,ZJS,2,0,positive,negative
7,ZJS,0,0,negative,negative
7,ZJS,1,0,neutral,negative
7,ZJS,2,0,positive,negative
7,ZJS,2,2,positive,positive
7,ZJS,2,0,positive,negative
7,ZJS,0,0,negative,negative
7,ZJS,2,0,positive,negative
7,ZJS,0,0,negative,negative
7,ZJS,0,0,negative,negative
7,ZJS,0,0,negative,negative
7,ZJS,2,0,positive,negative
7,ZJS,0,0,negative,negative
7,ZJS,1,0,neutral,negative
7,ZJS,0,0,negative,negative
7,ZJS,2,0,positive,negative
7,ZJS,2,0,positive,negative
7,ZJS,1,0,neutral,negative
7,ZJS,1,1,neutral,neutral
7,ZJS,0,0,negative,negative
7,ZJS,2,0,positive,negative
7,ZJS,1,0,neutral,negative
7,ZJS,2,0,positive,negative
7,ZJS,2,1,positive,neutral
7,ZJS,0,0,negative,negative
7,ZJS,1,0,neutral,negative
7,ZJS,2,0,positive,negative
7,ZJS,2,0,positive,negative
7,ZJS,2,0,positive,negative
7,ZJS,0,0,negative,negative
7,ZJS,2,0,positive,negative
7,ZJS,1,0,neutral,negative
7,ZJS,0,0,negative,negative
7,ZJS,2,0,positive,negative
7,ZJS,1,0,neutral,negative
7,ZJS,2,0,positive,negative
7,ZJS,0,0,negative,negative
7,ZJS,2,0,positive,negative
7,ZJS,2,0,positive,negative
7,ZJS,2,0,positive,negative
7,ZJS,1,2,neutral,positive
7,ZJS,2,1,positive,neutral
7,ZJS,0,1,negative,neutral
7,ZJS,2,1,positive,neutral
7,ZJS,1,1,neutral,neutral
7,ZJS,0,1,negative,neutral
7,ZJS,2,1,positive,neutral
7,ZJS,2,1,positive,neutral
7,ZJS,0,1,negative,neutral
7,ZJS,1,1,neutral,neutral
7,ZJS,0,1,negative,neutral
7,ZJS,2,1,positive,neutral
7,ZJS,0,1,negative,neutral
7,ZJS,1,1,neutral,neutral
7,ZJS,0,1,negative,neutral
7,ZJS,1,1,neutral,neutral
7,ZJS,2,1,positive,neutral
7,ZJS,2,1,positive,neutral
7,ZJS,0,1,negative,neutral
7,ZJS,2,1,positive,neutral
7,ZJS,1,1,neutral,neutral
7,ZJS,2,1,positive,neutral
7,ZJS,1,1,neutral,neutral
7,ZJS,0,1,negative,neutral
7,ZJS,0,1,negative,neutral
7,ZJS,2,1,positive,neutral
7,ZJS,1,1,neutral,neutral
7,ZJS,2,1,positive,neutral
7,ZJS,2,1,positive,neutral
7,ZJS,0,1,negative,neutral
7,ZJS,1,1,neutral,neutral
7,ZJS,2,1,positive,neutral
7,ZJS,1,1,neutral,neutral
7,ZJS,1,1,neutral,neutral
7,ZJS,2,1,positive,neutral
7,ZJS,1,2,neutral,positive
7,ZJS,2,1,positive,neutral
7,ZJS,1,1,neutral,neutral
7,ZJS,1,1,neutral,neutral
7,ZJS,1,1,neutral,neutral
7,ZJS,2,1,positive,neutral
7,ZJS,2,2,positive,positive
7,ZJS,1,1,neutral,neutral
7,ZJS,0,1,negative,neutral
7,ZJS,2,1,positive,neutral
7,ZJS,0,1,negative,neutral
7,ZJS,0,2,negative,positive
7,ZJS,2,1,positive,neutral
7,ZJS,1,1,neutral,neutral
7,ZJS,0,1,negative,neutral
7,ZJS,1,1,neutral,neutral
7,ZJS,2,1,positive,neutral
7,ZJS,2,1,positive,neutral
7,ZJS,2,1,positive,neutral
7,ZJS,1,1,neutral,neutral
7,ZJS,1,2,neutral,positive
7,ZJS,1,2,neutral,positive
7,ZJS,2,1,positive,neutral
7,ZJS,1,2,neutral,positive
7,ZJS,1,1,neutral,neutral
7,ZJS,2,2,positive,positive
7,ZJS,1,1,neutral,neutral
7,ZJS,0,1,negative,neutral
7,ZJS,0,1,negative,neutral
7,ZJS,0,1,negative,neutral
7,ZJS,1,1,neutral,neutral
7,ZJS,1,1,neutral,neutral
7,ZJS,0,1,negative,neutral
7,ZJS,1,2,neutral,positive
7,ZJS,2,1,positive,neutral
7,ZJS,2,1,positive,neutral
7,ZJS,1,1,neutral,neutral
7,ZJS,1,1,neutral,neutral
7,ZJS,2,2,positive,positive
7,ZJS,1,1,neutral,neutral
7,ZJS,2,1,positive,neutral
7,ZJS,0,1,negative,neutral
7,ZJS,1,2,neutral,positive
7,ZJS,1,1,neutral,neutral
7,ZJS,1,1,neutral,neutral
7,ZJS,1,2,neutral,positive
7,ZJS,2,2,positive,positive
7,ZJS,1,1,neutral,neutral
7,ZJS,1,2,neutral,positive
7,ZJS,0,1,negative,neutral
7,ZJS,0,1,negative,neutral
7,ZJS,1,1,neutral,neutral
7,ZJS,1,1,neutral,neutral
7,ZJS,2,2,positive,positive
7,ZJS,1,2,neutral,positive
7,ZJS,2,2,positive,positive
7,ZJS,2,2,positive,positive
7,ZJS,2,2,positive,positive
7,ZJS,0,2,negative,positive
7,ZJS,1,2,neutral,positive
7,ZJS,2,2,positive,positive
7,ZJS,1,2,neutral,positive
7,ZJS,1,2,neutral,positive
7,ZJS,1,2,neutral,positive
7,ZJS,0,2,negative,positive
7,ZJS,1,2,neutral,positive
7,ZJS,2,2,positive,positive
7,ZJS,2,2,positive,positive
7,ZJS,0,2,negative,positive
7,ZJS,0,2,negative,positive
7,ZJS,0,2,negative,positive
7,ZJS,1,2,neutral,positive
7,ZJS,0,2,negative,positive
7,ZJS,2,2,positive,positive
7,ZJS,1,2,neutral,positive
7,ZJS,1,2,neutral,positive
7,ZJS,0,2,negative,positive
7,ZJS,2,2,positive,positive
7,ZJS,1,2,neutral,positive
7,ZJS,1,2,neutral,positive
7,ZJS,2,2,positive,positive
7,ZJS,2,2,positive,positive
7,ZJS,2,2,positive,positive
7,ZJS,0,2,negative,positive
7,ZJS,1,2,neutral,positive
7,ZJS,1,2,neutral,positive
7,ZJS,1,2,neutral,positive
7,ZJS,1,2,neutral,positive
7,ZJS,1,2,neutral,positive
7,ZJS,1,2,neutral,positive
7,ZJS,2,2,positive,positive
7,ZJS,0,2,negative,positive
7,ZJS,1,2,neutral,positive
7,ZJS,2,2,positive,positive
7,ZJS,1,2,neutral,positive
7,ZJS,2,2,positive,positive
7,ZJS,1,2,neutral,positive
7,ZJS,0,2,negative,positive
7,ZJS,0,2,negative,positive
7,ZJS,0,2,negative,positive
7,ZJS,2,2,positive,positive
7,ZJS,2,2,positive,positive
7,ZJS,1,1,neutral,neutral
7,ZJS,2,1,positive,neutral
7,ZJS,2,2,positive,positive
7,ZJS,0,2,negative,positive
7,ZJS,0,1,negative,neutral
7,ZJS,1,1,neutral,neutral
7,ZJS,0,1,negative,neutral
7,ZJS,1,1,neutral,neutral
7,ZJS,1,1,neutral,neutral
7,ZJS,0,2,negative,positive
7,ZJS,0,2,negative,positive
7,ZJS,1,2,neutral,positive
7,ZJS,0,1,negative,neutral
7,ZJS,1,1,neutral,neutral
7,ZJS,2,1,positive,neutral
7,ZJS,0,1,negative,neutral
7,ZJS,0,1,negative,neutral
7,ZJS,1,2,neutral,positive
7,ZJS,1,2,neutral,positive
7,ZJS,1,2,neutral,positive
7,ZJS,2,1,positive,neutral
7,ZJS,2,2,positive,positive
7,ZJS,2,1,positive,neutral
7,ZJS,2,1,positive,neutral
7,ZJS,0,2,negative,positive
7,ZJS,2,1,positive,neutral
7,ZJS,2,2,positive,positive
7,ZJS,1,1,neutral,neutral
7,ZJS,2,1,positive,neutral
7,ZJS,0,2,negative,positive
7,ZJS,0,1,negative,neutral
7,ZJS,2,1,positive,neutral
7,ZJS,1,1,neutral,neutral
7,ZJS,1,2,neutral,positive
7,ZJS,2,1,positive,neutral
7,ZJS,0,1,negative,neutral
7,ZJS,0,1,negative,neutral
7,ZJS,2,1,positive,neutral
7,ZJS,1,1,neutral,neutral
7,ZJS,2,1,positive,neutral
7,ZJS,0,1,negative,neutral
7,ZJS,1,1,neutral,neutral
8,ZKB,1,2,neutral,positive
8,ZKB,2,2,positive,positive
8,ZKB,0,2,negative,positive
8,ZKB,1,2,neutral,positive
8,ZKB,0,0,negative,negative
8,ZKB,2,2,positive,positive
8,ZKB,0,2,negative,positive
8,ZKB,2,2,positive,positive
8,ZKB,1,2,neutral,positive
8,ZKB,1,2,neutral,positive
8,ZKB,1,2,neutral,positive
8,ZKB,2,2,positive,positive
8,ZKB,2,2,positive,positive
8,ZKB,0,2,negative,positive
8,ZKB,1,2,neutral,positive
8,ZKB,1,2,neutral,positive
8,ZKB,1,2,neutral,positive
8,ZKB,0,2,negative,positive
8,ZKB,1,2,neutral,positive
8,ZKB,0,2,negative,positive
8,ZKB,2,2,positive,positive
8,ZKB,0,0,negative,negative
8,ZKB,1,2,neutral,positive
8,ZKB,2,0,positive,negative
8,ZKB,1,2,neutral,positive
8,ZKB,1,2,neutral,positive
8,ZKB,2,2,positive,positive
8,ZKB,1,2,neutral,positive
8,ZKB,2,2,positive,positive
8,ZKB,1,2,neutral,positive
8,ZKB,0,2,negative,positive
8,ZKB,2,2,positive,positive
8,ZKB,1,2,neutral,positive
8,ZKB,1,2,neutral,positive
8,ZKB,2,2,positive,positive
8,ZKB,2,2,positive,positive
8,ZKB,0,2,negative,positive
8,ZKB,0,2,negative,positive
8,ZKB,0,2,negative,positive
8,ZKB,0,2,negative,positive
8,ZKB,2,0,positive,negative
8,ZKB,0,2,negative,positive
8,ZKB,2,2,positive,positive
8,ZKB,0,2,negative,positive
8,ZKB,2,2,positive,positive
8,ZKB,1,0,neutral,negative
8,ZKB,0,0,negative,negative
8,ZKB,2,2,positive,positive
8,ZKB,1,2,neutral,positive
8,ZKB,0,2,negative,positive
8,ZKB,0,2,negative,positive
8,ZKB,2,2,positive,positive
8,ZKB,0,2,negative,positive
8,ZKB,0,0,negative,negative
8,ZKB,2,2,positive,positive
8,ZKB,2,2,positive,positive
8,ZKB,0,0,negative,negative
8,ZKB,1,2,neutral,positive
8,ZKB,1,2,neutral,positive
8,ZKB,0,0,negative,negative
8,ZKB,1,2,neutral,positive
8,ZKB,2,2,positive,positive
8,ZKB,2,2,positive,positive
8,ZKB,2,2,positive,positive
8,ZKB,0,2,negative,positive
8,ZKB,1,2,neutral,positive
8,ZKB,1,0,neutral,negative
8,ZKB,1,2,neutral,positive
8,ZKB,0,2,negative,positive
8,ZKB,1,2,neutral,positive
8,ZKB,0,2,negative,positive
8,ZKB,2,2,positive,positive
8,ZKB,0,2,negative,positive
8,ZKB,2,2,positive,positive
8,ZKB,2,2,positive,positive
8,ZKB,1,2,neutral,positive
8,ZKB,0,0,negative,negative
8,ZKB,1,2,neutral,positive
8,ZKB,0,2,negative,positive
8,ZKB,0,0,negative,negative
8,ZKB,0,2,negative,positive
8,ZKB,2,2,positive,positive
8,ZKB,0,0,negative,negative
8,ZKB,1,2,neutral,positive
8,ZKB,1,2,neutral,positive
8,ZKB,2,2,positive,positive
8,ZKB,0,2,negative,positive
8,ZKB,2,2,positive,positive
8,ZKB,1,2,neutral,positive
8,ZKB,2,2,positive,positive
8,ZKB,1,2,neutral,positive
8,ZKB,1,0,neutral,negative
8,ZKB,1,2,neutral,positive
8,ZKB,0,2,negative,positive
8,ZKB,0,2,negative,positive
8,ZKB,1,2,neutral,positive
8,ZKB,0,2,negative,positive
8,ZKB,0,2,negative,positive
8,ZKB,1,2,neutral,positive
8,ZKB,1,2,neutral,positive
8,ZKB,2,2,positive,positive
8,ZKB,2,2,positive,positive
8,ZKB,2,2,positive,positive
8,ZKB,0,0,negative,negative
8,ZKB,0,2,negative,positive
8,ZKB,2,2,positive,positive
8,ZKB,2,2,positive,positive
8,ZKB,2,2,positive,positive
8,ZKB,2,0,positive,negative
8,ZKB,0,2,negative,positive
8,ZKB,0,0,negative,negative
8,ZKB,2,2,positive,positive
8,ZKB,1,0,neutral,negative
8,ZKB,2,2,positive,positive
8,ZKB,0,2,negative,positive
8,ZKB,2,2,positive,positive
8,ZKB,1,2,neutral,positive
8,ZKB,0,2,negative,positive
8,ZKB,0,2,negative,positive
8,ZKB,1,2,neutral,positive
8,ZKB,2,2,positive,positive
8,ZKB,1,2,neutral,positive
8,ZKB,0,2,negative,positive
8,ZKB,2,2,positive,positive
8,ZKB,1,2,neutral,positive
8,ZKB,1,2,neutral,positive
8,ZKB,2,2,positive,positive
8,ZKB,2,2,positive,positive
8,ZKB,0,2,negative,positive
8,ZKB,1,2,neutral,positive
8,ZKB,2,2,positive,positive
8,ZKB,1,2,neutral,positive
8,ZKB,0,2,negative,positive
8,ZKB,0,2,negative,positive
8,ZKB,1,2,neutral,positive
8,ZKB,1,2,neutral,positive
8,ZKB,0,2,negative,positive
8,ZKB,1,2,neutral,positive
8,ZKB,2,2,positive,positive
8,ZKB,0,2,negative,positive
8,ZKB,0,2,negative,positive
8,ZKB,1,2,neutral,positive
8,ZKB,0,2,negative,positive
8,ZKB,2,2,positive,positive
8,ZKB,1,2,neutral,positive
8,ZKB,2,2,positive,positive
8,ZKB,0,2,negative,positive
8,ZKB,2,2,positive,positive
8,ZKB,0,2,negative,positive
8,ZKB,1,2,neutral,positive
8,ZKB,2,2,positive,positive
8,ZKB,2,2,positive,positive
8,ZKB,2,2,positive,positive
8,ZKB,0,2,negative,positive
8,ZKB,2,2,positive,positive
8,ZKB,0,2,negative,positive
8,ZKB,2,2,positive,positive
8,ZKB,0,0,negative,negative
8,ZKB,2,2,positive,positive
8,ZKB,0,0,negative,negative
8,ZKB,2,2,positive,positive
8,ZKB,0,2,negative,positive
8,ZKB,0,2,negative,positive
8,ZKB,2,2,positive,positive
8,ZKB,0,2,negative,positive
8,ZKB,1,2,neutral,positive
8,ZKB,2,2,positive,positive
8,ZKB,0,2,negative,positive
8,ZKB,2,2,positive,positive
8,ZKB,2,2,positive,positive
8,ZKB,2,2,positive,positive
8,ZKB,1,0,neutral,negative
8,ZKB,1,2,neutral,positive
8,ZKB,0,2,negative,positive
8,ZKB,2,2,positive,positive
8,ZKB,1,2,neutral,positive
8,ZKB,2,0,positive,negative
8,ZKB,2,0,positive,negative
8,ZKB,0,0,negative,negative
8,ZKB,1,2,neutral,positive
8,ZKB,1,2,neutral,positive
8,ZKB,2,2,positive,positive
8,ZKB,2,2,positive,positive
8,ZKB,2,2,positive,positive
8,ZKB,0,2,negative,positive
8,ZKB,2,2,positive,positive
8,ZKB,1,0,neutral,negative
8,ZKB,0,2,negative,positive
8,ZKB,2,2,positive,positive
8,ZKB,1,2,neutral,positive
8,ZKB,2,2,positive,positive
8,ZKB,0,2,negative,positive
8,ZKB,2,2,positive,positive
8,ZKB,2,0,positive,negative
8,ZKB,2,2,positive,positive
8,ZKB,1,2,neutral,positive
8,ZKB,0,0,negative,negative
8,ZKB,2,0,positive,negative
8,ZKB,0,2,negative,positive
8,ZKB,2,2,positive,positive
8,ZKB,1,0,neutral,negative
8,ZKB,0,2,negative,positive
8,ZKB,2,0,positive,negative
8,ZKB,2,0,positive,negative
8,ZKB,0,2,negative,positive
8,ZKB,1,0,neutral,negative
8,ZKB,0,0,negative,negative
8,ZKB,2,0,positive,negative
8,ZKB,0,2,negative,positive
8,ZKB,1,0,neutral,negative
8,ZKB,0,2,negative,positive
8,ZKB,1,2,neutral,positive
8,ZKB,2,2,positive,positive
8,ZKB,2,2,positive,positive
8,ZKB,0,0,negative,negative
8,ZKB,2,2,positive,positive
8,ZKB,1,2,neutral,positive
8,ZKB,2,2,positive,positive
8,ZKB,1,0,neutral,negative
8,ZKB,0,2,negative,positive
8,ZKB,0,2,negative,positive
8,ZKB,2,0,positive,negative
8,ZKB,1,2,neutral,positive
8,ZKB,2,2,positive,positive
8,ZKB,2,2,positive,positive
8,ZKB,0,2,negative,positive
8,ZKB,0,2,negative,positive
8,ZKB,1,0,neutral,negative
8,ZKB,2,2,positive,positive
8,ZKB,1,0,neutral,negative
8,ZKB,1,0,neutral,negative
8,ZKB,0,2,negative,positive
8,ZKB,2,2,positive,positive
8,ZKB,1,0,neutral,negative
8,ZKB,2,2,positive,positive
8,ZKB,1,0,neutral,negative
8,ZKB,1,2,neutral,positive
8,ZKB,1,0,neutral,negative
8,ZKB,2,2,positive,positive
8,ZKB,2,0,positive,negative
8,ZKB,1,0,neutral,negative
8,ZKB,0,2,negative,positive
8,ZKB,2,2,positive,positive
8,ZKB,2,2,positive,positive
8,ZKB,0,2,negative,positive
8,ZKB,0,2,negative,positive
8,ZKB,2,2,positive,positive
8,ZKB,0,2,negative,positive
8,ZKB,1,0,neutral,negative
8,ZKB,0,2,negative,positive
8,ZKB,1,2,neutral,positive
8,ZKB,2,2,positive,positive
8,ZKB,2,0,positive,negative
8,ZKB,2,0,positive,negative
8,ZKB,1,2,neutral,positive
8,ZKB,1,2,neutral,positive
8,ZKB,2,2,positive,positive
8,ZKB,1,2,neutral,positive
8,ZKB,1,0,neutral,negative
8,ZKB,2,2,positive,positive
8,ZKB,1,2,neutral,positive
8,ZKB,1,0,neutral,negative
8,ZKB,2,2,positive,positive
8,ZKB,1,0,neutral,negative
8,ZKB,0,0,negative,negative
8,ZKB,0,0,negative,negative
8,ZKB,0,0,negative,negative
8,ZKB,0,2,negative,positive
8,ZKB,1,0,neutral,negative
8,ZKB,1,0,neutral,negative
8,ZKB,0,0,negative,negative
8,ZKB,1,0,neutral,negative
8,ZKB,2,2,positive,positive
8,ZKB,0,0,negative,negative
8,ZKB,2,2,positive,positive
8,ZKB,2,2,positive,positive
8,ZKB,1,2,neutral,positive
8,ZKB,1,0,neutral,negative
8,ZKB,1,0,neutral,negative
8,ZKB,2,2,positive,positive
8,ZKB,1,2,neutral,positive
8,ZKB,2,2,positive,positive
8,ZKB,1,2,neutral,positive
8,ZKB,0,2,negative,positive
8,ZKB,1,2,neutral,positive
8,ZKB,1,2,neutral,positive
8,ZKB,1,2,neutral,positive
8,ZKB,1,2,neutral,positive
8,ZKB,2,0,positive,negative
8,ZKB,1,2,neutral,positive
8,ZKB,1,0,neutral,negative
8,ZKB,0,0,negative,negative
8,ZKB,0,2,negative,positive
8,ZKB,1,0,neutral,negative
8,ZKB,1,0,neutral,negative
8,ZKB,2,2,positive,positive
8,ZKB,1,2,neutral,positive
8,ZKB,2,2,positive,positive
8,ZKB,2,2,positive,positive
8,ZKB,2,2,positive,positive
8,ZKB,0,2,negative,positive
8,ZKB,1,2,neutral,positive
8,ZKB,2,0,positive,negative
8,ZKB,1,2,neutral,positive
8,ZKB,1,2,neutral,positive
8,ZKB,1,2,neutral,positive
8,ZKB,0,2,negative,positive
8,ZKB,1,2,neutral,positive
8,ZKB,2,2,positive,positive
8,ZKB,2,0,positive,negative
8,ZKB,0,2,negative,positive
8,ZKB,0,2,negative,positive
8,ZKB,0,2,negative,positive
8,ZKB,1,0,neutral,negative
8,ZKB,0,2,negative,positive
8,ZKB,2,2,positive,positive
8,ZKB,1,2,neutral,positive
8,ZKB,1,2,neutral,positive
8,ZKB,0,2,negative,positive
8,ZKB,2,0,positive,negative
8,ZKB,1,2,neutral,positive
8,ZKB,1,0,neutral,negative
8,ZKB,2,0,positive,negative
8,ZKB,2,0,positive,negative
8,ZKB,2,2,positive,positive
8,ZKB,0,2,negative,positive
8,ZKB,1,0,neutral,negative
8,ZKB,1,2,neutral,positive
8,ZKB,1,2,neutral,positive
8,ZKB,1,2,neutral,positive
8,ZKB,1,2,neutral,positive
8,ZKB,1,2,neutral,positive
8,ZKB,2,2,positive,positive
8,ZKB,0,0,negative,negative
8,ZKB,1,2,neutral,positive
8,ZKB,2,2,positive,positive
8,ZKB,1,2,neutral,positive
8,ZKB,2,2,positive,positive
8,ZKB,1,0,neutral,negative
8,ZKB,0,2,negative,positive
8,ZKB,0,2,negative,positive
8,ZKB,0,0,negative,negative
8,ZKB,2,2,positive,positive
8,ZKB,2,2,positive,positive
8,ZKB,1,2,neutral,positive
8,ZKB,1,0,neutral,negative
8,ZKB,2,0,positive,negative
8,ZKB,2,2,positive,positive
8,ZKB,2,0,positive,negative
8,ZKB,0,0,negative,negative
8,ZKB,0,0,negative,negative
8,ZKB,1,2,neutral,positive
8,ZKB,1,0,neutral,negative
8,ZKB,0,0,negative,negative
8,ZKB,1,0,neutral,negative
8,ZKB,1,2,neutral,positive
8,ZKB,2,2,positive,positive
8,ZKB,0,0,negative,negative
8,ZKB,0,0,negative,negative
8,ZKB,1,0,neutral,negative
8,ZKB,0,0,negative,negative
8,ZKB,1,2,neutral,positive
8,ZKB,2,0,positive,negative
8,ZKB,0,0,negative,negative
8,ZKB,2,0,positive,negative
8,ZKB,0,0,negative,negative
8,ZKB,1,0,neutral,negative
8,ZKB,1,0,neutral,negative
8,ZKB,1,2,neutral,positive
8,ZKB,2,0,positive,negative
8,ZKB,2,0,positive,negative
8,ZKB,0,2,negative,positive
8,ZKB,2,0,positive,negative
8,ZKB,2,2,positive,positive
8,ZKB,0,0,negative,negative
8,ZKB,2,0,positive,negative
8,ZKB,2,0,positive,negative
8,ZKB,1,2,neutral,positive
8,ZKB,2,0,positive,negative
8,ZKB,0,2,negative,positive
8,ZKB,2,0,positive,negative
8,ZKB,0,0,negative,negative
8,ZKB,2,2,positive,positive
8,ZKB,1,2,neutral,positive
8,ZKB,1,2,neutral,positive
8,ZKB,2,0,positive,negative
8,ZKB,0,0,negative,negative
8,ZKB,0,0,negative,negative
8,ZKB,2,0,positive,negative
8,ZKB,1,0,neutral,negative
8,ZKB,2,0,positive,negative
8,ZKB,1,2,neutral,positive
8,ZKB,0,0,negative,negative
8,ZKB,1,2,neutral,positive
9,ZKH,1,2,neutral,positive
9,ZKH,2,2,positive,positive
9,ZKH,0,0,negative,negative
9,ZKH,1,2,neutral,positive
9,ZKH,0,0,negative,negative
9,ZKH,2,0,positive,negative
9,ZKH,0,0,negative,negative
9,ZKH,2,2,positive,positive
9,ZKH,1,2,neutral,positive
9,ZKH,1,0,neutral,negative
9,ZKH,1,2,neutral,positive
9,ZKH,2,2,positive,positive
9,ZKH,2,2,positive,positive
9,ZKH,0,0,negative,negative
9,ZKH,1,0,neutral,negative
9,ZKH,1,0,neutral,negative
9,ZKH,1,0,neutral,negative
9,ZKH,0,0,negative,negative
9,ZKH,1,0,neutral,negative
9,ZKH,0,0,negative,negative
9,ZKH,2,2,positive,positive
9,ZKH,0,0,negative,negative
9,ZKH,1,0,neutral,negative
9,ZKH,2,2,positive,positive
9,ZKH,1,2,neutral,positive
9,ZKH,1,0,neutral,negative
9,ZKH,2,2,positive,positive
9,ZKH,1,2,neutral,positive
9,ZKH,2,2,positive,positive
9,ZKH,1,0,neutral,negative
9,ZKH,0,0,negative,negative
9,ZKH,2,2,positive,positive
9,ZKH,1,0,neutral,negative
9,ZKH,1,2,neutral,positive
9,ZKH,2,2,positive,positive
9,ZKH,2,0,positive,negative
9,ZKH,0,2,negative,positive
9,ZKH,0,0,negative,negative
9,ZKH,0,0,negative,negative
9,ZKH,0,2,negative,positive
9,ZKH,2,2,positive,positive
9,ZKH,0,0,negative,negative
9,ZKH,2,0,positive,negative
9,ZKH,0,2,negative,positive
9,ZKH,2,2,positive,positive
9,ZKH,1,0,neutral,negative
9,ZKH,0,2,negative,positive
9,ZKH,2,2,positive,positive
9,ZKH,1,0,neutral,negative
9,ZKH,0,0,negative,negative
9,ZKH,0,0,negative,negative
9,ZKH,2,2,positive,positive
9,ZKH,0,0,negative,negative
9,ZKH,0,0,negative,negative
9,ZKH,2,0,positive,negative
9,ZKH,2,2,positive,positive
9,ZKH,0,2,negative,positive
9,ZKH,1,0,neutral,negative
9,ZKH,1,2,neutral,positive
9,ZKH,0,0,negative,negative
9,ZKH,1,0,neutral,negative
9,ZKH,2,0,positive,negative
9,ZKH,2,0,positive,negative
9,ZKH,2,2,positive,positive
9,ZKH,0,0,negative,negative
9,ZKH,1,0,neutral,negative
9,ZKH,1,0,neutral,negative
9,ZKH,1,0,neutral,negative
9,ZKH,0,2,negative,positive
9,ZKH,1,0,neutral,negative
9,ZKH,0,2,negative,positive
9,ZKH,2,0,positive,negative
9,ZKH,0,2,negative,positive
9,ZKH,2,0,positive,negative
9,ZKH,2,0,positive,negative
9,ZKH,1,0,neutral,negative
9,ZKH,0,0,negative,negative
9,ZKH,1,0,neutral,negative
9,ZKH,0,2,negative,positive
9,ZKH,0,2,negative,positive
9,ZKH,0,2,negative,positive
9,ZKH,2,2,positive,positive
9,ZKH,0,0,negative,negative
9,ZKH,1,0,neutral,negative
9,ZKH,1,0,neutral,negative
9,ZKH,2,0,positive,negative
9,ZKH,2,0,positive,negative
9,ZKH,0,0,negative,negative
9,ZKH,2,2,positive,positive
9,ZKH,1,0,neutral,negative
9,ZKH,2,0,positive,negative
9,ZKH,1,0,neutral,negative
9,ZKH,1,0,neutral,negative
9,ZKH,1,0,neutral,negative
9,ZKH,0,0,negative,negative
9,ZKH,0,0,negative,negative
9,ZKH,1,2,neutral,positive
9,ZKH,0,0,negative,negative
9,ZKH,0,2,negative,positive
9,ZKH,1,2,neutral,positive
9,ZKH,1,2,neutral,positive
9,ZKH,2,2,positive,positive
9,ZKH,2,0,positive,negative
9,ZKH,0,0,negative,negative
9,ZKH,0,2,negative,positive
9,ZKH,2,0,positive,negative
9,ZKH,2,2,positive,positive
9,ZKH,2,0,positive,negative
9,ZKH,2,0,positive,negative
9,ZKH,0,0,negative,negative
9,ZKH,0,0,negative,negative
9,ZKH,2,0,positive,negative
9,ZKH,1,0,neutral,negative
9,ZKH,2,0,positive,negative
9,ZKH,0,0,negative,negative
9,ZKH,2,0,positive,negative
9,ZKH,1,2,neutral,positive
9,ZKH,0,2,negative,positive
9,ZKH,0,0,negative,negative
9,ZKH,1,0,neutral,negative
9,ZKH,2,0,positive,negative
9,ZKH,1,0,neutral,negative
9,ZKH,0,0,negative,negative
9,ZKH,2,0,positive,negative
9,ZKH,1,2,neutral,positive
9,ZKH,1,0,neutral,negative
9,ZKH,2,0,positive,negative
9,ZKH,2,2,positive,positive
9,ZKH,0,0,negative,negative
9,ZKH,1,0,neutral,negative
9,ZKH,2,0,positive,negative
9,ZKH,1,0,neutral,negative
9,ZKH,0,0,negative,negative
9,ZKH,0,2,negative,positive
9,ZKH,1,2,neutral,positive
9,ZKH,1,0,neutral,negative
9,ZKH,0,0,negative,negative
9,ZKH,1,0,neutral,negative
9,ZKH,2,2,positive,positive
9,ZKH,0,0,negative,negative
9,ZKH,0,0,negative,negative
9,ZKH,1,0,neutral,negative
9,ZKH,0,0,negative,negative
9,ZKH,2,0,positive,negative
9,ZKH,1,0,neutral,negative
9,ZKH,2,0,positive,negative
9,ZKH,0,0,negative,negative
9,ZKH,2,2,positive,positive
9,ZKH,0,2,negative,positive
9,ZKH,1,2,neutral,positive
9,ZKH,2,0,positive,negative
9,ZKH,2,2,positive,positive
9,ZKH,2,2,positive,positive
9,ZKH,0,0,negative,negative
9,ZKH,2,2,positive,positive
9,ZKH,0,2,negative,positive
9,ZKH,2,2,positive,positive
9,ZKH,0,2,negative,positive
9,ZKH,2,2,positive,positive
9,ZKH,0,0,negative,negative
9,ZKH,2,2,positive,positive
9,ZKH,0,0,negative,negative
9,ZKH,0,0,negative,negative
9,ZKH,2,0,positive,negative
9,ZKH,0,0,negative,negative
9,ZKH,1,0,neutral,negative
9,ZKH,2,0,positive,negative
9,ZKH,0,0,negative,negative
9,ZKH,2,0,positive,negative
9,ZKH,2,2,positive,positive
9,ZKH,2,0,positive,negative
9,ZKH,1,0,neutral,negative
9,ZKH,1,0,neutral,negative
9,ZKH,0,2,negative,positive
9,ZKH,2,0,positive,negative
9,ZKH,1,0,neutral,negative
9,ZKH,2,0,positive,negative
9,ZKH,2,0,positive,negative
9,ZKH,0,0,negative,negative
9,ZKH,1,0,neutral,negative
9,ZKH,1,0,neutral,negative
9,ZKH,2,2,positive,positive
9,ZKH,2,0,positive,negative
9,ZKH,2,0,positive,negative
9,ZKH,0,0,negative,negative
9,ZKH,2,0,positive,negative
9,ZKH,1,0,neutral,negative
9,ZKH,0,0,negative,negative
9,ZKH,2,0,positive,negative
9,ZKH,1,0,neutral,negative
9,ZKH,2,0,positive,negative
9,ZKH,0,0,negative,negative
9,ZKH,2,0,positive,negative
9,ZKH,2,0,positive,negative
9,ZKH,2,2,positive,positive
9,ZKH,1,2,neutral,positive
9,ZKH,0,2,negative,positive
9,ZKH,2,0,positive,negative
9,ZKH,0,2,negative,positive
9,ZKH,2,0,positive,negative
9,ZKH,1,2,neutral,positive
9,ZKH,0,0,negative,negative
9,ZKH,2,0,positive,negative
9,ZKH,2,0,positive,negative
9,ZKH,0,2,negative,positive
9,ZKH,1,0,neutral,negative
9,ZKH,0,0,negative,negative
9,ZKH,2,0,positive,negative
9,ZKH,0,0,negative,negative
9,ZKH,1,0,neutral,negative
9,ZKH,0,0,negative,negative
9,ZKH,1,2,neutral,positive
9,ZKH,2,2,positive,positive
9,ZKH,2,0,positive,negative
9,ZKH,0,0,negative,negative
9,ZKH,2,0,positive,negative
9,ZKH,1,0,neutral,negative
9,ZKH,2,2,positive,positive
9,ZKH,1,2,neutral,positive
9,ZKH,0,0,negative,negative
9,ZKH,0,0,negative,negative
9,ZKH,2,0,positive,negative
9,ZKH,1,2,neutral,positive
9,ZKH,2,2,positive,positive
9,ZKH,2,0,positive,negative
9,ZKH,0,0,negative,negative
9,ZKH,0,0,negative,negative
9,ZKH,1,2,neutral,positive
9,ZKH,2,2,positive,positive
9,ZKH,1,2,neutral,positive
9,ZKH,1,2,neutral,positive
9,ZKH,0,0,negative,negative
9,ZKH,2,2,positive,positive
9,ZKH,1,2,neutral,positive
9,ZKH,2,0,positive,negative
9,ZKH,1,2,neutral,positive
9,ZKH,1,0,neutral,negative
9,ZKH,1,0,neutral,negative
9,ZKH,2,0,positive,negative
9,ZKH,2,2,positive,positive
9,ZKH,1,0,neutral,negative
9,ZKH,0,2,negative,positive
9,ZKH,2,2,positive,positive
9,ZKH,2,0,positive,negative
9,ZKH,0,0,negative,negative
9,ZKH,0,0,negative,negative
9,ZKH,2,0,positive,negative
9,ZKH,0,2,negative,positive
9,ZKH,1,2,neutral,positive
9,ZKH,0,2,negative,positive
9,ZKH,1,2,neutral,positive
9,ZKH,2,2,positive,positive
9,ZKH,2,2,positive,positive
9,ZKH,2,2,positive,positive
9,ZKH,1,0,neutral,negative
9,ZKH,2,0,positive,negative
9,ZKH,1,2,neutral,positive
9,ZKH,1,0,neutral,negative
9,ZKH,2,0,positive,negative
9,ZKH,1,2,neutral,positive
9,ZKH,1,0,neutral,negative
9,ZKH,2,2,positive,positive
9,ZKH,1,2,neutral,positive
9,ZKH,0,2,negative,positive
9,ZKH,0,0,negative,negative
9,ZKH,0,2,negative,positive
9,ZKH,1,0,neutral,negative
9,ZKH,2,2,positive,positive
9,ZKH,0,2,negative,positive
9,ZKH,2,2,positive,positive
9,ZKH,1,2,neutral,positive
9,ZKH,1,2,neutral,positive
9,ZKH,1,2,neutral,positive
9,ZKH,2,2,positive,positive
9,ZKH,1,2,neutral,positive
9,ZKH,2,2,positive,positive
9,ZKH,1,2,neutral,positive
9,ZKH,0,0,negative,negative
9,ZKH,1,2,neutral,positive
9,ZKH,1,2,neutral,positive
9,ZKH,1,2,neutral,positive
9,ZKH,2,0,positive,negative
9,ZKH,1,2,neutral,positive
9,ZKH,1,2,neutral,positive
9,ZKH,0,0,negative,negative
9,ZKH,0,2,negative,positive
9,ZKH,1,2,neutral,positive
9,ZKH,1,0,neutral,negative
9,ZKH,2,2,positive,positive
9,ZKH,1,2,neutral,positive
9,ZKH,2,2,positive,positive
9,ZKH,2,2,positive,positive
9,ZKH,2,2,positive,positive
9,ZKH,0,2,negative,positive
9,ZKH,1,2,neutral,positive
9,ZKH,2,2,positive,positive
9,ZKH,1,0,neutral,negative
9,ZKH,1,2,neutral,positive
9,ZKH,1,2,neutral,positive
9,ZKH,0,2,negative,positive
9,ZKH,1,2,neutral,positive
9,ZKH,2,2,positive,positive
9,ZKH,2,0,positive,negative
9,ZKH,0,0,negative,negative
9,ZKH,0,2,negative,positive
9,ZKH,0,2,negative,positive
9,ZKH,1,2,neutral,positive
9,ZKH,0,2,negative,positive
9,ZKH,2,2,positive,positive
9,ZKH,1,2,neutral,positive
9,ZKH,1,0,neutral,negative
9,ZKH,0,2,negative,positive
9,ZKH,2,2,positive,positive
9,ZKH,1,2,neutral,positive
9,ZKH,1,2,neutral,positive
9,ZKH,2,2,positive,positive
9,ZKH,2,2,positive,positive
9,ZKH,2,2,positive,positive
9,ZKH,0,2,negative,positive
9,ZKH,1,2,neutral,positive
9,ZKH,1,2,neutral,positive
9,ZKH,1,2,neutral,positive
9,ZKH,1,2,neutral,positive
9,ZKH,1,2,neutral,positive
9,ZKH,1,2,neutral,positive
9,ZKH,2,2,positive,positive
9,ZKH,0,2,negative,positive
9,ZKH,1,2,neutral,positive
9,ZKH,2,2,positive,positive
9,ZKH,1,2,neutral,positive
9,ZKH,2,2,positive,positive
9,ZKH,1,2,neutral,positive
9,ZKH,0,2,negative,positive
9,ZKH,0,2,negative,positive
9,ZKH,0,2,negative,positive
9,ZKH,2,2,positive,positive
9,ZKH,2,2,positive,positive
9,ZKH,1,2,neutral,positive
9,ZKH,1,2,neutral,positive
9,ZKH,2,2,positive,positive
9,ZKH,2,0,positive,negative
9,ZKH,2,2,positive,positive
9,ZKH,0,2,negative,positive
9,ZKH,0,2,negative,positive
9,ZKH,1,2,neutral,positive
9,ZKH,1,2,neutral,positive
9,ZKH,0,2,negative,positive
9,ZKH,1,2,neutral,positive
9,ZKH,1,2,neutral,positive
9,ZKH,2,2,positive,positive
9,ZKH,0,0,negative,negative
9,ZKH,0,2,negative,positive
9,ZKH,1,0,neutral,negative
9,ZKH,0,2,negative,positive
9,ZKH,1,2,neutral,positive
9,ZKH,2,2,positive,positive
9,ZKH,0,2,negative,positive
9,ZKH,2,2,positive,positive
9,ZKH,0,0,negative,negative
9,ZKH,1,2,neutral,positive
9,ZKH,1,2,neutral,positive
9,ZKH,1,2,neutral,positive
9,ZKH,2,2,positive,positive
9,ZKH,2,2,positive,positive
9,ZKH,0,2,negative,positive
9,ZKH,2,0,positive,negative
9,ZKH,2,0,positive,negative
9,ZKH,0,0,negative,negative
9,ZKH,2,0,positive,negative
9,ZKH,2,2,positive,positive
9,ZKH,1,2,neutral,positive
9,ZKH,2,2,positive,positive
9,ZKH,0,2,negative,positive
9,ZKH,2,0,positive,negative
9,ZKH,0,2,negative,positive
9,ZKH,2,2,positive,positive
9,ZKH,1,2,neutral,positive
9,ZKH,1,2,neutral,positive
9,ZKH,2,2,positive,positive
9,ZKH,0,0,negative,negative
9,ZKH,0,2,negative,positive
9,ZKH,2,2,positive,positive
9,ZKH,1,2,neutral,positive
9,ZKH,2,2,positive,positive
9,ZKH,1,2,neutral,positive
9,ZKH,0,2,negative,positive
9,ZKH,1,2,neutral,positive
10,ZKW,1,2,neutral,positive
10,ZKW,2,2,positive,positive
10,ZKW,0,2,negative,positive
10,ZKW,1,2,neutral,positive
10,ZKW,0,2,negative,positive
10,ZKW,2,2,positive,positive
10,ZKW,0,2,negative,positive
10,ZKW,2,2,positive,positive
10,ZKW,1,2,neutral,positive
10,ZKW,1,2,neutral,positive
10,ZKW,1,2,neutral,positive
10,ZKW,2,2,positive,positive
10,ZKW,2,0,positive,negative
10,ZKW,0,2,negative,positive
10,ZKW,1,0,neutral,negative
10,ZKW,1,2,neutral,positive
10,ZKW,1,2,neutral,positive
10,ZKW,0,2,negative,positive
10,ZKW,1,2,neutral,positive
10,ZKW,0,2,negative,positive
10,ZKW,2,2,positive,positive
10,ZKW,0,0,negative,negative
10,ZKW,1,2,neutral,positive
10,ZKW,2,2,positive,positive
10,ZKW,1,2,neutral,positive
10,ZKW,1,2,neutral,positive
10,ZKW,2,0,positive,negative
10,ZKW,1,2,neutral,positive
10,ZKW,2,2,positive,positive
10,ZKW,1,2,neutral,positive
10,ZKW,0,2,negative,positive
10,ZKW,2,2,positive,positive
10,ZKW,1,2,neutral,positive
10,ZKW,1,2,neutral,positive
10,ZKW,2,2,positive,positive
10,ZKW,2,2,positive,positive
10,ZKW,0,2,negative,positive
10,ZKW,0,2,negative,positive
10,ZKW,0,2,negative,positive
10,ZKW,0,2,negative,positive
10,ZKW,2,2,positive,positive
10,ZKW,0,2,negative,positive
10,ZKW,2,2,positive,positive
10,ZKW,0,2,negative,positive
10,ZKW,2,2,positive,positive
10,ZKW,1,2,neutral,positive
10,ZKW,0,2,negative,positive
10,ZKW,2,0,positive,negative
10,ZKW,1,2,neutral,positive
10,ZKW,0,0,negative,negative
10,ZKW,0,0,negative,negative
10,ZKW,2,0,positive,negative
10,ZKW,0,0,negative,negative
10,ZKW,0,0,negative,negative
10,ZKW,2,0,positive,negative
10,ZKW,2,0,positive,negative
10,ZKW,0,0,negative,negative
10,ZKW,1,0,neutral,negative
10,ZKW,1,0,neutral,negative
10,ZKW,0,0,negative,negative
10,ZKW,1,0,neutral,negative
10,ZKW,2,0,positive,negative
10,ZKW,2,0,positive,negative
10,ZKW,2,0,positive,negative
10,ZKW,0,0,negative,negative
10,ZKW,1,0,neutral,negative
10,ZKW,1,0,neutral,negative
10,ZKW,1,0,neutral,negative
10,ZKW,0,0,negative,negative
10,ZKW,1,0,neutral,negative
10,ZKW,0,0,negative,negative
10,ZKW,2,0,positive,negative
10,ZKW,0,0,negative,negative
10,ZKW,2,0,positive,negative
10,ZKW,2,0,positive,negative
10,ZKW,1,0,neutral,negative
10,ZKW,0,0,negative,negative
10,ZKW,1,0,neutral,negative
10,ZKW,0,0,negative,negative
10,ZKW,0,0,negative,negative
10,ZKW,0,0,negative,negative
10,ZKW,2,0,positive,negative
10,ZKW,0,0,negative,negative
10,ZKW,1,0,neutral,negative
10,ZKW,1,0,neutral,negative
10,ZKW,2,0,positive,negative
10,ZKW,2,0,positive,negative
10,ZKW,0,0,negative,negative
10,ZKW,2,2,positive,positive
10,ZKW,1,0,neutral,negative
10,ZKW,2,0,positive,negative
10,ZKW,1,0,neutral,negative
10,ZKW,1,0,neutral,negative
10,ZKW,1,0,neutral,negative
10,ZKW,0,0,negative,negative
10,ZKW,0,0,negative,negative
10,ZKW,1,1,neutral,neutral
10,ZKW,0,0,negative,negative
10,ZKW,0,2,negative,positive
10,ZKW,1,0,neutral,negative
10,ZKW,1,0,neutral,negative
10,ZKW,2,0,positive,negative
10,ZKW,2,0,positive,negative
10,ZKW,2,2,positive,positive
10,ZKW,0,0,negative,negative
10,ZKW,0,0,negative,negative
10,ZKW,2,0,positive,negative
10,ZKW,2,0,positive,negative
10,ZKW,2,2,positive,positive
10,ZKW,2,0,positive,negative
10,ZKW,0,0,negative,negative
10,ZKW,0,2,negative,positive
10,ZKW,2,2,positive,positive
10,ZKW,1,0,neutral,negative
10,ZKW,2,0,positive,negative
10,ZKW,0,0,negative,negative
10,ZKW,2,0,positive,negative
10,ZKW,1,0,neutral,negative
10,ZKW,0,2,negative,positive
10,ZKW,0,0,negative,negative
10,ZKW,1,2,neutral,positive
10,ZKW,2,2,positive,positive
10,ZKW,1,2,neutral,positive
10,ZKW,0,0,negative,negative
10,ZKW,2,0,positive,negative
10,ZKW,1,0,neutral,negative
10,ZKW,1,2,neutral,positive
10,ZKW,2,0,positive,negative
10,ZKW,2,0,positive,negative
10,ZKW,0,2,negative,positive
10,ZKW,1,0,neutral,negative
10,ZKW,2,0,positive,negative
10,ZKW,1,2,neutral,positive
10,ZKW,0,0,negative,negative
10,ZKW,0,0,negative,negative
10,ZKW,1,0,neutral,negative
10,ZKW,1,2,neutral,positive
10,ZKW,0,0,negative,negative
10,ZKW,1,0,neutral,negative
10,ZKW,2,0,positive,negative
10,ZKW,0,0,negative,negative
10,ZKW,0,0,negative,negative
10,ZKW,1,0,neutral,negative
10,ZKW,0,0,negative,negative
10,ZKW,2,0,positive,negative
10,ZKW,1,0,neutral,negative
10,ZKW,2,2,positive,positive
10,ZKW,0,2,negative,positive
10,ZKW,2,1,positive,neutral
10,ZKW,0,1,negative,neutral
10,ZKW,1,2,neutral,positive
10,ZKW,2,2,positive,positive
10,ZKW,2,1,positive,neutral
10,ZKW,2,1,positive,neutral
10,ZKW,0,1,negative,neutral
10,ZKW,2,1,positive,neutral
10,ZKW,0,0,negative,negative
10,ZKW,2,0,positive,negative
10,ZKW,0,0,negative,negative
10,ZKW,2,2,positive,positive
10,ZKW,0,1,negative,neutral
10,ZKW,2,1,positive,neutral
10,ZKW,0,2,negative,positive
10,ZKW,0,1,negative,neutral
10,ZKW,2,2,positive,positive
10,ZKW,0,0,negative,negative
10,ZKW,1,2,neutral,positive
10,ZKW,2,1,positive,neutral
10,ZKW,0,1,negative,neutral
10,ZKW,2,1,positive,neutral
10,ZKW,2,2,positive,positive
10,ZKW,2,1,positive,neutral
10,ZKW,1,0,neutral,negative
10,ZKW,1,1,neutral,neutral
10,ZKW,0,1,negative,neutral
10,ZKW,2,1,positive,neutral
10,ZKW,1,2,neutral,positive
10,ZKW,2,1,positive,neutral
10,ZKW,2,2,positive,positive
10,ZKW,0,1,negative,neutral
10,ZKW,1,1,neutral,neutral
10,ZKW,1,2,neutral,positive
10,ZKW,2,1,positive,neutral
10,ZKW,2,2,positive,positive
10,ZKW,2,1,positive,neutral
10,ZKW,0,1,negative,neutral
10,ZKW,2,1,positive,neutral
10,ZKW,1,0,neutral,negative
10,ZKW,0,1,negative,neutral
10,ZKW,2,1,positive,neutral
10,ZKW,1,1,neutral,neutral
10,ZKW,2,1,positive,neutral
10,ZKW,0,1,negative,neutral
10,ZKW,2,1,positive,neutral
10,ZKW,2,1,positive,neutral
10,ZKW,2,1,positive,neutral
10,ZKW,1,2,neutral,positive
10,ZKW,0,2,negative,positive
10,ZKW,2,2,positive,positive
10,ZKW,0,2,negative,positive
10,ZKW,2,2,positive,positive
10,ZKW,1,2,neutral,positive
10,ZKW,0,0,negative,negative
10,ZKW,2,0,positive,negative
10,ZKW,2,2,positive,positive
10,ZKW,0,2,negative,positive
10,ZKW,1,2,neutral,positive
10,ZKW,0,2,negative,positive
10,ZKW,2,0,positive,negative
10,ZKW,0,2,negative,positive
10,ZKW,1,2,neutral,positive
10,ZKW,0,2,negative,positive
10,ZKW,1,2,neutral,positive
10,ZKW,2,0,positive,negative
10,ZKW,2,0,positive,negative
10,ZKW,0,0,negative,negative
10,ZKW,2,0,positive,negative
10,ZKW,1,0,neutral,negative
10,ZKW,2,0,positive,negative
10,ZKW,1,0,neutral,negative
10,ZKW,0,0,negative,negative
10,ZKW,0,0,negative,negative
10,ZKW,2,1,positive,neutral
10,ZKW,1,2,neutral,positive
10,ZKW,2,0,positive,negative
10,ZKW,2,2,positive,positive
10,ZKW,0,0,negative,negative
10,ZKW,0,0,negative,negative
10,ZKW,1,0,neutral,negative
10,ZKW,2,0,positive,negative
10,ZKW,1,0,neutral,negative
10,ZKW,1,1,neutral,neutral
10,ZKW,0,0,negative,negative
10,ZKW,2,0,positive,negative
10,ZKW,1,2,neutral,positive
10,ZKW,2,0,positive,negative
10,ZKW,1,0,neutral,negative
10,ZKW,1,0,neutral,negative
10,ZKW,1,2,neutral,positive
10,ZKW,2,0,positive,negative
10,ZKW,2,0,positive,negative
10,ZKW,1,0,neutral,negative
10,ZKW,0,0,negative,negative
10,ZKW,2,0,positive,negative
10,ZKW,2,0,positive,negative
10,ZKW,0,2,negative,positive
10,ZKW,0,2,negative,positive
10,ZKW,2,0,positive,negative
10,ZKW,0,2,negative,positive
10,ZKW,1,2,neutral,positive
10,ZKW,0,2,negative,positive
10,ZKW,1,2,neutral,positive
10,ZKW,2,2,positive,positive
10,ZKW,2,0,positive,negative
10,ZKW,2,2,positive,positive
10,ZKW,1,0,neutral,negative
10,ZKW,1,2,neutral,positive
10,ZKW,2,2,positive,positive
10,ZKW,1,2,neutral,positive
10,ZKW,1,0,neutral,negative
10,ZKW,2,2,positive,positive
10,ZKW,1,0,neutral,negative
10,ZKW,1,0,neutral,negative
10,ZKW,2,2,positive,positive
10,ZKW,1,2,neutral,positive
10,ZKW,0,2,negative,positive
10,ZKW,0,2,negative,positive
10,ZKW,0,0,negative,negative
10,ZKW,0,2,negative,positive
10,ZKW,1,0,neutral,negative
10,ZKW,1,0,neutral,negative
10,ZKW,0,2,negative,positive
10,ZKW,1,2,neutral,positive
10,ZKW,2,0,positive,negative
10,ZKW,0,0,negative,negative
10,ZKW,2,2,positive,positive
10,ZKW,2,2,positive,positive
10,ZKW,1,2,neutral,positive
10,ZKW,1,0,neutral,negative
10,ZKW,1,2,neutral,positive
10,ZKW,2,1,positive,neutral
10,ZKW,1,2,neutral,positive
10,ZKW,2,2,positive,positive
10,ZKW,1,0,neutral,negative
10,ZKW,0,0,negative,negative
10,ZKW,1,2,neutral,positive
10,ZKW,1,2,neutral,positive
10,ZKW,1,2,neutral,positive
10,ZKW,1,2,neutral,positive
10,ZKW,1,0,neutral,negative
10,ZKW,1,2,neutral,positive
10,ZKW,0,2,negative,positive
10,ZKW,0,0,negative,negative
10,ZKW,1,0,neutral,negative
10,ZKW,1,0,neutral,negative
10,ZKW,2,2,positive,positive
10,ZKW,1,2,neutral,positive
10,ZKW,2,2,positive,positive
10,ZKW,2,2,positive,positive
10,ZKW,2,2,positive,positive
10,ZKW,0,2,negative,positive
10,ZKW,1,2,neutral,positive
10,ZKW,2,2,positive,positive
10,ZKW,1,2,neutral,positive
10,ZKW,1,2,neutral,positive
10,ZKW,1,2,neutral,positive
10,ZKW,0,2,negative,positive
10,ZKW,1,2,neutral,positive
10,ZKW,2,2,positive,positive
10,ZKW,2,2,positive,positive
10,ZKW,0,2,negative,positive
10,ZKW,0,2,negative,positive
10,ZKW,0,2,negative,positive
10,ZKW,1,2,neutral,positive
10,ZKW,0,2,negative,positive
10,ZKW,2,2,positive,positive
10,ZKW,1,2,neutral,positive
10,ZKW,1,2,neutral,positive
10,ZKW,0,2,negative,positive
10,ZKW,2,2,positive,positive
10,ZKW,1,2,neutral,positive
10,ZKW,1,2,neutral,positive
10,ZKW,2,2,positive,positive
10,ZKW,2,2,positive,positive
10,ZKW,2,2,positive,positive
10,ZKW,0,2,negative,positive
10,ZKW,1,2,neutral,positive
10,ZKW,1,2,neutral,positive
10,ZKW,1,2,neutral,positive
10,ZKW,1,2,neutral,positive
10,ZKW,1,2,neutral,positive
10,ZKW,1,2,neutral,positive
10,ZKW,2,2,positive,positive
10,ZKW,0,2,negative,positive
10,ZKW,1,2,neutral,positive
10,ZKW,2,2,positive,positive
10,ZKW,1,2,neutral,positive
10,ZKW,2,2,positive,positive
10,ZKW,1,2,neutral,positive
10,ZKW,0,2,negative,positive
10,ZKW,0,2,negative,positive
10,ZKW,0,2,negative,positive
10,ZKW,2,2,positive,positive
10,ZKW,2,2,positive,positive
10,ZKW,1,2,neutral,positive
10,ZKW,1,2,neutral,positive
10,ZKW,2,2,positive,positive
10,ZKW,2,2,positive,positive
10,ZKW,2,2,positive,positive
10,ZKW,0,2,negative,positive
10,ZKW,0,2,negative,positive
10,ZKW,1,2,neutral,positive
10,ZKW,1,2,neutral,positive
10,ZKW,0,2,negative,positive
10,ZKW,1,2,neutral,positive
10,ZKW,1,2,neutral,positive
10,ZKW,2,2,positive,positive
10,ZKW,0,2,negative,positive
10,ZKW,0,2,negative,positive
10,ZKW,1,2,neutral,positive
10,ZKW,0,2,negative,positive
10,ZKW,1,2,neutral,positive
10,ZKW,2,2,positive,positive
10,ZKW,0,2,negative,positive
10,ZKW,2,2,positive,positive
10,ZKW,0,2,negative,positive
10,ZKW,1,2,neutral,positive
10,ZKW,1,2,neutral,positive
10,ZKW,1,2,neutral,positive
10,ZKW,2,2,positive,positive
10,ZKW,2,2,positive,positive
10,ZKW,0,2,negative,positive
10,ZKW,2,2,positive,positive
10,ZKW,2,2,positive,positive
10,ZKW,0,2,negative,positive
10,ZKW,2,2,positive,positive
10,ZKW,2,2,positive,positive
10,ZKW,1,2,neutral,positive
10,ZKW,2,2,positive,positive
10,ZKW,0,2,negative,positive
10,ZKW,2,0,positive,negative
10,ZKW,0,2,negative,positive
10,ZKW,2,2,positive,positive
10,ZKW,1,2,neutral,positive
10,ZKW,1,2,neutral,positive
10,ZKW,2,2,positive,positive
10,ZKW,0,2,negative,positive
10,ZKW,0,2,negative,positive
10,ZKW,2,2,positive,positive
10,ZKW,1,2,neutral,positive
10,ZKW,2,2,positive,positive
10,ZKW,1,2,neutral,positive
10,ZKW,0,2,negative,positive
10,ZKW,1,2,neutral,positive
11,ZMG,1,0,neutral,negative
11,ZMG,2,0,positive,negative
11,ZMG,0,0,negative,negative
11,ZMG,1,0,neutral,negative
11,ZMG,0,0,negative,negative
11,ZMG,2,0,positive,negative
11,ZMG,0,0,negative,negative
11,ZMG,2,0,positive,negative
11,ZMG,1,0,neutral,negative
11,ZMG,1,0,neutral,negative
11,ZMG,1,0,neutral,negative
11,ZMG,2,0,positive,negative
11,ZMG,2,0,positive,negative
11,ZMG,0,1,negative,neutral
11,ZMG,1,0,neutral,negative
11,ZMG,1,0,neutral,negative
11,ZMG,1,0,neutral,negative
11,ZMG,0,1,negative,neutral
11,ZMG,1,0,neutral,negative
11,ZMG,0,0,negative,negative
11,ZMG,2,1,positive,neutral
11,ZMG,0,0,negative,negative
11,ZMG,1,0,neutral,negative
11,ZMG,2,0,positive,negative
11,ZMG,1,0,neutral,negative
11,ZMG,1,0,neutral,negative
11,ZMG,2,0,positive,negative
11,ZMG,1,0,neutral,negative
11,ZMG,2,0,positive,negative
11,ZMG,0,0,negative,negative
11,ZMG,2,0,positive,negative
11,ZMG,1,0,neutral,negative
11,ZMG,1,0,neutral,negative
11,ZMG,2,0,positive,negative
11,ZMG,2,0,positive,negative
11,ZMG,0,0,negative,negative
11,ZMG,0,0,negative,negative
11,ZMG,0,0,negative,negative
11,ZMG,0,0,negative,negative
11,ZMG,2,0,positive,negative
11,ZMG,0,0,negative,negative
11,ZMG,2,0,positive,negative
11,ZMG,0,0,negative,negative
11,ZMG,2,0,positive,negative
11,ZMG,1,0,neutral,negative
11,ZMG,0,0,negative,negative
11,ZMG,2,0,positive,negative
11,ZMG,1,0,neutral,negative
11,ZMG,2,0,positive,negative
11,ZMG,0,0,negative,negative
11,ZMG,0,0,negative,negative
11,ZMG,2,0,positive,negative
11,ZMG,2,0,positive,negative
11,ZMG,0,0,negative,negative
11,ZMG,1,0,neutral,negative
11,ZMG,1,0,neutral,negative
11,ZMG,0,0,negative,negative
11,ZMG,1,0,neutral,negative
11,ZMG,2,0,positive,negative
11,ZMG,2,0,positive,negative
11,ZMG,0,0,negative,negative
11,ZMG,1,0,neutral,negative
11,ZMG,1,0,neutral,negative
11,ZMG,1,0,neutral,negative
11,ZMG,0,0,negative,negative
11,ZMG,1,0,neutral,negative
11,ZMG,0,0,negative,negative
11,ZMG,2,0,positive,negative
11,ZMG,0,0,negative,negative
11,ZMG,2,0,positive,negative
11,ZMG,2,0,positive,negative
11,ZMG,1,0,neutral,negative
11,ZMG,0,0,negative,negative
11,ZMG,1,0,neutral,negative
11,ZMG,0,2,negative,positive
11,ZMG,0,0,negative,negative
11,ZMG,0,0,negative,negative
11,ZMG,2,0,positive,negative
11,ZMG,0,0,negative,negative
11,ZMG,1,0,neutral,negative
11,ZMG,1,0,neutral,negative
11,ZMG,2,0,positive,negative
11,ZMG,2,0,positive,negative
11,ZMG,0,0,negative,negative
11,ZMG,2,0,positive,negative
11,ZMG,1,0,neutral,negative
11,ZMG,2,0,positive,negative
11,ZMG,1,0,neutral,negative
11,ZMG,1,0,neutral,negative
11,ZMG,1,0,neutral,negative
11,ZMG,0,0,negative,negative
11,ZMG,0,0,negative,negative
11,ZMG,1,0,neutral,negative
11,ZMG,0,0,negative,negative
11,ZMG,1,0,neutral,negative
11,ZMG,2,0,positive,negative
11,ZMG,2,0,positive,negative
11,ZMG,2,0,positive,negative
11,ZMG,0,0,negative,negative
11,ZMG,0,0,negative,negative
11,ZMG,2,0,positive,negative
11,ZMG,2,0,positive,negative
11,ZMG,2,0,positive,negative
11,ZMG,2,0,positive,negative
11,ZMG,0,0,negative,negative
11,ZMG,0,0,negative,negative
11,ZMG,2,0,positive,negative
11,ZMG,1,0,neutral,negative
11,ZMG,2,0,positive,negative
11,ZMG,0,0,negative,negative
11,ZMG,2,0,positive,negative
11,ZMG,1,0,neutral,negative
11,ZMG,0,0,negative,negative
11,ZMG,0,0,negative,negative
11,ZMG,1,0,neutral,negative
11,ZMG,2,0,positive,negative
11,ZMG,1,0,neutral,negative
11,ZMG,0,0,negative,negative
11,ZMG,2,0,positive,negative
11,ZMG,1,0,neutral,negative
11,ZMG,1,0,neutral,negative
11,ZMG,2,0,positive,negative
11,ZMG,2,0,positive,negative
11,ZMG,0,1,negative,neutral
11,ZMG,1,0,neutral,negative
11,ZMG,2,0,positive,negative
11,ZMG,1,0,neutral,negative
11,ZMG,0,0,negative,negative
11,ZMG,1,0,neutral,negative
11,ZMG,1,0,neutral,negative
11,ZMG,0,0,negative,negative
11,ZMG,1,0,neutral,negative
11,ZMG,2,0,positive,negative
11,ZMG,0,0,negative,negative
11,ZMG,0,0,negative,negative
11,ZMG,1,0,neutral,negative
11,ZMG,0,0,negative,negative
11,ZMG,2,0,positive,negative
11,ZMG,1,0,neutral,negative
11,ZMG,2,0,positive,negative
11,ZMG,0,0,negative,negative
11,ZMG,2,0,positive,negative
11,ZMG,0,0,negative,negative
11,ZMG,1,0,neutral,negative
11,ZMG,2,0,positive,negative
11,ZMG,2,0,positive,negative
11,ZMG,0,0,negative,negative
11,ZMG,2,0,positive,negative
11,ZMG,0,0,negative,negative
11,ZMG,2,0,positive,negative
11,ZMG,0,0,negative,negative
11,ZMG,2,0,positive,negative
11,ZMG,0,0,negative,negative
11,ZMG,2,0,positive,negative
11,ZMG,0,0,negative,negative
11,ZMG,0,0,negative,negative
11,ZMG,2,0,positive,negative
11,ZMG,0,0,negative,negative
11,ZMG,1,0,neutral,negative
11,ZMG,2,0,positive,negative
11,ZMG,0,0,negative,negative
11,ZMG,2,0,positive,negative
11,ZMG,2,0,positive,negative
11,ZMG,2,0,positive,negative
11,ZMG,1,0,neutral,negative
11,ZMG,1,0,neutral,negative
11,ZMG,0,0,negative,negative
11,ZMG,2,0,positive,negative
11,ZMG,1,0,neutral,negative
11,ZMG,2,0,positive,negative
11,ZMG,2,0,positive,negative
11,ZMG,0,0,negative,negative
11,ZMG,1,0,neutral,negative
11,ZMG,1,0,neutral,negative
11,ZMG,2,2,positive,positive
11,ZMG,2,0,positive,negative
11,ZMG,2,0,positive,negative
11,ZMG,2,0,positive,negative
11,ZMG,1,0,neutral,negative
11,ZMG,0,0,negative,negative
11,ZMG,2,0,positive,negative
11,ZMG,1,0,neutral,negative
11,ZMG,2,0,positive,negative
11,ZMG,0,0,negative,negative
11,ZMG,2,0,positive,negative
11,ZMG,2,0,positive,negative
11,ZMG,2,0,positive,negative
11,ZMG,1,0,neutral,negative
11,ZMG,0,0,negative,negative
11,ZMG,2,0,positive,negative
11,ZMG,0,2,negative,positive
11,ZMG,2,0,positive,negative
11,ZMG,1,0,neutral,negative
11,ZMG,0,0,negative,negative
11,ZMG,2,0,positive,negative
11,ZMG,2,0,positive,negative
11,ZMG,0,0,negative,negative
11,ZMG,1,0,neutral,negative
11,ZMG,0,0,negative,negative
11,ZMG,2,0,positive,negative
11,ZMG,0,0,negative,negative
11,ZMG,1,0,neutral,negative
11,ZMG,0,0,negative,negative
11,ZMG,1,2,neutral,positive
11,ZMG,2,0,positive,negative
11,ZMG,2,0,positive,negative
11,ZMG,0,0,negative,negative
11,ZMG,2,0,positive,negative
11,ZMG,1,0,neutral,negative
11,ZMG,2,0,positive,negative
11,ZMG,1,0,neutral,negative
11,ZMG,0,0,negative,negative
11,ZMG,0,0,negative,negative
11,ZMG,2,0,positive,negative
11,ZMG,1,0,neutral,negative
11,ZMG,2,0,positive,negative
11,ZMG,2,0,positive,negative
11,ZMG,0,0,negative,negative
11,ZMG,0,0,negative,negative
11,ZMG,2,0,positive,negative
11,ZMG,1,0,neutral,negative
11,ZMG,1,0,neutral,negative
11,ZMG,0,0,negative,negative
11,ZMG,2,0,positive,negative
11,ZMG,1,0,neutral,negative
11,ZMG,2,0,positive,negative
11,ZMG,1,0,neutral,negative
11,ZMG,1,0,neutral,negative
11,ZMG,1,0,neutral,negative
11,ZMG,2,0,positive,negative
11,ZMG,2,2,positive,positive
11,ZMG,1,0,neutral,negative
11,ZMG,0,0,negative,negative
11,ZMG,2,0,positive,negative
11,ZMG,2,0,positive,negative
11,ZMG,0,0,negative,negative
11,ZMG,0,0,negative,negative
11,ZMG,2,0,positive,negative
11,ZMG,0,0,negative,negative
11,ZMG,1,0,neutral,negative
11,ZMG,0,1,negative,neutral
11,ZMG,1,0,neutral,negative
11,ZMG,2,1,positive,neutral
11,ZMG,2,0,positive,negative
11,ZMG,2,0,positive,negative
11,ZMG,1,1,neutral,neutral
11,ZMG,1,0,neutral,negative
11,ZMG,2,0,positive,negative
11,ZMG,1,1,neutral,neutral
11,ZMG,1,0,neutral,negative
11,ZMG,2,0,positive,negative
11,ZMG,1,0,neutral,negative
11,ZMG,1,0,neutral,negative
11,ZMG,2,0,positive,negative
11,ZMG,1,0,neutral,negative
11,ZMG,0,0,negative,negative
11,ZMG,0,0,negative,negative
11,ZMG,0,0,negative,negative
11,ZMG,0,0,negative,negative
11,ZMG,1,0,neutral,negative
11,ZMG,1,0,neutral,negative
11,ZMG,0,0,negative,negative
11,ZMG,1,0,neutral,negative
11,ZMG,2,0,positive,negative
11,ZMG,0,0,negative,negative
11,ZMG,2,0,positive,negative
11,ZMG,2,1,positive,neutral
11,ZMG,1,0,neutral,negative
11,ZMG,1,0,neutral,negative
11,ZMG,1,0,neutral,negative
11,ZMG,2,0,positive,negative
11,ZMG,1,1,neutral,neutral
11,ZMG,2,0,positive,negative
11,ZMG,1,0,neutral,negative
11,ZMG,0,0,negative,negative
11,ZMG,1,0,neutral,negative
11,ZMG,1,0,neutral,negative
11,ZMG,1,0,neutral,negative
11,ZMG,1,0,neutral,negative
11,ZMG,2,0,positive,negative
11,ZMG,1,0,neutral,negative
11,ZMG,1,0,neutral,negative
11,ZMG,0,0,negative,negative
11,ZMG,0,0,negative,negative
11,ZMG,1,0,neutral,negative
11,ZMG,1,0,neutral,negative
11,ZMG,2,1,positive,neutral
11,ZMG,1,1,neutral,neutral
11,ZMG,2,2,positive,positive
11,ZMG,2,1,positive,neutral
11,ZMG,2,1,positive,neutral
11,ZMG,0,1,negative,neutral
11,ZMG,1,1,neutral,neutral
11,ZMG,2,1,positive,neutral
11,ZMG,1,2,neutral,positive
11,ZMG,0,2,negative,positive
11,ZMG,1,2,neutral,positive
11,ZMG,2,1,positive,neutral
11,ZMG,2,1,positive,neutral
11,ZMG,0,1,negative,neutral
11,ZMG,0,1,negative,neutral
11,ZMG,0,1,negative,neutral
11,ZMG,1,0,neutral,negative
11,ZMG,0,2,negative,positive
11,ZMG,2,1,positive,neutral
11,ZMG,1,1,neutral,neutral
11,ZMG,1,1,neutral,neutral
11,ZMG,0,2,negative,positive
11,ZMG,2,2,positive,positive
11,ZMG,1,1,neutral,neutral
11,ZMG,1,1,neutral,neutral
11,ZMG,2,1,positive,neutral
11,ZMG,2,1,positive,neutral
11,ZMG,2,1,positive,neutral
11,ZMG,0,0,negative,negative
11,ZMG,1,0,neutral,negative
11,ZMG,1,1,neutral,neutral
11,ZMG,1,1,neutral,neutral
11,ZMG,1,1,neutral,neutral
11,ZMG,1,0,neutral,negative
11,ZMG,2,2,positive,positive
11,ZMG,0,0,negative,negative
11,ZMG,1,1,neutral,neutral
11,ZMG,2,2,positive,positive
11,ZMG,1,1,neutral,neutral
11,ZMG,2,2,positive,positive
11,ZMG,1,1,neutral,neutral
11,ZMG,0,1,negative,neutral
11,ZMG,0,0,negative,negative
11,ZMG,0,1,negative,neutral
11,ZMG,2,0,positive,negative
11,ZMG,1,0,neutral,negative
11,ZMG,1,2,neutral,positive
11,ZMG,2,0,positive,negative
11,ZMG,2,0,positive,negative
11,ZMG,2,0,positive,negative
11,ZMG,0,0,negative,negative
11,ZMG,0,0,negative,negative
11,ZMG,1,0,neutral,negative
11,ZMG,1,0,neutral,negative
11,ZMG,0,0,negative,negative
11,ZMG,1,0,neutral,negative
11,ZMG,1,0,neutral,negative
11,ZMG,0,0,negative,negative
11,ZMG,0,0,negative,negative
11,ZMG,1,0,neutral,negative
11,ZMG,0,0,negative,negative
11,ZMG,1,0,neutral,negative
11,ZMG,2,0,positive,negative
11,ZMG,0,0,negative,negative
11,ZMG,2,0,positive,negative
11,ZMG,0,0,negative,negative
11,ZMG,1,0,neutral,negative
11,ZMG,1,0,neutral,negative
11,ZMG,1,0,neutral,negative
11,ZMG,2,0,positive,negative
11,ZMG,2,2,positive,positive
11,ZMG,0,0,negative,negative
11,ZMG,2,0,positive,negative
11,ZMG,2,0,positive,negative
11,ZMG,0,0,negative,negative
11,ZMG,2,0,positive,negative
11,ZMG,2,0,positive,negative
11,ZMG,1,0,neutral,negative
11,ZMG,2,0,positive,negative
11,ZMG,0,0,negative,negative
11,ZMG,2,0,positive,negative
11,ZMG,0,0,negative,negative
11,ZMG,2,0,positive,negative
11,ZMG,1,0,neutral,negative
11,ZMG,1,0,neutral,negative
11,ZMG,2,0,positive,negative
11,ZMG,0,0,negative,negative
11,ZMG,0,0,negative,negative
11,ZMG,2,0,positive,negative
11,ZMG,1,0,neutral,negative
11,ZMG,2,0,positive,negative
11,ZMG,1,0,neutral,negative
11,ZMG,0,0,negative,negative
11,ZMG,1,0,neutral,negative
12,ZPH,1,1,neutral,neutral
12,ZPH,2,1,positive,neutral
12,ZPH,0,1,negative,neutral
12,ZPH,1,1,neutral,neutral
12,ZPH,0,1,negative,neutral
12,ZPH,2,1,positive,neutral
12,ZPH,0,1,negative,neutral
12,ZPH,2,1,positive,neutral
12,ZPH,1,1,neutral,neutral
12,ZPH,1,1,neutral,neutral
12,ZPH,1,1,neutral,neutral
12,ZPH,2,1,positive,neutral
12,ZPH,2,1,positive,neutral
12,ZPH,0,1,negative,neutral
12,ZPH,1,1,neutral,neutral
12,ZPH,1,1,neutral,neutral
12,ZPH,1,1,neutral,neutral
12,ZPH,0,1,negative,neutral
12,ZPH,1,1,neutral,neutral
12,ZPH,0,1,negative,neutral
12,ZPH,2,1,positive,neutral
12,ZPH,0,1,negative,neutral
12,ZPH,1,1,neutral,neutral
12,ZPH,2,1,positive,neutral
12,ZPH,1,1,neutral,neutral
12,ZPH,1,1,neutral,neutral
12,ZPH,2,1,positive,neutral
12,ZPH,1,1,neutral,neutral
12,ZPH,2,1,positive,neutral
12,ZPH,1,1,neutral,neutral
12,ZPH,0,1,negative,neutral
12,ZPH,2,1,positive,neutral
12,ZPH,1,1,neutral,neutral
12,ZPH,1,1,neutral,neutral
12,ZPH,2,1,positive,neutral
12,ZPH,2,1,positive,neutral
12,ZPH,0,1,negative,neutral
12,ZPH,0,1,negative,neutral
12,ZPH,0,1,negative,neutral
12,ZPH,0,1,negative,neutral
12,ZPH,2,1,positive,neutral
12,ZPH,0,1,negative,neutral
12,ZPH,2,1,positive,neutral
12,ZPH,0,1,negative,neutral
12,ZPH,2,1,positive,neutral
12,ZPH,1,1,neutral,neutral
12,ZPH,0,1,negative,neutral
12,ZPH,2,1,positive,neutral
12,ZPH,1,1,neutral,neutral
12,ZPH,0,1,negative,neutral
12,ZPH,0,1,negative,neutral
12,ZPH,2,1,positive,neutral
12,ZPH,0,1,negative,neutral
12,ZPH,0,1,negative,neutral
12,ZPH,2,1,positive,neutral
12,ZPH,2,1,positive,neutral
12,ZPH,0,1,negative,neutral
12,ZPH,1,1,neutral,neutral
12,ZPH,1,1,neutral,neutral
12,ZPH,0,1,negative,neutral
12,ZPH,1,1,neutral,neutral
12,ZPH,2,1,positive,neutral
12,ZPH,2,1,positive,neutral
12,ZPH,2,1,positive,neutral
12,ZPH,0,1,negative,neutral
12,ZPH,1,1,neutral,neutral
12,ZPH,1,1,neutral,neutral
12,ZPH,1,1,neutral,neutral
12,ZPH,0,1,negative,neutral
12,ZPH,1,1,neutral,neutral
12,ZPH,0,1,negative,neutral
12,ZPH,2,1,positive,neutral
12,ZPH,0,1,negative,neutral
12,ZPH,2,1,positive,neutral
12,ZPH,2,1,positive,neutral
12,ZPH,1,1,neutral,neutral
12,ZPH,0,1,negative,neutral
12,ZPH,1,1,neutral,neutral
12,ZPH,0,1,negative,neutral
12,ZPH,0,1,negative,neutral
12,ZPH,0,1,negative,neutral
12,ZPH,2,1,positive,neutral
12,ZPH,0,1,negative,neutral
12,ZPH,1,1,neutral,neutral
12,ZPH,1,1,neutral,neutral
12,ZPH,2,1,positive,neutral
12,ZPH,2,1,positive,neutral
12,ZPH,0,1,negative,neutral
12,ZPH,2,1,positive,neutral
12,ZPH,1,1,neutral,neutral
12,ZPH,2,1,positive,neutral
12,ZPH,1,1,neutral,neutral
12,ZPH,1,1,neutral,neutral
12,ZPH,1,1,neutral,neutral
12,ZPH,0,1,negative,neutral
12,ZPH,0,1,negative,neutral
12,ZPH,1,1,neutral,neutral
12,ZPH,0,1,negative,neutral
12,ZPH,0,1,negative,neutral
12,ZPH,1,1,neutral,neutral
12,ZPH,2,1,positive,neutral
12,ZPH,2,1,positive,neutral
12,ZPH,2,1,positive,neutral
12,ZPH,0,1,negative,neutral
12,ZPH,0,1,negative,neutral
12,ZPH,2,1,positive,neutral
12,ZPH,2,1,positive,neutral
12,ZPH,2,1,positive,neutral
12,ZPH,0,1,negative,neutral
12,ZPH,0,1,negative,neutral
12,ZPH,2,1,positive,neutral
12,ZPH,1,1,neutral,neutral
12,ZPH,2,1,positive,neutral
12,ZPH,0,1,negative,neutral
12,ZPH,2,1,positive,neutral
12,ZPH,1,1,neutral,neutral
12,ZPH,0,1,negative,neutral
12,ZPH,1,1,neutral,neutral
12,ZPH,2,1,positive,neutral
12,ZPH,1,1,neutral,neutral
12,ZPH,0,1,negative,neutral
12,ZPH,2,1,positive,neutral
12,ZPH,1,1,neutral,neutral
12,ZPH,1,1,neutral,neutral
12,ZPH,2,1,positive,neutral
12,ZPH,2,1,positive,neutral
12,ZPH,0,1,negative,neutral
12,ZPH,1,1,neutral,neutral
12,ZPH,2,1,positive,neutral
12,ZPH,1,1,neutral,neutral
12,ZPH,0,1,negative,neutral
12,ZPH,0,1,negative,neutral
12,ZPH,1,1,neutral,neutral
12,ZPH,1,1,neutral,neutral
12,ZPH,0,1,negative,neutral
12,ZPH,1,1,neutral,neutral
12,ZPH,2,1,positive,neutral
12,ZPH,0,1,negative,neutral
12,ZPH,0,1,negative,neutral
12,ZPH,1,1,neutral,neutral
12,ZPH,0,1,negative,neutral
12,ZPH,2,1,positive,neutral
12,ZPH,1,1,neutral,neutral
12,ZPH,2,1,positive,neutral
12,ZPH,0,1,negative,neutral
12,ZPH,0,1,negative,neutral
12,ZPH,1,1,neutral,neutral
12,ZPH,2,1,positive,neutral
12,ZPH,2,1,positive,neutral
12,ZPH,2,1,positive,neutral
12,ZPH,0,1,negative,neutral
12,ZPH,2,1,positive,neutral
12,ZPH,2,1,positive,neutral
12,ZPH,0,1,negative,neutral
12,ZPH,2,1,positive,neutral
12,ZPH,0,1,negative,neutral
12,ZPH,2,1,positive,neutral
12,ZPH,0,1,negative,neutral
12,ZPH,0,1,negative,neutral
12,ZPH,2,1,positive,neutral
12,ZPH,0,1,negative,neutral
12,ZPH,1,1,neutral,neutral
12,ZPH,2,1,positive,neutral
12,ZPH,0,1,negative,neutral
12,ZPH,2,1,positive,neutral
12,ZPH,2,1,positive,neutral
12,ZPH,2,1,positive,neutral
12,ZPH,1,1,neutral,neutral
12,ZPH,1,1,neutral,neutral
12,ZPH,0,1,negative,neutral
12,ZPH,1,1,neutral,neutral
12,ZPH,2,1,positive,neutral
12,ZPH,2,1,positive,neutral
12,ZPH,0,1,negative,neutral
12,ZPH,1,1,neutral,neutral
12,ZPH,1,1,neutral,neutral
12,ZPH,2,1,positive,neutral
12,ZPH,2,1,positive,neutral
12,ZPH,2,1,positive,neutral
12,ZPH,0,1,negative,neutral
12,ZPH,2,1,positive,neutral
12,ZPH,1,1,neutral,neutral
12,ZPH,0,1,negative,neutral
12,ZPH,2,1,positive,neutral
12,ZPH,1,1,neutral,neutral
12,ZPH,2,1,positive,neutral
12,ZPH,0,1,negative,neutral
12,ZPH,2,1,positive,neutral
12,ZPH,2,1,positive,neutral
12,ZPH,2,1,positive,neutral
12,ZPH,1,1,neutral,neutral
12,ZPH,0,1,negative,neutral
12,ZPH,2,1,positive,neutral
12,ZPH,0,1,negative,neutral
12,ZPH,2,1,positive,neutral
12,ZPH,1,1,neutral,neutral
12,ZPH,0,1,negative,neutral
12,ZPH,2,1,positive,neutral
12,ZPH,2,1,positive,neutral
12,ZPH,0,1,negative,neutral
12,ZPH,1,1,neutral,neutral
12,ZPH,0,1,negative,neutral
12,ZPH,2,1,positive,neutral
12,ZPH,0,1,negative,neutral
12,ZPH,1,1,neutral,neutral
12,ZPH,0,1,negative,neutral
12,ZPH,1,1,neutral,neutral
12,ZPH,2,1,positive,neutral
12,ZPH,2,1,positive,neutral
12,ZPH,0,1,negative,neutral
12,ZPH,2,1,positive,neutral
12,ZPH,1,1,neutral,neutral
12,ZPH,2,1,positive,neutral
12,ZPH,1,1,neutral,neutral
12,ZPH,0,1,negative,neutral
12,ZPH,0,1,negative,neutral
12,ZPH,2,1,positive,neutral
12,ZPH,1,1,neutral,neutral
12,ZPH,2,1,positive,neutral
12,ZPH,2,1,positive,neutral
12,ZPH,0,1,negative,neutral
12,ZPH,0,1,negative,neutral
12,ZPH,1,1,neutral,neutral
12,ZPH,2,1,positive,neutral
12,ZPH,1,1,neutral,neutral
12,ZPH,1,1,neutral,neutral
12,ZPH,0,1,negative,neutral
12,ZPH,2,1,positive,neutral
12,ZPH,1,1,neutral,neutral
12,ZPH,2,1,positive,neutral
12,ZPH,1,1,neutral,neutral
12,ZPH,1,1,neutral,neutral
12,ZPH,1,1,neutral,neutral
12,ZPH,2,1,positive,neutral
12,ZPH,2,1,positive,neutral
12,ZPH,1,1,neutral,neutral
12,ZPH,0,1,negative,neutral
12,ZPH,2,1,positive,neutral
12,ZPH,2,1,positive,neutral
12,ZPH,0,1,negative,neutral
12,ZPH,0,1,negative,neutral
12,ZPH,2,1,positive,neutral
12,ZPH,0,1,negative,neutral
12,ZPH,1,1,neutral,neutral
12,ZPH,0,1,negative,neutral
12,ZPH,1,1,neutral,neutral
12,ZPH,2,1,positive,neutral
12,ZPH,2,1,positive,neutral
12,ZPH,2,1,positive,neutral
12,ZPH,1,1,neutral,neutral
12,ZPH,1,1,neutral,neutral
12,ZPH,2,1,positive,neutral
12,ZPH,1,1,neutral,neutral
12,ZPH,1,1,neutral,neutral
12,ZPH,2,1,positive,neutral
12,ZPH,1,2,neutral,positive
12,ZPH,1,1,neutral,neutral
12,ZPH,2,1,positive,neutral
12,ZPH,1,1,neutral,neutral
12,ZPH,0,2,negative,positive
12,ZPH,0,1,negative,neutral
12,ZPH,0,1,negative,neutral
12,ZPH,0,1,negative,neutral
12,ZPH,1,1,neutral,neutral
12,ZPH,1,1,neutral,neutral
12,ZPH,0,1,negative,neutral
12,ZPH,1,1,neutral,neutral
12,ZPH,2,1,positive,neutral
12,ZPH,0,1,negative,neutral
12,ZPH,2,1,positive,neutral
12,ZPH,2,1,positive,neutral
12,ZPH,1,1,neutral,neutral
12,ZPH,1,1,neutral,neutral
12,ZPH,1,1,neutral,neutral
12,ZPH,2,1,positive,neutral
12,ZPH,1,1,neutral,neutral
12,ZPH,2,1,positive,neutral
12,ZPH,1,1,neutral,neutral
12,ZPH,0,1,negative,neutral
12,ZPH,1,1,neutral,neutral
12,ZPH,1,1,neutral,neutral
12,ZPH,1,1,neutral,neutral
12,ZPH,2,1,positive,neutral
12,ZPH,1,1,neutral,neutral
12,ZPH,1,1,neutral,neutral
12,ZPH,0,1,negative,neutral
12,ZPH,0,1,negative,neutral
12,ZPH,1,1,neutral,neutral
12,ZPH,1,1,neutral,neutral
12,ZPH,2,1,positive,neutral
12,ZPH,1,1,neutral,neutral
12,ZPH,2,1,positive,neutral
12,ZPH,2,1,positive,neutral
12,ZPH,2,1,positive,neutral
12,ZPH,0,1,negative,neutral
12,ZPH,1,1,neutral,neutral
12,ZPH,2,1,positive,neutral
12,ZPH,1,1,neutral,neutral
12,ZPH,1,1,neutral,neutral
12,ZPH,1,1,neutral,neutral
12,ZPH,0,1,negative,neutral
12,ZPH,1,1,neutral,neutral
12,ZPH,2,1,positive,neutral
12,ZPH,2,1,positive,neutral
12,ZPH,0,1,negative,neutral
12,ZPH,0,1,negative,neutral
12,ZPH,0,2,negative,positive
12,ZPH,1,1,neutral,neutral
12,ZPH,0,1,negative,neutral
12,ZPH,2,1,positive,neutral
12,ZPH,1,1,neutral,neutral
12,ZPH,1,1,neutral,neutral
12,ZPH,0,1,negative,neutral
12,ZPH,2,1,positive,neutral
12,ZPH,1,1,neutral,neutral
12,ZPH,1,1,neutral,neutral
12,ZPH,2,1,positive,neutral
12,ZPH,2,1,positive,neutral
12,ZPH,2,1,positive,neutral
12,ZPH,0,1,negative,neutral
12,ZPH,1,1,neutral,neutral
12,ZPH,1,1,neutral,neutral
12,ZPH,1,1,neutral,neutral
12,ZPH,1,1,neutral,neutral
12,ZPH,1,1,neutral,neutral
12,ZPH,1,1,neutral,neutral
12,ZPH,2,1,positive,neutral
12,ZPH,0,1,negative,neutral
12,ZPH,1,1,neutral,neutral
12,ZPH,2,1,positive,neutral
12,ZPH,1,1,neutral,neutral
12,ZPH,2,1,positive,neutral
12,ZPH,1,1,neutral,neutral
12,ZPH,0,1,negative,neutral
12,ZPH,0,1,negative,neutral
12,ZPH,0,1,negative,neutral
12,ZPH,2,1,positive,neutral
12,ZPH,2,1,positive,neutral
12,ZPH,1,1,neutral,neutral
12,ZPH,1,2,neutral,positive
12,ZPH,2,1,positive,neutral
12,ZPH,2,1,positive,neutral
12,ZPH,2,2,positive,positive
12,ZPH,0,1,negative,neutral
12,ZPH,0,1,negative,neutral
12,ZPH,1,1,neutral,neutral
12,ZPH,1,1,neutral,neutral
12,ZPH,0,1,negative,neutral
12,ZPH,1,1,neutral,neutral
12,ZPH,1,1,neutral,neutral
12,ZPH,2,1,positive,neutral
12,ZPH,0,1,negative,neutral
12,ZPH,0,2,negative,positive
12,ZPH,1,1,neutral,neutral
12,ZPH,0,1,negative,neutral
12,ZPH,1,1,neutral,neutral
12,ZPH,2,1,positive,neutral
12,ZPH,0,1,negative,neutral
12,ZPH,2,1,positive,neutral
12,ZPH,0,1,negative,neutral
12,ZPH,1,1,neutral,neutral
12,ZPH,1,1,neutral,neutral
12,ZPH,1,1,neutral,neutral
12,ZPH,2,1,positive,neutral
12,ZPH,2,1,positive,neutral
12,ZPH,0,1,negative,neutral
12,ZPH,2,1,positive,neutral
12,ZPH,2,1,positive,neutral
12,ZPH,0,1,negative,neutral
12,ZPH,2,1,positive,neutral
12,ZPH,2,1,positive,neutral
12,ZPH,1,1,neutral,neutral
12,ZPH,2,1,positive,neutral
12,ZPH,0,1,negative,neutral
12,ZPH,2,1,positive,neutral
12,ZPH,0,1,negative,neutral
12,ZPH,2,1,positive,neutral
12,ZPH,1,1,neutral,neutral
12,ZPH,1,1,neutral,neutral
12,ZPH,2,1,positive,neutral
12,ZPH,0,1,negative,neutral
12,ZPH,0,1,negative,neutral
12,ZPH,2,1,positive,neutral
12,ZPH,1,1,neutral,neutral
12,ZPH,2,1,positive,neutral
12,ZPH,1,2,neutral,positive
12,ZPH,0,1,negative,neutral
12,ZPH,1,1,neutral,neutral
