[01:09:11] INFO: Starting A1 frozen sentiment probe
[01:09:11] INFO: {
  "embeddings_npz": "exports/embeddings_SR_pretrained_unlabeled/embeddings.npz",
  "labels_csv": "labels/sentiment_labels_task1.csv",
  "checkpoint": "/home/sajim/CET-MAE/transfer_study/checkpoints/cet_mae/cet_mae_transfer3_a100_80gb_best.pt",
  "output_dir": "results/A1_frozen_probe_sentiment",
  "epochs": 50,
  "lr": 0.001,
  "weight_decay": 0.0001,
  "batch_size": 64,
  "feature_batch_size": 16,
  "num_workers": 0,
  "val_ratio": 0.15,
  "seed": 42,
  "log_every": 10,
  "device": "cuda",
  "bart_path": "facebook/bart-large",
  "head_type": "linear",
  "freeze_encoder": true,
  "sentence_col": "sentence_id",
  "label_col": "sentiment_label",
  "subject_col": null,
  "binary": false,
  "input_is_pooled": false,
  "input_is_token_hidden": false
}
[01:09:11] INFO: Using device: cuda
[01:09:11] INFO: NPZ keys found: ['input_embeddings', 'normalized_input_embeddings', 'input_attn_mask', 'input_attn_mask_invert', 'seq_len', 'target_string', 'subject_id', 'sentence_index', 'task_name', 'source_file']
[04:06:56] INFO: Starting A1 frozen sentiment probe
[04:06:56] INFO: {
  "embeddings_npz": "exports/embeddings_SR_pretrained_unlabeled/embeddings.npz",
  "labels_csv": "labels/sentiment_labels_task1.csv",
  "checkpoint": "../checkpoints/cet_mae/cet_mae_transfer3_a100_80gb_best.pt",
  "output_dir": "results/A1_frozen_probe_sentiment",
  "epochs": 50,
  "lr": 0.001,
  "weight_decay": 0.0001,
  "batch_size": 64,
  "feature_batch_size": 16,
  "num_workers": 0,
  "val_ratio": 0.15,
  "seed": 42,
  "log_every": 10,
  "device": "cuda",
  "bart_path": "facebook/bart-large",
  "head_type": "linear",
  "freeze_encoder": true,
  "sentence_col": "sentence_index",
  "label_col": "sentiment_label",
  "subject_col": null,
  "binary": false,
  "input_is_pooled": false,
  "input_is_token_hidden": false
}
[04:06:56] INFO: Using device: cuda
[04:06:56] INFO: NPZ keys found: ['input_embeddings', 'normalized_input_embeddings', 'input_attn_mask', 'input_attn_mask_invert', 'seq_len', 'target_string', 'subject_id', 'sentence_index', 'task_name', 'source_file']
[04:06:58] INFO: Loaded EEG/features array from key 'normalized_input_embeddings' with shape (4532, 58, 840)
[04:06:58] INFO: Loaded attention mask shape: (4532, 58)
[04:06:58] INFO: Sentence IDs present: True
[04:06:58] INFO: Subject IDs present: True
[04:16:35] INFO: Starting A1 frozen sentiment probe
[04:16:35] INFO: {
  "embeddings_npz": "exports/embeddings_SR_pretrained_unlabeled/embeddings.npz",
  "labels_csv": "labels/sentiment_labels_task1.csv",
  "checkpoint": "../checkpoints/cet_mae/cet_mae_transfer3_a100_80gb_best.pt",
  "output_dir": "results/A1_frozen_probe_sentiment",
  "epochs": 50,
  "lr": 0.001,
  "weight_decay": 0.0001,
  "batch_size": 64,
  "feature_batch_size": 16,
  "num_workers": 0,
  "val_ratio": 0.15,
  "seed": 42,
  "log_every": 10,
  "device": "cuda",
  "bart_path": "facebook/bart-large",
  "head_type": "linear",
  "freeze_encoder": true,
  "sentence_col": "sentence_id",
  "label_col": "sentiment_label",
  "subject_col": null,
  "binary": false,
  "input_is_pooled": false,
  "input_is_token_hidden": false
}
[04:16:35] INFO: Using device: cuda
[04:16:35] INFO: NPZ keys found: ['input_embeddings', 'normalized_input_embeddings', 'input_attn_mask', 'input_attn_mask_invert', 'seq_len', 'target_string', 'subject_id', 'sentence_index', 'task_name', 'source_file']
[04:16:37] INFO: Loaded EEG/features array from key 'normalized_input_embeddings' with shape (4532, 58, 840)
[04:16:37] INFO: Loaded attention mask shape: (4532, 58)
[04:16:37] INFO: Sentence IDs present: True
[04:16:37] INFO: Subject IDs present: True
[04:16:37] INFO: Loaded labels CSV with shape (400, 4) from labels/sentiment_labels_task1.csv
[04:16:37] INFO: CSV columns: ['sentence_id', 'sentence', 'control', 'sentiment_label']
[04:16:37] WARNING: Dropping 111 rows with no matched sentiment label after merge.
[04:16:37] INFO: Final merged dataset size: 0
[04:16:37] INFO: Subjects: []
[04:16:37] INFO: Label counts: {}
[04:16:37] INFO: Extracting frozen CET-MAE features from raw EEG token features using checkpoint encoder.
[04:23:36] INFO: Starting A1 frozen sentiment probe
[04:23:36] INFO: {
  "embeddings_npz": "exports/embeddings_SR_pretrained_unlabeled/embeddings.npz",
  "labels_csv": "labels/sentiment_labels_task1.csv",
  "checkpoint": "../checkpoints/cet_mae/cet_mae_transfer3_a100_80gb_best.pt",
  "output_dir": "results/A1_frozen_probe_sentiment",
  "epochs": 50,
  "lr": 0.001,
  "weight_decay": 0.0001,
  "batch_size": 64,
  "feature_batch_size": 16,
  "num_workers": 0,
  "val_ratio": 0.15,
  "seed": 42,
  "log_every": 10,
  "device": "cuda",
  "bart_path": "facebook/bart-large",
  "head_type": "linear",
  "freeze_encoder": true,
  "sentence_col": "sentence_id",
  "label_col": "sentiment_label",
  "subject_col": null,
  "binary": false,
  "input_is_pooled": false,
  "input_is_token_hidden": false
}
[04:23:36] INFO: Using device: cuda
[04:23:36] INFO: NPZ keys found: ['input_embeddings', 'normalized_input_embeddings', 'input_attn_mask', 'input_attn_mask_invert', 'seq_len', 'target_string', 'subject_id', 'sentence_index', 'task_name', 'source_file']
[04:23:38] INFO: Loaded EEG/features array from key 'normalized_input_embeddings' with shape (4532, 58, 840)
[04:23:38] INFO: Loaded attention mask shape: (4532, 58)
[04:23:38] INFO: Sentence IDs present: True
[04:23:38] INFO: Subject IDs present: True
[04:23:38] INFO: Loaded labels CSV with shape (400, 4) from labels/sentiment_labels_task1.csv
[04:23:38] INFO: CSV columns: ['sentence_id', 'sentence', 'control', 'sentiment_label']
[04:23:38] WARNING: Dropping 111 rows with no matched sentiment label after merge.
[04:23:38] INFO: Final merged dataset size: 0
[04:23:38] INFO: Subjects: []
[04:23:38] INFO: Label counts: {}
[04:23:38] INFO: Extracting frozen CET-MAE features from raw EEG token features using checkpoint encoder.
[04:23:43] INFO: Checkpoint loaded from ../checkpoints/cet_mae/cet_mae_transfer3_a100_80gb_best.pt
[04:23:43] INFO: Missing keys count: 0
[04:23:43] INFO: Unexpected keys count: 0
[04:38:30] INFO: Starting A1 frozen sentiment probe (trial-level, text-joined)
[04:38:30] INFO: {
  "embeddings_npz": "exports/embeddings_SR_pretrained_unlabeled/embeddings.npz",
  "labels_csv": "labels/sentiment_labels_task1.csv",
  "checkpoint": "../checkpoints/cet_mae/cet_mae_transfer3_a100_80gb_best.pt",
  "output_dir": "results/A1_frozen_probe_sentiment",
  "epochs": 50,
  "lr": 0.001,
  "weight_decay": 0.0001,
  "batch_size": 64,
  "feature_batch_size": 16,
  "num_workers": 0,
  "val_ratio": 0.15,
  "seed": 42,
  "log_every": 10,
  "device": "cuda",
  "bart_path": "facebook/bart-large",
  "head_type": "linear",
  "freeze_encoder": true,
  "sentence_col": "sentence",
  "label_col": "sentiment_label",
  "subject_col": null,
  "binary": false,
  "input_is_pooled": false,
  "input_is_token_hidden": false
}
[04:38:30] INFO: Using device: cuda
[04:38:30] INFO: NPZ keys found: ['input_embeddings', 'normalized_input_embeddings', 'input_attn_mask', 'input_attn_mask_invert', 'seq_len', 'target_string', 'subject_id', 'sentence_index', 'task_name', 'source_file']
[04:38:32] INFO: Loaded EEG/features array from key 'normalized_input_embeddings' with shape (4532, 58, 840)
[04:38:32] INFO: Loaded attention mask shape: (4532, 58)
[04:38:32] INFO: Subject IDs present: True
[04:38:32] INFO: Text key: target_string; unique texts: 400
[04:38:32] INFO: Loaded labels CSV with shape (400, 4) from labels/sentiment_labels_task1.csv
[04:38:32] INFO: CSV columns: ['sentence_id', 'sentence', 'control', 'sentiment_label']
[04:38:32] INFO: Labels DataFrame after cleaning: 395 rows, 395 unique texts
[04:38:32] WARNING: Dropping 56 trials with no matched sentiment label after text-merge.
[04:38:32] INFO: Final merged trial-level dataset size: 0
[04:38:32] INFO: Subjects: []
[04:38:32] INFO: Label counts: {}
[04:38:32] INFO: Extracting frozen CET-MAE features from raw EEG token features using checkpoint encoder.
[04:38:36] INFO: Checkpoint loaded from ../checkpoints/cet_mae/cet_mae_transfer3_a100_80gb_best.pt
[04:38:36] INFO: Missing keys count: 0
[04:38:36] INFO: Unexpected keys count: 0
[04:43:10] INFO: Starting A1 frozen sentiment probe (trial-level, text-joined)
[04:43:10] INFO: {
  "embeddings_npz": "exports/embeddings_SR_pretrained_unlabeled/embeddings.npz",
  "labels_csv": "labels/sentiment_labels_task1.csv",
  "checkpoint": "../checkpoints/cet_mae/cet_mae_transfer3_a100_80gb_best.pt",
  "output_dir": "results/A1_frozen_probe_sentiment",
  "epochs": 50,
  "lr": 0.001,
  "weight_decay": 0.0001,
  "batch_size": 64,
  "feature_batch_size": 16,
  "num_workers": 0,
  "val_ratio": 0.15,
  "seed": 42,
  "log_every": 10,
  "device": "cuda",
  "bart_path": "facebook/bart-large",
  "head_type": "linear",
  "freeze_encoder": true,
  "sentence_col": "sentence",
  "label_col": "sentiment_label",
  "subject_col": null,
  "binary": false,
  "input_is_pooled": false,
  "input_is_token_hidden": false
}
[04:43:10] INFO: Using device: cuda
[04:43:10] INFO: NPZ keys found: ['input_embeddings', 'normalized_input_embeddings', 'input_attn_mask', 'input_attn_mask_invert', 'seq_len', 'target_string', 'subject_id', 'sentence_index', 'task_name', 'source_file']
[04:43:12] INFO: Loaded EEG/features array from key 'normalized_input_embeddings' with shape (4532, 58, 840)
[04:43:12] INFO: Loaded attention mask shape: (4532, 58)
[04:43:12] INFO: Subject IDs present: True
[04:43:12] INFO: Text key: target_string; unique texts: 400
[04:43:12] INFO: Loaded labels CSV with shape (400, 4) from labels/sentiment_labels_task1.csv
[04:43:12] INFO: CSV columns: ['sentence_id', 'sentence', 'control', 'sentiment_label']
[04:43:12] INFO: Labels DataFrame after cleaning: 395 rows, 395 unique texts
[04:43:12] INFO: After text-merge: labeled trials = 4476, unlabeled trials = 56
[04:43:12] INFO: Final merged trial-level dataset size: 0
[04:43:12] INFO: Subjects: []
[04:43:12] INFO: Label counts: {}
[04:43:12] INFO: Extracting frozen CET-MAE features from raw EEG token features using checkpoint encoder.
[04:43:16] INFO: Checkpoint loaded from ../checkpoints/cet_mae/cet_mae_transfer3_a100_80gb_best.pt
[04:43:16] INFO: Missing keys count: 0
[04:43:16] INFO: Unexpected keys count: 0
[04:45:41] INFO: Starting A1 frozen sentiment probe (trial-level, text-joined)
[04:45:41] INFO: {
  "embeddings_npz": "exports/embeddings_SR_pretrained_unlabeled/embeddings.npz",
  "labels_csv": "labels/sentiment_labels_task1.csv",
  "checkpoint": "../checkpoints/cet_mae/cet_mae_transfer3_a100_80gb_best.pt",
  "output_dir": "results/A1_frozen_probe_sentiment",
  "epochs": 50,
  "lr": 0.001,
  "weight_decay": 0.0001,
  "batch_size": 64,
  "feature_batch_size": 16,
  "num_workers": 0,
  "val_ratio": 0.15,
  "seed": 42,
  "log_every": 10,
  "device": "cuda",
  "bart_path": "facebook/bart-large",
  "head_type": "linear",
  "freeze_encoder": true,
  "sentence_col": "sentence",
  "label_col": "sentiment_label",
  "subject_col": null,
  "binary": false,
  "input_is_pooled": false,
  "input_is_token_hidden": false
}
[04:45:41] INFO: Using device: cuda
[04:45:41] INFO: NPZ keys found: ['input_embeddings', 'normalized_input_embeddings', 'input_attn_mask', 'input_attn_mask_invert', 'seq_len', 'target_string', 'subject_id', 'sentence_index', 'task_name', 'source_file']
[04:45:43] INFO: Loaded EEG/features array from key 'normalized_input_embeddings' with shape (4532, 58, 840)
[04:45:43] INFO: Loaded attention mask shape: (4532, 58)
[04:45:43] INFO: Subject IDs present: True
[04:45:43] INFO: Text key: target_string; unique texts: 400
[04:45:43] INFO: Loaded labels CSV with shape (400, 4) from labels/sentiment_labels_task1.csv
[04:45:43] INFO: CSV columns: ['sentence_id', 'sentence', 'control', 'sentiment_label']
[04:45:43] INFO: Labels DataFrame after cleaning: 395 rows, 395 unique texts
[04:45:43] INFO: After text-merge: labeled trials = 4476, unlabeled trials = 56
[04:45:43] INFO: Final merged trial-level dataset size: 0
[04:45:43] INFO: Subjects: []
[04:45:43] INFO: Label counts: {}
[04:45:43] INFO: Extracting frozen CET-MAE features from raw EEG token features using checkpoint encoder.
[04:45:48] INFO: Checkpoint loaded from ../checkpoints/cet_mae/cet_mae_transfer3_a100_80gb_best.pt
[04:45:48] INFO: Missing keys count: 0
[04:45:48] INFO: Unexpected keys count: 0
[04:48:18] INFO: Starting A1 frozen sentiment probe (trial-level, text-joined)
[04:48:18] INFO: {
  "embeddings_npz": "exports/embeddings_SR_pretrained_unlabeled/embeddings.npz",
  "labels_csv": "labels/sentiment_labels_task1.csv",
  "checkpoint": "../checkpoints/cet_mae/cet_mae_transfer3_a100_80gb_best.pt",
  "output_dir": "results/A1_frozen_probe_sentiment",
  "epochs": 50,
  "lr": 0.001,
  "weight_decay": 0.0001,
  "batch_size": 64,
  "feature_batch_size": 16,
  "num_workers": 0,
  "val_ratio": 0.15,
  "seed": 42,
  "log_every": 10,
  "device": "cuda",
  "bart_path": "facebook/bart-large",
  "head_type": "linear",
  "freeze_encoder": true,
  "sentence_col": "sentence",
  "label_col": "sentiment_label",
  "subject_col": null,
  "binary": false,
  "input_is_pooled": false,
  "input_is_token_hidden": false
}
[04:48:18] INFO: Using device: cuda
[04:48:18] INFO: NPZ keys found: ['input_embeddings', 'normalized_input_embeddings', 'input_attn_mask', 'input_attn_mask_invert', 'seq_len', 'target_string', 'subject_id', 'sentence_index', 'task_name', 'source_file']
[04:48:20] INFO: Loaded EEG/features array from key 'normalized_input_embeddings' with shape (4532, 58, 840)
[04:48:20] INFO: Loaded attention mask shape: (4532, 58)
[04:48:20] INFO: Subject IDs present: True
[04:48:20] INFO: Text key: target_string; unique texts: 400
[04:48:20] INFO: Loaded labels CSV with shape (400, 4) from labels/sentiment_labels_task1.csv
[04:48:20] INFO: CSV columns: ['sentence_id', 'sentence', 'control', 'sentiment_label']
[04:48:20] INFO: Labels DataFrame after cleaning: 395 rows, 395 unique texts
[04:48:20] INFO: After text-merge: labeled trials = 4476, unlabeled trials = 56
[04:48:20] INFO: Final merged trial-level dataset size: 0
[04:48:20] INFO: Subjects: []
[04:48:20] INFO: Label counts: {}
[04:48:20] INFO: Extracting frozen CET-MAE features from raw EEG token features using checkpoint encoder.
[04:48:25] INFO: Checkpoint loaded from ../checkpoints/cet_mae/cet_mae_transfer3_a100_80gb_best.pt
[04:48:25] INFO: Missing keys count: 0
[04:48:25] INFO: Unexpected keys count: 0
[04:56:55] INFO: Starting A1 frozen sentiment probe (trial-level, text-joined)
[04:56:55] INFO: {
  "embeddings_npz": "exports/embeddings_SR_pretrained_unlabeled/embeddings.npz",
  "labels_csv": "labels/sentiment_labels_task1.csv",
  "checkpoint": "../checkpoints/cet_mae/cet_mae_transfer3_a100_80gb_best.pt",
  "output_dir": "results/A1_frozen_probe_sentiment",
  "epochs": 50,
  "lr": 0.001,
  "weight_decay": 0.0001,
  "batch_size": 64,
  "feature_batch_size": 16,
  "num_workers": 0,
  "val_ratio": 0.15,
  "seed": 42,
  "log_every": 10,
  "device": "cuda",
  "bart_path": "facebook/bart-large",
  "head_type": "linear",
  "freeze_encoder": true,
  "sentence_col": "sentence",
  "label_col": "sentiment_label",
  "subject_col": null,
  "binary": false,
  "input_is_pooled": false,
  "input_is_token_hidden": false
}
[04:56:55] INFO: Using device: cuda
[04:56:55] INFO: NPZ keys found: ['input_embeddings', 'normalized_input_embeddings', 'input_attn_mask', 'input_attn_mask_invert', 'seq_len', 'target_string', 'subject_id', 'sentence_index', 'task_name', 'source_file']
[04:56:57] INFO: Loaded EEG/features array from key 'normalized_input_embeddings' with shape (4532, 58, 840)
[04:56:57] INFO: Loaded attention mask shape: (4532, 58)
[04:56:57] INFO: Subject IDs present: True
[04:56:57] INFO: Text key: target_string; unique texts: 400
[04:56:57] INFO: Loaded labels CSV with shape (400, 4) from labels/sentiment_labels_task1.csv
[04:56:57] INFO: CSV columns: ['sentence_id', 'sentence', 'control', 'sentiment_label']
[04:56:57] INFO: Labels DataFrame after cleaning: 395 rows, 395 unique texts
[04:56:57] INFO: Unique sentiment_raw values in labels: ['negative', 'neutral', 'positive']
[04:56:57] INFO: After text-merge: labeled trials = 4476, unlabeled trials = 56
[04:56:57] INFO: Unique sentiment_raw values before label mapping: ['negative', 'neutral', 'positive']
[04:56:57] INFO: Final merged trial-level dataset size: 4476
[04:56:57] INFO: Subjects: ['ZAB', 'ZDM', 'ZDN', 'ZGW', 'ZJM', 'ZJN', 'ZJS', 'ZKB', 'ZKH', 'ZKW', 'ZMG', 'ZPH']
[04:56:57] INFO: Label counts: {'positive': 1582, 'neutral': 1549, 'negative': 1345}
[04:56:57] INFO: Extracting frozen CET-MAE features from raw EEG token features using checkpoint encoder.
[04:57:02] INFO: Checkpoint loaded from ../checkpoints/cet_mae/cet_mae_transfer3_a100_80gb_best.pt
[04:57:02] INFO: Missing keys count: 0
[04:57:02] INFO: Unexpected keys count: 0
[04:57:04] INFO: Saved pooled features to results/A1_frozen_probe_sentiment/pooled_features.npy with shape (4476, 1024)
[04:57:04] INFO: Running leave-one-subject-out CV over 12 subjects.
[04:57:04] INFO: ========================================================================================
[04:57:04] INFO: Fold 1/12 | held-out subject: ZAB
[04:57:04] INFO: Train size: 3475 | Val size: 614 | Test size: 387
[04:57:04] INFO: Train label counts: {np.int64(0): np.int64(1044), np.int64(1): np.int64(1204), np.int64(2): np.int64(1227)}
[04:57:04] INFO: Val label counts: {np.int64(0): np.int64(184), np.int64(1): np.int64(213), np.int64(2): np.int64(217)}
[04:57:04] INFO: Test label counts: {np.int64(0): np.int64(117), np.int64(1): np.int64(132), np.int64(2): np.int64(138)}
[04:57:04] INFO: [Fold 1 | Epoch 001] train_loss=1.1406 train_acc=0.3332 train_f1=0.3269 | val_loss=1.1256 val_acc=0.3257 val_f1=0.3213
[04:57:04] INFO: New best model at epoch 1 with val_macro_f1=0.3213
[04:57:04] INFO: [Fold 1 | Epoch 002] train_loss=1.1205 train_acc=0.3476 train_f1=0.3365 | val_loss=1.1723 val_acc=0.3453 val_f1=0.2463
[04:57:05] INFO: [Fold 1 | Epoch 003] train_loss=1.1147 train_acc=0.3629 train_f1=0.3543 | val_loss=1.1430 val_acc=0.3143 val_f1=0.2625
[04:57:05] INFO: [Fold 1 | Epoch 004] train_loss=1.1187 train_acc=0.3623 train_f1=0.3486 | val_loss=1.1625 val_acc=0.3257 val_f1=0.2508
[04:57:05] INFO: [Fold 1 | Epoch 005] train_loss=1.1197 train_acc=0.3617 train_f1=0.3561 | val_loss=1.1244 val_acc=0.3436 val_f1=0.3423
[04:57:05] INFO: New best model at epoch 5 with val_macro_f1=0.3423
[04:57:05] INFO: [Fold 1 | Epoch 006] train_loss=1.1138 train_acc=0.3776 train_f1=0.3716 | val_loss=1.1511 val_acc=0.3339 val_f1=0.2743
[04:57:05] INFO: [Fold 1 | Epoch 007] train_loss=1.1218 train_acc=0.3701 train_f1=0.3600 | val_loss=1.1346 val_acc=0.3550 val_f1=0.2969
[04:57:05] INFO: [Fold 1 | Epoch 008] train_loss=1.1146 train_acc=0.3715 train_f1=0.3644 | val_loss=1.1639 val_acc=0.3567 val_f1=0.3082
[04:57:05] INFO: [Fold 1 | Epoch 009] train_loss=1.1087 train_acc=0.3649 train_f1=0.3487 | val_loss=1.1314 val_acc=0.3502 val_f1=0.2904
[04:57:05] INFO: [Fold 1 | Epoch 010] train_loss=1.1099 train_acc=0.3778 train_f1=0.3693 | val_loss=1.1465 val_acc=0.3404 val_f1=0.2544
[04:57:05] INFO: [Fold 1 | Epoch 011] train_loss=1.0932 train_acc=0.3974 train_f1=0.3871 | val_loss=1.1449 val_acc=0.3599 val_f1=0.3077
[04:57:05] INFO: [Fold 1 | Epoch 012] train_loss=1.1136 train_acc=0.3695 train_f1=0.3594 | val_loss=1.1255 val_acc=0.3371 val_f1=0.3296
[04:57:05] INFO: [Fold 1 | Epoch 013] train_loss=1.0905 train_acc=0.3954 train_f1=0.3873 | val_loss=1.1544 val_acc=0.3274 val_f1=0.2364
[04:57:05] INFO: [Fold 1 | Epoch 014] train_loss=1.0972 train_acc=0.4078 train_f1=0.3957 | val_loss=1.1461 val_acc=0.3485 val_f1=0.3486
[04:57:05] INFO: New best model at epoch 14 with val_macro_f1=0.3486
[04:57:05] INFO: [Fold 1 | Epoch 015] train_loss=1.0914 train_acc=0.4055 train_f1=0.3968 | val_loss=1.1279 val_acc=0.3730 val_f1=0.2911
[04:57:05] INFO: [Fold 1 | Epoch 016] train_loss=1.0940 train_acc=0.3968 train_f1=0.3868 | val_loss=1.1200 val_acc=0.3648 val_f1=0.3534
[04:57:05] INFO: New best model at epoch 16 with val_macro_f1=0.3534
[04:57:06] INFO: [Fold 1 | Epoch 017] train_loss=1.0867 train_acc=0.4035 train_f1=0.3959 | val_loss=1.1416 val_acc=0.3550 val_f1=0.3418
[04:57:06] INFO: [Fold 1 | Epoch 018] train_loss=1.0939 train_acc=0.4014 train_f1=0.3971 | val_loss=1.1377 val_acc=0.3550 val_f1=0.2948
[04:57:06] INFO: [Fold 1 | Epoch 019] train_loss=1.0923 train_acc=0.4075 train_f1=0.3960 | val_loss=1.1437 val_acc=0.3208 val_f1=0.3195
[04:57:06] INFO: [Fold 1 | Epoch 020] train_loss=1.0865 train_acc=0.4101 train_f1=0.4013 | val_loss=1.1258 val_acc=0.3616 val_f1=0.3397
[04:57:06] INFO: [Fold 1 | Epoch 021] train_loss=1.0955 train_acc=0.4035 train_f1=0.3953 | val_loss=1.1491 val_acc=0.3583 val_f1=0.2921
[04:57:06] INFO: [Fold 1 | Epoch 022] train_loss=1.0898 train_acc=0.3925 train_f1=0.3861 | val_loss=1.1297 val_acc=0.3518 val_f1=0.3433
[04:57:06] INFO: [Fold 1 | Epoch 023] train_loss=1.0791 train_acc=0.4224 train_f1=0.4139 | val_loss=1.1261 val_acc=0.3697 val_f1=0.3253
[04:57:06] INFO: [Fold 1 | Epoch 024] train_loss=1.0737 train_acc=0.4170 train_f1=0.4036 | val_loss=1.1754 val_acc=0.3208 val_f1=0.2899
[04:57:06] INFO: [Fold 1 | Epoch 025] train_loss=1.0801 train_acc=0.4121 train_f1=0.4013 | val_loss=1.1406 val_acc=0.3632 val_f1=0.3072
[04:57:06] INFO: [Fold 1 | Epoch 026] train_loss=1.0808 train_acc=0.4239 train_f1=0.4136 | val_loss=1.1770 val_acc=0.3127 val_f1=0.2921
[04:57:06] INFO: [Fold 1 | Epoch 027] train_loss=1.0946 train_acc=0.4095 train_f1=0.4056 | val_loss=1.1467 val_acc=0.3599 val_f1=0.2852
[04:57:06] INFO: [Fold 1 | Epoch 028] train_loss=1.0887 train_acc=0.4109 train_f1=0.4035 | val_loss=1.1434 val_acc=0.3567 val_f1=0.3327
[04:57:06] INFO: [Fold 1 | Epoch 029] train_loss=1.0789 train_acc=0.4184 train_f1=0.4108 | val_loss=1.1401 val_acc=0.3339 val_f1=0.3040
[04:57:06] INFO: [Fold 1 | Epoch 030] train_loss=1.0790 train_acc=0.4141 train_f1=0.4040 | val_loss=1.1574 val_acc=0.3436 val_f1=0.3293
[04:57:07] INFO: [Fold 1 | Epoch 031] train_loss=1.0766 train_acc=0.4219 train_f1=0.4134 | val_loss=1.1196 val_acc=0.3550 val_f1=0.3361
[04:57:07] INFO: [Fold 1 | Epoch 032] train_loss=1.0832 train_acc=0.4109 train_f1=0.4015 | val_loss=1.1439 val_acc=0.3599 val_f1=0.3267
[04:57:07] INFO: [Fold 1 | Epoch 033] train_loss=1.0668 train_acc=0.4296 train_f1=0.4170 | val_loss=1.1831 val_acc=0.3339 val_f1=0.2983
[04:57:07] INFO: [Fold 1 | Epoch 034] train_loss=1.0755 train_acc=0.4259 train_f1=0.4169 | val_loss=1.1642 val_acc=0.3404 val_f1=0.3352
[04:57:07] INFO: [Fold 1 | Epoch 035] train_loss=1.0650 train_acc=0.4247 train_f1=0.4170 | val_loss=1.1674 val_acc=0.3355 val_f1=0.2369
[04:57:07] INFO: [Fold 1 | Epoch 036] train_loss=1.0703 train_acc=0.4204 train_f1=0.4131 | val_loss=1.1691 val_acc=0.3453 val_f1=0.3002
[04:57:07] INFO: [Fold 1 | Epoch 037] train_loss=1.0657 train_acc=0.4334 train_f1=0.4221 | val_loss=1.1444 val_acc=0.3616 val_f1=0.3550
[04:57:07] INFO: New best model at epoch 37 with val_macro_f1=0.3550
[04:57:07] INFO: [Fold 1 | Epoch 038] train_loss=1.0770 train_acc=0.4118 train_f1=0.4014 | val_loss=1.1716 val_acc=0.3388 val_f1=0.3185
[04:57:07] INFO: [Fold 1 | Epoch 039] train_loss=1.0725 train_acc=0.4250 train_f1=0.4173 | val_loss=1.1649 val_acc=0.3697 val_f1=0.3434
[04:57:07] INFO: [Fold 1 | Epoch 040] train_loss=1.0757 train_acc=0.4207 train_f1=0.4141 | val_loss=1.1444 val_acc=0.3453 val_f1=0.3406
[04:57:07] INFO: [Fold 1 | Epoch 041] train_loss=1.0754 train_acc=0.4213 train_f1=0.4131 | val_loss=1.1453 val_acc=0.3534 val_f1=0.3532
[04:57:07] INFO: [Fold 1 | Epoch 042] train_loss=1.0752 train_acc=0.4167 train_f1=0.4056 | val_loss=1.1582 val_acc=0.3274 val_f1=0.3109
[04:57:07] INFO: [Fold 1 | Epoch 043] train_loss=1.0707 train_acc=0.4271 train_f1=0.4211 | val_loss=1.1305 val_acc=0.3827 val_f1=0.3745
[04:57:07] INFO: New best model at epoch 43 with val_macro_f1=0.3745
[04:57:07] INFO: [Fold 1 | Epoch 044] train_loss=1.0644 train_acc=0.4279 train_f1=0.4187 | val_loss=1.1562 val_acc=0.3583 val_f1=0.3286
[04:57:08] INFO: [Fold 1 | Epoch 045] train_loss=1.0770 train_acc=0.4285 train_f1=0.4216 | val_loss=1.1915 val_acc=0.3355 val_f1=0.2691
[04:57:08] INFO: [Fold 1 | Epoch 046] train_loss=1.0674 train_acc=0.4302 train_f1=0.4237 | val_loss=1.1594 val_acc=0.3469 val_f1=0.2716
[04:57:08] INFO: [Fold 1 | Epoch 047] train_loss=1.0550 train_acc=0.4469 train_f1=0.4347 | val_loss=1.1479 val_acc=0.3388 val_f1=0.3329
[04:57:08] INFO: [Fold 1 | Epoch 048] train_loss=1.0650 train_acc=0.4368 train_f1=0.4279 | val_loss=1.1714 val_acc=0.3208 val_f1=0.2948
[04:57:08] INFO: [Fold 1 | Epoch 049] train_loss=1.0693 train_acc=0.4276 train_f1=0.4219 | val_loss=1.1608 val_acc=0.3225 val_f1=0.3083
[04:57:08] INFO: [Fold 1 | Epoch 050] train_loss=1.0613 train_acc=0.4345 train_f1=0.4248 | val_loss=1.1405 val_acc=0.3502 val_f1=0.3320
[04:57:08] INFO: [Fold 1 TEST] subject=ZAB acc=0.3488 bal_acc=0.3530 macro_f1=0.2768
[04:57:08] INFO: ========================================================================================
[04:57:08] INFO: Fold 2/12 | held-out subject: ZDM
[04:57:08] INFO: Train size: 3482 | Val size: 615 | Test size: 379
[04:57:08] INFO: Train label counts: {np.int64(0): np.int64(1045), np.int64(1): np.int64(1208), np.int64(2): np.int64(1229)}
[04:57:08] INFO: Val label counts: {np.int64(0): np.int64(185), np.int64(1): np.int64(213), np.int64(2): np.int64(217)}
[04:57:08] INFO: Test label counts: {np.int64(0): np.int64(115), np.int64(1): np.int64(128), np.int64(2): np.int64(136)}
[04:57:08] INFO: [Fold 2 | Epoch 001] train_loss=1.1604 train_acc=0.3389 train_f1=0.3272 | val_loss=1.1320 val_acc=0.3398 val_f1=0.2467
[04:57:08] INFO: New best model at epoch 1 with val_macro_f1=0.2467
[04:57:09] INFO: [Fold 2 | Epoch 002] train_loss=1.1216 train_acc=0.3455 train_f1=0.3334 | val_loss=1.1267 val_acc=0.3496 val_f1=0.3077
[04:57:09] INFO: New best model at epoch 2 with val_macro_f1=0.3077
[04:57:09] INFO: [Fold 2 | Epoch 003] train_loss=1.1303 train_acc=0.3627 train_f1=0.3560 | val_loss=1.1188 val_acc=0.3659 val_f1=0.3396
[04:57:09] INFO: New best model at epoch 3 with val_macro_f1=0.3396
[04:57:09] INFO: [Fold 2 | Epoch 004] train_loss=1.1107 train_acc=0.3667 train_f1=0.3515 | val_loss=1.1396 val_acc=0.2943 val_f1=0.2904
[04:57:09] INFO: [Fold 2 | Epoch 005] train_loss=1.1164 train_acc=0.3604 train_f1=0.3446 | val_loss=1.1134 val_acc=0.3480 val_f1=0.3022
[04:57:09] INFO: [Fold 2 | Epoch 006] train_loss=1.1210 train_acc=0.3610 train_f1=0.3522 | val_loss=1.1282 val_acc=0.3577 val_f1=0.3155
[04:57:09] INFO: [Fold 2 | Epoch 007] train_loss=1.0958 train_acc=0.3909 train_f1=0.3835 | val_loss=1.1607 val_acc=0.3724 val_f1=0.2992
[04:57:09] INFO: [Fold 2 | Epoch 008] train_loss=1.1129 train_acc=0.3742 train_f1=0.3646 | val_loss=1.1380 val_acc=0.3285 val_f1=0.3260
[04:57:09] INFO: [Fold 2 | Epoch 009] train_loss=1.1065 train_acc=0.3854 train_f1=0.3735 | val_loss=1.1410 val_acc=0.2943 val_f1=0.2911
[04:57:09] INFO: [Fold 2 | Epoch 010] train_loss=1.1043 train_acc=0.3800 train_f1=0.3695 | val_loss=1.1409 val_acc=0.3610 val_f1=0.3530
[04:57:09] INFO: New best model at epoch 10 with val_macro_f1=0.3530
[04:57:09] INFO: [Fold 2 | Epoch 011] train_loss=1.1015 train_acc=0.3920 train_f1=0.3831 | val_loss=1.1645 val_acc=0.3496 val_f1=0.2446
[04:57:09] INFO: [Fold 2 | Epoch 012] train_loss=1.1040 train_acc=0.3889 train_f1=0.3777 | val_loss=1.1498 val_acc=0.3366 val_f1=0.2771
[04:57:09] INFO: [Fold 2 | Epoch 013] train_loss=1.1041 train_acc=0.3923 train_f1=0.3851 | val_loss=1.1467 val_acc=0.3268 val_f1=0.3064
[04:57:09] INFO: [Fold 2 | Epoch 014] train_loss=1.0896 train_acc=0.3929 train_f1=0.3845 | val_loss=1.1620 val_acc=0.3301 val_f1=0.3144
[04:57:09] INFO: [Fold 2 | Epoch 015] train_loss=1.0968 train_acc=0.3912 train_f1=0.3847 | val_loss=1.1449 val_acc=0.3463 val_f1=0.2844
[04:57:10] INFO: [Fold 2 | Epoch 016] train_loss=1.0884 train_acc=0.3957 train_f1=0.3823 | val_loss=1.1578 val_acc=0.3528 val_f1=0.2820
[04:57:10] INFO: [Fold 2 | Epoch 017] train_loss=1.1018 train_acc=0.3788 train_f1=0.3657 | val_loss=1.1568 val_acc=0.3610 val_f1=0.3386
[04:57:10] INFO: [Fold 2 | Epoch 018] train_loss=1.0980 train_acc=0.4075 train_f1=0.4016 | val_loss=1.1404 val_acc=0.3415 val_f1=0.3355
[04:57:10] INFO: [Fold 2 | Epoch 019] train_loss=1.0928 train_acc=0.4061 train_f1=0.3957 | val_loss=1.1314 val_acc=0.3740 val_f1=0.3549
[04:57:10] INFO: New best model at epoch 19 with val_macro_f1=0.3549
[04:57:10] INFO: [Fold 2 | Epoch 020] train_loss=1.0882 train_acc=0.3957 train_f1=0.3887 | val_loss=1.1634 val_acc=0.3642 val_f1=0.3100
[04:57:10] INFO: [Fold 2 | Epoch 021] train_loss=1.0824 train_acc=0.4041 train_f1=0.3934 | val_loss=1.1512 val_acc=0.3317 val_f1=0.3281
[04:57:10] INFO: [Fold 2 | Epoch 022] train_loss=1.0857 train_acc=0.4012 train_f1=0.3910 | val_loss=1.1375 val_acc=0.3431 val_f1=0.2731
[04:57:10] INFO: [Fold 2 | Epoch 023] train_loss=1.0941 train_acc=0.3943 train_f1=0.3831 | val_loss=1.1247 val_acc=0.3707 val_f1=0.3492
[04:57:10] INFO: [Fold 2 | Epoch 024] train_loss=1.0905 train_acc=0.4041 train_f1=0.3981 | val_loss=1.1480 val_acc=0.3317 val_f1=0.2888
[04:57:10] INFO: [Fold 2 | Epoch 025] train_loss=1.0956 train_acc=0.3995 train_f1=0.3951 | val_loss=1.1604 val_acc=0.3220 val_f1=0.2902
[04:57:10] INFO: [Fold 2 | Epoch 026] train_loss=1.0903 train_acc=0.4110 train_f1=0.4026 | val_loss=1.1876 val_acc=0.3642 val_f1=0.2801
[04:57:10] INFO: [Fold 2 | Epoch 027] train_loss=1.0890 train_acc=0.4144 train_f1=0.4045 | val_loss=1.1330 val_acc=0.3545 val_f1=0.3318
[04:57:10] INFO: [Fold 2 | Epoch 028] train_loss=1.0818 train_acc=0.4055 train_f1=0.3967 | val_loss=1.1290 val_acc=0.3642 val_f1=0.3579
[04:57:10] INFO: New best model at epoch 28 with val_macro_f1=0.3579
[04:57:10] INFO: [Fold 2 | Epoch 029] train_loss=1.0774 train_acc=0.4222 train_f1=0.4142 | val_loss=1.1242 val_acc=0.3642 val_f1=0.3622
[04:57:10] INFO: New best model at epoch 29 with val_macro_f1=0.3622
[04:57:10] INFO: [Fold 2 | Epoch 030] train_loss=1.0691 train_acc=0.4196 train_f1=0.4118 | val_loss=1.1387 val_acc=0.3528 val_f1=0.3467
[04:57:11] INFO: [Fold 2 | Epoch 031] train_loss=1.0747 train_acc=0.4184 train_f1=0.4066 | val_loss=1.1669 val_acc=0.3154 val_f1=0.3063
[04:57:11] INFO: [Fold 2 | Epoch 032] train_loss=1.0955 train_acc=0.3978 train_f1=0.3929 | val_loss=1.1421 val_acc=0.3220 val_f1=0.3180
[04:57:11] INFO: [Fold 2 | Epoch 033] train_loss=1.0821 train_acc=0.4104 train_f1=0.4033 | val_loss=1.1414 val_acc=0.3626 val_f1=0.3584
[04:57:11] INFO: [Fold 2 | Epoch 034] train_loss=1.0770 train_acc=0.4141 train_f1=0.4065 | val_loss=1.1292 val_acc=0.3626 val_f1=0.3534
[04:57:11] INFO: [Fold 2 | Epoch 035] train_loss=1.0694 train_acc=0.4354 train_f1=0.4285 | val_loss=1.1579 val_acc=0.3431 val_f1=0.3119
[04:57:11] INFO: [Fold 2 | Epoch 036] train_loss=1.0719 train_acc=0.4239 train_f1=0.4155 | val_loss=1.1313 val_acc=0.3610 val_f1=0.3509
[04:57:11] INFO: [Fold 2 | Epoch 037] train_loss=1.0850 train_acc=0.4113 train_f1=0.4086 | val_loss=1.1408 val_acc=0.3431 val_f1=0.3350
[04:57:11] INFO: [Fold 2 | Epoch 038] train_loss=1.0714 train_acc=0.4248 train_f1=0.4172 | val_loss=1.1543 val_acc=0.3268 val_f1=0.3253
[04:57:11] INFO: [Fold 2 | Epoch 039] train_loss=1.0952 train_acc=0.4101 train_f1=0.4049 | val_loss=1.1795 val_acc=0.3545 val_f1=0.2976
[04:57:11] INFO: [Fold 2 | Epoch 040] train_loss=1.0715 train_acc=0.4173 train_f1=0.4106 | val_loss=1.1402 val_acc=0.3561 val_f1=0.3558
[04:57:11] INFO: [Fold 2 | Epoch 041] train_loss=1.0838 train_acc=0.4202 train_f1=0.4118 | val_loss=1.1601 val_acc=0.3691 val_f1=0.2949
[04:57:11] INFO: [Fold 2 | Epoch 042] train_loss=1.0683 train_acc=0.4230 train_f1=0.4159 | val_loss=1.1526 val_acc=0.3154 val_f1=0.3098
[04:57:11] INFO: [Fold 2 | Epoch 043] train_loss=1.0666 train_acc=0.4262 train_f1=0.4192 | val_loss=1.1579 val_acc=0.3724 val_f1=0.3604
[04:57:11] INFO: [Fold 2 | Epoch 044] train_loss=1.0692 train_acc=0.4299 train_f1=0.4240 | val_loss=1.1524 val_acc=0.3821 val_f1=0.3295
[04:57:12] INFO: [Fold 2 | Epoch 045] train_loss=1.0639 train_acc=0.4311 train_f1=0.4223 | val_loss=1.1346 val_acc=0.3301 val_f1=0.3220
[04:57:12] INFO: [Fold 2 | Epoch 046] train_loss=1.0603 train_acc=0.4305 train_f1=0.4193 | val_loss=1.1304 val_acc=0.3659 val_f1=0.3446
[04:57:12] INFO: [Fold 2 | Epoch 047] train_loss=1.0718 train_acc=0.4202 train_f1=0.4122 | val_loss=1.1516 val_acc=0.3610 val_f1=0.3017
[04:57:12] INFO: [Fold 2 | Epoch 048] train_loss=1.0629 train_acc=0.4357 train_f1=0.4251 | val_loss=1.1735 val_acc=0.3268 val_f1=0.3051
[04:57:12] INFO: [Fold 2 | Epoch 049] train_loss=1.0763 train_acc=0.4391 train_f1=0.4365 | val_loss=1.1994 val_acc=0.3236 val_f1=0.2856
[04:57:12] INFO: [Fold 2 | Epoch 050] train_loss=1.0606 train_acc=0.4388 train_f1=0.4314 | val_loss=1.1452 val_acc=0.3642 val_f1=0.3342
[04:57:12] INFO: [Fold 2 TEST] subject=ZDM acc=0.3694 bal_acc=0.3624 macro_f1=0.3579
[04:57:12] INFO: ========================================================================================
[04:57:12] INFO: Fold 3/12 | held-out subject: ZDN
[04:57:12] INFO: Train size: 3558 | Val size: 629 | Test size: 289
[04:57:12] INFO: Train label counts: {np.int64(0): np.int64(1069), np.int64(1): np.int64(1225), np.int64(2): np.int64(1264)}
[04:57:12] INFO: Val label counts: {np.int64(0): np.int64(189), np.int64(1): np.int64(217), np.int64(2): np.int64(223)}
[04:57:12] INFO: Test label counts: {np.int64(0): np.int64(87), np.int64(1): np.int64(107), np.int64(2): np.int64(95)}
[04:57:12] INFO: [Fold 3 | Epoch 001] train_loss=1.1562 train_acc=0.3283 train_f1=0.3241 | val_loss=1.1390 val_acc=0.3100 val_f1=0.3059
[04:57:12] INFO: New best model at epoch 1 with val_macro_f1=0.3059
[04:57:12] INFO: [Fold 3 | Epoch 002] train_loss=1.1279 train_acc=0.3567 train_f1=0.3461 | val_loss=1.1313 val_acc=0.3450 val_f1=0.2787
[04:57:13] INFO: [Fold 3 | Epoch 003] train_loss=1.1196 train_acc=0.3614 train_f1=0.3541 | val_loss=1.1271 val_acc=0.3609 val_f1=0.3314
[04:57:13] INFO: New best model at epoch 3 with val_macro_f1=0.3314
[04:57:13] INFO: [Fold 3 | Epoch 004] train_loss=1.1151 train_acc=0.3623 train_f1=0.3516 | val_loss=1.1362 val_acc=0.3577 val_f1=0.2756
[04:57:13] INFO: [Fold 3 | Epoch 005] train_loss=1.1031 train_acc=0.3777 train_f1=0.3670 | val_loss=1.1418 val_acc=0.3402 val_f1=0.3096
[04:57:13] INFO: [Fold 3 | Epoch 006] train_loss=1.1079 train_acc=0.3845 train_f1=0.3738 | val_loss=1.1637 val_acc=0.3450 val_f1=0.2966
[04:57:13] INFO: [Fold 3 | Epoch 007] train_loss=1.1103 train_acc=0.3744 train_f1=0.3662 | val_loss=1.1284 val_acc=0.3211 val_f1=0.2979
[04:57:13] INFO: [Fold 3 | Epoch 008] train_loss=1.1079 train_acc=0.3952 train_f1=0.3863 | val_loss=1.1323 val_acc=0.3402 val_f1=0.3183
[04:57:13] INFO: [Fold 3 | Epoch 009] train_loss=1.1043 train_acc=0.3775 train_f1=0.3722 | val_loss=1.1528 val_acc=0.3641 val_f1=0.2754
[04:57:13] INFO: [Fold 3 | Epoch 010] train_loss=1.0960 train_acc=0.3946 train_f1=0.3869 | val_loss=1.1245 val_acc=0.3561 val_f1=0.3514
[04:57:13] INFO: New best model at epoch 10 with val_macro_f1=0.3514
[04:57:13] INFO: [Fold 3 | Epoch 011] train_loss=1.0929 train_acc=0.3825 train_f1=0.3732 | val_loss=1.1466 val_acc=0.3609 val_f1=0.2810
[04:57:13] INFO: [Fold 3 | Epoch 012] train_loss=1.1001 train_acc=0.3870 train_f1=0.3780 | val_loss=1.1392 val_acc=0.3704 val_f1=0.3214
[04:57:13] INFO: [Fold 3 | Epoch 013] train_loss=1.0889 train_acc=0.3952 train_f1=0.3884 | val_loss=1.1495 val_acc=0.3291 val_f1=0.2867
[04:57:13] INFO: [Fold 3 | Epoch 014] train_loss=1.0872 train_acc=0.3974 train_f1=0.3864 | val_loss=1.1358 val_acc=0.3498 val_f1=0.3216
[04:57:13] INFO: [Fold 3 | Epoch 015] train_loss=1.0983 train_acc=0.3966 train_f1=0.3871 | val_loss=1.1372 val_acc=0.3577 val_f1=0.3293
[04:57:14] INFO: [Fold 3 | Epoch 016] train_loss=1.0883 train_acc=0.4053 train_f1=0.3996 | val_loss=1.1339 val_acc=0.3434 val_f1=0.3312
[04:57:14] INFO: [Fold 3 | Epoch 017] train_loss=1.0820 train_acc=0.4047 train_f1=0.3971 | val_loss=1.1663 val_acc=0.3514 val_f1=0.3009
[04:57:14] INFO: [Fold 3 | Epoch 018] train_loss=1.0854 train_acc=0.4053 train_f1=0.3953 | val_loss=1.1859 val_acc=0.3736 val_f1=0.2969
[04:57:14] INFO: [Fold 3 | Epoch 019] train_loss=1.0858 train_acc=0.4067 train_f1=0.3956 | val_loss=1.1394 val_acc=0.3402 val_f1=0.3202
[04:57:14] INFO: [Fold 3 | Epoch 020] train_loss=1.0789 train_acc=0.4179 train_f1=0.4087 | val_loss=1.1350 val_acc=0.3688 val_f1=0.3148
[04:57:14] INFO: [Fold 3 | Epoch 021] train_loss=1.0837 train_acc=0.4028 train_f1=0.3943 | val_loss=1.1389 val_acc=0.3498 val_f1=0.3054
[04:57:14] INFO: [Fold 3 | Epoch 022] train_loss=1.0915 train_acc=0.4151 train_f1=0.4051 | val_loss=1.1418 val_acc=0.3625 val_f1=0.2904
[04:57:14] INFO: [Fold 3 | Epoch 023] train_loss=1.0761 train_acc=0.4236 train_f1=0.4127 | val_loss=1.1416 val_acc=0.3816 val_f1=0.3330
[04:57:14] INFO: [Fold 3 | Epoch 024] train_loss=1.0727 train_acc=0.4250 train_f1=0.4186 | val_loss=1.1343 val_acc=0.3641 val_f1=0.3195
[04:57:14] INFO: [Fold 3 | Epoch 025] train_loss=1.0787 train_acc=0.4179 train_f1=0.4099 | val_loss=1.1561 val_acc=0.3291 val_f1=0.3055
[04:57:14] INFO: [Fold 3 | Epoch 026] train_loss=1.0719 train_acc=0.4359 train_f1=0.4271 | val_loss=1.1434 val_acc=0.3259 val_f1=0.3114
[04:57:14] INFO: [Fold 3 | Epoch 027] train_loss=1.0762 train_acc=0.4185 train_f1=0.4115 | val_loss=1.1437 val_acc=0.3577 val_f1=0.3365
[04:57:14] INFO: [Fold 3 | Epoch 028] train_loss=1.0812 train_acc=0.4140 train_f1=0.4066 | val_loss=1.1783 val_acc=0.3275 val_f1=0.2541
[04:57:14] INFO: [Fold 3 | Epoch 029] train_loss=1.0766 train_acc=0.4252 train_f1=0.4192 | val_loss=1.1601 val_acc=0.3434 val_f1=0.2837
[04:57:15] INFO: [Fold 3 | Epoch 030] train_loss=1.0855 train_acc=0.4028 train_f1=0.3940 | val_loss=1.1868 val_acc=0.3418 val_f1=0.2660
[04:57:15] INFO: [Fold 3 | Epoch 031] train_loss=1.0921 train_acc=0.4075 train_f1=0.4003 | val_loss=1.1599 val_acc=0.3339 val_f1=0.3126
[04:57:15] INFO: [Fold 3 | Epoch 032] train_loss=1.0707 train_acc=0.4188 train_f1=0.4076 | val_loss=1.1551 val_acc=0.3339 val_f1=0.3255
[04:57:15] INFO: [Fold 3 | Epoch 033] train_loss=1.0852 train_acc=0.4165 train_f1=0.4095 | val_loss=1.1572 val_acc=0.3704 val_f1=0.3144
[04:57:15] INFO: [Fold 3 | Epoch 034] train_loss=1.0768 train_acc=0.4177 train_f1=0.4129 | val_loss=1.1458 val_acc=0.3561 val_f1=0.3033
[04:57:15] INFO: [Fold 3 | Epoch 035] train_loss=1.0655 train_acc=0.4227 train_f1=0.4138 | val_loss=1.1817 val_acc=0.3243 val_f1=0.3072
[04:57:15] INFO: [Fold 3 | Epoch 036] train_loss=1.0705 train_acc=0.4191 train_f1=0.4135 | val_loss=1.1769 val_acc=0.3418 val_f1=0.2961
[04:57:15] INFO: [Fold 3 | Epoch 037] train_loss=1.0753 train_acc=0.4255 train_f1=0.4200 | val_loss=1.2242 val_acc=0.3386 val_f1=0.2590
[04:57:15] INFO: [Fold 3 | Epoch 038] train_loss=1.0779 train_acc=0.4129 train_f1=0.4051 | val_loss=1.1664 val_acc=0.3450 val_f1=0.3348
[04:57:15] INFO: [Fold 3 | Epoch 039] train_loss=1.0675 train_acc=0.4297 train_f1=0.4222 | val_loss=1.1566 val_acc=0.3641 val_f1=0.2827
[04:57:15] INFO: [Fold 3 | Epoch 040] train_loss=1.0729 train_acc=0.4261 train_f1=0.4179 | val_loss=1.1808 val_acc=0.3259 val_f1=0.2914
[04:57:15] INFO: [Fold 3 | Epoch 041] train_loss=1.0714 train_acc=0.4314 train_f1=0.4235 | val_loss=1.1552 val_acc=0.3450 val_f1=0.3422
[04:57:15] INFO: [Fold 3 | Epoch 042] train_loss=1.0784 train_acc=0.4258 train_f1=0.4194 | val_loss=1.1484 val_acc=0.3450 val_f1=0.3308
[04:57:16] INFO: [Fold 3 | Epoch 043] train_loss=1.0584 train_acc=0.4432 train_f1=0.4346 | val_loss=1.1560 val_acc=0.3672 val_f1=0.3054
[04:57:16] INFO: [Fold 3 | Epoch 044] train_loss=1.0639 train_acc=0.4345 train_f1=0.4282 | val_loss=1.1615 val_acc=0.3498 val_f1=0.3421
[04:57:16] INFO: [Fold 3 | Epoch 045] train_loss=1.0559 train_acc=0.4399 train_f1=0.4319 | val_loss=1.1654 val_acc=0.3577 val_f1=0.3035
[04:57:16] INFO: [Fold 3 | Epoch 046] train_loss=1.0591 train_acc=0.4438 train_f1=0.4368 | val_loss=1.1323 val_acc=0.3577 val_f1=0.3455
[04:57:16] INFO: [Fold 3 | Epoch 047] train_loss=1.0549 train_acc=0.4460 train_f1=0.4393 | val_loss=1.1714 val_acc=0.3180 val_f1=0.3183
[04:57:16] INFO: [Fold 3 | Epoch 048] train_loss=1.0564 train_acc=0.4376 train_f1=0.4323 | val_loss=1.1963 val_acc=0.3736 val_f1=0.3076
[04:57:16] INFO: [Fold 3 | Epoch 049] train_loss=1.0637 train_acc=0.4297 train_f1=0.4208 | val_loss=1.1614 val_acc=0.3498 val_f1=0.3111
[04:57:16] INFO: [Fold 3 | Epoch 050] train_loss=1.0625 train_acc=0.4446 train_f1=0.4406 | val_loss=1.1753 val_acc=0.3402 val_f1=0.3092
[04:57:16] INFO: [Fold 3 TEST] subject=ZDN acc=0.3633 bal_acc=0.3271 macro_f1=0.1777
[04:57:16] INFO: ========================================================================================
[04:57:16] INFO: Fold 4/12 | held-out subject: ZGW
[04:57:16] INFO: Train size: 3490 | Val size: 616 | Test size: 370
[04:57:16] INFO: Train label counts: {np.int64(0): np.int64(1046), np.int64(1): np.int64(1209), np.int64(2): np.int64(1235)}
[04:57:16] INFO: Val label counts: {np.int64(0): np.int64(185), np.int64(1): np.int64(213), np.int64(2): np.int64(218)}
[04:57:16] INFO: Test label counts: {np.int64(0): np.int64(114), np.int64(1): np.int64(127), np.int64(2): np.int64(129)}
[04:57:17] INFO: [Fold 4 | Epoch 001] train_loss=1.1468 train_acc=0.3309 train_f1=0.3231 | val_loss=1.1509 val_acc=0.3377 val_f1=0.2652
[04:57:17] INFO: New best model at epoch 1 with val_macro_f1=0.2652
[04:57:17] INFO: [Fold 4 | Epoch 002] train_loss=1.1174 train_acc=0.3573 train_f1=0.3481 | val_loss=1.1290 val_acc=0.3506 val_f1=0.2884
[04:57:17] INFO: New best model at epoch 2 with val_macro_f1=0.2884
[04:57:17] INFO: [Fold 4 | Epoch 003] train_loss=1.1132 train_acc=0.3779 train_f1=0.3697 | val_loss=1.1292 val_acc=0.3377 val_f1=0.3264
[04:57:17] INFO: New best model at epoch 3 with val_macro_f1=0.3264
[04:57:17] INFO: [Fold 4 | Epoch 004] train_loss=1.1194 train_acc=0.3693 train_f1=0.3579 | val_loss=1.1841 val_acc=0.3263 val_f1=0.2164
[04:57:17] INFO: [Fold 4 | Epoch 005] train_loss=1.1177 train_acc=0.3762 train_f1=0.3696 | val_loss=1.1400 val_acc=0.3539 val_f1=0.3529
[04:57:17] INFO: New best model at epoch 5 with val_macro_f1=0.3529
[04:57:17] INFO: [Fold 4 | Epoch 006] train_loss=1.1005 train_acc=0.3917 train_f1=0.3828 | val_loss=1.1397 val_acc=0.3490 val_f1=0.2984
[04:57:17] INFO: [Fold 4 | Epoch 007] train_loss=1.0892 train_acc=0.3954 train_f1=0.3854 | val_loss=1.1402 val_acc=0.3393 val_f1=0.2750
[04:57:17] INFO: [Fold 4 | Epoch 008] train_loss=1.1019 train_acc=0.3728 train_f1=0.3625 | val_loss=1.1477 val_acc=0.3523 val_f1=0.2794
[04:57:17] INFO: [Fold 4 | Epoch 009] train_loss=1.1148 train_acc=0.3762 train_f1=0.3729 | val_loss=1.1507 val_acc=0.3669 val_f1=0.3310
[04:57:17] INFO: [Fold 4 | Epoch 010] train_loss=1.0941 train_acc=0.3943 train_f1=0.3845 | val_loss=1.1356 val_acc=0.3295 val_f1=0.3248
[04:57:17] INFO: [Fold 4 | Epoch 011] train_loss=1.0931 train_acc=0.3914 train_f1=0.3862 | val_loss=1.1498 val_acc=0.3555 val_f1=0.3261
[04:57:17] INFO: [Fold 4 | Epoch 012] train_loss=1.1020 train_acc=0.3963 train_f1=0.3881 | val_loss=1.1508 val_acc=0.3669 val_f1=0.3344
[04:57:17] INFO: [Fold 4 | Epoch 013] train_loss=1.0905 train_acc=0.4023 train_f1=0.3904 | val_loss=1.1514 val_acc=0.3312 val_f1=0.3280
[04:57:17] INFO: [Fold 4 | Epoch 014] train_loss=1.0925 train_acc=0.3971 train_f1=0.3884 | val_loss=1.1484 val_acc=0.3117 val_f1=0.3042
[04:57:18] INFO: [Fold 4 | Epoch 015] train_loss=1.0896 train_acc=0.4040 train_f1=0.3979 | val_loss=1.1472 val_acc=0.3198 val_f1=0.3043
[04:57:18] INFO: [Fold 4 | Epoch 016] train_loss=1.0847 train_acc=0.4063 train_f1=0.4002 | val_loss=1.1593 val_acc=0.3571 val_f1=0.3153
[04:57:18] INFO: [Fold 4 | Epoch 017] train_loss=1.0904 train_acc=0.4023 train_f1=0.3959 | val_loss=1.1498 val_acc=0.3133 val_f1=0.3051
[04:57:18] INFO: [Fold 4 | Epoch 018] train_loss=1.0849 train_acc=0.4115 train_f1=0.4020 | val_loss=1.1557 val_acc=0.3409 val_f1=0.3298
[04:57:18] INFO: [Fold 4 | Epoch 019] train_loss=1.0857 train_acc=0.4034 train_f1=0.3985 | val_loss=1.1701 val_acc=0.3425 val_f1=0.3106
[04:57:18] INFO: [Fold 4 | Epoch 020] train_loss=1.1033 train_acc=0.4000 train_f1=0.3876 | val_loss=1.1314 val_acc=0.3620 val_f1=0.3619
[04:57:18] INFO: New best model at epoch 20 with val_macro_f1=0.3619
[04:57:18] INFO: [Fold 4 | Epoch 021] train_loss=1.0847 train_acc=0.4037 train_f1=0.3962 | val_loss=1.1604 val_acc=0.3506 val_f1=0.2996
[04:57:18] INFO: [Fold 4 | Epoch 022] train_loss=1.0819 train_acc=0.4189 train_f1=0.4085 | val_loss=1.1920 val_acc=0.2987 val_f1=0.2844
[04:57:18] INFO: [Fold 4 | Epoch 023] train_loss=1.0867 train_acc=0.3989 train_f1=0.3947 | val_loss=1.1784 val_acc=0.3555 val_f1=0.2835
[04:57:18] INFO: [Fold 4 | Epoch 024] train_loss=1.0816 train_acc=0.4169 train_f1=0.4070 | val_loss=1.1562 val_acc=0.3490 val_f1=0.3375
[04:57:18] INFO: [Fold 4 | Epoch 025] train_loss=1.0725 train_acc=0.4246 train_f1=0.4166 | val_loss=1.1593 val_acc=0.3247 val_f1=0.3178
[04:57:18] INFO: [Fold 4 | Epoch 026] train_loss=1.0817 train_acc=0.4238 train_f1=0.4183 | val_loss=1.1756 val_acc=0.3377 val_f1=0.3369
[04:57:18] INFO: [Fold 4 | Epoch 027] train_loss=1.0817 train_acc=0.4132 train_f1=0.4073 | val_loss=1.1730 val_acc=0.3263 val_f1=0.3196
[04:57:18] INFO: [Fold 4 | Epoch 028] train_loss=1.0726 train_acc=0.4215 train_f1=0.4167 | val_loss=1.1792 val_acc=0.3344 val_f1=0.2698
[04:57:19] INFO: [Fold 4 | Epoch 029] train_loss=1.0836 train_acc=0.4181 train_f1=0.4114 | val_loss=1.1728 val_acc=0.3620 val_f1=0.3147
[04:57:19] INFO: [Fold 4 | Epoch 030] train_loss=1.0770 train_acc=0.4140 train_f1=0.4063 | val_loss=1.2108 val_acc=0.2890 val_f1=0.2588
[04:57:19] INFO: [Fold 4 | Epoch 031] train_loss=1.0848 train_acc=0.4215 train_f1=0.4145 | val_loss=1.1772 val_acc=0.3133 val_f1=0.3122
[04:57:19] INFO: [Fold 4 | Epoch 032] train_loss=1.0768 train_acc=0.4295 train_f1=0.4240 | val_loss=1.1588 val_acc=0.3506 val_f1=0.2881
[04:57:19] INFO: [Fold 4 | Epoch 033] train_loss=1.0671 train_acc=0.4298 train_f1=0.4220 | val_loss=1.1547 val_acc=0.3523 val_f1=0.3455
[04:57:19] INFO: [Fold 4 | Epoch 034] train_loss=1.0706 train_acc=0.4198 train_f1=0.4121 | val_loss=1.1432 val_acc=0.3490 val_f1=0.3024
[04:57:19] INFO: [Fold 4 | Epoch 035] train_loss=1.0686 train_acc=0.4252 train_f1=0.4182 | val_loss=1.2237 val_acc=0.2841 val_f1=0.2289
[04:57:19] INFO: [Fold 4 | Epoch 036] train_loss=1.0762 train_acc=0.4244 train_f1=0.4205 | val_loss=1.1539 val_acc=0.3653 val_f1=0.3336
[04:57:19] INFO: [Fold 4 | Epoch 037] train_loss=1.0619 train_acc=0.4304 train_f1=0.4217 | val_loss=1.1986 val_acc=0.3247 val_f1=0.3008
[04:57:19] INFO: [Fold 4 | Epoch 038] train_loss=1.0728 train_acc=0.4292 train_f1=0.4240 | val_loss=1.1633 val_acc=0.3166 val_f1=0.3044
[04:57:19] INFO: [Fold 4 | Epoch 039] train_loss=1.0623 train_acc=0.4295 train_f1=0.4190 | val_loss=1.1555 val_acc=0.3620 val_f1=0.3448
[04:57:19] INFO: [Fold 4 | Epoch 040] train_loss=1.0689 train_acc=0.4327 train_f1=0.4277 | val_loss=1.1801 val_acc=0.3425 val_f1=0.3027
[04:57:19] INFO: [Fold 4 | Epoch 041] train_loss=1.0692 train_acc=0.4295 train_f1=0.4236 | val_loss=1.1698 val_acc=0.3360 val_f1=0.3123
[04:57:19] INFO: [Fold 4 | Epoch 042] train_loss=1.0641 train_acc=0.4335 train_f1=0.4278 | val_loss=1.1985 val_acc=0.3214 val_f1=0.3194
[04:57:19] INFO: [Fold 4 | Epoch 043] train_loss=1.0641 train_acc=0.4321 train_f1=0.4271 | val_loss=1.2071 val_acc=0.3328 val_f1=0.2727
[04:57:20] INFO: [Fold 4 | Epoch 044] train_loss=1.0800 train_acc=0.4261 train_f1=0.4186 | val_loss=1.1647 val_acc=0.3506 val_f1=0.3185
[04:57:20] INFO: [Fold 4 | Epoch 045] train_loss=1.0573 train_acc=0.4401 train_f1=0.4342 | val_loss=1.1527 val_acc=0.3425 val_f1=0.3351
[04:57:20] INFO: [Fold 4 | Epoch 046] train_loss=1.0527 train_acc=0.4470 train_f1=0.4364 | val_loss=1.1636 val_acc=0.3295 val_f1=0.3213
[04:57:20] INFO: [Fold 4 | Epoch 047] train_loss=1.0727 train_acc=0.4238 train_f1=0.4202 | val_loss=1.1878 val_acc=0.3166 val_f1=0.3143
[04:57:20] INFO: [Fold 4 | Epoch 048] train_loss=1.0538 train_acc=0.4496 train_f1=0.4427 | val_loss=1.2034 val_acc=0.3360 val_f1=0.2921
[04:57:20] INFO: [Fold 4 | Epoch 049] train_loss=1.0550 train_acc=0.4401 train_f1=0.4340 | val_loss=1.1805 val_acc=0.3474 val_f1=0.2896
[04:57:20] INFO: [Fold 4 | Epoch 050] train_loss=1.0666 train_acc=0.4335 train_f1=0.4259 | val_loss=1.1963 val_acc=0.3133 val_f1=0.3000
[04:57:20] INFO: [Fold 4 TEST] subject=ZGW acc=0.3703 bal_acc=0.3600 macro_f1=0.3325
[04:57:20] INFO: ========================================================================================
[04:57:20] INFO: Fold 5/12 | held-out subject: ZJM
[04:57:20] INFO: Train size: 3469 | Val size: 613 | Test size: 394
[04:57:20] INFO: Train label counts: {np.int64(0): np.int64(1042), np.int64(1): np.int64(1201), np.int64(2): np.int64(1226)}
[04:57:20] INFO: Val label counts: {np.int64(0): np.int64(184), np.int64(1): np.int64(212), np.int64(2): np.int64(217)}
[04:57:20] INFO: Test label counts: {np.int64(0): np.int64(119), np.int64(1): np.int64(136), np.int64(2): np.int64(139)}
[04:57:20] INFO: [Fold 5 | Epoch 001] train_loss=1.1457 train_acc=0.3482 train_f1=0.3354 | val_loss=1.1296 val_acc=0.3540 val_f1=0.3351
[04:57:20] INFO: New best model at epoch 1 with val_macro_f1=0.3351
[04:57:21] INFO: [Fold 5 | Epoch 002] train_loss=1.1271 train_acc=0.3531 train_f1=0.3448 | val_loss=1.1575 val_acc=0.3100 val_f1=0.2507
[04:57:21] INFO: [Fold 5 | Epoch 003] train_loss=1.1186 train_acc=0.3595 train_f1=0.3504 | val_loss=1.1137 val_acc=0.3491 val_f1=0.2878
[04:57:21] INFO: [Fold 5 | Epoch 004] train_loss=1.1174 train_acc=0.3681 train_f1=0.3567 | val_loss=1.1278 val_acc=0.3442 val_f1=0.2491
[04:57:21] INFO: [Fold 5 | Epoch 005] train_loss=1.1132 train_acc=0.3719 train_f1=0.3568 | val_loss=1.1487 val_acc=0.3507 val_f1=0.1923
[04:57:21] INFO: [Fold 5 | Epoch 006] train_loss=1.1100 train_acc=0.3727 train_f1=0.3625 | val_loss=1.1178 val_acc=0.3491 val_f1=0.3060
[04:57:21] INFO: [Fold 5 | Epoch 007] train_loss=1.1067 train_acc=0.3814 train_f1=0.3690 | val_loss=1.1473 val_acc=0.3605 val_f1=0.2323
[04:57:21] INFO: [Fold 5 | Epoch 008] train_loss=1.1006 train_acc=0.3857 train_f1=0.3747 | val_loss=1.1362 val_acc=0.3344 val_f1=0.3048
[04:57:21] INFO: [Fold 5 | Epoch 009] train_loss=1.1085 train_acc=0.3684 train_f1=0.3588 | val_loss=1.1475 val_acc=0.3524 val_f1=0.2580
[04:57:21] INFO: [Fold 5 | Epoch 010] train_loss=1.0991 train_acc=0.3854 train_f1=0.3719 | val_loss=1.1600 val_acc=0.3181 val_f1=0.2748
[04:57:21] INFO: [Fold 5 | Epoch 011] train_loss=1.1063 train_acc=0.3808 train_f1=0.3685 | val_loss=1.1250 val_acc=0.3393 val_f1=0.3143
[04:57:21] INFO: [Fold 5 | Epoch 012] train_loss=1.0885 train_acc=0.3998 train_f1=0.3885 | val_loss=1.1232 val_acc=0.3475 val_f1=0.3428
[04:57:21] INFO: New best model at epoch 12 with val_macro_f1=0.3428
[04:57:21] INFO: [Fold 5 | Epoch 013] train_loss=1.0981 train_acc=0.3860 train_f1=0.3770 | val_loss=1.1308 val_acc=0.3230 val_f1=0.3108
[04:57:21] INFO: [Fold 5 | Epoch 014] train_loss=1.0997 train_acc=0.3961 train_f1=0.3830 | val_loss=1.1622 val_acc=0.3083 val_f1=0.2930
[04:57:21] INFO: [Fold 5 | Epoch 015] train_loss=1.0850 train_acc=0.4033 train_f1=0.3916 | val_loss=1.1270 val_acc=0.3409 val_f1=0.3317
[04:57:21] INFO: [Fold 5 | Epoch 016] train_loss=1.0887 train_acc=0.4134 train_f1=0.4048 | val_loss=1.1475 val_acc=0.3344 val_f1=0.3179
[04:57:22] INFO: [Fold 5 | Epoch 017] train_loss=1.0873 train_acc=0.4096 train_f1=0.3968 | val_loss=1.1219 val_acc=0.3654 val_f1=0.3218
[04:57:22] INFO: [Fold 5 | Epoch 018] train_loss=1.0836 train_acc=0.4116 train_f1=0.3981 | val_loss=1.1456 val_acc=0.3263 val_f1=0.3234
[04:57:22] INFO: [Fold 5 | Epoch 019] train_loss=1.0890 train_acc=0.4088 train_f1=0.3977 | val_loss=1.1859 val_acc=0.3622 val_f1=0.2958
[04:57:22] INFO: [Fold 5 | Epoch 020] train_loss=1.0828 train_acc=0.4116 train_f1=0.3984 | val_loss=1.1618 val_acc=0.3491 val_f1=0.3298
[04:57:22] INFO: [Fold 5 | Epoch 021] train_loss=1.0853 train_acc=0.4073 train_f1=0.3977 | val_loss=1.1353 val_acc=0.3442 val_f1=0.2904
[04:57:22] INFO: [Fold 5 | Epoch 022] train_loss=1.0867 train_acc=0.3998 train_f1=0.3888 | val_loss=1.1351 val_acc=0.3197 val_f1=0.3200
[04:57:22] INFO: [Fold 5 | Epoch 023] train_loss=1.0837 train_acc=0.4128 train_f1=0.4041 | val_loss=1.1329 val_acc=0.3458 val_f1=0.3351
[04:57:22] INFO: [Fold 5 | Epoch 024] train_loss=1.0800 train_acc=0.4099 train_f1=0.3995 | val_loss=1.1325 val_acc=0.3295 val_f1=0.3275
[04:57:22] INFO: [Fold 5 | Epoch 025] train_loss=1.0767 train_acc=0.4171 train_f1=0.4065 | val_loss=1.1316 val_acc=0.3622 val_f1=0.3374
[04:57:22] INFO: [Fold 5 | Epoch 026] train_loss=1.0890 train_acc=0.4131 train_f1=0.4047 | val_loss=1.1578 val_acc=0.3165 val_f1=0.2925
[04:57:22] INFO: [Fold 5 | Epoch 027] train_loss=1.0770 train_acc=0.4214 train_f1=0.4136 | val_loss=1.1434 val_acc=0.3409 val_f1=0.3352
[04:57:22] INFO: [Fold 5 | Epoch 028] train_loss=1.0734 train_acc=0.4229 train_f1=0.4130 | val_loss=1.1694 val_acc=0.3312 val_f1=0.3192
[04:57:22] INFO: [Fold 5 | Epoch 029] train_loss=1.0716 train_acc=0.4151 train_f1=0.4051 | val_loss=1.1698 val_acc=0.3328 val_f1=0.2857
[04:57:23] INFO: [Fold 5 | Epoch 030] train_loss=1.0785 train_acc=0.4217 train_f1=0.4153 | val_loss=1.1318 val_acc=0.3573 val_f1=0.3146
[04:57:23] INFO: [Fold 5 | Epoch 031] train_loss=1.0733 train_acc=0.4186 train_f1=0.4105 | val_loss=1.1464 val_acc=0.3393 val_f1=0.3223
[04:57:23] INFO: [Fold 5 | Epoch 032] train_loss=1.0687 train_acc=0.4171 train_f1=0.4108 | val_loss=1.1538 val_acc=0.3100 val_f1=0.3086
[04:57:23] INFO: [Fold 5 | Epoch 033] train_loss=1.0742 train_acc=0.4125 train_f1=0.4047 | val_loss=1.1590 val_acc=0.3605 val_f1=0.2976
[04:57:23] INFO: [Fold 5 | Epoch 034] train_loss=1.0715 train_acc=0.4203 train_f1=0.4105 | val_loss=1.1530 val_acc=0.3279 val_f1=0.3046
[04:57:23] INFO: [Fold 5 | Epoch 035] train_loss=1.0753 train_acc=0.4200 train_f1=0.4163 | val_loss=1.1421 val_acc=0.3442 val_f1=0.3150
[04:57:23] INFO: [Fold 5 | Epoch 036] train_loss=1.0676 train_acc=0.4189 train_f1=0.4051 | val_loss=1.1770 val_acc=0.3426 val_f1=0.3197
[04:57:23] INFO: [Fold 5 | Epoch 037] train_loss=1.0653 train_acc=0.4304 train_f1=0.4205 | val_loss=1.1716 val_acc=0.3491 val_f1=0.2976
[04:57:23] INFO: [Fold 5 | Epoch 038] train_loss=1.0714 train_acc=0.4361 train_f1=0.4297 | val_loss=1.1316 val_acc=0.3426 val_f1=0.3431
[04:57:23] INFO: New best model at epoch 38 with val_macro_f1=0.3431
[04:57:23] INFO: [Fold 5 | Epoch 039] train_loss=1.0769 train_acc=0.4217 train_f1=0.4111 | val_loss=1.1579 val_acc=0.3214 val_f1=0.3055
[04:57:23] INFO: [Fold 5 | Epoch 040] train_loss=1.0926 train_acc=0.4122 train_f1=0.4082 | val_loss=1.1627 val_acc=0.3328 val_f1=0.3048
[04:57:23] INFO: [Fold 5 | Epoch 041] train_loss=1.0718 train_acc=0.4235 train_f1=0.4157 | val_loss=1.1709 val_acc=0.3279 val_f1=0.2756
[04:57:23] INFO: [Fold 5 | Epoch 042] train_loss=1.0615 train_acc=0.4361 train_f1=0.4231 | val_loss=1.1566 val_acc=0.3279 val_f1=0.3188
[04:57:23] INFO: [Fold 5 | Epoch 043] train_loss=1.0711 train_acc=0.4287 train_f1=0.4195 | val_loss=1.1739 val_acc=0.3344 val_f1=0.3112
[04:57:24] INFO: [Fold 5 | Epoch 044] train_loss=1.0721 train_acc=0.4298 train_f1=0.4251 | val_loss=1.1651 val_acc=0.3263 val_f1=0.2686
[04:57:24] INFO: [Fold 5 | Epoch 045] train_loss=1.0642 train_acc=0.4344 train_f1=0.4230 | val_loss=1.1905 val_acc=0.3181 val_f1=0.2799
[04:57:24] INFO: [Fold 5 | Epoch 046] train_loss=1.0647 train_acc=0.4341 train_f1=0.4235 | val_loss=1.1591 val_acc=0.3279 val_f1=0.3119
[04:57:24] INFO: [Fold 5 | Epoch 047] train_loss=1.0633 train_acc=0.4338 train_f1=0.4233 | val_loss=1.1816 val_acc=0.3279 val_f1=0.3202
[04:57:24] INFO: [Fold 5 | Epoch 048] train_loss=1.0608 train_acc=0.4509 train_f1=0.4477 | val_loss=1.1544 val_acc=0.3230 val_f1=0.3200
[04:57:24] INFO: [Fold 5 | Epoch 049] train_loss=1.0533 train_acc=0.4387 train_f1=0.4294 | val_loss=1.1653 val_acc=0.3393 val_f1=0.2953
[04:57:24] INFO: [Fold 5 | Epoch 050] train_loss=1.0585 train_acc=0.4367 train_f1=0.4285 | val_loss=1.1672 val_acc=0.3491 val_f1=0.2894
[04:57:25] INFO: [Fold 5 TEST] subject=ZJM acc=0.3020 bal_acc=0.3181 macro_f1=0.2528
[04:57:25] INFO: ========================================================================================
[04:57:25] INFO: Fold 6/12 | held-out subject: ZJN
[04:57:25] INFO: Train size: 3481 | Val size: 615 | Test size: 380
[04:57:25] INFO: Train label counts: {np.int64(0): np.int64(1047), np.int64(1): np.int64(1205), np.int64(2): np.int64(1229)}
[04:57:25] INFO: Val label counts: {np.int64(0): np.int64(185), np.int64(1): np.int64(213), np.int64(2): np.int64(217)}
[04:57:25] INFO: Test label counts: {np.int64(0): np.int64(113), np.int64(1): np.int64(131), np.int64(2): np.int64(136)}
[04:57:25] INFO: [Fold 6 | Epoch 001] train_loss=1.1662 train_acc=0.3387 train_f1=0.3267 | val_loss=1.1675 val_acc=0.3236 val_f1=0.2211
[04:57:25] INFO: New best model at epoch 1 with val_macro_f1=0.2211
[04:57:25] INFO: [Fold 6 | Epoch 002] train_loss=1.1271 train_acc=0.3502 train_f1=0.3393 | val_loss=1.1445 val_acc=0.3301 val_f1=0.3157
[04:57:25] INFO: New best model at epoch 2 with val_macro_f1=0.3157
[04:57:25] INFO: [Fold 6 | Epoch 003] train_loss=1.1091 train_acc=0.3740 train_f1=0.3619 | val_loss=1.1369 val_acc=0.3203 val_f1=0.2847
[04:57:25] INFO: [Fold 6 | Epoch 004] train_loss=1.1338 train_acc=0.3528 train_f1=0.3436 | val_loss=1.1604 val_acc=0.3154 val_f1=0.2719
[04:57:25] INFO: [Fold 6 | Epoch 005] train_loss=1.1175 train_acc=0.3683 train_f1=0.3595 | val_loss=1.1426 val_acc=0.3398 val_f1=0.3261
[04:57:25] INFO: New best model at epoch 5 with val_macro_f1=0.3261
[04:57:25] INFO: [Fold 6 | Epoch 006] train_loss=1.1139 train_acc=0.3700 train_f1=0.3604 | val_loss=1.1217 val_acc=0.3415 val_f1=0.3146
[04:57:25] INFO: [Fold 6 | Epoch 007] train_loss=1.1039 train_acc=0.3763 train_f1=0.3673 | val_loss=1.1650 val_acc=0.3626 val_f1=0.3098
[04:57:25] INFO: [Fold 6 | Epoch 008] train_loss=1.1074 train_acc=0.3746 train_f1=0.3666 | val_loss=1.1536 val_acc=0.3236 val_f1=0.3174
[04:57:25] INFO: [Fold 6 | Epoch 009] train_loss=1.1002 train_acc=0.3921 train_f1=0.3814 | val_loss=1.1551 val_acc=0.3057 val_f1=0.3010
[04:57:25] INFO: [Fold 6 | Epoch 010] train_loss=1.0935 train_acc=0.3956 train_f1=0.3863 | val_loss=1.1556 val_acc=0.3463 val_f1=0.2768
[04:57:25] INFO: [Fold 6 | Epoch 011] train_loss=1.0980 train_acc=0.3939 train_f1=0.3863 | val_loss=1.1425 val_acc=0.3545 val_f1=0.2766
[04:57:25] INFO: [Fold 6 | Epoch 012] train_loss=1.0956 train_acc=0.4056 train_f1=0.3971 | val_loss=1.1462 val_acc=0.3496 val_f1=0.3393
[04:57:25] INFO: New best model at epoch 12 with val_macro_f1=0.3393
[04:57:25] INFO: [Fold 6 | Epoch 013] train_loss=1.0970 train_acc=0.4099 train_f1=0.4019 | val_loss=1.1322 val_acc=0.3707 val_f1=0.2967
[04:57:26] INFO: [Fold 6 | Epoch 014] train_loss=1.0901 train_acc=0.3947 train_f1=0.3844 | val_loss=1.1454 val_acc=0.3220 val_f1=0.3214
[04:57:26] INFO: [Fold 6 | Epoch 015] train_loss=1.0905 train_acc=0.3970 train_f1=0.3897 | val_loss=1.1359 val_acc=0.3626 val_f1=0.3061
[04:57:26] INFO: [Fold 6 | Epoch 016] train_loss=1.0879 train_acc=0.3987 train_f1=0.3917 | val_loss=1.1653 val_acc=0.3024 val_f1=0.2896
[04:57:26] INFO: [Fold 6 | Epoch 017] train_loss=1.0880 train_acc=0.3939 train_f1=0.3865 | val_loss=1.1875 val_acc=0.3252 val_f1=0.2710
[04:57:26] INFO: [Fold 6 | Epoch 018] train_loss=1.0889 train_acc=0.3970 train_f1=0.3874 | val_loss=1.1371 val_acc=0.3415 val_f1=0.3239
[04:57:26] INFO: [Fold 6 | Epoch 019] train_loss=1.0863 train_acc=0.4074 train_f1=0.3959 | val_loss=1.1392 val_acc=0.3528 val_f1=0.3485
[04:57:26] INFO: New best model at epoch 19 with val_macro_f1=0.3485
[04:57:26] INFO: [Fold 6 | Epoch 020] train_loss=1.0883 train_acc=0.4108 train_f1=0.4052 | val_loss=1.1483 val_acc=0.3707 val_f1=0.2953
[04:57:26] INFO: [Fold 6 | Epoch 021] train_loss=1.0791 train_acc=0.4030 train_f1=0.3937 | val_loss=1.1441 val_acc=0.3301 val_f1=0.3156
[04:57:26] INFO: [Fold 6 | Epoch 022] train_loss=1.0806 train_acc=0.4036 train_f1=0.3928 | val_loss=1.1549 val_acc=0.3382 val_f1=0.3123
[04:57:26] INFO: [Fold 6 | Epoch 023] train_loss=1.0846 train_acc=0.4128 train_f1=0.4089 | val_loss=1.1587 val_acc=0.3528 val_f1=0.3065
[04:57:26] INFO: [Fold 6 | Epoch 024] train_loss=1.0783 train_acc=0.4120 train_f1=0.4013 | val_loss=1.1543 val_acc=0.3496 val_f1=0.3259
[04:57:26] INFO: [Fold 6 | Epoch 025] train_loss=1.0777 train_acc=0.4151 train_f1=0.4064 | val_loss=1.1396 val_acc=0.3220 val_f1=0.3208
[04:57:26] INFO: [Fold 6 | Epoch 026] train_loss=1.0828 train_acc=0.4200 train_f1=0.4126 | val_loss=1.1839 val_acc=0.3447 val_f1=0.2515
[04:57:26] INFO: [Fold 6 | Epoch 027] train_loss=1.0832 train_acc=0.4160 train_f1=0.4100 | val_loss=1.1603 val_acc=0.3350 val_f1=0.3272
[04:57:27] INFO: [Fold 6 | Epoch 028] train_loss=1.0754 train_acc=0.4125 train_f1=0.4025 | val_loss=1.1386 val_acc=0.3480 val_f1=0.3337
[04:57:27] INFO: [Fold 6 | Epoch 029] train_loss=1.0730 train_acc=0.4128 train_f1=0.4048 | val_loss=1.1512 val_acc=0.3382 val_f1=0.2947
[04:57:27] INFO: [Fold 6 | Epoch 030] train_loss=1.0791 train_acc=0.4059 train_f1=0.3996 | val_loss=1.1381 val_acc=0.3545 val_f1=0.3429
[04:57:27] INFO: [Fold 6 | Epoch 031] train_loss=1.0762 train_acc=0.4211 train_f1=0.4139 | val_loss=1.1549 val_acc=0.3480 val_f1=0.3435
[04:57:27] INFO: [Fold 6 | Epoch 032] train_loss=1.0738 train_acc=0.4226 train_f1=0.4161 | val_loss=1.1257 val_acc=0.3691 val_f1=0.3585
[04:57:27] INFO: New best model at epoch 32 with val_macro_f1=0.3585
[04:57:27] INFO: [Fold 6 | Epoch 033] train_loss=1.0721 train_acc=0.4237 train_f1=0.4146 | val_loss=1.1220 val_acc=0.3577 val_f1=0.3540
[04:57:27] INFO: [Fold 6 | Epoch 034] train_loss=1.0742 train_acc=0.4278 train_f1=0.4172 | val_loss=1.1838 val_acc=0.3236 val_f1=0.2440
[04:57:27] INFO: [Fold 6 | Epoch 035] train_loss=1.0768 train_acc=0.4091 train_f1=0.4018 | val_loss=1.1297 val_acc=0.3350 val_f1=0.3252
[04:57:27] INFO: [Fold 6 | Epoch 036] train_loss=1.0686 train_acc=0.4306 train_f1=0.4161 | val_loss=1.1929 val_acc=0.3252 val_f1=0.3001
[04:57:27] INFO: [Fold 6 | Epoch 037] train_loss=1.0821 train_acc=0.4206 train_f1=0.4146 | val_loss=1.1478 val_acc=0.3447 val_f1=0.2907
[04:57:27] INFO: [Fold 6 | Epoch 038] train_loss=1.0662 train_acc=0.4255 train_f1=0.4151 | val_loss=1.1683 val_acc=0.3447 val_f1=0.3141
[04:57:27] INFO: [Fold 6 | Epoch 039] train_loss=1.0731 train_acc=0.4229 train_f1=0.4173 | val_loss=1.1539 val_acc=0.3610 val_f1=0.3442
[04:57:27] INFO: [Fold 6 | Epoch 040] train_loss=1.0682 train_acc=0.4200 train_f1=0.4079 | val_loss=1.1367 val_acc=0.3545 val_f1=0.3466
[04:57:27] INFO: [Fold 6 | Epoch 041] train_loss=1.0566 train_acc=0.4424 train_f1=0.4322 | val_loss=1.1529 val_acc=0.3561 val_f1=0.2968
[04:57:28] INFO: [Fold 6 | Epoch 042] train_loss=1.0637 train_acc=0.4300 train_f1=0.4238 | val_loss=1.1560 val_acc=0.3545 val_f1=0.3232
[04:57:28] INFO: [Fold 6 | Epoch 043] train_loss=1.0675 train_acc=0.4260 train_f1=0.4193 | val_loss=1.1859 val_acc=0.3350 val_f1=0.3020
[04:57:28] INFO: [Fold 6 | Epoch 044] train_loss=1.0645 train_acc=0.4355 train_f1=0.4307 | val_loss=1.1839 val_acc=0.3415 val_f1=0.2963
[04:57:28] INFO: [Fold 6 | Epoch 045] train_loss=1.0635 train_acc=0.4278 train_f1=0.4187 | val_loss=1.1593 val_acc=0.3610 val_f1=0.2908
[04:57:28] INFO: [Fold 6 | Epoch 046] train_loss=1.0601 train_acc=0.4292 train_f1=0.4217 | val_loss=1.1698 val_acc=0.3333 val_f1=0.3161
[04:57:28] INFO: [Fold 6 | Epoch 047] train_loss=1.0706 train_acc=0.4289 train_f1=0.4200 | val_loss=1.1652 val_acc=0.3545 val_f1=0.3367
[04:57:28] INFO: [Fold 6 | Epoch 048] train_loss=1.0680 train_acc=0.4174 train_f1=0.4112 | val_loss=1.1371 val_acc=0.3642 val_f1=0.3437
[04:57:28] INFO: [Fold 6 | Epoch 049] train_loss=1.0638 train_acc=0.4312 train_f1=0.4266 | val_loss=1.1380 val_acc=0.3691 val_f1=0.3127
[04:57:28] INFO: [Fold 6 | Epoch 050] train_loss=1.0521 train_acc=0.4490 train_f1=0.4423 | val_loss=1.1712 val_acc=0.3545 val_f1=0.3232
[04:57:29] INFO: [Fold 6 TEST] subject=ZJN acc=0.3474 bal_acc=0.3240 macro_f1=0.1780
[04:57:29] INFO: ========================================================================================
[04:57:29] INFO: Fold 7/12 | held-out subject: ZJS
[04:57:29] INFO: Train size: 3520 | Val size: 622 | Test size: 334
[04:57:29] INFO: Train label counts: {np.int64(0): np.int64(1063), np.int64(1): np.int64(1214), np.int64(2): np.int64(1243)}
[04:57:29] INFO: Val label counts: {np.int64(0): np.int64(188), np.int64(1): np.int64(215), np.int64(2): np.int64(219)}
[04:57:29] INFO: Test label counts: {np.int64(0): np.int64(94), np.int64(1): np.int64(120), np.int64(2): np.int64(120)}
[04:57:29] INFO: [Fold 7 | Epoch 001] train_loss=1.1594 train_acc=0.3358 train_f1=0.3316 | val_loss=1.1125 val_acc=0.3505 val_f1=0.3285
[04:57:29] INFO: New best model at epoch 1 with val_macro_f1=0.3285
[04:57:29] INFO: [Fold 7 | Epoch 002] train_loss=1.1256 train_acc=0.3406 train_f1=0.3367 | val_loss=1.1240 val_acc=0.3376 val_f1=0.3199
[04:57:29] INFO: [Fold 7 | Epoch 003] train_loss=1.1134 train_acc=0.3418 train_f1=0.3315 | val_loss=1.1294 val_acc=0.3296 val_f1=0.3012
[04:57:29] INFO: [Fold 7 | Epoch 004] train_loss=1.1160 train_acc=0.3739 train_f1=0.3702 | val_loss=1.1451 val_acc=0.3248 val_f1=0.2389
[04:57:29] INFO: [Fold 7 | Epoch 005] train_loss=1.1037 train_acc=0.3804 train_f1=0.3700 | val_loss=1.1429 val_acc=0.3457 val_f1=0.3170
[04:57:29] INFO: [Fold 7 | Epoch 006] train_loss=1.1155 train_acc=0.3636 train_f1=0.3493 | val_loss=1.1284 val_acc=0.3344 val_f1=0.3268
[04:57:29] INFO: [Fold 7 | Epoch 007] train_loss=1.1156 train_acc=0.3648 train_f1=0.3598 | val_loss=1.1171 val_acc=0.3344 val_f1=0.3210
[04:57:29] INFO: [Fold 7 | Epoch 008] train_loss=1.1260 train_acc=0.3673 train_f1=0.3609 | val_loss=1.1324 val_acc=0.3569 val_f1=0.3089
[04:57:29] INFO: [Fold 7 | Epoch 009] train_loss=1.1124 train_acc=0.3670 train_f1=0.3583 | val_loss=1.1506 val_acc=0.3087 val_f1=0.2752
[04:57:29] INFO: [Fold 7 | Epoch 010] train_loss=1.0996 train_acc=0.3750 train_f1=0.3637 | val_loss=1.1240 val_acc=0.3666 val_f1=0.3501
[04:57:29] INFO: New best model at epoch 10 with val_macro_f1=0.3501
[04:57:29] INFO: [Fold 7 | Epoch 011] train_loss=1.0953 train_acc=0.3898 train_f1=0.3736 | val_loss=1.1150 val_acc=0.3505 val_f1=0.3149
[04:57:29] INFO: [Fold 7 | Epoch 012] train_loss=1.0996 train_acc=0.3980 train_f1=0.3871 | val_loss=1.1341 val_acc=0.3650 val_f1=0.2955
[04:57:29] INFO: [Fold 7 | Epoch 013] train_loss=1.1005 train_acc=0.3844 train_f1=0.3726 | val_loss=1.1332 val_acc=0.3441 val_f1=0.3407
[04:57:30] INFO: [Fold 7 | Epoch 014] train_loss=1.0912 train_acc=0.3926 train_f1=0.3825 | val_loss=1.1301 val_acc=0.3135 val_f1=0.2971
[04:57:30] INFO: [Fold 7 | Epoch 015] train_loss=1.0923 train_acc=0.4040 train_f1=0.3997 | val_loss=1.1081 val_acc=0.3698 val_f1=0.3419
[04:57:30] INFO: [Fold 7 | Epoch 016] train_loss=1.0894 train_acc=0.3946 train_f1=0.3853 | val_loss=1.1289 val_acc=0.3842 val_f1=0.3050
[04:57:30] INFO: [Fold 7 | Epoch 017] train_loss=1.1153 train_acc=0.3858 train_f1=0.3802 | val_loss=1.1520 val_acc=0.3248 val_f1=0.3031
[04:57:30] INFO: [Fold 7 | Epoch 018] train_loss=1.0845 train_acc=0.4071 train_f1=0.3984 | val_loss=1.1547 val_acc=0.3441 val_f1=0.3178
[04:57:30] INFO: [Fold 7 | Epoch 019] train_loss=1.0824 train_acc=0.4085 train_f1=0.3983 | val_loss=1.1394 val_acc=0.3392 val_f1=0.3012
[04:57:30] INFO: [Fold 7 | Epoch 020] train_loss=1.0879 train_acc=0.4014 train_f1=0.3925 | val_loss=1.1387 val_acc=0.3489 val_f1=0.3122
[04:57:30] INFO: [Fold 7 | Epoch 021] train_loss=1.0757 train_acc=0.4230 train_f1=0.4155 | val_loss=1.1560 val_acc=0.3569 val_f1=0.2963
[04:57:30] INFO: [Fold 7 | Epoch 022] train_loss=1.0903 train_acc=0.4003 train_f1=0.3907 | val_loss=1.1249 val_acc=0.3762 val_f1=0.3558
[04:57:30] INFO: New best model at epoch 22 with val_macro_f1=0.3558
[04:57:30] INFO: [Fold 7 | Epoch 023] train_loss=1.0874 train_acc=0.3960 train_f1=0.3817 | val_loss=1.1495 val_acc=0.3617 val_f1=0.3375
[04:57:30] INFO: [Fold 7 | Epoch 024] train_loss=1.0815 train_acc=0.4094 train_f1=0.4032 | val_loss=1.1142 val_acc=0.3810 val_f1=0.3324
[04:57:30] INFO: [Fold 7 | Epoch 025] train_loss=1.0830 train_acc=0.4088 train_f1=0.4006 | val_loss=1.1202 val_acc=0.3730 val_f1=0.3150
[04:57:30] INFO: [Fold 7 | Epoch 026] train_loss=1.0713 train_acc=0.4298 train_f1=0.4206 | val_loss=1.1385 val_acc=0.3232 val_f1=0.3162
[04:57:30] INFO: [Fold 7 | Epoch 027] train_loss=1.0762 train_acc=0.4168 train_f1=0.4066 | val_loss=1.2131 val_acc=0.3280 val_f1=0.2558
[04:57:31] INFO: [Fold 7 | Epoch 028] train_loss=1.1006 train_acc=0.4097 train_f1=0.4027 | val_loss=1.1556 val_acc=0.3505 val_f1=0.3089
[04:57:31] INFO: [Fold 7 | Epoch 029] train_loss=1.0795 train_acc=0.4139 train_f1=0.4068 | val_loss=1.1248 val_acc=0.3328 val_f1=0.3321
[04:57:31] INFO: [Fold 7 | Epoch 030] train_loss=1.0740 train_acc=0.4304 train_f1=0.4258 | val_loss=1.1771 val_acc=0.3376 val_f1=0.3043
[04:57:31] INFO: [Fold 7 | Epoch 031] train_loss=1.0764 train_acc=0.4233 train_f1=0.4169 | val_loss=1.1583 val_acc=0.3457 val_f1=0.3326
[04:57:31] INFO: [Fold 7 | Epoch 032] train_loss=1.0799 train_acc=0.4202 train_f1=0.4121 | val_loss=1.1702 val_acc=0.3135 val_f1=0.3081
[04:57:31] INFO: [Fold 7 | Epoch 033] train_loss=1.0800 train_acc=0.4253 train_f1=0.4207 | val_loss=1.1339 val_acc=0.3714 val_f1=0.3058
[04:57:31] INFO: [Fold 7 | Epoch 034] train_loss=1.0750 train_acc=0.4162 train_f1=0.4093 | val_loss=1.1454 val_acc=0.3312 val_f1=0.3224
[04:57:31] INFO: [Fold 7 | Epoch 035] train_loss=1.0761 train_acc=0.4125 train_f1=0.4066 | val_loss=1.1375 val_acc=0.3457 val_f1=0.3407
[04:57:31] INFO: [Fold 7 | Epoch 036] train_loss=1.0665 train_acc=0.4239 train_f1=0.4157 | val_loss=1.1410 val_acc=0.3473 val_f1=0.3110
[04:57:31] INFO: [Fold 7 | Epoch 037] train_loss=1.0695 train_acc=0.4207 train_f1=0.4118 | val_loss=1.1236 val_acc=0.3826 val_f1=0.3693
[04:57:31] INFO: New best model at epoch 37 with val_macro_f1=0.3693
[04:57:31] INFO: [Fold 7 | Epoch 038] train_loss=1.0643 train_acc=0.4310 train_f1=0.4232 | val_loss=1.1507 val_acc=0.3392 val_f1=0.3013
[04:57:31] INFO: [Fold 7 | Epoch 039] train_loss=1.0654 train_acc=0.4293 train_f1=0.4213 | val_loss=1.1605 val_acc=0.2990 val_f1=0.2926
[04:57:31] INFO: [Fold 7 | Epoch 040] train_loss=1.0645 train_acc=0.4290 train_f1=0.4231 | val_loss=1.1674 val_acc=0.3505 val_f1=0.3078
[04:57:31] INFO: [Fold 7 | Epoch 041] train_loss=1.0705 train_acc=0.4244 train_f1=0.4144 | val_loss=1.1346 val_acc=0.3553 val_f1=0.3492
[04:57:32] INFO: [Fold 7 | Epoch 042] train_loss=1.0654 train_acc=0.4332 train_f1=0.4259 | val_loss=1.1551 val_acc=0.3167 val_f1=0.3163
[04:57:32] INFO: [Fold 7 | Epoch 043] train_loss=1.0654 train_acc=0.4330 train_f1=0.4271 | val_loss=1.1582 val_acc=0.3183 val_f1=0.3144
[04:57:32] INFO: [Fold 7 | Epoch 044] train_loss=1.0702 train_acc=0.4267 train_f1=0.4205 | val_loss=1.1312 val_acc=0.3826 val_f1=0.3367
[04:57:32] INFO: [Fold 7 | Epoch 045] train_loss=1.0599 train_acc=0.4301 train_f1=0.4230 | val_loss=1.1564 val_acc=0.3585 val_f1=0.3410
[04:57:32] INFO: [Fold 7 | Epoch 046] train_loss=1.0707 train_acc=0.4253 train_f1=0.4186 | val_loss=1.1522 val_acc=0.3392 val_f1=0.3296
[04:57:32] INFO: [Fold 7 | Epoch 047] train_loss=1.0592 train_acc=0.4369 train_f1=0.4311 | val_loss=1.1270 val_acc=0.3650 val_f1=0.3236
[04:57:32] INFO: [Fold 7 | Epoch 048] train_loss=1.0646 train_acc=0.4330 train_f1=0.4252 | val_loss=1.1411 val_acc=0.3762 val_f1=0.3213
[04:57:32] INFO: [Fold 7 | Epoch 049] train_loss=1.0645 train_acc=0.4321 train_f1=0.4270 | val_loss=1.1537 val_acc=0.3441 val_f1=0.3331
[04:57:32] INFO: [Fold 7 | Epoch 050] train_loss=1.0683 train_acc=0.4395 train_f1=0.4350 | val_loss=1.1633 val_acc=0.3489 val_f1=0.3210
[04:57:33] INFO: [Fold 7 TEST] subject=ZJS acc=0.3413 bal_acc=0.3343 macro_f1=0.3325
[04:57:33] INFO: ========================================================================================
[04:57:33] INFO: Fold 8/12 | held-out subject: ZKB
[04:57:33] INFO: Train size: 3469 | Val size: 613 | Test size: 394
[04:57:33] INFO: Train label counts: {np.int64(0): np.int64(1042), np.int64(1): np.int64(1201), np.int64(2): np.int64(1226)}
[04:57:33] INFO: Val label counts: {np.int64(0): np.int64(184), np.int64(1): np.int64(212), np.int64(2): np.int64(217)}
[04:57:33] INFO: Test label counts: {np.int64(0): np.int64(119), np.int64(1): np.int64(136), np.int64(2): np.int64(139)}
[04:57:33] INFO: [Fold 8 | Epoch 001] train_loss=1.1426 train_acc=0.3266 train_f1=0.3169 | val_loss=1.1169 val_acc=0.3719 val_f1=0.2821
[04:57:33] INFO: New best model at epoch 1 with val_macro_f1=0.2821
[04:57:33] INFO: [Fold 8 | Epoch 002] train_loss=1.1259 train_acc=0.3485 train_f1=0.3325 | val_loss=1.1361 val_acc=0.3230 val_f1=0.3080
[04:57:33] INFO: New best model at epoch 2 with val_macro_f1=0.3080
[04:57:33] INFO: [Fold 8 | Epoch 003] train_loss=1.1245 train_acc=0.3589 train_f1=0.3498 | val_loss=1.1247 val_acc=0.3654 val_f1=0.2894
[04:57:33] INFO: [Fold 8 | Epoch 004] train_loss=1.1139 train_acc=0.3710 train_f1=0.3569 | val_loss=1.1056 val_acc=0.3801 val_f1=0.3184
[04:57:33] INFO: New best model at epoch 4 with val_macro_f1=0.3184
[04:57:33] INFO: [Fold 8 | Epoch 005] train_loss=1.1031 train_acc=0.3722 train_f1=0.3597 | val_loss=1.1144 val_acc=0.3850 val_f1=0.3435
[04:57:33] INFO: New best model at epoch 5 with val_macro_f1=0.3435
[04:57:33] INFO: [Fold 8 | Epoch 006] train_loss=1.1080 train_acc=0.3750 train_f1=0.3670 | val_loss=1.1358 val_acc=0.3719 val_f1=0.3257
[04:57:33] INFO: [Fold 8 | Epoch 007] train_loss=1.1056 train_acc=0.3825 train_f1=0.3704 | val_loss=1.1210 val_acc=0.3622 val_f1=0.3300
[04:57:33] INFO: [Fold 8 | Epoch 008] train_loss=1.1023 train_acc=0.3863 train_f1=0.3773 | val_loss=1.1316 val_acc=0.3426 val_f1=0.3410
[04:57:33] INFO: [Fold 8 | Epoch 009] train_loss=1.1035 train_acc=0.3684 train_f1=0.3615 | val_loss=1.1322 val_acc=0.3458 val_f1=0.2986
[04:57:33] INFO: [Fold 8 | Epoch 010] train_loss=1.0964 train_acc=0.3837 train_f1=0.3749 | val_loss=1.1427 val_acc=0.3393 val_f1=0.2939
[04:57:33] INFO: [Fold 8 | Epoch 011] train_loss=1.1059 train_acc=0.3961 train_f1=0.3865 | val_loss=1.1584 val_acc=0.3556 val_f1=0.2876
[04:57:33] INFO: [Fold 8 | Epoch 012] train_loss=1.1134 train_acc=0.3851 train_f1=0.3769 | val_loss=1.1464 val_acc=0.3719 val_f1=0.2928
[04:57:34] INFO: [Fold 8 | Epoch 013] train_loss=1.0941 train_acc=0.3993 train_f1=0.3906 | val_loss=1.1216 val_acc=0.3622 val_f1=0.3208
[04:57:34] INFO: [Fold 8 | Epoch 014] train_loss=1.0959 train_acc=0.3952 train_f1=0.3874 | val_loss=1.1307 val_acc=0.3589 val_f1=0.3404
[04:57:34] INFO: [Fold 8 | Epoch 015] train_loss=1.0849 train_acc=0.4018 train_f1=0.3949 | val_loss=1.1258 val_acc=0.3670 val_f1=0.3153
[04:57:34] INFO: [Fold 8 | Epoch 016] train_loss=1.0899 train_acc=0.3848 train_f1=0.3790 | val_loss=1.1665 val_acc=0.3556 val_f1=0.2453
[04:57:34] INFO: [Fold 8 | Epoch 017] train_loss=1.0899 train_acc=0.4114 train_f1=0.3988 | val_loss=1.1752 val_acc=0.3491 val_f1=0.2890
[04:57:34] INFO: [Fold 8 | Epoch 018] train_loss=1.0957 train_acc=0.4016 train_f1=0.3975 | val_loss=1.1540 val_acc=0.3361 val_f1=0.3256
[04:57:34] INFO: [Fold 8 | Epoch 019] train_loss=1.0990 train_acc=0.3981 train_f1=0.3935 | val_loss=1.1463 val_acc=0.3312 val_f1=0.3043
[04:57:34] INFO: [Fold 8 | Epoch 020] train_loss=1.0769 train_acc=0.4145 train_f1=0.4040 | val_loss=1.1536 val_acc=0.3230 val_f1=0.3125
[04:57:34] INFO: [Fold 8 | Epoch 021] train_loss=1.0908 train_acc=0.4027 train_f1=0.3931 | val_loss=1.1346 val_acc=0.3752 val_f1=0.3606
[04:57:34] INFO: New best model at epoch 21 with val_macro_f1=0.3606
[04:57:34] INFO: [Fold 8 | Epoch 022] train_loss=1.1026 train_acc=0.3938 train_f1=0.3829 | val_loss=1.1447 val_acc=0.3393 val_f1=0.3386
[04:57:34] INFO: [Fold 8 | Epoch 023] train_loss=1.0926 train_acc=0.4070 train_f1=0.3977 | val_loss=1.1220 val_acc=0.3752 val_f1=0.3430
[04:57:34] INFO: [Fold 8 | Epoch 024] train_loss=1.0712 train_acc=0.4200 train_f1=0.4071 | val_loss=1.1522 val_acc=0.3458 val_f1=0.3335
[04:57:34] INFO: [Fold 8 | Epoch 025] train_loss=1.0745 train_acc=0.4255 train_f1=0.4209 | val_loss=1.1339 val_acc=0.3524 val_f1=0.3089
[04:57:34] INFO: [Fold 8 | Epoch 026] train_loss=1.0747 train_acc=0.4122 train_f1=0.4027 | val_loss=1.1356 val_acc=0.3703 val_f1=0.3518
[04:57:34] INFO: [Fold 8 | Epoch 027] train_loss=1.0914 train_acc=0.4088 train_f1=0.4026 | val_loss=1.1569 val_acc=0.3556 val_f1=0.3079
[04:57:35] INFO: [Fold 8 | Epoch 028] train_loss=1.0736 train_acc=0.4209 train_f1=0.4149 | val_loss=1.1417 val_acc=0.3540 val_f1=0.3002
[04:57:35] INFO: [Fold 8 | Epoch 029] train_loss=1.0631 train_acc=0.4338 train_f1=0.4216 | val_loss=1.1451 val_acc=0.3491 val_f1=0.3331
[04:57:35] INFO: [Fold 8 | Epoch 030] train_loss=1.0803 train_acc=0.4246 train_f1=0.4162 | val_loss=1.1448 val_acc=0.3785 val_f1=0.3272
[04:57:35] INFO: [Fold 8 | Epoch 031] train_loss=1.0720 train_acc=0.4295 train_f1=0.4184 | val_loss=1.1374 val_acc=0.3654 val_f1=0.3572
[04:57:35] INFO: [Fold 8 | Epoch 032] train_loss=1.0701 train_acc=0.4217 train_f1=0.4145 | val_loss=1.2093 val_acc=0.3605 val_f1=0.2837
[04:57:35] INFO: [Fold 8 | Epoch 033] train_loss=1.0763 train_acc=0.4154 train_f1=0.4054 | val_loss=1.1284 val_acc=0.3622 val_f1=0.3434
[04:57:35] INFO: [Fold 8 | Epoch 034] train_loss=1.0788 train_acc=0.4096 train_f1=0.4047 | val_loss=1.1374 val_acc=0.3703 val_f1=0.3494
[04:57:35] INFO: [Fold 8 | Epoch 035] train_loss=1.0679 train_acc=0.4249 train_f1=0.4176 | val_loss=1.1349 val_acc=0.3361 val_f1=0.3227
[04:57:35] INFO: [Fold 8 | Epoch 036] train_loss=1.0646 train_acc=0.4266 train_f1=0.4174 | val_loss=1.1340 val_acc=0.3785 val_f1=0.3743
[04:57:35] INFO: New best model at epoch 36 with val_macro_f1=0.3743
[04:57:35] INFO: [Fold 8 | Epoch 037] train_loss=1.0619 train_acc=0.4393 train_f1=0.4330 | val_loss=1.1972 val_acc=0.3670 val_f1=0.2805
[04:57:35] INFO: [Fold 8 | Epoch 038] train_loss=1.0800 train_acc=0.4111 train_f1=0.4053 | val_loss=1.1325 val_acc=0.3622 val_f1=0.3401
[04:57:35] INFO: [Fold 8 | Epoch 039] train_loss=1.0628 train_acc=0.4370 train_f1=0.4282 | val_loss=1.1464 val_acc=0.3442 val_f1=0.3421
[04:57:35] INFO: [Fold 8 | Epoch 040] train_loss=1.0587 train_acc=0.4336 train_f1=0.4231 | val_loss=1.1742 val_acc=0.3230 val_f1=0.3138
[04:57:35] INFO: [Fold 8 | Epoch 041] train_loss=1.0827 train_acc=0.4269 train_f1=0.4241 | val_loss=1.1362 val_acc=0.3442 val_f1=0.3365
[04:57:35] INFO: [Fold 8 | Epoch 042] train_loss=1.0792 train_acc=0.4168 train_f1=0.4089 | val_loss=1.1363 val_acc=0.3540 val_f1=0.3505
[04:57:36] INFO: [Fold 8 | Epoch 043] train_loss=1.0633 train_acc=0.4174 train_f1=0.4068 | val_loss=1.1413 val_acc=0.3622 val_f1=0.3592
[04:57:36] INFO: [Fold 8 | Epoch 044] train_loss=1.0565 train_acc=0.4301 train_f1=0.4241 | val_loss=1.1573 val_acc=0.3328 val_f1=0.2972
[04:57:36] INFO: [Fold 8 | Epoch 045] train_loss=1.0687 train_acc=0.4338 train_f1=0.4279 | val_loss=1.1677 val_acc=0.3475 val_f1=0.2807
[04:57:36] INFO: [Fold 8 | Epoch 046] train_loss=1.0655 train_acc=0.4330 train_f1=0.4203 | val_loss=1.1335 val_acc=0.3817 val_f1=0.3589
[04:57:36] INFO: [Fold 8 | Epoch 047] train_loss=1.0565 train_acc=0.4448 train_f1=0.4368 | val_loss=1.1669 val_acc=0.3540 val_f1=0.3100
[04:57:36] INFO: [Fold 8 | Epoch 048] train_loss=1.0677 train_acc=0.4373 train_f1=0.4274 | val_loss=1.1365 val_acc=0.3638 val_f1=0.3385
[04:57:36] INFO: [Fold 8 | Epoch 049] train_loss=1.0459 train_acc=0.4520 train_f1=0.4431 | val_loss=1.1482 val_acc=0.3915 val_f1=0.3421
[04:57:36] INFO: [Fold 8 | Epoch 050] train_loss=1.0570 train_acc=0.4370 train_f1=0.4286 | val_loss=1.1499 val_acc=0.3458 val_f1=0.3398
[04:57:36] INFO: [Fold 8 TEST] subject=ZKB acc=0.3249 bal_acc=0.3388 macro_f1=0.2588
[04:57:36] INFO: ========================================================================================
[04:57:36] INFO: Fold 9/12 | held-out subject: ZKH
[04:57:36] INFO: Train size: 3475 | Val size: 614 | Test size: 387
[04:57:36] INFO: Train label counts: {np.int64(0): np.int64(1044), np.int64(1): np.int64(1204), np.int64(2): np.int64(1227)}
[04:57:36] INFO: Val label counts: {np.int64(0): np.int64(184), np.int64(1): np.int64(213), np.int64(2): np.int64(217)}
[04:57:36] INFO: Test label counts: {np.int64(0): np.int64(117), np.int64(1): np.int64(132), np.int64(2): np.int64(138)}
[04:57:37] INFO: [Fold 9 | Epoch 001] train_loss=1.1464 train_acc=0.3367 train_f1=0.3304 | val_loss=1.1500 val_acc=0.3453 val_f1=0.1992
[04:57:37] INFO: New best model at epoch 1 with val_macro_f1=0.1992
[04:57:37] INFO: [Fold 9 | Epoch 002] train_loss=1.1282 train_acc=0.3614 train_f1=0.3514 | val_loss=1.1294 val_acc=0.3371 val_f1=0.3044
[04:57:37] INFO: New best model at epoch 2 with val_macro_f1=0.3044
[04:57:37] INFO: [Fold 9 | Epoch 003] train_loss=1.1074 train_acc=0.3724 train_f1=0.3608 | val_loss=1.1443 val_acc=0.3127 val_f1=0.2804
[04:57:37] INFO: [Fold 9 | Epoch 004] train_loss=1.1149 train_acc=0.3499 train_f1=0.3445 | val_loss=1.1360 val_acc=0.3648 val_f1=0.2762
[04:57:37] INFO: [Fold 9 | Epoch 005] train_loss=1.1224 train_acc=0.3701 train_f1=0.3609 | val_loss=1.1386 val_acc=0.3436 val_f1=0.3312
[04:57:37] INFO: New best model at epoch 5 with val_macro_f1=0.3312
[04:57:37] INFO: [Fold 9 | Epoch 006] train_loss=1.1097 train_acc=0.3715 train_f1=0.3650 | val_loss=1.1128 val_acc=0.3550 val_f1=0.3219
[04:57:37] INFO: [Fold 9 | Epoch 007] train_loss=1.1101 train_acc=0.3845 train_f1=0.3680 | val_loss=1.1333 val_acc=0.3257 val_f1=0.3076
[04:57:37] INFO: [Fold 9 | Epoch 008] train_loss=1.1112 train_acc=0.3830 train_f1=0.3658 | val_loss=1.1376 val_acc=0.3241 val_f1=0.3035
[04:57:37] INFO: [Fold 9 | Epoch 009] train_loss=1.1069 train_acc=0.3971 train_f1=0.3852 | val_loss=1.1243 val_acc=0.3567 val_f1=0.3431
[04:57:37] INFO: New best model at epoch 9 with val_macro_f1=0.3431
[04:57:37] INFO: [Fold 9 | Epoch 010] train_loss=1.0980 train_acc=0.3778 train_f1=0.3674 | val_loss=1.1228 val_acc=0.3827 val_f1=0.3170
[04:57:37] INFO: [Fold 9 | Epoch 011] train_loss=1.1065 train_acc=0.3873 train_f1=0.3766 | val_loss=1.1429 val_acc=0.3664 val_f1=0.2851
[04:57:37] INFO: [Fold 9 | Epoch 012] train_loss=1.0931 train_acc=0.3954 train_f1=0.3826 | val_loss=1.1489 val_acc=0.3062 val_f1=0.2961
[04:57:37] INFO: [Fold 9 | Epoch 013] train_loss=1.0947 train_acc=0.4020 train_f1=0.3940 | val_loss=1.1409 val_acc=0.3616 val_f1=0.3185
[04:57:37] INFO: [Fold 9 | Epoch 014] train_loss=1.0999 train_acc=0.3971 train_f1=0.3834 | val_loss=1.1313 val_acc=0.3436 val_f1=0.3424
[04:57:37] INFO: [Fold 9 | Epoch 015] train_loss=1.0922 train_acc=0.4012 train_f1=0.3908 | val_loss=1.1532 val_acc=0.3485 val_f1=0.3393
[04:57:38] INFO: [Fold 9 | Epoch 016] train_loss=1.0943 train_acc=0.4060 train_f1=0.3970 | val_loss=1.1182 val_acc=0.3469 val_f1=0.3410
[04:57:38] INFO: [Fold 9 | Epoch 017] train_loss=1.0841 train_acc=0.4009 train_f1=0.3902 | val_loss=1.1299 val_acc=0.3274 val_f1=0.3271
[04:57:38] INFO: [Fold 9 | Epoch 018] train_loss=1.0860 train_acc=0.4014 train_f1=0.3926 | val_loss=1.1303 val_acc=0.3502 val_f1=0.3482
[04:57:38] INFO: New best model at epoch 18 with val_macro_f1=0.3482
[04:57:38] INFO: [Fold 9 | Epoch 019] train_loss=1.0903 train_acc=0.4129 train_f1=0.4103 | val_loss=1.1300 val_acc=0.3290 val_f1=0.3217
[04:57:38] INFO: [Fold 9 | Epoch 020] train_loss=1.1022 train_acc=0.3980 train_f1=0.3920 | val_loss=1.1473 val_acc=0.3257 val_f1=0.3149
[04:57:38] INFO: [Fold 9 | Epoch 021] train_loss=1.0830 train_acc=0.4046 train_f1=0.3964 | val_loss=1.1388 val_acc=0.3648 val_f1=0.3098
[04:57:38] INFO: [Fold 9 | Epoch 022] train_loss=1.0774 train_acc=0.4118 train_f1=0.4044 | val_loss=1.1466 val_acc=0.3567 val_f1=0.2815
[04:57:38] INFO: [Fold 9 | Epoch 023] train_loss=1.0855 train_acc=0.4060 train_f1=0.3983 | val_loss=1.1446 val_acc=0.3453 val_f1=0.3131
[04:57:38] INFO: [Fold 9 | Epoch 024] train_loss=1.0924 train_acc=0.4058 train_f1=0.3966 | val_loss=1.1537 val_acc=0.3143 val_f1=0.2694
[04:57:38] INFO: [Fold 9 | Epoch 025] train_loss=1.0869 train_acc=0.4124 train_f1=0.4074 | val_loss=1.1141 val_acc=0.3713 val_f1=0.3411
[04:57:38] INFO: [Fold 9 | Epoch 026] train_loss=1.0950 train_acc=0.4083 train_f1=0.4000 | val_loss=1.1692 val_acc=0.3208 val_f1=0.2743
[04:57:38] INFO: [Fold 9 | Epoch 027] train_loss=1.0874 train_acc=0.4121 train_f1=0.4060 | val_loss=1.1414 val_acc=0.3632 val_f1=0.2959
[04:57:38] INFO: [Fold 9 | Epoch 028] train_loss=1.0788 train_acc=0.4127 train_f1=0.4063 | val_loss=1.1328 val_acc=0.3697 val_f1=0.3296
[04:57:38] INFO: [Fold 9 | Epoch 029] train_loss=1.0732 train_acc=0.4196 train_f1=0.4100 | val_loss=1.1306 val_acc=0.3697 val_f1=0.3427
[04:57:39] INFO: [Fold 9 | Epoch 030] train_loss=1.0777 train_acc=0.4037 train_f1=0.3949 | val_loss=1.1463 val_acc=0.3436 val_f1=0.2888
[04:57:39] INFO: [Fold 9 | Epoch 031] train_loss=1.0736 train_acc=0.4216 train_f1=0.4122 | val_loss=1.1372 val_acc=0.3616 val_f1=0.3568
[04:57:39] INFO: New best model at epoch 31 with val_macro_f1=0.3568
[04:57:39] INFO: [Fold 9 | Epoch 032] train_loss=1.0733 train_acc=0.4124 train_f1=0.4063 | val_loss=1.1499 val_acc=0.3599 val_f1=0.2647
[04:57:39] INFO: [Fold 9 | Epoch 033] train_loss=1.0686 train_acc=0.4256 train_f1=0.4169 | val_loss=1.1518 val_acc=0.3241 val_f1=0.3055
[04:57:39] INFO: [Fold 9 | Epoch 034] train_loss=1.0604 train_acc=0.4288 train_f1=0.4219 | val_loss=1.1404 val_acc=0.3664 val_f1=0.3314
[04:57:39] INFO: [Fold 9 | Epoch 035] train_loss=1.0669 train_acc=0.4247 train_f1=0.4174 | val_loss=1.1383 val_acc=0.3567 val_f1=0.3216
[04:57:39] INFO: [Fold 9 | Epoch 036] train_loss=1.0784 train_acc=0.4115 train_f1=0.4029 | val_loss=1.1282 val_acc=0.3355 val_f1=0.3322
[04:57:39] INFO: [Fold 9 | Epoch 037] train_loss=1.0685 train_acc=0.4158 train_f1=0.4043 | val_loss=1.1378 val_acc=0.3436 val_f1=0.3395
[04:57:39] INFO: [Fold 9 | Epoch 038] train_loss=1.0843 train_acc=0.4109 train_f1=0.4064 | val_loss=1.1519 val_acc=0.3502 val_f1=0.3441
[04:57:39] INFO: [Fold 9 | Epoch 039] train_loss=1.0756 train_acc=0.4199 train_f1=0.4118 | val_loss=1.1323 val_acc=0.3306 val_f1=0.3195
[04:57:39] INFO: [Fold 9 | Epoch 040] train_loss=1.0757 train_acc=0.4190 train_f1=0.4136 | val_loss=1.1465 val_acc=0.3779 val_f1=0.3711
[04:57:39] INFO: New best model at epoch 40 with val_macro_f1=0.3711
[04:57:39] INFO: [Fold 9 | Epoch 041] train_loss=1.0847 train_acc=0.4308 train_f1=0.4224 | val_loss=1.1445 val_acc=0.3664 val_f1=0.3414
[04:57:39] INFO: [Fold 9 | Epoch 042] train_loss=1.0645 train_acc=0.4308 train_f1=0.4235 | val_loss=1.1823 val_acc=0.3404 val_f1=0.3027
[04:57:39] INFO: [Fold 9 | Epoch 043] train_loss=1.0769 train_acc=0.4135 train_f1=0.4065 | val_loss=1.1538 val_acc=0.3893 val_f1=0.3376
[04:57:40] INFO: [Fold 9 | Epoch 044] train_loss=1.0584 train_acc=0.4334 train_f1=0.4274 | val_loss=1.1634 val_acc=0.3599 val_f1=0.2860
[04:57:40] INFO: [Fold 9 | Epoch 045] train_loss=1.0728 train_acc=0.4328 train_f1=0.4251 | val_loss=1.1650 val_acc=0.3127 val_f1=0.3027
[04:57:40] INFO: [Fold 9 | Epoch 046] train_loss=1.0651 train_acc=0.4394 train_f1=0.4321 | val_loss=1.1453 val_acc=0.3469 val_f1=0.3362
[04:57:40] INFO: [Fold 9 | Epoch 047] train_loss=1.0615 train_acc=0.4282 train_f1=0.4193 | val_loss=1.1292 val_acc=0.3550 val_f1=0.3481
[04:57:40] INFO: [Fold 9 | Epoch 048] train_loss=1.0745 train_acc=0.4253 train_f1=0.4171 | val_loss=1.1640 val_acc=0.3550 val_f1=0.3029
[04:57:40] INFO: [Fold 9 | Epoch 049] train_loss=1.0597 train_acc=0.4466 train_f1=0.4381 | val_loss=1.1479 val_acc=0.3502 val_f1=0.3223
[04:57:40] INFO: [Fold 9 | Epoch 050] train_loss=1.0574 train_acc=0.4340 train_f1=0.4273 | val_loss=1.1783 val_acc=0.3550 val_f1=0.2841
[04:57:40] INFO: [Fold 9 TEST] subject=ZKH acc=0.3695 bal_acc=0.3836 macro_f1=0.2945
[04:57:40] INFO: ========================================================================================
[04:57:40] INFO: Fold 10/12 | held-out subject: ZKW
[04:57:40] INFO: Train size: 3469 | Val size: 613 | Test size: 394
[04:57:40] INFO: Train label counts: {np.int64(0): np.int64(1042), np.int64(1): np.int64(1201), np.int64(2): np.int64(1226)}
[04:57:40] INFO: Val label counts: {np.int64(0): np.int64(184), np.int64(1): np.int64(212), np.int64(2): np.int64(217)}
[04:57:40] INFO: Test label counts: {np.int64(0): np.int64(119), np.int64(1): np.int64(136), np.int64(2): np.int64(139)}
[04:57:40] INFO: [Fold 10 | Epoch 001] train_loss=1.1369 train_acc=0.3474 train_f1=0.3336 | val_loss=1.1502 val_acc=0.3507 val_f1=0.2780
[04:57:40] INFO: New best model at epoch 1 with val_macro_f1=0.2780
[04:57:40] INFO: [Fold 10 | Epoch 002] train_loss=1.1302 train_acc=0.3433 train_f1=0.3358 | val_loss=1.1457 val_acc=0.3409 val_f1=0.2202
[04:57:41] INFO: [Fold 10 | Epoch 003] train_loss=1.1371 train_acc=0.3534 train_f1=0.3433 | val_loss=1.1192 val_acc=0.3654 val_f1=0.3497
[04:57:41] INFO: New best model at epoch 3 with val_macro_f1=0.3497
[04:57:41] INFO: [Fold 10 | Epoch 004] train_loss=1.1169 train_acc=0.3707 train_f1=0.3640 | val_loss=1.1852 val_acc=0.3377 val_f1=0.3086
[04:57:41] INFO: [Fold 10 | Epoch 005] train_loss=1.1244 train_acc=0.3549 train_f1=0.3491 | val_loss=1.1522 val_acc=0.3377 val_f1=0.2927
[04:57:41] INFO: [Fold 10 | Epoch 006] train_loss=1.1287 train_acc=0.3661 train_f1=0.3540 | val_loss=1.1445 val_acc=0.3312 val_f1=0.3199
[04:57:41] INFO: [Fold 10 | Epoch 007] train_loss=1.1148 train_acc=0.3667 train_f1=0.3439 | val_loss=1.1311 val_acc=0.3556 val_f1=0.3455
[04:57:41] INFO: [Fold 10 | Epoch 008] train_loss=1.1096 train_acc=0.3690 train_f1=0.3603 | val_loss=1.1309 val_acc=0.3801 val_f1=0.3211
[04:57:41] INFO: [Fold 10 | Epoch 009] train_loss=1.1118 train_acc=0.3768 train_f1=0.3675 | val_loss=1.1257 val_acc=0.3801 val_f1=0.3259
[04:57:41] INFO: [Fold 10 | Epoch 010] train_loss=1.1220 train_acc=0.3745 train_f1=0.3696 | val_loss=1.1381 val_acc=0.3605 val_f1=0.3494
[04:57:41] INFO: [Fold 10 | Epoch 011] train_loss=1.1084 train_acc=0.3632 train_f1=0.3532 | val_loss=1.1450 val_acc=0.3556 val_f1=0.3449
[04:57:41] INFO: [Fold 10 | Epoch 012] train_loss=1.1025 train_acc=0.3848 train_f1=0.3760 | val_loss=1.1321 val_acc=0.3409 val_f1=0.3359
[04:57:41] INFO: [Fold 10 | Epoch 013] train_loss=1.0863 train_acc=0.4056 train_f1=0.3954 | val_loss=1.1597 val_acc=0.3361 val_f1=0.2877
[04:57:41] INFO: [Fold 10 | Epoch 014] train_loss=1.0927 train_acc=0.3943 train_f1=0.3870 | val_loss=1.1619 val_acc=0.3165 val_f1=0.2963
[04:57:41] INFO: [Fold 10 | Epoch 015] train_loss=1.0943 train_acc=0.3961 train_f1=0.3836 | val_loss=1.1251 val_acc=0.3654 val_f1=0.3241
[04:57:41] INFO: [Fold 10 | Epoch 016] train_loss=1.1000 train_acc=0.3874 train_f1=0.3771 | val_loss=1.1415 val_acc=0.3230 val_f1=0.3034
[04:57:41] INFO: [Fold 10 | Epoch 017] train_loss=1.0989 train_acc=0.3946 train_f1=0.3880 | val_loss=1.1251 val_acc=0.4062 val_f1=0.3311
[04:57:42] INFO: [Fold 10 | Epoch 018] train_loss=1.0861 train_acc=0.4027 train_f1=0.3935 | val_loss=1.1360 val_acc=0.3344 val_f1=0.2632
[04:57:42] INFO: [Fold 10 | Epoch 019] train_loss=1.0949 train_acc=0.3952 train_f1=0.3839 | val_loss=1.1346 val_acc=0.3736 val_f1=0.3367
[04:57:42] INFO: [Fold 10 | Epoch 020] train_loss=1.0900 train_acc=0.3946 train_f1=0.3852 | val_loss=1.1450 val_acc=0.3328 val_f1=0.3333
[04:57:42] INFO: [Fold 10 | Epoch 021] train_loss=1.0978 train_acc=0.3874 train_f1=0.3763 | val_loss=1.1563 val_acc=0.3540 val_f1=0.3328
[04:57:42] INFO: [Fold 10 | Epoch 022] train_loss=1.1012 train_acc=0.3984 train_f1=0.3915 | val_loss=1.1622 val_acc=0.3703 val_f1=0.3437
[04:57:42] INFO: [Fold 10 | Epoch 023] train_loss=1.0782 train_acc=0.4105 train_f1=0.3976 | val_loss=1.1206 val_acc=0.3719 val_f1=0.3583
[04:57:42] INFO: New best model at epoch 23 with val_macro_f1=0.3583
[04:57:42] INFO: [Fold 10 | Epoch 024] train_loss=1.0810 train_acc=0.4125 train_f1=0.4040 | val_loss=1.1531 val_acc=0.3638 val_f1=0.3381
[04:57:42] INFO: [Fold 10 | Epoch 025] train_loss=1.0929 train_acc=0.3978 train_f1=0.3902 | val_loss=1.1470 val_acc=0.3703 val_f1=0.3616
[04:57:42] INFO: New best model at epoch 25 with val_macro_f1=0.3616
[04:57:42] INFO: [Fold 10 | Epoch 026] train_loss=1.0809 train_acc=0.4119 train_f1=0.4009 | val_loss=1.1413 val_acc=0.3899 val_f1=0.3369
[04:57:42] INFO: [Fold 10 | Epoch 027] train_loss=1.0726 train_acc=0.4197 train_f1=0.4117 | val_loss=1.1484 val_acc=0.3817 val_f1=0.3112
[04:57:42] INFO: [Fold 10 | Epoch 028] train_loss=1.0824 train_acc=0.4122 train_f1=0.4036 | val_loss=1.1490 val_acc=0.3573 val_f1=0.3049
[04:57:42] INFO: [Fold 10 | Epoch 029] train_loss=1.0791 train_acc=0.4091 train_f1=0.3979 | val_loss=1.1354 val_acc=0.3785 val_f1=0.3765
[04:57:42] INFO: New best model at epoch 29 with val_macro_f1=0.3765
[04:57:42] INFO: [Fold 10 | Epoch 030] train_loss=1.0800 train_acc=0.4142 train_f1=0.4075 | val_loss=1.1305 val_acc=0.3540 val_f1=0.3299
[04:57:42] INFO: [Fold 10 | Epoch 031] train_loss=1.0825 train_acc=0.4128 train_f1=0.4045 | val_loss=1.1221 val_acc=0.3931 val_f1=0.3515
[04:57:43] INFO: [Fold 10 | Epoch 032] train_loss=1.0786 train_acc=0.4079 train_f1=0.4013 | val_loss=1.1289 val_acc=0.3915 val_f1=0.3683
[04:57:43] INFO: [Fold 10 | Epoch 033] train_loss=1.0765 train_acc=0.4111 train_f1=0.4020 | val_loss=1.1371 val_acc=0.3573 val_f1=0.3549
[04:57:43] INFO: [Fold 10 | Epoch 034] train_loss=1.0692 train_acc=0.4252 train_f1=0.4191 | val_loss=1.1381 val_acc=0.3605 val_f1=0.3579
[04:57:43] INFO: [Fold 10 | Epoch 035] train_loss=1.0749 train_acc=0.4203 train_f1=0.4112 | val_loss=1.1552 val_acc=0.3573 val_f1=0.3525
[04:57:43] INFO: [Fold 10 | Epoch 036] train_loss=1.0816 train_acc=0.4102 train_f1=0.3994 | val_loss=1.1497 val_acc=0.3736 val_f1=0.3310
[04:57:43] INFO: [Fold 10 | Epoch 037] train_loss=1.0785 train_acc=0.4217 train_f1=0.4138 | val_loss=1.2004 val_acc=0.3165 val_f1=0.3157
[04:57:43] INFO: [Fold 10 | Epoch 038] train_loss=1.0724 train_acc=0.4200 train_f1=0.4149 | val_loss=1.1198 val_acc=0.3654 val_f1=0.3562
[04:57:43] INFO: [Fold 10 | Epoch 039] train_loss=1.0685 train_acc=0.4203 train_f1=0.4130 | val_loss=1.1159 val_acc=0.4046 val_f1=0.3838
[04:57:43] INFO: New best model at epoch 39 with val_macro_f1=0.3838
[04:57:43] INFO: [Fold 10 | Epoch 040] train_loss=1.0769 train_acc=0.4174 train_f1=0.4078 | val_loss=1.1303 val_acc=0.3866 val_f1=0.3447
[04:57:43] INFO: [Fold 10 | Epoch 041] train_loss=1.0698 train_acc=0.4209 train_f1=0.4137 | val_loss=1.1704 val_acc=0.3850 val_f1=0.3406
[04:57:43] INFO: [Fold 10 | Epoch 042] train_loss=1.0707 train_acc=0.4157 train_f1=0.4097 | val_loss=1.1296 val_acc=0.3719 val_f1=0.3556
[04:57:43] INFO: [Fold 10 | Epoch 043] train_loss=1.0651 train_acc=0.4249 train_f1=0.4158 | val_loss=1.1512 val_acc=0.3507 val_f1=0.3435
[04:57:43] INFO: [Fold 10 | Epoch 044] train_loss=1.0757 train_acc=0.4171 train_f1=0.4084 | val_loss=1.1348 val_acc=0.3785 val_f1=0.3406
[04:57:43] INFO: [Fold 10 | Epoch 045] train_loss=1.0743 train_acc=0.4263 train_f1=0.4203 | val_loss=1.1663 val_acc=0.3573 val_f1=0.3408
[04:57:44] INFO: [Fold 10 | Epoch 046] train_loss=1.0606 train_acc=0.4220 train_f1=0.4109 | val_loss=1.1685 val_acc=0.3964 val_f1=0.3355
[04:57:44] INFO: [Fold 10 | Epoch 047] train_loss=1.0674 train_acc=0.4321 train_f1=0.4247 | val_loss=1.1239 val_acc=0.3638 val_f1=0.3573
[04:57:44] INFO: [Fold 10 | Epoch 048] train_loss=1.0694 train_acc=0.4252 train_f1=0.4175 | val_loss=1.1393 val_acc=0.3540 val_f1=0.3475
[04:57:44] INFO: [Fold 10 | Epoch 049] train_loss=1.0642 train_acc=0.4255 train_f1=0.4188 | val_loss=1.1586 val_acc=0.3654 val_f1=0.3127
[04:57:44] INFO: [Fold 10 | Epoch 050] train_loss=1.0706 train_acc=0.4312 train_f1=0.4228 | val_loss=1.1883 val_acc=0.3589 val_f1=0.2903
[04:57:44] INFO: [Fold 10 TEST] subject=ZKW acc=0.2970 bal_acc=0.2902 macro_f1=0.2778
[04:57:44] INFO: ========================================================================================
[04:57:44] INFO: Fold 11/12 | held-out subject: ZMG
[04:57:44] INFO: Train size: 3481 | Val size: 615 | Test size: 380
[04:57:44] INFO: Train label counts: {np.int64(0): np.int64(1046), np.int64(1): np.int64(1206), np.int64(2): np.int64(1229)}
[04:57:44] INFO: Val label counts: {np.int64(0): np.int64(185), np.int64(1): np.int64(213), np.int64(2): np.int64(217)}
[04:57:44] INFO: Test label counts: {np.int64(0): np.int64(114), np.int64(1): np.int64(130), np.int64(2): np.int64(136)}
[04:57:44] INFO: [Fold 11 | Epoch 001] train_loss=1.1595 train_acc=0.3396 train_f1=0.3337 | val_loss=1.1489 val_acc=0.2992 val_f1=0.2962
[04:57:44] INFO: New best model at epoch 1 with val_macro_f1=0.2962
[04:57:44] INFO: [Fold 11 | Epoch 002] train_loss=1.1260 train_acc=0.3559 train_f1=0.3415 | val_loss=1.1529 val_acc=0.3398 val_f1=0.2574
[04:57:44] INFO: [Fold 11 | Epoch 003] train_loss=1.1183 train_acc=0.3591 train_f1=0.3484 | val_loss=1.1444 val_acc=0.3366 val_f1=0.2784
[04:57:45] INFO: [Fold 11 | Epoch 004] train_loss=1.1232 train_acc=0.3542 train_f1=0.3442 | val_loss=1.1599 val_acc=0.2976 val_f1=0.2627
[04:57:45] INFO: [Fold 11 | Epoch 005] train_loss=1.1193 train_acc=0.3542 train_f1=0.3491 | val_loss=1.1407 val_acc=0.3415 val_f1=0.2726
[04:57:45] INFO: [Fold 11 | Epoch 006] train_loss=1.1041 train_acc=0.3821 train_f1=0.3687 | val_loss=1.1420 val_acc=0.3203 val_f1=0.2966
[04:57:45] INFO: New best model at epoch 6 with val_macro_f1=0.2966
[04:57:45] INFO: [Fold 11 | Epoch 007] train_loss=1.1022 train_acc=0.3812 train_f1=0.3748 | val_loss=1.1407 val_acc=0.3561 val_f1=0.3176
[04:57:45] INFO: New best model at epoch 7 with val_macro_f1=0.3176
[04:57:45] INFO: [Fold 11 | Epoch 008] train_loss=1.1064 train_acc=0.3953 train_f1=0.3887 | val_loss=1.1459 val_acc=0.3447 val_f1=0.3062
[04:57:45] INFO: [Fold 11 | Epoch 009] train_loss=1.0995 train_acc=0.3858 train_f1=0.3715 | val_loss=1.1311 val_acc=0.3480 val_f1=0.3400
[04:57:45] INFO: New best model at epoch 9 with val_macro_f1=0.3400
[04:57:45] INFO: [Fold 11 | Epoch 010] train_loss=1.0968 train_acc=0.3890 train_f1=0.3759 | val_loss=1.1626 val_acc=0.3301 val_f1=0.2810
[04:57:45] INFO: [Fold 11 | Epoch 011] train_loss=1.1065 train_acc=0.3847 train_f1=0.3778 | val_loss=1.1273 val_acc=0.3382 val_f1=0.3121
[04:57:45] INFO: [Fold 11 | Epoch 012] train_loss=1.1017 train_acc=0.3907 train_f1=0.3848 | val_loss=1.1323 val_acc=0.3805 val_f1=0.3220
[04:57:45] INFO: [Fold 11 | Epoch 013] train_loss=1.0928 train_acc=0.3901 train_f1=0.3825 | val_loss=1.1377 val_acc=0.3545 val_f1=0.3384
[04:57:45] INFO: [Fold 11 | Epoch 014] train_loss=1.1076 train_acc=0.3703 train_f1=0.3598 | val_loss=1.1481 val_acc=0.3366 val_f1=0.3096
[04:57:45] INFO: [Fold 11 | Epoch 015] train_loss=1.0959 train_acc=0.3936 train_f1=0.3848 | val_loss=1.1565 val_acc=0.3642 val_f1=0.2894
[04:57:45] INFO: [Fold 11 | Epoch 016] train_loss=1.0903 train_acc=0.3913 train_f1=0.3824 | val_loss=1.1471 val_acc=0.3350 val_f1=0.3278
[04:57:45] INFO: [Fold 11 | Epoch 017] train_loss=1.0817 train_acc=0.4091 train_f1=0.4013 | val_loss=1.1688 val_acc=0.3691 val_f1=0.3139
[04:57:45] INFO: [Fold 11 | Epoch 018] train_loss=1.0908 train_acc=0.4030 train_f1=0.3955 | val_loss=1.1552 val_acc=0.3301 val_f1=0.3048
[04:57:46] INFO: [Fold 11 | Epoch 019] train_loss=1.0841 train_acc=0.4045 train_f1=0.3935 | val_loss=1.1904 val_acc=0.3382 val_f1=0.2804
[04:57:46] INFO: [Fold 11 | Epoch 020] train_loss=1.0995 train_acc=0.3950 train_f1=0.3866 | val_loss=1.1360 val_acc=0.3642 val_f1=0.3569
[04:57:46] INFO: New best model at epoch 20 with val_macro_f1=0.3569
[04:57:46] INFO: [Fold 11 | Epoch 021] train_loss=1.0848 train_acc=0.4065 train_f1=0.3991 | val_loss=1.1325 val_acc=0.3561 val_f1=0.3042
[04:57:46] INFO: [Fold 11 | Epoch 022] train_loss=1.0760 train_acc=0.4246 train_f1=0.4139 | val_loss=1.1268 val_acc=0.3480 val_f1=0.3422
[04:57:46] INFO: [Fold 11 | Epoch 023] train_loss=1.0905 train_acc=0.4186 train_f1=0.4128 | val_loss=1.1510 val_acc=0.3528 val_f1=0.3507
[04:57:46] INFO: [Fold 11 | Epoch 024] train_loss=1.0823 train_acc=0.4122 train_f1=0.4039 | val_loss=1.1621 val_acc=0.3480 val_f1=0.3266
[04:57:46] INFO: [Fold 11 | Epoch 025] train_loss=1.0966 train_acc=0.4068 train_f1=0.4010 | val_loss=1.1280 val_acc=0.3707 val_f1=0.3480
[04:57:46] INFO: [Fold 11 | Epoch 026] train_loss=1.0743 train_acc=0.4142 train_f1=0.4012 | val_loss=1.2051 val_acc=0.3480 val_f1=0.3133
[04:57:46] INFO: [Fold 11 | Epoch 027] train_loss=1.0929 train_acc=0.4154 train_f1=0.4088 | val_loss=1.1994 val_acc=0.3350 val_f1=0.2196
[04:57:46] INFO: [Fold 11 | Epoch 028] train_loss=1.0794 train_acc=0.4157 train_f1=0.4076 | val_loss=1.1361 val_acc=0.3561 val_f1=0.3452
[04:57:46] INFO: [Fold 11 | Epoch 029] train_loss=1.0846 train_acc=0.4220 train_f1=0.4150 | val_loss=1.1705 val_acc=0.3415 val_f1=0.3065
[04:57:46] INFO: [Fold 11 | Epoch 030] train_loss=1.0837 train_acc=0.4188 train_f1=0.4092 | val_loss=1.1675 val_acc=0.3528 val_f1=0.2853
[04:57:46] INFO: [Fold 11 | Epoch 031] train_loss=1.0745 train_acc=0.4137 train_f1=0.4057 | val_loss=1.1647 val_acc=0.3707 val_f1=0.3048
[04:57:46] INFO: [Fold 11 | Epoch 032] train_loss=1.0753 train_acc=0.4226 train_f1=0.4141 | val_loss=1.1286 val_acc=0.3610 val_f1=0.3549
[04:57:46] INFO: [Fold 11 | Epoch 033] train_loss=1.0676 train_acc=0.4298 train_f1=0.4204 | val_loss=1.1577 val_acc=0.3268 val_f1=0.3066
[04:57:47] INFO: [Fold 11 | Epoch 034] train_loss=1.0760 train_acc=0.4211 train_f1=0.4083 | val_loss=1.1492 val_acc=0.3398 val_f1=0.3333
[04:57:47] INFO: [Fold 11 | Epoch 035] train_loss=1.0792 train_acc=0.4131 train_f1=0.4043 | val_loss=1.1524 val_acc=0.3480 val_f1=0.3138
[04:57:47] INFO: [Fold 11 | Epoch 036] train_loss=1.0849 train_acc=0.4165 train_f1=0.4094 | val_loss=1.1339 val_acc=0.3496 val_f1=0.3125
[04:57:47] INFO: [Fold 11 | Epoch 037] train_loss=1.0725 train_acc=0.4349 train_f1=0.4256 | val_loss=1.1501 val_acc=0.3463 val_f1=0.2965
[04:57:47] INFO: [Fold 11 | Epoch 038] train_loss=1.0645 train_acc=0.4375 train_f1=0.4309 | val_loss=1.1515 val_acc=0.3528 val_f1=0.3319
[04:57:47] INFO: [Fold 11 | Epoch 039] train_loss=1.0653 train_acc=0.4263 train_f1=0.4188 | val_loss=1.1568 val_acc=0.3220 val_f1=0.3207
[04:57:47] INFO: [Fold 11 | Epoch 040] train_loss=1.0749 train_acc=0.4269 train_f1=0.4197 | val_loss=1.1570 val_acc=0.3675 val_f1=0.3594
[04:57:47] INFO: New best model at epoch 40 with val_macro_f1=0.3594
[04:57:47] INFO: [Fold 11 | Epoch 041] train_loss=1.0691 train_acc=0.4211 train_f1=0.4105 | val_loss=1.1695 val_acc=0.3317 val_f1=0.3182
[04:57:47] INFO: [Fold 11 | Epoch 042] train_loss=1.0730 train_acc=0.4263 train_f1=0.4182 | val_loss=1.1631 val_acc=0.3545 val_f1=0.3440
[04:57:47] INFO: [Fold 11 | Epoch 043] train_loss=1.0701 train_acc=0.4306 train_f1=0.4242 | val_loss=1.1625 val_acc=0.3431 val_f1=0.3406
[04:57:47] INFO: [Fold 11 | Epoch 044] train_loss=1.0755 train_acc=0.4197 train_f1=0.4156 | val_loss=1.1864 val_acc=0.3480 val_f1=0.3242
[04:57:47] INFO: [Fold 11 | Epoch 045] train_loss=1.0765 train_acc=0.4203 train_f1=0.4125 | val_loss=1.1376 val_acc=0.3463 val_f1=0.3090
[04:57:47] INFO: [Fold 11 | Epoch 046] train_loss=1.0660 train_acc=0.4257 train_f1=0.4183 | val_loss=1.1636 val_acc=0.3382 val_f1=0.2960
[04:57:47] INFO: [Fold 11 | Epoch 047] train_loss=1.0567 train_acc=0.4335 train_f1=0.4234 | val_loss=1.1629 val_acc=0.3366 val_f1=0.3320
[04:57:47] INFO: [Fold 11 | Epoch 048] train_loss=1.0734 train_acc=0.4177 train_f1=0.4115 | val_loss=1.1552 val_acc=0.3382 val_f1=0.3353
[04:57:48] INFO: [Fold 11 | Epoch 049] train_loss=1.0774 train_acc=0.4194 train_f1=0.4105 | val_loss=1.1733 val_acc=0.3382 val_f1=0.3311
[04:57:48] INFO: [Fold 11 | Epoch 050] train_loss=1.0590 train_acc=0.4361 train_f1=0.4269 | val_loss=1.1589 val_acc=0.3626 val_f1=0.3307
[04:57:48] INFO: [Fold 11 TEST] subject=ZMG acc=0.3211 bal_acc=0.3471 macro_f1=0.2458
[04:57:48] INFO: ========================================================================================
[04:57:48] INFO: Fold 12/12 | held-out subject: ZPH
[04:57:48] INFO: Train size: 3474 | Val size: 614 | Test size: 388
[04:57:48] INFO: Train label counts: {np.int64(0): np.int64(1044), np.int64(1): np.int64(1202), np.int64(2): np.int64(1228)}
[04:57:48] INFO: Val label counts: {np.int64(0): np.int64(184), np.int64(1): np.int64(213), np.int64(2): np.int64(217)}
[04:57:48] INFO: Test label counts: {np.int64(0): np.int64(117), np.int64(1): np.int64(134), np.int64(2): np.int64(137)}
[04:57:48] INFO: [Fold 12 | Epoch 001] train_loss=1.1455 train_acc=0.3469 train_f1=0.3385 | val_loss=1.1544 val_acc=0.3274 val_f1=0.2781
[04:57:48] INFO: New best model at epoch 1 with val_macro_f1=0.2781
[04:57:48] INFO: [Fold 12 | Epoch 002] train_loss=1.1279 train_acc=0.3483 train_f1=0.3378 | val_loss=1.1575 val_acc=0.3208 val_f1=0.3030
[04:57:48] INFO: New best model at epoch 2 with val_macro_f1=0.3030
[04:57:48] INFO: [Fold 12 | Epoch 003] train_loss=1.1346 train_acc=0.3495 train_f1=0.3457 | val_loss=1.1337 val_acc=0.3241 val_f1=0.2633
[04:57:48] INFO: [Fold 12 | Epoch 004] train_loss=1.1322 train_acc=0.3437 train_f1=0.3349 | val_loss=1.1200 val_acc=0.3697 val_f1=0.2907
[04:57:48] INFO: [Fold 12 | Epoch 005] train_loss=1.1054 train_acc=0.3713 train_f1=0.3580 | val_loss=1.1204 val_acc=0.3225 val_f1=0.3200
[04:57:48] INFO: New best model at epoch 5 with val_macro_f1=0.3200
[04:57:48] INFO: [Fold 12 | Epoch 006] train_loss=1.1116 train_acc=0.3739 train_f1=0.3630 | val_loss=1.1797 val_acc=0.3208 val_f1=0.2918
[04:57:49] INFO: [Fold 12 | Epoch 007] train_loss=1.1193 train_acc=0.3774 train_f1=0.3726 | val_loss=1.1857 val_acc=0.3371 val_f1=0.2885
[04:57:49] INFO: [Fold 12 | Epoch 008] train_loss=1.1189 train_acc=0.3762 train_f1=0.3643 | val_loss=1.1393 val_acc=0.3420 val_f1=0.3391
[04:57:49] INFO: New best model at epoch 8 with val_macro_f1=0.3391
[04:57:49] INFO: [Fold 12 | Epoch 009] train_loss=1.1079 train_acc=0.3782 train_f1=0.3736 | val_loss=1.2058 val_acc=0.3518 val_f1=0.2790
[04:57:49] INFO: [Fold 12 | Epoch 010] train_loss=1.1094 train_acc=0.3710 train_f1=0.3647 | val_loss=1.1387 val_acc=0.3290 val_f1=0.3268
[04:57:49] INFO: [Fold 12 | Epoch 011] train_loss=1.0935 train_acc=0.3932 train_f1=0.3835 | val_loss=1.1373 val_acc=0.3404 val_f1=0.3243
[04:57:49] INFO: [Fold 12 | Epoch 012] train_loss=1.0916 train_acc=0.3915 train_f1=0.3848 | val_loss=1.1786 val_acc=0.3355 val_f1=0.2349
[04:57:49] INFO: [Fold 12 | Epoch 013] train_loss=1.0989 train_acc=0.3929 train_f1=0.3787 | val_loss=1.1366 val_acc=0.3404 val_f1=0.3352
[04:57:49] INFO: [Fold 12 | Epoch 014] train_loss=1.0923 train_acc=0.4050 train_f1=0.3942 | val_loss=1.1382 val_acc=0.3290 val_f1=0.2623
[04:57:49] INFO: [Fold 12 | Epoch 015] train_loss=1.0958 train_acc=0.3964 train_f1=0.3870 | val_loss=1.1615 val_acc=0.3274 val_f1=0.2659
[04:57:49] INFO: [Fold 12 | Epoch 016] train_loss=1.0959 train_acc=0.3898 train_f1=0.3769 | val_loss=1.1627 val_acc=0.3078 val_f1=0.2866
[04:57:49] INFO: [Fold 12 | Epoch 017] train_loss=1.0925 train_acc=0.4047 train_f1=0.4005 | val_loss=1.1577 val_acc=0.3241 val_f1=0.2441
[04:57:49] INFO: [Fold 12 | Epoch 018] train_loss=1.0978 train_acc=0.4085 train_f1=0.3997 | val_loss=1.1586 val_acc=0.3469 val_f1=0.3424
[04:57:49] INFO: New best model at epoch 18 with val_macro_f1=0.3424
[04:57:49] INFO: [Fold 12 | Epoch 019] train_loss=1.0987 train_acc=0.4004 train_f1=0.3913 | val_loss=1.1687 val_acc=0.3290 val_f1=0.2463
[04:57:49] INFO: [Fold 12 | Epoch 020] train_loss=1.0894 train_acc=0.4093 train_f1=0.4029 | val_loss=1.1723 val_acc=0.3534 val_f1=0.2788
[04:57:50] INFO: [Fold 12 | Epoch 021] train_loss=1.0821 train_acc=0.4108 train_f1=0.4041 | val_loss=1.1310 val_acc=0.3436 val_f1=0.2991
[04:57:50] INFO: [Fold 12 | Epoch 022] train_loss=1.0845 train_acc=0.3932 train_f1=0.3849 | val_loss=1.1457 val_acc=0.3453 val_f1=0.3068
[04:57:50] INFO: [Fold 12 | Epoch 023] train_loss=1.0878 train_acc=0.4151 train_f1=0.4095 | val_loss=1.1692 val_acc=0.3371 val_f1=0.2672
[04:57:50] INFO: [Fold 12 | Epoch 024] train_loss=1.0934 train_acc=0.4030 train_f1=0.3917 | val_loss=1.1621 val_acc=0.3290 val_f1=0.3050
[04:57:50] INFO: [Fold 12 | Epoch 025] train_loss=1.0843 train_acc=0.3987 train_f1=0.3925 | val_loss=1.1437 val_acc=0.3762 val_f1=0.3417
[04:57:50] INFO: [Fold 12 | Epoch 026] train_loss=1.0763 train_acc=0.4134 train_f1=0.4054 | val_loss=1.1350 val_acc=0.3730 val_f1=0.3175
[04:57:50] INFO: [Fold 12 | Epoch 027] train_loss=1.0729 train_acc=0.4206 train_f1=0.4085 | val_loss=1.1486 val_acc=0.3322 val_f1=0.3243
[04:57:50] INFO: [Fold 12 | Epoch 028] train_loss=1.0799 train_acc=0.4185 train_f1=0.4140 | val_loss=1.2066 val_acc=0.3730 val_f1=0.2970
[04:57:50] INFO: [Fold 12 | Epoch 029] train_loss=1.0845 train_acc=0.4047 train_f1=0.3982 | val_loss=1.1522 val_acc=0.3599 val_f1=0.3319
[04:57:50] INFO: [Fold 12 | Epoch 030] train_loss=1.0753 train_acc=0.4177 train_f1=0.4093 | val_loss=1.1869 val_acc=0.3241 val_f1=0.2791
[04:57:50] INFO: [Fold 12 | Epoch 031] train_loss=1.0793 train_acc=0.4093 train_f1=0.4052 | val_loss=1.1606 val_acc=0.3176 val_f1=0.2887
[04:57:50] INFO: [Fold 12 | Epoch 032] train_loss=1.0857 train_acc=0.4171 train_f1=0.4099 | val_loss=1.2354 val_acc=0.3436 val_f1=0.2433
[04:57:50] INFO: [Fold 12 | Epoch 033] train_loss=1.0803 train_acc=0.4134 train_f1=0.4057 | val_loss=1.1617 val_acc=0.3078 val_f1=0.2816
[04:57:50] INFO: [Fold 12 | Epoch 034] train_loss=1.0639 train_acc=0.4260 train_f1=0.4157 | val_loss=1.1692 val_acc=0.3208 val_f1=0.3163
[04:57:50] INFO: [Fold 12 | Epoch 035] train_loss=1.0693 train_acc=0.4096 train_f1=0.4002 | val_loss=1.1477 val_acc=0.3404 val_f1=0.3395
[04:57:51] INFO: [Fold 12 | Epoch 036] train_loss=1.0643 train_acc=0.4226 train_f1=0.4136 | val_loss=1.1363 val_acc=0.3420 val_f1=0.3144
[04:57:51] INFO: [Fold 12 | Epoch 037] train_loss=1.0643 train_acc=0.4384 train_f1=0.4296 | val_loss=1.1489 val_acc=0.3388 val_f1=0.3259
[04:57:51] INFO: [Fold 12 | Epoch 038] train_loss=1.0665 train_acc=0.4387 train_f1=0.4319 | val_loss=1.1690 val_acc=0.3192 val_f1=0.3093
[04:57:51] INFO: [Fold 12 | Epoch 039] train_loss=1.0726 train_acc=0.4263 train_f1=0.4203 | val_loss=1.1432 val_acc=0.3567 val_f1=0.3150
[04:57:51] INFO: [Fold 12 | Epoch 040] train_loss=1.0693 train_acc=0.4347 train_f1=0.4240 | val_loss=1.1682 val_acc=0.3550 val_f1=0.3071
[04:57:51] INFO: [Fold 12 | Epoch 041] train_loss=1.0729 train_acc=0.4229 train_f1=0.4178 | val_loss=1.1567 val_acc=0.3453 val_f1=0.3244
[04:57:51] INFO: [Fold 12 | Epoch 042] train_loss=1.0742 train_acc=0.4151 train_f1=0.4086 | val_loss=1.1480 val_acc=0.3208 val_f1=0.2944
[04:57:51] INFO: [Fold 12 | Epoch 043] train_loss=1.0606 train_acc=0.4324 train_f1=0.4218 | val_loss=1.1388 val_acc=0.3339 val_f1=0.3218
[04:57:51] INFO: [Fold 12 | Epoch 044] train_loss=1.0574 train_acc=0.4347 train_f1=0.4246 | val_loss=1.1437 val_acc=0.3469 val_f1=0.3435
[04:57:51] INFO: New best model at epoch 44 with val_macro_f1=0.3435
[04:57:51] INFO: [Fold 12 | Epoch 045] train_loss=1.0610 train_acc=0.4321 train_f1=0.4259 | val_loss=1.1595 val_acc=0.3339 val_f1=0.3140
[04:57:51] INFO: [Fold 12 | Epoch 046] train_loss=1.0698 train_acc=0.4349 train_f1=0.4255 | val_loss=1.1736 val_acc=0.3029 val_f1=0.3011
[04:57:51] INFO: [Fold 12 | Epoch 047] train_loss=1.0607 train_acc=0.4332 train_f1=0.4280 | val_loss=1.1966 val_acc=0.3143 val_f1=0.2975
[04:57:51] INFO: [Fold 12 | Epoch 048] train_loss=1.0639 train_acc=0.4332 train_f1=0.4266 | val_loss=1.1500 val_acc=0.3502 val_f1=0.3142
[04:57:51] INFO: [Fold 12 | Epoch 049] train_loss=1.0618 train_acc=0.4332 train_f1=0.4261 | val_loss=1.1804 val_acc=0.3257 val_f1=0.3260
[04:57:51] INFO: [Fold 12 | Epoch 050] train_loss=1.0709 train_acc=0.4329 train_f1=0.4279 | val_loss=1.1499 val_acc=0.3225 val_f1=0.3179
[04:57:52] INFO: [Fold 12 TEST] subject=ZPH acc=0.3711 bal_acc=0.3570 macro_f1=0.2675
[04:57:52] INFO: ========================================================================================
[04:57:52] INFO: Finished A1 frozen sentiment probe
[04:57:52] INFO: Per-subject results saved to: results/A1_frozen_probe_sentiment/per_subject_results.csv
[04:57:52] INFO: All predictions saved to: results/A1_frozen_probe_sentiment/all_predictions.csv
[04:57:52] INFO: Summary saved to: results/A1_frozen_probe_sentiment/summary.json
[04:57:52] INFO: Final LOSO results | accuracy=0.3438±0.0270 | balanced_accuracy=0.3413±0.0247 | macro_f1=0.2710±0.0558
[23:39:16] INFO: Starting A1 frozen sentiment probe (trial-level, text-joined)
[23:39:16] INFO: {
  "embeddings_npz": "exports/embeddings_SR_pretrained_unlabeled/embeddings.npz",
  "labels_csv": "labels/sentiment_normal_reading.csv",
  "checkpoint": "../checkpoints/cet_mae/cet_mae_transfer3_a100_80gb_best.pt",
  "output_dir": "results/A1_frozen_probe_sentiment",
  "epochs": 50,
  "lr": 0.001,
  "weight_decay": 0.0001,
  "batch_size": 64,
  "feature_batch_size": 16,
  "num_workers": 0,
  "val_ratio": 0.15,
  "seed": 42,
  "log_every": 10,
  "device": "cuda",
  "bart_path": "facebook/bart-large",
  "head_type": "linear",
  "freeze_encoder": true,
  "sentence_col": "sentence",
  "label_col": "sentiment_label",
  "subject_col": null,
  "binary": false,
  "input_is_pooled": false,
  "input_is_token_hidden": false
}
[23:39:16] INFO: Using device: cuda
[23:39:16] INFO: NPZ keys found: ['input_embeddings', 'normalized_input_embeddings', 'input_attn_mask', 'input_attn_mask_invert', 'seq_len', 'target_string', 'subject_id', 'sentence_index', 'task_name', 'source_file']
[23:39:20] INFO: Loaded EEG/features array from key 'normalized_input_embeddings' with shape (4532, 58, 840)
[23:39:20] INFO: Loaded attention mask shape: (4532, 58)
[23:39:20] INFO: Subject IDs present: True
[23:39:20] INFO: Text key: target_string; unique texts: 400
[23:39:20] INFO: Loaded labels CSV with shape (600, 3) from labels/sentiment_normal_reading.csv using encoding=utf-8
[23:39:20] INFO: CSV columns: ['ID', 'sentence', 'control']
[23:42:21] INFO: Starting A1 frozen sentiment probe (trial-level, text-joined)
[23:42:21] INFO: {
  "embeddings_npz": "exports/embeddings_SR_pretrained_unlabeled/embeddings.npz",
  "labels_csv": "labels/sentiment_labels_task1.csv",
  "checkpoint": "../checkpoints/cet_mae/cet_mae_transfer3_a100_80gb_best.pt",
  "output_dir": "results/A1_frozen_probe_sentiment",
  "epochs": 50,
  "lr": 0.001,
  "weight_decay": 0.0001,
  "batch_size": 64,
  "feature_batch_size": 16,
  "num_workers": 0,
  "val_ratio": 0.15,
  "seed": 42,
  "log_every": 10,
  "device": "cuda",
  "bart_path": "facebook/bart-large",
  "head_type": "linear",
  "freeze_encoder": true,
  "sentence_col": "sentence",
  "label_col": "sentiment_label",
  "subject_col": null,
  "binary": false,
  "input_is_pooled": false,
  "input_is_token_hidden": false
}
[23:42:21] INFO: Using device: cuda
[23:42:21] INFO: NPZ keys found: ['input_embeddings', 'normalized_input_embeddings', 'input_attn_mask', 'input_attn_mask_invert', 'seq_len', 'target_string', 'subject_id', 'sentence_index', 'task_name', 'source_file']
[23:42:24] INFO: Loaded EEG/features array from key 'normalized_input_embeddings' with shape (4532, 58, 840)
[23:42:24] INFO: Loaded attention mask shape: (4532, 58)
[23:42:24] INFO: Subject IDs present: True
[23:42:24] INFO: Text key: target_string; unique texts: 400
[23:42:24] INFO: Loaded labels CSV with shape (400, 4) from labels/sentiment_labels_task1.csv using encoding=utf-8
[23:42:24] INFO: CSV columns: ['sentence_id', 'sentence', 'control', 'sentiment_label']
[23:42:24] INFO: Labels DataFrame after cleaning: 395 rows, 395 unique texts
[23:42:24] INFO: Unique sentiment_raw values in labels: ['negative', 'neutral', 'positive']
[23:42:24] INFO: After text-merge: labeled trials = 4476, unlabeled trials = 56
[23:42:24] INFO: Unique sentiment_raw values before label mapping: ['negative', 'neutral', 'positive']
[23:42:24] INFO: Final merged trial-level dataset size: 4476
[23:42:24] INFO: Subjects: ['ZAB', 'ZDM', 'ZDN', 'ZGW', 'ZJM', 'ZJN', 'ZJS', 'ZKB', 'ZKH', 'ZKW', 'ZMG', 'ZPH']
[23:42:24] INFO: Label counts: {'positive': 1582, 'neutral': 1549, 'negative': 1345}
[23:42:25] INFO: Extracting frozen CET-MAE features from raw EEG token features using checkpoint encoder.
[23:42:32] INFO: Checkpoint loaded from ../checkpoints/cet_mae/cet_mae_transfer3_a100_80gb_best.pt
[23:42:32] INFO: Missing keys count: 0
[23:42:32] INFO: Unexpected keys count: 0
[23:42:37] INFO: Saved pooled features to results/A1_frozen_probe_sentiment/pooled_features.npy with shape (4476, 1024)
[23:42:37] INFO: Running leave-one-subject-out CV over 12 subjects.
[23:42:37] INFO: ========================================================================================
[23:42:37] INFO: Fold 1/12 | held-out subject: ZAB
[23:42:37] INFO: Train size: 3420 | Val size: 669 | Test size: 387
[23:42:37] INFO: Train subjects: ['ZDM', 'ZGW', 'ZJM', 'ZJN', 'ZJS', 'ZKB', 'ZKH', 'ZKW', 'ZPH'] | Val subjects: ['ZDN', 'ZMG'] | Test subject: ZAB
[23:42:37] INFO: Train label counts: {np.int64(0): np.int64(1027), np.int64(1): np.int64(1180), np.int64(2): np.int64(1213)}
[23:42:37] INFO: Val label counts: {np.int64(0): np.int64(201), np.int64(1): np.int64(237), np.int64(2): np.int64(231)}
[23:42:37] INFO: Test label counts: {np.int64(0): np.int64(117), np.int64(1): np.int64(132), np.int64(2): np.int64(138)}
[23:42:37] INFO: [Fold 1 | Epoch 001] train_loss=1.1403 train_acc=0.3389 train_f1=0.3341 | val_loss=1.1269 val_acc=0.3303 val_f1=0.2698
[23:42:37] INFO: New best model at epoch 1 with val_macro_f1=0.2698
[23:42:37] INFO: [Fold 1 | Epoch 002] train_loss=1.1288 train_acc=0.3468 train_f1=0.3361 | val_loss=1.1078 val_acc=0.3572 val_f1=0.3217
[23:42:37] INFO: New best model at epoch 2 with val_macro_f1=0.3217
[23:42:37] INFO: [Fold 1 | Epoch 003] train_loss=1.1189 train_acc=0.3462 train_f1=0.3348 | val_loss=1.1310 val_acc=0.3498 val_f1=0.2180
[23:42:37] INFO: [Fold 1 | Epoch 004] train_loss=1.1201 train_acc=0.3605 train_f1=0.3505 | val_loss=1.1168 val_acc=0.3662 val_f1=0.2898
[23:42:37] INFO: [Fold 1 | Epoch 005] train_loss=1.1107 train_acc=0.3696 train_f1=0.3603 | val_loss=1.1572 val_acc=0.3528 val_f1=0.2732
[23:42:38] INFO: [Fold 1 | Epoch 006] train_loss=1.1003 train_acc=0.3819 train_f1=0.3765 | val_loss=1.1177 val_acc=0.3423 val_f1=0.2651
[23:42:38] INFO: [Fold 1 | Epoch 007] train_loss=1.1093 train_acc=0.3725 train_f1=0.3628 | val_loss=1.2205 val_acc=0.3572 val_f1=0.1999
[23:42:38] INFO: [Fold 1 | Epoch 008] train_loss=1.1058 train_acc=0.3795 train_f1=0.3692 | val_loss=1.1387 val_acc=0.3154 val_f1=0.2947
[23:42:38] INFO: [Fold 1 | Epoch 009] train_loss=1.1133 train_acc=0.3719 train_f1=0.3580 | val_loss=1.1242 val_acc=0.3572 val_f1=0.2821
[23:42:38] INFO: [Fold 1 | Epoch 010] train_loss=1.0992 train_acc=0.3874 train_f1=0.3733 | val_loss=1.1312 val_acc=0.3259 val_f1=0.2698
[23:42:38] INFO: [Fold 1 | Epoch 011] train_loss=1.0958 train_acc=0.3842 train_f1=0.3730 | val_loss=1.1732 val_acc=0.3692 val_f1=0.2594
[23:42:39] INFO: [Fold 1 | Epoch 012] train_loss=1.0978 train_acc=0.3918 train_f1=0.3798 | val_loss=1.1275 val_acc=0.3662 val_f1=0.3349
[23:42:39] INFO: New best model at epoch 12 with val_macro_f1=0.3349
[23:42:39] INFO: [Fold 1 | Epoch 013] train_loss=1.1001 train_acc=0.3915 train_f1=0.3850 | val_loss=1.1770 val_acc=0.3737 val_f1=0.2562
[23:42:39] INFO: [Fold 1 | Epoch 014] train_loss=1.0955 train_acc=0.4047 train_f1=0.3979 | val_loss=1.1671 val_acc=0.3423 val_f1=0.2234
[23:42:39] INFO: [Fold 1 | Epoch 015] train_loss=1.0923 train_acc=0.3977 train_f1=0.3856 | val_loss=1.1731 val_acc=0.3453 val_f1=0.2720
[23:42:39] INFO: [Fold 1 | Epoch 016] train_loss=1.1043 train_acc=0.3950 train_f1=0.3899 | val_loss=1.2369 val_acc=0.3558 val_f1=0.1862
[23:42:40] INFO: [Fold 1 | Epoch 017] train_loss=1.1027 train_acc=0.3883 train_f1=0.3812 | val_loss=1.1613 val_acc=0.3498 val_f1=0.3011
[23:42:40] INFO: [Fold 1 | Epoch 018] train_loss=1.0860 train_acc=0.4023 train_f1=0.3923 | val_loss=1.1803 val_acc=0.3498 val_f1=0.2707
[23:42:40] INFO: [Fold 1 | Epoch 019] train_loss=1.0921 train_acc=0.4105 train_f1=0.3995 | val_loss=1.2497 val_acc=0.3543 val_f1=0.1813
[23:42:40] INFO: [Fold 1 | Epoch 020] train_loss=1.0821 train_acc=0.4006 train_f1=0.3934 | val_loss=1.1368 val_acc=0.3602 val_f1=0.2969
[23:42:40] INFO: [Fold 1 | Epoch 021] train_loss=1.0866 train_acc=0.4096 train_f1=0.4025 | val_loss=1.2321 val_acc=0.3528 val_f1=0.1900
[23:42:40] INFO: [Fold 1 | Epoch 022] train_loss=1.0951 train_acc=0.3991 train_f1=0.3866 | val_loss=1.2009 val_acc=0.3587 val_f1=0.2130
[23:42:41] INFO: [Fold 1 | Epoch 023] train_loss=1.0805 train_acc=0.4126 train_f1=0.3982 | val_loss=1.2556 val_acc=0.3737 val_f1=0.2407
[23:42:41] INFO: [Fold 1 | Epoch 024] train_loss=1.0836 train_acc=0.4117 train_f1=0.4054 | val_loss=1.2479 val_acc=0.3558 val_f1=0.2017
[23:42:41] INFO: [Fold 1 | Epoch 025] train_loss=1.0821 train_acc=0.4135 train_f1=0.4057 | val_loss=1.1449 val_acc=0.3468 val_f1=0.3089
[23:42:41] INFO: [Fold 1 | Epoch 026] train_loss=1.0744 train_acc=0.4208 train_f1=0.4098 | val_loss=1.1558 val_acc=0.3572 val_f1=0.3367
[23:42:41] INFO: New best model at epoch 26 with val_macro_f1=0.3367
[23:42:41] INFO: [Fold 1 | Epoch 027] train_loss=1.0807 train_acc=0.4211 train_f1=0.4105 | val_loss=1.1622 val_acc=0.3632 val_f1=0.2908
[23:42:41] INFO: [Fold 1 | Epoch 028] train_loss=1.0725 train_acc=0.4132 train_f1=0.4055 | val_loss=1.1709 val_acc=0.3797 val_f1=0.2939
[23:42:41] INFO: [Fold 1 | Epoch 029] train_loss=1.0838 train_acc=0.4111 train_f1=0.4033 | val_loss=1.1641 val_acc=0.3513 val_f1=0.3155
[23:42:42] INFO: [Fold 1 | Epoch 030] train_loss=1.0775 train_acc=0.4257 train_f1=0.4178 | val_loss=1.1520 val_acc=0.3647 val_f1=0.3231
[23:42:42] INFO: [Fold 1 | Epoch 031] train_loss=1.0816 train_acc=0.4178 train_f1=0.4131 | val_loss=1.1857 val_acc=0.3632 val_f1=0.2424
[23:42:42] INFO: [Fold 1 | Epoch 032] train_loss=1.0768 train_acc=0.4316 train_f1=0.4225 | val_loss=1.1848 val_acc=0.3483 val_f1=0.2993
[23:42:42] INFO: [Fold 1 | Epoch 033] train_loss=1.0818 train_acc=0.4158 train_f1=0.4110 | val_loss=1.1613 val_acc=0.3587 val_f1=0.2930
[23:42:42] INFO: [Fold 1 | Epoch 034] train_loss=1.0782 train_acc=0.4260 train_f1=0.4170 | val_loss=1.2518 val_acc=0.3468 val_f1=0.2773
[23:42:42] INFO: [Fold 1 | Epoch 035] train_loss=1.0697 train_acc=0.4249 train_f1=0.4121 | val_loss=1.1545 val_acc=0.3602 val_f1=0.2888
[23:42:42] INFO: [Fold 1 | Epoch 036] train_loss=1.0746 train_acc=0.4175 train_f1=0.4119 | val_loss=1.1879 val_acc=0.3498 val_f1=0.2807
[23:42:43] INFO: [Fold 1 | Epoch 037] train_loss=1.0722 train_acc=0.4272 train_f1=0.4206 | val_loss=1.1721 val_acc=0.3453 val_f1=0.3134
[23:42:43] INFO: [Fold 1 | Epoch 038] train_loss=1.0761 train_acc=0.4228 train_f1=0.4123 | val_loss=1.1845 val_acc=0.3617 val_f1=0.2676
[23:42:43] INFO: [Fold 1 | Epoch 039] train_loss=1.0869 train_acc=0.4196 train_f1=0.4134 | val_loss=1.1950 val_acc=0.3558 val_f1=0.2933
[23:42:43] INFO: [Fold 1 | Epoch 040] train_loss=1.0733 train_acc=0.4193 train_f1=0.4135 | val_loss=1.3337 val_acc=0.3677 val_f1=0.2512
[23:42:43] INFO: [Fold 1 | Epoch 041] train_loss=1.0874 train_acc=0.4146 train_f1=0.4067 | val_loss=1.2229 val_acc=0.3483 val_f1=0.2852
[23:42:44] INFO: [Fold 1 | Epoch 042] train_loss=1.0836 train_acc=0.4099 train_f1=0.4033 | val_loss=1.2233 val_acc=0.3572 val_f1=0.2425
[23:42:44] INFO: [Fold 1 | Epoch 043] train_loss=1.0648 train_acc=0.4251 train_f1=0.4169 | val_loss=1.1510 val_acc=0.3528 val_f1=0.3358
[23:42:44] INFO: [Fold 1 | Epoch 044] train_loss=1.0648 train_acc=0.4263 train_f1=0.4156 | val_loss=1.2178 val_acc=0.3528 val_f1=0.2510
[23:42:44] INFO: [Fold 1 | Epoch 045] train_loss=1.0624 train_acc=0.4304 train_f1=0.4215 | val_loss=1.1740 val_acc=0.3363 val_f1=0.2814
[23:42:44] INFO: [Fold 1 | Epoch 046] train_loss=1.0702 train_acc=0.4345 train_f1=0.4279 | val_loss=1.2006 val_acc=0.3692 val_f1=0.2696
[23:42:44] INFO: [Fold 1 | Epoch 047] train_loss=1.0643 train_acc=0.4298 train_f1=0.4195 | val_loss=1.2180 val_acc=0.3528 val_f1=0.2903
[23:42:44] INFO: [Fold 1 | Epoch 048] train_loss=1.0816 train_acc=0.4289 train_f1=0.4210 | val_loss=1.2310 val_acc=0.3318 val_f1=0.2750
[23:42:45] INFO: [Fold 1 | Epoch 049] train_loss=1.0824 train_acc=0.4137 train_f1=0.4072 | val_loss=1.2002 val_acc=0.3558 val_f1=0.3252
[23:42:45] INFO: [Fold 1 | Epoch 050] train_loss=1.0545 train_acc=0.4360 train_f1=0.4257 | val_loss=1.2088 val_acc=0.3453 val_f1=0.3028
[23:42:45] INFO: [Fold 1 TEST] subject=ZAB acc=0.3359 bal_acc=0.3428 macro_f1=0.2985
[23:42:45] INFO: ========================================================================================
[23:42:45] INFO: Fold 2/12 | held-out subject: ZDM
[23:42:45] INFO: Train size: 3383 | Val size: 714 | Test size: 379
[23:42:45] INFO: Train subjects: ['ZAB', 'ZDN', 'ZGW', 'ZJM', 'ZKB', 'ZKH', 'ZKW', 'ZMG', 'ZPH'] | Val subjects: ['ZJN', 'ZJS'] | Test subject: ZDM
[23:42:45] INFO: Train label counts: {np.int64(0): np.int64(1023), np.int64(1): np.int64(1170), np.int64(2): np.int64(1190)}
[23:42:45] INFO: Val label counts: {np.int64(0): np.int64(207), np.int64(1): np.int64(251), np.int64(2): np.int64(256)}
[23:42:45] INFO: Test label counts: {np.int64(0): np.int64(115), np.int64(1): np.int64(128), np.int64(2): np.int64(136)}
[23:42:46] INFO: [Fold 2 | Epoch 001] train_loss=1.1456 train_acc=0.3311 train_f1=0.3255 | val_loss=1.1493 val_acc=0.3627 val_f1=0.2551
[23:42:46] INFO: New best model at epoch 1 with val_macro_f1=0.2551
[23:42:46] INFO: [Fold 2 | Epoch 002] train_loss=1.1330 train_acc=0.3417 train_f1=0.3360 | val_loss=1.1213 val_acc=0.3557 val_f1=0.3430
[23:42:46] INFO: New best model at epoch 2 with val_macro_f1=0.3430
[23:42:46] INFO: [Fold 2 | Epoch 003] train_loss=1.1257 train_acc=0.3476 train_f1=0.3409 | val_loss=1.1245 val_acc=0.3319 val_f1=0.2950
[23:42:46] INFO: [Fold 2 | Epoch 004] train_loss=1.1121 train_acc=0.3657 train_f1=0.3513 | val_loss=1.1427 val_acc=0.3431 val_f1=0.2777
[23:42:46] INFO: [Fold 2 | Epoch 005] train_loss=1.1213 train_acc=0.3710 train_f1=0.3613 | val_loss=1.1327 val_acc=0.3431 val_f1=0.3245
[23:42:46] INFO: [Fold 2 | Epoch 006] train_loss=1.1117 train_acc=0.3695 train_f1=0.3599 | val_loss=1.1605 val_acc=0.3501 val_f1=0.3157
[23:42:47] INFO: [Fold 2 | Epoch 007] train_loss=1.1147 train_acc=0.3651 train_f1=0.3551 | val_loss=1.1552 val_acc=0.3375 val_f1=0.3099
[23:42:47] INFO: [Fold 2 | Epoch 008] train_loss=1.1108 train_acc=0.3698 train_f1=0.3645 | val_loss=1.1627 val_acc=0.3669 val_f1=0.2497
[23:42:47] INFO: [Fold 2 | Epoch 009] train_loss=1.1033 train_acc=0.3860 train_f1=0.3788 | val_loss=1.1506 val_acc=0.3641 val_f1=0.2561
[23:42:47] INFO: [Fold 2 | Epoch 010] train_loss=1.0982 train_acc=0.3887 train_f1=0.3755 | val_loss=1.1382 val_acc=0.3557 val_f1=0.2719
[23:42:47] INFO: [Fold 2 | Epoch 011] train_loss=1.0998 train_acc=0.3896 train_f1=0.3823 | val_loss=1.1733 val_acc=0.3487 val_f1=0.2917
[23:42:47] INFO: [Fold 2 | Epoch 012] train_loss=1.0983 train_acc=0.3787 train_f1=0.3703 | val_loss=1.1501 val_acc=0.3571 val_f1=0.2799
[23:42:48] INFO: [Fold 2 | Epoch 013] train_loss=1.1068 train_acc=0.3825 train_f1=0.3733 | val_loss=1.1779 val_acc=0.3361 val_f1=0.3166
[23:42:48] INFO: [Fold 2 | Epoch 014] train_loss=1.0975 train_acc=0.3819 train_f1=0.3737 | val_loss=1.1453 val_acc=0.3501 val_f1=0.3418
[23:42:48] INFO: [Fold 2 | Epoch 015] train_loss=1.0902 train_acc=0.3934 train_f1=0.3791 | val_loss=1.1938 val_acc=0.3445 val_f1=0.3263
[23:42:48] INFO: [Fold 2 | Epoch 016] train_loss=1.0906 train_acc=0.3999 train_f1=0.3943 | val_loss=1.1891 val_acc=0.3782 val_f1=0.3602
[23:42:48] INFO: New best model at epoch 16 with val_macro_f1=0.3602
[23:42:48] INFO: [Fold 2 | Epoch 017] train_loss=1.0912 train_acc=0.3934 train_f1=0.3846 | val_loss=1.1828 val_acc=0.3459 val_f1=0.2606
[23:42:48] INFO: [Fold 2 | Epoch 018] train_loss=1.0952 train_acc=0.3931 train_f1=0.3855 | val_loss=1.1429 val_acc=0.3585 val_f1=0.3366
[23:42:49] INFO: [Fold 2 | Epoch 019] train_loss=1.0899 train_acc=0.3940 train_f1=0.3869 | val_loss=1.1786 val_acc=0.3810 val_f1=0.2979
[23:42:49] INFO: [Fold 2 | Epoch 020] train_loss=1.0910 train_acc=0.4002 train_f1=0.3929 | val_loss=1.2059 val_acc=0.3515 val_f1=0.3336
[23:42:49] INFO: [Fold 2 | Epoch 021] train_loss=1.0862 train_acc=0.4103 train_f1=0.4015 | val_loss=1.1616 val_acc=0.3711 val_f1=0.3677
[23:42:49] INFO: New best model at epoch 21 with val_macro_f1=0.3677
[23:42:49] INFO: [Fold 2 | Epoch 022] train_loss=1.0894 train_acc=0.3961 train_f1=0.3859 | val_loss=1.2066 val_acc=0.3754 val_f1=0.2648
[23:42:49] INFO: [Fold 2 | Epoch 023] train_loss=1.0981 train_acc=0.4053 train_f1=0.3980 | val_loss=1.1766 val_acc=0.3487 val_f1=0.3135
[23:42:50] INFO: [Fold 2 | Epoch 024] train_loss=1.1078 train_acc=0.3887 train_f1=0.3861 | val_loss=1.1631 val_acc=0.3627 val_f1=0.2970
[23:42:50] INFO: [Fold 2 | Epoch 025] train_loss=1.0871 train_acc=0.4109 train_f1=0.4004 | val_loss=1.1782 val_acc=0.3599 val_f1=0.3416
[23:42:50] INFO: [Fold 2 | Epoch 026] train_loss=1.0767 train_acc=0.4203 train_f1=0.4109 | val_loss=1.1711 val_acc=0.3599 val_f1=0.3491
[23:42:50] INFO: [Fold 2 | Epoch 027] train_loss=1.0786 train_acc=0.4200 train_f1=0.4139 | val_loss=1.2197 val_acc=0.3669 val_f1=0.3436
[23:42:50] INFO: [Fold 2 | Epoch 028] train_loss=1.0872 train_acc=0.4082 train_f1=0.4030 | val_loss=1.1907 val_acc=0.3501 val_f1=0.3304
[23:42:51] INFO: [Fold 2 | Epoch 029] train_loss=1.0834 train_acc=0.4035 train_f1=0.3966 | val_loss=1.1738 val_acc=0.3641 val_f1=0.3560
[23:42:51] INFO: [Fold 2 | Epoch 030] train_loss=1.0731 train_acc=0.4206 train_f1=0.4103 | val_loss=1.1406 val_acc=0.3417 val_f1=0.3239
[23:42:51] INFO: [Fold 2 | Epoch 031] train_loss=1.0674 train_acc=0.4251 train_f1=0.4150 | val_loss=1.2013 val_acc=0.3515 val_f1=0.3142
[23:42:51] INFO: [Fold 2 | Epoch 032] train_loss=1.0825 train_acc=0.4257 train_f1=0.4187 | val_loss=1.1805 val_acc=0.3585 val_f1=0.3102
[23:42:51] INFO: [Fold 2 | Epoch 033] train_loss=1.0775 train_acc=0.4082 train_f1=0.3996 | val_loss=1.1571 val_acc=0.3669 val_f1=0.3530
[23:42:52] INFO: [Fold 2 | Epoch 034] train_loss=1.0822 train_acc=0.4159 train_f1=0.4063 | val_loss=1.1590 val_acc=0.3669 val_f1=0.3218
[23:42:52] INFO: [Fold 2 | Epoch 035] train_loss=1.0702 train_acc=0.4174 train_f1=0.4102 | val_loss=1.1486 val_acc=0.3697 val_f1=0.3429
[23:42:52] INFO: [Fold 2 | Epoch 036] train_loss=1.0729 train_acc=0.4195 train_f1=0.4113 | val_loss=1.1833 val_acc=0.3768 val_f1=0.3183
[23:42:52] INFO: [Fold 2 | Epoch 037] train_loss=1.0896 train_acc=0.4100 train_f1=0.4018 | val_loss=1.1619 val_acc=0.3487 val_f1=0.3189
[23:42:52] INFO: [Fold 2 | Epoch 038] train_loss=1.0721 train_acc=0.4295 train_f1=0.4214 | val_loss=1.1677 val_acc=0.3613 val_f1=0.3138
[23:42:52] INFO: [Fold 2 | Epoch 039] train_loss=1.0709 train_acc=0.4262 train_f1=0.4194 | val_loss=1.1772 val_acc=0.3585 val_f1=0.3461
[23:42:52] INFO: [Fold 2 | Epoch 040] train_loss=1.0687 train_acc=0.4192 train_f1=0.4108 | val_loss=1.1963 val_acc=0.3515 val_f1=0.3358
[23:42:53] INFO: [Fold 2 | Epoch 041] train_loss=1.0757 train_acc=0.4168 train_f1=0.4089 | val_loss=1.1896 val_acc=0.3515 val_f1=0.3265
[23:42:53] INFO: [Fold 2 | Epoch 042] train_loss=1.0645 train_acc=0.4325 train_f1=0.4245 | val_loss=1.2192 val_acc=0.3585 val_f1=0.3419
[23:42:53] INFO: [Fold 2 | Epoch 043] train_loss=1.0675 train_acc=0.4192 train_f1=0.4132 | val_loss=1.1795 val_acc=0.3739 val_f1=0.3735
[23:42:53] INFO: New best model at epoch 43 with val_macro_f1=0.3735
[23:42:53] INFO: [Fold 2 | Epoch 044] train_loss=1.0676 train_acc=0.4265 train_f1=0.4166 | val_loss=1.1616 val_acc=0.3515 val_f1=0.3479
[23:42:53] INFO: [Fold 2 | Epoch 045] train_loss=1.0613 train_acc=0.4330 train_f1=0.4254 | val_loss=1.1728 val_acc=0.3529 val_f1=0.3181
[23:42:53] INFO: [Fold 2 | Epoch 046] train_loss=1.0644 train_acc=0.4283 train_f1=0.4201 | val_loss=1.1792 val_acc=0.3543 val_f1=0.3417
[23:42:53] INFO: [Fold 2 | Epoch 047] train_loss=1.0754 train_acc=0.4304 train_f1=0.4249 | val_loss=1.1991 val_acc=0.3697 val_f1=0.3681
[23:42:53] INFO: [Fold 2 | Epoch 048] train_loss=1.0727 train_acc=0.4218 train_f1=0.4167 | val_loss=1.2429 val_acc=0.3557 val_f1=0.2726
[23:42:53] INFO: [Fold 2 | Epoch 049] train_loss=1.0635 train_acc=0.4339 train_f1=0.4262 | val_loss=1.2142 val_acc=0.3375 val_f1=0.3163
[23:42:54] INFO: [Fold 2 | Epoch 050] train_loss=1.0621 train_acc=0.4242 train_f1=0.4173 | val_loss=1.1545 val_acc=0.3543 val_f1=0.3471
[23:42:54] INFO: [Fold 2 TEST] subject=ZDM acc=0.3377 bal_acc=0.3328 macro_f1=0.2165
[23:42:54] INFO: ========================================================================================
[23:42:54] INFO: Fold 3/12 | held-out subject: ZDN
[23:42:54] INFO: Train size: 3414 | Val size: 773 | Test size: 289
[23:42:54] INFO: Train subjects: ['ZAB', 'ZGW', 'ZJM', 'ZJN', 'ZJS', 'ZKB', 'ZKH', 'ZMG', 'ZPH'] | Val subjects: ['ZDM', 'ZKW'] | Test subject: ZDN
[23:42:54] INFO: Train label counts: {np.int64(0): np.int64(1024), np.int64(1): np.int64(1178), np.int64(2): np.int64(1212)}
[23:42:54] INFO: Val label counts: {np.int64(0): np.int64(234), np.int64(1): np.int64(264), np.int64(2): np.int64(275)}
[23:42:54] INFO: Test label counts: {np.int64(0): np.int64(87), np.int64(1): np.int64(107), np.int64(2): np.int64(95)}
[23:42:54] INFO: [Fold 3 | Epoch 001] train_loss=1.1469 train_acc=0.3494 train_f1=0.3415 | val_loss=1.1073 val_acc=0.3454 val_f1=0.3282
[23:42:54] INFO: New best model at epoch 1 with val_macro_f1=0.3282
[23:42:54] INFO: [Fold 3 | Epoch 002] train_loss=1.1211 train_acc=0.3494 train_f1=0.3348 | val_loss=1.1296 val_acc=0.3571 val_f1=0.2598
[23:42:55] INFO: [Fold 3 | Epoch 003] train_loss=1.1244 train_acc=0.3600 train_f1=0.3462 | val_loss=1.1604 val_acc=0.3351 val_f1=0.1874
[23:42:55] INFO: [Fold 3 | Epoch 004] train_loss=1.1206 train_acc=0.3559 train_f1=0.3425 | val_loss=1.1362 val_acc=0.3545 val_f1=0.3027
[23:42:55] INFO: [Fold 3 | Epoch 005] train_loss=1.1154 train_acc=0.3644 train_f1=0.3547 | val_loss=1.1137 val_acc=0.3609 val_f1=0.3294
[23:42:55] INFO: New best model at epoch 5 with val_macro_f1=0.3294
[23:42:55] INFO: [Fold 3 | Epoch 006] train_loss=1.1101 train_acc=0.3764 train_f1=0.3649 | val_loss=1.1405 val_acc=0.3454 val_f1=0.2690
[23:42:55] INFO: [Fold 3 | Epoch 007] train_loss=1.1144 train_acc=0.3735 train_f1=0.3628 | val_loss=1.1616 val_acc=0.3467 val_f1=0.2365
[23:42:56] INFO: [Fold 3 | Epoch 008] train_loss=1.1157 train_acc=0.3893 train_f1=0.3813 | val_loss=1.1195 val_acc=0.3402 val_f1=0.2854
[23:42:56] INFO: [Fold 3 | Epoch 009] train_loss=1.1010 train_acc=0.3864 train_f1=0.3751 | val_loss=1.1399 val_acc=0.3661 val_f1=0.3173
[23:42:56] INFO: [Fold 3 | Epoch 010] train_loss=1.1121 train_acc=0.3820 train_f1=0.3747 | val_loss=1.1312 val_acc=0.3700 val_f1=0.3310
[23:42:56] INFO: New best model at epoch 10 with val_macro_f1=0.3310
[23:42:56] INFO: [Fold 3 | Epoch 011] train_loss=1.1074 train_acc=0.3922 train_f1=0.3801 | val_loss=1.1177 val_acc=0.3441 val_f1=0.3431
[23:42:56] INFO: New best model at epoch 11 with val_macro_f1=0.3431
[23:42:56] INFO: [Fold 3 | Epoch 012] train_loss=1.1076 train_acc=0.3849 train_f1=0.3779 | val_loss=1.1514 val_acc=0.3700 val_f1=0.2719
[23:42:57] INFO: [Fold 3 | Epoch 013] train_loss=1.1037 train_acc=0.3787 train_f1=0.3687 | val_loss=1.1986 val_acc=0.3441 val_f1=0.2673
[23:42:57] INFO: [Fold 3 | Epoch 014] train_loss=1.1055 train_acc=0.3820 train_f1=0.3729 | val_loss=1.1522 val_acc=0.3790 val_f1=0.3424
[23:42:57] INFO: [Fold 3 | Epoch 015] train_loss=1.0983 train_acc=0.3855 train_f1=0.3741 | val_loss=1.1400 val_acc=0.3661 val_f1=0.3495
[23:42:57] INFO: New best model at epoch 15 with val_macro_f1=0.3495
[23:42:57] INFO: [Fold 3 | Epoch 016] train_loss=1.0980 train_acc=0.3963 train_f1=0.3882 | val_loss=1.1395 val_acc=0.3558 val_f1=0.3443
[23:42:58] INFO: [Fold 3 | Epoch 017] train_loss=1.0909 train_acc=0.4007 train_f1=0.3911 | val_loss=1.1925 val_acc=0.3376 val_f1=0.2535
[23:42:58] INFO: [Fold 3 | Epoch 018] train_loss=1.0950 train_acc=0.3919 train_f1=0.3809 | val_loss=1.1338 val_acc=0.3726 val_f1=0.3301
[23:42:58] INFO: [Fold 3 | Epoch 019] train_loss=1.0889 train_acc=0.4045 train_f1=0.3923 | val_loss=1.1378 val_acc=0.3648 val_f1=0.3319
[23:42:58] INFO: [Fold 3 | Epoch 020] train_loss=1.0957 train_acc=0.3975 train_f1=0.3867 | val_loss=1.1899 val_acc=0.3829 val_f1=0.3438
[23:42:58] INFO: [Fold 3 | Epoch 021] train_loss=1.1021 train_acc=0.3834 train_f1=0.3690 | val_loss=1.1392 val_acc=0.3376 val_f1=0.3123
[23:42:58] INFO: [Fold 3 | Epoch 022] train_loss=1.0890 train_acc=0.4069 train_f1=0.3921 | val_loss=1.1701 val_acc=0.3325 val_f1=0.3030
[23:42:59] INFO: [Fold 3 | Epoch 023] train_loss=1.0973 train_acc=0.3925 train_f1=0.3849 | val_loss=1.1436 val_acc=0.3622 val_f1=0.3252
[23:42:59] INFO: [Fold 3 | Epoch 024] train_loss=1.0835 train_acc=0.4057 train_f1=0.3973 | val_loss=1.2785 val_acc=0.3325 val_f1=0.3185
[23:42:59] INFO: [Fold 3 | Epoch 025] train_loss=1.0807 train_acc=0.4162 train_f1=0.4052 | val_loss=1.2471 val_acc=0.3351 val_f1=0.2655
[23:42:59] INFO: [Fold 3 | Epoch 026] train_loss=1.0866 train_acc=0.3998 train_f1=0.3874 | val_loss=1.1761 val_acc=0.3351 val_f1=0.3181
[23:42:59] INFO: [Fold 3 | Epoch 027] train_loss=1.0921 train_acc=0.3995 train_f1=0.3897 | val_loss=1.1771 val_acc=0.3506 val_f1=0.3371
[23:43:00] INFO: [Fold 3 | Epoch 028] train_loss=1.0762 train_acc=0.4227 train_f1=0.4129 | val_loss=1.1434 val_acc=0.3596 val_f1=0.3077
[23:43:00] INFO: [Fold 3 | Epoch 029] train_loss=1.0788 train_acc=0.4186 train_f1=0.4038 | val_loss=1.1815 val_acc=0.3402 val_f1=0.3220
[23:43:00] INFO: [Fold 3 | Epoch 030] train_loss=1.0760 train_acc=0.4121 train_f1=0.4048 | val_loss=1.2269 val_acc=0.3454 val_f1=0.2710
[23:43:00] INFO: [Fold 3 | Epoch 031] train_loss=1.0865 train_acc=0.4095 train_f1=0.4021 | val_loss=1.1535 val_acc=0.3480 val_f1=0.3094
[23:43:00] INFO: [Fold 3 | Epoch 032] train_loss=1.0841 train_acc=0.4063 train_f1=0.3974 | val_loss=1.2051 val_acc=0.3519 val_f1=0.2843
[23:43:00] INFO: [Fold 3 | Epoch 033] train_loss=1.0814 train_acc=0.4192 train_f1=0.4048 | val_loss=1.2648 val_acc=0.3583 val_f1=0.3028
[23:43:01] INFO: [Fold 3 | Epoch 034] train_loss=1.0933 train_acc=0.4115 train_f1=0.4046 | val_loss=1.1962 val_acc=0.3532 val_f1=0.3530
[23:43:01] INFO: New best model at epoch 34 with val_macro_f1=0.3530
[23:43:01] INFO: [Fold 3 | Epoch 035] train_loss=1.0783 train_acc=0.4118 train_f1=0.4046 | val_loss=1.2102 val_acc=0.3545 val_f1=0.3542
[23:43:01] INFO: New best model at epoch 35 with val_macro_f1=0.3542
[23:43:01] INFO: [Fold 3 | Epoch 036] train_loss=1.0733 train_acc=0.4192 train_f1=0.4107 | val_loss=1.1917 val_acc=0.3635 val_f1=0.3385
[23:43:01] INFO: [Fold 3 | Epoch 037] train_loss=1.0693 train_acc=0.4183 train_f1=0.4090 | val_loss=1.1615 val_acc=0.3687 val_f1=0.3658
[23:43:01] INFO: New best model at epoch 37 with val_macro_f1=0.3658
[23:43:01] INFO: [Fold 3 | Epoch 038] train_loss=1.0689 train_acc=0.4189 train_f1=0.4079 | val_loss=1.1954 val_acc=0.3532 val_f1=0.3508
[23:43:02] INFO: [Fold 3 | Epoch 039] train_loss=1.0754 train_acc=0.4139 train_f1=0.4052 | val_loss=1.2234 val_acc=0.3571 val_f1=0.3192
[23:43:02] INFO: [Fold 3 | Epoch 040] train_loss=1.0727 train_acc=0.4180 train_f1=0.4078 | val_loss=1.2245 val_acc=0.3415 val_f1=0.3383
[23:43:02] INFO: [Fold 3 | Epoch 041] train_loss=1.0769 train_acc=0.4215 train_f1=0.4160 | val_loss=1.1724 val_acc=0.3571 val_f1=0.3319
[23:43:02] INFO: [Fold 3 | Epoch 042] train_loss=1.0881 train_acc=0.4095 train_f1=0.4045 | val_loss=1.2468 val_acc=0.3571 val_f1=0.2669
[23:43:02] INFO: [Fold 3 | Epoch 043] train_loss=1.0789 train_acc=0.4168 train_f1=0.4100 | val_loss=1.2474 val_acc=0.3777 val_f1=0.3100
[23:43:03] INFO: [Fold 3 | Epoch 044] train_loss=1.0663 train_acc=0.4285 train_f1=0.4178 | val_loss=1.2183 val_acc=0.3364 val_f1=0.3250
[23:43:03] INFO: [Fold 3 | Epoch 045] train_loss=1.0876 train_acc=0.4183 train_f1=0.4139 | val_loss=1.2175 val_acc=0.3493 val_f1=0.2950
[23:43:03] INFO: [Fold 3 | Epoch 046] train_loss=1.0709 train_acc=0.4142 train_f1=0.4016 | val_loss=1.2224 val_acc=0.3312 val_f1=0.2838
[23:43:03] INFO: [Fold 3 | Epoch 047] train_loss=1.0673 train_acc=0.4274 train_f1=0.4179 | val_loss=1.2706 val_acc=0.3752 val_f1=0.2947
[23:43:03] INFO: [Fold 3 | Epoch 048] train_loss=1.0682 train_acc=0.4320 train_f1=0.4218 | val_loss=1.2730 val_acc=0.3752 val_f1=0.3634
[23:43:04] INFO: [Fold 3 | Epoch 049] train_loss=1.0754 train_acc=0.4230 train_f1=0.4141 | val_loss=1.2722 val_acc=0.3558 val_f1=0.2633
[23:43:04] INFO: [Fold 3 | Epoch 050] train_loss=1.0730 train_acc=0.4177 train_f1=0.4089 | val_loss=1.2548 val_acc=0.3376 val_f1=0.3018
[23:43:04] INFO: [Fold 3 TEST] subject=ZDN acc=0.3702 bal_acc=0.3333 macro_f1=0.1801
[23:43:04] INFO: ========================================================================================
[23:43:04] INFO: Fold 4/12 | held-out subject: ZGW
[23:43:04] INFO: Train size: 3437 | Val size: 669 | Test size: 370
[23:43:04] INFO: Train subjects: ['ZAB', 'ZDM', 'ZJM', 'ZJN', 'ZJS', 'ZKB', 'ZKH', 'ZKW', 'ZPH'] | Val subjects: ['ZDN', 'ZMG'] | Test subject: ZGW
[23:43:04] INFO: Train label counts: {np.int64(0): np.int64(1030), np.int64(1): np.int64(1185), np.int64(2): np.int64(1222)}
[23:43:04] INFO: Val label counts: {np.int64(0): np.int64(201), np.int64(1): np.int64(237), np.int64(2): np.int64(231)}
[23:43:04] INFO: Test label counts: {np.int64(0): np.int64(114), np.int64(1): np.int64(127), np.int64(2): np.int64(129)}
[23:43:05] INFO: [Fold 4 | Epoch 001] train_loss=1.1473 train_acc=0.3378 train_f1=0.3324 | val_loss=1.1618 val_acc=0.3498 val_f1=0.1940
[23:43:05] INFO: New best model at epoch 1 with val_macro_f1=0.1940
[23:43:05] INFO: [Fold 4 | Epoch 002] train_loss=1.1229 train_acc=0.3532 train_f1=0.3432 | val_loss=1.1400 val_acc=0.3348 val_f1=0.2677
[23:43:05] INFO: New best model at epoch 2 with val_macro_f1=0.2677
[23:43:05] INFO: [Fold 4 | Epoch 003] train_loss=1.1129 train_acc=0.3651 train_f1=0.3558 | val_loss=1.1101 val_acc=0.3692 val_f1=0.2419
[23:43:05] INFO: [Fold 4 | Epoch 004] train_loss=1.1152 train_acc=0.3599 train_f1=0.3488 | val_loss=1.1825 val_acc=0.3558 val_f1=0.2090
[23:43:05] INFO: [Fold 4 | Epoch 005] train_loss=1.1281 train_acc=0.3692 train_f1=0.3647 | val_loss=1.1562 val_acc=0.3184 val_f1=0.2637
[23:43:05] INFO: [Fold 4 | Epoch 006] train_loss=1.1122 train_acc=0.3747 train_f1=0.3668 | val_loss=1.1095 val_acc=0.3737 val_f1=0.3284
[23:43:05] INFO: New best model at epoch 6 with val_macro_f1=0.3284
[23:43:06] INFO: [Fold 4 | Epoch 007] train_loss=1.1114 train_acc=0.3634 train_f1=0.3543 | val_loss=1.1939 val_acc=0.3558 val_f1=0.1898
[23:43:06] INFO: [Fold 4 | Epoch 008] train_loss=1.1004 train_acc=0.3849 train_f1=0.3695 | val_loss=1.3179 val_acc=0.3543 val_f1=0.1746
[23:43:06] INFO: [Fold 4 | Epoch 009] train_loss=1.1150 train_acc=0.3710 train_f1=0.3497 | val_loss=1.3486 val_acc=0.3543 val_f1=0.1744
[23:43:06] INFO: [Fold 4 | Epoch 010] train_loss=1.1058 train_acc=0.3806 train_f1=0.3689 | val_loss=1.1841 val_acc=0.3647 val_f1=0.2695
[23:43:06] INFO: [Fold 4 | Epoch 011] train_loss=1.1034 train_acc=0.3899 train_f1=0.3804 | val_loss=1.1290 val_acc=0.3587 val_f1=0.2536
[23:43:06] INFO: [Fold 4 | Epoch 012] train_loss=1.0986 train_acc=0.3971 train_f1=0.3873 | val_loss=1.1469 val_acc=0.3513 val_f1=0.2150
[23:43:06] INFO: [Fold 4 | Epoch 013] train_loss=1.0859 train_acc=0.4047 train_f1=0.3935 | val_loss=1.1826 val_acc=0.3483 val_f1=0.2177
[23:43:06] INFO: [Fold 4 | Epoch 014] train_loss=1.0885 train_acc=0.4035 train_f1=0.3944 | val_loss=1.1998 val_acc=0.3558 val_f1=0.2324
[23:43:06] INFO: [Fold 4 | Epoch 015] train_loss=1.1053 train_acc=0.3878 train_f1=0.3811 | val_loss=1.1620 val_acc=0.3587 val_f1=0.3552
[23:43:06] INFO: New best model at epoch 15 with val_macro_f1=0.3552
[23:43:06] INFO: [Fold 4 | Epoch 016] train_loss=1.0866 train_acc=0.4059 train_f1=0.3975 | val_loss=1.1498 val_acc=0.3453 val_f1=0.3110
[23:43:07] INFO: [Fold 4 | Epoch 017] train_loss=1.0866 train_acc=0.4006 train_f1=0.3920 | val_loss=1.2673 val_acc=0.3558 val_f1=0.1803
[23:43:07] INFO: [Fold 4 | Epoch 018] train_loss=1.0801 train_acc=0.4146 train_f1=0.4033 | val_loss=1.1577 val_acc=0.3393 val_f1=0.2539
[23:43:07] INFO: [Fold 4 | Epoch 019] train_loss=1.0857 train_acc=0.4094 train_f1=0.3983 | val_loss=1.1945 val_acc=0.3587 val_f1=0.2020
[23:43:07] INFO: [Fold 4 | Epoch 020] train_loss=1.0885 train_acc=0.4044 train_f1=0.3962 | val_loss=1.1914 val_acc=0.3483 val_f1=0.2979
[23:43:07] INFO: [Fold 4 | Epoch 021] train_loss=1.0887 train_acc=0.4062 train_f1=0.3977 | val_loss=1.1421 val_acc=0.3558 val_f1=0.3208
[23:43:08] INFO: [Fold 4 | Epoch 022] train_loss=1.0882 train_acc=0.4009 train_f1=0.3903 | val_loss=1.2083 val_acc=0.3468 val_f1=0.2805
[23:43:08] INFO: [Fold 4 | Epoch 023] train_loss=1.0853 train_acc=0.3977 train_f1=0.3896 | val_loss=1.1794 val_acc=0.3602 val_f1=0.3037
[23:43:08] INFO: [Fold 4 | Epoch 024] train_loss=1.0818 train_acc=0.4100 train_f1=0.3952 | val_loss=1.1906 val_acc=0.3632 val_f1=0.2414
[23:43:08] INFO: [Fold 4 | Epoch 025] train_loss=1.0970 train_acc=0.4012 train_f1=0.3886 | val_loss=1.2776 val_acc=0.3587 val_f1=0.1873
[23:43:08] INFO: [Fold 4 | Epoch 026] train_loss=1.0837 train_acc=0.4134 train_f1=0.4036 | val_loss=1.1459 val_acc=0.3453 val_f1=0.3409
[23:43:08] INFO: [Fold 4 | Epoch 027] train_loss=1.0814 train_acc=0.4236 train_f1=0.4170 | val_loss=1.2676 val_acc=0.3572 val_f1=0.1877
[23:43:09] INFO: [Fold 4 | Epoch 028] train_loss=1.0926 train_acc=0.4050 train_f1=0.3973 | val_loss=1.1832 val_acc=0.3363 val_f1=0.2999
[23:43:09] INFO: [Fold 4 | Epoch 029] train_loss=1.0787 train_acc=0.4166 train_f1=0.4089 | val_loss=1.1585 val_acc=0.3558 val_f1=0.2509
[23:43:09] INFO: [Fold 4 | Epoch 030] train_loss=1.0901 train_acc=0.4050 train_f1=0.3957 | val_loss=1.2283 val_acc=0.3543 val_f1=0.2758
[23:43:09] INFO: [Fold 4 | Epoch 031] train_loss=1.0751 train_acc=0.4196 train_f1=0.4058 | val_loss=1.1705 val_acc=0.3558 val_f1=0.2805
[23:43:09] INFO: [Fold 4 | Epoch 032] train_loss=1.0760 train_acc=0.4198 train_f1=0.4128 | val_loss=1.1551 val_acc=0.3378 val_f1=0.3007
[23:43:10] INFO: [Fold 4 | Epoch 033] train_loss=1.0731 train_acc=0.4126 train_f1=0.4012 | val_loss=1.3314 val_acc=0.3602 val_f1=0.2085
[23:43:10] INFO: [Fold 4 | Epoch 034] train_loss=1.0810 train_acc=0.4006 train_f1=0.3922 | val_loss=1.2046 val_acc=0.3587 val_f1=0.2391
[23:43:10] INFO: [Fold 4 | Epoch 035] train_loss=1.0808 train_acc=0.4108 train_f1=0.4033 | val_loss=1.3206 val_acc=0.3528 val_f1=0.1815
[23:43:10] INFO: [Fold 4 | Epoch 036] train_loss=1.0819 train_acc=0.4120 train_f1=0.4053 | val_loss=1.2247 val_acc=0.3587 val_f1=0.2516
[23:43:10] INFO: [Fold 4 | Epoch 037] train_loss=1.0823 train_acc=0.4111 train_f1=0.4045 | val_loss=1.1381 val_acc=0.3333 val_f1=0.3249
[23:43:10] INFO: [Fold 4 | Epoch 038] train_loss=1.0764 train_acc=0.4097 train_f1=0.3997 | val_loss=1.1689 val_acc=0.3363 val_f1=0.3343
[23:43:11] INFO: [Fold 4 | Epoch 039] train_loss=1.0852 train_acc=0.4111 train_f1=0.4064 | val_loss=1.2443 val_acc=0.3617 val_f1=0.2649
[23:43:11] INFO: [Fold 4 | Epoch 040] train_loss=1.0757 train_acc=0.4228 train_f1=0.4152 | val_loss=1.2464 val_acc=0.3572 val_f1=0.2552
[23:43:11] INFO: [Fold 4 | Epoch 041] train_loss=1.0720 train_acc=0.4248 train_f1=0.4165 | val_loss=1.2035 val_acc=0.3498 val_f1=0.2783
[23:43:11] INFO: [Fold 4 | Epoch 042] train_loss=1.0729 train_acc=0.4219 train_f1=0.4142 | val_loss=1.1659 val_acc=0.3438 val_f1=0.2805
[23:43:11] INFO: [Fold 4 | Epoch 043] train_loss=1.0670 train_acc=0.4230 train_f1=0.4129 | val_loss=1.2407 val_acc=0.3647 val_f1=0.2668
[23:43:11] INFO: [Fold 4 | Epoch 044] train_loss=1.0647 train_acc=0.4373 train_f1=0.4294 | val_loss=1.2184 val_acc=0.3483 val_f1=0.2923
[23:43:12] INFO: [Fold 4 | Epoch 045] train_loss=1.0763 train_acc=0.4161 train_f1=0.4046 | val_loss=1.2407 val_acc=0.3543 val_f1=0.2053
[23:43:12] INFO: [Fold 4 | Epoch 046] train_loss=1.0628 train_acc=0.4402 train_f1=0.4326 | val_loss=1.2725 val_acc=0.3587 val_f1=0.2207
[23:43:12] INFO: [Fold 4 | Epoch 047] train_loss=1.0748 train_acc=0.4312 train_f1=0.4212 | val_loss=1.2628 val_acc=0.3528 val_f1=0.2715
[23:43:12] INFO: [Fold 4 | Epoch 048] train_loss=1.0830 train_acc=0.4169 train_f1=0.4086 | val_loss=1.1820 val_acc=0.3244 val_f1=0.3213
[23:43:12] INFO: [Fold 4 | Epoch 049] train_loss=1.0716 train_acc=0.4196 train_f1=0.4093 | val_loss=1.1947 val_acc=0.3438 val_f1=0.3253
[23:43:12] INFO: [Fold 4 | Epoch 050] train_loss=1.0566 train_acc=0.4326 train_f1=0.4214 | val_loss=1.2102 val_acc=0.3453 val_f1=0.2895
[23:43:13] INFO: [Fold 4 TEST] subject=ZGW acc=0.3459 bal_acc=0.3380 macro_f1=0.2782
[23:43:13] INFO: ========================================================================================
[23:43:13] INFO: Fold 5/12 | held-out subject: ZJM
[23:43:13] INFO: Train size: 3301 | Val size: 781 | Test size: 394
[23:43:13] INFO: Train subjects: ['ZDM', 'ZDN', 'ZGW', 'ZJN', 'ZJS', 'ZKB', 'ZKH', 'ZMG', 'ZPH'] | Val subjects: ['ZAB', 'ZKW'] | Test subject: ZJM
[23:43:13] INFO: Train label counts: {np.int64(0): np.int64(990), np.int64(1): np.int64(1145), np.int64(2): np.int64(1166)}
[23:43:13] INFO: Val label counts: {np.int64(0): np.int64(236), np.int64(1): np.int64(268), np.int64(2): np.int64(277)}
[23:43:13] INFO: Test label counts: {np.int64(0): np.int64(119), np.int64(1): np.int64(136), np.int64(2): np.int64(139)}
[23:43:13] INFO: [Fold 5 | Epoch 001] train_loss=1.1328 train_acc=0.3460 train_f1=0.3362 | val_loss=1.1154 val_acc=0.3444 val_f1=0.2647
[23:43:13] INFO: New best model at epoch 1 with val_macro_f1=0.2647
[23:43:13] INFO: [Fold 5 | Epoch 002] train_loss=1.1268 train_acc=0.3538 train_f1=0.3427 | val_loss=1.1336 val_acc=0.3585 val_f1=0.2426
[23:43:14] INFO: [Fold 5 | Epoch 003] train_loss=1.1219 train_acc=0.3699 train_f1=0.3638 | val_loss=1.1190 val_acc=0.3291 val_f1=0.2814
[23:43:14] INFO: New best model at epoch 3 with val_macro_f1=0.2814
[23:43:14] INFO: [Fold 5 | Epoch 004] train_loss=1.1294 train_acc=0.3514 train_f1=0.3433 | val_loss=1.1949 val_acc=0.3444 val_f1=0.2021
[23:43:14] INFO: [Fold 5 | Epoch 005] train_loss=1.1084 train_acc=0.3711 train_f1=0.3525 | val_loss=1.1108 val_acc=0.3521 val_f1=0.2791
[23:43:14] INFO: [Fold 5 | Epoch 006] train_loss=1.1205 train_acc=0.3672 train_f1=0.3573 | val_loss=1.1171 val_acc=0.3316 val_f1=0.3036
[23:43:14] INFO: New best model at epoch 6 with val_macro_f1=0.3036
[23:43:14] INFO: [Fold 5 | Epoch 007] train_loss=1.1093 train_acc=0.3899 train_f1=0.3716 | val_loss=1.1417 val_acc=0.3508 val_f1=0.3449
[23:43:14] INFO: New best model at epoch 7 with val_macro_f1=0.3449
[23:43:14] INFO: [Fold 5 | Epoch 008] train_loss=1.0971 train_acc=0.3784 train_f1=0.3697 | val_loss=1.1866 val_acc=0.3329 val_f1=0.2981
[23:43:15] INFO: [Fold 5 | Epoch 009] train_loss=1.1018 train_acc=0.3829 train_f1=0.3718 | val_loss=1.1408 val_acc=0.3508 val_f1=0.3452
[23:43:15] INFO: New best model at epoch 9 with val_macro_f1=0.3452
[23:43:15] INFO: [Fold 5 | Epoch 010] train_loss=1.0995 train_acc=0.3832 train_f1=0.3720 | val_loss=1.1350 val_acc=0.3521 val_f1=0.2748
[23:43:15] INFO: [Fold 5 | Epoch 011] train_loss=1.0969 train_acc=0.3902 train_f1=0.3798 | val_loss=1.1214 val_acc=0.3291 val_f1=0.3040
[23:43:15] INFO: [Fold 5 | Epoch 012] train_loss=1.0919 train_acc=0.4008 train_f1=0.3862 | val_loss=1.1486 val_acc=0.3585 val_f1=0.3493
[23:43:15] INFO: New best model at epoch 12 with val_macro_f1=0.3493
[23:43:15] INFO: [Fold 5 | Epoch 013] train_loss=1.1013 train_acc=0.3878 train_f1=0.3773 | val_loss=1.1162 val_acc=0.3380 val_f1=0.3265
[23:43:15] INFO: [Fold 5 | Epoch 014] train_loss=1.1010 train_acc=0.3881 train_f1=0.3776 | val_loss=1.1462 val_acc=0.3688 val_f1=0.3657
[23:43:15] INFO: New best model at epoch 14 with val_macro_f1=0.3657
[23:43:15] INFO: [Fold 5 | Epoch 015] train_loss=1.0885 train_acc=0.3920 train_f1=0.3810 | val_loss=1.1323 val_acc=0.3713 val_f1=0.3580
[23:43:15] INFO: [Fold 5 | Epoch 016] train_loss=1.0960 train_acc=0.3926 train_f1=0.3846 | val_loss=1.1803 val_acc=0.3534 val_f1=0.3251
[23:43:16] INFO: [Fold 5 | Epoch 017] train_loss=1.0845 train_acc=0.4078 train_f1=0.3957 | val_loss=1.1337 val_acc=0.3508 val_f1=0.3382
[23:43:16] INFO: [Fold 5 | Epoch 018] train_loss=1.0958 train_acc=0.3959 train_f1=0.3841 | val_loss=1.1387 val_acc=0.3342 val_f1=0.2551
[23:43:16] INFO: [Fold 5 | Epoch 019] train_loss=1.0894 train_acc=0.4017 train_f1=0.3924 | val_loss=1.1746 val_acc=0.3739 val_f1=0.3622
[23:43:16] INFO: [Fold 5 | Epoch 020] train_loss=1.0980 train_acc=0.4020 train_f1=0.3927 | val_loss=1.1503 val_acc=0.3675 val_f1=0.3638
[23:43:16] INFO: [Fold 5 | Epoch 021] train_loss=1.0834 train_acc=0.4138 train_f1=0.4011 | val_loss=1.1481 val_acc=0.3355 val_f1=0.2897
[23:43:16] INFO: [Fold 5 | Epoch 022] train_loss=1.0848 train_acc=0.4038 train_f1=0.3955 | val_loss=1.1619 val_acc=0.3675 val_f1=0.3444
[23:43:16] INFO: [Fold 5 | Epoch 023] train_loss=1.0737 train_acc=0.4138 train_f1=0.4040 | val_loss=1.1811 val_acc=0.3457 val_f1=0.2855
[23:43:16] INFO: [Fold 5 | Epoch 024] train_loss=1.0774 train_acc=0.4123 train_f1=0.3937 | val_loss=1.1550 val_acc=0.3406 val_f1=0.3409
[23:43:16] INFO: [Fold 5 | Epoch 025] train_loss=1.0748 train_acc=0.4156 train_f1=0.4088 | val_loss=1.1766 val_acc=0.3739 val_f1=0.3434
[23:43:17] INFO: [Fold 5 | Epoch 026] train_loss=1.0780 train_acc=0.4220 train_f1=0.4095 | val_loss=1.1421 val_acc=0.3688 val_f1=0.3451
[23:43:17] INFO: [Fold 5 | Epoch 027] train_loss=1.0839 train_acc=0.4093 train_f1=0.3972 | val_loss=1.1333 val_acc=0.3585 val_f1=0.3487
[23:43:17] INFO: [Fold 5 | Epoch 028] train_loss=1.0856 train_acc=0.4114 train_f1=0.4043 | val_loss=1.1581 val_acc=0.3367 val_f1=0.3188
[23:43:17] INFO: [Fold 5 | Epoch 029] train_loss=1.0728 train_acc=0.4274 train_f1=0.4168 | val_loss=1.1949 val_acc=0.3572 val_f1=0.2830
[23:43:17] INFO: [Fold 5 | Epoch 030] train_loss=1.0791 train_acc=0.4135 train_f1=0.4014 | val_loss=1.2019 val_acc=0.3534 val_f1=0.3433
[23:43:17] INFO: [Fold 5 | Epoch 031] train_loss=1.0759 train_acc=0.4211 train_f1=0.4131 | val_loss=1.2262 val_acc=0.3700 val_f1=0.3417
[23:43:17] INFO: [Fold 5 | Epoch 032] train_loss=1.0734 train_acc=0.4287 train_f1=0.4234 | val_loss=1.1687 val_acc=0.3470 val_f1=0.3257
[23:43:17] INFO: [Fold 5 | Epoch 033] train_loss=1.0796 train_acc=0.4162 train_f1=0.4091 | val_loss=1.2610 val_acc=0.3611 val_f1=0.2712
[23:43:17] INFO: [Fold 5 | Epoch 034] train_loss=1.0724 train_acc=0.4320 train_f1=0.4231 | val_loss=1.1699 val_acc=0.3470 val_f1=0.3179
[23:43:17] INFO: [Fold 5 | Epoch 035] train_loss=1.0855 train_acc=0.4165 train_f1=0.4025 | val_loss=1.1790 val_acc=0.3534 val_f1=0.3081
[23:43:17] INFO: [Fold 5 | Epoch 036] train_loss=1.0753 train_acc=0.4226 train_f1=0.4119 | val_loss=1.1797 val_acc=0.3649 val_f1=0.3317
[23:43:17] INFO: [Fold 5 | Epoch 037] train_loss=1.0686 train_acc=0.4256 train_f1=0.4176 | val_loss=1.2330 val_acc=0.3611 val_f1=0.3167
[23:43:18] INFO: [Fold 5 | Epoch 038] train_loss=1.0759 train_acc=0.4174 train_f1=0.4080 | val_loss=1.1812 val_acc=0.3470 val_f1=0.3242
[23:43:18] INFO: [Fold 5 | Epoch 039] train_loss=1.0736 train_acc=0.4199 train_f1=0.4063 | val_loss=1.1882 val_acc=0.3175 val_f1=0.2982
[23:43:18] INFO: [Fold 5 | Epoch 040] train_loss=1.0600 train_acc=0.4420 train_f1=0.4316 | val_loss=1.1984 val_acc=0.3624 val_f1=0.3225
[23:43:18] INFO: [Fold 5 | Epoch 041] train_loss=1.0754 train_acc=0.4226 train_f1=0.4107 | val_loss=1.1844 val_acc=0.3444 val_f1=0.3346
[23:43:18] INFO: [Fold 5 | Epoch 042] train_loss=1.0643 train_acc=0.4268 train_f1=0.4186 | val_loss=1.2098 val_acc=0.3636 val_f1=0.3454
[23:43:18] INFO: [Fold 5 | Epoch 043] train_loss=1.0675 train_acc=0.4396 train_f1=0.4307 | val_loss=1.2311 val_acc=0.3816 val_f1=0.3433
[23:43:18] INFO: [Fold 5 | Epoch 044] train_loss=1.0661 train_acc=0.4296 train_f1=0.4213 | val_loss=1.1966 val_acc=0.3406 val_f1=0.3205
[23:43:18] INFO: [Fold 5 | Epoch 045] train_loss=1.0555 train_acc=0.4335 train_f1=0.4197 | val_loss=1.2313 val_acc=0.3406 val_f1=0.3320
[23:43:19] INFO: [Fold 5 | Epoch 046] train_loss=1.0611 train_acc=0.4384 train_f1=0.4320 | val_loss=1.1856 val_acc=0.3329 val_f1=0.3168
[23:43:19] INFO: [Fold 5 | Epoch 047] train_loss=1.0801 train_acc=0.4153 train_f1=0.4068 | val_loss=1.2337 val_acc=0.3572 val_f1=0.3543
[23:43:19] INFO: [Fold 5 | Epoch 048] train_loss=1.0650 train_acc=0.4350 train_f1=0.4250 | val_loss=1.2001 val_acc=0.3444 val_f1=0.3316
[23:43:19] INFO: [Fold 5 | Epoch 049] train_loss=1.0612 train_acc=0.4387 train_f1=0.4260 | val_loss=1.2114 val_acc=0.3675 val_f1=0.3130
[23:43:19] INFO: [Fold 5 | Epoch 050] train_loss=1.0635 train_acc=0.4371 train_f1=0.4276 | val_loss=1.2610 val_acc=0.3675 val_f1=0.3414
[23:43:20] INFO: [Fold 5 TEST] subject=ZJM acc=0.3046 bal_acc=0.3242 macro_f1=0.2565
[23:43:20] INFO: ========================================================================================
[23:43:20] INFO: Fold 6/12 | held-out subject: ZJN
[23:43:20] INFO: Train size: 3328 | Val size: 768 | Test size: 380
[23:43:20] INFO: Train subjects: ['ZAB', 'ZDM', 'ZDN', 'ZGW', 'ZJM', 'ZJS', 'ZKB', 'ZKH', 'ZKW'] | Val subjects: ['ZMG', 'ZPH'] | Test subject: ZJN
[23:43:20] INFO: Train label counts: {np.int64(0): np.int64(1001), np.int64(1): np.int64(1154), np.int64(2): np.int64(1173)}
[23:43:20] INFO: Val label counts: {np.int64(0): np.int64(231), np.int64(1): np.int64(264), np.int64(2): np.int64(273)}
[23:43:20] INFO: Test label counts: {np.int64(0): np.int64(113), np.int64(1): np.int64(131), np.int64(2): np.int64(136)}
[23:43:20] INFO: [Fold 6 | Epoch 001] train_loss=1.1512 train_acc=0.3374 train_f1=0.3294 | val_loss=1.1256 val_acc=0.3294 val_f1=0.3111
[23:43:20] INFO: New best model at epoch 1 with val_macro_f1=0.3111
[23:43:20] INFO: [Fold 6 | Epoch 002] train_loss=1.1264 train_acc=0.3603 train_f1=0.3465 | val_loss=1.1161 val_acc=0.3568 val_f1=0.3412
[23:43:20] INFO: New best model at epoch 2 with val_macro_f1=0.3412
[23:43:20] INFO: [Fold 6 | Epoch 003] train_loss=1.1271 train_acc=0.3540 train_f1=0.3404 | val_loss=1.1430 val_acc=0.3294 val_f1=0.3097
[23:43:20] INFO: [Fold 6 | Epoch 004] train_loss=1.1193 train_acc=0.3582 train_f1=0.3480 | val_loss=1.1361 val_acc=0.3359 val_f1=0.2584
[23:43:21] INFO: [Fold 6 | Epoch 005] train_loss=1.1215 train_acc=0.3687 train_f1=0.3559 | val_loss=1.1122 val_acc=0.3659 val_f1=0.3111
[23:43:21] INFO: [Fold 6 | Epoch 006] train_loss=1.1100 train_acc=0.3678 train_f1=0.3593 | val_loss=1.1602 val_acc=0.3503 val_f1=0.2292
[23:43:21] INFO: [Fold 6 | Epoch 007] train_loss=1.1231 train_acc=0.3756 train_f1=0.3655 | val_loss=1.2028 val_acc=0.3477 val_f1=0.1960
[23:43:21] INFO: [Fold 6 | Epoch 008] train_loss=1.1044 train_acc=0.3798 train_f1=0.3702 | val_loss=1.1476 val_acc=0.3529 val_f1=0.2379
[23:43:21] INFO: [Fold 6 | Epoch 009] train_loss=1.1047 train_acc=0.3708 train_f1=0.3615 | val_loss=1.2714 val_acc=0.3424 val_f1=0.1704
[23:43:21] INFO: [Fold 6 | Epoch 010] train_loss=1.1026 train_acc=0.3900 train_f1=0.3800 | val_loss=1.1812 val_acc=0.3490 val_f1=0.2263
[23:43:21] INFO: [Fold 6 | Epoch 011] train_loss=1.1021 train_acc=0.3837 train_f1=0.3744 | val_loss=1.1355 val_acc=0.3529 val_f1=0.2101
[23:43:21] INFO: [Fold 6 | Epoch 012] train_loss=1.0971 train_acc=0.3840 train_f1=0.3740 | val_loss=1.1524 val_acc=0.3698 val_f1=0.2517
[23:43:21] INFO: [Fold 6 | Epoch 013] train_loss=1.0933 train_acc=0.3906 train_f1=0.3830 | val_loss=1.1900 val_acc=0.3359 val_f1=0.2472
[23:43:21] INFO: [Fold 6 | Epoch 014] train_loss=1.1041 train_acc=0.3909 train_f1=0.3782 | val_loss=1.2105 val_acc=0.3568 val_f1=0.2495
[23:43:22] INFO: [Fold 6 | Epoch 015] train_loss=1.0886 train_acc=0.4017 train_f1=0.3875 | val_loss=1.1470 val_acc=0.3789 val_f1=0.2806
[23:43:22] INFO: [Fold 6 | Epoch 016] train_loss=1.1030 train_acc=0.3885 train_f1=0.3787 | val_loss=1.1491 val_acc=0.3503 val_f1=0.2638
[23:43:22] INFO: [Fold 6 | Epoch 017] train_loss=1.0910 train_acc=0.3990 train_f1=0.3955 | val_loss=1.1903 val_acc=0.3659 val_f1=0.2536
[23:43:22] INFO: [Fold 6 | Epoch 018] train_loss=1.0945 train_acc=0.4069 train_f1=0.4003 | val_loss=1.2596 val_acc=0.3359 val_f1=0.1747
[23:43:22] INFO: [Fold 6 | Epoch 019] train_loss=1.0896 train_acc=0.4047 train_f1=0.3922 | val_loss=1.1580 val_acc=0.3490 val_f1=0.2260
[23:43:22] INFO: [Fold 6 | Epoch 020] train_loss=1.0866 train_acc=0.4050 train_f1=0.3961 | val_loss=1.1346 val_acc=0.3724 val_f1=0.2765
[23:43:22] INFO: [Fold 6 | Epoch 021] train_loss=1.0831 train_acc=0.4117 train_f1=0.4020 | val_loss=1.2017 val_acc=0.3633 val_f1=0.2862
[23:43:23] INFO: [Fold 6 | Epoch 022] train_loss=1.0915 train_acc=0.4038 train_f1=0.3950 | val_loss=1.1780 val_acc=0.3542 val_f1=0.2597
[23:43:23] INFO: [Fold 6 | Epoch 023] train_loss=1.0927 train_acc=0.4020 train_f1=0.3938 | val_loss=1.1445 val_acc=0.3464 val_f1=0.3297
[23:43:23] INFO: [Fold 6 | Epoch 024] train_loss=1.0846 train_acc=0.4059 train_f1=0.3980 | val_loss=1.1575 val_acc=0.3581 val_f1=0.2605
[23:43:23] INFO: [Fold 6 | Epoch 025] train_loss=1.0729 train_acc=0.4246 train_f1=0.4151 | val_loss=1.1523 val_acc=0.3646 val_f1=0.2662
[23:43:23] INFO: [Fold 6 | Epoch 026] train_loss=1.0795 train_acc=0.4171 train_f1=0.4033 | val_loss=1.1448 val_acc=0.3594 val_f1=0.3295
[23:43:23] INFO: [Fold 6 | Epoch 027] train_loss=1.0941 train_acc=0.3960 train_f1=0.3886 | val_loss=1.2757 val_acc=0.3424 val_f1=0.1722
[23:43:24] INFO: [Fold 6 | Epoch 028] train_loss=1.0848 train_acc=0.4150 train_f1=0.4072 | val_loss=1.2103 val_acc=0.3503 val_f1=0.2050
[23:43:24] INFO: [Fold 6 | Epoch 029] train_loss=1.0871 train_acc=0.3978 train_f1=0.3851 | val_loss=1.1533 val_acc=0.3503 val_f1=0.3377
[23:43:24] INFO: [Fold 6 | Epoch 030] train_loss=1.0768 train_acc=0.4102 train_f1=0.4034 | val_loss=1.1584 val_acc=0.3724 val_f1=0.2946
[23:43:24] INFO: [Fold 6 | Epoch 031] train_loss=1.0735 train_acc=0.4210 train_f1=0.4135 | val_loss=1.2043 val_acc=0.3685 val_f1=0.2874
[23:43:24] INFO: [Fold 6 | Epoch 032] train_loss=1.0802 train_acc=0.4102 train_f1=0.3993 | val_loss=1.1759 val_acc=0.3698 val_f1=0.2850
[23:43:24] INFO: [Fold 6 | Epoch 033] train_loss=1.0782 train_acc=0.4165 train_f1=0.4092 | val_loss=1.1464 val_acc=0.3620 val_f1=0.3399
[23:43:25] INFO: [Fold 6 | Epoch 034] train_loss=1.0726 train_acc=0.4195 train_f1=0.4138 | val_loss=1.1494 val_acc=0.3854 val_f1=0.3036
[23:43:25] INFO: [Fold 6 | Epoch 035] train_loss=1.0796 train_acc=0.4099 train_f1=0.3966 | val_loss=1.2107 val_acc=0.3516 val_f1=0.2311
[23:43:25] INFO: [Fold 6 | Epoch 036] train_loss=1.0792 train_acc=0.4234 train_f1=0.4145 | val_loss=1.1430 val_acc=0.3685 val_f1=0.3097
[23:43:25] INFO: [Fold 6 | Epoch 037] train_loss=1.0857 train_acc=0.4099 train_f1=0.4033 | val_loss=1.2427 val_acc=0.3659 val_f1=0.2615
[23:43:25] INFO: [Fold 6 | Epoch 038] train_loss=1.0671 train_acc=0.4267 train_f1=0.4213 | val_loss=1.2298 val_acc=0.3555 val_f1=0.2189
[23:43:26] INFO: [Fold 6 | Epoch 039] train_loss=1.0778 train_acc=0.4228 train_f1=0.4150 | val_loss=1.1790 val_acc=0.3646 val_f1=0.3366
[23:43:26] INFO: [Fold 6 | Epoch 040] train_loss=1.0666 train_acc=0.4204 train_f1=0.4114 | val_loss=1.1588 val_acc=0.3607 val_f1=0.2979
[23:43:26] INFO: [Fold 6 | Epoch 041] train_loss=1.0609 train_acc=0.4258 train_f1=0.4185 | val_loss=1.1638 val_acc=0.3711 val_f1=0.3295
[23:43:26] INFO: [Fold 6 | Epoch 042] train_loss=1.0662 train_acc=0.4186 train_f1=0.4082 | val_loss=1.1534 val_acc=0.3633 val_f1=0.3390
[23:43:26] INFO: [Fold 6 | Epoch 043] train_loss=1.0712 train_acc=0.4315 train_f1=0.4244 | val_loss=1.1701 val_acc=0.3424 val_f1=0.3054
[23:43:26] INFO: [Fold 6 | Epoch 044] train_loss=1.0632 train_acc=0.4261 train_f1=0.4191 | val_loss=1.2279 val_acc=0.3828 val_f1=0.2935
[23:43:26] INFO: [Fold 6 | Epoch 045] train_loss=1.0633 train_acc=0.4348 train_f1=0.4270 | val_loss=1.1730 val_acc=0.3646 val_f1=0.3446
[23:43:26] INFO: New best model at epoch 45 with val_macro_f1=0.3446
[23:43:27] INFO: [Fold 6 | Epoch 046] train_loss=1.0702 train_acc=0.4183 train_f1=0.4104 | val_loss=1.1947 val_acc=0.3568 val_f1=0.2476
[23:43:27] INFO: [Fold 6 | Epoch 047] train_loss=1.0678 train_acc=0.4312 train_f1=0.4220 | val_loss=1.1688 val_acc=0.3529 val_f1=0.2655
[23:43:27] INFO: [Fold 6 | Epoch 048] train_loss=1.0650 train_acc=0.4267 train_f1=0.4199 | val_loss=1.1582 val_acc=0.3646 val_f1=0.3413
[23:43:27] INFO: [Fold 6 | Epoch 049] train_loss=1.0565 train_acc=0.4282 train_f1=0.4204 | val_loss=1.2142 val_acc=0.3633 val_f1=0.2358
[23:43:27] INFO: [Fold 6 | Epoch 050] train_loss=1.0666 train_acc=0.4321 train_f1=0.4276 | val_loss=1.1808 val_acc=0.3685 val_f1=0.2976
[23:43:28] INFO: [Fold 6 TEST] subject=ZJN acc=0.3447 bal_acc=0.3355 macro_f1=0.2542
[23:43:28] INFO: ========================================================================================
[23:43:28] INFO: Fold 7/12 | held-out subject: ZJS
[23:43:28] INFO: Train size: 3385 | Val size: 757 | Test size: 334
[23:43:28] INFO: Train subjects: ['ZAB', 'ZDM', 'ZDN', 'ZJM', 'ZJN', 'ZKB', 'ZKW', 'ZMG', 'ZPH'] | Val subjects: ['ZGW', 'ZKH'] | Test subject: ZJS
[23:43:28] INFO: Train label counts: {np.int64(0): np.int64(1020), np.int64(1): np.int64(1170), np.int64(2): np.int64(1195)}
[23:43:28] INFO: Val label counts: {np.int64(0): np.int64(231), np.int64(1): np.int64(259), np.int64(2): np.int64(267)}
[23:43:28] INFO: Test label counts: {np.int64(0): np.int64(94), np.int64(1): np.int64(120), np.int64(2): np.int64(120)}
[23:43:28] INFO: [Fold 7 | Epoch 001] train_loss=1.1455 train_acc=0.3347 train_f1=0.3308 | val_loss=1.1247 val_acc=0.3316 val_f1=0.2802
[23:43:28] INFO: New best model at epoch 1 with val_macro_f1=0.2802
[23:43:28] INFO: [Fold 7 | Epoch 002] train_loss=1.1206 train_acc=0.3578 train_f1=0.3446 | val_loss=1.1384 val_acc=0.3329 val_f1=0.3240
[23:43:28] INFO: New best model at epoch 2 with val_macro_f1=0.3240
[23:43:28] INFO: [Fold 7 | Epoch 003] train_loss=1.1286 train_acc=0.3586 train_f1=0.3488 | val_loss=1.1100 val_acc=0.3329 val_f1=0.2835
[23:43:29] INFO: [Fold 7 | Epoch 004] train_loss=1.1137 train_acc=0.3672 train_f1=0.3612 | val_loss=1.1267 val_acc=0.3329 val_f1=0.2801
[23:43:29] INFO: [Fold 7 | Epoch 005] train_loss=1.1140 train_acc=0.3755 train_f1=0.3604 | val_loss=1.1330 val_acc=0.3567 val_f1=0.2768
[23:43:29] INFO: [Fold 7 | Epoch 006] train_loss=1.1161 train_acc=0.3645 train_f1=0.3577 | val_loss=1.1393 val_acc=0.3421 val_f1=0.2795
[23:43:29] INFO: [Fold 7 | Epoch 007] train_loss=1.1268 train_acc=0.3631 train_f1=0.3526 | val_loss=1.1350 val_acc=0.3369 val_f1=0.2035
[23:43:29] INFO: [Fold 7 | Epoch 008] train_loss=1.1111 train_acc=0.3773 train_f1=0.3653 | val_loss=1.1402 val_acc=0.3487 val_f1=0.2755
[23:43:29] INFO: [Fold 7 | Epoch 009] train_loss=1.0995 train_acc=0.3891 train_f1=0.3755 | val_loss=1.1189 val_acc=0.3369 val_f1=0.3195
[23:43:29] INFO: [Fold 7 | Epoch 010] train_loss=1.0962 train_acc=0.3914 train_f1=0.3813 | val_loss=1.1331 val_acc=0.3395 val_f1=0.2399
[23:43:30] INFO: [Fold 7 | Epoch 011] train_loss=1.1063 train_acc=0.3784 train_f1=0.3654 | val_loss=1.1349 val_acc=0.3461 val_f1=0.2376
[23:43:30] INFO: [Fold 7 | Epoch 012] train_loss=1.0953 train_acc=0.3982 train_f1=0.3861 | val_loss=1.1640 val_acc=0.3527 val_f1=0.2944
[23:43:30] INFO: [Fold 7 | Epoch 013] train_loss=1.0980 train_acc=0.4035 train_f1=0.3935 | val_loss=1.1110 val_acc=0.3606 val_f1=0.2963
[23:43:30] INFO: [Fold 7 | Epoch 014] train_loss=1.1085 train_acc=0.3817 train_f1=0.3740 | val_loss=1.1115 val_acc=0.3567 val_f1=0.3186
[23:43:30] INFO: [Fold 7 | Epoch 015] train_loss=1.0969 train_acc=0.3976 train_f1=0.3913 | val_loss=1.2076 val_acc=0.3435 val_f1=0.2015
[23:43:30] INFO: [Fold 7 | Epoch 016] train_loss=1.1087 train_acc=0.3917 train_f1=0.3841 | val_loss=1.1140 val_acc=0.3303 val_f1=0.3228
[23:43:30] INFO: [Fold 7 | Epoch 017] train_loss=1.0931 train_acc=0.3953 train_f1=0.3901 | val_loss=1.1180 val_acc=0.3593 val_f1=0.3051
[23:43:30] INFO: [Fold 7 | Epoch 018] train_loss=1.0836 train_acc=0.4139 train_f1=0.4032 | val_loss=1.1160 val_acc=0.3725 val_f1=0.3480
[23:43:30] INFO: New best model at epoch 18 with val_macro_f1=0.3480
[23:43:31] INFO: [Fold 7 | Epoch 019] train_loss=1.0801 train_acc=0.4103 train_f1=0.4028 | val_loss=1.1206 val_acc=0.3448 val_f1=0.2615
[23:43:31] INFO: [Fold 7 | Epoch 020] train_loss=1.0882 train_acc=0.3962 train_f1=0.3838 | val_loss=1.1601 val_acc=0.3276 val_f1=0.2667
[23:43:31] INFO: [Fold 7 | Epoch 021] train_loss=1.0866 train_acc=0.4009 train_f1=0.3928 | val_loss=1.1151 val_acc=0.3567 val_f1=0.3536
[23:43:31] INFO: New best model at epoch 21 with val_macro_f1=0.3536
[23:43:31] INFO: [Fold 7 | Epoch 022] train_loss=1.0882 train_acc=0.4024 train_f1=0.3927 | val_loss=1.1617 val_acc=0.3487 val_f1=0.1918
[23:43:31] INFO: [Fold 7 | Epoch 023] train_loss=1.0900 train_acc=0.4103 train_f1=0.4013 | val_loss=1.1282 val_acc=0.3620 val_f1=0.3176
[23:43:31] INFO: [Fold 7 | Epoch 024] train_loss=1.0898 train_acc=0.4121 train_f1=0.4012 | val_loss=1.1441 val_acc=0.3329 val_f1=0.2656
[23:43:31] INFO: [Fold 7 | Epoch 025] train_loss=1.0881 train_acc=0.4103 train_f1=0.4023 | val_loss=1.1191 val_acc=0.3606 val_f1=0.3361
[23:43:31] INFO: [Fold 7 | Epoch 026] train_loss=1.0914 train_acc=0.4050 train_f1=0.3984 | val_loss=1.1312 val_acc=0.3474 val_f1=0.3394
[23:43:31] INFO: [Fold 7 | Epoch 027] train_loss=1.0727 train_acc=0.4127 train_f1=0.4047 | val_loss=1.1289 val_acc=0.3620 val_f1=0.3155
[23:43:31] INFO: [Fold 7 | Epoch 028] train_loss=1.0806 train_acc=0.4219 train_f1=0.4127 | val_loss=1.1583 val_acc=0.3620 val_f1=0.2807
[23:43:31] INFO: [Fold 7 | Epoch 029] train_loss=1.0801 train_acc=0.4071 train_f1=0.4000 | val_loss=1.1106 val_acc=0.3501 val_f1=0.3266
[23:43:32] INFO: [Fold 7 | Epoch 030] train_loss=1.0752 train_acc=0.4260 train_f1=0.4230 | val_loss=1.1272 val_acc=0.3514 val_f1=0.2877
[23:43:32] INFO: [Fold 7 | Epoch 031] train_loss=1.0767 train_acc=0.4263 train_f1=0.4157 | val_loss=1.1222 val_acc=0.3474 val_f1=0.2980
[23:43:32] INFO: [Fold 7 | Epoch 032] train_loss=1.0671 train_acc=0.4343 train_f1=0.4276 | val_loss=1.1666 val_acc=0.3540 val_f1=0.2765
[23:43:32] INFO: [Fold 7 | Epoch 033] train_loss=1.0736 train_acc=0.4154 train_f1=0.4051 | val_loss=1.1145 val_acc=0.3672 val_f1=0.3572
[23:43:32] INFO: New best model at epoch 33 with val_macro_f1=0.3572
[23:43:32] INFO: [Fold 7 | Epoch 034] train_loss=1.0731 train_acc=0.4225 train_f1=0.4152 | val_loss=1.1419 val_acc=0.3646 val_f1=0.3549
[23:43:32] INFO: [Fold 7 | Epoch 035] train_loss=1.0756 train_acc=0.4278 train_f1=0.4185 | val_loss=1.1520 val_acc=0.3606 val_f1=0.2917
[23:43:32] INFO: [Fold 7 | Epoch 036] train_loss=1.0757 train_acc=0.4269 train_f1=0.4189 | val_loss=1.1088 val_acc=0.3435 val_f1=0.3365
[23:43:32] INFO: [Fold 7 | Epoch 037] train_loss=1.0789 train_acc=0.4292 train_f1=0.4227 | val_loss=1.1449 val_acc=0.3514 val_f1=0.3445
[23:43:32] INFO: [Fold 7 | Epoch 038] train_loss=1.0814 train_acc=0.4112 train_f1=0.4021 | val_loss=1.1715 val_acc=0.3554 val_f1=0.2538
[23:43:32] INFO: [Fold 7 | Epoch 039] train_loss=1.0663 train_acc=0.4284 train_f1=0.4202 | val_loss=1.1166 val_acc=0.3633 val_f1=0.3494
[23:43:33] INFO: [Fold 7 | Epoch 040] train_loss=1.0678 train_acc=0.4399 train_f1=0.4342 | val_loss=1.1532 val_acc=0.3646 val_f1=0.3375
[23:43:33] INFO: [Fold 7 | Epoch 041] train_loss=1.0623 train_acc=0.4384 train_f1=0.4319 | val_loss=1.1193 val_acc=0.3421 val_f1=0.3249
[23:43:33] INFO: [Fold 7 | Epoch 042] train_loss=1.0644 train_acc=0.4298 train_f1=0.4236 | val_loss=1.1361 val_acc=0.3633 val_f1=0.3488
[23:43:33] INFO: [Fold 7 | Epoch 043] train_loss=1.0621 train_acc=0.4319 train_f1=0.4238 | val_loss=1.1437 val_acc=0.3554 val_f1=0.3482
[23:43:33] INFO: [Fold 7 | Epoch 044] train_loss=1.0642 train_acc=0.4372 train_f1=0.4295 | val_loss=1.1651 val_acc=0.3580 val_f1=0.2949
[23:43:33] INFO: [Fold 7 | Epoch 045] train_loss=1.0632 train_acc=0.4266 train_f1=0.4137 | val_loss=1.1514 val_acc=0.3686 val_f1=0.3505
[23:43:33] INFO: [Fold 7 | Epoch 046] train_loss=1.0579 train_acc=0.4428 train_f1=0.4367 | val_loss=1.1626 val_acc=0.3725 val_f1=0.2909
[23:43:33] INFO: [Fold 7 | Epoch 047] train_loss=1.0692 train_acc=0.4284 train_f1=0.4208 | val_loss=1.1779 val_acc=0.3554 val_f1=0.3100
[23:43:34] INFO: [Fold 7 | Epoch 048] train_loss=1.0879 train_acc=0.4154 train_f1=0.4091 | val_loss=1.2169 val_acc=0.3448 val_f1=0.3208
[23:43:34] INFO: [Fold 7 | Epoch 049] train_loss=1.0676 train_acc=0.4236 train_f1=0.4178 | val_loss=1.1544 val_acc=0.3236 val_f1=0.2854
[23:43:34] INFO: [Fold 7 | Epoch 050] train_loss=1.0693 train_acc=0.4278 train_f1=0.4213 | val_loss=1.1901 val_acc=0.3527 val_f1=0.2615
[23:43:34] INFO: [Fold 7 TEST] subject=ZJS acc=0.3443 bal_acc=0.3402 macro_f1=0.3352
[23:43:34] INFO: ========================================================================================
[23:43:34] INFO: Fold 8/12 | held-out subject: ZKB
[23:43:34] INFO: Train size: 3369 | Val size: 713 | Test size: 394
[23:43:34] INFO: Train subjects: ['ZAB', 'ZDN', 'ZGW', 'ZJM', 'ZJN', 'ZKH', 'ZKW', 'ZMG', 'ZPH'] | Val subjects: ['ZDM', 'ZJS'] | Test subject: ZKB
[23:43:34] INFO: Train label counts: {np.int64(0): np.int64(1017), np.int64(1): np.int64(1165), np.int64(2): np.int64(1187)}
[23:43:34] INFO: Val label counts: {np.int64(0): np.int64(209), np.int64(1): np.int64(248), np.int64(2): np.int64(256)}
[23:43:34] INFO: Test label counts: {np.int64(0): np.int64(119), np.int64(1): np.int64(136), np.int64(2): np.int64(139)}
[23:43:35] INFO: [Fold 8 | Epoch 001] train_loss=1.1503 train_acc=0.3301 train_f1=0.3217 | val_loss=1.1043 val_acc=0.3689 val_f1=0.3290
[23:43:35] INFO: New best model at epoch 1 with val_macro_f1=0.3290
[23:43:35] INFO: [Fold 8 | Epoch 002] train_loss=1.1191 train_acc=0.3313 train_f1=0.3203 | val_loss=1.1526 val_acc=0.3604 val_f1=0.2719
[23:43:35] INFO: [Fold 8 | Epoch 003] train_loss=1.1390 train_acc=0.3491 train_f1=0.3464 | val_loss=1.1284 val_acc=0.3619 val_f1=0.3019
[23:43:35] INFO: [Fold 8 | Epoch 004] train_loss=1.1148 train_acc=0.3630 train_f1=0.3532 | val_loss=1.1510 val_acc=0.3380 val_f1=0.2462
[23:43:35] INFO: [Fold 8 | Epoch 005] train_loss=1.1068 train_acc=0.3737 train_f1=0.3628 | val_loss=1.1156 val_acc=0.3450 val_f1=0.2974
[23:43:36] INFO: [Fold 8 | Epoch 006] train_loss=1.1038 train_acc=0.3666 train_f1=0.3571 | val_loss=1.1381 val_acc=0.3647 val_f1=0.2163
[23:43:36] INFO: [Fold 8 | Epoch 007] train_loss=1.0972 train_acc=0.3859 train_f1=0.3792 | val_loss=1.1208 val_acc=0.3268 val_f1=0.2781
[23:43:36] INFO: [Fold 8 | Epoch 008] train_loss=1.0992 train_acc=0.3838 train_f1=0.3749 | val_loss=1.1239 val_acc=0.3534 val_f1=0.2872
[23:43:36] INFO: [Fold 8 | Epoch 009] train_loss=1.1041 train_acc=0.4004 train_f1=0.3933 | val_loss=1.1202 val_acc=0.3675 val_f1=0.3038
[23:43:36] INFO: [Fold 8 | Epoch 010] train_loss=1.0953 train_acc=0.3871 train_f1=0.3790 | val_loss=1.1281 val_acc=0.3843 val_f1=0.3188
[23:43:36] INFO: [Fold 8 | Epoch 011] train_loss=1.0935 train_acc=0.3963 train_f1=0.3876 | val_loss=1.1575 val_acc=0.3534 val_f1=0.2199
[23:43:36] INFO: [Fold 8 | Epoch 012] train_loss=1.1020 train_acc=0.3877 train_f1=0.3773 | val_loss=1.1510 val_acc=0.3534 val_f1=0.2771
[23:43:36] INFO: [Fold 8 | Epoch 013] train_loss=1.0922 train_acc=0.4037 train_f1=0.3922 | val_loss=1.1540 val_acc=0.3534 val_f1=0.2814
[23:43:36] INFO: [Fold 8 | Epoch 014] train_loss=1.0950 train_acc=0.4007 train_f1=0.3881 | val_loss=1.1691 val_acc=0.3478 val_f1=0.3064
[23:43:36] INFO: [Fold 8 | Epoch 015] train_loss=1.0898 train_acc=0.4046 train_f1=0.3983 | val_loss=1.1640 val_acc=0.3647 val_f1=0.3157
[23:43:37] INFO: [Fold 8 | Epoch 016] train_loss=1.0944 train_acc=0.3900 train_f1=0.3843 | val_loss=1.1439 val_acc=0.3590 val_f1=0.2783
[23:43:37] INFO: [Fold 8 | Epoch 017] train_loss=1.0944 train_acc=0.3948 train_f1=0.3849 | val_loss=1.1565 val_acc=0.3464 val_f1=0.2898
[23:43:37] INFO: [Fold 8 | Epoch 018] train_loss=1.0877 train_acc=0.4087 train_f1=0.3960 | val_loss=1.1504 val_acc=0.3506 val_f1=0.3348
[23:43:37] INFO: New best model at epoch 18 with val_macro_f1=0.3348
[23:43:37] INFO: [Fold 8 | Epoch 019] train_loss=1.0933 train_acc=0.3969 train_f1=0.3898 | val_loss=1.1236 val_acc=0.3801 val_f1=0.3225
[23:43:37] INFO: [Fold 8 | Epoch 020] train_loss=1.0882 train_acc=0.4111 train_f1=0.4014 | val_loss=1.1229 val_acc=0.3380 val_f1=0.3371
[23:43:37] INFO: New best model at epoch 20 with val_macro_f1=0.3371
[23:43:37] INFO: [Fold 8 | Epoch 021] train_loss=1.0829 train_acc=0.4161 train_f1=0.4099 | val_loss=1.2093 val_acc=0.3408 val_f1=0.2699
[23:43:37] INFO: [Fold 8 | Epoch 022] train_loss=1.0849 train_acc=0.4055 train_f1=0.3957 | val_loss=1.1279 val_acc=0.3562 val_f1=0.3074
[23:43:37] INFO: [Fold 8 | Epoch 023] train_loss=1.0842 train_acc=0.4040 train_f1=0.3971 | val_loss=1.1236 val_acc=0.3478 val_f1=0.3417
[23:43:37] INFO: New best model at epoch 23 with val_macro_f1=0.3417
[23:43:37] INFO: [Fold 8 | Epoch 024] train_loss=1.0850 train_acc=0.4031 train_f1=0.3902 | val_loss=1.1437 val_acc=0.3338 val_f1=0.2979
[23:43:38] INFO: [Fold 8 | Epoch 025] train_loss=1.0817 train_acc=0.4111 train_f1=0.3975 | val_loss=1.1803 val_acc=0.3254 val_f1=0.2607
[23:43:38] INFO: [Fold 8 | Epoch 026] train_loss=1.0792 train_acc=0.4132 train_f1=0.4013 | val_loss=1.1418 val_acc=0.3366 val_f1=0.3225
[23:43:38] INFO: [Fold 8 | Epoch 027] train_loss=1.0914 train_acc=0.4061 train_f1=0.3996 | val_loss=1.1561 val_acc=0.3520 val_f1=0.3204
[23:43:38] INFO: [Fold 8 | Epoch 028] train_loss=1.0749 train_acc=0.4200 train_f1=0.4132 | val_loss=1.2224 val_acc=0.3506 val_f1=0.2974
[23:43:38] INFO: [Fold 8 | Epoch 029] train_loss=1.0835 train_acc=0.4242 train_f1=0.4175 | val_loss=1.2091 val_acc=0.3394 val_f1=0.2614
[23:43:38] INFO: [Fold 8 | Epoch 030] train_loss=1.0923 train_acc=0.4016 train_f1=0.3939 | val_loss=1.1440 val_acc=0.3647 val_f1=0.3402
[23:43:39] INFO: [Fold 8 | Epoch 031] train_loss=1.0746 train_acc=0.4301 train_f1=0.4241 | val_loss=1.1613 val_acc=0.3464 val_f1=0.2834
[23:43:39] INFO: [Fold 8 | Epoch 032] train_loss=1.0820 train_acc=0.4236 train_f1=0.4190 | val_loss=1.1585 val_acc=0.3506 val_f1=0.3262
[23:43:39] INFO: [Fold 8 | Epoch 033] train_loss=1.0723 train_acc=0.4233 train_f1=0.4118 | val_loss=1.1820 val_acc=0.3562 val_f1=0.2807
[23:43:39] INFO: [Fold 8 | Epoch 034] train_loss=1.0758 train_acc=0.4161 train_f1=0.4098 | val_loss=1.1663 val_acc=0.3703 val_f1=0.3020
[23:43:39] INFO: [Fold 8 | Epoch 035] train_loss=1.0662 train_acc=0.4286 train_f1=0.4208 | val_loss=1.1456 val_acc=0.3717 val_f1=0.3218
[23:43:40] INFO: [Fold 8 | Epoch 036] train_loss=1.0854 train_acc=0.4167 train_f1=0.4111 | val_loss=1.2109 val_acc=0.3450 val_f1=0.2833
[23:43:40] INFO: [Fold 8 | Epoch 037] train_loss=1.0706 train_acc=0.4340 train_f1=0.4265 | val_loss=1.1852 val_acc=0.3366 val_f1=0.2848
[23:43:40] INFO: [Fold 8 | Epoch 038] train_loss=1.0698 train_acc=0.4286 train_f1=0.4183 | val_loss=1.1694 val_acc=0.3464 val_f1=0.2874
[23:43:40] INFO: [Fold 8 | Epoch 039] train_loss=1.0703 train_acc=0.4274 train_f1=0.4211 | val_loss=1.1868 val_acc=0.3408 val_f1=0.3061
[23:43:40] INFO: [Fold 8 | Epoch 040] train_loss=1.0712 train_acc=0.4316 train_f1=0.4250 | val_loss=1.2144 val_acc=0.3492 val_f1=0.2673
[23:43:40] INFO: [Fold 8 | Epoch 041] train_loss=1.0619 train_acc=0.4322 train_f1=0.4241 | val_loss=1.1722 val_acc=0.3506 val_f1=0.3375
[23:43:41] INFO: [Fold 8 | Epoch 042] train_loss=1.0610 train_acc=0.4363 train_f1=0.4296 | val_loss=1.1593 val_acc=0.3478 val_f1=0.3296
[23:43:41] INFO: [Fold 8 | Epoch 043] train_loss=1.0704 train_acc=0.4251 train_f1=0.4181 | val_loss=1.2449 val_acc=0.3366 val_f1=0.2898
[23:43:41] INFO: [Fold 8 | Epoch 044] train_loss=1.0756 train_acc=0.4259 train_f1=0.4176 | val_loss=1.1458 val_acc=0.3534 val_f1=0.3317
[23:43:41] INFO: [Fold 8 | Epoch 045] train_loss=1.0776 train_acc=0.4236 train_f1=0.4177 | val_loss=1.2280 val_acc=0.3562 val_f1=0.3029
[23:43:41] INFO: [Fold 8 | Epoch 046] train_loss=1.0706 train_acc=0.4209 train_f1=0.4126 | val_loss=1.2503 val_acc=0.3352 val_f1=0.2643
[23:43:42] INFO: [Fold 8 | Epoch 047] train_loss=1.0531 train_acc=0.4470 train_f1=0.4406 | val_loss=1.1587 val_acc=0.3843 val_f1=0.3552
[23:43:42] INFO: New best model at epoch 47 with val_macro_f1=0.3552
[23:43:42] INFO: [Fold 8 | Epoch 048] train_loss=1.0633 train_acc=0.4256 train_f1=0.4195 | val_loss=1.2050 val_acc=0.3422 val_f1=0.2996
[23:43:42] INFO: [Fold 8 | Epoch 049] train_loss=1.0606 train_acc=0.4307 train_f1=0.4226 | val_loss=1.1749 val_acc=0.3338 val_f1=0.3204
[23:43:42] INFO: [Fold 8 | Epoch 050] train_loss=1.0652 train_acc=0.4301 train_f1=0.4220 | val_loss=1.1688 val_acc=0.3408 val_f1=0.3203
[23:43:43] INFO: [Fold 8 TEST] subject=ZKB acc=0.3629 bal_acc=0.3582 macro_f1=0.2759
[23:43:43] INFO: ========================================================================================
[23:43:43] INFO: Fold 9/12 | held-out subject: ZKH
[23:43:43] INFO: Train size: 3314 | Val size: 775 | Test size: 387
[23:43:43] INFO: Train subjects: ['ZDM', 'ZDN', 'ZGW', 'ZJM', 'ZJN', 'ZJS', 'ZKB', 'ZKW', 'ZMG'] | Val subjects: ['ZAB', 'ZPH'] | Test subject: ZKH
[23:43:43] INFO: Train label counts: {np.int64(0): np.int64(994), np.int64(1): np.int64(1151), np.int64(2): np.int64(1169)}
[23:43:43] INFO: Val label counts: {np.int64(0): np.int64(234), np.int64(1): np.int64(266), np.int64(2): np.int64(275)}
[23:43:43] INFO: Test label counts: {np.int64(0): np.int64(117), np.int64(1): np.int64(132), np.int64(2): np.int64(138)}
[23:43:43] INFO: [Fold 9 | Epoch 001] train_loss=1.1608 train_acc=0.3419 train_f1=0.3339 | val_loss=1.1285 val_acc=0.3665 val_f1=0.3645
[23:43:43] INFO: New best model at epoch 1 with val_macro_f1=0.3645
[23:43:43] INFO: [Fold 9 | Epoch 002] train_loss=1.1293 train_acc=0.3422 train_f1=0.3311 | val_loss=1.1249 val_acc=0.3213 val_f1=0.2685
[23:43:43] INFO: [Fold 9 | Epoch 003] train_loss=1.1205 train_acc=0.3690 train_f1=0.3609 | val_loss=1.1226 val_acc=0.3394 val_f1=0.3042
[23:43:43] INFO: [Fold 9 | Epoch 004] train_loss=1.1169 train_acc=0.3543 train_f1=0.3448 | val_loss=1.1406 val_acc=0.3458 val_f1=0.2922
[23:43:44] INFO: [Fold 9 | Epoch 005] train_loss=1.1114 train_acc=0.3733 train_f1=0.3643 | val_loss=1.1346 val_acc=0.3497 val_f1=0.2916
[23:43:44] INFO: [Fold 9 | Epoch 006] train_loss=1.1099 train_acc=0.3636 train_f1=0.3516 | val_loss=1.1143 val_acc=0.3123 val_f1=0.2387
[23:43:44] INFO: [Fold 9 | Epoch 007] train_loss=1.1169 train_acc=0.3579 train_f1=0.3484 | val_loss=1.1166 val_acc=0.3239 val_f1=0.2701
[23:43:44] INFO: [Fold 9 | Epoch 008] train_loss=1.1042 train_acc=0.3724 train_f1=0.3642 | val_loss=1.1199 val_acc=0.3355 val_f1=0.3352
[23:43:44] INFO: [Fold 9 | Epoch 009] train_loss=1.1022 train_acc=0.3823 train_f1=0.3725 | val_loss=1.1240 val_acc=0.3303 val_f1=0.3033
[23:43:44] INFO: [Fold 9 | Epoch 010] train_loss=1.0991 train_acc=0.3908 train_f1=0.3798 | val_loss=1.1151 val_acc=0.3316 val_f1=0.2984
[23:43:44] INFO: [Fold 9 | Epoch 011] train_loss=1.0909 train_acc=0.3989 train_f1=0.3852 | val_loss=1.1086 val_acc=0.3677 val_f1=0.3664
[23:43:44] INFO: New best model at epoch 11 with val_macro_f1=0.3664
[23:43:44] INFO: [Fold 9 | Epoch 012] train_loss=1.1073 train_acc=0.3742 train_f1=0.3680 | val_loss=1.1604 val_acc=0.3768 val_f1=0.3136
[23:43:45] INFO: [Fold 9 | Epoch 013] train_loss=1.0995 train_acc=0.3811 train_f1=0.3724 | val_loss=1.1055 val_acc=0.3510 val_f1=0.3481
[23:43:45] INFO: [Fold 9 | Epoch 014] train_loss=1.0849 train_acc=0.3986 train_f1=0.3907 | val_loss=1.1302 val_acc=0.3845 val_f1=0.2979
[23:43:45] INFO: [Fold 9 | Epoch 015] train_loss=1.0938 train_acc=0.3917 train_f1=0.3822 | val_loss=1.1709 val_acc=0.3471 val_f1=0.2128
[23:43:45] INFO: [Fold 9 | Epoch 016] train_loss=1.0872 train_acc=0.3992 train_f1=0.3836 | val_loss=1.1743 val_acc=0.3342 val_f1=0.2439
[23:43:45] INFO: [Fold 9 | Epoch 017] train_loss=1.0843 train_acc=0.4046 train_f1=0.3938 | val_loss=1.1820 val_acc=0.3368 val_f1=0.2902
[23:43:45] INFO: [Fold 9 | Epoch 018] train_loss=1.0847 train_acc=0.4034 train_f1=0.3874 | val_loss=1.1221 val_acc=0.3497 val_f1=0.2928
[23:43:45] INFO: [Fold 9 | Epoch 019] train_loss=1.0823 train_acc=0.4025 train_f1=0.3897 | val_loss=1.1293 val_acc=0.3419 val_f1=0.2964
[23:43:45] INFO: [Fold 9 | Epoch 020] train_loss=1.0800 train_acc=0.4043 train_f1=0.3887 | val_loss=1.1588 val_acc=0.3613 val_f1=0.2563
[23:43:46] INFO: [Fold 9 | Epoch 021] train_loss=1.0941 train_acc=0.4046 train_f1=0.3943 | val_loss=1.1518 val_acc=0.3290 val_f1=0.2895
[23:43:46] INFO: [Fold 9 | Epoch 022] train_loss=1.0942 train_acc=0.4092 train_f1=0.3996 | val_loss=1.1389 val_acc=0.3497 val_f1=0.2376
[23:43:46] INFO: [Fold 9 | Epoch 023] train_loss=1.0944 train_acc=0.4040 train_f1=0.3975 | val_loss=1.1894 val_acc=0.3510 val_f1=0.2906
[23:43:46] INFO: [Fold 9 | Epoch 024] train_loss=1.0823 train_acc=0.4122 train_f1=0.4032 | val_loss=1.1756 val_acc=0.3368 val_f1=0.2736
[23:43:46] INFO: [Fold 9 | Epoch 025] train_loss=1.0769 train_acc=0.4182 train_f1=0.4070 | val_loss=1.1425 val_acc=0.3277 val_f1=0.2702
[23:43:46] INFO: [Fold 9 | Epoch 026] train_loss=1.0888 train_acc=0.4077 train_f1=0.3980 | val_loss=1.1224 val_acc=0.3342 val_f1=0.3336
[23:43:46] INFO: [Fold 9 | Epoch 027] train_loss=1.0751 train_acc=0.4161 train_f1=0.4075 | val_loss=1.1986 val_acc=0.3445 val_f1=0.1984
[23:43:46] INFO: [Fold 9 | Epoch 028] train_loss=1.0808 train_acc=0.4037 train_f1=0.3920 | val_loss=1.1564 val_acc=0.3187 val_f1=0.2353
[23:43:46] INFO: [Fold 9 | Epoch 029] train_loss=1.0788 train_acc=0.4137 train_f1=0.4080 | val_loss=1.1266 val_acc=0.3716 val_f1=0.3668
[23:43:46] INFO: New best model at epoch 29 with val_macro_f1=0.3668
[23:43:46] INFO: [Fold 9 | Epoch 030] train_loss=1.0753 train_acc=0.4176 train_f1=0.4088 | val_loss=1.1291 val_acc=0.3523 val_f1=0.3152
[23:43:46] INFO: [Fold 9 | Epoch 031] train_loss=1.0846 train_acc=0.4113 train_f1=0.4032 | val_loss=1.1357 val_acc=0.3523 val_f1=0.2620
[23:43:47] INFO: [Fold 9 | Epoch 032] train_loss=1.0744 train_acc=0.4167 train_f1=0.4083 | val_loss=1.1864 val_acc=0.3394 val_f1=0.2182
[23:43:47] INFO: [Fold 9 | Epoch 033] train_loss=1.0760 train_acc=0.4053 train_f1=0.3936 | val_loss=1.1202 val_acc=0.3665 val_f1=0.3600
[23:43:47] INFO: [Fold 9 | Epoch 034] train_loss=1.0749 train_acc=0.4077 train_f1=0.4024 | val_loss=1.1812 val_acc=0.3626 val_f1=0.3435
[23:43:47] INFO: [Fold 9 | Epoch 035] train_loss=1.0688 train_acc=0.4270 train_f1=0.4208 | val_loss=1.1243 val_acc=0.3394 val_f1=0.3257
[23:43:47] INFO: [Fold 9 | Epoch 036] train_loss=1.0706 train_acc=0.4330 train_f1=0.4257 | val_loss=1.1256 val_acc=0.3665 val_f1=0.3155
[23:43:47] INFO: [Fold 9 | Epoch 037] train_loss=1.0742 train_acc=0.4146 train_f1=0.4066 | val_loss=1.1249 val_acc=0.3652 val_f1=0.3227
[23:43:47] INFO: [Fold 9 | Epoch 038] train_loss=1.0738 train_acc=0.4194 train_f1=0.4117 | val_loss=1.1413 val_acc=0.3394 val_f1=0.3063
[23:43:47] INFO: [Fold 9 | Epoch 039] train_loss=1.0625 train_acc=0.4306 train_f1=0.4222 | val_loss=1.1239 val_acc=0.3600 val_f1=0.3101
[23:43:47] INFO: [Fold 9 | Epoch 040] train_loss=1.0790 train_acc=0.4291 train_f1=0.4199 | val_loss=1.1334 val_acc=0.3832 val_f1=0.3241
[23:43:48] INFO: [Fold 9 | Epoch 041] train_loss=1.0750 train_acc=0.4234 train_f1=0.4159 | val_loss=1.2702 val_acc=0.3381 val_f1=0.1810
[23:43:48] INFO: [Fold 9 | Epoch 042] train_loss=1.0786 train_acc=0.4345 train_f1=0.4259 | val_loss=1.1363 val_acc=0.3742 val_f1=0.2965
[23:43:48] INFO: [Fold 9 | Epoch 043] train_loss=1.0761 train_acc=0.4134 train_f1=0.4065 | val_loss=1.1665 val_acc=0.3561 val_f1=0.2901
[23:43:48] INFO: [Fold 9 | Epoch 044] train_loss=1.0705 train_acc=0.4231 train_f1=0.4184 | val_loss=1.1754 val_acc=0.3497 val_f1=0.2543
[23:43:48] INFO: [Fold 9 | Epoch 045] train_loss=1.0709 train_acc=0.4234 train_f1=0.4120 | val_loss=1.1833 val_acc=0.3561 val_f1=0.2385
[23:43:48] INFO: [Fold 9 | Epoch 046] train_loss=1.0592 train_acc=0.4436 train_f1=0.4365 | val_loss=1.1831 val_acc=0.3561 val_f1=0.2890
[23:43:48] INFO: [Fold 9 | Epoch 047] train_loss=1.0610 train_acc=0.4427 train_f1=0.4333 | val_loss=1.2094 val_acc=0.3626 val_f1=0.3550
[23:43:48] INFO: [Fold 9 | Epoch 048] train_loss=1.0677 train_acc=0.4252 train_f1=0.4179 | val_loss=1.2535 val_acc=0.3587 val_f1=0.2759
[23:43:48] INFO: [Fold 9 | Epoch 049] train_loss=1.0666 train_acc=0.4288 train_f1=0.4228 | val_loss=1.1476 val_acc=0.3587 val_f1=0.3000
[23:43:49] INFO: [Fold 9 | Epoch 050] train_loss=1.0668 train_acc=0.4309 train_f1=0.4236 | val_loss=1.1340 val_acc=0.3690 val_f1=0.3360
[23:43:49] INFO: [Fold 9 TEST] subject=ZKH acc=0.3669 bal_acc=0.3716 macro_f1=0.2947
[23:43:49] INFO: ========================================================================================
[23:43:49] INFO: Fold 10/12 | held-out subject: ZKW
[23:43:49] INFO: Train size: 3323 | Val size: 759 | Test size: 394
[23:43:49] INFO: Train subjects: ['ZAB', 'ZDN', 'ZGW', 'ZJM', 'ZJS', 'ZKB', 'ZKH', 'ZMG', 'ZPH'] | Val subjects: ['ZDM', 'ZJN'] | Test subject: ZKW
[23:43:49] INFO: Train label counts: {np.int64(0): np.int64(998), np.int64(1): np.int64(1154), np.int64(2): np.int64(1171)}
[23:43:49] INFO: Val label counts: {np.int64(0): np.int64(228), np.int64(1): np.int64(259), np.int64(2): np.int64(272)}
[23:43:49] INFO: Test label counts: {np.int64(0): np.int64(119), np.int64(1): np.int64(136), np.int64(2): np.int64(139)}
[23:43:49] INFO: [Fold 10 | Epoch 001] train_loss=1.1714 train_acc=0.3367 train_f1=0.3346 | val_loss=1.1736 val_acc=0.3570 val_f1=0.1754
[23:43:49] INFO: New best model at epoch 1 with val_macro_f1=0.1754
[23:43:49] INFO: [Fold 10 | Epoch 002] train_loss=1.1255 train_acc=0.3389 train_f1=0.3233 | val_loss=1.1254 val_acc=0.3254 val_f1=0.3063
[23:43:49] INFO: New best model at epoch 2 with val_macro_f1=0.3063
[23:43:50] INFO: [Fold 10 | Epoch 003] train_loss=1.1196 train_acc=0.3659 train_f1=0.3513 | val_loss=1.1824 val_acc=0.3597 val_f1=0.2487
[23:43:50] INFO: [Fold 10 | Epoch 004] train_loss=1.1181 train_acc=0.3689 train_f1=0.3573 | val_loss=1.1682 val_acc=0.3136 val_f1=0.2832
[23:43:50] INFO: [Fold 10 | Epoch 005] train_loss=1.1189 train_acc=0.3548 train_f1=0.3481 | val_loss=1.1257 val_acc=0.3294 val_f1=0.3094
[23:43:50] INFO: New best model at epoch 5 with val_macro_f1=0.3094
[23:43:50] INFO: [Fold 10 | Epoch 006] train_loss=1.1056 train_acc=0.3780 train_f1=0.3638 | val_loss=1.1272 val_acc=0.3531 val_f1=0.2872
[23:43:50] INFO: [Fold 10 | Epoch 007] train_loss=1.1065 train_acc=0.3753 train_f1=0.3654 | val_loss=1.1385 val_acc=0.3465 val_f1=0.2995
[23:43:50] INFO: [Fold 10 | Epoch 008] train_loss=1.1120 train_acc=0.3689 train_f1=0.3567 | val_loss=1.2049 val_acc=0.3399 val_f1=0.2765
[23:43:50] INFO: [Fold 10 | Epoch 009] train_loss=1.1058 train_acc=0.3750 train_f1=0.3670 | val_loss=1.1432 val_acc=0.3636 val_f1=0.2685
[23:43:51] INFO: [Fold 10 | Epoch 010] train_loss=1.1035 train_acc=0.3732 train_f1=0.3591 | val_loss=1.1634 val_acc=0.3557 val_f1=0.2022
[23:43:51] INFO: [Fold 10 | Epoch 011] train_loss=1.1079 train_acc=0.3735 train_f1=0.3615 | val_loss=1.1469 val_acc=0.3531 val_f1=0.3159
[23:43:51] INFO: New best model at epoch 11 with val_macro_f1=0.3159
[23:43:51] INFO: [Fold 10 | Epoch 012] train_loss=1.0958 train_acc=0.3903 train_f1=0.3789 | val_loss=1.1418 val_acc=0.3544 val_f1=0.3497
[23:43:51] INFO: New best model at epoch 12 with val_macro_f1=0.3497
[23:43:51] INFO: [Fold 10 | Epoch 013] train_loss=1.0997 train_acc=0.3855 train_f1=0.3736 | val_loss=1.1415 val_acc=0.3518 val_f1=0.3445
[23:43:51] INFO: [Fold 10 | Epoch 014] train_loss=1.1118 train_acc=0.3735 train_f1=0.3666 | val_loss=1.1497 val_acc=0.3531 val_f1=0.2942
[23:43:52] INFO: [Fold 10 | Epoch 015] train_loss=1.1040 train_acc=0.3876 train_f1=0.3814 | val_loss=1.1453 val_acc=0.3597 val_f1=0.2687
[23:43:52] INFO: [Fold 10 | Epoch 016] train_loss=1.0952 train_acc=0.3930 train_f1=0.3820 | val_loss=1.1267 val_acc=0.3452 val_f1=0.3341
[23:43:52] INFO: [Fold 10 | Epoch 017] train_loss=1.0935 train_acc=0.3942 train_f1=0.3854 | val_loss=1.1364 val_acc=0.3505 val_f1=0.2970
[23:43:52] INFO: [Fold 10 | Epoch 018] train_loss=1.0954 train_acc=0.4029 train_f1=0.3925 | val_loss=1.1301 val_acc=0.3676 val_f1=0.3642
[23:43:52] INFO: New best model at epoch 18 with val_macro_f1=0.3642
[23:43:52] INFO: [Fold 10 | Epoch 019] train_loss=1.0934 train_acc=0.4126 train_f1=0.4057 | val_loss=1.1447 val_acc=0.3360 val_f1=0.3339
[23:43:52] INFO: [Fold 10 | Epoch 020] train_loss=1.1016 train_acc=0.4020 train_f1=0.3971 | val_loss=1.1841 val_acc=0.3597 val_f1=0.2406
[23:43:53] INFO: [Fold 10 | Epoch 021] train_loss=1.0923 train_acc=0.3912 train_f1=0.3786 | val_loss=1.2112 val_acc=0.3742 val_f1=0.3155
[23:43:53] INFO: [Fold 10 | Epoch 022] train_loss=1.0924 train_acc=0.3990 train_f1=0.3891 | val_loss=1.1465 val_acc=0.3531 val_f1=0.3461
[23:43:53] INFO: [Fold 10 | Epoch 023] train_loss=1.1000 train_acc=0.3969 train_f1=0.3807 | val_loss=1.1820 val_acc=0.3597 val_f1=0.2439
[23:43:53] INFO: [Fold 10 | Epoch 024] train_loss=1.0812 train_acc=0.4099 train_f1=0.4007 | val_loss=1.1703 val_acc=0.3386 val_f1=0.2600
[23:43:53] INFO: [Fold 10 | Epoch 025] train_loss=1.0863 train_acc=0.4132 train_f1=0.4009 | val_loss=1.1947 val_acc=0.3623 val_f1=0.2777
[23:43:54] INFO: [Fold 10 | Epoch 026] train_loss=1.0851 train_acc=0.4096 train_f1=0.4001 | val_loss=1.1686 val_acc=0.3794 val_f1=0.3120
[23:43:54] INFO: [Fold 10 | Epoch 027] train_loss=1.0894 train_acc=0.4084 train_f1=0.3954 | val_loss=1.1687 val_acc=0.3584 val_f1=0.3030
[23:43:54] INFO: [Fold 10 | Epoch 028] train_loss=1.0857 train_acc=0.4180 train_f1=0.4124 | val_loss=1.1616 val_acc=0.3650 val_f1=0.3604
[23:43:54] INFO: [Fold 10 | Epoch 029] train_loss=1.0683 train_acc=0.4204 train_f1=0.4092 | val_loss=1.1871 val_acc=0.3742 val_f1=0.2987
[23:43:54] INFO: [Fold 10 | Epoch 030] train_loss=1.0817 train_acc=0.4111 train_f1=0.4039 | val_loss=1.1977 val_acc=0.3636 val_f1=0.3053
[23:43:54] INFO: [Fold 10 | Epoch 031] train_loss=1.0824 train_acc=0.4141 train_f1=0.4067 | val_loss=1.1729 val_acc=0.3755 val_f1=0.2871
[23:43:55] INFO: [Fold 10 | Epoch 032] train_loss=1.0785 train_acc=0.4132 train_f1=0.4052 | val_loss=1.1936 val_acc=0.3623 val_f1=0.2809
[23:43:55] INFO: [Fold 10 | Epoch 033] train_loss=1.0732 train_acc=0.4198 train_f1=0.4097 | val_loss=1.1898 val_acc=0.3610 val_f1=0.3454
[23:43:55] INFO: [Fold 10 | Epoch 034] train_loss=1.0767 train_acc=0.4036 train_f1=0.3910 | val_loss=1.2018 val_acc=0.3689 val_f1=0.3637
[23:43:55] INFO: [Fold 10 | Epoch 035] train_loss=1.0810 train_acc=0.4255 train_f1=0.4130 | val_loss=1.2198 val_acc=0.3663 val_f1=0.3589
[23:43:55] INFO: [Fold 10 | Epoch 036] train_loss=1.0759 train_acc=0.4240 train_f1=0.4139 | val_loss=1.2079 val_acc=0.3650 val_f1=0.3289
[23:43:56] INFO: [Fold 10 | Epoch 037] train_loss=1.0677 train_acc=0.4150 train_f1=0.4052 | val_loss=1.2187 val_acc=0.3557 val_f1=0.2856
[23:43:56] INFO: [Fold 10 | Epoch 038] train_loss=1.0768 train_acc=0.4177 train_f1=0.4056 | val_loss=1.1855 val_acc=0.3570 val_f1=0.3449
[23:43:56] INFO: [Fold 10 | Epoch 039] train_loss=1.0744 train_acc=0.4246 train_f1=0.4177 | val_loss=1.2159 val_acc=0.3768 val_f1=0.3415
[23:43:56] INFO: [Fold 10 | Epoch 040] train_loss=1.0790 train_acc=0.4135 train_f1=0.4040 | val_loss=1.1843 val_acc=0.3676 val_f1=0.3614
[23:43:56] INFO: [Fold 10 | Epoch 041] train_loss=1.0684 train_acc=0.4171 train_f1=0.4067 | val_loss=1.1931 val_acc=0.3702 val_f1=0.3221
[23:43:56] INFO: [Fold 10 | Epoch 042] train_loss=1.0681 train_acc=0.4300 train_f1=0.4205 | val_loss=1.2468 val_acc=0.3518 val_f1=0.3386
[23:43:57] INFO: [Fold 10 | Epoch 043] train_loss=1.0842 train_acc=0.4204 train_f1=0.4123 | val_loss=1.2359 val_acc=0.3676 val_f1=0.3361
[23:43:57] INFO: [Fold 10 | Epoch 044] train_loss=1.0690 train_acc=0.4312 train_f1=0.4234 | val_loss=1.2436 val_acc=0.3729 val_f1=0.2827
[23:43:57] INFO: [Fold 10 | Epoch 045] train_loss=1.0632 train_acc=0.4370 train_f1=0.4305 | val_loss=1.2533 val_acc=0.3623 val_f1=0.3190
[23:43:57] INFO: [Fold 10 | Epoch 046] train_loss=1.0806 train_acc=0.4141 train_f1=0.4069 | val_loss=1.2310 val_acc=0.3623 val_f1=0.2875
[23:43:57] INFO: [Fold 10 | Epoch 047] train_loss=1.0708 train_acc=0.4285 train_f1=0.4224 | val_loss=1.2231 val_acc=0.3518 val_f1=0.3377
[23:43:58] INFO: [Fold 10 | Epoch 048] train_loss=1.0684 train_acc=0.4222 train_f1=0.4165 | val_loss=1.2117 val_acc=0.3478 val_f1=0.2963
[23:43:58] INFO: [Fold 10 | Epoch 049] train_loss=1.0648 train_acc=0.4318 train_f1=0.4194 | val_loss=1.2233 val_acc=0.3491 val_f1=0.3287
[23:43:58] INFO: [Fold 10 | Epoch 050] train_loss=1.0634 train_acc=0.4364 train_f1=0.4281 | val_loss=1.2331 val_acc=0.3715 val_f1=0.3325
[23:43:58] INFO: [Fold 10 TEST] subject=ZKW acc=0.3122 bal_acc=0.3142 macro_f1=0.2726
[23:43:58] INFO: ========================================================================================
[23:43:58] INFO: Fold 11/12 | held-out subject: ZMG
[23:43:58] INFO: Train size: 3330 | Val size: 766 | Test size: 380
[23:43:58] INFO: Train subjects: ['ZDN', 'ZGW', 'ZJM', 'ZJN', 'ZJS', 'ZKB', 'ZKH', 'ZKW', 'ZPH'] | Val subjects: ['ZAB', 'ZDM'] | Test subject: ZMG
[23:43:58] INFO: Train label counts: {np.int64(0): np.int64(999), np.int64(1): np.int64(1159), np.int64(2): np.int64(1172)}
[23:43:58] INFO: Val label counts: {np.int64(0): np.int64(232), np.int64(1): np.int64(260), np.int64(2): np.int64(274)}
[23:43:58] INFO: Test label counts: {np.int64(0): np.int64(114), np.int64(1): np.int64(130), np.int64(2): np.int64(136)}
[23:43:59] INFO: [Fold 11 | Epoch 001] train_loss=1.1410 train_acc=0.3288 train_f1=0.3235 | val_loss=1.1353 val_acc=0.3185 val_f1=0.2494
[23:43:59] INFO: New best model at epoch 1 with val_macro_f1=0.2494
[23:43:59] INFO: [Fold 11 | Epoch 002] train_loss=1.1372 train_acc=0.3538 train_f1=0.3425 | val_loss=1.2157 val_acc=0.3564 val_f1=0.1752
[23:43:59] INFO: [Fold 11 | Epoch 003] train_loss=1.1424 train_acc=0.3577 train_f1=0.3430 | val_loss=1.1476 val_acc=0.3055 val_f1=0.2314
[23:43:59] INFO: [Fold 11 | Epoch 004] train_loss=1.1423 train_acc=0.3643 train_f1=0.3588 | val_loss=1.1273 val_acc=0.3512 val_f1=0.3219
[23:43:59] INFO: New best model at epoch 4 with val_macro_f1=0.3219
[23:43:59] INFO: [Fold 11 | Epoch 005] train_loss=1.1263 train_acc=0.3601 train_f1=0.3514 | val_loss=1.1326 val_acc=0.3460 val_f1=0.3352
[23:43:59] INFO: New best model at epoch 5 with val_macro_f1=0.3352
[23:44:00] INFO: [Fold 11 | Epoch 006] train_loss=1.1226 train_acc=0.3682 train_f1=0.3606 | val_loss=1.1470 val_acc=0.3473 val_f1=0.3227
[23:44:00] INFO: [Fold 11 | Epoch 007] train_loss=1.1078 train_acc=0.3754 train_f1=0.3662 | val_loss=1.1127 val_acc=0.3277 val_f1=0.3269
[23:44:00] INFO: [Fold 11 | Epoch 008] train_loss=1.1120 train_acc=0.3760 train_f1=0.3623 | val_loss=1.1271 val_acc=0.3381 val_f1=0.3381
[23:44:00] INFO: New best model at epoch 8 with val_macro_f1=0.3381
[23:44:00] INFO: [Fold 11 | Epoch 009] train_loss=1.1030 train_acc=0.3859 train_f1=0.3777 | val_loss=1.1270 val_acc=0.3303 val_f1=0.2754
[23:44:00] INFO: [Fold 11 | Epoch 010] train_loss=1.1128 train_acc=0.3706 train_f1=0.3598 | val_loss=1.1151 val_acc=0.3342 val_f1=0.3213
[23:44:01] INFO: [Fold 11 | Epoch 011] train_loss=1.1174 train_acc=0.3805 train_f1=0.3726 | val_loss=1.1520 val_acc=0.3473 val_f1=0.3127
[23:44:01] INFO: [Fold 11 | Epoch 012] train_loss=1.1416 train_acc=0.3604 train_f1=0.3519 | val_loss=1.1223 val_acc=0.3708 val_f1=0.2994
[23:44:01] INFO: [Fold 11 | Epoch 013] train_loss=1.1094 train_acc=0.3724 train_f1=0.3601 | val_loss=1.1271 val_acc=0.3329 val_f1=0.3248
[23:44:01] INFO: [Fold 11 | Epoch 014] train_loss=1.1081 train_acc=0.3955 train_f1=0.3787 | val_loss=1.1267 val_acc=0.3512 val_f1=0.3265
[23:44:01] INFO: [Fold 11 | Epoch 015] train_loss=1.1095 train_acc=0.3826 train_f1=0.3703 | val_loss=1.1653 val_acc=0.3094 val_f1=0.2021
[23:44:02] INFO: [Fold 11 | Epoch 016] train_loss=1.1041 train_acc=0.3883 train_f1=0.3817 | val_loss=1.1384 val_acc=0.3564 val_f1=0.2558
[23:44:02] INFO: [Fold 11 | Epoch 017] train_loss=1.0937 train_acc=0.4006 train_f1=0.3880 | val_loss=1.1169 val_acc=0.3316 val_f1=0.3269
[23:44:02] INFO: [Fold 11 | Epoch 018] train_loss=1.0962 train_acc=0.3898 train_f1=0.3752 | val_loss=1.1562 val_acc=0.3107 val_f1=0.2603
[23:44:02] INFO: [Fold 11 | Epoch 019] train_loss=1.1204 train_acc=0.3814 train_f1=0.3793 | val_loss=1.1325 val_acc=0.3407 val_f1=0.3284
[23:44:02] INFO: [Fold 11 | Epoch 020] train_loss=1.1154 train_acc=0.3763 train_f1=0.3667 | val_loss=1.1369 val_acc=0.3433 val_f1=0.3311
[23:44:03] INFO: [Fold 11 | Epoch 021] train_loss=1.0854 train_acc=0.4084 train_f1=0.3981 | val_loss=1.1306 val_acc=0.3433 val_f1=0.2701
[23:44:03] INFO: [Fold 11 | Epoch 022] train_loss=1.1172 train_acc=0.3805 train_f1=0.3647 | val_loss=1.1879 val_acc=0.3303 val_f1=0.2837
[23:44:03] INFO: [Fold 11 | Epoch 023] train_loss=1.1120 train_acc=0.3931 train_f1=0.3885 | val_loss=1.1511 val_acc=0.3538 val_f1=0.3414
[23:44:03] INFO: New best model at epoch 23 with val_macro_f1=0.3414
[23:44:03] INFO: [Fold 11 | Epoch 024] train_loss=1.1076 train_acc=0.3916 train_f1=0.3819 | val_loss=1.1547 val_acc=0.3446 val_f1=0.3373
[23:44:03] INFO: [Fold 11 | Epoch 025] train_loss=1.1202 train_acc=0.3712 train_f1=0.3623 | val_loss=1.1382 val_acc=0.3368 val_f1=0.3223
[23:44:04] INFO: [Fold 11 | Epoch 026] train_loss=1.1025 train_acc=0.4069 train_f1=0.3971 | val_loss=1.1492 val_acc=0.3316 val_f1=0.3217
[23:44:04] INFO: [Fold 11 | Epoch 027] train_loss=1.0961 train_acc=0.3970 train_f1=0.3873 | val_loss=1.1552 val_acc=0.3407 val_f1=0.3331
[23:44:04] INFO: [Fold 11 | Epoch 028] train_loss=1.0967 train_acc=0.3919 train_f1=0.3822 | val_loss=1.1383 val_acc=0.3433 val_f1=0.3366
[23:44:04] INFO: [Fold 11 | Epoch 029] train_loss=1.0879 train_acc=0.4000 train_f1=0.3913 | val_loss=1.1518 val_acc=0.3420 val_f1=0.3307
[23:44:04] INFO: [Fold 11 | Epoch 030] train_loss=1.0937 train_acc=0.4060 train_f1=0.3972 | val_loss=1.1210 val_acc=0.3407 val_f1=0.3354
[23:44:04] INFO: [Fold 11 | Epoch 031] train_loss=1.0887 train_acc=0.4150 train_f1=0.4075 | val_loss=1.1561 val_acc=0.3499 val_f1=0.2933
[23:44:04] INFO: [Fold 11 | Epoch 032] train_loss=1.1052 train_acc=0.4039 train_f1=0.3945 | val_loss=1.1627 val_acc=0.3460 val_f1=0.3031
[23:44:04] INFO: [Fold 11 | Epoch 033] train_loss=1.1054 train_acc=0.3949 train_f1=0.3882 | val_loss=1.1643 val_acc=0.3303 val_f1=0.3279
[23:44:05] INFO: [Fold 11 | Epoch 034] train_loss=1.0886 train_acc=0.4126 train_f1=0.4013 | val_loss=1.1791 val_acc=0.3407 val_f1=0.2952
[23:44:05] INFO: [Fold 11 | Epoch 035] train_loss=1.1012 train_acc=0.3964 train_f1=0.3844 | val_loss=1.1632 val_acc=0.3251 val_f1=0.3148
[23:44:05] INFO: [Fold 11 | Epoch 036] train_loss=1.0880 train_acc=0.4177 train_f1=0.4106 | val_loss=1.2045 val_acc=0.3394 val_f1=0.2124
[23:44:05] INFO: [Fold 11 | Epoch 037] train_loss=1.0941 train_acc=0.4036 train_f1=0.3939 | val_loss=1.1726 val_acc=0.3394 val_f1=0.2831
[23:44:05] INFO: [Fold 11 | Epoch 038] train_loss=1.0836 train_acc=0.4057 train_f1=0.3965 | val_loss=1.1488 val_acc=0.3551 val_f1=0.3123
[23:44:05] INFO: [Fold 11 | Epoch 039] train_loss=1.0974 train_acc=0.4045 train_f1=0.3977 | val_loss=1.1799 val_acc=0.3264 val_f1=0.2715
[23:44:06] INFO: [Fold 11 | Epoch 040] train_loss=1.0881 train_acc=0.4045 train_f1=0.3984 | val_loss=1.1482 val_acc=0.3446 val_f1=0.3147
[23:44:06] INFO: [Fold 11 | Epoch 041] train_loss=1.0839 train_acc=0.4168 train_f1=0.4064 | val_loss=1.1807 val_acc=0.3525 val_f1=0.3395
[23:44:06] INFO: [Fold 11 | Epoch 042] train_loss=1.1077 train_acc=0.4150 train_f1=0.4135 | val_loss=1.1588 val_acc=0.3446 val_f1=0.3183
[23:44:06] INFO: [Fold 11 | Epoch 043] train_loss=1.0802 train_acc=0.4234 train_f1=0.4155 | val_loss=1.1506 val_acc=0.3564 val_f1=0.3440
[23:44:06] INFO: New best model at epoch 43 with val_macro_f1=0.3440
[23:44:06] INFO: [Fold 11 | Epoch 044] train_loss=1.0916 train_acc=0.3955 train_f1=0.3880 | val_loss=1.1521 val_acc=0.3512 val_f1=0.3236
[23:44:07] INFO: [Fold 11 | Epoch 045] train_loss=1.0856 train_acc=0.4072 train_f1=0.3926 | val_loss=1.1680 val_acc=0.3512 val_f1=0.3499
[23:44:07] INFO: New best model at epoch 45 with val_macro_f1=0.3499
[23:44:07] INFO: [Fold 11 | Epoch 046] train_loss=1.0852 train_acc=0.4051 train_f1=0.3999 | val_loss=1.2659 val_acc=0.3512 val_f1=0.3163
[23:44:07] INFO: [Fold 11 | Epoch 047] train_loss=1.0812 train_acc=0.4069 train_f1=0.3956 | val_loss=1.1546 val_acc=0.3538 val_f1=0.3355
[23:44:07] INFO: [Fold 11 | Epoch 048] train_loss=1.1033 train_acc=0.4051 train_f1=0.3958 | val_loss=1.1976 val_acc=0.3473 val_f1=0.3192
[23:44:07] INFO: [Fold 11 | Epoch 049] train_loss=1.0758 train_acc=0.4213 train_f1=0.4115 | val_loss=1.2140 val_acc=0.3303 val_f1=0.2834
[23:44:08] INFO: [Fold 11 | Epoch 050] train_loss=1.0812 train_acc=0.4231 train_f1=0.4161 | val_loss=1.2274 val_acc=0.3420 val_f1=0.3206
[23:44:08] INFO: [Fold 11 TEST] subject=ZMG acc=0.3211 bal_acc=0.3475 macro_f1=0.2447
[23:44:08] INFO: ========================================================================================
[23:44:08] INFO: Fold 12/12 | held-out subject: ZPH
[23:44:08] INFO: Train size: 3321 | Val size: 767 | Test size: 388
[23:44:08] INFO: Train subjects: ['ZDM', 'ZDN', 'ZGW', 'ZJM', 'ZJN', 'ZJS', 'ZKB', 'ZKH', 'ZKW'] | Val subjects: ['ZAB', 'ZMG'] | Test subject: ZPH
[23:44:08] INFO: Train label counts: {np.int64(0): np.int64(997), np.int64(1): np.int64(1153), np.int64(2): np.int64(1171)}
[23:44:08] INFO: Val label counts: {np.int64(0): np.int64(231), np.int64(1): np.int64(262), np.int64(2): np.int64(274)}
[23:44:08] INFO: Test label counts: {np.int64(0): np.int64(117), np.int64(1): np.int64(134), np.int64(2): np.int64(137)}
[23:44:08] INFO: [Fold 12 | Epoch 001] train_loss=1.1477 train_acc=0.3372 train_f1=0.3320 | val_loss=1.1398 val_acc=0.3572 val_f1=0.3138
[23:44:08] INFO: New best model at epoch 1 with val_macro_f1=0.3138
[23:44:08] INFO: [Fold 12 | Epoch 002] train_loss=1.1359 train_acc=0.3442 train_f1=0.3299 | val_loss=1.1509 val_acc=0.3246 val_f1=0.3227
[23:44:08] INFO: New best model at epoch 2 with val_macro_f1=0.3227
[23:44:09] INFO: [Fold 12 | Epoch 003] train_loss=1.1279 train_acc=0.3562 train_f1=0.3429 | val_loss=1.1368 val_acc=0.3390 val_f1=0.3310
[23:44:09] INFO: New best model at epoch 3 with val_macro_f1=0.3310
[23:44:09] INFO: [Fold 12 | Epoch 004] train_loss=1.1257 train_acc=0.3493 train_f1=0.3380 | val_loss=1.1256 val_acc=0.3429 val_f1=0.3284
[23:44:09] INFO: [Fold 12 | Epoch 005] train_loss=1.1325 train_acc=0.3454 train_f1=0.3326 | val_loss=1.1415 val_acc=0.3481 val_f1=0.3427
[23:44:09] INFO: New best model at epoch 5 with val_macro_f1=0.3427
[23:44:09] INFO: [Fold 12 | Epoch 006] train_loss=1.1106 train_acc=0.3695 train_f1=0.3586 | val_loss=1.1235 val_acc=0.3429 val_f1=0.3400
[23:44:09] INFO: [Fold 12 | Epoch 007] train_loss=1.1132 train_acc=0.3668 train_f1=0.3614 | val_loss=1.1655 val_acc=0.3286 val_f1=0.2720
[23:44:10] INFO: [Fold 12 | Epoch 008] train_loss=1.1111 train_acc=0.3743 train_f1=0.3619 | val_loss=1.1119 val_acc=0.3625 val_f1=0.3517
[23:44:10] INFO: New best model at epoch 8 with val_macro_f1=0.3517
[23:44:10] INFO: [Fold 12 | Epoch 009] train_loss=1.1005 train_acc=0.3821 train_f1=0.3696 | val_loss=1.1392 val_acc=0.3416 val_f1=0.3250
[23:44:10] INFO: [Fold 12 | Epoch 010] train_loss=1.1068 train_acc=0.3800 train_f1=0.3695 | val_loss=1.1249 val_acc=0.3494 val_f1=0.3428
[23:44:10] INFO: [Fold 12 | Epoch 011] train_loss=1.1018 train_acc=0.3851 train_f1=0.3761 | val_loss=1.1732 val_acc=0.3429 val_f1=0.2784
[23:44:10] INFO: [Fold 12 | Epoch 012] train_loss=1.1135 train_acc=0.3809 train_f1=0.3744 | val_loss=1.1246 val_acc=0.3403 val_f1=0.3113
[23:44:10] INFO: [Fold 12 | Epoch 013] train_loss=1.0918 train_acc=0.3951 train_f1=0.3820 | val_loss=1.1546 val_acc=0.3546 val_f1=0.2950
[23:44:10] INFO: [Fold 12 | Epoch 014] train_loss=1.1007 train_acc=0.3845 train_f1=0.3708 | val_loss=1.2133 val_acc=0.3611 val_f1=0.2909
[23:44:10] INFO: [Fold 12 | Epoch 015] train_loss=1.1027 train_acc=0.3951 train_f1=0.3856 | val_loss=1.1741 val_acc=0.3377 val_f1=0.2152
[23:44:11] INFO: [Fold 12 | Epoch 016] train_loss=1.1044 train_acc=0.3875 train_f1=0.3776 | val_loss=1.1115 val_acc=0.3520 val_f1=0.3445
[23:44:11] INFO: [Fold 12 | Epoch 017] train_loss=1.0886 train_acc=0.3921 train_f1=0.3844 | val_loss=1.1215 val_acc=0.3364 val_f1=0.3058
[23:44:11] INFO: [Fold 12 | Epoch 018] train_loss=1.0959 train_acc=0.3948 train_f1=0.3809 | val_loss=1.1869 val_acc=0.3455 val_f1=0.2581
[23:44:11] INFO: [Fold 12 | Epoch 019] train_loss=1.0874 train_acc=0.3966 train_f1=0.3862 | val_loss=1.1328 val_acc=0.3299 val_f1=0.3118
[23:44:11] INFO: [Fold 12 | Epoch 020] train_loss=1.1004 train_acc=0.3939 train_f1=0.3841 | val_loss=1.1434 val_acc=0.3520 val_f1=0.3161
[23:44:11] INFO: [Fold 12 | Epoch 021] train_loss=1.0879 train_acc=0.3945 train_f1=0.3874 | val_loss=1.1250 val_acc=0.3494 val_f1=0.2932
[23:44:11] INFO: [Fold 12 | Epoch 022] train_loss=1.0917 train_acc=0.3878 train_f1=0.3775 | val_loss=1.1352 val_acc=0.3585 val_f1=0.3224
[23:44:11] INFO: [Fold 12 | Epoch 023] train_loss=1.0917 train_acc=0.4086 train_f1=0.4009 | val_loss=1.1552 val_acc=0.3390 val_f1=0.3093
[23:44:11] INFO: [Fold 12 | Epoch 024] train_loss=1.0912 train_acc=0.3878 train_f1=0.3827 | val_loss=1.1401 val_acc=0.3716 val_f1=0.3582
[23:44:11] INFO: New best model at epoch 24 with val_macro_f1=0.3582
[23:44:11] INFO: [Fold 12 | Epoch 025] train_loss=1.0909 train_acc=0.4032 train_f1=0.3958 | val_loss=1.1322 val_acc=0.3507 val_f1=0.2833
[23:44:12] INFO: [Fold 12 | Epoch 026] train_loss=1.0769 train_acc=0.4225 train_f1=0.4152 | val_loss=1.1558 val_acc=0.3468 val_f1=0.2964
[23:44:12] INFO: [Fold 12 | Epoch 027] train_loss=1.0806 train_acc=0.4065 train_f1=0.3942 | val_loss=1.1866 val_acc=0.3494 val_f1=0.2868
[23:44:12] INFO: [Fold 12 | Epoch 028] train_loss=1.0769 train_acc=0.4161 train_f1=0.4070 | val_loss=1.1277 val_acc=0.3533 val_f1=0.3460
[23:44:12] INFO: [Fold 12 | Epoch 029] train_loss=1.0779 train_acc=0.4077 train_f1=0.4004 | val_loss=1.1441 val_acc=0.3481 val_f1=0.3302
[23:44:12] INFO: [Fold 12 | Epoch 030] train_loss=1.0768 train_acc=0.4086 train_f1=0.3988 | val_loss=1.1679 val_acc=0.3338 val_f1=0.2997
[23:44:12] INFO: [Fold 12 | Epoch 031] train_loss=1.0808 train_acc=0.4092 train_f1=0.4013 | val_loss=1.1933 val_acc=0.3520 val_f1=0.2918
[23:44:12] INFO: [Fold 12 | Epoch 032] train_loss=1.0784 train_acc=0.4083 train_f1=0.3965 | val_loss=1.1766 val_acc=0.3598 val_f1=0.2992
[23:44:13] INFO: [Fold 12 | Epoch 033] train_loss=1.0871 train_acc=0.4074 train_f1=0.4008 | val_loss=1.1591 val_acc=0.3533 val_f1=0.3045
[23:44:13] INFO: [Fold 12 | Epoch 034] train_loss=1.0777 train_acc=0.4173 train_f1=0.4072 | val_loss=1.1450 val_acc=0.3429 val_f1=0.3352
[23:44:13] INFO: [Fold 12 | Epoch 035] train_loss=1.0801 train_acc=0.4104 train_f1=0.4066 | val_loss=1.2168 val_acc=0.3416 val_f1=0.2337
[23:44:13] INFO: [Fold 12 | Epoch 036] train_loss=1.0826 train_acc=0.4155 train_f1=0.4070 | val_loss=1.1378 val_acc=0.3690 val_f1=0.3480
[23:44:13] INFO: [Fold 12 | Epoch 037] train_loss=1.0776 train_acc=0.4149 train_f1=0.4023 | val_loss=1.1360 val_acc=0.3572 val_f1=0.3445
[23:44:14] INFO: [Fold 12 | Epoch 038] train_loss=1.0644 train_acc=0.4213 train_f1=0.4099 | val_loss=1.1594 val_acc=0.3468 val_f1=0.3027
[23:44:14] INFO: [Fold 12 | Epoch 039] train_loss=1.0705 train_acc=0.4261 train_f1=0.4205 | val_loss=1.1415 val_acc=0.3494 val_f1=0.3197
[23:44:14] INFO: [Fold 12 | Epoch 040] train_loss=1.0779 train_acc=0.4056 train_f1=0.3993 | val_loss=1.1544 val_acc=0.3377 val_f1=0.3222
[23:44:14] INFO: [Fold 12 | Epoch 041] train_loss=1.0665 train_acc=0.4167 train_f1=0.4081 | val_loss=1.2384 val_acc=0.3429 val_f1=0.2774
[23:44:14] INFO: [Fold 12 | Epoch 042] train_loss=1.0708 train_acc=0.4137 train_f1=0.4048 | val_loss=1.1390 val_acc=0.3625 val_f1=0.3474
[23:44:14] INFO: [Fold 12 | Epoch 043] train_loss=1.0801 train_acc=0.4080 train_f1=0.3990 | val_loss=1.1646 val_acc=0.3546 val_f1=0.3097
[23:44:15] INFO: [Fold 12 | Epoch 044] train_loss=1.0648 train_acc=0.4285 train_f1=0.4229 | val_loss=1.1580 val_acc=0.3572 val_f1=0.3254
[23:44:15] INFO: [Fold 12 | Epoch 045] train_loss=1.0705 train_acc=0.4243 train_f1=0.4151 | val_loss=1.1744 val_acc=0.3690 val_f1=0.3292
[23:44:15] INFO: [Fold 12 | Epoch 046] train_loss=1.0689 train_acc=0.4348 train_f1=0.4295 | val_loss=1.1817 val_acc=0.3598 val_f1=0.3126
[23:44:15] INFO: [Fold 12 | Epoch 047] train_loss=1.0651 train_acc=0.4360 train_f1=0.4283 | val_loss=1.1389 val_acc=0.3638 val_f1=0.3407
[23:44:15] INFO: [Fold 12 | Epoch 048] train_loss=1.0705 train_acc=0.4270 train_f1=0.4208 | val_loss=1.1546 val_acc=0.3520 val_f1=0.3281
[23:44:16] INFO: [Fold 12 | Epoch 049] train_loss=1.0630 train_acc=0.4234 train_f1=0.4148 | val_loss=1.1656 val_acc=0.3533 val_f1=0.3068
[23:44:16] INFO: [Fold 12 | Epoch 050] train_loss=1.0841 train_acc=0.4161 train_f1=0.4066 | val_loss=1.2084 val_acc=0.3442 val_f1=0.3068
[23:44:16] INFO: [Fold 12 TEST] subject=ZPH acc=0.3402 bal_acc=0.3283 macro_f1=0.1742
[23:44:16] INFO: ========================================================================================
[23:44:16] INFO: Finished A1 frozen sentiment probe
[23:44:16] INFO: Per-subject results saved to: results/A1_frozen_probe_sentiment/per_subject_results.csv
[23:44:16] INFO: All predictions saved to: results/A1_frozen_probe_sentiment/all_predictions.csv
[23:44:16] INFO: Summary saved to: results/A1_frozen_probe_sentiment/summary.json
[23:44:16] INFO: Final LOSO results | accuracy=0.3406±0.0206 | balanced_accuracy=0.3389±0.0152 | macro_f1=0.2568±0.0476
